progress 0 0 23 456.384
progress 0 5 17 421.496
progress 0 10 12 389.203
progress 0 15 7 353.78
progress 0 20 2 338.801
COMPACT branched_14 count 214 depth 101
branched_14 attempt 0 step 21 count 214 depth 101
branched_14 attempt 0 step 21 count 217 depth 100
COMPACT branched_14 count 211 depth 91
branched_14 attempt 0 step 21 count 211 depth 91
COMPACT branched_14 count 208 depth 93
COMPACT branched_14 count 204 depth 86
branched_14 attempt 0 step 21 count 204 depth 86
COMPACT branched_14 count 197 depth 91
COMPACT branched_14 count 192 depth 92
COMPACT branched_14 count 185 depth 88
branched_14 attempt 0 step 22 count 187 depth 82
COMPACT branched_14 count 180 depth 80
branched_14 attempt 0 step 23 count 180 depth 80
branched_14 attempt 0 step 23 count 193 depth 78
branched_14 attempt 0 step 23 count 208 depth 77
progress 1 0 23 401.257
progress 1 5 17 376.562
progress 1 10 12 355.086
progress 1 15 7 345.188
progress 1 20 3 340.093
progress 2 0 23 226.554
progress 2 5 16 206.923
progress 2 10 12 193.822
progress 2 15 6 179.909
progress 2 20 2 175.706
COMPACT branched_14 count 175 depth 80
branched_14 attempt 2 step 23 count 199 depth 77
COMPACT branched_14 count 173 depth 81
progress 3 0 23 346.495
progress 3 5 18 333.386
progress 3 10 13 312.803
progress 3 15 8 312.008
progress 3 20 3 320.734
progress 4 0 23 254.634
progress 4 5 17 242.871
progress 4 10 12 233.216
progress 4 15 7 230.857
progress 4 20 2 235.965
branched_14 attempt 4 step 23 count 191 depth 76
progress 5 0 23 361.969
progress 5 5 18 347.786
progress 5 10 13 321.775
progress 5 15 8 308.501
progress 5 20 3 307.523
progress 6 0 23 361.575
progress 6 5 17 326.645
progress 6 10 12 292.066
progress 6 15 6 242.092
progress 6 20 1 211.804
progress 7 0 23 388.463
progress 7 5 18 371.683
progress 7 10 13 353.069
progress 7 15 8 327.924
progress 7 20 3 312.509
progress 8 0 23 196.476
progress 8 5 18 184.128
progress 8 10 13 169.964
progress 8 15 8 162.201
progress 8 20 3 154.039
progress 9 0 23 288.738
progress 9 5 17 259.7
progress 9 10 12 234.765
progress 9 15 7 194.092
branched_14 attempt 9 step 20 count 203 depth 74
progress 9 20 2 176.124
branched_14 attempt 9 step 23 count 180 depth 74
COMPACT branched_14 count 171 depth 83
progress 10 0 23 369.76
progress 10 5 18 349.461
progress 10 10 13 318.279
progress 10 15 8 303.618
progress 10 20 3 283.129
progress 11 0 23 239.058
progress 11 5 18 221.146
progress 11 10 13 202.286
progress 11 15 8 171.126
progress 11 20 3 148.202
progress 12 0 23 293.022
progress 12 5 18 274.34
progress 12 10 13 247.44
progress 12 15 8 227.837
progress 12 20 3 210.972
progress 13 0 23 394.77
progress 13 5 18 374.724
progress 13 10 13 341.174
progress 13 15 8 321.667
progress 13 20 3 307.511
progress 14 0 23 526.28
progress 14 5 17 480.026
progress 14 10 12 440.962
progress 14 15 7 396.084
progress 14 20 1 370.78
progress 15 0 23 527.501
progress 15 5 18 487.721
progress 15 10 13 430.522
progress 15 15 8 377.929
progress 15 20 3 316.902
progress 16 0 23 322.445
progress 16 5 17 294.812
progress 16 10 12 271.91
progress 16 15 7 240.963
progress 16 20 1 224.175
progress 17 0 23 337.285
progress 17 5 17 305.443
progress 17 10 12 279.63
progress 17 15 6 236.421
progress 17 20 2 220.113
progress 18 0 23 199.568
progress 18 5 17 189.159
progress 18 10 13 185.232
progress 18 15 8 184.303
progress 18 20 3 186.192
progress 19 0 23 572.402
progress 19 5 17 521.505
progress 19 10 12 474.742
progress 19 15 7 418.019
progress 19 20 1 380.19
progress 20 0 23 295.215
progress 20 5 16 262.063
progress 20 10 12 233.628
progress 20 15 6 197.972
progress 20 20 2 178.89
branched_14 attempt 20 step 22 count 181 depth 70
progress 21 0 23 387.099
progress 21 5 18 364.073
progress 21 10 13 333.556
progress 21 15 8 297.044
progress 21 20 3 266.832
progress 22 0 23 294.859
progress 22 5 18 276.796
progress 22 10 13 260.063
progress 22 15 8 249.017
progress 22 20 3 239.166
progress 23 0 23 169.418
progress 23 5 17 164.465
progress 23 10 13 164.263
progress 23 15 8 168.462
progress 23 20 3 173.788
progress 24 0 23 323.102
progress 24 5 18 312.992
progress 24 10 13 295.652
progress 24 15 8 289.714
progress 24 20 3 290.362
progress 25 0 23 414.11
progress 25 5 17 372.942
progress 25 10 12 332.003
progress 25 15 6 288.997
progress 25 20 1 261.992
progress 26 0 23 254.23
progress 26 5 18 240.32
progress 26 10 13 224.311
progress 26 15 8 201.022
progress 26 20 3 183.36
progress 27 0 23 213.071
progress 27 5 18 205.366
progress 27 10 13 201.451
progress 27 15 8 200.615
progress 27 20 3 203.552
progress 28 0 23 313.168
progress 28 5 18 289.247
progress 28 10 13 258.046
progress 28 15 8 216.563
progress 28 20 3 180.035
progress 29 0 23 295.473
progress 29 5 17 279.351
progress 29 10 12 265.684
progress 29 15 7 257.3
progress 29 20 3 254.431
progress 30 0 23 408.894
progress 30 5 18 370.755
progress 30 10 13 330.077
progress 30 15 8 276.772
progress 30 20 3 232.778
progress 31 0 23 311.497
progress 31 5 17 287.044
progress 31 10 12 265.581
progress 31 15 6 237.608
progress 31 20 1 223.912
progress 32 0 23 397.545
progress 32 5 18 377.501
progress 32 10 13 344.49
progress 32 15 8 319.755
progress 32 20 3 293
progress 33 0 23 347.453
progress 33 5 17 323.354
progress 33 10 12 304.104
progress 33 15 6 276.99
progress 33 20 3 269.878
progress 34 0 23 344.591
progress 34 5 17 326.206
progress 34 10 12 310.821
progress 34 15 7 306.377
progress 34 20 3 319.591
progress 35 0 23 297.236
progress 35 5 17 278.704
progress 35 10 12 258.939
progress 35 15 7 242.27
progress 35 20 2 234.831
progress 36 0 23 258.765
progress 36 5 17 235.394
progress 36 10 12 215.098
progress 36 15 6 196.877
progress 36 20 1 187.714
branched_14 attempt 36 step 23 count 189 depth 69
progress 37 0 23 294.569
progress 37 5 18 286.848
progress 37 10 13 273.545
progress 37 15 8 275.082
progress 37 20 3 273.997
progress 38 0 23 314.373
progress 38 5 17 285.055
progress 38 10 12 260.964
progress 38 15 7 223.276
progress 38 20 2 206.857
progress 39 0 23 331.194
progress 39 5 17 305.178
progress 39 10 12 277.429
progress 39 15 7 247.712
progress 39 20 1 228.936
progress 40 0 23 490.222
progress 40 5 18 448.028
progress 40 10 13 395.952
progress 40 15 8 341.506
progress 40 20 3 292.284
progress 41 0 23 452.428
progress 41 5 17 418.837
progress 41 10 12 388.286
progress 41 15 7 361.129
progress 41 20 2 346.232
progress 42 0 23 317.266
progress 42 5 17 301.821
progress 42 10 13 291.16
progress 42 15 7 289.195
progress 42 20 3 292.533
progress 43 0 23 440.886
progress 43 5 18 424.568
progress 43 10 13 393.332
progress 43 15 8 380.473
progress 43 20 3 364.672
progress 44 0 23 277.29
progress 44 5 18 267.178
progress 44 10 13 259.468
progress 44 15 8 248.637
progress 44 20 3 245.102
progress 45 0 23 333.427
progress 45 5 18 322.799
progress 45 10 13 304.62
progress 45 15 8 300.949
progress 45 20 3 293.09
progress 46 0 23 419.019
progress 46 5 18 398.912
progress 46 10 13 360.885
progress 46 15 8 333.445
progress 46 20 3 295.681
progress 47 0 23 256.202
progress 47 5 18 245.637
progress 47 10 13 236.336
progress 47 15 8 229.508
progress 47 20 3 227.287
progress 48 0 23 482.081
progress 48 5 18 451.662
progress 48 10 13 404.407
progress 48 15 8 369.883
progress 48 20 3 330.728
progress 49 0 23 354.836
progress 49 5 17 334.163
progress 49 10 12 316.252
progress 49 15 7 294.201
progress 49 20 1 289.286
progress 50 0 23 354.694
progress 50 5 18 332.983
progress 50 10 13 307.658
progress 50 15 8 289.39
progress 50 20 3 269.518
progress 51 0 23 390.505
progress 51 5 16 349.788
progress 51 10 12 319.797
progress 51 15 6 272.599
progress 51 20 2 255.647
progress 52 0 23 456.42
progress 52 5 18 419.541
progress 52 10 13 376.688
progress 52 15 8 327.574
progress 52 20 3 284.552
progress 53 0 23 271.007
progress 53 5 17 253.814
progress 53 10 12 243.032
progress 53 15 7 240.203
progress 53 20 3 240.134
progress 54 0 23 424.016
progress 54 5 17 384.566
progress 54 10 12 345.21
progress 54 15 6 312.344
progress 54 20 2 287.858
progress 55 0 23 412.397
progress 55 5 18 384.401
progress 55 10 13 344
progress 55 15 8 300.431
progress 55 20 3 259.766
progress 56 0 23 311.045
progress 56 5 18 305.45
progress 56 10 13 297.344
progress 56 15 8 306.626
progress 56 20 3 320.727
progress 57 0 23 469.98
progress 57 5 18 446.632
progress 57 10 13 416.404
progress 57 15 8 390.03
progress 57 20 3 364.911
progress 58 0 23 417.188
progress 58 5 18 392.822
progress 58 10 13 355.008
progress 58 15 8 330.988
progress 58 20 3 320.392
progress 59 0 23 325.328
progress 59 5 18 316.123
progress 59 10 13 301.506
progress 59 15 8 303.117
progress 59 20 3 316.926
progress 60 0 23 365.741
progress 60 5 18 358.612
progress 60 10 13 340.016
progress 60 15 8 344.325
progress 60 20 3 375.687
progress 61 0 23 426.059
progress 61 5 17 389.232
progress 61 10 12 351.369
progress 61 15 7 317.16
progress 61 20 2 290.466
progress 62 0 23 418.054
progress 62 5 18 399.881
progress 62 10 13 379.094
progress 62 15 8 366.596
progress 62 20 3 352.412
progress 63 0 23 408.303
progress 63 5 17 367.706
progress 63 10 12 332.39
progress 63 15 6 283.87
progress 63 20 0 259.743
progress 64 0 23 449.719
progress 64 5 16 400.143
progress 64 10 12 353.778
progress 64 15 6 298.859
progress 64 20 1 268.472
progress 65 0 23 332.326
progress 65 5 17 302.422
progress 65 10 12 273.504
progress 65 15 6 225.645
progress 65 20 1 200.864
progress 66 0 23 295.165
progress 66 5 18 291.073
progress 66 10 13 282.13
progress 66 15 8 289.892
progress 66 20 3 309.443
progress 67 0 23 434.485
progress 67 5 18 408.75
progress 67 10 13 375.404
progress 67 15 8 352.418
progress 67 20 3 328.281
progress 68 0 23 295.764
progress 68 5 18 282.236
progress 68 10 13 259.969
progress 68 15 8 248.067
progress 68 20 3 231.153
progress 69 0 23 224.396
progress 69 5 17 211.19
progress 69 10 12 202.667
progress 69 15 7 194.906
progress 69 20 3 193.519
progress 70 0 23 490.182
progress 70 5 18 461.514
progress 70 10 13 421.167
progress 70 15 8 395.036
progress 70 20 3 356.671
progress 71 0 23 195.528
progress 71 5 18 190.548
progress 71 10 13 186.623
progress 71 15 8 187.397
progress 71 20 3 187.561
progress 72 0 23 400.336
progress 72 5 18 370.974
progress 72 10 13 338.458
progress 72 15 8 299.304
progress 72 20 3 268.544
progress 73 0 23 317.191
progress 73 5 17 296.982
progress 73 10 12 278.889
progress 73 15 7 267.511
progress 73 20 1 265.935
progress 74 0 23 323.38
progress 74 5 18 308.697
progress 74 10 13 285.901
progress 74 15 8 276.67
progress 74 20 3 261.865
progress 75 0 23 409.062
progress 75 5 18 385.853
progress 75 10 13 352.093
progress 75 15 8 327.867
progress 75 20 3 307.991
progress 76 0 23 435.3
progress 76 5 18 404.311
progress 76 10 13 360.653
progress 76 15 8 331.712
progress 76 20 3 293.581
progress 77 0 23 301.959
progress 77 5 18 281.63
progress 77 10 13 260.441
progress 77 15 8 240.469
progress 77 20 3 223.909
progress 78 0 23 483.848
progress 78 5 18 448.737
progress 78 10 13 405.085
progress 78 15 8 369.724
progress 78 20 3 337.493
progress 79 0 23 229.276
progress 79 5 17 210.522
progress 79 10 12 197.725
progress 79 15 6 183.307
progress 79 20 2 178.685
progress 80 0 23 499.66
progress 80 5 18 476.166
progress 80 10 13 444.515
progress 80 15 8 423.017
progress 80 20 3 396.427
progress 81 0 23 275.232
progress 81 5 18 253.475
progress 81 10 13 232.65
progress 81 15 8 204.882
progress 81 20 3 183.113
progress 82 0 23 327.892
progress 82 5 18 305.788
progress 82 10 13 285.393
progress 82 15 8 254.664
progress 82 20 3 234.528
progress 83 0 23 371.98
progress 83 5 18 351.536
progress 83 10 13 315.349
progress 83 15 8 294.153
progress 83 20 3 269.899
progress 84 0 23 360.501
progress 84 5 18 334.585
progress 84 10 13 310.289
progress 84 15 8 273.037
progress 84 20 3 247.022
progress 85 0 23 619.292
progress 85 5 17 555.769
progress 85 10 12 497.39
progress 85 15 6 434.626
progress 85 20 1 394.706
progress 86 0 23 353.896
progress 86 5 17 326.614
progress 86 10 12 300.854
progress 86 15 7 276.986
progress 86 20 2 263.919
progress 87 0 23 362.17
progress 87 5 18 326.717
progress 87 10 13 284.733
progress 87 15 8 231.68
progress 87 20 3 184.414
progress 88 0 23 167.227
progress 88 5 18 161.767
progress 88 10 13 159.616
progress 88 15 8 162.366
progress 88 20 3 164.982
progress 89 0 23 463.316
progress 89 5 17 421.322
progress 89 10 12 379.472
progress 89 15 6 329.42
progress 89 20 2 296.467
progress 90 0 23 494.26
progress 90 5 18 452.301
progress 90 10 13 406.937
progress 90 15 8 350.563
progress 90 20 3 302.262
progress 91 0 23 250.195
progress 91 5 17 234.216
progress 91 10 12 218.684
progress 91 15 7 205.722
progress 91 20 2 201.891
progress 92 0 23 412.324
progress 92 5 17 389.617
progress 92 10 12 370.986
progress 92 15 8 361.78
progress 92 20 3 370.529
progress 93 0 23 403.276
progress 93 5 18 386.447
progress 93 10 13 355.969
progress 93 15 8 338.217
progress 93 20 3 333.916
progress 94 0 23 282.642
progress 94 5 18 260.149
progress 94 10 13 236.336
progress 94 15 8 209.836
progress 94 20 3 188.025
progress 95 0 23 293.496
progress 95 5 18 274.237
progress 95 10 13 258.456
progress 95 15 8 234.624
progress 95 20 3 221.058
progress 96 0 23 354.432
progress 96 5 16 312.965
progress 96 10 12 286.25
progress 96 15 5 240.777
progress 96 20 0 227.727
progress 97 0 23 496.581
progress 97 5 18 476.059
progress 97 10 13 440.149
progress 97 15 8 423.446
progress 97 20 3 395.864
progress 98 0 23 228.85
progress 98 5 17 218.654
progress 98 10 12 212.866
progress 98 15 7 211.428
progress 98 20 3 213.011
progress 99 0 23 317.111
progress 99 5 17 300.495
progress 99 10 12 285.137
progress 99 15 8 275.421
progress 99 20 2 278.028
progress 100 0 23 288.601
progress 100 5 18 273.385
progress 100 10 13 250.455
progress 100 15 8 239.005
progress 100 20 3 225.185
progress 101 0 23 354.672
progress 101 5 18 329.883
progress 101 10 13 298.984
progress 101 15 8 266.023
progress 101 20 3 235.376
progress 102 0 23 270.502
progress 102 5 18 262.86
progress 102 10 13 253.938
progress 102 15 8 249.667
progress 102 20 3 248.302
progress 103 0 23 309.251
progress 103 5 18 293.123
progress 103 10 13 275.513
progress 103 15 7 261.742
progress 103 20 3 259.143
progress 104 0 23 324.051
progress 104 5 18 294.146
progress 104 10 13 263.225
progress 104 15 8 220.797
progress 104 20 3 187.671
progress 105 0 23 288.907
progress 105 5 17 265.951
progress 105 10 12 247.46
progress 105 15 6 225.488
progress 105 20 2 217.624
progress 106 0 23 443.541
progress 106 5 17 412.266
progress 106 10 12 386.366
progress 106 15 6 364.783
progress 106 20 2 355.47
progress 107 0 23 336.55
progress 107 5 18 317.275
progress 107 10 12 301.276
progress 107 15 7 291.115
progress 107 20 3 295.393
progress 108 0 23 435.715
progress 108 5 17 390.452
progress 108 10 12 347.545
progress 108 15 6 285.75
progress 108 20 0 246.938
progress 109 0 23 263.802
progress 109 5 18 241.986
progress 109 10 13 222.428
progress 109 15 8 196.584
progress 109 20 3 178.002
progress 110 0 23 339.641
progress 110 5 16 298.937
progress 110 10 12 263.869
progress 110 15 5 210.45
progress 110 20 0 184.456
progress 111 0 23 272.453
progress 111 5 18 253.877
progress 111 10 13 239.16
progress 111 15 8 221.313
progress 111 20 3 208.776
progress 112 0 23 228.471
progress 112 5 16 203.699
progress 112 10 12 182.737
progress 112 15 6 149.04
progress 112 20 1 132.756
progress 113 0 23 484.644
progress 113 5 17 433.755
progress 113 10 12 389.058
progress 113 15 6 330.119
progress 113 20 0 293.622
progress 114 0 23 349.158
progress 114 5 16 307.275
progress 114 10 12 277.139
progress 114 15 4 235.23
progress 114 20 2 217.589
progress 115 0 23 438.578
progress 115 5 18 413.571
progress 115 10 13 383.508
progress 115 15 8 364.485
progress 115 20 3 340.369
progress 116 0 23 320.626
progress 116 5 18 300.803
progress 116 10 13 275.199
progress 116 15 8 252.282
progress 116 20 3 233.154
progress 117 0 23 360.635
progress 117 5 18 339.792
progress 117 10 13 315.752
progress 117 15 8 291.435
progress 117 20 3 272.085
progress 118 0 23 203.699
progress 118 5 17 189.904
progress 118 10 12 175.629
progress 118 15 7 158.693
progress 118 20 2 156.149
progress 119 0 23 212.908
progress 119 5 18 203.749
progress 119 10 13 201.109
progress 119 15 8 203.022
progress 119 20 3 207.775
progress 120 0 23 262.842
progress 120 5 16 233.161
progress 120 10 12 208.023
progress 120 15 4 171.974
branched_14 attempt 120 step 20 count 189 depth 68
progress 120 20 0 153.578
progress 121 0 23 286.763
progress 121 5 18 265.028
progress 121 10 13 238.07
progress 121 15 8 200.18
progress 121 20 3 168.734
progress 122 0 23 300.357
progress 122 5 17 270.693
progress 122 10 12 242.287
progress 122 15 7 207.797
progress 122 20 2 187.884
COMPACT branched_14 count 170 depth 82
progress 123 0 23 270.798
progress 123 5 18 256.63
progress 123 10 13 238.961
progress 123 15 8 218.093
progress 123 20 3 199.961
progress 124 0 23 408.597
progress 124 5 17 374.56
progress 124 10 12 338.049
progress 124 15 7 303.521
progress 124 20 2 283.463
progress 125 0 23 491.211
progress 125 5 17 448.498
progress 125 10 12 406.16
progress 125 15 6 363.993
progress 125 20 2 332.806
progress 126 0 23 283.639
progress 126 5 18 273.116
progress 126 10 13 255.401
progress 126 15 8 252.127
progress 126 20 3 243.864
progress 127 0 23 517.655
progress 127 5 16 461.097
progress 127 10 12 412.32
progress 127 15 6 349.497
progress 127 20 0 311.55
progress 128 0 23 321.815
progress 128 5 17 295.165
progress 128 10 12 268.498
progress 128 15 7 245.949
progress 128 20 2 237.148
progress 129 0 23 365.485
progress 129 5 17 339.936
progress 129 10 12 317.24
progress 129 15 8 310.419
progress 129 20 2 318.515
progress 130 0 23 442.447
progress 130 5 17 403.441
progress 130 10 12 363.131
progress 130 15 6 322.634
progress 130 20 2 291.352
progress 131 0 23 446.093
progress 131 5 17 421.633
progress 131 10 12 399.825
progress 131 15 7 387.342
progress 131 20 3 386.013
progress 132 0 23 410.453
progress 132 5 18 382.337
progress 132 10 13 341.894
progress 132 15 8 312.407
progress 132 20 3 275.176
progress 133 0 23 248.157
progress 133 5 18 244.029
progress 133 10 13 239.475
progress 133 15 8 248.842
progress 133 20 3 262.304
progress 134 0 23 292.002
progress 134 5 18 278.133
progress 134 10 13 263.108
progress 134 15 8 245.061
progress 134 20 3 233.905
progress 135 0 23 287.194
progress 135 5 17 262.476
progress 135 10 12 239.8
progress 135 15 7 201.4
progress 135 20 2 185.23
progress 136 0 23 516.185
progress 136 5 18 486.823
progress 136 10 13 446.101
progress 136 15 8 421.689
progress 136 20 3 404.928
progress 137 0 23 367.148
progress 137 5 18 354.25
progress 137 10 13 332.037
progress 137 15 8 326.355
progress 137 20 3 342.905
progress 138 0 23 371.485
progress 138 5 18 361.468
progress 138 10 13 343.052
progress 138 15 8 346.724
progress 138 20 3 351.987
progress 139 0 23 439.049
progress 139 5 17 395.235
progress 139 10 12 349.425
progress 139 15 7 305.61
progress 139 20 2 275.109
progress 140 0 23 258.922
progress 140 5 18 249.216
progress 140 10 13 236.41
progress 140 15 8 234.399
progress 140 20 3 235.16
progress 141 0 23 459.045
progress 141 5 17 424.301
progress 141 10 12 384.458
progress 141 15 7 357.027
progress 141 20 1 338.924
progress 142 0 23 147.081
progress 142 5 18 143.677
progress 142 10 13 141.099
progress 142 15 8 143.786
progress 142 20 3 146.102
progress 143 0 23 304.665
progress 143 5 18 283.997
progress 143 10 13 263.403
progress 143 15 8 233.282
progress 143 20 3 213.068
progress 144 0 23 383.663
progress 144 5 17 343.153
progress 144 10 12 303.397
progress 144 15 7 249.412
progress 144 20 2 220.653
progress 145 0 23 322.167
progress 145 5 17 302.568
progress 145 10 12 287.454
progress 145 15 7 279.967
progress 145 20 3 275.048
progress 146 0 23 398.794
progress 146 5 18 371.186
progress 146 10 12 348.636
progress 146 15 7 334.52
progress 146 20 3 344.154
progress 147 0 23 409.249
progress 147 5 18 371.298
progress 147 10 13 331.506
progress 147 15 8 267.668
progress 147 20 3 217.342
progress 148 0 23 308.759
progress 148 5 16 272.189
progress 148 10 12 244.221
progress 148 15 5 196.082
progress 148 20 0 180.117
progress 149 0 23 302.827
progress 149 5 18 277.221
progress 149 10 13 249.28
progress 149 15 8 218.4
progress 149 20 3 194.433
progress 150 0 23 396.502
progress 150 5 17 368.399
progress 150 10 12 335.241
progress 150 15 7 312.055
progress 150 20 1 298.635
progress 151 0 23 245.785
progress 151 5 17 235.303
progress 151 10 12 230.591
progress 151 15 7 224.704
progress 151 20 3 228.698
progress 152 0 23 344.389
progress 152 5 16 295.665
progress 152 10 12 258.257
progress 152 15 4 193.738
progress 152 20 0 160.015
progress 153 0 23 412.916
progress 153 5 18 393.437
progress 153 10 13 363.407
progress 153 15 8 349.865
progress 153 20 3 350.042
progress 154 0 23 553.387
progress 154 5 18 521.829
progress 154 10 13 480.969
progress 154 15 8 450.953
progress 154 20 3 415.178
progress 155 0 23 248.312
progress 155 5 17 238.206
progress 155 10 13 234.847
progress 155 15 7 238.823
progress 155 20 3 244.15
progress 156 0 23 401.428
progress 156 5 17 377.164
progress 156 10 12 350.883
progress 156 15 7 333.173
progress 156 20 2 325.735
progress 157 0 23 241.426
progress 157 5 17 224.795
progress 157 10 12 208.548
progress 157 15 7 188.742
progress 157 20 0 183.884
progress 158 0 23 418.273
progress 158 5 17 379.471
progress 158 10 12 340.533
progress 158 15 6 293.575
progress 158 20 0 263.463
progress 159 0 23 398.384
progress 159 5 18 385.54
progress 159 10 13 361.962
progress 159 15 8 359.648
progress 159 20 3 351.968
progress 160 0 23 375.313
progress 160 5 18 352.751
progress 160 10 13 325.25
progress 160 15 8 307.746
progress 160 20 3 286.283
progress 161 0 23 340.996
progress 161 5 16 298.854
progress 161 10 12 266.545
progress 161 15 6 219.132
progress 161 20 2 194.945
progress 162 0 23 437.986
progress 162 5 17 402.128
progress 162 10 12 368.66
progress 162 15 6 324.316
progress 162 20 1 306.277
progress 163 0 23 252.956
progress 163 5 18 236.638
progress 163 10 13 219.665
progress 163 15 8 201.656
progress 163 20 3 188.096
progress 164 0 23 314.435
progress 164 5 18 300.982
progress 164 10 13 283.177
progress 164 15 8 278.128
progress 164 20 3 286.763
progress 165 0 23 394.478
progress 165 5 18 384.978
progress 165 10 13 368.032
progress 165 15 8 368.538
progress 165 20 3 377.249
progress 166 0 23 385.645
progress 166 5 16 334.167
progress 166 10 12 291.465
progress 166 15 4 222.793
progress 166 20 0 185.233
progress 167 0 23 226.085
progress 167 5 17 209.212
progress 167 10 12 196.588
progress 167 15 7 178.466
progress 167 20 3 174.764
progress 168 0 23 295.272
progress 168 5 18 279.464
progress 168 10 13 255.243
progress 168 15 8 236.662
progress 168 20 3 216.797
progress 169 0 23 302.794
progress 169 5 18 287.714
progress 169 10 13 265.677
progress 169 15 8 245.731
progress 169 20 3 225.279
progress 170 0 23 249.694
progress 170 5 18 244.659
progress 170 10 13 235.197
progress 170 15 8 238.964
progress 170 20 3 252.866
progress 171 0 23 178.549
progress 171 5 17 167.314
progress 171 10 12 157.278
progress 171 15 7 152.871
progress 171 20 3 151.458
progress 172 0 23 462.089
progress 172 5 16 404.161
progress 172 10 12 355.911
progress 172 15 4 289.522
progress 172 20 0 256.602
progress 173 0 23 412.842
progress 173 5 17 374.935
progress 173 10 12 339.104
progress 173 15 6 286.474
progress 173 20 1 250.188
progress 174 0 23 387.462
progress 174 5 18 376.538
progress 174 10 13 355.604
progress 174 15 8 355.919
progress 174 20 3 371.074
progress 175 0 23 222.692
progress 175 5 17 209.233
progress 175 10 12 197.681
progress 175 15 7 192.587
progress 175 20 3 190.074
progress 176 0 23 310.519
progress 176 5 16 281.636
progress 176 10 12 260.948
progress 176 15 6 231.212
progress 176 20 2 221.809
progress 177 0 23 248.837
progress 177 5 18 236.827
progress 177 10 13 224.08
progress 177 15 8 221.349
progress 177 20 3 216.995
progress 178 0 23 419.253
progress 178 5 18 399.24
progress 178 10 13 368.849
progress 178 15 8 347.292
progress 178 20 3 314.458
progress 179 0 23 292.56
progress 179 5 16 263.215
progress 179 10 12 242.82
progress 179 15 6 213.672
progress 179 20 2 204.585
progress 180 0 23 196.812
progress 180 5 18 191.501
progress 180 10 13 187.46
progress 180 15 8 187.457
progress 180 20 3 190.835
progress 181 0 23 390.785
progress 181 5 17 361.782
progress 181 10 12 333.664
progress 181 15 7 301.978
progress 181 20 1 281.12
progress 182 0 23 499.731
progress 182 5 18 470.5
progress 182 10 13 431.98
progress 182 15 8 390.726
progress 182 20 3 347.929
progress 183 0 23 453.849
progress 183 5 17 414.555
progress 183 10 12 376.615
progress 183 15 7 349.984
progress 183 20 1 332.177
progress 184 0 23 413.878
progress 184 5 18 394.757
progress 184 10 13 360.7
progress 184 15 8 344.246
progress 184 20 3 331.722
progress 185 0 23 363.296
progress 185 5 16 327.502
progress 185 10 12 300.022
progress 185 15 7 261.507
progress 185 20 1 244.619
progress 186 0 23 450.229
progress 186 5 17 422.982
progress 186 10 12 391.053
progress 186 15 7 370.533
progress 186 20 2 362.166
progress 187 0 23 414.688
progress 187 5 17 377.765
progress 187 10 12 340.509
progress 187 15 7 285.131
progress 187 20 1 249.911
progress 188 0 23 431.837
progress 188 5 17 385.084
progress 188 10 12 336.313
progress 188 15 7 288.157
progress 188 20 1 252.403
progress 189 0 23 349.22
progress 189 5 16 304.836
progress 189 10 12 273.119
progress 189 15 5 214.736
progress 189 20 0 190.652
progress 190 0 23 430.765
progress 190 5 17 405.97
progress 190 10 12 381.514
progress 190 15 7 366.634
progress 190 20 3 368.759
progress 191 0 23 298.807
progress 191 5 17 284.69
progress 191 10 12 272.821
progress 191 15 7 274.756
progress 191 20 3 276.256
progress 192 0 23 185.484
progress 192 5 18 179.986
progress 192 10 13 174.619
progress 192 15 8 179.539
progress 192 20 3 182.344
progress 193 0 23 333.057
progress 193 5 18 319.383
progress 193 10 13 310.214
progress 193 15 8 314.463
progress 193 20 3 330.293
progress 194 0 23 377.58
progress 194 5 17 352.081
progress 194 10 12 326.6
progress 194 15 7 317.235
progress 194 20 2 320.344
progress 195 0 23 556.188
progress 195 5 18 520.528
progress 195 10 13 474.475
progress 195 15 8 438.212
progress 195 20 3 390.531
progress 196 0 23 268.339
progress 196 5 18 258.252
progress 196 10 13 245.494
progress 196 15 8 246.621
progress 196 20 3 255.7
progress 197 0 23 263.231
progress 197 5 17 248.514
progress 197 10 12 239.85
progress 197 15 7 230.398
progress 197 20 3 234.213
progress 198 0 23 366.576
progress 198 5 18 346.023
progress 198 10 13 324.182
progress 198 15 8 296.62
progress 198 20 3 275.74
progress 199 0 23 232.905
progress 199 5 17 218.121
progress 199 10 12 209.686
progress 199 15 7 202.643
progress 199 20 3 199.958
progress 200 0 23 231.153
progress 200 5 18 218.96
progress 200 10 13 205.414
progress 200 15 8 199.885
progress 200 20 3 190.256
progress 201 0 23 244.74
progress 201 5 18 238.072
progress 201 10 13 227.287
progress 201 15 8 232.201
progress 201 20 3 235.837
progress 202 0 23 479.615
progress 202 5 17 424.285
progress 202 10 12 374.683
progress 202 15 6 308.47
progress 202 20 0 267.106
progress 203 0 23 357.667
progress 203 5 18 327.196
progress 203 10 13 293.414
progress 203 15 8 256.8
progress 203 20 3 224.289
progress 204 0 23 364.714
progress 204 5 17 331.184
progress 204 10 12 299.926
progress 204 15 7 269.526
progress 204 20 2 252.57
progress 205 0 23 413.912
progress 205 5 16 352.131
progress 205 10 11 302.506
progress 205 15 4 219.906
progress 205 20 0 172.099
progress 206 0 23 327.889
progress 206 5 18 319.204
progress 206 10 13 305.76
progress 206 15 8 308.505
progress 206 20 3 322.822
progress 207 0 23 259.715
progress 207 5 17 251.292
progress 207 10 13 247.449
progress 207 15 8 254.616
progress 207 20 3 260.481
progress 208 0 23 264.08
progress 208 5 17 247.298
progress 208 10 12 237.426
progress 208 15 7 219.703
progress 208 20 3 216.444
progress 209 0 23 345.678
progress 209 5 17 323.459
progress 209 10 12 303.445
progress 209 15 7 290.826
progress 209 20 3 296.281
progress 210 0 23 355.021
progress 210 5 17 321.28
progress 210 10 12 287.705
progress 210 15 6 258.595
progress 210 20 1 240.72
progress 211 0 23 462.845
progress 211 5 17 421.356
progress 211 10 12 381.66
progress 211 15 6 339.042
progress 211 20 1 317.902
progress 212 0 23 356.177
progress 212 5 18 336.973
progress 212 10 13 307.089
progress 212 15 8 294.867
progress 212 20 3 281.612
progress 213 0 23 387.465
progress 213 5 16 331.063
progress 213 10 12 285.944
progress 213 15 4 211.418
progress 213 20 0 171.684
progress 214 0 23 544.335
progress 214 5 17 488.816
progress 214 10 12 437.003
progress 214 15 6 375.207
progress 214 20 1 339.421
progress 215 0 23 328.516
progress 215 5 18 310.62
progress 215 10 13 286.736
progress 215 15 8 265.117
progress 215 20 3 242.9
progress 216 0 23 383.719
progress 216 5 17 354.4
progress 216 10 12 323.736
progress 216 15 7 293.58
progress 216 20 2 275.492
progress 217 0 23 306.649
progress 217 5 18 294.634
progress 217 10 13 282.073
progress 217 15 8 268.872
progress 217 20 3 258.868
progress 218 0 23 445.592
progress 218 5 17 404.151
progress 218 10 12 364.941
progress 218 15 6 325.914
progress 218 20 1 300.844
progress 219 0 23 233.393
progress 219 5 17 220.807
progress 219 10 12 209.656
progress 219 15 7 204.049
progress 219 20 3 202.09
progress 220 0 23 369.651
progress 220 5 18 334.615
progress 220 10 13 296.863
progress 220 15 8 245.461
progress 220 20 3 202.023
progress 221 0 23 490.662
progress 221 5 18 463.894
progress 221 10 13 425.632
progress 221 15 8 395.033
progress 221 20 3 355.086
progress 222 0 23 242.934
progress 222 5 18 232.622
progress 222 10 13 221.513
progress 222 15 8 214.327
progress 222 20 3 209.995
progress 223 0 23 454.435
progress 223 5 18 425.453
progress 223 10 13 384.928
progress 223 15 8 346.509
progress 223 20 3 305.834
progress 224 0 23 442.372
progress 224 5 17 408.118
progress 224 10 12 377.199
progress 224 15 7 351.385
progress 224 20 3 338.475
progress 225 0 23 465.966
progress 225 5 17 424.991
progress 225 10 12 388.818
progress 225 15 7 347.959
progress 225 20 1 326.869
progress 226 0 23 357.242
progress 226 5 18 343.762
progress 226 10 13 328.483
progress 226 15 8 322.863
progress 226 20 3 313.885
progress 227 0 23 282.354
progress 227 5 17 258.959
progress 227 10 12 238.671
progress 227 15 6 210.685
progress 227 20 2 200.187
progress 228 0 23 453.181
progress 228 5 17 409.232
progress 228 10 12 363.758
progress 228 15 5 304.463
progress 228 20 1 262.759
progress 229 0 23 577.756
progress 229 5 18 528.157
progress 229 10 13 463.697
progress 229 15 8 399.958
progress 229 20 3 332.887
progress 230 0 23 249.065
progress 230 5 18 240.282
progress 230 10 13 224.719
progress 230 15 8 217.19
progress 230 20 3 214.5
progress 231 0 23 257.983
progress 231 5 17 241.754
progress 231 10 12 227.593
progress 231 15 7 218.986
progress 231 20 3 214.712
progress 232 0 23 431.621
progress 232 5 17 401.33
progress 232 10 12 373.458
progress 232 15 7 350.902
progress 232 20 1 342.307
progress 233 0 23 485.054
progress 233 5 17 438.058
progress 233 10 12 392.325
progress 233 15 6 328.035
progress 233 20 1 287.329
progress 234 0 23 469.03
progress 234 5 17 427.309
progress 234 10 12 381.541
progress 234 15 7 342.666
progress 234 20 1 312.019
progress 235 0 23 236.113
progress 235 5 17 228.648
progress 235 10 12 224.439
progress 235 15 7 228.09
progress 235 20 3 234.598
progress 236 0 23 564.599
progress 236 5 18 519.8
progress 236 10 13 463.717
progress 236 15 8 406.087
progress 236 20 3 342.871
progress 237 0 23 369.277
progress 237 5 17 350.479
progress 237 10 12 334.96
progress 237 15 7 328.947
progress 237 20 3 338.392
progress 238 0 23 418.655
progress 238 5 17 375.357
progress 238 10 12 331.867
progress 238 15 5 280.204
progress 238 20 1 240.881
progress 239 0 23 490.41
progress 239 5 18 457.941
progress 239 10 13 421.998
progress 239 15 8 387.839
progress 239 20 3 352.958
progress 240 0 23 171.654
progress 240 5 18 167.022
progress 240 10 13 161.991
progress 240 15 8 165.932
progress 240 20 3 168.139
progress 241 0 23 177.477
progress 241 5 18 175.547
progress 241 10 13 178.87
progress 241 15 8 188.839
progress 241 20 3 198.478
progress 242 0 23 489.995
progress 242 5 17 448.52
progress 242 10 12 410.091
progress 242 15 6 356.507
progress 242 20 2 329.497
progress 243 0 23 438.875
progress 243 5 18 422.098
progress 243 10 13 392.858
progress 243 15 8 376.006
progress 243 20 3 357.65
progress 244 0 23 325.481
progress 244 5 16 287.778
progress 244 10 12 256.608
progress 244 15 6 204.614
progress 244 20 1 178.987
progress 245 0 23 382.742
progress 245 5 18 365.626
progress 245 10 13 339.838
progress 245 15 8 329.045
progress 245 20 3 319.07
progress 246 0 23 419.178
progress 246 5 18 401.953
progress 246 10 13 371.97
progress 246 15 8 360.784
progress 246 20 3 368.76
progress 247 0 23 579.663
progress 247 5 17 518.119
progress 247 10 12 458.968
progress 247 15 6 377.791
progress 247 20 1 312.255
progress 248 0 23 221.031
progress 248 5 18 209.195
progress 248 10 13 200.311
progress 248 15 8 195.807
progress 248 20 3 190.867
progress 249 0 23 363.004
progress 249 5 17 324.356
progress 249 10 12 285.083
progress 249 15 7 244.735
progress 249 20 1 219.694
progress 250 0 23 548.251
progress 250 5 18 516.825
progress 250 10 13 477.108
progress 250 15 8 447.833
progress 250 20 3 410.87
progress 251 0 23 349.721
progress 251 5 17 313.274
progress 251 10 12 280.915
progress 251 15 6 228.441
progress 251 20 1 202.143
progress 252 0 23 353.037
progress 252 5 18 344.9
progress 252 10 13 327.666
progress 252 15 8 331.708
progress 252 20 3 333.401
progress 253 0 23 605.083
progress 253 5 18 561.664
progress 253 10 13 507.73
progress 253 15 8 464.079
progress 253 20 3 410.431
progress 254 0 23 432.944
progress 254 5 18 397.835
progress 254 10 13 359.187
progress 254 15 8 312.749
progress 254 20 3 273.909
progress 255 0 23 307.36
progress 255 5 18 286.021
progress 255 10 13 256.726
progress 255 15 8 213.903
progress 255 20 3 178.64
progress 256 0 23 325.498
progress 256 5 17 299.904
progress 256 10 12 283.178
progress 256 15 6 265.615
progress 256 20 2 263.223
progress 257 0 23 459.704
progress 257 5 17 422.677
progress 257 10 12 391.418
progress 257 15 7 358.807
progress 257 20 2 339.685
progress 258 0 23 567.797
progress 258 5 18 525.986
progress 258 10 13 468.258
progress 258 15 8 416.671
progress 258 20 3 361.363
progress 259 0 23 372.601
progress 259 5 17 344.298
progress 259 10 12 317.209
progress 259 15 7 296.634
progress 259 20 2 293.82
progress 260 0 23 543.733
progress 260 5 17 493.606
progress 260 10 12 444.923
progress 260 15 6 385.952
progress 260 20 1 338.764
progress 261 0 23 346.974
progress 261 5 18 332.292
progress 261 10 13 308.765
progress 261 15 8 302.516
progress 261 20 3 314.52
progress 262 0 23 399.733
progress 262 5 18 388.082
progress 262 10 13 371.53
progress 262 15 8 375.361
progress 262 20 3 386.663
progress 263 0 23 345.611
progress 263 5 18 329.611
progress 263 10 13 302.188
progress 263 15 8 279.861
progress 263 20 3 256.94
progress 264 0 23 345.066
progress 264 5 17 325.362
progress 264 10 12 309.095
progress 264 15 7 299.738
progress 264 20 3 295.818
progress 265 0 23 276.517
progress 265 5 18 258.533
progress 265 10 13 244.523
progress 265 15 8 228.597
progress 265 20 3 217.666
progress 266 0 23 556.352
progress 266 5 18 517.657
progress 266 10 13 457.682
progress 266 15 8 409.524
progress 266 20 3 346.614
progress 267 0 23 303.334
progress 267 5 17 275.125
progress 267 10 12 249.97
progress 267 15 7 209.063
progress 267 20 2 193.094
progress 268 0 23 460.328
progress 268 5 17 411.438
progress 268 10 12 360.747
progress 268 15 7 294.713
progress 268 20 1 254.656
progress 269 0 23 426.934
progress 269 5 18 405.156
progress 269 10 13 370.314
progress 269 15 8 346.328
progress 269 20 3 318.431
progress 270 0 23 199.777
progress 270 5 17 186.067
progress 270 10 12 180.129
progress 270 15 6 175.917
progress 270 20 3 175.616
progress 271 0 23 214.214
progress 271 5 17 207.601
progress 271 10 13 207.647
progress 271 15 8 219.913
progress 271 20 3 229.637
progress 272 0 23 411.99
progress 272 5 18 374.603
progress 272 10 13 336.1
progress 272 15 8 289.332
progress 272 20 3 252.325
progress 273 0 23 364.24
progress 273 5 17 332.857
progress 273 10 12 304.556
progress 273 15 6 261.153
progress 273 20 1 238.878
progress 274 0 23 353.072
progress 274 5 18 330.276
progress 274 10 12 309.151
progress 274 15 7 289.145
progress 274 20 2 283.921
progress 275 0 23 498.664
progress 275 5 17 449.194
progress 275 10 12 395.497
progress 275 15 5 335.214
progress 275 20 1 291.408
progress 276 0 23 331.648
progress 276 5 17 303.729
progress 276 10 12 276.271
progress 276 15 7 247.824
progress 276 20 2 225.605
progress 277 0 23 420.186
progress 277 5 18 384.365
progress 277 10 13 337.175
progress 277 15 8 291.747
progress 277 20 3 246.82
progress 278 0 23 440.572
progress 278 5 17 415.338
progress 278 10 12 390.412
progress 278 15 7 372.646
progress 278 20 3 377.026
progress 279 0 23 583.191
progress 279 5 18 542.124
progress 279 10 13 484.155
progress 279 15 8 441.88
progress 279 20 3 389.459
progress 280 0 23 334.748
progress 280 5 16 291.658
progress 280 10 12 256.929
progress 280 15 4 198.332
progress 280 20 0 173.649
progress 281 0 23 412.343
progress 281 5 18 397.807
progress 281 10 13 376.955
progress 281 15 8 370.412
progress 281 20 3 370.68
progress 282 0 23 326.842
progress 282 5 17 302.176
progress 282 10 12 276.551
progress 282 15 7 259.034
progress 282 20 2 256.435
progress 283 0 23 367.727
progress 283 5 17 331.865
progress 283 10 12 293.933
progress 283 15 7 260.655
progress 283 20 2 238.459
progress 284 0 23 259.07
progress 284 5 17 236.388
progress 284 10 12 215.429
progress 284 15 7 201.312
progress 284 20 2 193.504
COMPACT branched_14 count 168 depth 73
progress 285 0 23 183.793
progress 285 5 17 176.881
progress 285 10 13 177.348
progress 285 15 8 184.679
progress 285 20 3 191.168
progress 286 0 23 352.64
progress 286 5 17 323.221
progress 286 10 12 296.377
progress 286 15 7 267.741
progress 286 20 1 250.828
progress 287 0 23 270.58
progress 287 5 18 255.8
progress 287 10 13 239.967
progress 287 15 8 224.813
progress 287 20 3 214.912
progress 288 0 23 287.602
progress 288 5 16 258.82
progress 288 10 12 241.794
progress 288 15 5 214.448
progress 288 20 2 206.524
progress 289 0 23 421.19
progress 289 5 17 382.073
progress 289 10 12 348.886
progress 289 15 6 310.041
progress 289 20 1 285.954
progress 290 0 23 504.16
progress 290 5 18 467.419
progress 290 10 13 420.58
progress 290 15 8 380.907
progress 290 20 3 339.543
progress 291 0 23 374.898
progress 291 5 17 340.624
progress 291 10 12 310.15
progress 291 15 6 268.862
progress 291 20 2 249.789
progress 292 0 23 280.95
progress 292 5 18 264.324
progress 292 10 13 245.465
progress 292 15 8 218.79
progress 292 20 3 199.677
progress 293 0 23 305.663
progress 293 5 17 291.621
progress 293 10 12 282.036
progress 293 15 7 283.186
progress 293 20 3 283.851
progress 294 0 23 286.394
progress 294 5 18 278.586
progress 294 10 13 263.764
progress 294 15 8 265.339
progress 294 20 3 259.799
progress 295 0 23 366.518
progress 295 5 18 341.281
progress 295 10 13 307.146
progress 295 15 8 261.068
progress 295 20 3 221.548
progress 296 0 23 432.168
progress 296 5 18 404.972
progress 296 10 13 370.333
progress 296 15 8 339.397
progress 296 20 3 307.809
progress 297 0 23 438.619
progress 297 5 16 387.118
progress 297 10 12 340.11
progress 297 15 7 281.995
progress 297 20 1 246.914
progress 298 0 23 376.245
progress 298 5 17 345.681
progress 298 10 12 313.391
progress 298 15 7 276.839
progress 298 20 0 255.823
progress 299 0 23 332.231
progress 299 5 18 314.513
progress 299 10 13 296.561
progress 299 15 8 288.624
progress 299 20 3 279.468
progress 300 0 23 362.03
progress 300 5 18 342.86
progress 300 10 13 321.209
progress 300 15 8 300.489
progress 300 20 3 283.058
progress 301 0 23 345.289
progress 301 5 17 312.671
progress 301 10 12 285.172
progress 301 15 7 244.255
progress 301 20 1 225.418
progress 302 0 23 346.252
progress 302 5 18 324.977
progress 302 10 12 304.939
progress 302 15 7 292.43
progress 302 20 3 285.959
progress 303 0 23 398.509
progress 303 5 18 385.114
progress 303 10 13 366.118
progress 303 15 8 362.259
progress 303 20 3 364.779
progress 304 0 23 346.291
progress 304 5 18 324.647
progress 304 10 13 296.273
progress 304 15 8 258.759
progress 304 20 3 226.202
progress 305 0 23 530.544
progress 305 5 17 479.734
progress 305 10 12 430.986
progress 305 15 7 380.091
progress 305 20 1 343.321
progress 306 0 23 426.338
progress 306 5 17 392.665
progress 306 10 12 363.826
progress 306 15 6 332.176
progress 306 20 2 319.907
progress 307 0 23 446.437
progress 307 5 17 404.973
progress 307 10 12 364.763
progress 307 15 6 319.182
progress 307 20 1 288.996
progress 308 0 23 276.881
progress 308 5 18 268.935
progress 308 10 13 259.894
progress 308 15 8 263.606
progress 308 20 3 268.698
progress 309 0 23 282.347
progress 309 5 17 269.369
progress 309 10 12 257.782
progress 309 15 7 252.517
progress 309 20 3 254.058
progress 310 0 23 347.491
progress 310 5 18 320.498
progress 310 10 13 288.167
progress 310 15 8 256.385
progress 310 20 3 226.103
progress 311 0 23 251.23
progress 311 5 18 246.084
progress 311 10 13 241.569
progress 311 15 8 252.309
progress 311 20 3 258.65
progress 312 0 23 402.064
progress 312 5 17 367.562
progress 312 10 12 326.951
progress 312 15 7 292.238
progress 312 20 1 267.895
progress 313 0 23 395.422
progress 313 5 17 357.847
progress 313 10 12 319.629
progress 313 15 6 284.631
progress 313 20 1 264.235
progress 314 0 23 432.126
progress 314 5 16 385.364
progress 314 10 12 344.049
progress 314 15 6 285.28
progress 314 20 0 252.411
progress 315 0 23 320.311
progress 315 5 17 299.73
progress 315 10 12 282.261
progress 315 15 7 275.673
progress 315 20 3 271.173
progress 316 0 23 409.354
progress 316 5 18 393.019
progress 316 10 13 370.266
progress 316 15 8 363.846
progress 316 20 3 349
progress 317 0 23 347.508
progress 317 5 17 315.222
progress 317 10 12 288.475
progress 317 15 6 252.489
progress 317 20 1 230.405
progress 318 0 23 320.546
progress 318 5 17 292.022
progress 318 10 12 264.527
progress 318 15 7 229.495
progress 318 20 1 213.725
progress 319 0 23 439.81
progress 319 5 18 399.501
progress 319 10 13 357.283
progress 319 15 8 302.393
progress 319 20 3 255.483
progress 320 0 23 356.386
progress 320 5 16 320.424
progress 320 10 12 295.806
progress 320 15 6 260.577
progress 320 20 2 249.998
progress 321 0 23 321.826
progress 321 5 17 291.936
progress 321 10 12 264.977
progress 321 15 7 236.07
progress 321 20 2 222.723
progress 322 0 23 322.233
progress 322 5 17 295.987
progress 322 10 12 273.944
progress 322 15 7 248.573
progress 322 20 1 235.335
progress 323 0 23 427.429
progress 323 5 18 405.305
progress 323 10 13 380.081
progress 323 15 8 348.455
progress 323 20 3 322.062
progress 324 0 23 473.982
progress 324 5 16 413.886
progress 324 10 12 366.26
progress 324 15 4 296.433
progress 324 20 0 261.154
progress 325 0 23 571.087
progress 325 5 17 518.984
progress 325 10 12 469.536
progress 325 15 6 416.832
progress 325 20 1 383.112
progress 326 0 23 418.988
progress 326 5 18 393.58
progress 326 10 13 369.301
progress 326 15 8 334.989
progress 326 20 3 313.032
progress 327 0 23 225.516
progress 327 5 18 213.755
progress 327 10 13 200.674
progress 327 15 8 192.03
progress 327 20 3 184.215
progress 328 0 23 438.791
progress 328 5 18 411.86
progress 328 10 13 369.252
progress 328 15 8 342.27
progress 328 20 3 311.288
progress 329 0 23 432.698
progress 329 5 17 398.805
progress 329 10 12 367.761
progress 329 15 7 323.843
progress 329 20 1 302.072
progress 330 0 23 393.552
progress 330 5 18 368.934
progress 330 10 13 330.42
progress 330 15 8 293.933
progress 330 20 3 257.566
progress 331 0 23 300.916
progress 331 5 17 280.977
progress 331 10 12 264.535
progress 331 15 7 246.873
progress 331 20 2 243.42
progress 332 0 23 313.266
progress 332 5 17 288.095
progress 332 10 12 265.964
progress 332 15 6 229.356
progress 332 20 2 216.235
branched_14 attempt 332 step 22 count 184 depth 68
progress 333 0 23 425.946
progress 333 5 17 402.487
progress 333 10 12 381.375
progress 333 15 7 369.115
progress 333 20 3 371.447
progress 334 0 23 526.206
progress 334 5 18 486.486
progress 334 10 13 439.315
progress 334 15 8 391.653
progress 334 20 3 345.414
progress 335 0 23 321.194
progress 335 5 18 291.3
progress 335 10 13 256.907
progress 335 15 8 208.892
progress 335 20 3 168.227
progress 336 0 23 335.14
progress 336 5 18 323.595
progress 336 10 13 304.989
progress 336 15 8 298.447
progress 336 20 3 302.842
progress 337 0 23 430.712
progress 337 5 17 401.94
progress 337 10 12 375.691
progress 337 15 7 357.157
progress 337 20 3 359.235
progress 338 0 23 303.144
progress 338 5 17 274.43
progress 338 10 12 244.614
progress 338 15 5 213.133
progress 338 20 0 189.797
progress 339 0 23 264.406
progress 339 5 18 259.459
progress 339 10 13 248.496
progress 339 15 8 253.235
progress 339 20 3 253.434
progress 340 0 23 301.313
progress 340 5 17 284.65
progress 340 10 12 272.819
progress 340 15 7 259.425
progress 340 20 3 257.139
progress 341 0 23 466.064
progress 341 5 18 427.227
progress 341 10 13 378.131
progress 341 15 8 329.218
progress 341 20 3 282.066
progress 342 0 23 424.572
progress 342 5 18 408.254
progress 342 10 13 382.847
progress 342 15 8 373.369
progress 342 20 3 379.815
progress 343 0 23 255.304
progress 343 5 18 239.582
progress 343 10 13 217.38
progress 343 15 8 202.696
progress 343 20 3 186.447
progress 344 0 23 446.003
progress 344 5 18 427.746
progress 344 10 13 396.39
progress 344 15 8 385.242
progress 344 20 3 381.621
progress 345 0 23 386.705
progress 345 5 18 363.741
progress 345 10 13 335.258
progress 345 15 8 312.099
progress 345 20 3 288.122
progress 346 0 23 222.486
progress 346 5 18 221.407
progress 346 10 13 220.451
progress 346 15 8 235.053
progress 346 20 3 249.127
progress 347 0 23 399.269
progress 347 5 17 363.043
progress 347 10 12 326.961
progress 347 15 7 297.485
progress 347 20 1 278.064
progress 348 0 23 330.222
progress 348 5 17 309.61
progress 348 10 12 297.244
progress 348 15 6 282.277
progress 348 20 3 277.216
progress 349 0 23 290.306
progress 349 5 17 271.526
progress 349 10 12 259.502
progress 349 15 6 243.915
progress 349 20 3 239.46
progress 350 0 23 419.292
progress 350 5 17 389.509
progress 350 10 12 359.122
progress 350 15 7 340.058
progress 350 20 2 331.858
progress 351 0 23 355.514
progress 351 5 16 315.515
progress 351 10 12 287.881
progress 351 15 6 251.514
progress 351 20 1 236.311
progress 352 0 23 352.324
progress 352 5 17 331.567
progress 352 10 12 305.927
progress 352 15 7 287.779
progress 352 20 2 280.634
progress 353 0 23 492.201
progress 353 5 18 468.531
progress 353 10 13 430.139
progress 353 15 8 408.558
progress 353 20 3 383.954
progress 354 0 23 429.263
progress 354 5 16 384.313
progress 354 10 12 351.795
progress 354 15 6 304.112
progress 354 20 0 283.521
progress 355 0 23 395.482
progress 355 5 18 372.664
progress 355 10 13 337.366
progress 355 15 8 310.609
progress 355 20 3 283.924
progress 356 0 23 408.194
progress 356 5 16 362.69
progress 356 10 12 325.399
progress 356 15 6 270.088
progress 356 20 0 245.183
progress 357 0 23 440.328
progress 357 5 18 409.514
progress 357 10 13 362.199
progress 357 15 8 323.375
progress 357 20 3 287.224
progress 358 0 23 220.231
progress 358 5 18 204.782
progress 358 10 13 188.371
progress 358 15 8 169.018
progress 358 20 3 153.071
progress 359 0 23 421.196
progress 359 5 18 402.371
progress 359 10 13 370.503
progress 359 15 8 351.637
progress 359 20 3 327.308
progress 360 0 23 500.65
progress 360 5 18 468.924
progress 360 10 13 425.166
progress 360 15 8 388.488
progress 360 20 3 347.406
progress 361 0 23 383.797
progress 361 5 18 377.055
progress 361 10 13 362.513
progress 361 15 8 369.023
progress 361 20 3 396.418
progress 362 0 23 282.895
progress 362 5 17 261.147
progress 362 10 12 243.452
progress 362 15 7 210.705
progress 362 20 2 203.178
progress 363 0 23 343.548
progress 363 5 17 321.906
progress 363 10 12 307.129
progress 363 15 6 287.001
progress 363 20 3 279.876
progress 364 0 23 311.681
progress 364 5 17 297.201
progress 364 10 12 283.084
progress 364 15 7 277.392
progress 364 20 2 284.294
progress 365 0 23 311.585
progress 365 5 17 283.523
progress 365 10 12 261.148
progress 365 15 6 237.179
progress 365 20 2 228.785
progress 366 0 23 470.051
progress 366 5 16 408.834
progress 366 10 12 360.244
progress 366 15 4 285.849
progress 366 20 0 235.352
progress 367 0 23 371.061
progress 367 5 17 331.91
progress 367 10 12 296.062
progress 367 15 6 246.318
progress 367 20 2 218.609
progress 368 0 23 300.238
progress 368 5 18 276.193
progress 368 10 13 252.772
progress 368 15 8 220.866
progress 368 20 3 197.14
progress 369 0 23 234.906
progress 369 5 18 223.097
progress 369 10 13 212.085
progress 369 15 8 207.641
progress 369 20 3 201.634
progress 370 0 23 400.602
progress 370 5 18 380.9
progress 370 10 13 346.44
progress 370 15 8 321.316
progress 370 20 3 297.758
progress 371 0 23 257.182
progress 371 5 17 239.048
progress 371 10 12 228.222
progress 371 15 6 211.875
progress 371 20 3 209.877
progress 372 0 23 202.029
progress 372 5 18 198.187
progress 372 10 13 194.165
progress 372 15 8 204.699
progress 372 20 3 214.91
progress 373 0 23 174.954
progress 373 5 18 171.233
progress 373 10 13 171.717
progress 373 15 8 179.017
progress 373 20 3 184.546
progress 374 0 23 406.39
progress 374 5 17 364.957
progress 374 10 12 324.502
progress 374 15 7 266.025
progress 374 20 1 228.748
progress 375 0 23 356.845
progress 375 5 17 335.659
progress 375 10 12 314.068
progress 375 15 7 300.483
progress 375 20 3 293.658
progress 376 0 23 236.184
progress 376 5 17 225.765
progress 376 10 13 219.582
progress 376 15 7 218.124
progress 376 20 3 218.987
progress 377 0 23 489.788
progress 377 5 17 456.48
progress 377 10 12 424.336
progress 377 15 7 389.447
progress 377 20 1 371.959
progress 378 0 23 368.762
progress 378 5 18 352.342
progress 378 10 13 327.842
progress 378 15 8 316.059
progress 378 20 3 300.128
progress 379 0 23 303.526
progress 379 5 17 289.091
progress 379 10 13 280.773
progress 379 15 7 281.252
progress 379 20 3 282.887
progress 380 0 23 558.496
progress 380 5 18 514.839
progress 380 10 13 461.095
progress 380 15 8 408.944
progress 380 20 3 351.648
progress 381 0 23 594.429
progress 381 5 18 548.471
progress 381 10 13 482.571
progress 381 15 8 423.443
progress 381 20 3 352.121
progress 382 0 23 364.621
progress 382 5 18 340.993
progress 382 10 13 311.477
progress 382 15 8 270.226
progress 382 20 3 237.453
progress 383 0 23 310.942
progress 383 5 18 289.003
progress 383 10 13 260.837
progress 383 15 8 239.117
progress 383 20 3 217.075
progress 384 0 23 522.139
progress 384 5 18 481.999
progress 384 10 13 424.537
progress 384 15 8 373.939
progress 384 20 3 312.894
progress 385 0 23 541.64
progress 385 5 18 507.289
progress 385 10 13 458.939
progress 385 15 8 423.893
progress 385 20 3 381.866
progress 386 0 23 251.265
progress 386 5 17 236.153
progress 386 10 13 228.743
progress 386 15 7 217.809
progress 386 20 3 218.127
progress 387 0 23 464.289
progress 387 5 18 431.798
progress 387 10 13 381.728
progress 387 15 8 344.976
progress 387 20 3 298.217
progress 388 0 23 346.162
progress 388 5 18 332.485
progress 388 10 13 311.7
progress 388 15 8 305.516
progress 388 20 3 306.376
progress 389 0 23 308.191
progress 389 5 17 286.003
progress 389 10 12 266.067
progress 389 15 7 246.818
progress 389 20 1 238.072
progress 390 0 23 210.879
progress 390 5 18 205.632
progress 390 10 13 195.065
progress 390 15 8 195.771
progress 390 20 3 193.884
progress 391 0 23 410.938
progress 391 5 18 396.125
progress 391 10 13 366.279
progress 391 15 8 352.812
progress 391 20 3 345.078
progress 392 0 23 303.799
progress 392 5 17 279.685
progress 392 10 12 255.276
progress 392 15 7 229.335
progress 392 20 1 215.335
progress 393 0 23 267.689
progress 393 5 18 252.208
progress 393 10 12 232.797
progress 393 15 7 215.951
progress 393 20 2 212.23
progress 394 0 23 419.216
progress 394 5 18 396.97
progress 394 10 13 368.873
progress 394 15 8 330.296
progress 394 20 3 298.519
progress 395 0 23 419.714
progress 395 5 18 398.702
progress 395 10 13 368.093
progress 395 15 8 353.857
progress 395 20 3 331.031
progress 396 0 23 332.783
progress 396 5 16 291.449
progress 396 10 12 262.468
progress 396 15 6 218.032
progress 396 20 1 196.634
progress 397 0 23 327.106
progress 397 5 17 303.675
progress 397 10 12 286.063
progress 397 15 6 259.503
progress 397 20 3 251.185
progress 398 0 23 360.47
progress 398 5 18 348.891
progress 398 10 13 329.845
progress 398 15 8 332.623
progress 398 20 3 350.857
progress 399 0 23 526.242
progress 399 5 17 475.768
progress 399 10 12 426.343
progress 399 15 6 364.981
progress 399 20 1 318.881
progress 400 0 23 410.379
progress 400 5 18 383.541
progress 400 10 13 346.407
progress 400 15 8 309.606
progress 400 20 3 273.729
progress 401 0 23 232.326
progress 401 5 18 218.137
progress 401 10 13 203.802
progress 401 15 8 189.066
progress 401 20 3 179.95
progress 402 0 23 525.475
progress 402 5 18 495.836
progress 402 10 13 449.696
progress 402 15 8 420.653
progress 402 20 3 377.292
progress 403 0 23 174.421
progress 403 5 17 167.558
progress 403 10 12 164.451
progress 403 15 7 163.001
progress 403 20 3 163.967
progress 404 0 23 375.971
progress 404 5 18 357.344
progress 404 10 13 331.301
progress 404 15 8 317.535
progress 404 20 3 308.512
progress 405 0 23 301.302
progress 405 5 18 293.228
progress 405 10 13 281.441
progress 405 15 8 287.982
progress 405 20 3 289.154
progress 406 0 23 432.514
progress 406 5 18 414.291
progress 406 10 13 379.518
progress 406 15 8 363.036
progress 406 20 3 336.604
progress 407 0 23 382.444
progress 407 5 17 345.43
progress 407 10 12 309.276
progress 407 15 6 271.525
progress 407 20 1 250.271
progress 408 0 23 204.424
progress 408 5 17 189.976
progress 408 10 12 181.899
progress 408 15 7 174.18
progress 408 20 2 174.351
progress 409 0 23 301.47
progress 409 5 17 284.053
progress 409 10 12 271.526
progress 409 15 7 268.867
progress 409 20 3 269.276
progress 410 0 23 419.457
progress 410 5 17 386.305
progress 410 10 12 352.192
progress 410 15 7 327.095
progress 410 20 2 312.493
progress 411 0 23 416.771
progress 411 5 18 387.893
progress 411 10 13 348.545
progress 411 15 8 318.554
progress 411 20 3 287.237
progress 412 0 23 356.158
progress 412 5 18 334.123
progress 412 10 13 306.486
progress 412 15 8 287.71
progress 412 20 3 266.955
progress 413 0 23 295.383
progress 413 5 17 269.045
progress 413 10 12 249.675
progress 413 15 7 230.441
progress 413 20 1 224.039
progress 414 0 23 609.18
progress 414 5 17 546.894
progress 414 10 12 487.483
progress 414 15 6 415.427
progress 414 20 1 363.369
progress 415 0 23 423.834
progress 415 5 17 395.786
progress 415 10 13 367.24
progress 415 15 7 332.912
progress 415 20 3 313.499
progress 416 0 23 283.438
progress 416 5 18 267.395
progress 416 10 13 246.473
progress 416 15 8 234.53
progress 416 20 3 220.253
progress 417 0 23 415.889
progress 417 5 16 373.41
progress 417 10 12 335.602
progress 417 15 6 284.141
progress 417 20 2 256.821
progress 418 0 23 354.49
progress 418 5 17 327.93
progress 418 10 12 301.453
progress 418 15 7 278.054
progress 418 20 1 266.402
progress 419 0 23 334.798
progress 419 5 17 315.628
progress 419 10 12 298.766
progress 419 15 7 291.169
progress 419 20 3 288.211
progress 420 0 23 468.328
progress 420 5 17 436.57
progress 420 10 12 408.36
progress 420 15 7 376.593
progress 420 20 1 364.225
progress 421 0 23 389.309
progress 421 5 17 367.537
progress 421 10 12 351.419
progress 421 15 8 347.073
progress 421 20 3 362.785
progress 422 0 23 400.246
progress 422 5 17 376.367
progress 422 10 12 353.526
progress 422 15 7 332.942
progress 422 20 2 327.234
progress 423 0 23 332.657
progress 423 5 18 304.574
progress 423 10 13 271.058
progress 423 15 8 234.291
progress 423 20 3 200.062
progress 424 0 23 244.219
progress 424 5 18 230.172
progress 424 10 13 214.105
progress 424 15 8 199.428
progress 424 20 3 184.801
progress 425 0 23 635.681
progress 425 5 17 559.978
progress 425 10 12 483.409
progress 425 15 5 385.386
progress 425 20 1 296.344
progress 426 0 23 261.759
progress 426 5 17 245.493
progress 426 10 12 233.785
progress 426 15 7 219.547
progress 426 20 3 217.955
progress 427 0 23 293.087
progress 427 5 18 278.998
progress 427 10 13 263.056
progress 427 15 8 247.349
progress 427 20 3 235.673
progress 428 0 23 360.541
progress 428 5 17 339.87
progress 428 10 12 321.423
progress 428 15 7 309.644
progress 428 20 3 303.763
progress 429 0 23 600.445
progress 429 5 17 541.918
progress 429 10 12 486.614
progress 429 15 6 417.42
progress 429 20 1 361.257
progress 430 0 23 354.033
progress 430 5 17 337.04
progress 430 10 12 325.821
progress 430 15 7 311.867
progress 430 20 3 308.567
progress 431 0 23 298.388
progress 431 5 18 267.035
progress 431 10 13 234.711
progress 431 15 8 189.031
progress 431 20 3 153.174
progress 432 0 23 385.557
progress 432 5 18 344.95
progress 432 10 13 301.721
progress 432 15 8 239.148
progress 432 20 3 188.555
progress 433 0 23 361.28
progress 433 5 17 330.883
progress 433 10 12 297.401
progress 433 15 7 255.85
progress 433 20 2 236.034
progress 434 0 23 375.18
progress 434 5 16 329.774
progress 434 10 12 299.272
progress 434 15 4 248.992
branched_14 attempt 434 step 20 count 193 depth 67
progress 434 20 0 231.54
progress 435 0 23 302.485
progress 435 5 18 283.606
progress 435 10 13 266.118
progress 435 15 8 253.729
progress 435 20 3 244.078
progress 436 0 23 232.109
progress 436 5 17 213.823
progress 436 10 12 200.198
progress 436 15 7 173.306
progress 436 20 2 165.142
progress 437 0 23 262.884
progress 437 5 17 253.681
progress 437 10 13 248.888
progress 437 15 8 254.415
progress 437 20 3 260.118
progress 438 0 23 369.522
progress 438 5 17 333.354
progress 438 10 12 297.135
progress 438 15 7 253.098
progress 438 20 1 224.156
progress 439 0 23 290.869
progress 439 5 18 284.482
progress 439 10 13 275.552
progress 439 15 8 280.449
progress 439 20 3 292.92
progress 440 0 23 298.439
progress 440 5 17 271.046
progress 440 10 12 244.918
progress 440 15 6 222.715
progress 440 20 2 211.199
progress 441 0 23 256.931
progress 441 5 18 246.978
progress 441 10 13 235.259
progress 441 15 8 229.976
progress 441 20 3 226.099
progress 442 0 23 392.609
progress 442 5 17 355.887
progress 442 10 12 323.992
progress 442 15 6 287.678
progress 442 20 1 267.206
progress 443 0 23 320.652
progress 443 5 16 284.053
progress 443 10 12 256.119
progress 443 15 6 213.64
progress 443 20 0 192.777
progress 444 0 23 316.222
progress 444 5 16 284.281
progress 444 10 12 256.461
progress 444 15 7 207.967
progress 444 20 2 186.019
progress 445 0 23 390.428
progress 445 5 18 361.513
progress 445 10 13 329.28
progress 445 15 8 289.18
progress 445 20 3 257.935
progress 446 0 23 544.981
progress 446 5 17 490.496
progress 446 10 12 430.418
progress 446 15 6 363.572
progress 446 20 1 310.122
progress 447 0 23 553.779
progress 447 5 18 515.837
progress 447 10 13 463.936
progress 447 15 8 421.448
progress 447 20 3 374.039
progress 448 0 23 261.871
progress 448 5 17 245.794
progress 448 10 12 231.85
progress 448 15 7 222.34
progress 448 20 3 218.857
progress 449 0 23 298.871
progress 449 5 18 272.79
progress 449 10 13 243.891
progress 449 15 8 201.195
progress 449 20 3 168.521
progress 450 0 23 387.82
progress 450 5 17 360.842
progress 450 10 12 329.771
progress 450 15 7 312.867
progress 450 20 1 304.337
progress 451 0 23 286.131
progress 451 5 17 269.854
progress 451 10 12 262.121
progress 451 15 7 257.497
progress 451 20 3 257.327
progress 452 0 23 514.15
progress 452 5 18 477.824
progress 452 10 13 426.639
progress 452 15 8 373.118
progress 452 20 3 320.921
progress 453 0 23 378.974
progress 453 5 18 359.566
progress 453 10 13 338.98
progress 453 15 8 328.705
progress 453 20 3 315.501
progress 454 0 23 479.648
progress 454 5 18 448.118
progress 454 10 13 408.531
progress 454 15 8 383.12
progress 454 20 3 347.836
progress 455 0 23 520.772
progress 455 5 18 494.097
progress 455 10 13 459.995
progress 455 15 8 440.607
progress 455 20 3 424.297
progress 456 0 23 240.391
progress 456 5 18 237.115
progress 456 10 13 233.941
progress 456 15 8 244.889
progress 456 20 3 261.504
progress 457 0 23 324.142
progress 457 5 18 295.893
progress 457 10 13 260.949
progress 457 15 8 221.732
progress 457 20 3 187.8
progress 458 0 23 306.924
progress 458 5 18 278.838
progress 458 10 13 251.88
progress 458 15 8 216.637
progress 458 20 3 191.36
progress 459 0 23 354.69
progress 459 5 17 333.246
progress 459 10 12 316.599
progress 459 15 7 314.651
progress 459 20 3 314.54
progress 460 0 23 639.779
progress 460 5 17 565.161
progress 460 10 12 495.053
progress 460 15 5 398.89
progress 460 20 0 317.497
progress 461 0 23 355.061
progress 461 5 17 331.134
progress 461 10 12 305.533
progress 461 15 7 290.077
progress 461 20 2 288.567
progress 462 0 23 335.682
progress 462 5 17 307.426
progress 462 10 12 280.116
progress 462 15 7 252.822
progress 462 20 2 235.749
progress 463 0 23 293.552
progress 463 5 18 271.631
progress 463 10 13 245.214
progress 463 15 8 219.606
progress 463 20 3 191.599
progress 464 0 23 422.456
progress 464 5 18 407.715
progress 464 10 13 378.701
progress 464 15 8 371.223
progress 464 20 3 365.311
progress 465 0 23 393.525
progress 465 5 17 366.97
progress 465 10 12 344.41
progress 465 15 7 318.325
progress 465 20 1 309.585
progress 466 0 23 435.792
progress 466 5 17 414.066
progress 466 10 13 393.444
progress 466 15 8 382.644
progress 466 20 3 390.019
progress 467 0 23 360.927
progress 467 5 18 341.747
progress 467 10 13 313.943
progress 467 15 8 298.384
progress 467 20 3 279.022
progress 468 0 23 409.787
progress 468 5 17 382.64
progress 468 10 12 353.448
progress 468 15 7 323.056
progress 468 20 2 307.602
progress 469 0 23 445.154
progress 469 5 18 424.258
progress 469 10 13 396.244
progress 469 15 8 367.578
progress 469 20 3 342.787
progress 470 0 23 299.116
progress 470 5 16 266.772
progress 470 10 12 244.155
progress 470 15 6 210.628
progress 470 20 1 198.561
progress 471 0 23 259.084
progress 471 5 18 244.165
progress 471 10 13 229.874
progress 471 15 8 208.145
progress 471 20 3 194.293
progress 472 0 23 454.953
progress 472 5 18 433.617
progress 472 10 13 400.447
progress 472 15 8 383.568
progress 472 20 3 380.411
progress 473 0 23 319.631
progress 473 5 18 305.571
progress 473 10 13 281.349
progress 473 15 8 267.606
progress 473 20 3 249.746
progress 474 0 23 424.397
progress 474 5 18 399.33
progress 474 10 13 358.902
progress 474 15 8 325.239
progress 474 20 3 286.357
progress 475 0 23 314.717
progress 475 5 17 295.537
progress 475 10 12 279.164
progress 475 15 7 263.277
progress 475 20 3 259.712
progress 476 0 23 310.729
progress 476 5 17 286.002
progress 476 10 12 265.507
progress 476 15 6 240.295
progress 476 20 2 231.612
progress 477 0 23 224.754
progress 477 5 18 209.11
progress 477 10 13 194.019
progress 477 15 8 181.455
progress 477 20 3 172.529
progress 478 0 23 301.198
progress 478 5 17 276.103
progress 478 10 12 252.933
progress 478 15 7 236.102
progress 478 20 2 228.944
progress 479 0 23 281.68
progress 479 5 18 271.733
progress 479 10 13 249.729
progress 479 15 8 242.377
progress 479 20 3 234.111
progress 480 0 23 315.595
progress 480 5 17 290.927
progress 480 10 12 268.426
progress 480 15 6 245.92
progress 480 20 2 238.888
progress 481 0 23 446.779
progress 481 5 17 403.479
progress 481 10 12 362.058
progress 481 15 6 304.74
progress 481 20 1 270.101
progress 482 0 23 240.333
progress 482 5 18 230.813
progress 482 10 13 217.388
progress 482 15 8 215.757
progress 482 20 3 214.115
progress 483 0 23 426.718
progress 483 5 17 393.582
progress 483 10 12 362.715
progress 483 15 6 324.983
progress 483 20 1 303.381
progress 484 0 23 313.186
progress 484 5 17 296.44
progress 484 10 12 283.223
progress 484 15 7 274.719
progress 484 20 3 272.203
progress 485 0 23 433.006
progress 485 5 17 397.245
progress 485 10 12 363.739
progress 485 15 6 313.329
progress 485 20 2 289.799
progress 486 0 23 348.975
progress 486 5 17 328.69
progress 486 10 12 313.491
progress 486 15 7 291.378
progress 486 20 3 283.548
progress 487 0 23 408.966
progress 487 5 17 367.67
progress 487 10 12 326.305
progress 487 15 7 283.362
progress 487 20 1 253.587
progress 488 0 23 465.709
progress 488 5 18 438.084
progress 488 10 13 391.239
progress 488 15 8 357.519
progress 488 20 3 315.275
progress 489 0 23 599.209
progress 489 5 18 552.657
progress 489 10 13 489.881
progress 489 15 8 441.37
progress 489 20 3 386.937
progress 490 0 23 246.702
progress 490 5 17 226.245
progress 490 10 12 210.941
progress 490 15 6 181.934
progress 490 20 2 172.615
progress 491 0 23 417.752
progress 491 5 17 379.4
progress 491 10 12 346.906
progress 491 15 7 317.355
progress 491 20 1 302.601
progress 492 0 23 205.458
progress 492 5 18 197.485
progress 492 10 13 190.612
progress 492 15 8 187.079
progress 492 20 3 182.6
progress 493 0 23 498.935
progress 493 5 17 448.667
progress 493 10 12 396.439
progress 493 15 6 339.202
progress 493 20 0 299.969
progress 494 0 23 453.171
progress 494 5 17 412.457
progress 494 10 12 371.082
progress 494 15 7 336.032
progress 494 20 1 316.342
progress 495 0 23 292.883
progress 495 5 17 282.139
progress 495 10 13 276.411
progress 495 15 8 282.367
progress 495 20 3 311.563
progress 496 0 23 415.667
progress 496 5 18 398.673
progress 496 10 13 376.65
progress 496 15 8 357.463
progress 496 20 3 337.414
progress 497 0 23 230.53
progress 497 5 17 222.994
progress 497 10 13 220.236
progress 497 15 7 220.855
progress 497 20 3 225.604
progress 498 0 23 280.302
progress 498 5 18 265.32
progress 498 10 13 246.849
progress 498 15 8 235.623
progress 498 20 3 219.515
progress 499 0 23 344.884
progress 499 5 17 329.914
progress 499 10 12 318.48
progress 499 15 7 318.586
progress 499 20 2 331.221
progress 500 0 23 342.876
progress 500 5 18 326.569
progress 500 10 13 296.501
progress 500 15 8 284.993
progress 500 20 3 274.146
progress 501 0 23 309.527
progress 501 5 17 293.202
progress 501 10 12 279.816
progress 501 15 7 274.39
progress 501 20 3 279.113
progress 502 0 23 249.033
progress 502 5 17 229.686
progress 502 10 12 208.95
progress 502 15 7 182.172
progress 502 20 2 171.753
progress 503 0 23 457.701
progress 503 5 18 431.226
progress 503 10 13 390.553
progress 503 15 8 358.167
progress 503 20 3 320.179
progress 504 0 23 340.813
progress 504 5 17 311.658
progress 504 10 12 284.608
progress 504 15 6 255.227
progress 504 20 1 238.089
progress 505 0 23 199.524
progress 505 5 18 191.634
progress 505 10 13 183.843
progress 505 15 8 172.555
progress 505 20 3 168.025
progress 506 0 23 344.13
progress 506 5 18 334.162
progress 506 10 13 317.907
progress 506 15 8 321.786
progress 506 20 3 335.884
progress 507 0 23 352.756
progress 507 5 17 324.567
progress 507 10 12 297.488
progress 507 15 7 263.1
progress 507 20 1 244.72
progress 508 0 23 308.245
progress 508 5 17 288.917
progress 508 10 12 276.178
progress 508 15 7 272.383
progress 508 20 2 278.063
progress 509 0 23 440.147
progress 509 5 18 412.172
progress 509 10 13 374.152
progress 509 15 8 345.294
progress 509 20 3 305.994
progress 510 0 23 426.779
progress 510 5 18 403.276
progress 510 10 13 373.221
progress 510 15 8 355.954
progress 510 20 3 337.806
progress 511 0 23 462.98
progress 511 5 18 433.5
progress 511 10 13 386.112
progress 511 15 8 346.793
progress 511 20 3 304.979
progress 512 0 23 319.175
progress 512 5 18 314.054
progress 512 10 13 304.771
progress 512 15 8 313.155
progress 512 20 3 329.557
progress 513 0 23 527.527
progress 513 5 17 486.662
progress 513 10 12 448.009
progress 513 15 7 403.928
progress 513 20 2 379.906
progress 514 0 23 376.116
progress 514 5 17 348.425
progress 514 10 12 320.629
progress 514 15 7 297.874
progress 514 20 2 280.932
progress 515 0 23 422.411
progress 515 5 16 370.747
progress 515 10 12 326.36
progress 515 15 5 263.833
progress 515 20 0 223.561
progress 516 0 23 375.525
progress 516 5 18 355.655
progress 516 10 13 329.188
progress 516 15 8 315.674
progress 516 20 3 295.258
progress 517 0 23 294.028
progress 517 5 18 279.457
progress 517 10 13 257.437
progress 517 15 8 244.509
progress 517 20 3 243.643
progress 518 0 23 306.92
progress 518 5 18 280.192
progress 518 10 13 255.733
progress 518 15 8 222.301
progress 518 20 3 197.341
progress 519 0 23 378.632
progress 519 5 18 361.569
progress 519 10 13 341.697
progress 519 15 8 328.269
progress 519 20 3 316.661
progress 520 0 23 319.245
progress 520 5 18 298.509
progress 520 10 13 279.227
progress 520 15 8 245.468
progress 520 20 3 225.646
progress 521 0 23 249.588
progress 521 5 18 243.887
progress 521 10 13 239.333
progress 521 15 8 246.29
progress 521 20 3 252.149
progress 522 0 23 405.967
progress 522 5 18 381.864
progress 522 10 13 343.493
progress 522 15 8 322.587
progress 522 20 3 300.039
progress 523 0 23 480.769
progress 523 5 17 437.833
progress 523 10 12 394.991
progress 523 15 7 354.477
progress 523 20 2 331.359
progress 524 0 23 306.756
progress 524 5 18 282.92
progress 524 10 13 255.831
progress 524 15 8 225.589
progress 524 20 3 202.272
progress 525 0 23 362.785
progress 525 5 18 347.513
progress 525 10 13 322.545
progress 525 15 8 313.043
progress 525 20 3 313.582
progress 526 0 23 484.659
progress 526 5 17 443.889
progress 526 10 12 401.191
progress 526 15 7 358.045
progress 526 20 1 327.522
progress 527 0 23 354.701
progress 527 5 18 331.685
progress 527 10 13 301.448
progress 527 15 8 271.692
progress 527 20 3 244.705
progress 528 0 23 298.801
progress 528 5 18 280.347
progress 528 10 12 264.45
progress 528 15 7 257.828
progress 528 20 3 257.796
progress 529 0 23 430.422
progress 529 5 17 391.585
progress 529 10 12 351.202
progress 529 15 7 292.729
progress 529 20 1 256.791
progress 530 0 23 314.665
progress 530 5 18 289.035
progress 530 10 13 255.489
progress 530 15 8 223.559
progress 530 20 3 193.541
progress 531 0 23 209.513
progress 531 5 17 201.275
progress 531 10 12 197.556
progress 531 15 7 203.457
progress 531 20 3 209.103
progress 532 0 23 257.285
progress 532 5 18 249.056
progress 532 10 13 240.43
progress 532 15 8 245.528
progress 532 20 3 244.882
progress 533 0 23 461.802
progress 533 5 18 431.754
progress 533 10 13 385.979
progress 533 15 8 349.166
progress 533 20 3 309.743
progress 534 0 23 420.094
progress 534 5 17 380.988
progress 534 10 12 340.926
progress 534 15 6 289.767
progress 534 20 1 259.765
progress 535 0 23 217.432
progress 535 5 18 205.653
progress 535 10 13 196.478
progress 535 15 8 186.844
progress 535 20 3 181.732
progress 536 0 23 627.749
progress 536 5 17 563.879
progress 536 10 12 504.026
progress 536 15 6 433.917
progress 536 20 1 389.945
progress 537 0 23 167.498
progress 537 5 18 166.384
progress 537 10 13 170.46
progress 537 15 8 181.003
progress 537 20 3 191.594
progress 538 0 23 488.876
progress 538 5 18 466.083
progress 538 10 13 431.693
progress 538 15 8 409.538
progress 538 20 3 375.151
progress 539 0 23 307.782
progress 539 5 18 289.803
progress 539 10 13 274.668
progress 539 15 8 250.244
progress 539 20 3 237.34
progress 540 0 23 528.137
progress 540 5 17 480.605
progress 540 10 12 440.971
progress 540 15 6 388.864
progress 540 20 1 364.179
progress 541 0 23 278.844
progress 541 5 18 256.419
progress 541 10 13 228.868
progress 541 15 8 192.832
progress 541 20 3 163.633
progress 542 0 23 487.328
progress 542 5 17 440.42
progress 542 10 12 385.798
progress 542 15 7 327.867
progress 542 20 1 287.626
progress 543 0 23 388.631
progress 543 5 18 357.108
progress 543 10 13 315.496
progress 543 15 8 269.233
progress 543 20 3 227.48
progress 544 0 23 370.089
progress 544 5 17 338.167
progress 544 10 12 314.025
progress 544 15 6 274.544
progress 544 20 0 261.166
progress 545 0 23 277.57
progress 545 5 16 247.457
progress 545 10 12 219.715
progress 545 15 6 180.898
progress 545 20 0 159.907
progress 546 0 23 307.83
progress 546 5 18 289.33
progress 546 10 13 267.896
progress 546 15 8 254.635
progress 546 20 3 241.758
progress 547 0 23 247.75
progress 547 5 18 237.832
progress 547 10 13 222.87
progress 547 15 8 220.471
progress 547 20 3 211.944
progress 548 0 23 506.509
progress 548 5 18 462.71
progress 548 10 13 406.443
progress 548 15 8 348.375
progress 548 20 3 287.467
progress 549 0 23 421.279
progress 549 5 18 403.889
progress 549 10 13 370.065
progress 549 15 8 350.346
progress 549 20 3 332.683
progress 550 0 23 368.172
progress 550 5 18 345.036
progress 550 10 13 322.286
progress 550 15 8 305.027
progress 550 20 3 289.748
progress 551 0 23 370.925
progress 551 5 18 348.28
progress 551 10 13 317.262
progress 551 15 8 292.183
progress 551 20 3 265.405
progress 552 0 23 320.94
progress 552 5 17 306.078
progress 552 10 12 291.788
progress 552 15 7 283.212
progress 552 20 3 289.049
progress 553 0 23 348.378
progress 553 5 17 316.052
progress 553 10 12 291.868
progress 553 15 6 258.918
progress 553 20 2 247.491
progress 554 0 23 527.615
progress 554 5 18 481.031
progress 554 10 13 417.805
progress 554 15 8 355.319
progress 554 20 3 291.513
progress 555 0 23 271.61
progress 555 5 17 254.661
progress 555 10 12 239.571
progress 555 15 7 230.732
progress 555 20 3 225.601
progress 556 0 23 489.511
progress 556 5 17 451.099
progress 556 10 12 415.89
progress 556 15 7 382.423
progress 556 20 2 366.38
progress 557 0 23 497.353
progress 557 5 18 476.424
progress 557 10 13 443.311
progress 557 15 8 429.051
progress 557 20 3 404.461
progress 558 0 23 251.272
progress 558 5 17 227.499
progress 558 10 12 206.648
progress 558 15 7 183.448
progress 558 20 1 168.743
progress 559 0 23 395.124
progress 559 5 17 361.897
progress 559 10 12 327.355
progress 559 15 7 288.713
progress 559 20 2 268.006
progress 560 0 23 334.804
progress 560 5 18 309.797
progress 560 10 13 284.948
progress 560 15 8 256.747
progress 560 20 3 234.139
progress 561 0 23 226.702
progress 561 5 18 207.855
progress 561 10 13 186.863
progress 561 15 8 157.809
progress 561 20 3 135.73
progress 562 0 23 418.494
progress 562 5 18 383.311
progress 562 10 13 336.785
progress 562 15 8 287.886
progress 562 20 3 239.166
progress 563 0 23 282.68
progress 563 5 18 274.356
progress 563 10 13 267.08
progress 563 15 8 269.349
progress 563 20 3 270.201
progress 564 0 23 456.362
progress 564 5 18 431.467
progress 564 10 13 394.176
progress 564 15 8 369.786
progress 564 20 3 342.851
progress 565 0 23 557.633
progress 565 5 17 505.054
progress 565 10 12 446.91
progress 565 15 6 390.173
progress 565 20 1 353.524
progress 566 0 23 431.02
progress 566 5 18 388.192
progress 566 10 13 338.761
progress 566 15 8 271.762
progress 566 20 3 213.798
progress 567 0 23 416.494
progress 567 5 18 382.601
progress 567 10 13 339.798
progress 567 15 8 293.299
progress 567 20 3 249.756
progress 568 0 23 408.916
progress 568 5 16 358.538
progress 568 10 12 315.792
progress 568 15 6 255.255
progress 568 20 1 220.53
progress 569 0 23 405.667
progress 569 5 18 376.853
progress 569 10 13 344.007
progress 569 15 8 295.429
progress 569 20 3 256.725
progress 570 0 23 305.097
progress 570 5 17 282.926
progress 570 10 12 260.785
progress 570 15 7 248.918
progress 570 20 3 248.051
progress 571 0 23 368.67
progress 571 5 17 343.731
progress 571 10 12 319.248
progress 571 15 7 302.032
progress 571 20 2 287.32
progress 572 0 23 470.029
progress 572 5 18 437.712
progress 572 10 13 393.893
progress 572 15 8 359.271
progress 572 20 3 311.142
progress 573 0 23 404.514
progress 573 5 17 376.701
progress 573 10 12 352.93
progress 573 15 7 335.223
progress 573 20 3 325.652
progress 574 0 23 216.395
progress 574 5 17 205.788
progress 574 10 13 199.53
progress 574 15 7 189.317
progress 574 20 2 191.893
progress 575 0 23 224.89
progress 575 5 18 217.422
progress 575 10 13 207.627
progress 575 15 8 199.112
progress 575 20 3 192.363
progress 576 0 23 361.79
progress 576 5 18 333.841
progress 576 10 13 298.081
progress 576 15 8 252.442
progress 576 20 3 215.486
progress 577 0 23 391.262
progress 577 5 18 374.272
progress 577 10 13 349.779
progress 577 15 8 343.824
progress 577 20 3 345.416
progress 578 0 23 317.933
progress 578 5 18 306.772
progress 578 10 13 291.847
progress 578 15 8 286.997
progress 578 20 3 282.278
progress 579 0 23 165.188
progress 579 5 17 159.878
progress 579 10 12 159.228
progress 579 15 8 163.14
progress 579 20 3 167.389
progress 580 0 23 404.147
progress 580 5 18 376.66
progress 580 10 13 339.705
progress 580 15 8 316.885
progress 580 20 3 288.706
progress 581 0 23 366.855
progress 581 5 18 340.752
progress 581 10 13 311.995
progress 581 15 8 287.091
progress 581 20 3 262.34
progress 582 0 23 291.384
progress 582 5 18 275.734
progress 582 10 12 263.621
progress 582 15 7 259.528
progress 582 20 3 259.272
progress 583 0 23 501.459
progress 583 5 17 468.674
progress 583 10 12 434.549
progress 583 15 7 408.792
progress 583 20 2 398.002
progress 584 0 23 486.274
progress 584 5 17 449.73
progress 584 10 12 407.101
progress 584 15 7 366.604
progress 584 20 1 337.983
progress 585 0 23 535.144
progress 585 5 17 493.871
progress 585 10 12 458.581
progress 585 15 7 426.36
progress 585 20 2 406.294
progress 586 0 23 399.866
progress 586 5 17 370.796
progress 586 10 12 344.652
progress 586 15 7 305.655
progress 586 20 1 288.355
progress 587 0 23 380.734
progress 587 5 18 366.863
progress 587 10 13 343.479
progress 587 15 8 336.544
progress 587 20 3 330.221
progress 588 0 23 347.334
progress 588 5 17 321.036
progress 588 10 12 300.854
progress 588 15 6 279.242
progress 588 20 3 273.081
progress 589 0 23 244.885
progress 589 5 17 231.57
progress 589 10 12 222.773
progress 589 15 7 217.087
progress 589 20 3 216.24
progress 590 0 23 252.799
progress 590 5 17 237.778
progress 590 10 12 227.453
progress 590 15 7 226.83
progress 590 20 3 225.773
progress 591 0 23 516.362
progress 591 5 17 476.081
progress 591 10 12 441.099
progress 591 15 7 413.698
progress 591 20 1 401.413
progress 592 0 23 322.891
progress 592 5 18 289.166
progress 592 10 13 253.148
progress 592 15 8 199.295
progress 592 20 3 156.058
progress 593 0 23 504.036
progress 593 5 18 468.215
progress 593 10 13 417.938
progress 593 15 8 358.675
progress 593 20 3 294.426
progress 594 0 23 365.44
progress 594 5 17 342.25
progress 594 10 12 322.051
progress 594 15 7 306.624
progress 594 20 2 306.617
progress 595 0 23 434.011
progress 595 5 18 406.592
progress 595 10 13 368.664
progress 595 15 8 328.592
progress 595 20 3 289.31
progress 596 0 23 317.404
progress 596 5 18 306.654
progress 596 10 13 286.579
progress 596 15 8 278.963
progress 596 20 3 271.656
progress 597 0 23 526.989
progress 597 5 18 483.532
progress 597 10 13 428.271
progress 597 15 8 373.974
progress 597 20 3 310.434
progress 598 0 23 357.076
progress 598 5 16 316.741
progress 598 10 12 278.8
progress 598 15 6 227.556
progress 598 20 1 195.999
progress 599 0 23 383.76
progress 599 5 16 327.661
progress 599 10 12 284.989
progress 599 15 4 215.938
progress 599 20 0 183.111
progress 600 0 23 297.273
progress 600 5 18 284.929
progress 600 10 13 269.537
progress 600 15 8 255.205
progress 600 20 3 245.69
progress 601 0 23 556.949
progress 601 5 17 496.507
progress 601 10 12 438.245
progress 601 15 6 360.192
progress 601 20 1 297.579
progress 602 0 23 284.96
progress 602 5 18 270.462
progress 602 10 12 257.226
progress 602 15 7 252.34
progress 602 20 3 250.882
progress 603 0 23 443.014
progress 603 5 18 423.732
progress 603 10 13 400.455
progress 603 15 8 390.588
progress 603 20 3 378
progress 604 0 23 356.098
progress 604 5 18 340.209
progress 604 10 13 318.256
progress 604 15 8 312.053
progress 604 20 3 310.67
progress 605 0 23 249.371
progress 605 5 17 228.21
progress 605 10 12 211.803
progress 605 15 6 190.028
progress 605 20 3 183.757
progress 606 0 23 351.799
progress 606 5 17 319.614
progress 606 10 12 290.174
progress 606 15 6 256.146
progress 606 20 1 237.413
progress 607 0 23 562.147
progress 607 5 18 531.551
progress 607 10 13 488.406
progress 607 15 8 460.584
progress 607 20 3 423.467
progress 608 0 23 332.175
progress 608 5 17 304.288
progress 608 10 12 283.045
progress 608 15 6 254.956
progress 608 20 2 246.096
progress 609 0 23 223.981
progress 609 5 17 216.836
progress 609 10 13 214.602
progress 609 15 8 214.591
progress 609 20 3 218.007
progress 610 0 23 439.644
progress 610 5 16 383.928
progress 610 10 12 333.439
progress 610 15 4 265.181
progress 610 20 0 224.615
progress 611 0 23 148.101
progress 611 5 18 147.96
progress 611 10 13 150.051
progress 611 15 8 162.463
progress 611 20 3 171.222
progress 612 0 23 357.87
progress 612 5 18 339.049
progress 612 10 13 311.305
progress 612 15 8 291.594
progress 612 20 3 268.749
progress 613 0 23 149.363
progress 613 5 18 148.353
progress 613 10 13 151.285
progress 613 15 8 161.805
progress 613 20 3 170.164
progress 614 0 23 384.328
progress 614 5 17 341.068
progress 614 10 12 299.815
progress 614 15 7 242.267
progress 614 20 1 205.64
progress 615 0 23 279.018
progress 615 5 16 252.021
progress 615 10 12 228.456
progress 615 15 6 188.605
progress 615 20 1 171.02
progress 616 0 23 382.274
progress 616 5 17 341.798
progress 616 10 12 304.729
progress 616 15 6 249.74
progress 616 20 0 215.601
progress 617 0 23 208.27
progress 617 5 18 205.373
progress 617 10 13 201.459
progress 617 15 8 211.419
progress 617 20 3 224.456
progress 618 0 23 357.595
progress 618 5 18 316.092
progress 618 10 13 266.821
progress 618 15 8 199.192
progress 618 20 3 140.292
progress 619 0 23 238.605
progress 619 5 18 228.094
progress 619 10 13 214.207
progress 619 15 8 211.506
progress 619 20 3 209.195
progress 620 0 23 366.288
progress 620 5 18 341.186
progress 620 10 13 315.086
progress 620 15 8 293.577
progress 620 20 3 274.343
progress 621 0 23 306.4
progress 621 5 17 284.899
progress 621 10 12 270.481
progress 621 15 6 251.821
progress 621 20 3 246.073
progress 622 0 23 588.565
progress 622 5 18 544.644
progress 622 10 13 485.984
progress 622 15 8 429.793
progress 622 20 3 365.89
progress 623 0 23 443.218
progress 623 5 17 405.178
progress 623 10 12 364.148
progress 623 15 7 325.747
progress 623 20 1 298.537
progress 624 0 23 366.121
progress 624 5 18 349.718
progress 624 10 13 331.527
progress 624 15 8 322.127
progress 624 20 3 311.106
progress 625 0 23 343.703
progress 625 5 17 311.222
progress 625 10 12 281.364
progress 625 15 7 232.559
progress 625 20 2 209.504
progress 626 0 23 379.753
progress 626 5 17 362.241
progress 626 10 12 346.191
progress 626 15 7 340.412
progress 626 20 3 340.015
progress 627 0 23 565.782
progress 627 5 18 518.406
progress 627 10 13 449.193
progress 627 15 8 389.887
progress 627 20 3 315.408
progress 628 0 23 406.548
progress 628 5 18 379.777
progress 628 10 13 340.324
progress 628 15 8 309.407
progress 628 20 3 285.76
progress 629 0 23 219.972
progress 629 5 17 208.754
progress 629 10 12 199.452
progress 629 15 7 200.545
progress 629 20 3 201.528
progress 630 0 23 496.98
progress 630 5 18 462.61
progress 630 10 13 423
progress 630 15 8 381.95
progress 630 20 3 345.073
progress 631 0 23 377.53
progress 631 5 18 363.033
progress 631 10 13 341.928
progress 631 15 8 339.04
progress 631 20 3 351.257
progress 632 0 23 522.878
progress 632 5 16 462.686
progress 632 10 12 412.389
progress 632 15 6 346.86
progress 632 20 0 304.862
progress 633 0 23 408.835
progress 633 5 18 393.996
progress 633 10 13 372.388
progress 633 15 8 360.933
progress 633 20 3 349.693
progress 634 0 23 341.964
progress 634 5 18 323.083
progress 634 10 12 305.611
progress 634 15 7 296.407
progress 634 20 3 292.907
progress 635 0 23 398.235
progress 635 5 17 366.849
progress 635 10 12 335.92
progress 635 15 7 305.976
progress 635 20 1 292.684
progress 636 0 23 459.122
progress 636 5 18 428.636
progress 636 10 13 380.622
progress 636 15 8 345.319
progress 636 20 3 302.14
progress 637 0 23 387.897
progress 637 5 18 372.955
progress 637 10 13 342.656
progress 637 15 8 331.684
progress 637 20 3 316.873
progress 638 0 23 237.915
progress 638 5 18 231.697
progress 638 10 13 219.564
progress 638 15 8 221.117
progress 638 20 3 220.176
progress 639 0 23 368.313
progress 639 5 18 352.387
progress 639 10 13 330.181
progress 639 15 8 323.343
progress 639 20 3 324.273
progress 640 0 23 318.059
progress 640 5 17 296.263
progress 640 10 12 278.694
progress 640 15 7 272.049
progress 640 20 3 267.955
progress 641 0 23 244.559
progress 641 5 18 233.944
progress 641 10 13 223.744
progress 641 15 8 216.219
progress 641 20 3 211.14
progress 642 0 23 473.586
progress 642 5 17 441.029
progress 642 10 12 407.645
progress 642 15 7 377.893
progress 642 20 3 360.782
progress 643 0 23 361.905
progress 643 5 18 336.819
progress 643 10 13 304.601
progress 643 15 8 270.67
progress 643 20 3 241.37
progress 644 0 23 398.806
progress 644 5 18 378.917
progress 644 10 13 344.114
progress 644 15 8 323.222
progress 644 20 3 298.127
progress 645 0 23 428.863
progress 645 5 18 394.227
progress 645 10 13 348.497
progress 645 15 8 303.369
progress 645 20 3 254.66
progress 646 0 23 407.141
progress 646 5 18 387.32
progress 646 10 13 358.519
progress 646 15 8 335.7
progress 646 20 3 308.335
progress 647 0 23 378.56
progress 647 5 18 351.181
progress 647 10 13 323.908
progress 647 15 8 293.397
progress 647 20 3 271.489
progress 648 0 23 332.732
progress 648 5 17 305.873
progress 648 10 12 275.564
progress 648 15 7 247.988
progress 648 20 2 232.543
progress 649 0 23 257.784
progress 649 5 18 249.699
progress 649 10 13 234.467
progress 649 15 8 230.58
progress 649 20 3 220.795
progress 650 0 23 340.922
progress 650 5 18 329.193
progress 650 10 13 312.031
progress 650 15 8 299.287
progress 650 20 3 288.27
progress 651 0 23 504.881
progress 651 5 18 467.306
progress 651 10 13 414.068
progress 651 15 8 365.777
progress 651 20 3 314.82
progress 652 0 23 308.106
progress 652 5 17 290.496
progress 652 10 12 279.289
progress 652 15 7 274.257
progress 652 20 3 272.434
progress 653 0 23 308.596
progress 653 5 17 291.042
progress 653 10 12 277.536
progress 653 15 8 276.209
progress 653 20 3 280.829
progress 654 0 23 490.247
progress 654 5 17 456.388
progress 654 10 12 425.218
progress 654 15 7 388.32
progress 654 20 3 366.498
progress 655 0 23 272.637
progress 655 5 18 262.092
progress 655 10 13 249.618
progress 655 15 8 250.342
progress 655 20 3 253.374
progress 656 0 23 331.129
progress 656 5 16 289.076
progress 656 10 12 258.026
progress 656 15 4 210.422
progress 656 20 1 190.296
progress 657 0 23 272.972
progress 657 5 17 255.199
progress 657 10 12 243.444
progress 657 15 7 231.36
progress 657 20 3 226.37
progress 658 0 23 267.221
progress 658 5 18 262.52
progress 658 10 13 253.34
progress 658 15 8 260.499
progress 658 20 3 269.923
progress 659 0 23 299.882
progress 659 5 18 288.028
progress 659 10 13 269.82
progress 659 15 8 266.259
progress 659 20 3 267.822
progress 660 0 23 391.874
progress 660 5 17 365.064
progress 660 10 12 338.945
progress 660 15 7 315.67
progress 660 20 3 307.152
progress 661 0 23 324.626
progress 661 5 17 299.951
progress 661 10 12 282.839
progress 661 15 6 253.988
progress 661 20 2 249.273
progress 662 0 23 444.003
progress 662 5 18 401.433
progress 662 10 13 352.711
progress 662 15 8 297.577
progress 662 20 3 249.628
progress 663 0 23 268.463
progress 663 5 17 255.098
progress 663 10 12 247.702
progress 663 15 7 246.19
progress 663 20 3 247.157
progress 664 0 23 316.791
progress 664 5 17 299.14
progress 664 10 13 284.728
progress 664 15 7 271.463
progress 664 20 3 271.691
progress 665 0 23 507.886
progress 665 5 17 464.666
progress 665 10 12 419.903
progress 665 15 7 369.825
progress 665 20 1 338.353
progress 666 0 23 494.3
progress 666 5 17 457.706
progress 666 10 12 420.04
progress 666 15 6 384.413
progress 666 20 2 364.061
progress 667 0 23 440.964
progress 667 5 17 415.046
progress 667 10 12 393.956
progress 667 15 7 386.097
progress 667 20 2 397.424
progress 668 0 23 618.164
progress 668 5 18 569.228
progress 668 10 13 504.389
progress 668 15 8 440.607
progress 668 20 3 368.531
progress 669 0 23 359.577
progress 669 5 17 338.763
progress 669 10 12 317.884
progress 669 15 7 297.883
progress 669 20 3 292.338
progress 670 0 23 374.996
progress 670 5 18 352.303
progress 670 10 13 316.115
progress 670 15 8 281.103
progress 670 20 3 243.796
progress 671 0 23 333.539
progress 671 5 17 306.341
progress 671 10 12 285.032
progress 671 15 6 265.433
progress 671 20 2 260.384
progress 672 0 23 311.074
progress 672 5 18 303.143
progress 672 10 13 288.376
progress 672 15 8 289.7
progress 672 20 3 304.887
progress 673 0 23 503.78
progress 673 5 18 474.139
progress 673 10 13 424.712
progress 673 15 8 391.602
progress 673 20 3 349.859
progress 674 0 23 295.425
progress 674 5 17 273.252
progress 674 10 12 252.953
progress 674 15 6 228.052
progress 674 20 2 218.594
progress 675 0 23 502.819
progress 675 5 17 461.535
progress 675 10 12 428.915
progress 675 15 6 393.549
progress 675 20 3 376.559
progress 676 0 23 344.733
progress 676 5 17 313.882
progress 676 10 12 285.858
progress 676 15 7 247.14
progress 676 20 1 224.872
progress 677 0 23 422.374
progress 677 5 18 393.282
progress 677 10 13 357.977
progress 677 15 8 327.482
progress 677 20 3 295.516
progress 678 0 23 351.255
progress 678 5 18 323.601
progress 678 10 13 294.841
progress 678 15 8 261.992
progress 678 20 3 236.444
progress 679 0 23 489.356
progress 679 5 17 446.616
progress 679 10 12 403.581
progress 679 15 6 359.898
progress 679 20 1 335.85
progress 680 0 23 474.498
progress 680 5 17 437.463
progress 680 10 12 397.131
progress 680 15 7 368.579
progress 680 20 2 352.494
progress 681 0 23 320.032
progress 681 5 18 292.103
progress 681 10 13 261.383
progress 681 15 8 221.468
progress 681 20 3 188.642
progress 682 0 23 260.367
progress 682 5 18 246.682
progress 682 10 13 232.625
progress 682 15 8 222.687
progress 682 20 3 216.128
progress 683 0 23 200.506
progress 683 5 17 192.322
progress 683 10 13 190.804
progress 683 15 8 197.526
progress 683 20 3 203.987
progress 684 0 23 446.572
progress 684 5 17 405.005
progress 684 10 12 369.049
progress 684 15 6 314.872
progress 684 20 1 282.564
progress 685 0 23 348.066
progress 685 5 18 315.04
progress 685 10 13 276.551
progress 685 15 8 228.098
progress 685 20 3 188.798
progress 686 0 23 275.436
progress 686 5 18 260.745
progress 686 10 13 240.969
progress 686 15 8 233.764
progress 686 20 3 226.471
progress 687 0 23 213.716
progress 687 5 16 193.39
progress 687 10 12 174.893
progress 687 15 6 147.187
progress 687 20 1 135.639
progress 688 0 23 396.304
progress 688 5 18 378.564
progress 688 10 13 348.651
progress 688 15 8 336.821
progress 688 20 3 315.81
progress 689 0 23 297.889
progress 689 5 18 275.688
progress 689 10 13 256.317
progress 689 15 8 224.321
progress 689 20 3 201.739
progress 690 0 23 410.728
progress 690 5 17 377.457
progress 690 10 12 350.419
progress 690 15 7 321.024
progress 690 20 1 307.916
progress 691 0 23 370.264
progress 691 5 18 342.121
progress 691 10 13 313.164
progress 691 15 8 270.946
progress 691 20 3 238.353
progress 692 0 23 307.716
progress 692 5 18 291.213
progress 692 10 13 274.37
progress 692 15 8 254.817
progress 692 20 3 241.048
progress 693 0 23 265.278
progress 693 5 18 253.886
progress 693 10 13 240.155
progress 693 15 8 228.021
progress 693 20 3 219.501
progress 694 0 23 463.898
progress 694 5 18 432.677
progress 694 10 13 389.483
progress 694 15 8 359.432
progress 694 20 3 334.293
progress 695 0 23 336.589
progress 695 5 17 317.125
progress 695 10 12 301.046
progress 695 15 7 294.994
progress 695 20 3 295.389
progress 696 0 23 306.002
progress 696 5 17 276.847
progress 696 10 12 253.387
progress 696 15 6 226.226
progress 696 20 1 215.322
progress 697 0 23 221.602
progress 697 5 17 209.708
progress 697 10 12 197.914
progress 697 15 7 192.077
progress 697 20 3 192.045
progress 698 0 23 308.765
progress 698 5 17 293.484
progress 698 10 12 285.147
progress 698 15 7 283.383
progress 698 20 3 284.393
progress 699 0 23 491.568
progress 699 5 18 452.468
progress 699 10 13 402.673
progress 699 15 8 356.792
progress 699 20 3 313.41
progress 700 0 23 421.745
progress 700 5 18 402.369
progress 700 10 13 372.668
progress 700 15 8 356.795
progress 700 20 3 344.188
progress 701 0 23 397.854
progress 701 5 16 345.22
progress 701 10 12 308.048
progress 701 15 4 247.02
progress 701 20 1 222.201
progress 702 0 23 343.568
progress 702 5 16 310.861
progress 702 10 12 286.464
progress 702 15 6 255.412
progress 702 20 2 244.391
progress 703 0 23 407.811
progress 703 5 18 384.053
progress 703 10 13 345.282
progress 703 15 8 320.183
progress 703 20 3 285.113
progress 704 0 23 363.812
progress 704 5 18 342.915
progress 704 10 13 317.302
progress 704 15 8 294.517
progress 704 20 3 272.948
progress 705 0 23 444.257
progress 705 5 17 397.994
progress 705 10 12 353.575
progress 705 15 7 291.743
progress 705 20 0 254.902
progress 706 0 23 316.886
progress 706 5 17 300.818
progress 706 10 13 286.848
progress 706 15 7 279.569
progress 706 20 3 278.863
progress 707 0 23 358.685
progress 707 5 18 338.927
progress 707 10 13 313.709
progress 707 15 8 295.695
progress 707 20 3 278.63
progress 708 0 23 282.498
progress 708 5 18 260.166
progress 708 10 13 237.013
progress 708 15 8 203.857
progress 708 20 3 180.8
progress 709 0 23 283.441
progress 709 5 18 261.355
progress 709 10 13 239.231
progress 709 15 8 201.843
progress 709 20 3 174.942
progress 710 0 23 343.429
progress 710 5 17 320.756
progress 710 10 12 305.373
progress 710 15 6 287.4
progress 710 20 3 281.584
progress 711 0 23 476.131
progress 711 5 17 439.833
progress 711 10 12 400.547
progress 711 15 7 364.985
progress 711 20 1 348.149
progress 712 0 23 510.764
progress 712 5 18 475.769
progress 712 10 13 429.31
progress 712 15 8 395.166
progress 712 20 3 362.262
progress 713 0 23 318.352
progress 713 5 17 300.202
progress 713 10 12 287.863
progress 713 15 8 289.818
progress 713 20 3 296.147
progress 714 0 23 272.283
progress 714 5 18 253.779
progress 714 10 13 233.757
progress 714 15 8 219.068
progress 714 20 3 206.773
progress 715 0 23 476.165
progress 715 5 17 439.851
progress 715 10 12 406.564
progress 715 15 7 377.427
progress 715 20 2 359.695
progress 716 0 23 307.43
progress 716 5 17 288.883
progress 716 10 12 274.592
progress 716 15 7 273.393
progress 716 20 3 271.825
progress 717 0 23 249.231
progress 717 5 18 235.259
progress 717 10 13 215.549
progress 717 15 8 200.911
progress 717 20 3 187.645
progress 718 0 23 316.341
progress 718 5 18 300.736
progress 718 10 13 273.175
progress 718 15 8 260.482
progress 718 20 3 246.917
progress 719 0 23 212.344
progress 719 5 18 210.932
progress 719 10 13 209.133
progress 719 15 8 220.44
progress 719 20 3 229.28
progress 720 0 23 480.704
progress 720 5 18 444.013
progress 720 10 13 390.323
progress 720 15 8 344.059
progress 720 20 3 293.145
progress 721 0 23 327.589
progress 721 5 18 300.012
progress 721 10 13 270.654
progress 721 15 8 241.78
progress 721 20 3 214.48
progress 722 0 23 187.27
progress 722 5 18 181.307
progress 722 10 13 172.918
progress 722 15 8 173.211
progress 722 20 3 178.682
progress 723 0 23 282.594
progress 723 5 17 263.563
progress 723 10 12 251.614
progress 723 15 7 238.388
progress 723 20 3 239.194
progress 724 0 23 329.38
progress 724 5 17 302.491
progress 724 10 12 280.288
progress 724 15 6 250.399
progress 724 20 1 237.231
progress 725 0 23 335.297
progress 725 5 17 308.581
progress 725 10 12 284.63
progress 725 15 6 261.482
progress 725 20 3 249.748
progress 726 0 23 357.434
progress 726 5 18 339.5
progress 726 10 13 319.836
progress 726 15 8 312.052
progress 726 20 3 301.988
progress 727 0 23 471.993
progress 727 5 17 423.66
progress 727 10 12 381.807
progress 727 15 6 327.117
progress 727 20 1 301.593
progress 728 0 23 339.505
progress 728 5 18 315.698
progress 728 10 13 286.437
progress 728 15 8 241.624
progress 728 20 3 208.666
progress 729 0 23 427.071
progress 729 5 17 389.558
progress 729 10 12 349.776
progress 729 15 6 302.258
progress 729 20 0 270.794
progress 730 0 23 248.165
progress 730 5 16 224.16
progress 730 10 12 212.378
progress 730 15 6 194.966
progress 730 20 3 192.964
progress 731 0 23 489.706
progress 731 5 17 439.374
progress 731 10 12 385.581
progress 731 15 5 329.879
progress 731 20 1 284.318
progress 732 0 23 296.557
progress 732 5 18 274.788
progress 732 10 13 254.114
progress 732 15 8 230.141
progress 732 20 3 211.803
progress 733 0 23 576.149
progress 733 5 18 539.437
progress 733 10 13 488.89
progress 733 15 8 439.145
progress 733 20 3 380.724
progress 734 0 23 399.64
progress 734 5 18 375.57
progress 734 10 13 346.85
progress 734 15 8 318.114
progress 734 20 3 294.432
progress 735 0 23 339.432
progress 735 5 18 326.214
progress 735 10 13 305.005
progress 735 15 8 294.5
progress 735 20 3 280.048
progress 736 0 23 385.252
progress 736 5 18 371.685
progress 736 10 13 346.77
progress 736 15 8 336.431
progress 736 20 3 325.282
progress 737 0 23 366.332
progress 737 5 17 333.239
progress 737 10 12 296.49
progress 737 15 6 263.334
progress 737 20 1 238.704
progress 738 0 23 240.79
progress 738 5 18 229.528
progress 738 10 13 223.852
progress 738 15 8 215.958
progress 738 20 3 214.781
progress 739 0 23 300.16
progress 739 5 16 267.879
progress 739 10 12 241.115
progress 739 15 7 201.46
progress 739 20 2 181.624
progress 740 0 23 493.441
progress 740 5 18 468.967
progress 740 10 13 432.153
progress 740 15 8 409.741
progress 740 20 3 392.706
progress 741 0 23 318.053
progress 741 5 17 294.089
progress 741 10 12 270.296
progress 741 15 7 248.115
progress 741 20 1 239.324
progress 742 0 23 340.138
progress 742 5 18 318.234
progress 742 10 13 293.64
progress 742 15 8 264.93
progress 742 20 3 242.816
progress 743 0 23 266.284
progress 743 5 18 256.116
progress 743 10 13 244.661
progress 743 15 8 242.163
progress 743 20 3 239.634
progress 744 0 23 411.86
progress 744 5 18 389.441
progress 744 10 13 365.032
progress 744 15 8 333.716
progress 744 20 3 311.41
progress 745 0 23 210.538
progress 745 5 17 194.951
progress 745 10 12 183.946
progress 745 15 7 173.634
progress 745 20 2 173.616
progress 746 0 23 463.449
progress 746 5 17 414.26
progress 746 10 12 373.113
progress 746 15 6 318.648
progress 746 20 0 288.876
progress 747 0 23 290.138
progress 747 5 16 256.971
progress 747 10 12 232.655
progress 747 15 4 194.07
progress 747 20 2 181.445
progress 748 0 23 313.768
progress 748 5 18 291.461
progress 748 10 13 265.782
progress 748 15 8 218.03
progress 748 20 3 185.818
progress 749 0 23 329.737
progress 749 5 18 299.891
progress 749 10 13 269.036
progress 749 15 8 230.614
progress 749 20 3 199.095
progress 750 0 23 266.824
progress 750 5 18 259.638
progress 750 10 13 251.885
progress 750 15 8 259.019
progress 750 20 3 268.737
progress 751 0 23 512.75
progress 751 5 18 484.133
progress 751 10 13 447.731
progress 751 15 8 420.58
progress 751 20 3 383.94
progress 752 0 23 496.016
progress 752 5 16 435.651
progress 752 10 12 381.201
progress 752 15 6 307.026
progress 752 20 0 253.644
progress 753 0 23 226.942
progress 753 5 18 212.279
progress 753 10 13 195.559
progress 753 15 8 179.276
progress 753 20 3 165.326
progress 754 0 23 426.696
progress 754 5 16 371.961
progress 754 10 11 320.449
progress 754 15 4 250.31
progress 754 20 1 207.176
progress 755 0 23 410.188
progress 755 5 17 387.169
progress 755 10 12 363.921
progress 755 15 7 346.022
progress 755 20 3 343.763
progress 756 0 23 394.173
progress 756 5 17 360.672
progress 756 10 12 329.559
progress 756 15 7 292.705
progress 756 20 1 270.243
progress 757 0 23 204.548
progress 757 5 18 199.694
progress 757 10 13 194.448
progress 757 15 8 201.817
progress 757 20 3 206.404
progress 758 0 23 346.332
progress 758 5 18 337.136
progress 758 10 13 317.374
progress 758 15 8 314.921
progress 758 20 3 329.059
progress 759 0 23 399.008
progress 759 5 17 363.758
progress 759 10 12 330.545
progress 759 15 6 280.256
progress 759 20 1 250.896
progress 760 0 23 391.368
progress 760 5 17 361.374
progress 760 10 12 325.072
progress 760 15 7 301.308
progress 760 20 1 283.911
progress 761 0 23 452.425
progress 761 5 18 422.47
progress 761 10 13 384.254
progress 761 15 8 356.834
progress 761 20 3 324.987
progress 762 0 23 223.86
progress 762 5 17 204.063
progress 762 10 12 186.683
progress 762 15 6 156.139
progress 762 20 0 142.157
progress 763 0 23 236.494
progress 763 5 17 215.592
progress 763 10 12 197.379
progress 763 15 7 163.813
progress 763 20 2 149.485
progress 764 0 23 241.863
progress 764 5 17 231.31
progress 764 10 12 225.891
progress 764 15 7 221.961
progress 764 20 3 225.018
progress 765 0 23 267.983
progress 765 5 18 256.691
progress 765 10 13 245.827
progress 765 15 8 224.478
progress 765 20 3 213.38
progress 766 0 23 543.265
progress 766 5 17 493.66
progress 766 10 12 442.554
progress 766 15 7 392.571
progress 766 20 2 356.762
progress 767 0 23 235.167
progress 767 5 18 230.978
progress 767 10 13 226.551
progress 767 15 8 234.717
progress 767 20 3 237.764
progress 768 0 23 337.224
progress 768 5 18 319.333
progress 768 10 13 290.126
progress 768 15 8 268.882
progress 768 20 3 254.69
progress 769 0 23 536.199
progress 769 5 18 496.949
progress 769 10 13 434.978
progress 769 15 8 383.848
progress 769 20 3 318.762
progress 770 0 23 213.809
progress 770 5 17 206.237
progress 770 10 12 201.807
progress 770 15 8 207.227
progress 770 20 3 211.948
progress 771 0 23 380.706
progress 771 5 18 354.438
progress 771 10 13 322.61
progress 771 15 8 278.754
progress 771 20 3 239.257
progress 772 0 23 443.514
progress 772 5 18 425.836
progress 772 10 13 395.496
progress 772 15 8 374.314
progress 772 20 3 351.746
progress 773 0 23 364.58
progress 773 5 18 339.252
progress 773 10 13 310.356
progress 773 15 8 277.149
progress 773 20 3 252.451
progress 774 0 23 524.488
progress 774 5 18 492.618
progress 774 10 13 448.458
progress 774 15 8 412.556
progress 774 20 3 372.767
progress 775 0 23 454.737
progress 775 5 18 430.049
progress 775 10 13 386.858
progress 775 15 8 359.726
progress 775 20 3 316.338
progress 776 0 23 313.258
progress 776 5 17 285.979
progress 776 10 12 264.156
progress 776 15 6 232.903
progress 776 20 2 222.385
progress 777 0 23 275.868
progress 777 5 17 253.556
progress 777 10 12 231.168
progress 777 15 7 201.962
progress 777 20 1 187.536
progress 778 0 23 398.812
progress 778 5 18 382.056
progress 778 10 13 353.734
progress 778 15 8 344.574
progress 778 20 3 353.229
progress 779 0 23 362.759
progress 779 5 18 326.14
progress 779 10 13 287.462
progress 779 15 8 236.663
progress 779 20 3 196.879
progress 780 0 23 349.799
progress 780 5 18 321.179
progress 780 10 13 284.156
progress 780 15 8 240.697
progress 780 20 3 201.314
progress 781 0 23 465.781
progress 781 5 18 440.63
progress 781 10 13 400.45
progress 781 15 8 374.96
progress 781 20 3 339.974
progress 782 0 23 265.146
progress 782 5 17 240.343
progress 782 10 12 217.383
progress 782 15 6 178.134
progress 782 20 1 159.178
progress 783 0 23 362.064
progress 783 5 18 335.714
progress 783 10 13 305.991
progress 783 15 8 269.507
progress 783 20 3 238.934
progress 784 0 23 301.172
progress 784 5 18 281.04
progress 784 10 13 258.899
progress 784 15 8 233.973
progress 784 20 3 213.55
progress 785 0 23 444.284
progress 785 5 17 411.603
progress 785 10 12 380.03
progress 785 15 7 347.854
progress 785 20 2 322.075
progress 786 0 23 295.995
progress 786 5 17 271.658
progress 786 10 12 249.643
progress 786 15 6 223.608
progress 786 20 2 213.172
progress 787 0 23 567.89
progress 787 5 18 525.106
progress 787 10 13 464.571
progress 787 15 8 413.476
progress 787 20 3 356.169
progress 788 0 23 204.143
progress 788 5 18 204.945
progress 788 10 13 206.307
progress 788 15 8 222.24
progress 788 20 3 239.808
progress 789 0 23 308.953
progress 789 5 17 287.039
progress 789 10 12 274.002
progress 789 15 6 258.326
progress 789 20 3 254.587
progress 790 0 23 539.626
progress 790 5 17 482.729
progress 790 10 12 427.248
progress 790 15 6 359.032
progress 790 20 1 311.51
progress 791 0 23 308.735
progress 791 5 16 275.254
progress 791 10 12 247.617
progress 791 15 7 212.018
progress 791 20 1 197.214
progress 792 0 23 338.356
progress 792 5 18 310.668
progress 792 10 13 277.104
progress 792 15 8 232.163
progress 792 20 3 194.768
progress 793 0 23 378.296
progress 793 5 16 336.495
progress 793 10 12 300.533
progress 793 15 5 259.304
progress 793 20 2 235.834
progress 794 0 23 389.499
progress 794 5 18 372.348
progress 794 10 13 344.422
progress 794 15 8 336.868
progress 794 20 3 336.151
progress 795 0 23 513.549
progress 795 5 18 477.519
progress 795 10 13 429.019
progress 795 15 8 381.012
progress 795 20 3 323.48
progress 796 0 23 351.335
progress 796 5 17 316.983
progress 796 10 12 282.504
progress 796 15 6 238.386
progress 796 20 0 209.848
progress 797 0 23 321.641
progress 797 5 17 311.836
progress 797 10 13 304.103
progress 797 15 8 310.627
progress 797 20 3 316.434
progress 798 0 23 230.065
progress 798 5 17 212.38
progress 798 10 12 197.489
progress 798 15 7 177.128
progress 798 20 2 173.027
progress 799 0 23 270.958
progress 799 5 18 253.129
progress 799 10 13 229.815
progress 799 15 8 210.387
progress 799 20 3 192.297
progress 800 0 23 162.826
progress 800 5 17 156.054
progress 800 10 13 155.535
progress 800 15 8 156.585
progress 800 20 3 159.923
progress 801 0 23 382.645
progress 801 5 17 356.316
progress 801 10 12 334.925
progress 801 15 7 309.251
progress 801 20 3 300.708
progress 802 0 23 394.391
progress 802 5 16 349.1
progress 802 10 12 311.139
progress 802 15 6 264.128
progress 802 20 1 238.064
progress 803 0 23 234.914
progress 803 5 18 221.79
progress 803 10 13 205.251
progress 803 15 8 191.422
progress 803 20 3 177.246
progress 804 0 23 419.561
progress 804 5 18 409.18
progress 804 10 13 388.914
progress 804 15 8 388.408
progress 804 20 3 397.684
progress 805 0 23 498.175
progress 805 5 17 442.492
progress 805 10 12 387.521
progress 805 15 7 322.984
progress 805 20 2 279.492
progress 806 0 23 453.253
progress 806 5 18 429.51
progress 806 10 13 389.695
progress 806 15 8 361.408
progress 806 20 3 327.603
progress 807 0 23 361.885
progress 807 5 17 330.167
progress 807 10 12 297.383
progress 807 15 7 274.677
progress 807 20 1 260.662
progress 808 0 23 479.057
progress 808 5 18 444.176
progress 808 10 13 393.033
progress 808 15 8 349.594
progress 808 20 3 306.724
progress 809 0 23 293.807
progress 809 5 17 275.564
progress 809 10 12 266.2
progress 809 15 6 261.927
progress 809 20 3 261
progress 810 0 23 341.655
progress 810 5 18 319.195
progress 810 10 13 291.816
progress 810 15 8 258.962
progress 810 20 3 231.056
progress 811 0 23 573.319
progress 811 5 18 534.86
progress 811 10 13 484.42
progress 811 15 8 448.834
progress 811 20 3 397.978
progress 812 0 23 296.137
progress 812 5 18 283.496
progress 812 10 13 264.45
progress 812 15 8 259.557
progress 812 20 3 268.528
progress 813 0 23 240.773
progress 813 5 18 231.446
progress 813 10 12 224.336
progress 813 15 7 224.194
progress 813 20 3 226.391
progress 814 0 23 213.383
progress 814 5 17 201.307
progress 814 10 12 191.06
progress 814 15 7 187.221
progress 814 20 3 186.094
progress 815 0 23 276.237
progress 815 5 16 248.151
progress 815 10 12 230.915
progress 815 15 6 206.526
progress 815 20 2 200.459
progress 816 0 23 159.506
progress 816 5 17 152.744
progress 816 10 13 148.875
progress 816 15 8 148.289
progress 816 20 3 150.888
progress 817 0 23 277.262
progress 817 5 18 256.778
progress 817 10 12 237.755
progress 817 15 7 223.927
progress 817 20 2 216.076
progress 818 0 23 385.227
progress 818 5 17 360.1
progress 818 10 12 332.72
progress 818 15 7 303.9
progress 818 20 2 294.336
progress 819 0 23 441.643
progress 819 5 17 406.962
progress 819 10 12 374.84
progress 819 15 6 344.221
progress 819 20 2 330.395
progress 820 0 23 474.718
progress 820 5 18 454.079
progress 820 10 13 421.569
progress 820 15 8 395.028
progress 820 20 3 366.95
progress 821 0 23 330.07
progress 821 5 17 305.192
progress 821 10 12 281.419
progress 821 15 7 259.183
progress 821 20 2 250.775
progress 822 0 23 300.213
progress 822 5 18 285.723
progress 822 10 13 259.652
progress 822 15 8 241.466
progress 822 20 3 230.434
progress 823 0 23 331.37
progress 823 5 18 308.418
progress 823 10 13 287.633
progress 823 15 8 255.333
progress 823 20 3 233.647
progress 824 0 23 301.538
progress 824 5 18 274.977
progress 824 10 13 246.822
progress 824 15 8 204.607
progress 824 20 3 172.752
progress 825 0 23 450.34
progress 825 5 18 412.7
progress 825 10 13 363.403
progress 825 15 8 313.043
progress 825 20 3 265.26
progress 826 0 23 313.134
progress 826 5 18 299.235
progress 826 10 13 281.685
progress 826 15 8 277.823
progress 826 20 3 268.866
progress 827 0 23 319.337
progress 827 5 17 293.643
progress 827 10 12 270.961
progress 827 15 6 248.961
progress 827 20 2 240.714
progress 828 0 23 439.794
progress 828 5 18 409.9
progress 828 10 13 363.787
progress 828 15 8 333.784
progress 828 20 3 297.693
progress 829 0 23 416.718
progress 829 5 18 391.567
progress 829 10 13 362.38
progress 829 15 8 327.237
progress 829 20 3 300.609
progress 830 0 23 521.78
progress 830 5 18 487.914
progress 830 10 13 437.721
progress 830 15 8 389.906
progress 830 20 3 335.896
progress 831 0 23 307.214
progress 831 5 17 283.698
progress 831 10 12 260.462
progress 831 15 7 241.249
progress 831 20 2 232.178
progress 832 0 23 487.747
progress 832 5 17 433.164
progress 832 10 12 373.23
progress 832 15 7 314.054
progress 832 20 1 260.089
progress 833 0 23 327.177
progress 833 5 18 306.258
progress 833 10 13 280.736
progress 833 15 8 266.676
progress 833 20 3 248.512
progress 834 0 23 227.351
progress 834 5 17 215.088
progress 834 10 12 206.208
progress 834 15 7 193.529
progress 834 20 3 194.456
progress 835 0 23 363.704
progress 835 5 17 344.255
progress 835 10 12 324.007
progress 835 15 7 317.776
progress 835 20 2 323.145
progress 836 0 23 382.854
progress 836 5 16 347.448
progress 836 10 12 320.519
progress 836 15 6 290.872
progress 836 20 2 281.563
progress 837 0 23 340.39
progress 837 5 18 326.735
progress 837 10 13 307.121
progress 837 15 8 290.207
progress 837 20 3 277.965
progress 838 0 23 335.247
progress 838 5 16 297.857
progress 838 10 12 273.456
progress 838 15 6 238.03
progress 838 20 2 224.92
progress 839 0 23 327.132
progress 839 5 18 309.135
progress 839 10 13 284.558
progress 839 15 8 266.863
progress 839 20 3 248.463
progress 840 0 23 441.255
progress 840 5 17 404.632
progress 840 10 12 371.263
progress 840 15 7 335.003
progress 840 20 1 315.167
progress 841 0 23 534.786
progress 841 5 18 491.035
progress 841 10 13 431.305
progress 841 15 8 377.033
progress 841 20 3 321.798
progress 842 0 23 428.767
progress 842 5 18 404.163
progress 842 10 13 369.033
progress 842 15 8 346.775
progress 842 20 3 336.284
progress 843 0 23 316.728
progress 843 5 16 288.143
progress 843 10 12 263.32
progress 843 15 5 228.412
progress 843 20 1 215.206
progress 844 0 23 231.701
progress 844 5 18 220.858
progress 844 10 13 204.258
progress 844 15 8 193.182
progress 844 20 3 182.369
progress 845 0 23 420.552
progress 845 5 18 393.957
progress 845 10 13 356.083
progress 845 15 8 328.769
progress 845 20 3 308.178
progress 846 0 23 197.91
progress 846 5 18 192.875
progress 846 10 13 190.249
progress 846 15 8 196.078
progress 846 20 3 199.893
progress 847 0 23 437.63
progress 847 5 18 417.478
progress 847 10 13 388.191
progress 847 15 8 366.55
progress 847 20 3 344.394
progress 848 0 23 482.746
progress 848 5 18 442.587
progress 848 10 13 393.08
progress 848 15 8 342.352
progress 848 20 3 291.722
progress 849 0 23 317.824
progress 849 5 17 298.102
progress 849 10 12 286.799
progress 849 15 7 275.599
progress 849 20 3 272.588
progress 850 0 23 496.939
progress 850 5 17 459.536
progress 850 10 12 427.219
progress 850 15 6 396.725
progress 850 20 1 385.963
progress 851 0 23 314.459
progress 851 5 16 279.622
progress 851 10 12 250.351
progress 851 15 7 216.991
progress 851 20 1 197.919
progress 852 0 23 381.979
progress 852 5 18 363.381
progress 852 10 13 337.275
progress 852 15 8 315.483
progress 852 20 3 292.354
progress 853 0 23 480.357
progress 853 5 18 454.458
progress 853 10 13 410.733
progress 853 15 8 375.236
progress 853 20 3 334.44
progress 854 0 23 252.892
progress 854 5 18 248.437
progress 854 10 13 243.604
progress 854 15 8 254.204
progress 854 20 3 269.975
progress 855 0 23 323.571
progress 855 5 17 303.551
progress 855 10 12 286.121
progress 855 15 8 278.993
progress 855 20 3 286.867
progress 856 0 23 280.343
progress 856 5 17 257.052
progress 856 10 12 234.088
progress 856 15 7 199.74
progress 856 20 1 184.971
progress 857 0 23 338.968
progress 857 5 17 305.162
progress 857 10 12 275.769
progress 857 15 6 236.115
progress 857 20 2 217.041
progress 858 0 23 471.603
progress 858 5 17 438.05
progress 858 10 12 405.348
progress 858 15 7 365.536
progress 858 20 3 341.699
progress 859 0 23 377.988
progress 859 5 18 363.729
progress 859 10 13 338.245
progress 859 15 8 324.427
progress 859 20 3 320.871
progress 860 0 23 346.486
progress 860 5 17 318.35
progress 860 10 12 292.934
progress 860 15 7 269.63
progress 860 20 1 259.91
progress 861 0 23 401.984
progress 861 5 18 376.398
progress 861 10 13 338.382
progress 861 15 8 292.099
progress 861 20 3 249.805
progress 862 0 23 334.077
progress 862 5 18 326.022
progress 862 10 13 311.259
progress 862 15 8 317.076
progress 862 20 3 322.503
progress 863 0 23 515.484
progress 863 5 18 466.42
progress 863 10 13 407.631
progress 863 15 8 334.944
progress 863 20 3 264.977
progress 864 0 23 414.605
progress 864 5 17 377.155
progress 864 10 12 339.762
progress 864 15 7 300.387
progress 864 20 2 277.211
progress 865 0 23 296.283
progress 865 5 18 277.163
progress 865 10 13 253.976
progress 865 15 8 229.837
progress 865 20 3 207.007
progress 866 0 23 364.657
progress 866 5 18 341.351
progress 866 10 13 312.716
progress 866 15 8 298.279
progress 866 20 3 278.688
progress 867 0 23 378.063
progress 867 5 18 346.285
progress 867 10 13 308.339
progress 867 15 8 263.673
progress 867 20 3 225.407
progress 868 0 23 619.054
progress 868 5 18 567.744
progress 868 10 13 501.941
progress 868 15 8 437.667
progress 868 20 3 360.751
progress 869 0 23 282.302
progress 869 5 17 259.252
progress 869 10 12 239.544
progress 869 15 5 205.284
progress 869 20 2 195.622
progress 870 0 23 396.786
progress 870 5 18 378.97
progress 870 10 13 351.878
progress 870 15 8 343.202
progress 870 20 3 354.732
progress 871 0 23 406.972
progress 871 5 17 378.343
progress 871 10 12 351.558
progress 871 15 7 323.97
progress 871 20 1 307.303
progress 872 0 23 460.096
progress 872 5 18 429.393
progress 872 10 13 379.709
progress 872 15 8 330.286
progress 872 20 3 277.574
progress 873 0 23 324.291
progress 873 5 17 289.437
progress 873 10 12 260.709
progress 873 15 6 218.37
progress 873 20 0 196.779
progress 874 0 23 208.356
progress 874 5 18 196.745
progress 874 10 13 187.825
progress 874 15 8 183.849
progress 874 20 3 182.626
progress 875 0 23 444.244
progress 875 5 18 418.493
progress 875 10 13 385.187
progress 875 15 8 368.445
progress 875 20 3 344.006
progress 876 0 23 314.717
progress 876 5 17 294.21
progress 876 10 12 273.439
progress 876 15 7 254.186
progress 876 20 1 245.064
progress 877 0 23 256.668
progress 877 5 17 245.33
progress 877 10 12 238.94
progress 877 15 7 239.082
progress 877 20 3 243.534
progress 878 0 23 395.978
progress 878 5 17 351.541
progress 878 10 12 310.939
progress 878 15 6 260.148
progress 878 20 1 229.066
progress 879 0 23 515.347
progress 879 5 17 463.146
progress 879 10 12 408.19
progress 879 15 6 342.38
progress 879 20 1 291.149
progress 880 0 23 262.623
progress 880 5 18 252.647
progress 880 10 13 240.357
progress 880 15 8 230.231
progress 880 20 3 220.785
progress 881 0 23 432.176
progress 881 5 18 391.833
progress 881 10 13 346.622
progress 881 15 8 285.46
progress 881 20 3 237.207
progress 882 0 23 310.893
progress 882 5 17 298.585
progress 882 10 12 288.846
progress 882 15 8 294.352
progress 882 20 3 306.767
progress 883 0 23 281.724
progress 883 5 17 256.369
progress 883 10 12 233.231
progress 883 15 7 205.752
progress 883 20 1 189.572
progress 884 0 23 298.291
progress 884 5 18 279.613
progress 884 10 13 253.154
progress 884 15 8 217.597
progress 884 20 3 189.87
progress 885 0 23 341.913
progress 885 5 17 316.678
progress 885 10 12 294.711
progress 885 15 7 273.477
progress 885 20 2 263.922
progress 886 0 23 267.845
progress 886 5 18 257.15
progress 886 10 13 247.347
progress 886 15 8 235.519
progress 886 20 3 229.843
progress 887 0 23 214.899
progress 887 5 18 206.005
progress 887 10 13 193.502
progress 887 15 8 185.218
progress 887 20 3 175.068
progress 888 0 23 312.174
progress 888 5 18 292.652
progress 888 10 13 272.669
progress 888 15 8 238.392
progress 888 20 3 215.394
progress 889 0 23 282.976
progress 889 5 17 264.791
progress 889 10 12 251.434
progress 889 15 7 238.715
progress 889 20 3 234.965
progress 890 0 23 325.312
progress 890 5 18 309.047
progress 890 10 13 283.002
progress 890 15 8 261.037
progress 890 20 3 236.656
progress 891 0 23 346.7
progress 891 5 17 329.896
progress 891 10 12 317.098
progress 891 15 7 314.236
progress 891 20 2 326.5
progress 892 0 23 445.486
progress 892 5 18 415.313
progress 892 10 13 375.966
progress 892 15 8 347.022
progress 892 20 3 316.736
progress 893 0 23 266.354
progress 893 5 18 249.096
progress 893 10 13 233.314
progress 893 15 8 220.012
progress 893 20 3 209.199
progress 894 0 23 425.179
progress 894 5 16 376.14
progress 894 10 12 336.031
progress 894 15 7 282
progress 894 20 1 252.085
progress 895 0 23 262.19
progress 895 5 18 252.168
progress 895 10 13 246.027
progress 895 15 8 232.63
progress 895 20 3 227.445
progress 896 0 23 383.569
progress 896 5 17 358.035
progress 896 10 12 334.114
progress 896 15 7 315.65
progress 896 20 3 314.952
progress 897 0 23 442.527
progress 897 5 17 412.308
progress 897 10 12 385.224
progress 897 15 7 362.277
progress 897 20 3 350.218
progress 898 0 23 283.893
progress 898 5 17 256.257
progress 898 10 12 234.448
progress 898 15 7 208.438
progress 898 20 1 197.218
progress 899 0 23 284.003
progress 899 5 18 272.039
progress 899 10 13 256.071
progress 899 15 8 252.847
progress 899 20 3 245.735
progress 900 0 23 595.214
progress 900 5 18 547.157
progress 900 10 13 484.552
progress 900 15 8 424.819
progress 900 20 3 354.971
progress 901 0 23 203.462
progress 901 5 17 197.036
progress 901 10 13 198.127
progress 901 15 8 201.505
progress 901 20 3 207.515
progress 902 0 23 230.504
progress 902 5 17 211.282
progress 902 10 12 200.585
progress 902 15 6 188.878
progress 902 20 3 185.573
progress 903 0 23 255.778
progress 903 5 18 246.819
progress 903 10 13 231.012
progress 903 15 8 226.502
progress 903 20 3 233.562
progress 904 0 23 382.442
progress 904 5 18 367.715
progress 904 10 13 341.545
progress 904 15 8 329.386
progress 904 20 3 317.425
progress 905 0 23 323.807
progress 905 5 18 304.135
progress 905 10 13 275.342
progress 905 15 8 256.691
progress 905 20 3 239.931
progress 906 0 23 314.672
progress 906 5 17 296.362
progress 906 10 12 279.356
progress 906 15 7 275.085
progress 906 20 3 273.689
progress 907 0 23 205.047
progress 907 5 18 193.241
progress 907 10 13 178.447
progress 907 15 8 172.024
progress 907 20 3 164.619
progress 908 0 23 605.922
progress 908 5 18 559.511
progress 908 10 13 491.165
progress 908 15 8 438.078
progress 908 20 3 372.112
progress 909 0 23 548.646
progress 909 5 18 504.222
progress 909 10 13 453.41
progress 909 15 8 402.173
progress 909 20 3 350.649
progress 910 0 23 307.192
progress 910 5 18 296.655
progress 910 10 13 283.534
progress 910 15 8 284.137
progress 910 20 3 290.837
progress 911 0 23 360.709
progress 911 5 18 342.877
progress 911 10 13 316.51
progress 911 15 8 301.333
progress 911 20 3 280.512
progress 912 0 23 342.789
progress 912 5 18 317.839
progress 912 10 13 290.25
progress 912 15 8 250.797
progress 912 20 3 221.832
progress 913 0 23 577.131
progress 913 5 17 521.669
progress 913 10 12 466.075
progress 913 15 6 398.069
progress 913 20 1 352.358
progress 914 0 23 499.993
progress 914 5 17 458.22
progress 914 10 12 421.59
progress 914 15 6 377.222
progress 914 20 0 357.306
progress 915 0 23 328.225
progress 915 5 17 300.114
progress 915 10 12 276.346
progress 915 15 6 239.768
progress 915 20 2 224.399
progress 916 0 23 326.399
progress 916 5 18 313.949
progress 916 10 13 292.984
progress 916 15 8 289.725
progress 916 20 3 293.177
progress 917 0 23 147.595
progress 917 5 18 144.284
progress 917 10 13 143.445
progress 917 15 8 151.308
progress 917 20 3 159.072
progress 918 0 23 337.134
progress 918 5 18 314.602
progress 918 10 13 286.675
progress 918 15 8 265.856
progress 918 20 3 239.613
progress 919 0 23 530.127
progress 919 5 18 490.442
progress 919 10 13 439.937
progress 919 15 8 395.604
progress 919 20 3 343.669
progress 920 0 23 451.125
progress 920 5 18 421.808
progress 920 10 13 379.374
progress 920 15 8 356.156
progress 920 20 3 323.547
progress 921 0 23 394.464
progress 921 5 18 374.837
progress 921 10 13 342.24
progress 921 15 8 319.608
progress 921 20 3 301.267
progress 922 0 23 260.192
progress 922 5 17 247.152
progress 922 10 12 235.74
progress 922 15 7 225.729
progress 922 20 3 223.992
progress 923 0 23 350.629
progress 923 5 18 341.483
progress 923 10 13 323.555
progress 923 15 8 320.512
progress 923 20 3 330.131
progress 924 0 23 295.267
progress 924 5 17 273.227
progress 924 10 12 253.02
progress 924 15 7 244.786
progress 924 20 2 243.178
progress 925 0 23 537.408
progress 925 5 18 502.681
progress 925 10 13 454.297
progress 925 15 8 414.904
progress 925 20 3 364.319
progress 926 0 23 370.444
progress 926 5 18 355.43
progress 926 10 13 329.979
progress 926 15 8 321.39
progress 926 20 3 327.676
progress 927 0 23 384.286
progress 927 5 18 350.756
progress 927 10 13 313.363
progress 927 15 8 253.485
progress 927 20 3 207.402
progress 928 0 23 280.585
progress 928 5 17 259.951
progress 928 10 12 242.257
progress 928 15 6 218.764
progress 928 20 2 211.173
progress 929 0 23 405.032
progress 929 5 18 381.305
progress 929 10 13 347.932
progress 929 15 8 327.673
progress 929 20 3 296.029
progress 930 0 23 481.351
progress 930 5 17 434.592
progress 930 10 12 389.04
progress 930 15 6 346.308
progress 930 20 0 318.693
