688 688
16 16
16 16 16 16 16 16 16 16 16 16 16 16 16 16 16 16 16 16 16 16 16 16 16 16 16 16 16 16 16 16 16 16 16 16 16 16 16 16 16 16 16 16 16 16 16 16 16 16 16 16 16 16 16 16 16 16 16 16 16 16 16 16 16 16 16 16 16 16 16 16 16 16 16 16 16 16 16 16 16 16 16 16 16 16 16 16 16 16 16 16 16 16 16 16 16 16 16 16 16 16 16 16 16 16 16 16 16 16 16 16 16 16 16 16 16 16 16 16 16 16 16 16 16 16 16 16 16 16 16 16 16 16 16 16 16 16 16 16 16 16 16 16 16 16 16 16 16 16 16 16 16 16 16 16 16 16 16 16 16 16 16 16 16 16 16 16 16 16 16 16 16 16 16 16 16 16 16 16 16 16 16 16 16 16 16 16 16 16 16 16 16 16 16 16 16 16 16 16 16 16 16 16 16 16 16 16 16 16 16 16 16 16 16 16 16 16 16 16 16 16 16 16 16 16 16 16 16 16 16 16 16 16 16 16 16 16 16 16 16 16 16 16 16 16 16 16 16 16 16 16 16 16 16 16 16 16 16 16 16 16 16 16 16 16 16 16 16 16 16 16 16 16 16 16 16 16 16 16 16 16 16 16 16 16 16 16 16 16 16 16 16 16 16 16 16 16 16 16 16 16 16 16 16 16 16 16 16 16 16 16 16 16 16 16 16 16 16 16 16 16 16 16 16 16 16 16 16 16 16 16 16 16 16 16 16 16 16 16 16 16 16 16 16 16 16 16 16 16 16 16 16 16 16 16 16 16 16 16 16 16 16 16 16 16 16 16 16 16 16 16 16 16 16 16 16 16 16 16 16 16 16 16 16 16 16 16 16 16 16 16 16 16 16 16 16 16 16 16 16 16 16 16 16 16 16 16 16 16 16 16 16 16 16 16 16 16 16 16 16 16 16 16 16 16 16 16 16 16 16 16 16 16 16 16 16 16 16 16 16 16 16 16 16 16 16 16 16 16 16 16 16 16 16 16 16 16 16 16 16 16 16 16 16 16 16 16 16 16 16 16 16 16 16 16 16 16 16 16 16 16 16 16 16 16 16 16 16 16 16 16 16 16 16 16 16 16 16 16 16 16 16 16 16 16 16 16 16 16 16 16 16 16 16 16 16 16 16 16 16 16 16 16 16 16 16 16 16 16 16 16 16 16 16 16 16 16 16 16 16 16 16 16 16 16 16 16 16 16 16 16 16 16 16 16 16 16 16 16 16 16 16 16 16 16 16 16 16 16 16 16 16 16 16 16 16 16 16 16 16 16 16 16 16 16 16 16 16 16 16 16 16 16 16 16 16 16 16 16 16 16 16 16 16 16 16 16 16 16 16 16 16 16 16 16 16 16 16 16 16 16 16 16 16 16 16 16 16 16 16 16 16 16 16 16 16 16 16 16 16 16 16 16 16 16 16 16 16 16 16 16 16 16 16 16 16 16 16 16 16 16 16 16 16 16 16 16 16 16 16 16 16 16 16 16 16 16 16 16 16 16 16 16 16 16 16 16 16 16 
16 16 16 16 16 16 16 16 16 16 16 16 16 16 16 16 16 16 16 16 16 16 16 16 16 16 16 16 16 16 16 16 16 16 16 16 16 16 16 16 16 16 16 16 16 16 16 16 16 16 16 16 16 16 16 16 16 16 16 16 16 16 16 16 16 16 16 16 16 16 16 16 16 16 16 16 16 16 16 16 16 16 16 16 16 16 16 16 16 16 16 16 16 16 16 16 16 16 16 16 16 16 16 16 16 16 16 16 16 16 16 16 16 16 16 16 16 16 16 16 16 16 16 16 16 16 16 16 16 16 16 16 16 16 16 16 16 16 16 16 16 16 16 16 16 16 16 16 16 16 16 16 16 16 16 16 16 16 16 16 16 16 16 16 16 16 16 16 16 16 16 16 16 16 16 16 16 16 16 16 16 16 16 16 16 16 16 16 16 16 16 16 16 16 16 16 16 16 16 16 16 16 16 16 16 16 16 16 16 16 16 16 16 16 16 16 16 16 16 16 16 16 16 16 16 16 16 16 16 16 16 16 16 16 16 16 16 16 16 16 16 16 16 16 16 16 16 16 16 16 16 16 16 16 16 16 16 16 16 16 16 16 16 16 16 16 16 16 16 16 16 16 16 16 16 16 16 16 16 16 16 16 16 16 16 16 16 16 16 16 16 16 16 16 16 16 16 16 16 16 16 16 16 16 16 16 16 16 16 16 16 16 16 16 16 16 16 16 16 16 16 16 16 16 16 16 16 16 16 16 16 16 16 16 16 16 16 16 16 16 16 16 16 16 16 16 16 16 16 16 16 16 16 16 16 16 16 16 16 16 16 16 16 16 16 16 16 16 16 16 16 16 16 16 16 16 16 16 16 16 16 16 16 16 16 16 16 16 16 16 16 16 16 16 16 16 16 16 16 16 16 16 16 16 16 16 16 16 16 16 16 16 16 16 16 16 16 16 16 16 16 16 16 16 16 16 16 16 16 16 16 16 16 16 16 16 16 16 16 16 16 16 16 16 16 16 16 16 16 16 16 16 16 16 16 16 16 16 16 16 16 16 16 16 16 16 16 16 16 16 16 16 16 16 16 16 16 16 16 16 16 16 16 16 16 16 16 16 16 16 16 16 16 16 16 16 16 16 16 16 16 16 16 16 16 16 16 16 16 16 16 16 16 16 16 16 16 16 16 16 16 16 16 16 16 16 16 16 16 16 16 16 16 16 16 16 16 16 16 16 16 16 16 16 16 16 16 16 16 16 16 16 16 16 16 16 16 16 16 16 16 16 16 16 16 16 16 16 16 16 16 16 16 16 16 16 16 16 16 16 16 16 16 16 16 16 16 16 16 16 16 16 16 16 16 16 16 16 16 16 16 16 16 16 16 16 16 16 16 16 16 16 16 16 16 16 16 16 16 16 16 16 16 16 16 16 16 16 16 16 16 16 16 16 16 16 16 16 16 16 16 16 16 16 16 16 16 16 16 16 16 16 16 16 16 16 16 16 16 16 16 16 16 16 16 16 16 16 16 16 16 16 16 16 16 16 16 16 16 16 16 16 16 16 16 16 16 16 
1 1	18 1	78 1	98 1	126 1	146 1	147 1	266 1	345 2	407 2	475 2	482 2	493 2	569 2	573 2	685 2	
2 1	19 1	79 1	99 1	127 1	147 1	148 1	267 1	346 2	408 2	476 2	483 2	494 2	570 2	574 2	686 2	
3 1	20 1	80 1	100 1	128 1	148 1	149 1	268 1	347 2	409 2	477 2	484 2	495 2	571 2	575 2	687 2	
4 1	21 1	81 1	101 1	129 1	149 1	150 1	269 1	348 2	410 2	478 2	485 2	496 2	572 2	576 2	688 2	
5 1	22 1	82 1	102 1	130 1	150 1	151 1	270 1	345 2	349 2	411 2	479 2	486 2	497 2	573 2	577 2	
6 1	23 1	83 1	103 1	131 1	151 1	152 1	271 1	346 2	350 2	412 2	480 2	487 2	498 2	574 2	578 2	
7 1	24 1	84 1	104 1	132 1	152 1	153 1	272 1	347 2	351 2	413 2	481 2	488 2	499 2	575 2	579 2	
8 1	25 1	85 1	105 1	133 1	153 1	154 1	273 1	348 2	352 2	414 2	482 2	489 2	500 2	576 2	580 2	
9 1	26 1	86 1	106 1	134 1	154 1	155 1	274 1	349 2	353 2	415 2	483 2	490 2	501 2	577 2	581 2	
10 1	27 1	87 1	107 1	135 1	155 1	156 1	275 1	350 2	354 2	416 2	484 2	491 2	502 2	578 2	582 2	
11 1	28 1	88 1	108 1	136 1	156 1	157 1	276 1	351 2	355 2	417 2	485 2	492 2	503 2	579 2	583 2	
12 1	29 1	89 1	109 1	137 1	157 1	158 1	277 1	352 2	356 2	418 2	486 2	493 2	504 2	580 2	584 2	
13 1	30 1	90 1	110 1	138 1	158 1	159 1	278 1	353 2	357 2	419 2	487 2	494 2	505 2	581 2	585 2	
14 1	31 1	91 1	111 1	139 1	159 1	160 1	279 1	354 2	358 2	420 2	488 2	495 2	506 2	582 2	586 2	
15 1	32 1	92 1	112 1	140 1	160 1	161 1	280 1	355 2	359 2	421 2	489 2	496 2	507 2	583 2	587 2	
16 1	33 1	93 1	113 1	141 1	161 1	162 1	281 1	356 2	360 2	422 2	490 2	497 2	508 2	584 2	588 2	
17 1	34 1	94 1	114 1	142 1	162 1	163 1	282 1	357 2	361 2	423 2	491 2	498 2	509 2	585 2	589 2	
18 1	35 1	95 1	115 1	143 1	163 1	164 1	283 1	358 2	362 2	424 2	492 2	499 2	510 2	586 2	590 2	
19 1	36 1	96 1	116 1	144 1	164 1	165 1	284 1	359 2	363 2	425 2	493 2	500 2	511 2	587 2	591 2	
20 1	37 1	97 1	117 1	145 1	165 1	166 1	285 1	360 2	364 2	426 2	494 2	501 2	512 2	588 2	592 2	
21 1	38 1	98 1	118 1	146 1	166 1	167 1	286 1	361 2	365 2	427 2	495 2	502 2	513 2	589 2	593 2	
22 1	39 1	99 1	119 1	147 1	167 1	168 1	287 1	362 2	366 2	428 2	496 2	503 2	514 2	590 2	594 2	
23 1	40 1	100 1	120 1	148 1	168 1	169 1	288 1	363 2	367 2	429 2	497 2	504 2	515 2	591 2	595 2	
24 1	41 1	101 1	121 1	149 1	169 1	170 1	289 1	364 2	368 2	430 2	498 2	505 2	516 2	592 2	596 2	
25 1	42 1	102 1	122 1	150 1	170 1	171 1	290 1	365 2	369 2	431 2	499 2	506 2	517 2	593 2	597 2	
26 1	43 1	103 1	123 1	151 1	171 1	172 1	291 1	366 2	370 2	432 2	500 2	507 2	518 2	594 2	598 2	
27 1	44 1	104 1	124 1	152 1	172 1	173 1	292 1	367 2	371 2	433 2	501 2	508 2	519 2	595 2	599 2	
28 1	45 1	105 1	125 1	153 1	173 1	174 1	293 1	368 2	372 2	434 2	502 2	509 2	520 2	596 2	600 2	
29 1	46 1	106 1	126 1	154 1	174 1	175 1	294 1	369 2	373 2	435 2	503 2	510 2	521 2	597 2	601 2	
30 1	47 1	107 1	127 1	155 1	175 1	176 1	295 1	370 2	374 2	436 2	504 2	511 2	522 2	598 2	602 2	
31 1	48 1	108 1	128 1	156 1	176 1	177 1	296 1	371 2	375 2	437 2	505 2	512 2	523 2	599 2	603 2	
32 1	49 1	109 1	129 1	157 1	177 1	178 1	297 1	372 2	376 2	438 2	506 2	513 2	524 2	600 2	604 2	
33 1	50 1	110 1	130 1	158 1	178 1	179 1	298 1	373 2	377 2	439 2	507 2	514 2	525 2	601 2	605 2	
34 1	51 1	111 1	131 1	159 1	179 1	180 1	299 1	374 2	378 2	440 2	508 2	515 2	526 2	602 2	606 2	
35 1	52 1	112 1	132 1	160 1	180 1	181 1	300 1	375 2	379 2	441 2	509 2	516 2	527 2	603 2	607 2	
36 1	53 1	113 1	133 1	161 1	181 1	182 1	301 1	376 2	380 2	442 2	510 2	517 2	528 2	604 2	608 2	
37 1	54 1	114 1	134 1	162 1	182 1	183 1	302 1	377 2	381 2	443 2	511 2	518 2	529 2	605 2	609 2	
38 1	55 1	115 1	135 1	163 1	183 1	184 1	303 1	378 2	382 2	444 2	512 2	519 2	530 2	606 2	610 2	
39 1	56 1	116 1	136 1	164 1	184 1	185 1	304 1	379 2	383 2	445 2	513 2	520 2	531 2	607 2	611 2	
40 1	57 1	117 1	137 1	165 1	185 1	186 1	305 1	380 2	384 2	446 2	514 2	521 2	532 2	608 2	612 2	
41 1	58 1	118 1	138 1	166 1	186 1	187 1	306 1	381 2	385 2	447 2	515 2	522 2	533 2	609 2	613 2	
42 1	59 1	119 1	139 1	167 1	187 1	188 1	307 1	382 2	386 2	448 2	516 2	523 2	534 2	610 2	614 2	
43 1	60 1	120 1	140 1	168 1	188 1	189 1	308 1	383 2	387 2	449 2	517 2	524 2	535 2	611 2	615 2	
44 1	61 1	121 1	141 1	169 1	189 1	190 1	309 1	384 2	388 2	450 2	518 2	525 2	536 2	612 2	616 2	
45 1	62 1	122 1	142 1	170 1	190 1	191 1	310 1	385 2	389 2	451 2	519 2	526 2	537 2	613 2	617 2	
46 1	63 1	123 1	143 1	171 1	191 1	192 1	311 1	386 2	390 2	452 2	520 2	527 2	538 2	614 2	618 2	
47 1	64 1	124 1	144 1	172 1	192 1	193 1	312 1	387 2	391 2	453 2	521 2	528 2	539 2	615 2	619 2	
48 1	65 1	125 1	145 1	173 1	193 1	194 1	313 1	388 2	392 2	454 2	522 2	529 2	540 2	616 2	620 2	
49 1	66 1	126 1	146 1	174 1	194 1	195 1	314 1	389 2	393 2	455 2	523 2	530 2	541 2	617 2	621 2	
50 1	67 1	127 1	147 1	175 1	195 1	196 1	315 1	390 2	394 2	456 2	524 2	531 2	542 2	618 2	622 2	
51 1	68 1	128 1	148 1	176 1	196 1	197 1	316 1	391 2	395 2	457 2	525 2	532 2	543 2	619 2	623 2	
52 1	69 1	129 1	149 1	177 1	197 1	198 1	317 1	392 2	396 2	458 2	526 2	533 2	544 2	620 2	624 2	
53 1	70 1	130 1	150 1	178 1	198 1	199 1	318 1	393 2	397 2	459 2	527 2	534 2	545 2	621 2	625 2	
54 1	71 1	131 1	151 1	179 1	199 1	200 1	319 1	394 2	398 2	460 2	528 2	535 2	546 2	622 2	626 2	
55 1	72 1	132 1	152 1	180 1	200 1	201 1	320 1	395 2	399 2	461 2	529 2	536 2	547 2	623 2	627 2	
56 1	73 1	133 1	153 1	181 1	201 1	202 1	321 1	396 2	400 2	462 2	530 2	537 2	548 2	624 2	628 2	
57 1	74 1	134 1	154 1	182 1	202 1	203 1	322 1	397 2	401 2	463 2	531 2	538 2	549 2	625 2	629 2	
58 1	75 1	135 1	155 1	183 1	203 1	204 1	323 1	398 2	402 2	464 2	532 2	539 2	550 2	626 2	630 2	
59 1	76 1	136 1	156 1	184 1	204 1	205 1	324 1	399 2	403 2	465 2	533 2	540 2	551 2	627 2	631 2	
60 1	77 1	137 1	157 1	185 1	205 1	206 1	325 1	400 2	404 2	466 2	534 2	541 2	552 2	628 2	632 2	
61 1	78 1	138 1	158 1	186 1	206 1	207 1	326 1	401 2	405 2	467 2	535 2	542 2	553 2	629 2	633 2	
62 1	79 1	139 1	159 1	187 1	207 1	208 1	327 1	402 2	406 2	468 2	536 2	543 2	554 2	630 2	634 2	
63 1	80 1	140 1	160 1	188 1	208 1	209 1	328 1	403 2	407 2	469 2	537 2	544 2	555 2	631 2	635 2	
64 1	81 1	141 1	161 1	189 1	209 1	210 1	329 1	404 2	408 2	470 2	538 2	545 2	556 2	632 2	636 2	
65 1	82 1	142 1	162 1	190 1	210 1	211 1	330 1	405 2	409 2	471 2	539 2	546 2	557 2	633 2	637 2	
66 1	83 1	143 1	163 1	191 1	211 1	212 1	331 1	406 2	410 2	472 2	540 2	547 2	558 2	634 2	638 2	
67 1	84 1	144 1	164 1	192 1	212 1	213 1	332 1	407 2	411 2	473 2	541 2	548 2	559 2	635 2	639 2	
68 1	85 1	145 1	165 1	193 1	213 1	214 1	333 1	408 2	412 2	474 2	542 2	549 2	560 2	636 2	640 2	
69 1	86 1	146 1	166 1	194 1	214 1	215 1	334 1	409 2	413 2	475 2	543 2	550 2	561 2	637 2	641 2	
70 1	87 1	147 1	167 1	195 1	215 1	216 1	335 1	410 2	414 2	476 2	544 2	551 2	562 2	638 2	642 2	
71 1	88 1	148 1	168 1	196 1	216 1	217 1	336 1	411 2	415 2	477 2	545 2	552 2	563 2	639 2	643 2	
72 1	89 1	149 1	169 1	197 1	217 1	218 1	337 1	412 2	416 2	478 2	546 2	553 2	564 2	640 2	644 2	
73 1	90 1	150 1	170 1	198 1	218 1	219 1	338 1	413 2	417 2	479 2	547 2	554 2	565 2	641 2	645 2	
74 1	91 1	151 1	171 1	199 1	219 1	220 1	339 1	414 2	418 2	480 2	548 2	555 2	566 2	642 2	646 2	
75 1	92 1	152 1	172 1	200 1	220 1	221 1	340 1	415 2	419 2	481 2	549 2	556 2	567 2	643 2	647 2	
76 1	93 1	153 1	173 1	201 1	221 1	222 1	341 1	416 2	420 2	482 2	550 2	557 2	568 2	644 2	648 2	
77 1	94 1	154 1	174 1	202 1	222 1	223 1	342 1	417 2	421 2	483 2	551 2	558 2	569 2	645 2	649 2	
78 1	95 1	155 1	175 1	203 1	223 1	224 1	343 1	418 2	422 2	484 2	552 2	559 2	570 2	646 2	650 2	
79 1	96 1	156 1	176 1	204 1	224 1	225 1	344 1	419 2	423 2	485 2	553 2	560 2	571 2	647 2	651 2	
1 1	80 1	97 1	157 1	177 1	205 1	225 1	226 1	420 2	424 2	486 2	554 2	561 2	572 2	648 2	652 2	
2 1	81 1	98 1	158 1	178 1	206 1	226 1	227 1	421 2	425 2	487 2	555 2	562 2	573 2	649 2	653 2	
3 1	82 1	99 1	159 1	179 1	207 1	227 1	228 1	422 2	426 2	488 2	556 2	563 2	574 2	650 2	654 2	
4 1	83 1	100 1	160 1	180 1	208 1	228 1	229 1	423 2	427 2	489 2	557 2	564 2	575 2	651 2	655 2	
5 1	84 1	101 1	161 1	181 1	209 1	229 1	230 1	424 2	428 2	490 2	558 2	565 2	576 2	652 2	656 2	
6 1	85 1	102 1	162 1	182 1	210 1	230 1	231 1	425 2	429 2	491 2	559 2	566 2	577 2	653 2	657 2	
7 1	86 1	103 1	163 1	183 1	211 1	231 1	232 1	426 2	430 2	492 2	560 2	567 2	578 2	654 2	658 2	
8 1	87 1	104 1	164 1	184 1	212 1	232 1	233 1	427 2	431 2	493 2	561 2	568 2	579 2	655 2	659 2	
9 1	88 1	105 1	165 1	185 1	213 1	233 1	234 1	428 2	432 2	494 2	562 2	569 2	580 2	656 2	660 2	
10 1	89 1	106 1	166 1	186 1	214 1	234 1	235 1	429 2	433 2	495 2	563 2	570 2	581 2	657 2	661 2	
11 1	90 1	107 1	167 1	187 1	215 1	235 1	236 1	430 2	434 2	496 2	564 2	571 2	582 2	658 2	662 2	
12 1	91 1	108 1	168 1	188 1	216 1	236 1	237 1	431 2	435 2	497 2	565 2	572 2	583 2	659 2	663 2	
13 1	92 1	109 1	169 1	189 1	217 1	237 1	238 1	432 2	436 2	498 2	566 2	573 2	584 2	660 2	664 2	
14 1	93 1	110 1	170 1	190 1	218 1	238 1	239 1	433 2	437 2	499 2	567 2	574 2	585 2	661 2	665 2	
15 1	94 1	111 1	171 1	191 1	219 1	239 1	240 1	434 2	438 2	500 2	568 2	575 2	586 2	662 2	666 2	
16 1	95 1	112 1	172 1	192 1	220 1	240 1	241 1	435 2	439 2	501 2	569 2	576 2	587 2	663 2	667 2	
17 1	96 1	113 1	173 1	193 1	221 1	241 1	242 1	436 2	440 2	502 2	570 2	577 2	588 2	664 2	668 2	
18 1	97 1	114 1	174 1	194 1	222 1	242 1	243 1	437 2	441 2	503 2	571 2	578 2	589 2	665 2	669 2	
19 1	98 1	115 1	175 1	195 1	223 1	243 1	244 1	438 2	442 2	504 2	572 2	579 2	590 2	666 2	670 2	
20 1	99 1	116 1	176 1	196 1	224 1	244 1	245 1	439 2	443 2	505 2	573 2	580 2	591 2	667 2	671 2	
21 1	100 1	117 1	177 1	197 1	225 1	245 1	246 1	440 2	444 2	506 2	574 2	581 2	592 2	668 2	672 2	
22 1	101 1	118 1	178 1	198 1	226 1	246 1	247 1	441 2	445 2	507 2	575 2	582 2	593 2	669 2	673 2	
23 1	102 1	119 1	179 1	199 1	227 1	247 1	248 1	442 2	446 2	508 2	576 2	583 2	594 2	670 2	674 2	
24 1	103 1	120 1	180 1	200 1	228 1	248 1	249 1	443 2	447 2	509 2	577 2	584 2	595 2	671 2	675 2	
25 1	104 1	121 1	181 1	201 1	229 1	249 1	250 1	444 2	448 2	510 2	578 2	585 2	596 2	672 2	676 2	
26 1	105 1	122 1	182 1	202 1	230 1	250 1	251 1	445 2	449 2	511 2	579 2	586 2	597 2	673 2	677 2	
27 1	106 1	123 1	183 1	203 1	231 1	251 1	252 1	446 2	450 2	512 2	580 2	587 2	598 2	674 2	678 2	
28 1	107 1	124 1	184 1	204 1	232 1	252 1	253 1	447 2	451 2	513 2	581 2	588 2	599 2	675 2	679 2	
29 1	108 1	125 1	185 1	205 1	233 1	253 1	254 1	448 2	452 2	514 2	582 2	589 2	600 2	676 2	680 2	
30 1	109 1	126 1	186 1	206 1	234 1	254 1	255 1	449 2	453 2	515 2	583 2	590 2	601 2	677 2	681 2	
31 1	110 1	127 1	187 1	207 1	235 1	255 1	256 1	450 2	454 2	516 2	584 2	591 2	602 2	678 2	682 2	
32 1	111 1	128 1	188 1	208 1	236 1	256 1	257 1	451 2	455 2	517 2	585 2	592 2	603 2	679 2	683 2	
33 1	112 1	129 1	189 1	209 1	237 1	257 1	258 1	452 2	456 2	518 2	586 2	593 2	604 2	680 2	684 2	
34 1	113 1	130 1	190 1	210 1	238 1	258 1	259 1	453 2	457 2	519 2	587 2	594 2	605 2	681 2	685 2	
35 1	114 1	131 1	191 1	211 1	239 1	259 1	260 1	454 2	458 2	520 2	588 2	595 2	606 2	682 2	686 2	
36 1	115 1	132 1	192 1	212 1	240 1	260 1	261 1	455 2	459 2	521 2	589 2	596 2	607 2	683 2	687 2	
37 1	116 1	133 1	193 1	213 1	241 1	261 1	262 1	456 2	460 2	522 2	590 2	597 2	608 2	684 2	688 2	
38 1	117 1	134 1	194 1	214 1	242 1	262 1	263 1	345 2	457 2	461 2	523 2	591 2	598 2	609 2	685 2	
39 1	118 1	135 1	195 1	215 1	243 1	263 1	264 1	346 2	458 2	462 2	524 2	592 2	599 2	610 2	686 2	
40 1	119 1	136 1	196 1	216 1	244 1	264 1	265 1	347 2	459 2	463 2	525 2	593 2	600 2	611 2	687 2	
41 1	120 1	137 1	197 1	217 1	245 1	265 1	266 1	348 2	460 2	464 2	526 2	594 2	601 2	612 2	688 2	
42 1	121 1	138 1	198 1	218 1	246 1	266 1	267 1	345 2	349 2	461 2	465 2	527 2	595 2	602 2	613 2	
43 1	122 1	139 1	199 1	219 1	247 1	267 1	268 1	346 2	350 2	462 2	466 2	528 2	596 2	603 2	614 2	
44 1	123 1	140 1	200 1	220 1	248 1	268 1	269 1	347 2	351 2	463 2	467 2	529 2	597 2	604 2	615 2	
45 1	124 1	141 1	201 1	221 1	249 1	269 1	270 1	348 2	352 2	464 2	468 2	530 2	598 2	605 2	616 2	
46 1	125 1	142 1	202 1	222 1	250 1	270 1	271 1	349 2	353 2	465 2	469 2	531 2	599 2	606 2	617 2	
47 1	126 1	143 1	203 1	223 1	251 1	271 1	272 1	350 2	354 2	466 2	470 2	532 2	600 2	607 2	618 2	
48 1	127 1	144 1	204 1	224 1	252 1	272 1	273 1	351 2	355 2	467 2	471 2	533 2	601 2	608 2	619 2	
49 1	128 1	145 1	205 1	225 1	253 1	273 1	274 1	352 2	356 2	468 2	472 2	534 2	602 2	609 2	620 2	
50 1	129 1	146 1	206 1	226 1	254 1	274 1	275 1	353 2	357 2	469 2	473 2	535 2	603 2	610 2	621 2	
51 1	130 1	147 1	207 1	227 1	255 1	275 1	276 1	354 2	358 2	470 2	474 2	536 2	604 2	611 2	622 2	
52 1	131 1	148 1	208 1	228 1	256 1	276 1	277 1	355 2	359 2	471 2	475 2	537 2	605 2	612 2	623 2	
53 1	132 1	149 1	209 1	229 1	257 1	277 1	278 1	356 2	360 2	472 2	476 2	538 2	606 2	613 2	624 2	
54 1	133 1	150 1	210 1	230 1	258 1	278 1	279 1	357 2	361 2	473 2	477 2	539 2	607 2	614 2	625 2	
55 1	134 1	151 1	211 1	231 1	259 1	279 1	280 1	358 2	362 2	474 2	478 2	540 2	608 2	615 2	626 2	
56 1	135 1	152 1	212 1	232 1	260 1	280 1	281 1	359 2	363 2	475 2	479 2	541 2	609 2	616 2	627 2	
57 1	136 1	153 1	213 1	233 1	261 1	281 1	282 1	360 2	364 2	476 2	480 2	542 2	610 2	617 2	628 2	
58 1	137 1	154 1	214 1	234 1	262 1	282 1	283 1	361 2	365 2	477 2	481 2	543 2	611 2	618 2	629 2	
59 1	138 1	155 1	215 1	235 1	263 1	283 1	284 1	362 2	366 2	478 2	482 2	544 2	612 2	619 2	630 2	
60 1	139 1	156 1	216 1	236 1	264 1	284 1	285 1	363 2	367 2	479 2	483 2	545 2	613 2	620 2	631 2	
61 1	140 1	157 1	217 1	237 1	265 1	285 1	286 1	364 2	368 2	480 2	484 2	546 2	614 2	621 2	632 2	
62 1	141 1	158 1	218 1	238 1	266 1	286 1	287 1	365 2	369 2	481 2	485 2	547 2	615 2	622 2	633 2	
63 1	142 1	159 1	219 1	239 1	267 1	287 1	288 1	366 2	370 2	482 2	486 2	548 2	616 2	623 2	634 2	
64 1	143 1	160 1	220 1	240 1	268 1	288 1	289 1	367 2	371 2	483 2	487 2	549 2	617 2	624 2	635 2	
65 1	144 1	161 1	221 1	241 1	269 1	289 1	290 1	368 2	372 2	484 2	488 2	550 2	618 2	625 2	636 2	
66 1	145 1	162 1	222 1	242 1	270 1	290 1	291 1	369 2	373 2	485 2	489 2	551 2	619 2	626 2	637 2	
67 1	146 1	163 1	223 1	243 1	271 1	291 1	292 1	370 2	374 2	486 2	490 2	552 2	620 2	627 2	638 2	
68 1	147 1	164 1	224 1	244 1	272 1	292 1	293 1	371 2	375 2	487 2	491 2	553 2	621 2	628 2	639 2	
69 1	148 1	165 1	225 1	245 1	273 1	293 1	294 1	372 2	376 2	488 2	492 2	554 2	622 2	629 2	640 2	
70 1	149 1	166 1	226 1	246 1	274 1	294 1	295 1	373 2	377 2	489 2	493 2	555 2	623 2	630 2	641 2	
71 1	150 1	167 1	227 1	247 1	275 1	295 1	296 1	374 2	378 2	490 2	494 2	556 2	624 2	631 2	642 2	
72 1	151 1	168 1	228 1	248 1	276 1	296 1	297 1	375 2	379 2	491 2	495 2	557 2	625 2	632 2	643 2	
73 1	152 1	169 1	229 1	249 1	277 1	297 1	298 1	376 2	380 2	492 2	496 2	558 2	626 2	633 2	644 2	
74 1	153 1	170 1	230 1	250 1	278 1	298 1	299 1	377 2	381 2	493 2	497 2	559 2	627 2	634 2	645 2	
75 1	154 1	171 1	231 1	251 1	279 1	299 1	300 1	378 2	382 2	494 2	498 2	560 2	628 2	635 2	646 2	
76 1	155 1	172 1	232 1	252 1	280 1	300 1	301 1	379 2	383 2	495 2	499 2	561 2	629 2	636 2	647 2	
77 1	156 1	173 1	233 1	253 1	281 1	301 1	302 1	380 2	384 2	496 2	500 2	562 2	630 2	637 2	648 2	
78 1	157 1	174 1	234 1	254 1	282 1	302 1	303 1	381 2	385 2	497 2	501 2	563 2	631 2	638 2	649 2	
79 1	158 1	175 1	235 1	255 1	283 1	303 1	304 1	382 2	386 2	498 2	502 2	564 2	632 2	639 2	650 2	
80 1	159 1	176 1	236 1	256 1	284 1	304 1	305 1	383 2	387 2	499 2	503 2	565 2	633 2	640 2	651 2	
81 1	160 1	177 1	237 1	257 1	285 1	305 1	306 1	384 2	388 2	500 2	504 2	566 2	634 2	641 2	652 2	
82 1	161 1	178 1	238 1	258 1	286 1	306 1	307 1	385 2	389 2	501 2	505 2	567 2	635 2	642 2	653 2	
83 1	162 1	179 1	239 1	259 1	287 1	307 1	308 1	386 2	390 2	502 2	506 2	568 2	636 2	643 2	654 2	
84 1	163 1	180 1	240 1	260 1	288 1	308 1	309 1	387 2	391 2	503 2	507 2	569 2	637 2	644 2	655 2	
85 1	164 1	181 1	241 1	261 1	289 1	309 1	310 1	388 2	392 2	504 2	508 2	570 2	638 2	645 2	656 2	
86 1	165 1	182 1	242 1	262 1	290 1	310 1	311 1	389 2	393 2	505 2	509 2	571 2	639 2	646 2	657 2	
87 1	166 1	183 1	243 1	263 1	291 1	311 1	312 1	390 2	394 2	506 2	510 2	572 2	640 2	647 2	658 2	
88 1	167 1	184 1	244 1	264 1	292 1	312 1	313 1	391 2	395 2	507 2	511 2	573 2	641 2	648 2	659 2	
89 1	168 1	185 1	245 1	265 1	293 1	313 1	314 1	392 2	396 2	508 2	512 2	574 2	642 2	649 2	660 2	
90 1	169 1	186 1	246 1	266 1	294 1	314 1	315 1	393 2	397 2	509 2	513 2	575 2	643 2	650 2	661 2	
91 1	170 1	187 1	247 1	267 1	295 1	315 1	316 1	394 2	398 2	510 2	514 2	576 2	644 2	651 2	662 2	
92 1	171 1	188 1	248 1	268 1	296 1	316 1	317 1	395 2	399 2	511 2	515 2	577 2	645 2	652 2	663 2	
93 1	172 1	189 1	249 1	269 1	297 1	317 1	318 1	396 2	400 2	512 2	516 2	578 2	646 2	653 2	664 2	
94 1	173 1	190 1	250 1	270 1	298 1	318 1	319 1	397 2	401 2	513 2	517 2	579 2	647 2	654 2	665 2	
95 1	174 1	191 1	251 1	271 1	299 1	319 1	320 1	398 2	402 2	514 2	518 2	580 2	648 2	655 2	666 2	
96 1	175 1	192 1	252 1	272 1	300 1	320 1	321 1	399 2	403 2	515 2	519 2	581 2	649 2	656 2	667 2	
97 1	176 1	193 1	253 1	273 1	301 1	321 1	322 1	400 2	404 2	516 2	520 2	582 2	650 2	657 2	668 2	
98 1	177 1	194 1	254 1	274 1	302 1	322 1	323 1	401 2	405 2	517 2	521 2	583 2	651 2	658 2	669 2	
99 1	178 1	195 1	255 1	275 1	303 1	323 1	324 1	402 2	406 2	518 2	522 2	584 2	652 2	659 2	670 2	
100 1	179 1	196 1	256 1	276 1	304 1	324 1	325 1	403 2	407 2	519 2	523 2	585 2	653 2	660 2	671 2	
101 1	180 1	197 1	257 1	277 1	305 1	325 1	326 1	404 2	408 2	520 2	524 2	586 2	654 2	661 2	672 2	
102 1	181 1	198 1	258 1	278 1	306 1	326 1	327 1	405 2	409 2	521 2	525 2	587 2	655 2	662 2	673 2	
103 1	182 1	199 1	259 1	279 1	307 1	327 1	328 1	406 2	410 2	522 2	526 2	588 2	656 2	663 2	674 2	
104 1	183 1	200 1	260 1	280 1	308 1	328 1	329 1	407 2	411 2	523 2	527 2	589 2	657 2	664 2	675 2	
105 1	184 1	201 1	261 1	281 1	309 1	329 1	330 1	408 2	412 2	524 2	528 2	590 2	658 2	665 2	676 2	
106 1	185 1	202 1	262 1	282 1	310 1	330 1	331 1	409 2	413 2	525 2	529 2	591 2	659 2	666 2	677 2	
107 1	186 1	203 1	263 1	283 1	311 1	331 1	332 1	410 2	414 2	526 2	530 2	592 2	660 2	667 2	678 2	
108 1	187 1	204 1	264 1	284 1	312 1	332 1	333 1	411 2	415 2	527 2	531 2	593 2	661 2	668 2	679 2	
109 1	188 1	205 1	265 1	285 1	313 1	333 1	334 1	412 2	416 2	528 2	532 2	594 2	662 2	669 2	680 2	
110 1	189 1	206 1	266 1	286 1	314 1	334 1	335 1	413 2	417 2	529 2	533 2	595 2	663 2	670 2	681 2	
111 1	190 1	207 1	267 1	287 1	315 1	335 1	336 1	414 2	418 2	530 2	534 2	596 2	664 2	671 2	682 2	
112 1	191 1	208 1	268 1	288 1	316 1	336 1	337 1	415 2	419 2	531 2	535 2	597 2	665 2	672 2	683 2	
113 1	192 1	209 1	269 1	289 1	317 1	337 1	338 1	416 2	420 2	532 2	536 2	598 2	666 2	673 2	684 2	
114 1	193 1	210 1	270 1	290 1	318 1	338 1	339 1	417 2	421 2	533 2	537 2	599 2	667 2	674 2	685 2	
115 1	194 1	211 1	271 1	291 1	319 1	339 1	340 1	418 2	422 2	534 2	538 2	600 2	668 2	675 2	686 2	
116 1	195 1	212 1	272 1	292 1	320 1	340 1	341 1	419 2	423 2	535 2	539 2	601 2	669 2	676 2	687 2	
117 1	196 1	213 1	273 1	293 1	321 1	341 1	342 1	420 2	424 2	536 2	540 2	602 2	670 2	677 2	688 2	
118 1	197 1	214 1	274 1	294 1	322 1	342 1	343 1	345 2	421 2	425 2	537 2	541 2	603 2	671 2	678 2	
119 1	198 1	215 1	275 1	295 1	323 1	343 1	344 1	346 2	422 2	426 2	538 2	542 2	604 2	672 2	679 2	
1 1	120 1	199 1	216 1	276 1	296 1	324 1	344 1	347 2	423 2	427 2	539 2	543 2	605 2	673 2	680 2	
1 1	2 1	121 1	200 1	217 1	277 1	297 1	325 1	348 2	424 2	428 2	540 2	544 2	606 2	674 2	681 2	
2 1	3 1	122 1	201 1	218 1	278 1	298 1	326 1	349 2	425 2	429 2	541 2	545 2	607 2	675 2	682 2	
3 1	4 1	123 1	202 1	219 1	279 1	299 1	327 1	350 2	426 2	430 2	542 2	546 2	608 2	676 2	683 2	
4 1	5 1	124 1	203 1	220 1	280 1	300 1	328 1	351 2	427 2	431 2	543 2	547 2	609 2	677 2	684 2	
5 1	6 1	125 1	204 1	221 1	281 1	301 1	329 1	352 2	428 2	432 2	544 2	548 2	610 2	678 2	685 2	
6 1	7 1	126 1	205 1	222 1	282 1	302 1	330 1	353 2	429 2	433 2	545 2	549 2	611 2	679 2	686 2	
7 1	8 1	127 1	206 1	223 1	283 1	303 1	331 1	354 2	430 2	434 2	546 2	550 2	612 2	680 2	687 2	
8 1	9 1	128 1	207 1	224 1	284 1	304 1	332 1	355 2	431 2	435 2	547 2	551 2	613 2	681 2	688 2	
9 1	10 1	129 1	208 1	225 1	285 1	305 1	333 1	345 2	356 2	432 2	436 2	548 2	552 2	614 2	682 2	
10 1	11 1	130 1	209 1	226 1	286 1	306 1	334 1	346 2	357 2	433 2	437 2	549 2	553 2	615 2	683 2	
11 1	12 1	131 1	210 1	227 1	287 1	307 1	335 1	347 2	358 2	434 2	438 2	550 2	554 2	616 2	684 2	
12 1	13 1	132 1	211 1	228 1	288 1	308 1	336 1	348 2	359 2	435 2	439 2	551 2	555 2	617 2	685 2	
13 1	14 1	133 1	212 1	229 1	289 1	309 1	337 1	349 2	360 2	436 2	440 2	552 2	556 2	618 2	686 2	
14 1	15 1	134 1	213 1	230 1	290 1	310 1	338 1	350 2	361 2	437 2	441 2	553 2	557 2	619 2	687 2	
15 1	16 1	135 1	214 1	231 1	291 1	311 1	339 1	351 2	362 2	438 2	442 2	554 2	558 2	620 2	688 2	
16 1	17 1	136 1	215 1	232 1	292 1	312 1	340 1	345 2	352 2	363 2	439 2	443 2	555 2	559 2	621 2	
17 1	18 1	137 1	216 1	233 1	293 1	313 1	341 1	346 2	353 2	364 2	440 2	444 2	556 2	560 2	622 2	
18 1	19 1	138 1	217 1	234 1	294 1	314 1	342 1	347 2	354 2	365 2	441 2	445 2	557 2	561 2	623 2	
19 1	20 1	139 1	218 1	235 1	295 1	315 1	343 1	348 2	355 2	366 2	442 2	446 2	558 2	562 2	624 2	
20 1	21 1	140 1	219 1	236 1	296 1	316 1	344 1	349 2	356 2	367 2	443 2	447 2	559 2	563 2	625 2	
1 1	21 1	22 1	141 1	220 1	237 1	297 1	317 1	350 2	357 2	368 2	444 2	448 2	560 2	564 2	626 2	
2 1	22 1	23 1	142 1	221 1	238 1	298 1	318 1	351 2	358 2	369 2	445 2	449 2	561 2	565 2	627 2	
3 1	23 1	24 1	143 1	222 1	239 1	299 1	319 1	352 2	359 2	370 2	446 2	450 2	562 2	566 2	628 2	
4 1	24 1	25 1	144 1	223 1	240 1	300 1	320 1	353 2	360 2	371 2	447 2	451 2	563 2	567 2	629 2	
5 1	25 1	26 1	145 1	224 1	241 1	301 1	321 1	354 2	361 2	372 2	448 2	452 2	564 2	568 2	630 2	
6 1	26 1	27 1	146 1	225 1	242 1	302 1	322 1	355 2	362 2	373 2	449 2	453 2	565 2	569 2	631 2	
7 1	27 1	28 1	147 1	226 1	243 1	303 1	323 1	356 2	363 2	374 2	450 2	454 2	566 2	570 2	632 2	
8 1	28 1	29 1	148 1	227 1	244 1	304 1	324 1	357 2	364 2	375 2	451 2	455 2	567 2	571 2	633 2	
9 1	29 1	30 1	149 1	228 1	245 1	305 1	325 1	358 2	365 2	376 2	452 2	456 2	568 2	572 2	634 2	
10 1	30 1	31 1	150 1	229 1	246 1	306 1	326 1	359 2	366 2	377 2	453 2	457 2	569 2	573 2	635 2	
11 1	31 1	32 1	151 1	230 1	247 1	307 1	327 1	360 2	367 2	378 2	454 2	458 2	570 2	574 2	636 2	
12 1	32 1	33 1	152 1	231 1	248 1	308 1	328 1	361 2	368 2	379 2	455 2	459 2	571 2	575 2	637 2	
13 1	33 1	34 1	153 1	232 1	249 1	309 1	329 1	362 2	369 2	380 2	456 2	460 2	572 2	576 2	638 2	
14 1	34 1	35 1	154 1	233 1	250 1	310 1	330 1	363 2	370 2	381 2	457 2	461 2	573 2	577 2	639 2	
15 1	35 1	36 1	155 1	234 1	251 1	311 1	331 1	364 2	371 2	382 2	458 2	462 2	574 2	578 2	640 2	
16 1	36 1	37 1	156 1	235 1	252 1	312 1	332 1	365 2	372 2	383 2	459 2	463 2	575 2	579 2	641 2	
17 1	37 1	38 1	157 1	236 1	253 1	313 1	333 1	366 2	373 2	384 2	460 2	464 2	576 2	580 2	642 2	
18 1	38 1	39 1	158 1	237 1	254 1	314 1	334 1	367 2	374 2	385 2	461 2	465 2	577 2	581 2	643 2	
19 1	39 1	40 1	159 1	238 1	255 1	315 1	335 1	368 2	375 2	386 2	462 2	466 2	578 2	582 2	644 2	
20 1	40 1	41 1	160 1	239 1	256 1	316 1	336 1	369 2	376 2	387 2	463 2	467 2	579 2	583 2	645 2	
21 1	41 1	42 1	161 1	240 1	257 1	317 1	337 1	370 2	377 2	388 2	464 2	468 2	580 2	584 2	646 2	
22 1	42 1	43 1	162 1	241 1	258 1	318 1	338 1	371 2	378 2	389 2	465 2	469 2	581 2	585 2	647 2	
23 1	43 1	44 1	163 1	242 1	259 1	319 1	339 1	372 2	379 2	390 2	466 2	470 2	582 2	586 2	648 2	
24 1	44 1	45 1	164 1	243 1	260 1	320 1	340 1	373 2	380 2	391 2	467 2	471 2	583 2	587 2	649 2	
25 1	45 1	46 1	165 1	244 1	261 1	321 1	341 1	374 2	381 2	392 2	468 2	472 2	584 2	588 2	650 2	
26 1	46 1	47 1	166 1	245 1	262 1	322 1	342 1	375 2	382 2	393 2	469 2	473 2	585 2	589 2	651 2	
27 1	47 1	48 1	167 1	246 1	263 1	323 1	343 1	376 2	383 2	394 2	470 2	474 2	586 2	590 2	652 2	
28 1	48 1	49 1	168 1	247 1	264 1	324 1	344 1	377 2	384 2	395 2	471 2	475 2	587 2	591 2	653 2	
1 1	29 1	49 1	50 1	169 1	248 1	265 1	325 1	378 2	385 2	396 2	472 2	476 2	588 2	592 2	654 2	
2 1	30 1	50 1	51 1	170 1	249 1	266 1	326 1	379 2	386 2	397 2	473 2	477 2	589 2	593 2	655 2	
3 1	31 1	51 1	52 1	171 1	250 1	267 1	327 1	380 2	387 2	398 2	474 2	478 2	590 2	594 2	656 2	
4 1	32 1	52 1	53 1	172 1	251 1	268 1	328 1	381 2	388 2	399 2	475 2	479 2	591 2	595 2	657 2	
5 1	33 1	53 1	54 1	173 1	252 1	269 1	329 1	382 2	389 2	400 2	476 2	480 2	592 2	596 2	658 2	
6 1	34 1	54 1	55 1	174 1	253 1	270 1	330 1	383 2	390 2	401 2	477 2	481 2	593 2	597 2	659 2	
7 1	35 1	55 1	56 1	175 1	254 1	271 1	331 1	384 2	391 2	402 2	478 2	482 2	594 2	598 2	660 2	
8 1	36 1	56 1	57 1	176 1	255 1	272 1	332 1	385 2	392 2	403 2	479 2	483 2	595 2	599 2	661 2	
9 1	37 1	57 1	58 1	177 1	256 1	273 1	333 1	386 2	393 2	404 2	480 2	484 2	596 2	600 2	662 2	
10 1	38 1	58 1	59 1	178 1	257 1	274 1	334 1	387 2	394 2	405 2	481 2	485 2	597 2	601 2	663 2	
11 1	39 1	59 1	60 1	179 1	258 1	275 1	335 1	388 2	395 2	406 2	482 2	486 2	598 2	602 2	664 2	
12 1	40 1	60 1	61 1	180 1	259 1	276 1	336 1	389 2	396 2	407 2	483 2	487 2	599 2	603 2	665 2	
13 1	41 1	61 1	62 1	181 1	260 1	277 1	337 1	390 2	397 2	408 2	484 2	488 2	600 2	604 2	666 2	
14 1	42 1	62 1	63 1	182 1	261 1	278 1	338 1	391 2	398 2	409 2	485 2	489 2	601 2	605 2	667 2	
15 1	43 1	63 1	64 1	183 1	262 1	279 1	339 1	392 2	399 2	410 2	486 2	490 2	602 2	606 2	668 2	
16 1	44 1	64 1	65 1	184 1	263 1	280 1	340 1	393 2	400 2	411 2	487 2	491 2	603 2	607 2	669 2	
17 1	45 1	65 1	66 1	185 1	264 1	281 1	341 1	394 2	401 2	412 2	488 2	492 2	604 2	608 2	670 2	
18 1	46 1	66 1	67 1	186 1	265 1	282 1	342 1	395 2	402 2	413 2	489 2	493 2	605 2	609 2	671 2	
19 1	47 1	67 1	68 1	187 1	266 1	283 1	343 1	396 2	403 2	414 2	490 2	494 2	606 2	610 2	672 2	
20 1	48 1	68 1	69 1	188 1	267 1	284 1	344 1	397 2	404 2	415 2	491 2	495 2	607 2	611 2	673 2	
1 1	21 1	49 1	69 1	70 1	189 1	268 1	285 1	398 2	405 2	416 2	492 2	496 2	608 2	612 2	674 2	
2 1	22 1	50 1	70 1	71 1	190 1	269 1	286 1	399 2	406 2	417 2	493 2	497 2	609 2	613 2	675 2	
3 1	23 1	51 1	71 1	72 1	191 1	270 1	287 1	400 2	407 2	418 2	494 2	498 2	610 2	614 2	676 2	
4 1	24 1	52 1	72 1	73 1	192 1	271 1	288 1	401 2	408 2	419 2	495 2	499 2	611 2	615 2	677 2	
5 1	25 1	53 1	73 1	74 1	193 1	272 1	289 1	402 2	409 2	420 2	496 2	500 2	612 2	616 2	678 2	
6 1	26 1	54 1	74 1	75 1	194 1	273 1	290 1	403 2	410 2	421 2	497 2	501 2	613 2	617 2	679 2	
7 1	27 1	55 1	75 1	76 1	195 1	274 1	291 1	404 2	411 2	422 2	498 2	502 2	614 2	618 2	680 2	
8 1	28 1	56 1	76 1	77 1	196 1	275 1	292 1	405 2	412 2	423 2	499 2	503 2	615 2	619 2	681 2	
9 1	29 1	57 1	77 1	78 1	197 1	276 1	293 1	406 2	413 2	424 2	500 2	504 2	616 2	620 2	682 2	
10 1	30 1	58 1	78 1	79 1	198 1	277 1	294 1	407 2	414 2	425 2	501 2	505 2	617 2	621 2	683 2	
11 1	31 1	59 1	79 1	80 1	199 1	278 1	295 1	408 2	415 2	426 2	502 2	506 2	618 2	622 2	684 2	
12 1	32 1	60 1	80 1	81 1	200 1	279 1	296 1	409 2	416 2	427 2	503 2	507 2	619 2	623 2	685 2	
13 1	33 1	61 1	81 1	82 1	201 1	280 1	297 1	410 2	417 2	428 2	504 2	508 2	620 2	624 2	686 2	
14 1	34 1	62 1	82 1	83 1	202 1	281 1	298 1	411 2	418 2	429 2	505 2	509 2	621 2	625 2	687 2	
15 1	35 1	63 1	83 1	84 1	203 1	282 1	299 1	412 2	419 2	430 2	506 2	510 2	622 2	626 2	688 2	
16 1	36 1	64 1	84 1	85 1	204 1	283 1	300 1	345 2	413 2	420 2	431 2	507 2	511 2	623 2	627 2	
17 1	37 1	65 1	85 1	86 1	205 1	284 1	301 1	346 2	414 2	421 2	432 2	508 2	512 2	624 2	628 2	
18 1	38 1	66 1	86 1	87 1	206 1	285 1	302 1	347 2	415 2	422 2	433 2	509 2	513 2	625 2	629 2	
19 1	39 1	67 1	87 1	88 1	207 1	286 1	303 1	348 2	416 2	423 2	434 2	510 2	514 2	626 2	630 2	
20 1	40 1	68 1	88 1	89 1	208 1	287 1	304 1	349 2	417 2	424 2	435 2	511 2	515 2	627 2	631 2	
21 1	41 1	69 1	89 1	90 1	209 1	288 1	305 1	350 2	418 2	425 2	436 2	512 2	516 2	628 2	632 2	
22 1	42 1	70 1	90 1	91 1	210 1	289 1	306 1	351 2	419 2	426 2	437 2	513 2	517 2	629 2	633 2	
23 1	43 1	71 1	91 1	92 1	211 1	290 1	307 1	352 2	420 2	427 2	438 2	514 2	518 2	630 2	634 2	
24 1	44 1	72 1	92 1	93 1	212 1	291 1	308 1	353 2	421 2	428 2	439 2	515 2	519 2	631 2	635 2	
25 1	45 1	73 1	93 1	94 1	213 1	292 1	309 1	354 2	422 2	429 2	440 2	516 2	520 2	632 2	636 2	
26 1	46 1	74 1	94 1	95 1	214 1	293 1	310 1	355 2	423 2	430 2	441 2	517 2	521 2	633 2	637 2	
27 1	47 1	75 1	95 1	96 1	215 1	294 1	311 1	356 2	424 2	431 2	442 2	518 2	522 2	634 2	638 2	
28 1	48 1	76 1	96 1	97 1	216 1	295 1	312 1	357 2	425 2	432 2	443 2	519 2	523 2	635 2	639 2	
29 1	49 1	77 1	97 1	98 1	217 1	296 1	313 1	358 2	426 2	433 2	444 2	520 2	524 2	636 2	640 2	
30 1	50 1	78 1	98 1	99 1	218 1	297 1	314 1	359 2	427 2	434 2	445 2	521 2	525 2	637 2	641 2	
31 1	51 1	79 1	99 1	100 1	219 1	298 1	315 1	360 2	428 2	435 2	446 2	522 2	526 2	638 2	642 2	
32 1	52 1	80 1	100 1	101 1	220 1	299 1	316 1	361 2	429 2	436 2	447 2	523 2	527 2	639 2	643 2	
33 1	53 1	81 1	101 1	102 1	221 1	300 1	317 1	362 2	430 2	437 2	448 2	524 2	528 2	640 2	644 2	
34 1	54 1	82 1	102 1	103 1	222 1	301 1	318 1	363 2	431 2	438 2	449 2	525 2	529 2	641 2	645 2	
35 1	55 1	83 1	103 1	104 1	223 1	302 1	319 1	364 2	432 2	439 2	450 2	526 2	530 2	642 2	646 2	
36 1	56 1	84 1	104 1	105 1	224 1	303 1	320 1	365 2	433 2	440 2	451 2	527 2	531 2	643 2	647 2	
37 1	57 1	85 1	105 1	106 1	225 1	304 1	321 1	366 2	434 2	441 2	452 2	528 2	532 2	644 2	648 2	
38 1	58 1	86 1	106 1	107 1	226 1	305 1	322 1	367 2	435 2	442 2	453 2	529 2	533 2	645 2	649 2	
39 1	59 1	87 1	107 1	108 1	227 1	306 1	323 1	368 2	436 2	443 2	454 2	530 2	534 2	646 2	650 2	
40 1	60 1	88 1	108 1	109 1	228 1	307 1	324 1	369 2	437 2	444 2	455 2	531 2	535 2	647 2	651 2	
41 1	61 1	89 1	109 1	110 1	229 1	308 1	325 1	370 2	438 2	445 2	456 2	532 2	536 2	648 2	652 2	
42 1	62 1	90 1	110 1	111 1	230 1	309 1	326 1	371 2	439 2	446 2	457 2	533 2	537 2	649 2	653 2	
43 1	63 1	91 1	111 1	112 1	231 1	310 1	327 1	372 2	440 2	447 2	458 2	534 2	538 2	650 2	654 2	
44 1	64 1	92 1	112 1	113 1	232 1	311 1	328 1	373 2	441 2	448 2	459 2	535 2	539 2	651 2	655 2	
45 1	65 1	93 1	113 1	114 1	233 1	312 1	329 1	374 2	442 2	449 2	460 2	536 2	540 2	652 2	656 2	
46 1	66 1	94 1	114 1	115 1	234 1	313 1	330 1	375 2	443 2	450 2	461 2	537 2	541 2	653 2	657 2	
47 1	67 1	95 1	115 1	116 1	235 1	314 1	331 1	376 2	444 2	451 2	462 2	538 2	542 2	654 2	658 2	
48 1	68 1	96 1	116 1	117 1	236 1	315 1	332 1	377 2	445 2	452 2	463 2	539 2	543 2	655 2	659 2	
49 1	69 1	97 1	117 1	118 1	237 1	316 1	333 1	378 2	446 2	453 2	464 2	540 2	544 2	656 2	660 2	
50 1	70 1	98 1	118 1	119 1	238 1	317 1	334 1	379 2	447 2	454 2	465 2	541 2	545 2	657 2	661 2	
51 1	71 1	99 1	119 1	120 1	239 1	318 1	335 1	380 2	448 2	455 2	466 2	542 2	546 2	658 2	662 2	
52 1	72 1	100 1	120 1	121 1	240 1	319 1	336 1	381 2	449 2	456 2	467 2	543 2	547 2	659 2	663 2	
53 1	73 1	101 1	121 1	122 1	241 1	320 1	337 1	382 2	450 2	457 2	468 2	544 2	548 2	660 2	664 2	
54 1	74 1	102 1	122 1	123 1	242 1	321 1	338 1	383 2	451 2	458 2	469 2	545 2	549 2	661 2	665 2	
55 1	75 1	103 1	123 1	124 1	243 1	322 1	339 1	384 2	452 2	459 2	470 2	546 2	550 2	662 2	666 2	
56 1	76 1	104 1	124 1	125 1	244 1	323 1	340 1	385 2	453 2	460 2	471 2	547 2	551 2	663 2	667 2	
57 1	77 1	105 1	125 1	126 1	245 1	324 1	341 1	386 2	454 2	461 2	472 2	548 2	552 2	664 2	668 2	
58 1	78 1	106 1	126 1	127 1	246 1	325 1	342 1	387 2	455 2	462 2	473 2	549 2	553 2	665 2	669 2	
59 1	79 1	107 1	127 1	128 1	247 1	326 1	343 1	388 2	456 2	463 2	474 2	550 2	554 2	666 2	670 2	
60 1	80 1	108 1	128 1	129 1	248 1	327 1	344 1	389 2	457 2	464 2	475 2	551 2	555 2	667 2	671 2	
1 1	61 1	81 1	109 1	129 1	130 1	249 1	328 1	390 2	458 2	465 2	476 2	552 2	556 2	668 2	672 2	
2 1	62 1	82 1	110 1	130 1	131 1	250 1	329 1	391 2	459 2	466 2	477 2	553 2	557 2	669 2	673 2	
3 1	63 1	83 1	111 1	131 1	132 1	251 1	330 1	392 2	460 2	467 2	478 2	554 2	558 2	670 2	674 2	
4 1	64 1	84 1	112 1	132 1	133 1	252 1	331 1	393 2	461 2	468 2	479 2	555 2	559 2	671 2	675 2	
5 1	65 1	85 1	113 1	133 1	134 1	253 1	332 1	394 2	462 2	469 2	480 2	556 2	560 2	672 2	676 2	
6 1	66 1	86 1	114 1	134 1	135 1	254 1	333 1	395 2	463 2	470 2	481 2	557 2	561 2	673 2	677 2	
7 1	67 1	87 1	115 1	135 1	136 1	255 1	334 1	396 2	464 2	471 2	482 2	558 2	562 2	674 2	678 2	
8 1	68 1	88 1	116 1	136 1	137 1	256 1	335 1	397 2	465 2	472 2	483 2	559 2	563 2	675 2	679 2	
9 1	69 1	89 1	117 1	137 1	138 1	257 1	336 1	398 2	466 2	473 2	484 2	560 2	564 2	676 2	680 2	
10 1	70 1	90 1	118 1	138 1	139 1	258 1	337 1	399 2	467 2	474 2	485 2	561 2	565 2	677 2	681 2	
11 1	71 1	91 1	119 1	139 1	140 1	259 1	338 1	400 2	468 2	475 2	486 2	562 2	566 2	678 2	682 2	
12 1	72 1	92 1	120 1	140 1	141 1	260 1	339 1	401 2	469 2	476 2	487 2	563 2	567 2	679 2	683 2	
13 1	73 1	93 1	121 1	141 1	142 1	261 1	340 1	402 2	470 2	477 2	488 2	564 2	568 2	680 2	684 2	
14 1	74 1	94 1	122 1	142 1	143 1	262 1	341 1	403 2	471 2	478 2	489 2	565 2	569 2	681 2	685 2	
15 1	75 1	95 1	123 1	143 1	144 1	263 1	342 1	404 2	472 2	479 2	490 2	566 2	570 2	682 2	686 2	
16 1	76 1	96 1	124 1	144 1	145 1	264 1	343 1	405 2	473 2	480 2	491 2	567 2	571 2	683 2	687 2	
17 1	77 1	97 1	125 1	145 1	146 1	265 1	344 1	406 2	474 2	481 2	492 2	568 2	572 2	684 2	688 2	
1 1	5 1	117 1	121 1	197 1	208 1	215 1	283 1	345 2	424 2	543 2	544 2	564 2	592 2	612 2	672 2	
2 1	6 1	118 1	122 1	198 1	209 1	216 1	284 1	346 2	425 2	544 2	545 2	565 2	593 2	613 2	673 2	
3 1	7 1	119 1	123 1	199 1	210 1	217 1	285 1	347 2	426 2	545 2	546 2	566 2	594 2	614 2	674 2	
4 1	8 1	120 1	124 1	200 1	211 1	218 1	286 1	348 2	427 2	546 2	547 2	567 2	595 2	615 2	675 2	
5 1	9 1	121 1	125 1	201 1	212 1	219 1	287 1	349 2	428 2	547 2	548 2	568 2	596 2	616 2	676 2	
6 1	10 1	122 1	126 1	202 1	213 1	220 1	288 1	350 2	429 2	548 2	549 2	569 2	597 2	617 2	677 2	
7 1	11 1	123 1	127 1	203 1	214 1	221 1	289 1	351 2	430 2	549 2	550 2	570 2	598 2	618 2	678 2	
8 1	12 1	124 1	128 1	204 1	215 1	222 1	290 1	352 2	431 2	550 2	551 2	571 2	599 2	619 2	679 2	
9 1	13 1	125 1	129 1	205 1	216 1	223 1	291 1	353 2	432 2	551 2	552 2	572 2	600 2	620 2	680 2	
10 1	14 1	126 1	130 1	206 1	217 1	224 1	292 1	354 2	433 2	552 2	553 2	573 2	601 2	621 2	681 2	
11 1	15 1	127 1	131 1	207 1	218 1	225 1	293 1	355 2	434 2	553 2	554 2	574 2	602 2	622 2	682 2	
12 1	16 1	128 1	132 1	208 1	219 1	226 1	294 1	356 2	435 2	554 2	555 2	575 2	603 2	623 2	683 2	
13 1	17 1	129 1	133 1	209 1	220 1	227 1	295 1	357 2	436 2	555 2	556 2	576 2	604 2	624 2	684 2	
14 1	18 1	130 1	134 1	210 1	221 1	228 1	296 1	358 2	437 2	556 2	557 2	577 2	605 2	625 2	685 2	
15 1	19 1	131 1	135 1	211 1	222 1	229 1	297 1	359 2	438 2	557 2	558 2	578 2	606 2	626 2	686 2	
16 1	20 1	132 1	136 1	212 1	223 1	230 1	298 1	360 2	439 2	558 2	559 2	579 2	607 2	627 2	687 2	
17 1	21 1	133 1	137 1	213 1	224 1	231 1	299 1	361 2	440 2	559 2	560 2	580 2	608 2	628 2	688 2	
18 1	22 1	134 1	138 1	214 1	225 1	232 1	300 1	345 2	362 2	441 2	560 2	561 2	581 2	609 2	629 2	
19 1	23 1	135 1	139 1	215 1	226 1	233 1	301 1	346 2	363 2	442 2	561 2	562 2	582 2	610 2	630 2	
20 1	24 1	136 1	140 1	216 1	227 1	234 1	302 1	347 2	364 2	443 2	562 2	563 2	583 2	611 2	631 2	
21 1	25 1	137 1	141 1	217 1	228 1	235 1	303 1	348 2	365 2	444 2	563 2	564 2	584 2	612 2	632 2	
22 1	26 1	138 1	142 1	218 1	229 1	236 1	304 1	349 2	366 2	445 2	564 2	565 2	585 2	613 2	633 2	
23 1	27 1	139 1	143 1	219 1	230 1	237 1	305 1	350 2	367 2	446 2	565 2	566 2	586 2	614 2	634 2	
24 1	28 1	140 1	144 1	220 1	231 1	238 1	306 1	351 2	368 2	447 2	566 2	567 2	587 2	615 2	635 2	
25 1	29 1	141 1	145 1	221 1	232 1	239 1	307 1	352 2	369 2	448 2	567 2	568 2	588 2	616 2	636 2	
26 1	30 1	142 1	146 1	222 1	233 1	240 1	308 1	353 2	370 2	449 2	568 2	569 2	589 2	617 2	637 2	
27 1	31 1	143 1	147 1	223 1	234 1	241 1	309 1	354 2	371 2	450 2	569 2	570 2	590 2	618 2	638 2	
28 1	32 1	144 1	148 1	224 1	235 1	242 1	310 1	355 2	372 2	451 2	570 2	571 2	591 2	619 2	639 2	
29 1	33 1	145 1	149 1	225 1	236 1	243 1	311 1	356 2	373 2	452 2	571 2	572 2	592 2	620 2	640 2	
30 1	34 1	146 1	150 1	226 1	237 1	244 1	312 1	357 2	374 2	453 2	572 2	573 2	593 2	621 2	641 2	
31 1	35 1	147 1	151 1	227 1	238 1	245 1	313 1	358 2	375 2	454 2	573 2	574 2	594 2	622 2	642 2	
32 1	36 1	148 1	152 1	228 1	239 1	246 1	314 1	359 2	376 2	455 2	574 2	575 2	595 2	623 2	643 2	
33 1	37 1	149 1	153 1	229 1	240 1	247 1	315 1	360 2	377 2	456 2	575 2	576 2	596 2	624 2	644 2	
34 1	38 1	150 1	154 1	230 1	241 1	248 1	316 1	361 2	378 2	457 2	576 2	577 2	597 2	625 2	645 2	
35 1	39 1	151 1	155 1	231 1	242 1	249 1	317 1	362 2	379 2	458 2	577 2	578 2	598 2	626 2	646 2	
36 1	40 1	152 1	156 1	232 1	243 1	250 1	318 1	363 2	380 2	459 2	578 2	579 2	599 2	627 2	647 2	
37 1	41 1	153 1	157 1	233 1	244 1	251 1	319 1	364 2	381 2	460 2	579 2	580 2	600 2	628 2	648 2	
38 1	42 1	154 1	158 1	234 1	245 1	252 1	320 1	365 2	382 2	461 2	580 2	581 2	601 2	629 2	649 2	
39 1	43 1	155 1	159 1	235 1	246 1	253 1	321 1	366 2	383 2	462 2	581 2	582 2	602 2	630 2	650 2	
40 1	44 1	156 1	160 1	236 1	247 1	254 1	322 1	367 2	384 2	463 2	582 2	583 2	603 2	631 2	651 2	
41 1	45 1	157 1	161 1	237 1	248 1	255 1	323 1	368 2	385 2	464 2	583 2	584 2	604 2	632 2	652 2	
42 1	46 1	158 1	162 1	238 1	249 1	256 1	324 1	369 2	386 2	465 2	584 2	585 2	605 2	633 2	653 2	
43 1	47 1	159 1	163 1	239 1	250 1	257 1	325 1	370 2	387 2	466 2	585 2	586 2	606 2	634 2	654 2	
44 1	48 1	160 1	164 1	240 1	251 1	258 1	326 1	371 2	388 2	467 2	586 2	587 2	607 2	635 2	655 2	
45 1	49 1	161 1	165 1	241 1	252 1	259 1	327 1	372 2	389 2	468 2	587 2	588 2	608 2	636 2	656 2	
46 1	50 1	162 1	166 1	242 1	253 1	260 1	328 1	373 2	390 2	469 2	588 2	589 2	609 2	637 2	657 2	
47 1	51 1	163 1	167 1	243 1	254 1	261 1	329 1	374 2	391 2	470 2	589 2	590 2	610 2	638 2	658 2	
48 1	52 1	164 1	168 1	244 1	255 1	262 1	330 1	375 2	392 2	471 2	590 2	591 2	611 2	639 2	659 2	
49 1	53 1	165 1	169 1	245 1	256 1	263 1	331 1	376 2	393 2	472 2	591 2	592 2	612 2	640 2	660 2	
50 1	54 1	166 1	170 1	246 1	257 1	264 1	332 1	377 2	394 2	473 2	592 2	593 2	613 2	641 2	661 2	
51 1	55 1	167 1	171 1	247 1	258 1	265 1	333 1	378 2	395 2	474 2	593 2	594 2	614 2	642 2	662 2	
52 1	56 1	168 1	172 1	248 1	259 1	266 1	334 1	379 2	396 2	475 2	594 2	595 2	615 2	643 2	663 2	
53 1	57 1	169 1	173 1	249 1	260 1	267 1	335 1	380 2	397 2	476 2	595 2	596 2	616 2	644 2	664 2	
54 1	58 1	170 1	174 1	250 1	261 1	268 1	336 1	381 2	398 2	477 2	596 2	597 2	617 2	645 2	665 2	
55 1	59 1	171 1	175 1	251 1	262 1	269 1	337 1	382 2	399 2	478 2	597 2	598 2	618 2	646 2	666 2	
56 1	60 1	172 1	176 1	252 1	263 1	270 1	338 1	383 2	400 2	479 2	598 2	599 2	619 2	647 2	667 2	
57 1	61 1	173 1	177 1	253 1	264 1	271 1	339 1	384 2	401 2	480 2	599 2	600 2	620 2	648 2	668 2	
58 1	62 1	174 1	178 1	254 1	265 1	272 1	340 1	385 2	402 2	481 2	600 2	601 2	621 2	649 2	669 2	
59 1	63 1	175 1	179 1	255 1	266 1	273 1	341 1	386 2	403 2	482 2	601 2	602 2	622 2	650 2	670 2	
60 1	64 1	176 1	180 1	256 1	267 1	274 1	342 1	387 2	404 2	483 2	602 2	603 2	623 2	651 2	671 2	
61 1	65 1	177 1	181 1	257 1	268 1	275 1	343 1	388 2	405 2	484 2	603 2	604 2	624 2	652 2	672 2	
62 1	66 1	178 1	182 1	258 1	269 1	276 1	344 1	389 2	406 2	485 2	604 2	605 2	625 2	653 2	673 2	
1 1	63 1	67 1	179 1	183 1	259 1	270 1	277 1	390 2	407 2	486 2	605 2	606 2	626 2	654 2	674 2	
2 1	64 1	68 1	180 1	184 1	260 1	271 1	278 1	391 2	408 2	487 2	606 2	607 2	627 2	655 2	675 2	
3 1	65 1	69 1	181 1	185 1	261 1	272 1	279 1	392 2	409 2	488 2	607 2	608 2	628 2	656 2	676 2	
4 1	66 1	70 1	182 1	186 1	262 1	273 1	280 1	393 2	410 2	489 2	608 2	609 2	629 2	657 2	677 2	
5 1	67 1	71 1	183 1	187 1	263 1	274 1	281 1	394 2	411 2	490 2	609 2	610 2	630 2	658 2	678 2	
6 1	68 1	72 1	184 1	188 1	264 1	275 1	282 1	395 2	412 2	491 2	610 2	611 2	631 2	659 2	679 2	
7 1	69 1	73 1	185 1	189 1	265 1	276 1	283 1	396 2	413 2	492 2	611 2	612 2	632 2	660 2	680 2	
8 1	70 1	74 1	186 1	190 1	266 1	277 1	284 1	397 2	414 2	493 2	612 2	613 2	633 2	661 2	681 2	
9 1	71 1	75 1	187 1	191 1	267 1	278 1	285 1	398 2	415 2	494 2	613 2	614 2	634 2	662 2	682 2	
10 1	72 1	76 1	188 1	192 1	268 1	279 1	286 1	399 2	416 2	495 2	614 2	615 2	635 2	663 2	683 2	
11 1	73 1	77 1	189 1	193 1	269 1	280 1	287 1	400 2	417 2	496 2	615 2	616 2	636 2	664 2	684 2	
12 1	74 1	78 1	190 1	194 1	270 1	281 1	288 1	401 2	418 2	497 2	616 2	617 2	637 2	665 2	685 2	
13 1	75 1	79 1	191 1	195 1	271 1	282 1	289 1	402 2	419 2	498 2	617 2	618 2	638 2	666 2	686 2	
14 1	76 1	80 1	192 1	196 1	272 1	283 1	290 1	403 2	420 2	499 2	618 2	619 2	639 2	667 2	687 2	
15 1	77 1	81 1	193 1	197 1	273 1	284 1	291 1	404 2	421 2	500 2	619 2	620 2	640 2	668 2	688 2	
16 1	78 1	82 1	194 1	198 1	274 1	285 1	292 1	345 2	405 2	422 2	501 2	620 2	621 2	641 2	669 2	
17 1	79 1	83 1	195 1	199 1	275 1	286 1	293 1	346 2	406 2	423 2	502 2	621 2	622 2	642 2	670 2	
18 1	80 1	84 1	196 1	200 1	276 1	287 1	294 1	347 2	407 2	424 2	503 2	622 2	623 2	643 2	671 2	
19 1	81 1	85 1	197 1	201 1	277 1	288 1	295 1	348 2	408 2	425 2	504 2	623 2	624 2	644 2	672 2	
20 1	82 1	86 1	198 1	202 1	278 1	289 1	296 1	349 2	409 2	426 2	505 2	624 2	625 2	645 2	673 2	
21 1	83 1	87 1	199 1	203 1	279 1	290 1	297 1	350 2	410 2	427 2	506 2	625 2	626 2	646 2	674 2	
22 1	84 1	88 1	200 1	204 1	280 1	291 1	298 1	351 2	411 2	428 2	507 2	626 2	627 2	647 2	675 2	
23 1	85 1	89 1	201 1	205 1	281 1	292 1	299 1	352 2	412 2	429 2	508 2	627 2	628 2	648 2	676 2	
24 1	86 1	90 1	202 1	206 1	282 1	293 1	300 1	353 2	413 2	430 2	509 2	628 2	629 2	649 2	677 2	
25 1	87 1	91 1	203 1	207 1	283 1	294 1	301 1	354 2	414 2	431 2	510 2	629 2	630 2	650 2	678 2	
26 1	88 1	92 1	204 1	208 1	284 1	295 1	302 1	355 2	415 2	432 2	511 2	630 2	631 2	651 2	679 2	
27 1	89 1	93 1	205 1	209 1	285 1	296 1	303 1	356 2	416 2	433 2	512 2	631 2	632 2	652 2	680 2	
28 1	90 1	94 1	206 1	210 1	286 1	297 1	304 1	357 2	417 2	434 2	513 2	632 2	633 2	653 2	681 2	
29 1	91 1	95 1	207 1	211 1	287 1	298 1	305 1	358 2	418 2	435 2	514 2	633 2	634 2	654 2	682 2	
30 1	92 1	96 1	208 1	212 1	288 1	299 1	306 1	359 2	419 2	436 2	515 2	634 2	635 2	655 2	683 2	
31 1	93 1	97 1	209 1	213 1	289 1	300 1	307 1	360 2	420 2	437 2	516 2	635 2	636 2	656 2	684 2	
32 1	94 1	98 1	210 1	214 1	290 1	301 1	308 1	361 2	421 2	438 2	517 2	636 2	637 2	657 2	685 2	
33 1	95 1	99 1	211 1	215 1	291 1	302 1	309 1	362 2	422 2	439 2	518 2	637 2	638 2	658 2	686 2	
34 1	96 1	100 1	212 1	216 1	292 1	303 1	310 1	363 2	423 2	440 2	519 2	638 2	639 2	659 2	687 2	
35 1	97 1	101 1	213 1	217 1	293 1	304 1	311 1	364 2	424 2	441 2	520 2	639 2	640 2	660 2	688 2	
36 1	98 1	102 1	214 1	218 1	294 1	305 1	312 1	345 2	365 2	425 2	442 2	521 2	640 2	641 2	661 2	
37 1	99 1	103 1	215 1	219 1	295 1	306 1	313 1	346 2	366 2	426 2	443 2	522 2	641 2	642 2	662 2	
38 1	100 1	104 1	216 1	220 1	296 1	307 1	314 1	347 2	367 2	427 2	444 2	523 2	642 2	643 2	663 2	
39 1	101 1	105 1	217 1	221 1	297 1	308 1	315 1	348 2	368 2	428 2	445 2	524 2	643 2	644 2	664 2	
40 1	102 1	106 1	218 1	222 1	298 1	309 1	316 1	349 2	369 2	429 2	446 2	525 2	644 2	645 2	665 2	
41 1	103 1	107 1	219 1	223 1	299 1	310 1	317 1	350 2	370 2	430 2	447 2	526 2	645 2	646 2	666 2	
42 1	104 1	108 1	220 1	224 1	300 1	311 1	318 1	351 2	371 2	431 2	448 2	527 2	646 2	647 2	667 2	
43 1	105 1	109 1	221 1	225 1	301 1	312 1	319 1	352 2	372 2	432 2	449 2	528 2	647 2	648 2	668 2	
44 1	106 1	110 1	222 1	226 1	302 1	313 1	320 1	353 2	373 2	433 2	450 2	529 2	648 2	649 2	669 2	
45 1	107 1	111 1	223 1	227 1	303 1	314 1	321 1	354 2	374 2	434 2	451 2	530 2	649 2	650 2	670 2	
46 1	108 1	112 1	224 1	228 1	304 1	315 1	322 1	355 2	375 2	435 2	452 2	531 2	650 2	651 2	671 2	
47 1	109 1	113 1	225 1	229 1	305 1	316 1	323 1	356 2	376 2	436 2	453 2	532 2	651 2	652 2	672 2	
48 1	110 1	114 1	226 1	230 1	306 1	317 1	324 1	357 2	377 2	437 2	454 2	533 2	652 2	653 2	673 2	
49 1	111 1	115 1	227 1	231 1	307 1	318 1	325 1	358 2	378 2	438 2	455 2	534 2	653 2	654 2	674 2	
50 1	112 1	116 1	228 1	232 1	308 1	319 1	326 1	359 2	379 2	439 2	456 2	535 2	654 2	655 2	675 2	
51 1	113 1	117 1	229 1	233 1	309 1	320 1	327 1	360 2	380 2	440 2	457 2	536 2	655 2	656 2	676 2	
52 1	114 1	118 1	230 1	234 1	310 1	321 1	328 1	361 2	381 2	441 2	458 2	537 2	656 2	657 2	677 2	
53 1	115 1	119 1	231 1	235 1	311 1	322 1	329 1	362 2	382 2	442 2	459 2	538 2	657 2	658 2	678 2	
54 1	116 1	120 1	232 1	236 1	312 1	323 1	330 1	363 2	383 2	443 2	460 2	539 2	658 2	659 2	679 2	
55 1	117 1	121 1	233 1	237 1	313 1	324 1	331 1	364 2	384 2	444 2	461 2	540 2	659 2	660 2	680 2	
56 1	118 1	122 1	234 1	238 1	314 1	325 1	332 1	365 2	385 2	445 2	462 2	541 2	660 2	661 2	681 2	
57 1	119 1	123 1	235 1	239 1	315 1	326 1	333 1	366 2	386 2	446 2	463 2	542 2	661 2	662 2	682 2	
58 1	120 1	124 1	236 1	240 1	316 1	327 1	334 1	367 2	387 2	447 2	464 2	543 2	662 2	663 2	683 2	
59 1	121 1	125 1	237 1	241 1	317 1	328 1	335 1	368 2	388 2	448 2	465 2	544 2	663 2	664 2	684 2	
60 1	122 1	126 1	238 1	242 1	318 1	329 1	336 1	369 2	389 2	449 2	466 2	545 2	664 2	665 2	685 2	
61 1	123 1	127 1	239 1	243 1	319 1	330 1	337 1	370 2	390 2	450 2	467 2	546 2	665 2	666 2	686 2	
62 1	124 1	128 1	240 1	244 1	320 1	331 1	338 1	371 2	391 2	451 2	468 2	547 2	666 2	667 2	687 2	
63 1	125 1	129 1	241 1	245 1	321 1	332 1	339 1	372 2	392 2	452 2	469 2	548 2	667 2	668 2	688 2	
64 1	126 1	130 1	242 1	246 1	322 1	333 1	340 1	345 2	373 2	393 2	453 2	470 2	549 2	668 2	669 2	
65 1	127 1	131 1	243 1	247 1	323 1	334 1	341 1	346 2	374 2	394 2	454 2	471 2	550 2	669 2	670 2	
66 1	128 1	132 1	244 1	248 1	324 1	335 1	342 1	347 2	375 2	395 2	455 2	472 2	551 2	670 2	671 2	
67 1	129 1	133 1	245 1	249 1	325 1	336 1	343 1	348 2	376 2	396 2	456 2	473 2	552 2	671 2	672 2	
68 1	130 1	134 1	246 1	250 1	326 1	337 1	344 1	349 2	377 2	397 2	457 2	474 2	553 2	672 2	673 2	
1 1	69 1	131 1	135 1	247 1	251 1	327 1	338 1	350 2	378 2	398 2	458 2	475 2	554 2	673 2	674 2	
2 1	70 1	132 1	136 1	248 1	252 1	328 1	339 1	351 2	379 2	399 2	459 2	476 2	555 2	674 2	675 2	
3 1	71 1	133 1	137 1	249 1	253 1	329 1	340 1	352 2	380 2	400 2	460 2	477 2	556 2	675 2	676 2	
4 1	72 1	134 1	138 1	250 1	254 1	330 1	341 1	353 2	381 2	401 2	461 2	478 2	557 2	676 2	677 2	
5 1	73 1	135 1	139 1	251 1	255 1	331 1	342 1	354 2	382 2	402 2	462 2	479 2	558 2	677 2	678 2	
6 1	74 1	136 1	140 1	252 1	256 1	332 1	343 1	355 2	383 2	403 2	463 2	480 2	559 2	678 2	679 2	
7 1	75 1	137 1	141 1	253 1	257 1	333 1	344 1	356 2	384 2	404 2	464 2	481 2	560 2	679 2	680 2	
1 1	8 1	76 1	138 1	142 1	254 1	258 1	334 1	357 2	385 2	405 2	465 2	482 2	561 2	680 2	681 2	
2 1	9 1	77 1	139 1	143 1	255 1	259 1	335 1	358 2	386 2	406 2	466 2	483 2	562 2	681 2	682 2	
3 1	10 1	78 1	140 1	144 1	256 1	260 1	336 1	359 2	387 2	407 2	467 2	484 2	563 2	682 2	683 2	
4 1	11 1	79 1	141 1	145 1	257 1	261 1	337 1	360 2	388 2	408 2	468 2	485 2	564 2	683 2	684 2	
5 1	12 1	80 1	142 1	146 1	258 1	262 1	338 1	361 2	389 2	409 2	469 2	486 2	565 2	684 2	685 2	
6 1	13 1	81 1	143 1	147 1	259 1	263 1	339 1	362 2	390 2	410 2	470 2	487 2	566 2	685 2	686 2	
7 1	14 1	82 1	144 1	148 1	260 1	264 1	340 1	363 2	391 2	411 2	471 2	488 2	567 2	686 2	687 2	
8 1	15 1	83 1	145 1	149 1	261 1	265 1	341 1	364 2	392 2	412 2	472 2	489 2	568 2	687 2	688 2	
9 1	16 1	84 1	146 1	150 1	262 1	266 1	342 1	345 2	365 2	393 2	413 2	473 2	490 2	569 2	688 2	
10 1	17 1	85 1	147 1	151 1	263 1	267 1	343 1	345 2	346 2	366 2	394 2	414 2	474 2	491 2	570 2	
11 1	18 1	86 1	148 1	152 1	264 1	268 1	344 1	346 2	347 2	367 2	395 2	415 2	475 2	492 2	571 2	
1 1	12 1	19 1	87 1	149 1	153 1	265 1	269 1	347 2	348 2	368 2	396 2	416 2	476 2	493 2	572 2	
2 1	13 1	20 1	88 1	150 1	154 1	266 1	270 1	348 2	349 2	369 2	397 2	417 2	477 2	494 2	573 2	
3 1	14 1	21 1	89 1	151 1	155 1	267 1	271 1	349 2	350 2	370 2	398 2	418 2	478 2	495 2	574 2	
4 1	15 1	22 1	90 1	152 1	156 1	268 1	272 1	350 2	351 2	371 2	399 2	419 2	479 2	496 2	575 2	
5 1	16 1	23 1	91 1	153 1	157 1	269 1	273 1	351 2	352 2	372 2	400 2	420 2	480 2	497 2	576 2	
6 1	17 1	24 1	92 1	154 1	158 1	270 1	274 1	352 2	353 2	373 2	401 2	421 2	481 2	498 2	577 2	
7 1	18 1	25 1	93 1	155 1	159 1	271 1	275 1	353 2	354 2	374 2	402 2	422 2	482 2	499 2	578 2	
8 1	19 1	26 1	94 1	156 1	160 1	272 1	276 1	354 2	355 2	375 2	403 2	423 2	483 2	500 2	579 2	
9 1	20 1	27 1	95 1	157 1	161 1	273 1	277 1	355 2	356 2	376 2	404 2	424 2	484 2	501 2	580 2	
10 1	21 1	28 1	96 1	158 1	162 1	274 1	278 1	356 2	357 2	377 2	405 2	425 2	485 2	502 2	581 2	
11 1	22 1	29 1	97 1	159 1	163 1	275 1	279 1	357 2	358 2	378 2	406 2	426 2	486 2	503 2	582 2	
12 1	23 1	30 1	98 1	160 1	164 1	276 1	280 1	358 2	359 2	379 2	407 2	427 2	487 2	504 2	583 2	
13 1	24 1	31 1	99 1	161 1	165 1	277 1	281 1	359 2	360 2	380 2	408 2	428 2	488 2	505 2	584 2	
14 1	25 1	32 1	100 1	162 1	166 1	278 1	282 1	360 2	361 2	381 2	409 2	429 2	489 2	506 2	585 2	
15 1	26 1	33 1	101 1	163 1	167 1	279 1	283 1	361 2	362 2	382 2	410 2	430 2	490 2	507 2	586 2	
16 1	27 1	34 1	102 1	164 1	168 1	280 1	284 1	362 2	363 2	383 2	411 2	431 2	491 2	508 2	587 2	
17 1	28 1	35 1	103 1	165 1	169 1	281 1	285 1	363 2	364 2	384 2	412 2	432 2	492 2	509 2	588 2	
18 1	29 1	36 1	104 1	166 1	170 1	282 1	286 1	364 2	365 2	385 2	413 2	433 2	493 2	510 2	589 2	
19 1	30 1	37 1	105 1	167 1	171 1	283 1	287 1	365 2	366 2	386 2	414 2	434 2	494 2	511 2	590 2	
20 1	31 1	38 1	106 1	168 1	172 1	284 1	288 1	366 2	367 2	387 2	415 2	435 2	495 2	512 2	591 2	
21 1	32 1	39 1	107 1	169 1	173 1	285 1	289 1	367 2	368 2	388 2	416 2	436 2	496 2	513 2	592 2	
22 1	33 1	40 1	108 1	170 1	174 1	286 1	290 1	368 2	369 2	389 2	417 2	437 2	497 2	514 2	593 2	
23 1	34 1	41 1	109 1	171 1	175 1	287 1	291 1	369 2	370 2	390 2	418 2	438 2	498 2	515 2	594 2	
24 1	35 1	42 1	110 1	172 1	176 1	288 1	292 1	370 2	371 2	391 2	419 2	439 2	499 2	516 2	595 2	
25 1	36 1	43 1	111 1	173 1	177 1	289 1	293 1	371 2	372 2	392 2	420 2	440 2	500 2	517 2	596 2	
26 1	37 1	44 1	112 1	174 1	178 1	290 1	294 1	372 2	373 2	393 2	421 2	441 2	501 2	518 2	597 2	
27 1	38 1	45 1	113 1	175 1	179 1	291 1	295 1	373 2	374 2	394 2	422 2	442 2	502 2	519 2	598 2	
28 1	39 1	46 1	114 1	176 1	180 1	292 1	296 1	374 2	375 2	395 2	423 2	443 2	503 2	520 2	599 2	
29 1	40 1	47 1	115 1	177 1	181 1	293 1	297 1	375 2	376 2	396 2	424 2	444 2	504 2	521 2	600 2	
30 1	41 1	48 1	116 1	178 1	182 1	294 1	298 1	376 2	377 2	397 2	425 2	445 2	505 2	522 2	601 2	
31 1	42 1	49 1	117 1	179 1	183 1	295 1	299 1	377 2	378 2	398 2	426 2	446 2	506 2	523 2	602 2	
32 1	43 1	50 1	118 1	180 1	184 1	296 1	300 1	378 2	379 2	399 2	427 2	447 2	507 2	524 2	603 2	
33 1	44 1	51 1	119 1	181 1	185 1	297 1	301 1	379 2	380 2	400 2	428 2	448 2	508 2	525 2	604 2	
34 1	45 1	52 1	120 1	182 1	186 1	298 1	302 1	380 2	381 2	401 2	429 2	449 2	509 2	526 2	605 2	
35 1	46 1	53 1	121 1	183 1	187 1	299 1	303 1	381 2	382 2	402 2	430 2	450 2	510 2	527 2	606 2	
36 1	47 1	54 1	122 1	184 1	188 1	300 1	304 1	382 2	383 2	403 2	431 2	451 2	511 2	528 2	607 2	
37 1	48 1	55 1	123 1	185 1	189 1	301 1	305 1	383 2	384 2	404 2	432 2	452 2	512 2	529 2	608 2	
38 1	49 1	56 1	124 1	186 1	190 1	302 1	306 1	384 2	385 2	405 2	433 2	453 2	513 2	530 2	609 2	
39 1	50 1	57 1	125 1	187 1	191 1	303 1	307 1	385 2	386 2	406 2	434 2	454 2	514 2	531 2	610 2	
40 1	51 1	58 1	126 1	188 1	192 1	304 1	308 1	386 2	387 2	407 2	435 2	455 2	515 2	532 2	611 2	
41 1	52 1	59 1	127 1	189 1	193 1	305 1	309 1	387 2	388 2	408 2	436 2	456 2	516 2	533 2	612 2	
42 1	53 1	60 1	128 1	190 1	194 1	306 1	310 1	388 2	389 2	409 2	437 2	457 2	517 2	534 2	613 2	
43 1	54 1	61 1	129 1	191 1	195 1	307 1	311 1	389 2	390 2	410 2	438 2	458 2	518 2	535 2	614 2	
44 1	55 1	62 1	130 1	192 1	196 1	308 1	312 1	390 2	391 2	411 2	439 2	459 2	519 2	536 2	615 2	
45 1	56 1	63 1	131 1	193 1	197 1	309 1	313 1	391 2	392 2	412 2	440 2	460 2	520 2	537 2	616 2	
46 1	57 1	64 1	132 1	194 1	198 1	310 1	314 1	392 2	393 2	413 2	441 2	461 2	521 2	538 2	617 2	
47 1	58 1	65 1	133 1	195 1	199 1	311 1	315 1	393 2	394 2	414 2	442 2	462 2	522 2	539 2	618 2	
48 1	59 1	66 1	134 1	196 1	200 1	312 1	316 1	394 2	395 2	415 2	443 2	463 2	523 2	540 2	619 2	
49 1	60 1	67 1	135 1	197 1	201 1	313 1	317 1	395 2	396 2	416 2	444 2	464 2	524 2	541 2	620 2	
50 1	61 1	68 1	136 1	198 1	202 1	314 1	318 1	396 2	397 2	417 2	445 2	465 2	525 2	542 2	621 2	
51 1	62 1	69 1	137 1	199 1	203 1	315 1	319 1	397 2	398 2	418 2	446 2	466 2	526 2	543 2	622 2	
52 1	63 1	70 1	138 1	200 1	204 1	316 1	320 1	398 2	399 2	419 2	447 2	467 2	527 2	544 2	623 2	
53 1	64 1	71 1	139 1	201 1	205 1	317 1	321 1	399 2	400 2	420 2	448 2	468 2	528 2	545 2	624 2	
54 1	65 1	72 1	140 1	202 1	206 1	318 1	322 1	400 2	401 2	421 2	449 2	469 2	529 2	546 2	625 2	
55 1	66 1	73 1	141 1	203 1	207 1	319 1	323 1	401 2	402 2	422 2	450 2	470 2	530 2	547 2	626 2	
56 1	67 1	74 1	142 1	204 1	208 1	320 1	324 1	402 2	403 2	423 2	451 2	471 2	531 2	548 2	627 2	
57 1	68 1	75 1	143 1	205 1	209 1	321 1	325 1	403 2	404 2	424 2	452 2	472 2	532 2	549 2	628 2	
58 1	69 1	76 1	144 1	206 1	210 1	322 1	326 1	404 2	405 2	425 2	453 2	473 2	533 2	550 2	629 2	
59 1	70 1	77 1	145 1	207 1	211 1	323 1	327 1	405 2	406 2	426 2	454 2	474 2	534 2	551 2	630 2	
60 1	71 1	78 1	146 1	208 1	212 1	324 1	328 1	406 2	407 2	427 2	455 2	475 2	535 2	552 2	631 2	
61 1	72 1	79 1	147 1	209 1	213 1	325 1	329 1	407 2	408 2	428 2	456 2	476 2	536 2	553 2	632 2	
62 1	73 1	80 1	148 1	210 1	214 1	326 1	330 1	408 2	409 2	429 2	457 2	477 2	537 2	554 2	633 2	
63 1	74 1	81 1	149 1	211 1	215 1	327 1	331 1	409 2	410 2	430 2	458 2	478 2	538 2	555 2	634 2	
64 1	75 1	82 1	150 1	212 1	216 1	328 1	332 1	410 2	411 2	431 2	459 2	479 2	539 2	556 2	635 2	
65 1	76 1	83 1	151 1	213 1	217 1	329 1	333 1	411 2	412 2	432 2	460 2	480 2	540 2	557 2	636 2	
66 1	77 1	84 1	152 1	214 1	218 1	330 1	334 1	412 2	413 2	433 2	461 2	481 2	541 2	558 2	637 2	
67 1	78 1	85 1	153 1	215 1	219 1	331 1	335 1	413 2	414 2	434 2	462 2	482 2	542 2	559 2	638 2	
68 1	79 1	86 1	154 1	216 1	220 1	332 1	336 1	414 2	415 2	435 2	463 2	483 2	543 2	560 2	639 2	
69 1	80 1	87 1	155 1	217 1	221 1	333 1	337 1	415 2	416 2	436 2	464 2	484 2	544 2	561 2	640 2	
70 1	81 1	88 1	156 1	218 1	222 1	334 1	338 1	416 2	417 2	437 2	465 2	485 2	545 2	562 2	641 2	
71 1	82 1	89 1	157 1	219 1	223 1	335 1	339 1	417 2	418 2	438 2	466 2	486 2	546 2	563 2	642 2	
72 1	83 1	90 1	158 1	220 1	224 1	336 1	340 1	418 2	419 2	439 2	467 2	487 2	547 2	564 2	643 2	
73 1	84 1	91 1	159 1	221 1	225 1	337 1	341 1	419 2	420 2	440 2	468 2	488 2	548 2	565 2	644 2	
74 1	85 1	92 1	160 1	222 1	226 1	338 1	342 1	420 2	421 2	441 2	469 2	489 2	549 2	566 2	645 2	
75 1	86 1	93 1	161 1	223 1	227 1	339 1	343 1	421 2	422 2	442 2	470 2	490 2	550 2	567 2	646 2	
76 1	87 1	94 1	162 1	224 1	228 1	340 1	344 1	422 2	423 2	443 2	471 2	491 2	551 2	568 2	647 2	
1 1	77 1	88 1	95 1	163 1	225 1	229 1	341 1	423 2	424 2	444 2	472 2	492 2	552 2	569 2	648 2	
2 1	78 1	89 1	96 1	164 1	226 1	230 1	342 1	424 2	425 2	445 2	473 2	493 2	553 2	570 2	649 2	
3 1	79 1	90 1	97 1	165 1	227 1	231 1	343 1	425 2	426 2	446 2	474 2	494 2	554 2	571 2	650 2	
4 1	80 1	91 1	98 1	166 1	228 1	232 1	344 1	426 2	427 2	447 2	475 2	495 2	555 2	572 2	651 2	
1 1	5 1	81 1	92 1	99 1	167 1	229 1	233 1	427 2	428 2	448 2	476 2	496 2	556 2	573 2	652 2	
2 1	6 1	82 1	93 1	100 1	168 1	230 1	234 1	428 2	429 2	449 2	477 2	497 2	557 2	574 2	653 2	
3 1	7 1	83 1	94 1	101 1	169 1	231 1	235 1	429 2	430 2	450 2	478 2	498 2	558 2	575 2	654 2	
4 1	8 1	84 1	95 1	102 1	170 1	232 1	236 1	430 2	431 2	451 2	479 2	499 2	559 2	576 2	655 2	
5 1	9 1	85 1	96 1	103 1	171 1	233 1	237 1	431 2	432 2	452 2	480 2	500 2	560 2	577 2	656 2	
6 1	10 1	86 1	97 1	104 1	172 1	234 1	238 1	432 2	433 2	453 2	481 2	501 2	561 2	578 2	657 2	
7 1	11 1	87 1	98 1	105 1	173 1	235 1	239 1	433 2	434 2	454 2	482 2	502 2	562 2	579 2	658 2	
8 1	12 1	88 1	99 1	106 1	174 1	236 1	240 1	434 2	435 2	455 2	483 2	503 2	563 2	580 2	659 2	
9 1	13 1	89 1	100 1	107 1	175 1	237 1	241 1	435 2	436 2	456 2	484 2	504 2	564 2	581 2	660 2	
10 1	14 1	90 1	101 1	108 1	176 1	238 1	242 1	436 2	437 2	457 2	485 2	505 2	565 2	582 2	661 2	
11 1	15 1	91 1	102 1	109 1	177 1	239 1	243 1	437 2	438 2	458 2	486 2	506 2	566 2	583 2	662 2	
12 1	16 1	92 1	103 1	110 1	178 1	240 1	244 1	438 2	439 2	459 2	487 2	507 2	567 2	584 2	663 2	
13 1	17 1	93 1	104 1	111 1	179 1	241 1	245 1	439 2	440 2	460 2	488 2	508 2	568 2	585 2	664 2	
14 1	18 1	94 1	105 1	112 1	180 1	242 1	246 1	440 2	441 2	461 2	489 2	509 2	569 2	586 2	665 2	
15 1	19 1	95 1	106 1	113 1	181 1	243 1	247 1	441 2	442 2	462 2	490 2	510 2	570 2	587 2	666 2	
16 1	20 1	96 1	107 1	114 1	182 1	244 1	248 1	442 2	443 2	463 2	491 2	511 2	571 2	588 2	667 2	
17 1	21 1	97 1	108 1	115 1	183 1	245 1	249 1	443 2	444 2	464 2	492 2	512 2	572 2	589 2	668 2	
18 1	22 1	98 1	109 1	116 1	184 1	246 1	250 1	444 2	445 2	465 2	493 2	513 2	573 2	590 2	669 2	
19 1	23 1	99 1	110 1	117 1	185 1	247 1	251 1	445 2	446 2	466 2	494 2	514 2	574 2	591 2	670 2	
20 1	24 1	100 1	111 1	118 1	186 1	248 1	252 1	446 2	447 2	467 2	495 2	515 2	575 2	592 2	671 2	
21 1	25 1	101 1	112 1	119 1	187 1	249 1	253 1	447 2	448 2	468 2	496 2	516 2	576 2	593 2	672 2	
22 1	26 1	102 1	113 1	120 1	188 1	250 1	254 1	448 2	449 2	469 2	497 2	517 2	577 2	594 2	673 2	
23 1	27 1	103 1	114 1	121 1	189 1	251 1	255 1	449 2	450 2	470 2	498 2	518 2	578 2	595 2	674 2	
24 1	28 1	104 1	115 1	122 1	190 1	252 1	256 1	450 2	451 2	471 2	499 2	519 2	579 2	596 2	675 2	
25 1	29 1	105 1	116 1	123 1	191 1	253 1	257 1	451 2	452 2	472 2	500 2	520 2	580 2	597 2	676 2	
26 1	30 1	106 1	117 1	124 1	192 1	254 1	258 1	452 2	453 2	473 2	501 2	521 2	581 2	598 2	677 2	
27 1	31 1	107 1	118 1	125 1	193 1	255 1	259 1	453 2	454 2	474 2	502 2	522 2	582 2	599 2	678 2	
28 1	32 1	108 1	119 1	126 1	194 1	256 1	260 1	454 2	455 2	475 2	503 2	523 2	583 2	600 2	679 2	
29 1	33 1	109 1	120 1	127 1	195 1	257 1	261 1	455 2	456 2	476 2	504 2	524 2	584 2	601 2	680 2	
30 1	34 1	110 1	121 1	128 1	196 1	258 1	262 1	456 2	457 2	477 2	505 2	525 2	585 2	602 2	681 2	
31 1	35 1	111 1	122 1	129 1	197 1	259 1	263 1	457 2	458 2	478 2	506 2	526 2	586 2	603 2	682 2	
32 1	36 1	112 1	123 1	130 1	198 1	260 1	264 1	458 2	459 2	479 2	507 2	527 2	587 2	604 2	683 2	
33 1	37 1	113 1	124 1	131 1	199 1	261 1	265 1	459 2	460 2	480 2	508 2	528 2	588 2	605 2	684 2	
34 1	38 1	114 1	125 1	132 1	200 1	262 1	266 1	460 2	461 2	481 2	509 2	529 2	589 2	606 2	685 2	
35 1	39 1	115 1	126 1	133 1	201 1	263 1	267 1	461 2	462 2	482 2	510 2	530 2	590 2	607 2	686 2	
36 1	40 1	116 1	127 1	134 1	202 1	264 1	268 1	462 2	463 2	483 2	511 2	531 2	591 2	608 2	687 2	
37 1	41 1	117 1	128 1	135 1	203 1	265 1	269 1	463 2	464 2	484 2	512 2	532 2	592 2	609 2	688 2	
38 1	42 1	118 1	129 1	136 1	204 1	266 1	270 1	345 2	464 2	465 2	485 2	513 2	533 2	593 2	610 2	
39 1	43 1	119 1	130 1	137 1	205 1	267 1	271 1	346 2	465 2	466 2	486 2	514 2	534 2	594 2	611 2	
40 1	44 1	120 1	131 1	138 1	206 1	268 1	272 1	347 2	466 2	467 2	487 2	515 2	535 2	595 2	612 2	
41 1	45 1	121 1	132 1	139 1	207 1	269 1	273 1	348 2	467 2	468 2	488 2	516 2	536 2	596 2	613 2	
42 1	46 1	122 1	133 1	140 1	208 1	270 1	274 1	349 2	468 2	469 2	489 2	517 2	537 2	597 2	614 2	
43 1	47 1	123 1	134 1	141 1	209 1	271 1	275 1	350 2	469 2	470 2	490 2	518 2	538 2	598 2	615 2	
44 1	48 1	124 1	135 1	142 1	210 1	272 1	276 1	351 2	470 2	471 2	491 2	519 2	539 2	599 2	616 2	
45 1	49 1	125 1	136 1	143 1	211 1	273 1	277 1	352 2	471 2	472 2	492 2	520 2	540 2	600 2	617 2	
46 1	50 1	126 1	137 1	144 1	212 1	274 1	278 1	353 2	472 2	473 2	493 2	521 2	541 2	601 2	618 2	
47 1	51 1	127 1	138 1	145 1	213 1	275 1	279 1	354 2	473 2	474 2	494 2	522 2	542 2	602 2	619 2	
48 1	52 1	128 1	139 1	146 1	214 1	276 1	280 1	355 2	474 2	475 2	495 2	523 2	543 2	603 2	620 2	
49 1	53 1	129 1	140 1	147 1	215 1	277 1	281 1	356 2	475 2	476 2	496 2	524 2	544 2	604 2	621 2	
50 1	54 1	130 1	141 1	148 1	216 1	278 1	282 1	357 2	476 2	477 2	497 2	525 2	545 2	605 2	622 2	
51 1	55 1	131 1	142 1	149 1	217 1	279 1	283 1	358 2	477 2	478 2	498 2	526 2	546 2	606 2	623 2	
52 1	56 1	132 1	143 1	150 1	218 1	280 1	284 1	359 2	478 2	479 2	499 2	527 2	547 2	607 2	624 2	
53 1	57 1	133 1	144 1	151 1	219 1	281 1	285 1	360 2	479 2	480 2	500 2	528 2	548 2	608 2	625 2	
54 1	58 1	134 1	145 1	152 1	220 1	282 1	286 1	361 2	480 2	481 2	501 2	529 2	549 2	609 2	626 2	
55 1	59 1	135 1	146 1	153 1	221 1	283 1	287 1	362 2	481 2	482 2	502 2	530 2	550 2	610 2	627 2	
56 1	60 1	136 1	147 1	154 1	222 1	284 1	288 1	363 2	482 2	483 2	503 2	531 2	551 2	611 2	628 2	
57 1	61 1	137 1	148 1	155 1	223 1	285 1	289 1	364 2	483 2	484 2	504 2	532 2	552 2	612 2	629 2	
58 1	62 1	138 1	149 1	156 1	224 1	286 1	290 1	365 2	484 2	485 2	505 2	533 2	553 2	613 2	630 2	
59 1	63 1	139 1	150 1	157 1	225 1	287 1	291 1	366 2	485 2	486 2	506 2	534 2	554 2	614 2	631 2	
60 1	64 1	140 1	151 1	158 1	226 1	288 1	292 1	367 2	486 2	487 2	507 2	535 2	555 2	615 2	632 2	
61 1	65 1	141 1	152 1	159 1	227 1	289 1	293 1	368 2	487 2	488 2	508 2	536 2	556 2	616 2	633 2	
62 1	66 1	142 1	153 1	160 1	228 1	290 1	294 1	369 2	488 2	489 2	509 2	537 2	557 2	617 2	634 2	
63 1	67 1	143 1	154 1	161 1	229 1	291 1	295 1	370 2	489 2	490 2	510 2	538 2	558 2	618 2	635 2	
64 1	68 1	144 1	155 1	162 1	230 1	292 1	296 1	371 2	490 2	491 2	511 2	539 2	559 2	619 2	636 2	
65 1	69 1	145 1	156 1	163 1	231 1	293 1	297 1	372 2	491 2	492 2	512 2	540 2	560 2	620 2	637 2	
66 1	70 1	146 1	157 1	164 1	232 1	294 1	298 1	373 2	492 2	493 2	513 2	541 2	561 2	621 2	638 2	
67 1	71 1	147 1	158 1	165 1	233 1	295 1	299 1	374 2	493 2	494 2	514 2	542 2	562 2	622 2	639 2	
68 1	72 1	148 1	159 1	166 1	234 1	296 1	300 1	375 2	494 2	495 2	515 2	543 2	563 2	623 2	640 2	
69 1	73 1	149 1	160 1	167 1	235 1	297 1	301 1	376 2	495 2	496 2	516 2	544 2	564 2	624 2	641 2	
70 1	74 1	150 1	161 1	168 1	236 1	298 1	302 1	377 2	496 2	497 2	517 2	545 2	565 2	625 2	642 2	
71 1	75 1	151 1	162 1	169 1	237 1	299 1	303 1	378 2	497 2	498 2	518 2	546 2	566 2	626 2	643 2	
72 1	76 1	152 1	163 1	170 1	238 1	300 1	304 1	379 2	498 2	499 2	519 2	547 2	567 2	627 2	644 2	
73 1	77 1	153 1	164 1	171 1	239 1	301 1	305 1	380 2	499 2	500 2	520 2	548 2	568 2	628 2	645 2	
74 1	78 1	154 1	165 1	172 1	240 1	302 1	306 1	381 2	500 2	501 2	521 2	549 2	569 2	629 2	646 2	
75 1	79 1	155 1	166 1	173 1	241 1	303 1	307 1	382 2	501 2	502 2	522 2	550 2	570 2	630 2	647 2	
76 1	80 1	156 1	167 1	174 1	242 1	304 1	308 1	383 2	502 2	503 2	523 2	551 2	571 2	631 2	648 2	
77 1	81 1	157 1	168 1	175 1	243 1	305 1	309 1	384 2	503 2	504 2	524 2	552 2	572 2	632 2	649 2	
78 1	82 1	158 1	169 1	176 1	244 1	306 1	310 1	385 2	504 2	505 2	525 2	553 2	573 2	633 2	650 2	
79 1	83 1	159 1	170 1	177 1	245 1	307 1	311 1	386 2	505 2	506 2	526 2	554 2	574 2	634 2	651 2	
80 1	84 1	160 1	171 1	178 1	246 1	308 1	312 1	387 2	506 2	507 2	527 2	555 2	575 2	635 2	652 2	
81 1	85 1	161 1	172 1	179 1	247 1	309 1	313 1	388 2	507 2	508 2	528 2	556 2	576 2	636 2	653 2	
82 1	86 1	162 1	173 1	180 1	248 1	310 1	314 1	389 2	508 2	509 2	529 2	557 2	577 2	637 2	654 2	
83 1	87 1	163 1	174 1	181 1	249 1	311 1	315 1	390 2	509 2	510 2	530 2	558 2	578 2	638 2	655 2	
84 1	88 1	164 1	175 1	182 1	250 1	312 1	316 1	391 2	510 2	511 2	531 2	559 2	579 2	639 2	656 2	
85 1	89 1	165 1	176 1	183 1	251 1	313 1	317 1	392 2	511 2	512 2	532 2	560 2	580 2	640 2	657 2	
86 1	90 1	166 1	177 1	184 1	252 1	314 1	318 1	393 2	512 2	513 2	533 2	561 2	581 2	641 2	658 2	
87 1	91 1	167 1	178 1	185 1	253 1	315 1	319 1	394 2	513 2	514 2	534 2	562 2	582 2	642 2	659 2	
88 1	92 1	168 1	179 1	186 1	254 1	316 1	320 1	395 2	514 2	515 2	535 2	563 2	583 2	643 2	660 2	
89 1	93 1	169 1	180 1	187 1	255 1	317 1	321 1	396 2	515 2	516 2	536 2	564 2	584 2	644 2	661 2	
90 1	94 1	170 1	181 1	188 1	256 1	318 1	322 1	397 2	516 2	517 2	537 2	565 2	585 2	645 2	662 2	
91 1	95 1	171 1	182 1	189 1	257 1	319 1	323 1	398 2	517 2	518 2	538 2	566 2	586 2	646 2	663 2	
92 1	96 1	172 1	183 1	190 1	258 1	320 1	324 1	399 2	518 2	519 2	539 2	567 2	587 2	647 2	664 2	
93 1	97 1	173 1	184 1	191 1	259 1	321 1	325 1	400 2	519 2	520 2	540 2	568 2	588 2	648 2	665 2	
94 1	98 1	174 1	185 1	192 1	260 1	322 1	326 1	401 2	520 2	521 2	541 2	569 2	589 2	649 2	666 2	
95 1	99 1	175 1	186 1	193 1	261 1	323 1	327 1	402 2	521 2	522 2	542 2	570 2	590 2	650 2	667 2	
96 1	100 1	176 1	187 1	194 1	262 1	324 1	328 1	403 2	522 2	523 2	543 2	571 2	591 2	651 2	668 2	
97 1	101 1	177 1	188 1	195 1	263 1	325 1	329 1	404 2	523 2	524 2	544 2	572 2	592 2	652 2	669 2	
98 1	102 1	178 1	189 1	196 1	264 1	326 1	330 1	405 2	524 2	525 2	545 2	573 2	593 2	653 2	670 2	
99 1	103 1	179 1	190 1	197 1	265 1	327 1	331 1	406 2	525 2	526 2	546 2	574 2	594 2	654 2	671 2	
100 1	104 1	180 1	191 1	198 1	266 1	328 1	332 1	407 2	526 2	527 2	547 2	575 2	595 2	655 2	672 2	
101 1	105 1	181 1	192 1	199 1	267 1	329 1	333 1	408 2	527 2	528 2	548 2	576 2	596 2	656 2	673 2	
102 1	106 1	182 1	193 1	200 1	268 1	330 1	334 1	409 2	528 2	529 2	549 2	577 2	597 2	657 2	674 2	
103 1	107 1	183 1	194 1	201 1	269 1	331 1	335 1	410 2	529 2	530 2	550 2	578 2	598 2	658 2	675 2	
104 1	108 1	184 1	195 1	202 1	270 1	332 1	336 1	411 2	530 2	531 2	551 2	579 2	599 2	659 2	676 2	
105 1	109 1	185 1	196 1	203 1	271 1	333 1	337 1	412 2	531 2	532 2	552 2	580 2	600 2	660 2	677 2	
106 1	110 1	186 1	197 1	204 1	272 1	334 1	338 1	413 2	532 2	533 2	553 2	581 2	601 2	661 2	678 2	
107 1	111 1	187 1	198 1	205 1	273 1	335 1	339 1	414 2	533 2	534 2	554 2	582 2	602 2	662 2	679 2	
108 1	112 1	188 1	199 1	206 1	274 1	336 1	340 1	415 2	534 2	535 2	555 2	583 2	603 2	663 2	680 2	
109 1	113 1	189 1	200 1	207 1	275 1	337 1	341 1	416 2	535 2	536 2	556 2	584 2	604 2	664 2	681 2	
110 1	114 1	190 1	201 1	208 1	276 1	338 1	342 1	417 2	536 2	537 2	557 2	585 2	605 2	665 2	682 2	
111 1	115 1	191 1	202 1	209 1	277 1	339 1	343 1	418 2	537 2	538 2	558 2	586 2	606 2	666 2	683 2	
112 1	116 1	192 1	203 1	210 1	278 1	340 1	344 1	419 2	538 2	539 2	559 2	587 2	607 2	667 2	684 2	
1 1	113 1	117 1	193 1	204 1	211 1	279 1	341 1	420 2	539 2	540 2	560 2	588 2	608 2	668 2	685 2	
2 1	114 1	118 1	194 1	205 1	212 1	280 1	342 1	421 2	540 2	541 2	561 2	589 2	609 2	669 2	686 2	
3 1	115 1	119 1	195 1	206 1	213 1	281 1	343 1	422 2	541 2	542 2	562 2	590 2	610 2	670 2	687 2	
4 1	116 1	120 1	196 1	207 1	214 1	282 1	344 1	423 2	542 2	543 2	563 2	591 2	611 2	671 2	688 2	
1 1	80 1	199 1	200 1	220 1	248 1	268 1	328 1	345 1	407 1	475 1	482 1	493 1	569 1	573 1	685 1	
2 1	81 1	200 1	201 1	221 1	249 1	269 1	329 1	346 1	408 1	476 1	483 1	494 1	570 1	574 1	686 1	
3 1	82 1	201 1	202 1	222 1	250 1	270 1	330 1	347 1	409 1	477 1	484 1	495 1	571 1	575 1	687 1	
4 1	83 1	202 1	203 1	223 1	251 1	271 1	331 1	348 1	410 1	478 1	485 1	496 1	572 1	576 1	688 1	
5 1	84 1	203 1	204 1	224 1	252 1	272 1	332 1	345 1	349 1	411 1	479 1	486 1	497 1	573 1	577 1	
6 1	85 1	204 1	205 1	225 1	253 1	273 1	333 1	346 1	350 1	412 1	480 1	487 1	498 1	574 1	578 1	
7 1	86 1	205 1	206 1	226 1	254 1	274 1	334 1	347 1	351 1	413 1	481 1	488 1	499 1	575 1	579 1	
8 1	87 1	206 1	207 1	227 1	255 1	275 1	335 1	348 1	352 1	414 1	482 1	489 1	500 1	576 1	580 1	
9 1	88 1	207 1	208 1	228 1	256 1	276 1	336 1	349 1	353 1	415 1	483 1	490 1	501 1	577 1	581 1	
10 1	89 1	208 1	209 1	229 1	257 1	277 1	337 1	350 1	354 1	416 1	484 1	491 1	502 1	578 1	582 1	
11 1	90 1	209 1	210 1	230 1	258 1	278 1	338 1	351 1	355 1	417 1	485 1	492 1	503 1	579 1	583 1	
12 1	91 1	210 1	211 1	231 1	259 1	279 1	339 1	352 1	356 1	418 1	486 1	493 1	504 1	580 1	584 1	
13 1	92 1	211 1	212 1	232 1	260 1	280 1	340 1	353 1	357 1	419 1	487 1	494 1	505 1	581 1	585 1	
14 1	93 1	212 1	213 1	233 1	261 1	281 1	341 1	354 1	358 1	420 1	488 1	495 1	506 1	582 1	586 1	
15 1	94 1	213 1	214 1	234 1	262 1	282 1	342 1	355 1	359 1	421 1	489 1	496 1	507 1	583 1	587 1	
16 1	95 1	214 1	215 1	235 1	263 1	283 1	343 1	356 1	360 1	422 1	490 1	497 1	508 1	584 1	588 1	
17 1	96 1	215 1	216 1	236 1	264 1	284 1	344 1	357 1	361 1	423 1	491 1	498 1	509 1	585 1	589 1	
1 1	18 1	97 1	216 1	217 1	237 1	265 1	285 1	358 1	362 1	424 1	492 1	499 1	510 1	586 1	590 1	
2 1	19 1	98 1	217 1	218 1	238 1	266 1	286 1	359 1	363 1	425 1	493 1	500 1	511 1	587 1	591 1	
3 1	20 1	99 1	218 1	219 1	239 1	267 1	287 1	360 1	364 1	426 1	494 1	501 1	512 1	588 1	592 1	
4 1	21 1	100 1	219 1	220 1	240 1	268 1	288 1	361 1	365 1	427 1	495 1	502 1	513 1	589 1	593 1	
5 1	22 1	101 1	220 1	221 1	241 1	269 1	289 1	362 1	366 1	428 1	496 1	503 1	514 1	590 1	594 1	
6 1	23 1	102 1	221 1	222 1	242 1	270 1	290 1	363 1	367 1	429 1	497 1	504 1	515 1	591 1	595 1	
7 1	24 1	103 1	222 1	223 1	243 1	271 1	291 1	364 1	368 1	430 1	498 1	505 1	516 1	592 1	596 1	
8 1	25 1	104 1	223 1	224 1	244 1	272 1	292 1	365 1	369 1	431 1	499 1	506 1	517 1	593 1	597 1	
9 1	26 1	105 1	224 1	225 1	245 1	273 1	293 1	366 1	370 1	432 1	500 1	507 1	518 1	594 1	598 1	
10 1	27 1	106 1	225 1	226 1	246 1	274 1	294 1	367 1	371 1	433 1	501 1	508 1	519 1	595 1	599 1	
11 1	28 1	107 1	226 1	227 1	247 1	275 1	295 1	368 1	372 1	434 1	502 1	509 1	520 1	596 1	600 1	
12 1	29 1	108 1	227 1	228 1	248 1	276 1	296 1	369 1	373 1	435 1	503 1	510 1	521 1	597 1	601 1	
13 1	30 1	109 1	228 1	229 1	249 1	277 1	297 1	370 1	374 1	436 1	504 1	511 1	522 1	598 1	602 1	
14 1	31 1	110 1	229 1	230 1	250 1	278 1	298 1	371 1	375 1	437 1	505 1	512 1	523 1	599 1	603 1	
15 1	32 1	111 1	230 1	231 1	251 1	279 1	299 1	372 1	376 1	438 1	506 1	513 1	524 1	600 1	604 1	
16 1	33 1	112 1	231 1	232 1	252 1	280 1	300 1	373 1	377 1	439 1	507 1	514 1	525 1	601 1	605 1	
17 1	34 1	113 1	232 1	233 1	253 1	281 1	301 1	374 1	378 1	440 1	508 1	515 1	526 1	602 1	606 1	
18 1	35 1	114 1	233 1	234 1	254 1	282 1	302 1	375 1	379 1	441 1	509 1	516 1	527 1	603 1	607 1	
19 1	36 1	115 1	234 1	235 1	255 1	283 1	303 1	376 1	380 1	442 1	510 1	517 1	528 1	604 1	608 1	
20 1	37 1	116 1	235 1	236 1	256 1	284 1	304 1	377 1	381 1	443 1	511 1	518 1	529 1	605 1	609 1	
21 1	38 1	117 1	236 1	237 1	257 1	285 1	305 1	378 1	382 1	444 1	512 1	519 1	530 1	606 1	610 1	
22 1	39 1	118 1	237 1	238 1	258 1	286 1	306 1	379 1	383 1	445 1	513 1	520 1	531 1	607 1	611 1	
23 1	40 1	119 1	238 1	239 1	259 1	287 1	307 1	380 1	384 1	446 1	514 1	521 1	532 1	608 1	612 1	
24 1	41 1	120 1	239 1	240 1	260 1	288 1	308 1	381 1	385 1	447 1	515 1	522 1	533 1	609 1	613 1	
25 1	42 1	121 1	240 1	241 1	261 1	289 1	309 1	382 1	386 1	448 1	516 1	523 1	534 1	610 1	614 1	
26 1	43 1	122 1	241 1	242 1	262 1	290 1	310 1	383 1	387 1	449 1	517 1	524 1	535 1	611 1	615 1	
27 1	44 1	123 1	242 1	243 1	263 1	291 1	311 1	384 1	388 1	450 1	518 1	525 1	536 1	612 1	616 1	
28 1	45 1	124 1	243 1	244 1	264 1	292 1	312 1	385 1	389 1	451 1	519 1	526 1	537 1	613 1	617 1	
29 1	46 1	125 1	244 1	245 1	265 1	293 1	313 1	386 1	390 1	452 1	520 1	527 1	538 1	614 1	618 1	
30 1	47 1	126 1	245 1	246 1	266 1	294 1	314 1	387 1	391 1	453 1	521 1	528 1	539 1	615 1	619 1	
31 1	48 1	127 1	246 1	247 1	267 1	295 1	315 1	388 1	392 1	454 1	522 1	529 1	540 1	616 1	620 1	
32 1	49 1	128 1	247 1	248 1	268 1	296 1	316 1	389 1	393 1	455 1	523 1	530 1	541 1	617 1	621 1	
33 1	50 1	129 1	248 1	249 1	269 1	297 1	317 1	390 1	394 1	456 1	524 1	531 1	542 1	618 1	622 1	
34 1	51 1	130 1	249 1	250 1	270 1	298 1	318 1	391 1	395 1	457 1	525 1	532 1	543 1	619 1	623 1	
35 1	52 1	131 1	250 1	251 1	271 1	299 1	319 1	392 1	396 1	458 1	526 1	533 1	544 1	620 1	624 1	
36 1	53 1	132 1	251 1	252 1	272 1	300 1	320 1	393 1	397 1	459 1	527 1	534 1	545 1	621 1	625 1	
37 1	54 1	133 1	252 1	253 1	273 1	301 1	321 1	394 1	398 1	460 1	528 1	535 1	546 1	622 1	626 1	
38 1	55 1	134 1	253 1	254 1	274 1	302 1	322 1	395 1	399 1	461 1	529 1	536 1	547 1	623 1	627 1	
39 1	56 1	135 1	254 1	255 1	275 1	303 1	323 1	396 1	400 1	462 1	530 1	537 1	548 1	624 1	628 1	
40 1	57 1	136 1	255 1	256 1	276 1	304 1	324 1	397 1	401 1	463 1	531 1	538 1	549 1	625 1	629 1	
41 1	58 1	137 1	256 1	257 1	277 1	305 1	325 1	398 1	402 1	464 1	532 1	539 1	550 1	626 1	630 1	
42 1	59 1	138 1	257 1	258 1	278 1	306 1	326 1	399 1	403 1	465 1	533 1	540 1	551 1	627 1	631 1	
43 1	60 1	139 1	258 1	259 1	279 1	307 1	327 1	400 1	404 1	466 1	534 1	541 1	552 1	628 1	632 1	
44 1	61 1	140 1	259 1	260 1	280 1	308 1	328 1	401 1	405 1	467 1	535 1	542 1	553 1	629 1	633 1	
45 1	62 1	141 1	260 1	261 1	281 1	309 1	329 1	402 1	406 1	468 1	536 1	543 1	554 1	630 1	634 1	
46 1	63 1	142 1	261 1	262 1	282 1	310 1	330 1	403 1	407 1	469 1	537 1	544 1	555 1	631 1	635 1	
47 1	64 1	143 1	262 1	263 1	283 1	311 1	331 1	404 1	408 1	470 1	538 1	545 1	556 1	632 1	636 1	
48 1	65 1	144 1	263 1	264 1	284 1	312 1	332 1	405 1	409 1	471 1	539 1	546 1	557 1	633 1	637 1	
49 1	66 1	145 1	264 1	265 1	285 1	313 1	333 1	406 1	410 1	472 1	540 1	547 1	558 1	634 1	638 1	
50 1	67 1	146 1	265 1	266 1	286 1	314 1	334 1	407 1	411 1	473 1	541 1	548 1	559 1	635 1	639 1	
51 1	68 1	147 1	266 1	267 1	287 1	315 1	335 1	408 1	412 1	474 1	542 1	549 1	560 1	636 1	640 1	
52 1	69 1	148 1	267 1	268 1	288 1	316 1	336 1	409 1	413 1	475 1	543 1	550 1	561 1	637 1	641 1	
53 1	70 1	149 1	268 1	269 1	289 1	317 1	337 1	410 1	414 1	476 1	544 1	551 1	562 1	638 1	642 1	
54 1	71 1	150 1	269 1	270 1	290 1	318 1	338 1	411 1	415 1	477 1	545 1	552 1	563 1	639 1	643 1	
55 1	72 1	151 1	270 1	271 1	291 1	319 1	339 1	412 1	416 1	478 1	546 1	553 1	564 1	640 1	644 1	
56 1	73 1	152 1	271 1	272 1	292 1	320 1	340 1	413 1	417 1	479 1	547 1	554 1	565 1	641 1	645 1	
57 1	74 1	153 1	272 1	273 1	293 1	321 1	341 1	414 1	418 1	480 1	548 1	555 1	566 1	642 1	646 1	
58 1	75 1	154 1	273 1	274 1	294 1	322 1	342 1	415 1	419 1	481 1	549 1	556 1	567 1	643 1	647 1	
59 1	76 1	155 1	274 1	275 1	295 1	323 1	343 1	416 1	420 1	482 1	550 1	557 1	568 1	644 1	648 1	
60 1	77 1	156 1	275 1	276 1	296 1	324 1	344 1	417 1	421 1	483 1	551 1	558 1	569 1	645 1	649 1	
1 1	61 1	78 1	157 1	276 1	277 1	297 1	325 1	418 1	422 1	484 1	552 1	559 1	570 1	646 1	650 1	
2 1	62 1	79 1	158 1	277 1	278 1	298 1	326 1	419 1	423 1	485 1	553 1	560 1	571 1	647 1	651 1	
3 1	63 1	80 1	159 1	278 1	279 1	299 1	327 1	420 1	424 1	486 1	554 1	561 1	572 1	648 1	652 1	
4 1	64 1	81 1	160 1	279 1	280 1	300 1	328 1	421 1	425 1	487 1	555 1	562 1	573 1	649 1	653 1	
5 1	65 1	82 1	161 1	280 1	281 1	301 1	329 1	422 1	426 1	488 1	556 1	563 1	574 1	650 1	654 1	
6 1	66 1	83 1	162 1	281 1	282 1	302 1	330 1	423 1	427 1	489 1	557 1	564 1	575 1	651 1	655 1	
7 1	67 1	84 1	163 1	282 1	283 1	303 1	331 1	424 1	428 1	490 1	558 1	565 1	576 1	652 1	656 1	
8 1	68 1	85 1	164 1	283 1	284 1	304 1	332 1	425 1	429 1	491 1	559 1	566 1	577 1	653 1	657 1	
9 1	69 1	86 1	165 1	284 1	285 1	305 1	333 1	426 1	430 1	492 1	560 1	567 1	578 1	654 1	658 1	
10 1	70 1	87 1	166 1	285 1	286 1	306 1	334 1	427 1	431 1	493 1	561 1	568 1	579 1	655 1	659 1	
11 1	71 1	88 1	167 1	286 1	287 1	307 1	335 1	428 1	432 1	494 1	562 1	569 1	580 1	656 1	660 1	
12 1	72 1	89 1	168 1	287 1	288 1	308 1	336 1	429 1	433 1	495 1	563 1	570 1	581 1	657 1	661 1	
13 1	73 1	90 1	169 1	288 1	289 1	309 1	337 1	430 1	434 1	496 1	564 1	571 1	582 1	658 1	662 1	
14 1	74 1	91 1	170 1	289 1	290 1	310 1	338 1	431 1	435 1	497 1	565 1	572 1	583 1	659 1	663 1	
15 1	75 1	92 1	171 1	290 1	291 1	311 1	339 1	432 1	436 1	498 1	566 1	573 1	584 1	660 1	664 1	
16 1	76 1	93 1	172 1	291 1	292 1	312 1	340 1	433 1	437 1	499 1	567 1	574 1	585 1	661 1	665 1	
17 1	77 1	94 1	173 1	292 1	293 1	313 1	341 1	434 1	438 1	500 1	568 1	575 1	586 1	662 1	666 1	
18 1	78 1	95 1	174 1	293 1	294 1	314 1	342 1	435 1	439 1	501 1	569 1	576 1	587 1	663 1	667 1	
19 1	79 1	96 1	175 1	294 1	295 1	315 1	343 1	436 1	440 1	502 1	570 1	577 1	588 1	664 1	668 1	
20 1	80 1	97 1	176 1	295 1	296 1	316 1	344 1	437 1	441 1	503 1	571 1	578 1	589 1	665 1	669 1	
1 1	21 1	81 1	98 1	177 1	296 1	297 1	317 1	438 1	442 1	504 1	572 1	579 1	590 1	666 1	670 1	
2 1	22 1	82 1	99 1	178 1	297 1	298 1	318 1	439 1	443 1	505 1	573 1	580 1	591 1	667 1	671 1	
3 1	23 1	83 1	100 1	179 1	298 1	299 1	319 1	440 1	444 1	506 1	574 1	581 1	592 1	668 1	672 1	
4 1	24 1	84 1	101 1	180 1	299 1	300 1	320 1	441 1	445 1	507 1	575 1	582 1	593 1	669 1	673 1	
5 1	25 1	85 1	102 1	181 1	300 1	301 1	321 1	442 1	446 1	508 1	576 1	583 1	594 1	670 1	674 1	
6 1	26 1	86 1	103 1	182 1	301 1	302 1	322 1	443 1	447 1	509 1	577 1	584 1	595 1	671 1	675 1	
7 1	27 1	87 1	104 1	183 1	302 1	303 1	323 1	444 1	448 1	510 1	578 1	585 1	596 1	672 1	676 1	
8 1	28 1	88 1	105 1	184 1	303 1	304 1	324 1	445 1	449 1	511 1	579 1	586 1	597 1	673 1	677 1	
9 1	29 1	89 1	106 1	185 1	304 1	305 1	325 1	446 1	450 1	512 1	580 1	587 1	598 1	674 1	678 1	
10 1	30 1	90 1	107 1	186 1	305 1	306 1	326 1	447 1	451 1	513 1	581 1	588 1	599 1	675 1	679 1	
11 1	31 1	91 1	108 1	187 1	306 1	307 1	327 1	448 1	452 1	514 1	582 1	589 1	600 1	676 1	680 1	
12 1	32 1	92 1	109 1	188 1	307 1	308 1	328 1	449 1	453 1	515 1	583 1	590 1	601 1	677 1	681 1	
13 1	33 1	93 1	110 1	189 1	308 1	309 1	329 1	450 1	454 1	516 1	584 1	591 1	602 1	678 1	682 1	
14 1	34 1	94 1	111 1	190 1	309 1	310 1	330 1	451 1	455 1	517 1	585 1	592 1	603 1	679 1	683 1	
15 1	35 1	95 1	112 1	191 1	310 1	311 1	331 1	452 1	456 1	518 1	586 1	593 1	604 1	680 1	684 1	
16 1	36 1	96 1	113 1	192 1	311 1	312 1	332 1	453 1	457 1	519 1	587 1	594 1	605 1	681 1	685 1	
17 1	37 1	97 1	114 1	193 1	312 1	313 1	333 1	454 1	458 1	520 1	588 1	595 1	606 1	682 1	686 1	
18 1	38 1	98 1	115 1	194 1	313 1	314 1	334 1	455 1	459 1	521 1	589 1	596 1	607 1	683 1	687 1	
19 1	39 1	99 1	116 1	195 1	314 1	315 1	335 1	456 1	460 1	522 1	590 1	597 1	608 1	684 1	688 1	
20 1	40 1	100 1	117 1	196 1	315 1	316 1	336 1	345 1	457 1	461 1	523 1	591 1	598 1	609 1	685 1	
21 1	41 1	101 1	118 1	197 1	316 1	317 1	337 1	346 1	458 1	462 1	524 1	592 1	599 1	610 1	686 1	
22 1	42 1	102 1	119 1	198 1	317 1	318 1	338 1	347 1	459 1	463 1	525 1	593 1	600 1	611 1	687 1	
23 1	43 1	103 1	120 1	199 1	318 1	319 1	339 1	348 1	460 1	464 1	526 1	594 1	601 1	612 1	688 1	
24 1	44 1	104 1	121 1	200 1	319 1	320 1	340 1	345 1	349 1	461 1	465 1	527 1	595 1	602 1	613 1	
25 1	45 1	105 1	122 1	201 1	320 1	321 1	341 1	346 1	350 1	462 1	466 1	528 1	596 1	603 1	614 1	
26 1	46 1	106 1	123 1	202 1	321 1	322 1	342 1	347 1	351 1	463 1	467 1	529 1	597 1	604 1	615 1	
27 1	47 1	107 1	124 1	203 1	322 1	323 1	343 1	348 1	352 1	464 1	468 1	530 1	598 1	605 1	616 1	
28 1	48 1	108 1	125 1	204 1	323 1	324 1	344 1	349 1	353 1	465 1	469 1	531 1	599 1	606 1	617 1	
1 1	29 1	49 1	109 1	126 1	205 1	324 1	325 1	350 1	354 1	466 1	470 1	532 1	600 1	607 1	618 1	
2 1	30 1	50 1	110 1	127 1	206 1	325 1	326 1	351 1	355 1	467 1	471 1	533 1	601 1	608 1	619 1	
3 1	31 1	51 1	111 1	128 1	207 1	326 1	327 1	352 1	356 1	468 1	472 1	534 1	602 1	609 1	620 1	
4 1	32 1	52 1	112 1	129 1	208 1	327 1	328 1	353 1	357 1	469 1	473 1	535 1	603 1	610 1	621 1	
5 1	33 1	53 1	113 1	130 1	209 1	328 1	329 1	354 1	358 1	470 1	474 1	536 1	604 1	611 1	622 1	
6 1	34 1	54 1	114 1	131 1	210 1	329 1	330 1	355 1	359 1	471 1	475 1	537 1	605 1	612 1	623 1	
7 1	35 1	55 1	115 1	132 1	211 1	330 1	331 1	356 1	360 1	472 1	476 1	538 1	606 1	613 1	624 1	
8 1	36 1	56 1	116 1	133 1	212 1	331 1	332 1	357 1	361 1	473 1	477 1	539 1	607 1	614 1	625 1	
9 1	37 1	57 1	117 1	134 1	213 1	332 1	333 1	358 1	362 1	474 1	478 1	540 1	608 1	615 1	626 1	
10 1	38 1	58 1	118 1	135 1	214 1	333 1	334 1	359 1	363 1	475 1	479 1	541 1	609 1	616 1	627 1	
11 1	39 1	59 1	119 1	136 1	215 1	334 1	335 1	360 1	364 1	476 1	480 1	542 1	610 1	617 1	628 1	
12 1	40 1	60 1	120 1	137 1	216 1	335 1	336 1	361 1	365 1	477 1	481 1	543 1	611 1	618 1	629 1	
13 1	41 1	61 1	121 1	138 1	217 1	336 1	337 1	362 1	366 1	478 1	482 1	544 1	612 1	619 1	630 1	
14 1	42 1	62 1	122 1	139 1	218 1	337 1	338 1	363 1	367 1	479 1	483 1	545 1	613 1	620 1	631 1	
15 1	43 1	63 1	123 1	140 1	219 1	338 1	339 1	364 1	368 1	480 1	484 1	546 1	614 1	621 1	632 1	
16 1	44 1	64 1	124 1	141 1	220 1	339 1	340 1	365 1	369 1	481 1	485 1	547 1	615 1	622 1	633 1	
17 1	45 1	65 1	125 1	142 1	221 1	340 1	341 1	366 1	370 1	482 1	486 1	548 1	616 1	623 1	634 1	
18 1	46 1	66 1	126 1	143 1	222 1	341 1	342 1	367 1	371 1	483 1	487 1	549 1	617 1	624 1	635 1	
19 1	47 1	67 1	127 1	144 1	223 1	342 1	343 1	368 1	372 1	484 1	488 1	550 1	618 1	625 1	636 1	
20 1	48 1	68 1	128 1	145 1	224 1	343 1	344 1	369 1	373 1	485 1	489 1	551 1	619 1	626 1	637 1	
1 1	21 1	49 1	69 1	129 1	146 1	225 1	344 1	370 1	374 1	486 1	490 1	552 1	620 1	627 1	638 1	
1 1	2 1	22 1	50 1	70 1	130 1	147 1	226 1	371 1	375 1	487 1	491 1	553 1	621 1	628 1	639 1	
2 1	3 1	23 1	51 1	71 1	131 1	148 1	227 1	372 1	376 1	488 1	492 1	554 1	622 1	629 1	640 1	
3 1	4 1	24 1	52 1	72 1	132 1	149 1	228 1	373 1	377 1	489 1	493 1	555 1	623 1	630 1	641 1	
4 1	5 1	25 1	53 1	73 1	133 1	150 1	229 1	374 1	378 1	490 1	494 1	556 1	624 1	631 1	642 1	
5 1	6 1	26 1	54 1	74 1	134 1	151 1	230 1	375 1	379 1	491 1	495 1	557 1	625 1	632 1	643 1	
6 1	7 1	27 1	55 1	75 1	135 1	152 1	231 1	376 1	380 1	492 1	496 1	558 1	626 1	633 1	644 1	
7 1	8 1	28 1	56 1	76 1	136 1	153 1	232 1	377 1	381 1	493 1	497 1	559 1	627 1	634 1	645 1	
8 1	9 1	29 1	57 1	77 1	137 1	154 1	233 1	378 1	382 1	494 1	498 1	560 1	628 1	635 1	646 1	
9 1	10 1	30 1	58 1	78 1	138 1	155 1	234 1	379 1	383 1	495 1	499 1	561 1	629 1	636 1	647 1	
10 1	11 1	31 1	59 1	79 1	139 1	156 1	235 1	380 1	384 1	496 1	500 1	562 1	630 1	637 1	648 1	
11 1	12 1	32 1	60 1	80 1	140 1	157 1	236 1	381 1	385 1	497 1	501 1	563 1	631 1	638 1	649 1	
12 1	13 1	33 1	61 1	81 1	141 1	158 1	237 1	382 1	386 1	498 1	502 1	564 1	632 1	639 1	650 1	
13 1	14 1	34 1	62 1	82 1	142 1	159 1	238 1	383 1	387 1	499 1	503 1	565 1	633 1	640 1	651 1	
14 1	15 1	35 1	63 1	83 1	143 1	160 1	239 1	384 1	388 1	500 1	504 1	566 1	634 1	641 1	652 1	
15 1	16 1	36 1	64 1	84 1	144 1	161 1	240 1	385 1	389 1	501 1	505 1	567 1	635 1	642 1	653 1	
16 1	17 1	37 1	65 1	85 1	145 1	162 1	241 1	386 1	390 1	502 1	506 1	568 1	636 1	643 1	654 1	
17 1	18 1	38 1	66 1	86 1	146 1	163 1	242 1	387 1	391 1	503 1	507 1	569 1	637 1	644 1	655 1	
18 1	19 1	39 1	67 1	87 1	147 1	164 1	243 1	388 1	392 1	504 1	508 1	570 1	638 1	645 1	656 1	
19 1	20 1	40 1	68 1	88 1	148 1	165 1	244 1	389 1	393 1	505 1	509 1	571 1	639 1	646 1	657 1	
20 1	21 1	41 1	69 1	89 1	149 1	166 1	245 1	390 1	394 1	506 1	510 1	572 1	640 1	647 1	658 1	
21 1	22 1	42 1	70 1	90 1	150 1	167 1	246 1	391 1	395 1	507 1	511 1	573 1	641 1	648 1	659 1	
22 1	23 1	43 1	71 1	91 1	151 1	168 1	247 1	392 1	396 1	508 1	512 1	574 1	642 1	649 1	660 1	
23 1	24 1	44 1	72 1	92 1	152 1	169 1	248 1	393 1	397 1	509 1	513 1	575 1	643 1	650 1	661 1	
24 1	25 1	45 1	73 1	93 1	153 1	170 1	249 1	394 1	398 1	510 1	514 1	576 1	644 1	651 1	662 1	
25 1	26 1	46 1	74 1	94 1	154 1	171 1	250 1	395 1	399 1	511 1	515 1	577 1	645 1	652 1	663 1	
26 1	27 1	47 1	75 1	95 1	155 1	172 1	251 1	396 1	400 1	512 1	516 1	578 1	646 1	653 1	664 1	
27 1	28 1	48 1	76 1	96 1	156 1	173 1	252 1	397 1	401 1	513 1	517 1	579 1	647 1	654 1	665 1	
28 1	29 1	49 1	77 1	97 1	157 1	174 1	253 1	398 1	402 1	514 1	518 1	580 1	648 1	655 1	666 1	
29 1	30 1	50 1	78 1	98 1	158 1	175 1	254 1	399 1	403 1	515 1	519 1	581 1	649 1	656 1	667 1	
30 1	31 1	51 1	79 1	99 1	159 1	176 1	255 1	400 1	404 1	516 1	520 1	582 1	650 1	657 1	668 1	
31 1	32 1	52 1	80 1	100 1	160 1	177 1	256 1	401 1	405 1	517 1	521 1	583 1	651 1	658 1	669 1	
32 1	33 1	53 1	81 1	101 1	161 1	178 1	257 1	402 1	406 1	518 1	522 1	584 1	652 1	659 1	670 1	
33 1	34 1	54 1	82 1	102 1	162 1	179 1	258 1	403 1	407 1	519 1	523 1	585 1	653 1	660 1	671 1	
34 1	35 1	55 1	83 1	103 1	163 1	180 1	259 1	404 1	408 1	520 1	524 1	586 1	654 1	661 1	672 1	
35 1	36 1	56 1	84 1	104 1	164 1	181 1	260 1	405 1	409 1	521 1	525 1	587 1	655 1	662 1	673 1	
36 1	37 1	57 1	85 1	105 1	165 1	182 1	261 1	406 1	410 1	522 1	526 1	588 1	656 1	663 1	674 1	
37 1	38 1	58 1	86 1	106 1	166 1	183 1	262 1	407 1	411 1	523 1	527 1	589 1	657 1	664 1	675 1	
38 1	39 1	59 1	87 1	107 1	167 1	184 1	263 1	408 1	412 1	524 1	528 1	590 1	658 1	665 1	676 1	
39 1	40 1	60 1	88 1	108 1	168 1	185 1	264 1	409 1	413 1	525 1	529 1	591 1	659 1	666 1	677 1	
40 1	41 1	61 1	89 1	109 1	169 1	186 1	265 1	410 1	414 1	526 1	530 1	592 1	660 1	667 1	678 1	
41 1	42 1	62 1	90 1	110 1	170 1	187 1	266 1	411 1	415 1	527 1	531 1	593 1	661 1	668 1	679 1	
42 1	43 1	63 1	91 1	111 1	171 1	188 1	267 1	412 1	416 1	528 1	532 1	594 1	662 1	669 1	680 1	
43 1	44 1	64 1	92 1	112 1	172 1	189 1	268 1	413 1	417 1	529 1	533 1	595 1	663 1	670 1	681 1	
44 1	45 1	65 1	93 1	113 1	173 1	190 1	269 1	414 1	418 1	530 1	534 1	596 1	664 1	671 1	682 1	
45 1	46 1	66 1	94 1	114 1	174 1	191 1	270 1	415 1	419 1	531 1	535 1	597 1	665 1	672 1	683 1	
46 1	47 1	67 1	95 1	115 1	175 1	192 1	271 1	416 1	420 1	532 1	536 1	598 1	666 1	673 1	684 1	
47 1	48 1	68 1	96 1	116 1	176 1	193 1	272 1	417 1	421 1	533 1	537 1	599 1	667 1	674 1	685 1	
48 1	49 1	69 1	97 1	117 1	177 1	194 1	273 1	418 1	422 1	534 1	538 1	600 1	668 1	675 1	686 1	
49 1	50 1	70 1	98 1	118 1	178 1	195 1	274 1	419 1	423 1	535 1	539 1	601 1	669 1	676 1	687 1	
50 1	51 1	71 1	99 1	119 1	179 1	196 1	275 1	420 1	424 1	536 1	540 1	602 1	670 1	677 1	688 1	
51 1	52 1	72 1	100 1	120 1	180 1	197 1	276 1	345 1	421 1	425 1	537 1	541 1	603 1	671 1	678 1	
52 1	53 1	73 1	101 1	121 1	181 1	198 1	277 1	346 1	422 1	426 1	538 1	542 1	604 1	672 1	679 1	
53 1	54 1	74 1	102 1	122 1	182 1	199 1	278 1	347 1	423 1	427 1	539 1	543 1	605 1	673 1	680 1	
54 1	55 1	75 1	103 1	123 1	183 1	200 1	279 1	348 1	424 1	428 1	540 1	544 1	606 1	674 1	681 1	
55 1	56 1	76 1	104 1	124 1	184 1	201 1	280 1	349 1	425 1	429 1	541 1	545 1	607 1	675 1	682 1	
56 1	57 1	77 1	105 1	125 1	185 1	202 1	281 1	350 1	426 1	430 1	542 1	546 1	608 1	676 1	683 1	
57 1	58 1	78 1	106 1	126 1	186 1	203 1	282 1	351 1	427 1	431 1	543 1	547 1	609 1	677 1	684 1	
58 1	59 1	79 1	107 1	127 1	187 1	204 1	283 1	352 1	428 1	432 1	544 1	548 1	610 1	678 1	685 1	
59 1	60 1	80 1	108 1	128 1	188 1	205 1	284 1	353 1	429 1	433 1	545 1	549 1	611 1	679 1	686 1	
60 1	61 1	81 1	109 1	129 1	189 1	206 1	285 1	354 1	430 1	434 1	546 1	550 1	612 1	680 1	687 1	
61 1	62 1	82 1	110 1	130 1	190 1	207 1	286 1	355 1	431 1	435 1	547 1	551 1	613 1	681 1	688 1	
62 1	63 1	83 1	111 1	131 1	191 1	208 1	287 1	345 1	356 1	432 1	436 1	548 1	552 1	614 1	682 1	
63 1	64 1	84 1	112 1	132 1	192 1	209 1	288 1	346 1	357 1	433 1	437 1	549 1	553 1	615 1	683 1	
64 1	65 1	85 1	113 1	133 1	193 1	210 1	289 1	347 1	358 1	434 1	438 1	550 1	554 1	616 1	684 1	
65 1	66 1	86 1	114 1	134 1	194 1	211 1	290 1	348 1	359 1	435 1	439 1	551 1	555 1	617 1	685 1	
66 1	67 1	87 1	115 1	135 1	195 1	212 1	291 1	349 1	360 1	436 1	440 1	552 1	556 1	618 1	686 1	
67 1	68 1	88 1	116 1	136 1	196 1	213 1	292 1	350 1	361 1	437 1	441 1	553 1	557 1	619 1	687 1	
68 1	69 1	89 1	117 1	137 1	197 1	214 1	293 1	351 1	362 1	438 1	442 1	554 1	558 1	620 1	688 1	
69 1	70 1	90 1	118 1	138 1	198 1	215 1	294 1	345 1	352 1	363 1	439 1	443 1	555 1	559 1	621 1	
70 1	71 1	91 1	119 1	139 1	199 1	216 1	295 1	346 1	353 1	364 1	440 1	444 1	556 1	560 1	622 1	
71 1	72 1	92 1	120 1	140 1	200 1	217 1	296 1	347 1	354 1	365 1	441 1	445 1	557 1	561 1	623 1	
72 1	73 1	93 1	121 1	141 1	201 1	218 1	297 1	348 1	355 1	366 1	442 1	446 1	558 1	562 1	624 1	
73 1	74 1	94 1	122 1	142 1	202 1	219 1	298 1	349 1	356 1	367 1	443 1	447 1	559 1	563 1	625 1	
74 1	75 1	95 1	123 1	143 1	203 1	220 1	299 1	350 1	357 1	368 1	444 1	448 1	560 1	564 1	626 1	
75 1	76 1	96 1	124 1	144 1	204 1	221 1	300 1	351 1	358 1	369 1	445 1	449 1	561 1	565 1	627 1	
76 1	77 1	97 1	125 1	145 1	205 1	222 1	301 1	352 1	359 1	370 1	446 1	450 1	562 1	566 1	628 1	
77 1	78 1	98 1	126 1	146 1	206 1	223 1	302 1	353 1	360 1	371 1	447 1	451 1	563 1	567 1	629 1	
78 1	79 1	99 1	127 1	147 1	207 1	224 1	303 1	354 1	361 1	372 1	448 1	452 1	564 1	568 1	630 1	
79 1	80 1	100 1	128 1	148 1	208 1	225 1	304 1	355 1	362 1	373 1	449 1	453 1	565 1	569 1	631 1	
80 1	81 1	101 1	129 1	149 1	209 1	226 1	305 1	356 1	363 1	374 1	450 1	454 1	566 1	570 1	632 1	
81 1	82 1	102 1	130 1	150 1	210 1	227 1	306 1	357 1	364 1	375 1	451 1	455 1	567 1	571 1	633 1	
82 1	83 1	103 1	131 1	151 1	211 1	228 1	307 1	358 1	365 1	376 1	452 1	456 1	568 1	572 1	634 1	
83 1	84 1	104 1	132 1	152 1	212 1	229 1	308 1	359 1	366 1	377 1	453 1	457 1	569 1	573 1	635 1	
84 1	85 1	105 1	133 1	153 1	213 1	230 1	309 1	360 1	367 1	378 1	454 1	458 1	570 1	574 1	636 1	
85 1	86 1	106 1	134 1	154 1	214 1	231 1	310 1	361 1	368 1	379 1	455 1	459 1	571 1	575 1	637 1	
86 1	87 1	107 1	135 1	155 1	215 1	232 1	311 1	362 1	369 1	380 1	456 1	460 1	572 1	576 1	638 1	
87 1	88 1	108 1	136 1	156 1	216 1	233 1	312 1	363 1	370 1	381 1	457 1	461 1	573 1	577 1	639 1	
88 1	89 1	109 1	137 1	157 1	217 1	234 1	313 1	364 1	371 1	382 1	458 1	462 1	574 1	578 1	640 1	
89 1	90 1	110 1	138 1	158 1	218 1	235 1	314 1	365 1	372 1	383 1	459 1	463 1	575 1	579 1	641 1	
90 1	91 1	111 1	139 1	159 1	219 1	236 1	315 1	366 1	373 1	384 1	460 1	464 1	576 1	580 1	642 1	
91 1	92 1	112 1	140 1	160 1	220 1	237 1	316 1	367 1	374 1	385 1	461 1	465 1	577 1	581 1	643 1	
92 1	93 1	113 1	141 1	161 1	221 1	238 1	317 1	368 1	375 1	386 1	462 1	466 1	578 1	582 1	644 1	
93 1	94 1	114 1	142 1	162 1	222 1	239 1	318 1	369 1	376 1	387 1	463 1	467 1	579 1	583 1	645 1	
94 1	95 1	115 1	143 1	163 1	223 1	240 1	319 1	370 1	377 1	388 1	464 1	468 1	580 1	584 1	646 1	
95 1	96 1	116 1	144 1	164 1	224 1	241 1	320 1	371 1	378 1	389 1	465 1	469 1	581 1	585 1	647 1	
96 1	97 1	117 1	145 1	165 1	225 1	242 1	321 1	372 1	379 1	390 1	466 1	470 1	582 1	586 1	648 1	
97 1	98 1	118 1	146 1	166 1	226 1	243 1	322 1	373 1	380 1	391 1	467 1	471 1	583 1	587 1	649 1	
98 1	99 1	119 1	147 1	167 1	227 1	244 1	323 1	374 1	381 1	392 1	468 1	472 1	584 1	588 1	650 1	
99 1	100 1	120 1	148 1	168 1	228 1	245 1	324 1	375 1	382 1	393 1	469 1	473 1	585 1	589 1	651 1	
100 1	101 1	121 1	149 1	169 1	229 1	246 1	325 1	376 1	383 1	394 1	470 1	474 1	586 1	590 1	652 1	
101 1	102 1	122 1	150 1	170 1	230 1	247 1	326 1	377 1	384 1	395 1	471 1	475 1	587 1	591 1	653 1	
102 1	103 1	123 1	151 1	171 1	231 1	248 1	327 1	378 1	385 1	396 1	472 1	476 1	588 1	592 1	654 1	
103 1	104 1	124 1	152 1	172 1	232 1	249 1	328 1	379 1	386 1	397 1	473 1	477 1	589 1	593 1	655 1	
104 1	105 1	125 1	153 1	173 1	233 1	250 1	329 1	380 1	387 1	398 1	474 1	478 1	590 1	594 1	656 1	
105 1	106 1	126 1	154 1	174 1	234 1	251 1	330 1	381 1	388 1	399 1	475 1	479 1	591 1	595 1	657 1	
106 1	107 1	127 1	155 1	175 1	235 1	252 1	331 1	382 1	389 1	400 1	476 1	480 1	592 1	596 1	658 1	
107 1	108 1	128 1	156 1	176 1	236 1	253 1	332 1	383 1	390 1	401 1	477 1	481 1	593 1	597 1	659 1	
108 1	109 1	129 1	157 1	177 1	237 1	254 1	333 1	384 1	391 1	402 1	478 1	482 1	594 1	598 1	660 1	
109 1	110 1	130 1	158 1	178 1	238 1	255 1	334 1	385 1	392 1	403 1	479 1	483 1	595 1	599 1	661 1	
110 1	111 1	131 1	159 1	179 1	239 1	256 1	335 1	386 1	393 1	404 1	480 1	484 1	596 1	600 1	662 1	
111 1	112 1	132 1	160 1	180 1	240 1	257 1	336 1	387 1	394 1	405 1	481 1	485 1	597 1	601 1	663 1	
112 1	113 1	133 1	161 1	181 1	241 1	258 1	337 1	388 1	395 1	406 1	482 1	486 1	598 1	602 1	664 1	
113 1	114 1	134 1	162 1	182 1	242 1	259 1	338 1	389 1	396 1	407 1	483 1	487 1	599 1	603 1	665 1	
114 1	115 1	135 1	163 1	183 1	243 1	260 1	339 1	390 1	397 1	408 1	484 1	488 1	600 1	604 1	666 1	
115 1	116 1	136 1	164 1	184 1	244 1	261 1	340 1	391 1	398 1	409 1	485 1	489 1	601 1	605 1	667 1	
116 1	117 1	137 1	165 1	185 1	245 1	262 1	341 1	392 1	399 1	410 1	486 1	490 1	602 1	606 1	668 1	
117 1	118 1	138 1	166 1	186 1	246 1	263 1	342 1	393 1	400 1	411 1	487 1	491 1	603 1	607 1	669 1	
118 1	119 1	139 1	167 1	187 1	247 1	264 1	343 1	394 1	401 1	412 1	488 1	492 1	604 1	608 1	670 1	
119 1	120 1	140 1	168 1	188 1	248 1	265 1	344 1	395 1	402 1	413 1	489 1	493 1	605 1	609 1	671 1	
1 1	120 1	121 1	141 1	169 1	189 1	249 1	266 1	396 1	403 1	414 1	490 1	494 1	606 1	610 1	672 1	
2 1	121 1	122 1	142 1	170 1	190 1	250 1	267 1	397 1	404 1	415 1	491 1	495 1	607 1	611 1	673 1	
3 1	122 1	123 1	143 1	171 1	191 1	251 1	268 1	398 1	405 1	416 1	492 1	496 1	608 1	612 1	674 1	
4 1	123 1	124 1	144 1	172 1	192 1	252 1	269 1	399 1	406 1	417 1	493 1	497 1	609 1	613 1	675 1	
5 1	124 1	125 1	145 1	173 1	193 1	253 1	270 1	400 1	407 1	418 1	494 1	498 1	610 1	614 1	676 1	
6 1	125 1	126 1	146 1	174 1	194 1	254 1	271 1	401 1	408 1	419 1	495 1	499 1	611 1	615 1	677 1	
7 1	126 1	127 1	147 1	175 1	195 1	255 1	272 1	402 1	409 1	420 1	496 1	500 1	612 1	616 1	678 1	
8 1	127 1	128 1	148 1	176 1	196 1	256 1	273 1	403 1	410 1	421 1	497 1	501 1	613 1	617 1	679 1	
9 1	128 1	129 1	149 1	177 1	197 1	257 1	274 1	404 1	411 1	422 1	498 1	502 1	614 1	618 1	680 1	
10 1	129 1	130 1	150 1	178 1	198 1	258 1	275 1	405 1	412 1	423 1	499 1	503 1	615 1	619 1	681 1	
11 1	130 1	131 1	151 1	179 1	199 1	259 1	276 1	406 1	413 1	424 1	500 1	504 1	616 1	620 1	682 1	
12 1	131 1	132 1	152 1	180 1	200 1	260 1	277 1	407 1	414 1	425 1	501 1	505 1	617 1	621 1	683 1	
13 1	132 1	133 1	153 1	181 1	201 1	261 1	278 1	408 1	415 1	426 1	502 1	506 1	618 1	622 1	684 1	
14 1	133 1	134 1	154 1	182 1	202 1	262 1	279 1	409 1	416 1	427 1	503 1	507 1	619 1	623 1	685 1	
15 1	134 1	135 1	155 1	183 1	203 1	263 1	280 1	410 1	417 1	428 1	504 1	508 1	620 1	624 1	686 1	
16 1	135 1	136 1	156 1	184 1	204 1	264 1	281 1	411 1	418 1	429 1	505 1	509 1	621 1	625 1	687 1	
17 1	136 1	137 1	157 1	185 1	205 1	265 1	282 1	412 1	419 1	430 1	506 1	510 1	622 1	626 1	688 1	
18 1	137 1	138 1	158 1	186 1	206 1	266 1	283 1	345 1	413 1	420 1	431 1	507 1	511 1	623 1	627 1	
19 1	138 1	139 1	159 1	187 1	207 1	267 1	284 1	346 1	414 1	421 1	432 1	508 1	512 1	624 1	628 1	
20 1	139 1	140 1	160 1	188 1	208 1	268 1	285 1	347 1	415 1	422 1	433 1	509 1	513 1	625 1	629 1	
21 1	140 1	141 1	161 1	189 1	209 1	269 1	286 1	348 1	416 1	423 1	434 1	510 1	514 1	626 1	630 1	
22 1	141 1	142 1	162 1	190 1	210 1	270 1	287 1	349 1	417 1	424 1	435 1	511 1	515 1	627 1	631 1	
23 1	142 1	143 1	163 1	191 1	211 1	271 1	288 1	350 1	418 1	425 1	436 1	512 1	516 1	628 1	632 1	
24 1	143 1	144 1	164 1	192 1	212 1	272 1	289 1	351 1	419 1	426 1	437 1	513 1	517 1	629 1	633 1	
25 1	144 1	145 1	165 1	193 1	213 1	273 1	290 1	352 1	420 1	427 1	438 1	514 1	518 1	630 1	634 1	
26 1	145 1	146 1	166 1	194 1	214 1	274 1	291 1	353 1	421 1	428 1	439 1	515 1	519 1	631 1	635 1	
27 1	146 1	147 1	167 1	195 1	215 1	275 1	292 1	354 1	422 1	429 1	440 1	516 1	520 1	632 1	636 1	
28 1	147 1	148 1	168 1	196 1	216 1	276 1	293 1	355 1	423 1	430 1	441 1	517 1	521 1	633 1	637 1	
29 1	148 1	149 1	169 1	197 1	217 1	277 1	294 1	356 1	424 1	431 1	442 1	518 1	522 1	634 1	638 1	
30 1	149 1	150 1	170 1	198 1	218 1	278 1	295 1	357 1	425 1	432 1	443 1	519 1	523 1	635 1	639 1	
31 1	150 1	151 1	171 1	199 1	219 1	279 1	296 1	358 1	426 1	433 1	444 1	520 1	524 1	636 1	640 1	
32 1	151 1	152 1	172 1	200 1	220 1	280 1	297 1	359 1	427 1	434 1	445 1	521 1	525 1	637 1	641 1	
33 1	152 1	153 1	173 1	201 1	221 1	281 1	298 1	360 1	428 1	435 1	446 1	522 1	526 1	638 1	642 1	
34 1	153 1	154 1	174 1	202 1	222 1	282 1	299 1	361 1	429 1	436 1	447 1	523 1	527 1	639 1	643 1	
35 1	154 1	155 1	175 1	203 1	223 1	283 1	300 1	362 1	430 1	437 1	448 1	524 1	528 1	640 1	644 1	
36 1	155 1	156 1	176 1	204 1	224 1	284 1	301 1	363 1	431 1	438 1	449 1	525 1	529 1	641 1	645 1	
37 1	156 1	157 1	177 1	205 1	225 1	285 1	302 1	364 1	432 1	439 1	450 1	526 1	530 1	642 1	646 1	
38 1	157 1	158 1	178 1	206 1	226 1	286 1	303 1	365 1	433 1	440 1	451 1	527 1	531 1	643 1	647 1	
39 1	158 1	159 1	179 1	207 1	227 1	287 1	304 1	366 1	434 1	441 1	452 1	528 1	532 1	644 1	648 1	
40 1	159 1	160 1	180 1	208 1	228 1	288 1	305 1	367 1	435 1	442 1	453 1	529 1	533 1	645 1	649 1	
41 1	160 1	161 1	181 1	209 1	229 1	289 1	306 1	368 1	436 1	443 1	454 1	530 1	534 1	646 1	650 1	
42 1	161 1	162 1	182 1	210 1	230 1	290 1	307 1	369 1	437 1	444 1	455 1	531 1	535 1	647 1	651 1	
43 1	162 1	163 1	183 1	211 1	231 1	291 1	308 1	370 1	438 1	445 1	456 1	532 1	536 1	648 1	652 1	
44 1	163 1	164 1	184 1	212 1	232 1	292 1	309 1	371 1	439 1	446 1	457 1	533 1	537 1	649 1	653 1	
45 1	164 1	165 1	185 1	213 1	233 1	293 1	310 1	372 1	440 1	447 1	458 1	534 1	538 1	650 1	654 1	
46 1	165 1	166 1	186 1	214 1	234 1	294 1	311 1	373 1	441 1	448 1	459 1	535 1	539 1	651 1	655 1	
47 1	166 1	167 1	187 1	215 1	235 1	295 1	312 1	374 1	442 1	449 1	460 1	536 1	540 1	652 1	656 1	
48 1	167 1	168 1	188 1	216 1	236 1	296 1	313 1	375 1	443 1	450 1	461 1	537 1	541 1	653 1	657 1	
49 1	168 1	169 1	189 1	217 1	237 1	297 1	314 1	376 1	444 1	451 1	462 1	538 1	542 1	654 1	658 1	
50 1	169 1	170 1	190 1	218 1	238 1	298 1	315 1	377 1	445 1	452 1	463 1	539 1	543 1	655 1	659 1	
51 1	170 1	171 1	191 1	219 1	239 1	299 1	316 1	378 1	446 1	453 1	464 1	540 1	544 1	656 1	660 1	
52 1	171 1	172 1	192 1	220 1	240 1	300 1	317 1	379 1	447 1	454 1	465 1	541 1	545 1	657 1	661 1	
53 1	172 1	173 1	193 1	221 1	241 1	301 1	318 1	380 1	448 1	455 1	466 1	542 1	546 1	658 1	662 1	
54 1	173 1	174 1	194 1	222 1	242 1	302 1	319 1	381 1	449 1	456 1	467 1	543 1	547 1	659 1	663 1	
55 1	174 1	175 1	195 1	223 1	243 1	303 1	320 1	382 1	450 1	457 1	468 1	544 1	548 1	660 1	664 1	
56 1	175 1	176 1	196 1	224 1	244 1	304 1	321 1	383 1	451 1	458 1	469 1	545 1	549 1	661 1	665 1	
57 1	176 1	177 1	197 1	225 1	245 1	305 1	322 1	384 1	452 1	459 1	470 1	546 1	550 1	662 1	666 1	
58 1	177 1	178 1	198 1	226 1	246 1	306 1	323 1	385 1	453 1	460 1	471 1	547 1	551 1	663 1	667 1	
59 1	178 1	179 1	199 1	227 1	247 1	307 1	324 1	386 1	454 1	461 1	472 1	548 1	552 1	664 1	668 1	
60 1	179 1	180 1	200 1	228 1	248 1	308 1	325 1	387 1	455 1	462 1	473 1	549 1	553 1	665 1	669 1	
61 1	180 1	181 1	201 1	229 1	249 1	309 1	326 1	388 1	456 1	463 1	474 1	550 1	554 1	666 1	670 1	
62 1	181 1	182 1	202 1	230 1	250 1	310 1	327 1	389 1	457 1	464 1	475 1	551 1	555 1	667 1	671 1	
63 1	182 1	183 1	203 1	231 1	251 1	311 1	328 1	390 1	458 1	465 1	476 1	552 1	556 1	668 1	672 1	
64 1	183 1	184 1	204 1	232 1	252 1	312 1	329 1	391 1	459 1	466 1	477 1	553 1	557 1	669 1	673 1	
65 1	184 1	185 1	205 1	233 1	253 1	313 1	330 1	392 1	460 1	467 1	478 1	554 1	558 1	670 1	674 1	
66 1	185 1	186 1	206 1	234 1	254 1	314 1	331 1	393 1	461 1	468 1	479 1	555 1	559 1	671 1	675 1	
67 1	186 1	187 1	207 1	235 1	255 1	315 1	332 1	394 1	462 1	469 1	480 1	556 1	560 1	672 1	676 1	
68 1	187 1	188 1	208 1	236 1	256 1	316 1	333 1	395 1	463 1	470 1	481 1	557 1	561 1	673 1	677 1	
69 1	188 1	189 1	209 1	237 1	257 1	317 1	334 1	396 1	464 1	471 1	482 1	558 1	562 1	674 1	678 1	
70 1	189 1	190 1	210 1	238 1	258 1	318 1	335 1	397 1	465 1	472 1	483 1	559 1	563 1	675 1	679 1	
71 1	190 1	191 1	211 1	239 1	259 1	319 1	336 1	398 1	466 1	473 1	484 1	560 1	564 1	676 1	680 1	
72 1	191 1	192 1	212 1	240 1	260 1	320 1	337 1	399 1	467 1	474 1	485 1	561 1	565 1	677 1	681 1	
73 1	192 1	193 1	213 1	241 1	261 1	321 1	338 1	400 1	468 1	475 1	486 1	562 1	566 1	678 1	682 1	
74 1	193 1	194 1	214 1	242 1	262 1	322 1	339 1	401 1	469 1	476 1	487 1	563 1	567 1	679 1	683 1	
75 1	194 1	195 1	215 1	243 1	263 1	323 1	340 1	402 1	470 1	477 1	488 1	564 1	568 1	680 1	684 1	
76 1	195 1	196 1	216 1	244 1	264 1	324 1	341 1	403 1	471 1	478 1	489 1	565 1	569 1	681 1	685 1	
77 1	196 1	197 1	217 1	245 1	265 1	325 1	342 1	404 1	472 1	479 1	490 1	566 1	570 1	682 1	686 1	
78 1	197 1	198 1	218 1	246 1	266 1	326 1	343 1	405 1	473 1	480 1	491 1	567 1	571 1	683 1	687 1	
79 1	198 1	199 1	219 1	247 1	267 1	327 1	344 1	406 1	474 1	481 1	492 1	568 1	572 1	684 1	688 1	
1 2	5 2	117 2	121 2	197 2	208 2	215 2	283 2	345 2	362 2	422 2	442 2	470 2	490 2	491 2	610 2	
2 2	6 2	118 2	122 2	198 2	209 2	216 2	284 2	346 2	363 2	423 2	443 2	471 2	491 2	492 2	611 2	
3 2	7 2	119 2	123 2	199 2	210 2	217 2	285 2	347 2	364 2	424 2	444 2	472 2	492 2	493 2	612 2	
4 2	8 2	120 2	124 2	200 2	211 2	218 2	286 2	348 2	365 2	425 2	445 2	473 2	493 2	494 2	613 2	
5 2	9 2	121 2	125 2	201 2	212 2	219 2	287 2	349 2	366 2	426 2	446 2	474 2	494 2	495 2	614 2	
6 2	10 2	122 2	126 2	202 2	213 2	220 2	288 2	350 2	367 2	427 2	447 2	475 2	495 2	496 2	615 2	
7 2	11 2	123 2	127 2	203 2	214 2	221 2	289 2	351 2	368 2	428 2	448 2	476 2	496 2	497 2	616 2	
8 2	12 2	124 2	128 2	204 2	215 2	222 2	290 2	352 2	369 2	429 2	449 2	477 2	497 2	498 2	617 2	
9 2	13 2	125 2	129 2	205 2	216 2	223 2	291 2	353 2	370 2	430 2	450 2	478 2	498 2	499 2	618 2	
10 2	14 2	126 2	130 2	206 2	217 2	224 2	292 2	354 2	371 2	431 2	451 2	479 2	499 2	500 2	619 2	
11 2	15 2	127 2	131 2	207 2	218 2	225 2	293 2	355 2	372 2	432 2	452 2	480 2	500 2	501 2	620 2	
12 2	16 2	128 2	132 2	208 2	219 2	226 2	294 2	356 2	373 2	433 2	453 2	481 2	501 2	502 2	621 2	
13 2	17 2	129 2	133 2	209 2	220 2	227 2	295 2	357 2	374 2	434 2	454 2	482 2	502 2	503 2	622 2	
14 2	18 2	130 2	134 2	210 2	221 2	228 2	296 2	358 2	375 2	435 2	455 2	483 2	503 2	504 2	623 2	
15 2	19 2	131 2	135 2	211 2	222 2	229 2	297 2	359 2	376 2	436 2	456 2	484 2	504 2	505 2	624 2	
16 2	20 2	132 2	136 2	212 2	223 2	230 2	298 2	360 2	377 2	437 2	457 2	485 2	505 2	506 2	625 2	
17 2	21 2	133 2	137 2	213 2	224 2	231 2	299 2	361 2	378 2	438 2	458 2	486 2	506 2	507 2	626 2	
18 2	22 2	134 2	138 2	214 2	225 2	232 2	300 2	362 2	379 2	439 2	459 2	487 2	507 2	508 2	627 2	
19 2	23 2	135 2	139 2	215 2	226 2	233 2	301 2	363 2	380 2	440 2	460 2	488 2	508 2	509 2	628 2	
20 2	24 2	136 2	140 2	216 2	227 2	234 2	302 2	364 2	381 2	441 2	461 2	489 2	509 2	510 2	629 2	
21 2	25 2	137 2	141 2	217 2	228 2	235 2	303 2	365 2	382 2	442 2	462 2	490 2	510 2	511 2	630 2	
22 2	26 2	138 2	142 2	218 2	229 2	236 2	304 2	366 2	383 2	443 2	463 2	491 2	511 2	512 2	631 2	
23 2	27 2	139 2	143 2	219 2	230 2	237 2	305 2	367 2	384 2	444 2	464 2	492 2	512 2	513 2	632 2	
24 2	28 2	140 2	144 2	220 2	231 2	238 2	306 2	368 2	385 2	445 2	465 2	493 2	513 2	514 2	633 2	
25 2	29 2	141 2	145 2	221 2	232 2	239 2	307 2	369 2	386 2	446 2	466 2	494 2	514 2	515 2	634 2	
26 2	30 2	142 2	146 2	222 2	233 2	240 2	308 2	370 2	387 2	447 2	467 2	495 2	515 2	516 2	635 2	
27 2	31 2	143 2	147 2	223 2	234 2	241 2	309 2	371 2	388 2	448 2	468 2	496 2	516 2	517 2	636 2	
28 2	32 2	144 2	148 2	224 2	235 2	242 2	310 2	372 2	389 2	449 2	469 2	497 2	517 2	518 2	637 2	
29 2	33 2	145 2	149 2	225 2	236 2	243 2	311 2	373 2	390 2	450 2	470 2	498 2	518 2	519 2	638 2	
30 2	34 2	146 2	150 2	226 2	237 2	244 2	312 2	374 2	391 2	451 2	471 2	499 2	519 2	520 2	639 2	
31 2	35 2	147 2	151 2	227 2	238 2	245 2	313 2	375 2	392 2	452 2	472 2	500 2	520 2	521 2	640 2	
32 2	36 2	148 2	152 2	228 2	239 2	246 2	314 2	376 2	393 2	453 2	473 2	501 2	521 2	522 2	641 2	
33 2	37 2	149 2	153 2	229 2	240 2	247 2	315 2	377 2	394 2	454 2	474 2	502 2	522 2	523 2	642 2	
34 2	38 2	150 2	154 2	230 2	241 2	248 2	316 2	378 2	395 2	455 2	475 2	503 2	523 2	524 2	643 2	
35 2	39 2	151 2	155 2	231 2	242 2	249 2	317 2	379 2	396 2	456 2	476 2	504 2	524 2	525 2	644 2	
36 2	40 2	152 2	156 2	232 2	243 2	250 2	318 2	380 2	397 2	457 2	477 2	505 2	525 2	526 2	645 2	
37 2	41 2	153 2	157 2	233 2	244 2	251 2	319 2	381 2	398 2	458 2	478 2	506 2	526 2	527 2	646 2	
38 2	42 2	154 2	158 2	234 2	245 2	252 2	320 2	382 2	399 2	459 2	479 2	507 2	527 2	528 2	647 2	
39 2	43 2	155 2	159 2	235 2	246 2	253 2	321 2	383 2	400 2	460 2	480 2	508 2	528 2	529 2	648 2	
40 2	44 2	156 2	160 2	236 2	247 2	254 2	322 2	384 2	401 2	461 2	481 2	509 2	529 2	530 2	649 2	
41 2	45 2	157 2	161 2	237 2	248 2	255 2	323 2	385 2	402 2	462 2	482 2	510 2	530 2	531 2	650 2	
42 2	46 2	158 2	162 2	238 2	249 2	256 2	324 2	386 2	403 2	463 2	483 2	511 2	531 2	532 2	651 2	
43 2	47 2	159 2	163 2	239 2	250 2	257 2	325 2	387 2	404 2	464 2	484 2	512 2	532 2	533 2	652 2	
44 2	48 2	160 2	164 2	240 2	251 2	258 2	326 2	388 2	405 2	465 2	485 2	513 2	533 2	534 2	653 2	
45 2	49 2	161 2	165 2	241 2	252 2	259 2	327 2	389 2	406 2	466 2	486 2	514 2	534 2	535 2	654 2	
46 2	50 2	162 2	166 2	242 2	253 2	260 2	328 2	390 2	407 2	467 2	487 2	515 2	535 2	536 2	655 2	
47 2	51 2	163 2	167 2	243 2	254 2	261 2	329 2	391 2	408 2	468 2	488 2	516 2	536 2	537 2	656 2	
48 2	52 2	164 2	168 2	244 2	255 2	262 2	330 2	392 2	409 2	469 2	489 2	517 2	537 2	538 2	657 2	
49 2	53 2	165 2	169 2	245 2	256 2	263 2	331 2	393 2	410 2	470 2	490 2	518 2	538 2	539 2	658 2	
50 2	54 2	166 2	170 2	246 2	257 2	264 2	332 2	394 2	411 2	471 2	491 2	519 2	539 2	540 2	659 2	
51 2	55 2	167 2	171 2	247 2	258 2	265 2	333 2	395 2	412 2	472 2	492 2	520 2	540 2	541 2	660 2	
52 2	56 2	168 2	172 2	248 2	259 2	266 2	334 2	396 2	413 2	473 2	493 2	521 2	541 2	542 2	661 2	
53 2	57 2	169 2	173 2	249 2	260 2	267 2	335 2	397 2	414 2	474 2	494 2	522 2	542 2	543 2	662 2	
54 2	58 2	170 2	174 2	250 2	261 2	268 2	336 2	398 2	415 2	475 2	495 2	523 2	543 2	544 2	663 2	
55 2	59 2	171 2	175 2	251 2	262 2	269 2	337 2	399 2	416 2	476 2	496 2	524 2	544 2	545 2	664 2	
56 2	60 2	172 2	176 2	252 2	263 2	270 2	338 2	400 2	417 2	477 2	497 2	525 2	545 2	546 2	665 2	
57 2	61 2	173 2	177 2	253 2	264 2	271 2	339 2	401 2	418 2	478 2	498 2	526 2	546 2	547 2	666 2	
58 2	62 2	174 2	178 2	254 2	265 2	272 2	340 2	402 2	419 2	479 2	499 2	527 2	547 2	548 2	667 2	
59 2	63 2	175 2	179 2	255 2	266 2	273 2	341 2	403 2	420 2	480 2	500 2	528 2	548 2	549 2	668 2	
60 2	64 2	176 2	180 2	256 2	267 2	274 2	342 2	404 2	421 2	481 2	501 2	529 2	549 2	550 2	669 2	
61 2	65 2	177 2	181 2	257 2	268 2	275 2	343 2	405 2	422 2	482 2	502 2	530 2	550 2	551 2	670 2	
62 2	66 2	178 2	182 2	258 2	269 2	276 2	344 2	406 2	423 2	483 2	503 2	531 2	551 2	552 2	671 2	
1 2	63 2	67 2	179 2	183 2	259 2	270 2	277 2	407 2	424 2	484 2	504 2	532 2	552 2	553 2	672 2	
2 2	64 2	68 2	180 2	184 2	260 2	271 2	278 2	408 2	425 2	485 2	505 2	533 2	553 2	554 2	673 2	
3 2	65 2	69 2	181 2	185 2	261 2	272 2	279 2	409 2	426 2	486 2	506 2	534 2	554 2	555 2	674 2	
4 2	66 2	70 2	182 2	186 2	262 2	273 2	280 2	410 2	427 2	487 2	507 2	535 2	555 2	556 2	675 2	
5 2	67 2	71 2	183 2	187 2	263 2	274 2	281 2	411 2	428 2	488 2	508 2	536 2	556 2	557 2	676 2	
6 2	68 2	72 2	184 2	188 2	264 2	275 2	282 2	412 2	429 2	489 2	509 2	537 2	557 2	558 2	677 2	
7 2	69 2	73 2	185 2	189 2	265 2	276 2	283 2	413 2	430 2	490 2	510 2	538 2	558 2	559 2	678 2	
8 2	70 2	74 2	186 2	190 2	266 2	277 2	284 2	414 2	431 2	491 2	511 2	539 2	559 2	560 2	679 2	
9 2	71 2	75 2	187 2	191 2	267 2	278 2	285 2	415 2	432 2	492 2	512 2	540 2	560 2	561 2	680 2	
10 2	72 2	76 2	188 2	192 2	268 2	279 2	286 2	416 2	433 2	493 2	513 2	541 2	561 2	562 2	681 2	
11 2	73 2	77 2	189 2	193 2	269 2	280 2	287 2	417 2	434 2	494 2	514 2	542 2	562 2	563 2	682 2	
12 2	74 2	78 2	190 2	194 2	270 2	281 2	288 2	418 2	435 2	495 2	515 2	543 2	563 2	564 2	683 2	
13 2	75 2	79 2	191 2	195 2	271 2	282 2	289 2	419 2	436 2	496 2	516 2	544 2	564 2	565 2	684 2	
14 2	76 2	80 2	192 2	196 2	272 2	283 2	290 2	420 2	437 2	497 2	517 2	545 2	565 2	566 2	685 2	
15 2	77 2	81 2	193 2	197 2	273 2	284 2	291 2	421 2	438 2	498 2	518 2	546 2	566 2	567 2	686 2	
16 2	78 2	82 2	194 2	198 2	274 2	285 2	292 2	422 2	439 2	499 2	519 2	547 2	567 2	568 2	687 2	
17 2	79 2	83 2	195 2	199 2	275 2	286 2	293 2	423 2	440 2	500 2	520 2	548 2	568 2	569 2	688 2	
18 2	80 2	84 2	196 2	200 2	276 2	287 2	294 2	345 2	424 2	441 2	501 2	521 2	549 2	569 2	570 2	
19 2	81 2	85 2	197 2	201 2	277 2	288 2	295 2	346 2	425 2	442 2	502 2	522 2	550 2	570 2	571 2	
20 2	82 2	86 2	198 2	202 2	278 2	289 2	296 2	347 2	426 2	443 2	503 2	523 2	551 2	571 2	572 2	
21 2	83 2	87 2	199 2	203 2	279 2	290 2	297 2	348 2	427 2	444 2	504 2	524 2	552 2	572 2	573 2	
22 2	84 2	88 2	200 2	204 2	280 2	291 2	298 2	349 2	428 2	445 2	505 2	525 2	553 2	573 2	574 2	
23 2	85 2	89 2	201 2	205 2	281 2	292 2	299 2	350 2	429 2	446 2	506 2	526 2	554 2	574 2	575 2	
24 2	86 2	90 2	202 2	206 2	282 2	293 2	300 2	351 2	430 2	447 2	507 2	527 2	555 2	575 2	576 2	
25 2	87 2	91 2	203 2	207 2	283 2	294 2	301 2	352 2	431 2	448 2	508 2	528 2	556 2	576 2	577 2	
26 2	88 2	92 2	204 2	208 2	284 2	295 2	302 2	353 2	432 2	449 2	509 2	529 2	557 2	577 2	578 2	
27 2	89 2	93 2	205 2	209 2	285 2	296 2	303 2	354 2	433 2	450 2	510 2	530 2	558 2	578 2	579 2	
28 2	90 2	94 2	206 2	210 2	286 2	297 2	304 2	355 2	434 2	451 2	511 2	531 2	559 2	579 2	580 2	
29 2	91 2	95 2	207 2	211 2	287 2	298 2	305 2	356 2	435 2	452 2	512 2	532 2	560 2	580 2	581 2	
30 2	92 2	96 2	208 2	212 2	288 2	299 2	306 2	357 2	436 2	453 2	513 2	533 2	561 2	581 2	582 2	
31 2	93 2	97 2	209 2	213 2	289 2	300 2	307 2	358 2	437 2	454 2	514 2	534 2	562 2	582 2	583 2	
32 2	94 2	98 2	210 2	214 2	290 2	301 2	308 2	359 2	438 2	455 2	515 2	535 2	563 2	583 2	584 2	
33 2	95 2	99 2	211 2	215 2	291 2	302 2	309 2	360 2	439 2	456 2	516 2	536 2	564 2	584 2	585 2	
34 2	96 2	100 2	212 2	216 2	292 2	303 2	310 2	361 2	440 2	457 2	517 2	537 2	565 2	585 2	586 2	
35 2	97 2	101 2	213 2	217 2	293 2	304 2	311 2	362 2	441 2	458 2	518 2	538 2	566 2	586 2	587 2	
36 2	98 2	102 2	214 2	218 2	294 2	305 2	312 2	363 2	442 2	459 2	519 2	539 2	567 2	587 2	588 2	
37 2	99 2	103 2	215 2	219 2	295 2	306 2	313 2	364 2	443 2	460 2	520 2	540 2	568 2	588 2	589 2	
38 2	100 2	104 2	216 2	220 2	296 2	307 2	314 2	365 2	444 2	461 2	521 2	541 2	569 2	589 2	590 2	
39 2	101 2	105 2	217 2	221 2	297 2	308 2	315 2	366 2	445 2	462 2	522 2	542 2	570 2	590 2	591 2	
40 2	102 2	106 2	218 2	222 2	298 2	309 2	316 2	367 2	446 2	463 2	523 2	543 2	571 2	591 2	592 2	
41 2	103 2	107 2	219 2	223 2	299 2	310 2	317 2	368 2	447 2	464 2	524 2	544 2	572 2	592 2	593 2	
42 2	104 2	108 2	220 2	224 2	300 2	311 2	318 2	369 2	448 2	465 2	525 2	545 2	573 2	593 2	594 2	
43 2	105 2	109 2	221 2	225 2	301 2	312 2	319 2	370 2	449 2	466 2	526 2	546 2	574 2	594 2	595 2	
44 2	106 2	110 2	222 2	226 2	302 2	313 2	320 2	371 2	450 2	467 2	527 2	547 2	575 2	595 2	596 2	
45 2	107 2	111 2	223 2	227 2	303 2	314 2	321 2	372 2	451 2	468 2	528 2	548 2	576 2	596 2	597 2	
46 2	108 2	112 2	224 2	228 2	304 2	315 2	322 2	373 2	452 2	469 2	529 2	549 2	577 2	597 2	598 2	
47 2	109 2	113 2	225 2	229 2	305 2	316 2	323 2	374 2	453 2	470 2	530 2	550 2	578 2	598 2	599 2	
48 2	110 2	114 2	226 2	230 2	306 2	317 2	324 2	375 2	454 2	471 2	531 2	551 2	579 2	599 2	600 2	
49 2	111 2	115 2	227 2	231 2	307 2	318 2	325 2	376 2	455 2	472 2	532 2	552 2	580 2	600 2	601 2	
50 2	112 2	116 2	228 2	232 2	308 2	319 2	326 2	377 2	456 2	473 2	533 2	553 2	581 2	601 2	602 2	
51 2	113 2	117 2	229 2	233 2	309 2	320 2	327 2	378 2	457 2	474 2	534 2	554 2	582 2	602 2	603 2	
52 2	114 2	118 2	230 2	234 2	310 2	321 2	328 2	379 2	458 2	475 2	535 2	555 2	583 2	603 2	604 2	
53 2	115 2	119 2	231 2	235 2	311 2	322 2	329 2	380 2	459 2	476 2	536 2	556 2	584 2	604 2	605 2	
54 2	116 2	120 2	232 2	236 2	312 2	323 2	330 2	381 2	460 2	477 2	537 2	557 2	585 2	605 2	606 2	
55 2	117 2	121 2	233 2	237 2	313 2	324 2	331 2	382 2	461 2	478 2	538 2	558 2	586 2	606 2	607 2	
56 2	118 2	122 2	234 2	238 2	314 2	325 2	332 2	383 2	462 2	479 2	539 2	559 2	587 2	607 2	608 2	
57 2	119 2	123 2	235 2	239 2	315 2	326 2	333 2	384 2	463 2	480 2	540 2	560 2	588 2	608 2	609 2	
58 2	120 2	124 2	236 2	240 2	316 2	327 2	334 2	385 2	464 2	481 2	541 2	561 2	589 2	609 2	610 2	
59 2	121 2	125 2	237 2	241 2	317 2	328 2	335 2	386 2	465 2	482 2	542 2	562 2	590 2	610 2	611 2	
60 2	122 2	126 2	238 2	242 2	318 2	329 2	336 2	387 2	466 2	483 2	543 2	563 2	591 2	611 2	612 2	
61 2	123 2	127 2	239 2	243 2	319 2	330 2	337 2	388 2	467 2	484 2	544 2	564 2	592 2	612 2	613 2	
62 2	124 2	128 2	240 2	244 2	320 2	331 2	338 2	389 2	468 2	485 2	545 2	565 2	593 2	613 2	614 2	
63 2	125 2	129 2	241 2	245 2	321 2	332 2	339 2	390 2	469 2	486 2	546 2	566 2	594 2	614 2	615 2	
64 2	126 2	130 2	242 2	246 2	322 2	333 2	340 2	391 2	470 2	487 2	547 2	567 2	595 2	615 2	616 2	
65 2	127 2	131 2	243 2	247 2	323 2	334 2	341 2	392 2	471 2	488 2	548 2	568 2	596 2	616 2	617 2	
66 2	128 2	132 2	244 2	248 2	324 2	335 2	342 2	393 2	472 2	489 2	549 2	569 2	597 2	617 2	618 2	
67 2	129 2	133 2	245 2	249 2	325 2	336 2	343 2	394 2	473 2	490 2	550 2	570 2	598 2	618 2	619 2	
68 2	130 2	134 2	246 2	250 2	326 2	337 2	344 2	395 2	474 2	491 2	551 2	571 2	599 2	619 2	620 2	
1 2	69 2	131 2	135 2	247 2	251 2	327 2	338 2	396 2	475 2	492 2	552 2	572 2	600 2	620 2	621 2	
2 2	70 2	132 2	136 2	248 2	252 2	328 2	339 2	397 2	476 2	493 2	553 2	573 2	601 2	621 2	622 2	
3 2	71 2	133 2	137 2	249 2	253 2	329 2	340 2	398 2	477 2	494 2	554 2	574 2	602 2	622 2	623 2	
4 2	72 2	134 2	138 2	250 2	254 2	330 2	341 2	399 2	478 2	495 2	555 2	575 2	603 2	623 2	624 2	
5 2	73 2	135 2	139 2	251 2	255 2	331 2	342 2	400 2	479 2	496 2	556 2	576 2	604 2	624 2	625 2	
6 2	74 2	136 2	140 2	252 2	256 2	332 2	343 2	401 2	480 2	497 2	557 2	577 2	605 2	625 2	626 2	
7 2	75 2	137 2	141 2	253 2	257 2	333 2	344 2	402 2	481 2	498 2	558 2	578 2	606 2	626 2	627 2	
1 2	8 2	76 2	138 2	142 2	254 2	258 2	334 2	403 2	482 2	499 2	559 2	579 2	607 2	627 2	628 2	
2 2	9 2	77 2	139 2	143 2	255 2	259 2	335 2	404 2	483 2	500 2	560 2	580 2	608 2	628 2	629 2	
3 2	10 2	78 2	140 2	144 2	256 2	260 2	336 2	405 2	484 2	501 2	561 2	581 2	609 2	629 2	630 2	
4 2	11 2	79 2	141 2	145 2	257 2	261 2	337 2	406 2	485 2	502 2	562 2	582 2	610 2	630 2	631 2	
5 2	12 2	80 2	142 2	146 2	258 2	262 2	338 2	407 2	486 2	503 2	563 2	583 2	611 2	631 2	632 2	
6 2	13 2	81 2	143 2	147 2	259 2	263 2	339 2	408 2	487 2	504 2	564 2	584 2	612 2	632 2	633 2	
7 2	14 2	82 2	144 2	148 2	260 2	264 2	340 2	409 2	488 2	505 2	565 2	585 2	613 2	633 2	634 2	
8 2	15 2	83 2	145 2	149 2	261 2	265 2	341 2	410 2	489 2	506 2	566 2	586 2	614 2	634 2	635 2	
9 2	16 2	84 2	146 2	150 2	262 2	266 2	342 2	411 2	490 2	507 2	567 2	587 2	615 2	635 2	636 2	
10 2	17 2	85 2	147 2	151 2	263 2	267 2	343 2	412 2	491 2	508 2	568 2	588 2	616 2	636 2	637 2	
11 2	18 2	86 2	148 2	152 2	264 2	268 2	344 2	413 2	492 2	509 2	569 2	589 2	617 2	637 2	638 2	
1 2	12 2	19 2	87 2	149 2	153 2	265 2	269 2	414 2	493 2	510 2	570 2	590 2	618 2	638 2	639 2	
2 2	13 2	20 2	88 2	150 2	154 2	266 2	270 2	415 2	494 2	511 2	571 2	591 2	619 2	639 2	640 2	
3 2	14 2	21 2	89 2	151 2	155 2	267 2	271 2	416 2	495 2	512 2	572 2	592 2	620 2	640 2	641 2	
4 2	15 2	22 2	90 2	152 2	156 2	268 2	272 2	417 2	496 2	513 2	573 2	593 2	621 2	641 2	642 2	
5 2	16 2	23 2	91 2	153 2	157 2	269 2	273 2	418 2	497 2	514 2	574 2	594 2	622 2	642 2	643 2	
6 2	17 2	24 2	92 2	154 2	158 2	270 2	274 2	419 2	498 2	515 2	575 2	595 2	623 2	643 2	644 2	
7 2	18 2	25 2	93 2	155 2	159 2	271 2	275 2	420 2	499 2	516 2	576 2	596 2	624 2	644 2	645 2	
8 2	19 2	26 2	94 2	156 2	160 2	272 2	276 2	421 2	500 2	517 2	577 2	597 2	625 2	645 2	646 2	
9 2	20 2	27 2	95 2	157 2	161 2	273 2	277 2	422 2	501 2	518 2	578 2	598 2	626 2	646 2	647 2	
10 2	21 2	28 2	96 2	158 2	162 2	274 2	278 2	423 2	502 2	519 2	579 2	599 2	627 2	647 2	648 2	
11 2	22 2	29 2	97 2	159 2	163 2	275 2	279 2	424 2	503 2	520 2	580 2	600 2	628 2	648 2	649 2	
12 2	23 2	30 2	98 2	160 2	164 2	276 2	280 2	425 2	504 2	521 2	581 2	601 2	629 2	649 2	650 2	
13 2	24 2	31 2	99 2	161 2	165 2	277 2	281 2	426 2	505 2	522 2	582 2	602 2	630 2	650 2	651 2	
14 2	25 2	32 2	100 2	162 2	166 2	278 2	282 2	427 2	506 2	523 2	583 2	603 2	631 2	651 2	652 2	
15 2	26 2	33 2	101 2	163 2	167 2	279 2	283 2	428 2	507 2	524 2	584 2	604 2	632 2	652 2	653 2	
16 2	27 2	34 2	102 2	164 2	168 2	280 2	284 2	429 2	508 2	525 2	585 2	605 2	633 2	653 2	654 2	
17 2	28 2	35 2	103 2	165 2	169 2	281 2	285 2	430 2	509 2	526 2	586 2	606 2	634 2	654 2	655 2	
18 2	29 2	36 2	104 2	166 2	170 2	282 2	286 2	431 2	510 2	527 2	587 2	607 2	635 2	655 2	656 2	
19 2	30 2	37 2	105 2	167 2	171 2	283 2	287 2	432 2	511 2	528 2	588 2	608 2	636 2	656 2	657 2	
20 2	31 2	38 2	106 2	168 2	172 2	284 2	288 2	433 2	512 2	529 2	589 2	609 2	637 2	657 2	658 2	
21 2	32 2	39 2	107 2	169 2	173 2	285 2	289 2	434 2	513 2	530 2	590 2	610 2	638 2	658 2	659 2	
22 2	33 2	40 2	108 2	170 2	174 2	286 2	290 2	435 2	514 2	531 2	591 2	611 2	639 2	659 2	660 2	
23 2	34 2	41 2	109 2	171 2	175 2	287 2	291 2	436 2	515 2	532 2	592 2	612 2	640 2	660 2	661 2	
24 2	35 2	42 2	110 2	172 2	176 2	288 2	292 2	437 2	516 2	533 2	593 2	613 2	641 2	661 2	662 2	
25 2	36 2	43 2	111 2	173 2	177 2	289 2	293 2	438 2	517 2	534 2	594 2	614 2	642 2	662 2	663 2	
26 2	37 2	44 2	112 2	174 2	178 2	290 2	294 2	439 2	518 2	535 2	595 2	615 2	643 2	663 2	664 2	
27 2	38 2	45 2	113 2	175 2	179 2	291 2	295 2	440 2	519 2	536 2	596 2	616 2	644 2	664 2	665 2	
28 2	39 2	46 2	114 2	176 2	180 2	292 2	296 2	441 2	520 2	537 2	597 2	617 2	645 2	665 2	666 2	
29 2	40 2	47 2	115 2	177 2	181 2	293 2	297 2	442 2	521 2	538 2	598 2	618 2	646 2	666 2	667 2	
30 2	41 2	48 2	116 2	178 2	182 2	294 2	298 2	443 2	522 2	539 2	599 2	619 2	647 2	667 2	668 2	
31 2	42 2	49 2	117 2	179 2	183 2	295 2	299 2	444 2	523 2	540 2	600 2	620 2	648 2	668 2	669 2	
32 2	43 2	50 2	118 2	180 2	184 2	296 2	300 2	445 2	524 2	541 2	601 2	621 2	649 2	669 2	670 2	
33 2	44 2	51 2	119 2	181 2	185 2	297 2	301 2	446 2	525 2	542 2	602 2	622 2	650 2	670 2	671 2	
34 2	45 2	52 2	120 2	182 2	186 2	298 2	302 2	447 2	526 2	543 2	603 2	623 2	651 2	671 2	672 2	
35 2	46 2	53 2	121 2	183 2	187 2	299 2	303 2	448 2	527 2	544 2	604 2	624 2	652 2	672 2	673 2	
36 2	47 2	54 2	122 2	184 2	188 2	300 2	304 2	449 2	528 2	545 2	605 2	625 2	653 2	673 2	674 2	
37 2	48 2	55 2	123 2	185 2	189 2	301 2	305 2	450 2	529 2	546 2	606 2	626 2	654 2	674 2	675 2	
38 2	49 2	56 2	124 2	186 2	190 2	302 2	306 2	451 2	530 2	547 2	607 2	627 2	655 2	675 2	676 2	
39 2	50 2	57 2	125 2	187 2	191 2	303 2	307 2	452 2	531 2	548 2	608 2	628 2	656 2	676 2	677 2	
40 2	51 2	58 2	126 2	188 2	192 2	304 2	308 2	453 2	532 2	549 2	609 2	629 2	657 2	677 2	678 2	
41 2	52 2	59 2	127 2	189 2	193 2	305 2	309 2	454 2	533 2	550 2	610 2	630 2	658 2	678 2	679 2	
42 2	53 2	60 2	128 2	190 2	194 2	306 2	310 2	455 2	534 2	551 2	611 2	631 2	659 2	679 2	680 2	
43 2	54 2	61 2	129 2	191 2	195 2	307 2	311 2	456 2	535 2	552 2	612 2	632 2	660 2	680 2	681 2	
44 2	55 2	62 2	130 2	192 2	196 2	308 2	312 2	457 2	536 2	553 2	613 2	633 2	661 2	681 2	682 2	
45 2	56 2	63 2	131 2	193 2	197 2	309 2	313 2	458 2	537 2	554 2	614 2	634 2	662 2	682 2	683 2	
46 2	57 2	64 2	132 2	194 2	198 2	310 2	314 2	459 2	538 2	555 2	615 2	635 2	663 2	683 2	684 2	
47 2	58 2	65 2	133 2	195 2	199 2	311 2	315 2	460 2	539 2	556 2	616 2	636 2	664 2	684 2	685 2	
48 2	59 2	66 2	134 2	196 2	200 2	312 2	316 2	461 2	540 2	557 2	617 2	637 2	665 2	685 2	686 2	
49 2	60 2	67 2	135 2	197 2	201 2	313 2	317 2	462 2	541 2	558 2	618 2	638 2	666 2	686 2	687 2	
50 2	61 2	68 2	136 2	198 2	202 2	314 2	318 2	463 2	542 2	559 2	619 2	639 2	667 2	687 2	688 2	
51 2	62 2	69 2	137 2	199 2	203 2	315 2	319 2	345 2	464 2	543 2	560 2	620 2	640 2	668 2	688 2	
52 2	63 2	70 2	138 2	200 2	204 2	316 2	320 2	345 2	346 2	465 2	544 2	561 2	621 2	641 2	669 2	
53 2	64 2	71 2	139 2	201 2	205 2	317 2	321 2	346 2	347 2	466 2	545 2	562 2	622 2	642 2	670 2	
54 2	65 2	72 2	140 2	202 2	206 2	318 2	322 2	347 2	348 2	467 2	546 2	563 2	623 2	643 2	671 2	
55 2	66 2	73 2	141 2	203 2	207 2	319 2	323 2	348 2	349 2	468 2	547 2	564 2	624 2	644 2	672 2	
56 2	67 2	74 2	142 2	204 2	208 2	320 2	324 2	349 2	350 2	469 2	548 2	565 2	625 2	645 2	673 2	
57 2	68 2	75 2	143 2	205 2	209 2	321 2	325 2	350 2	351 2	470 2	549 2	566 2	626 2	646 2	674 2	
58 2	69 2	76 2	144 2	206 2	210 2	322 2	326 2	351 2	352 2	471 2	550 2	567 2	627 2	647 2	675 2	
59 2	70 2	77 2	145 2	207 2	211 2	323 2	327 2	352 2	353 2	472 2	551 2	568 2	628 2	648 2	676 2	
60 2	71 2	78 2	146 2	208 2	212 2	324 2	328 2	353 2	354 2	473 2	552 2	569 2	629 2	649 2	677 2	
61 2	72 2	79 2	147 2	209 2	213 2	325 2	329 2	354 2	355 2	474 2	553 2	570 2	630 2	650 2	678 2	
62 2	73 2	80 2	148 2	210 2	214 2	326 2	330 2	355 2	356 2	475 2	554 2	571 2	631 2	651 2	679 2	
63 2	74 2	81 2	149 2	211 2	215 2	327 2	331 2	356 2	357 2	476 2	555 2	572 2	632 2	652 2	680 2	
64 2	75 2	82 2	150 2	212 2	216 2	328 2	332 2	357 2	358 2	477 2	556 2	573 2	633 2	653 2	681 2	
65 2	76 2	83 2	151 2	213 2	217 2	329 2	333 2	358 2	359 2	478 2	557 2	574 2	634 2	654 2	682 2	
66 2	77 2	84 2	152 2	214 2	218 2	330 2	334 2	359 2	360 2	479 2	558 2	575 2	635 2	655 2	683 2	
67 2	78 2	85 2	153 2	215 2	219 2	331 2	335 2	360 2	361 2	480 2	559 2	576 2	636 2	656 2	684 2	
68 2	79 2	86 2	154 2	216 2	220 2	332 2	336 2	361 2	362 2	481 2	560 2	577 2	637 2	657 2	685 2	
69 2	80 2	87 2	155 2	217 2	221 2	333 2	337 2	362 2	363 2	482 2	561 2	578 2	638 2	658 2	686 2	
70 2	81 2	88 2	156 2	218 2	222 2	334 2	338 2	363 2	364 2	483 2	562 2	579 2	639 2	659 2	687 2	
71 2	82 2	89 2	157 2	219 2	223 2	335 2	339 2	364 2	365 2	484 2	563 2	580 2	640 2	660 2	688 2	
72 2	83 2	90 2	158 2	220 2	224 2	336 2	340 2	345 2	365 2	366 2	485 2	564 2	581 2	641 2	661 2	
73 2	84 2	91 2	159 2	221 2	225 2	337 2	341 2	346 2	366 2	367 2	486 2	565 2	582 2	642 2	662 2	
74 2	85 2	92 2	160 2	222 2	226 2	338 2	342 2	347 2	367 2	368 2	487 2	566 2	583 2	643 2	663 2	
75 2	86 2	93 2	161 2	223 2	227 2	339 2	343 2	348 2	368 2	369 2	488 2	567 2	584 2	644 2	664 2	
76 2	87 2	94 2	162 2	224 2	228 2	340 2	344 2	349 2	369 2	370 2	489 2	568 2	585 2	645 2	665 2	
1 2	77 2	88 2	95 2	163 2	225 2	229 2	341 2	350 2	370 2	371 2	490 2	569 2	586 2	646 2	666 2	
2 2	78 2	89 2	96 2	164 2	226 2	230 2	342 2	351 2	371 2	372 2	491 2	570 2	587 2	647 2	667 2	
3 2	79 2	90 2	97 2	165 2	227 2	231 2	343 2	352 2	372 2	373 2	492 2	571 2	588 2	648 2	668 2	
4 2	80 2	91 2	98 2	166 2	228 2	232 2	344 2	353 2	373 2	374 2	493 2	572 2	589 2	649 2	669 2	
1 2	5 2	81 2	92 2	99 2	167 2	229 2	233 2	354 2	374 2	375 2	494 2	573 2	590 2	650 2	670 2	
2 2	6 2	82 2	93 2	100 2	168 2	230 2	234 2	355 2	375 2	376 2	495 2	574 2	591 2	651 2	671 2	
3 2	7 2	83 2	94 2	101 2	169 2	231 2	235 2	356 2	376 2	377 2	496 2	575 2	592 2	652 2	672 2	
4 2	8 2	84 2	95 2	102 2	170 2	232 2	236 2	357 2	377 2	378 2	497 2	576 2	593 2	653 2	673 2	
5 2	9 2	85 2	96 2	103 2	171 2	233 2	237 2	358 2	378 2	379 2	498 2	577 2	594 2	654 2	674 2	
6 2	10 2	86 2	97 2	104 2	172 2	234 2	238 2	359 2	379 2	380 2	499 2	578 2	595 2	655 2	675 2	
7 2	11 2	87 2	98 2	105 2	173 2	235 2	239 2	360 2	380 2	381 2	500 2	579 2	596 2	656 2	676 2	
8 2	12 2	88 2	99 2	106 2	174 2	236 2	240 2	361 2	381 2	382 2	501 2	580 2	597 2	657 2	677 2	
9 2	13 2	89 2	100 2	107 2	175 2	237 2	241 2	362 2	382 2	383 2	502 2	581 2	598 2	658 2	678 2	
10 2	14 2	90 2	101 2	108 2	176 2	238 2	242 2	363 2	383 2	384 2	503 2	582 2	599 2	659 2	679 2	
11 2	15 2	91 2	102 2	109 2	177 2	239 2	243 2	364 2	384 2	385 2	504 2	583 2	600 2	660 2	680 2	
12 2	16 2	92 2	103 2	110 2	178 2	240 2	244 2	365 2	385 2	386 2	505 2	584 2	601 2	661 2	681 2	
13 2	17 2	93 2	104 2	111 2	179 2	241 2	245 2	366 2	386 2	387 2	506 2	585 2	602 2	662 2	682 2	
14 2	18 2	94 2	105 2	112 2	180 2	242 2	246 2	367 2	387 2	388 2	507 2	586 2	603 2	663 2	683 2	
15 2	19 2	95 2	106 2	113 2	181 2	243 2	247 2	368 2	388 2	389 2	508 2	587 2	604 2	664 2	684 2	
16 2	20 2	96 2	107 2	114 2	182 2	244 2	248 2	369 2	389 2	390 2	509 2	588 2	605 2	665 2	685 2	
17 2	21 2	97 2	108 2	115 2	183 2	245 2	249 2	370 2	390 2	391 2	510 2	589 2	606 2	666 2	686 2	
18 2	22 2	98 2	109 2	116 2	184 2	246 2	250 2	371 2	391 2	392 2	511 2	590 2	607 2	667 2	687 2	
19 2	23 2	99 2	110 2	117 2	185 2	247 2	251 2	372 2	392 2	393 2	512 2	591 2	608 2	668 2	688 2	
20 2	24 2	100 2	111 2	118 2	186 2	248 2	252 2	345 2	373 2	393 2	394 2	513 2	592 2	609 2	669 2	
21 2	25 2	101 2	112 2	119 2	187 2	249 2	253 2	346 2	374 2	394 2	395 2	514 2	593 2	610 2	670 2	
22 2	26 2	102 2	113 2	120 2	188 2	250 2	254 2	347 2	375 2	395 2	396 2	515 2	594 2	611 2	671 2	
23 2	27 2	103 2	114 2	121 2	189 2	251 2	255 2	348 2	376 2	396 2	397 2	516 2	595 2	612 2	672 2	
24 2	28 2	104 2	115 2	122 2	190 2	252 2	256 2	349 2	377 2	397 2	398 2	517 2	596 2	613 2	673 2	
25 2	29 2	105 2	116 2	123 2	191 2	253 2	257 2	350 2	378 2	398 2	399 2	518 2	597 2	614 2	674 2	
26 2	30 2	106 2	117 2	124 2	192 2	254 2	258 2	351 2	379 2	399 2	400 2	519 2	598 2	615 2	675 2	
27 2	31 2	107 2	118 2	125 2	193 2	255 2	259 2	352 2	380 2	400 2	401 2	520 2	599 2	616 2	676 2	
28 2	32 2	108 2	119 2	126 2	194 2	256 2	260 2	353 2	381 2	401 2	402 2	521 2	600 2	617 2	677 2	
29 2	33 2	109 2	120 2	127 2	195 2	257 2	261 2	354 2	382 2	402 2	403 2	522 2	601 2	618 2	678 2	
30 2	34 2	110 2	121 2	128 2	196 2	258 2	262 2	355 2	383 2	403 2	404 2	523 2	602 2	619 2	679 2	
31 2	35 2	111 2	122 2	129 2	197 2	259 2	263 2	356 2	384 2	404 2	405 2	524 2	603 2	620 2	680 2	
32 2	36 2	112 2	123 2	130 2	198 2	260 2	264 2	357 2	385 2	405 2	406 2	525 2	604 2	621 2	681 2	
33 2	37 2	113 2	124 2	131 2	199 2	261 2	265 2	358 2	386 2	406 2	407 2	526 2	605 2	622 2	682 2	
34 2	38 2	114 2	125 2	132 2	200 2	262 2	266 2	359 2	387 2	407 2	408 2	527 2	606 2	623 2	683 2	
35 2	39 2	115 2	126 2	133 2	201 2	263 2	267 2	360 2	388 2	408 2	409 2	528 2	607 2	624 2	684 2	
36 2	40 2	116 2	127 2	134 2	202 2	264 2	268 2	361 2	389 2	409 2	410 2	529 2	608 2	625 2	685 2	
37 2	41 2	117 2	128 2	135 2	203 2	265 2	269 2	362 2	390 2	410 2	411 2	530 2	609 2	626 2	686 2	
38 2	42 2	118 2	129 2	136 2	204 2	266 2	270 2	363 2	391 2	411 2	412 2	531 2	610 2	627 2	687 2	
39 2	43 2	119 2	130 2	137 2	205 2	267 2	271 2	364 2	392 2	412 2	413 2	532 2	611 2	628 2	688 2	
40 2	44 2	120 2	131 2	138 2	206 2	268 2	272 2	345 2	365 2	393 2	413 2	414 2	533 2	612 2	629 2	
41 2	45 2	121 2	132 2	139 2	207 2	269 2	273 2	346 2	366 2	394 2	414 2	415 2	534 2	613 2	630 2	
42 2	46 2	122 2	133 2	140 2	208 2	270 2	274 2	347 2	367 2	395 2	415 2	416 2	535 2	614 2	631 2	
43 2	47 2	123 2	134 2	141 2	209 2	271 2	275 2	348 2	368 2	396 2	416 2	417 2	536 2	615 2	632 2	
44 2	48 2	124 2	135 2	142 2	210 2	272 2	276 2	349 2	369 2	397 2	417 2	418 2	537 2	616 2	633 2	
45 2	49 2	125 2	136 2	143 2	211 2	273 2	277 2	350 2	370 2	398 2	418 2	419 2	538 2	617 2	634 2	
46 2	50 2	126 2	137 2	144 2	212 2	274 2	278 2	351 2	371 2	399 2	419 2	420 2	539 2	618 2	635 2	
47 2	51 2	127 2	138 2	145 2	213 2	275 2	279 2	352 2	372 2	400 2	420 2	421 2	540 2	619 2	636 2	
48 2	52 2	128 2	139 2	146 2	214 2	276 2	280 2	353 2	373 2	401 2	421 2	422 2	541 2	620 2	637 2	
49 2	53 2	129 2	140 2	147 2	215 2	277 2	281 2	354 2	374 2	402 2	422 2	423 2	542 2	621 2	638 2	
50 2	54 2	130 2	141 2	148 2	216 2	278 2	282 2	355 2	375 2	403 2	423 2	424 2	543 2	622 2	639 2	
51 2	55 2	131 2	142 2	149 2	217 2	279 2	283 2	356 2	376 2	404 2	424 2	425 2	544 2	623 2	640 2	
52 2	56 2	132 2	143 2	150 2	218 2	280 2	284 2	357 2	377 2	405 2	425 2	426 2	545 2	624 2	641 2	
53 2	57 2	133 2	144 2	151 2	219 2	281 2	285 2	358 2	378 2	406 2	426 2	427 2	546 2	625 2	642 2	
54 2	58 2	134 2	145 2	152 2	220 2	282 2	286 2	359 2	379 2	407 2	427 2	428 2	547 2	626 2	643 2	
55 2	59 2	135 2	146 2	153 2	221 2	283 2	287 2	360 2	380 2	408 2	428 2	429 2	548 2	627 2	644 2	
56 2	60 2	136 2	147 2	154 2	222 2	284 2	288 2	361 2	381 2	409 2	429 2	430 2	549 2	628 2	645 2	
57 2	61 2	137 2	148 2	155 2	223 2	285 2	289 2	362 2	382 2	410 2	430 2	431 2	550 2	629 2	646 2	
58 2	62 2	138 2	149 2	156 2	224 2	286 2	290 2	363 2	383 2	411 2	431 2	432 2	551 2	630 2	647 2	
59 2	63 2	139 2	150 2	157 2	225 2	287 2	291 2	364 2	384 2	412 2	432 2	433 2	552 2	631 2	648 2	
60 2	64 2	140 2	151 2	158 2	226 2	288 2	292 2	365 2	385 2	413 2	433 2	434 2	553 2	632 2	649 2	
61 2	65 2	141 2	152 2	159 2	227 2	289 2	293 2	366 2	386 2	414 2	434 2	435 2	554 2	633 2	650 2	
62 2	66 2	142 2	153 2	160 2	228 2	290 2	294 2	367 2	387 2	415 2	435 2	436 2	555 2	634 2	651 2	
63 2	67 2	143 2	154 2	161 2	229 2	291 2	295 2	368 2	388 2	416 2	436 2	437 2	556 2	635 2	652 2	
64 2	68 2	144 2	155 2	162 2	230 2	292 2	296 2	369 2	389 2	417 2	437 2	438 2	557 2	636 2	653 2	
65 2	69 2	145 2	156 2	163 2	231 2	293 2	297 2	370 2	390 2	418 2	438 2	439 2	558 2	637 2	654 2	
66 2	70 2	146 2	157 2	164 2	232 2	294 2	298 2	371 2	391 2	419 2	439 2	440 2	559 2	638 2	655 2	
67 2	71 2	147 2	158 2	165 2	233 2	295 2	299 2	372 2	392 2	420 2	440 2	441 2	560 2	639 2	656 2	
68 2	72 2	148 2	159 2	166 2	234 2	296 2	300 2	373 2	393 2	421 2	441 2	442 2	561 2	640 2	657 2	
69 2	73 2	149 2	160 2	167 2	235 2	297 2	301 2	374 2	394 2	422 2	442 2	443 2	562 2	641 2	658 2	
70 2	74 2	150 2	161 2	168 2	236 2	298 2	302 2	375 2	395 2	423 2	443 2	444 2	563 2	642 2	659 2	
71 2	75 2	151 2	162 2	169 2	237 2	299 2	303 2	376 2	396 2	424 2	444 2	445 2	564 2	643 2	660 2	
72 2	76 2	152 2	163 2	170 2	238 2	300 2	304 2	377 2	397 2	425 2	445 2	446 2	565 2	644 2	661 2	
73 2	77 2	153 2	164 2	171 2	239 2	301 2	305 2	378 2	398 2	426 2	446 2	447 2	566 2	645 2	662 2	
74 2	78 2	154 2	165 2	172 2	240 2	302 2	306 2	379 2	399 2	427 2	447 2	448 2	567 2	646 2	663 2	
75 2	79 2	155 2	166 2	173 2	241 2	303 2	307 2	380 2	400 2	428 2	448 2	449 2	568 2	647 2	664 2	
76 2	80 2	156 2	167 2	174 2	242 2	304 2	308 2	381 2	401 2	429 2	449 2	450 2	569 2	648 2	665 2	
77 2	81 2	157 2	168 2	175 2	243 2	305 2	309 2	382 2	402 2	430 2	450 2	451 2	570 2	649 2	666 2	
78 2	82 2	158 2	169 2	176 2	244 2	306 2	310 2	383 2	403 2	431 2	451 2	452 2	571 2	650 2	667 2	
79 2	83 2	159 2	170 2	177 2	245 2	307 2	311 2	384 2	404 2	432 2	452 2	453 2	572 2	651 2	668 2	
80 2	84 2	160 2	171 2	178 2	246 2	308 2	312 2	385 2	405 2	433 2	453 2	454 2	573 2	652 2	669 2	
81 2	85 2	161 2	172 2	179 2	247 2	309 2	313 2	386 2	406 2	434 2	454 2	455 2	574 2	653 2	670 2	
82 2	86 2	162 2	173 2	180 2	248 2	310 2	314 2	387 2	407 2	435 2	455 2	456 2	575 2	654 2	671 2	
83 2	87 2	163 2	174 2	181 2	249 2	311 2	315 2	388 2	408 2	436 2	456 2	457 2	576 2	655 2	672 2	
84 2	88 2	164 2	175 2	182 2	250 2	312 2	316 2	389 2	409 2	437 2	457 2	458 2	577 2	656 2	673 2	
85 2	89 2	165 2	176 2	183 2	251 2	313 2	317 2	390 2	410 2	438 2	458 2	459 2	578 2	657 2	674 2	
86 2	90 2	166 2	177 2	184 2	252 2	314 2	318 2	391 2	411 2	439 2	459 2	460 2	579 2	658 2	675 2	
87 2	91 2	167 2	178 2	185 2	253 2	315 2	319 2	392 2	412 2	440 2	460 2	461 2	580 2	659 2	676 2	
88 2	92 2	168 2	179 2	186 2	254 2	316 2	320 2	393 2	413 2	441 2	461 2	462 2	581 2	660 2	677 2	
89 2	93 2	169 2	180 2	187 2	255 2	317 2	321 2	394 2	414 2	442 2	462 2	463 2	582 2	661 2	678 2	
90 2	94 2	170 2	181 2	188 2	256 2	318 2	322 2	395 2	415 2	443 2	463 2	464 2	583 2	662 2	679 2	
91 2	95 2	171 2	182 2	189 2	257 2	319 2	323 2	396 2	416 2	444 2	464 2	465 2	584 2	663 2	680 2	
92 2	96 2	172 2	183 2	190 2	258 2	320 2	324 2	397 2	417 2	445 2	465 2	466 2	585 2	664 2	681 2	
93 2	97 2	173 2	184 2	191 2	259 2	321 2	325 2	398 2	418 2	446 2	466 2	467 2	586 2	665 2	682 2	
94 2	98 2	174 2	185 2	192 2	260 2	322 2	326 2	399 2	419 2	447 2	467 2	468 2	587 2	666 2	683 2	
95 2	99 2	175 2	186 2	193 2	261 2	323 2	327 2	400 2	420 2	448 2	468 2	469 2	588 2	667 2	684 2	
96 2	100 2	176 2	187 2	194 2	262 2	324 2	328 2	401 2	421 2	449 2	469 2	470 2	589 2	668 2	685 2	
97 2	101 2	177 2	188 2	195 2	263 2	325 2	329 2	402 2	422 2	450 2	470 2	471 2	590 2	669 2	686 2	
98 2	102 2	178 2	189 2	196 2	264 2	326 2	330 2	403 2	423 2	451 2	471 2	472 2	591 2	670 2	687 2	
99 2	103 2	179 2	190 2	197 2	265 2	327 2	331 2	404 2	424 2	452 2	472 2	473 2	592 2	671 2	688 2	
100 2	104 2	180 2	191 2	198 2	266 2	328 2	332 2	345 2	405 2	425 2	453 2	473 2	474 2	593 2	672 2	
101 2	105 2	181 2	192 2	199 2	267 2	329 2	333 2	346 2	406 2	426 2	454 2	474 2	475 2	594 2	673 2	
102 2	106 2	182 2	193 2	200 2	268 2	330 2	334 2	347 2	407 2	427 2	455 2	475 2	476 2	595 2	674 2	
103 2	107 2	183 2	194 2	201 2	269 2	331 2	335 2	348 2	408 2	428 2	456 2	476 2	477 2	596 2	675 2	
104 2	108 2	184 2	195 2	202 2	270 2	332 2	336 2	349 2	409 2	429 2	457 2	477 2	478 2	597 2	676 2	
105 2	109 2	185 2	196 2	203 2	271 2	333 2	337 2	350 2	410 2	430 2	458 2	478 2	479 2	598 2	677 2	
106 2	110 2	186 2	197 2	204 2	272 2	334 2	338 2	351 2	411 2	431 2	459 2	479 2	480 2	599 2	678 2	
107 2	111 2	187 2	198 2	205 2	273 2	335 2	339 2	352 2	412 2	432 2	460 2	480 2	481 2	600 2	679 2	
108 2	112 2	188 2	199 2	206 2	274 2	336 2	340 2	353 2	413 2	433 2	461 2	481 2	482 2	601 2	680 2	
109 2	113 2	189 2	200 2	207 2	275 2	337 2	341 2	354 2	414 2	434 2	462 2	482 2	483 2	602 2	681 2	
110 2	114 2	190 2	201 2	208 2	276 2	338 2	342 2	355 2	415 2	435 2	463 2	483 2	484 2	603 2	682 2	
111 2	115 2	191 2	202 2	209 2	277 2	339 2	343 2	356 2	416 2	436 2	464 2	484 2	485 2	604 2	683 2	
112 2	116 2	192 2	203 2	210 2	278 2	340 2	344 2	357 2	417 2	437 2	465 2	485 2	486 2	605 2	684 2	
1 2	113 2	117 2	193 2	204 2	211 2	279 2	341 2	358 2	418 2	438 2	466 2	486 2	487 2	606 2	685 2	
2 2	114 2	118 2	194 2	205 2	212 2	280 2	342 2	359 2	419 2	439 2	467 2	487 2	488 2	607 2	686 2	
3 2	115 2	119 2	195 2	206 2	213 2	281 2	343 2	360 2	420 2	440 2	468 2	488 2	489 2	608 2	687 2	
4 2	116 2	120 2	196 2	207 2	214 2	282 2	344 2	361 2	421 2	441 2	469 2	489 2	490 2	609 2	688 2	
