row_id,experiment,case,profile,abs_source,time,norm,charge,number,spin,phonon,current,source,energy
dimer_calibration_baseline_0,dimer_calibration_baseline,dimer_calibration,baseline,0.0,0,0.9999999999999999,0.9999999999999999,2.0,0.0,0.0,-3.408256498766896e-16,0.0,-1.2360679774997898
dimer_calibration_baseline_1,dimer_calibration_baseline,dimer_calibration,baseline,0.0,0.1,1.0,1.0,2.0,0.0,0.0,-3.569723618588072e-16,0.0,-1.2360679774997896
dimer_calibration_baseline_2,dimer_calibration_baseline,dimer_calibration,baseline,0.0,0.2,1.0,1.0,2.0,0.0,0.0,-3.314238260727735e-16,0.0,-1.2360679774997896
dimer_calibration_legacy_0,dimer_calibration_legacy,dimer_calibration,legacy,0.0,0,1.0000000000000002,1.0000000000000002,2.0,0.0,0.0,2.8458002879480323e-16,0.0,-1.5615528128088303
dimer_calibration_legacy_1,dimer_calibration_legacy,dimer_calibration,legacy,0.0,0.1,1.0,1.0000000000000002,2.0,0.0,0.0,3.0426073179893054e-16,0.0,-1.5615528128088303
dimer_calibration_legacy_2,dimer_calibration_legacy,dimer_calibration,legacy,0.0,0.2,1.0,1.0,2.0,0.0,0.0,2.792360835469867e-16,0.0,-1.5615528128088303
dimer_calibration_legacy_clock_U_0,dimer_calibration_legacy_clock_U,dimer_calibration,legacy_clock_U,0.0,0,1.0,1.0,2.0,0.0,0.0,-1.3005411430812653e-15,0.0,-1.2360679774997896
dimer_calibration_legacy_clock_U_1,dimer_calibration_legacy_clock_U,dimer_calibration,legacy_clock_U,0.0,0.1,1.0,1.0,2.0,0.0,0.0,-1.3434535087619427e-15,0.0,-1.2360679774997898
dimer_calibration_legacy_clock_U_2,dimer_calibration_legacy_clock_U,dimer_calibration,legacy_clock_U,0.0,0.2,1.0000000000000002,0.9999999999999998,2.0,0.0,0.0,-1.3638171557394785e-15,0.0,-1.2360679774997896
dimer_calibration_production_0,dimer_calibration_production,dimer_calibration,production,0.0,0,1.0,0.9999999999999998,1.9999999999999998,0.0,0.0,0.0,0.0,-1.2360679774997896
dimer_calibration_production_1,dimer_calibration_production,dimer_calibration,production,0.0,0.1,0.9999999999999999,0.9999999999999996,1.9999999999999993,0.0,0.0,8.542130163607034e-17,0.0,-1.2360679774997896
dimer_calibration_production_2,dimer_calibration_production,dimer_calibration,production,0.0,0.2,0.9999999999999993,0.9999999999999998,2.0,0.0,0.0,1.5925978741119106e-16,0.0,-1.2360679774997898
impurity_dev_baseline_0,impurity_dev_baseline,impurity_dev,baseline,0.0,0.0,1.0000000000000009,2.9543074412168813,6.0,0.0,0.0,2.0337261063567843e-18,0.0,-5.63662766481291
impurity_dev_baseline_1,impurity_dev_baseline,impurity_dev,baseline,0.0,0.2,0.9999903269269914,2.9583053177451015,5.999999999999998,0.0,0.0,0.03984126811004139,0.0,-5.636622374789404
impurity_dev_baseline_2,impurity_dev_baseline,impurity_dev,baseline,0.0,0.4,0.999980405922619,2.970056658828713,6.0,0.0,0.0,0.07713089911656532,0.0,-5.636616960204286
impurity_dev_baseline_3,impurity_dev_baseline,impurity_dev,baseline,0.0,0.6,0.9999699795203177,2.9888225493545404,6.0,0.0,0.0,0.10967114832704969,0.0,-5.6366112065679115
impurity_dev_baseline_4,impurity_dev_baseline,impurity_dev,baseline,0.0,0.8,0.9999587732076831,3.0134834179666603,5.999999999999999,0.0,0.0,0.13588691441112677,0.0,-5.636604811469303
impurity_dev_baseline_5,impurity_dev_baseline,impurity_dev,baseline,0.0,1.0,0.9999463627554405,3.0426784514996306,5.999999999999998,0.0,0.0,0.15494889029395947,0.0,-5.636597718833676
impurity_dev_baseline_6,impurity_dev_baseline,impurity_dev,baseline,0.0,1.2,0.9999320821850199,3.0749543304318596,6.000000000000001,0.0,0.0,0.1667470419422558,0.0,-5.636590216215238
impurity_dev_dense_grid_0,impurity_dev_dense_grid,impurity_dev,production,0.0,0.0,1.0,2.9551202272807853,6.000000000000001,0.0,0.0,0.0,0.0,-5.637360827973145
impurity_dev_dense_grid_1,impurity_dev_dense_grid,impurity_dev,production,0.0,0.025,1.0,2.95518323103256,6.0,0.0,0.0,0.005039868148031368,0.0,-5.637360827973145
impurity_dev_dense_grid_2,impurity_dev_dense_grid,impurity_dev,production,0.0,0.05,1.0,2.955372177503757,6.0,0.0,0.0,0.010074554563535908,0.0,-5.6373608279731435
impurity_dev_dense_grid_3,impurity_dev_dense_grid,impurity_dev,production,0.0,0.075,0.9999999999999998,2.955686872491586,6.000000000000001,0.0,0.0,0.015098889477143955,0.0,-5.637360827973146
impurity_dev_dense_grid_4,impurity_dev_dense_grid,impurity_dev,production,0.0,0.1,0.9999999999999998,2.956126992822731,5.999999999999999,0.0,0.0,0.0201077269948784,0.0,-5.6373608279731435
impurity_dev_dense_grid_5,impurity_dev_dense_grid,impurity_dev,production,0.0,0.125,0.9999999999999996,2.9566920870981406,6.0,0.0,0.0,0.02509595690888013,0.0,-5.637360827973144
impurity_dev_dense_grid_6,impurity_dev_dense_grid,impurity_dev,production,0.0,0.15,0.9999999999999994,2.9573815767312803,6.0,0.0,0.0,0.03005851635669865,0.0,-5.637360827973145
impurity_dev_dense_grid_7,impurity_dev_dense_grid,impurity_dev,production,0.0,0.175,0.9999999999999994,2.9581947572754803,6.0,0.0,0.0,0.03499040128021174,0.0,-5.637360827973145
impurity_dev_dense_grid_8,impurity_dev_dense_grid,impurity_dev,production,0.0,0.2,0.9999999999999992,2.95913080003474,6.000000000000002,0.0,0.0,0.0398866776365421,0.0,-5.637360827973146
impurity_dev_dense_grid_9,impurity_dev_dense_grid,impurity_dev,production,0.0,0.225,0.9999999999999993,2.9601887539512264,6.0,0.0,0.0,0.044742492314948173,0.0,-5.6373608279731435
impurity_dev_dense_grid_10,impurity_dev_dense_grid,impurity_dev,production,0.0,0.25,0.9999999999999992,2.9613675477615713,6.0,0.0,0.0,0.04955308371556536,0.0,-5.637360827973144
impurity_dev_dense_grid_11,impurity_dev_dense_grid,impurity_dev,production,0.0,0.275,0.999999999999999,2.9626659924129526,6.0,0.0,0.0,0.05431379194804853,0.0,-5.6373608279731435
impurity_dev_dense_grid_12,impurity_dev_dense_grid,impurity_dev,production,0.0,0.3,0.9999999999999991,2.964082783728983,6.0,0.0,0.0,0.05902006861059595,0.0,-5.637360827973144
impurity_dev_dense_grid_13,impurity_dev_dense_grid,impurity_dev,production,0.0,0.325,0.9999999999999989,2.965616505314448,6.0,0.0,0.0,0.06366748611249937,0.0,-5.637360827973144
impurity_dev_dense_grid_14,impurity_dev_dense_grid,impurity_dev,production,0.0,0.35,0.9999999999999989,2.9672656316870345,6.0,0.0,0.0,0.06825174650624168,0.0,-5.637360827973144
impurity_dev_dense_grid_15,impurity_dev_dense_grid,impurity_dev,production,0.0,0.375,0.9999999999999984,2.969028531623417,6.000000000000001,0.0,0.0,0.07276868979822958,0.0,-5.637360827973145
impurity_dev_dense_grid_16,impurity_dev_dense_grid,impurity_dev,production,0.0,0.4,0.9999999999999984,2.970903471706289,6.0,0.0,0.0,0.07721430171047579,0.0,-5.637360827973145
impurity_dev_dense_grid_17,impurity_dev_dense_grid,impurity_dev,production,0.0,0.425,0.9999999999999984,2.972888620058333,6.0,0.0,0.0,0.0815847208689106,0.0,-5.637360827973144
impurity_dev_dense_grid_18,impurity_dev_dense_grid,impurity_dev,production,0.0,0.45,0.9999999999999983,2.9749820502484976,6.0,0.0,0.0,0.08587624539747563,0.0,-5.637360827973144
impurity_dev_dense_grid_19,impurity_dev_dense_grid,impurity_dev,production,0.0,0.475,0.9999999999999982,2.97718174535552,6.0,0.0,0.0,0.09008533890070666,0.0,-5.6373608279731435
impurity_dev_dense_grid_20,impurity_dev_dense_grid,impurity_dev,production,0.0,0.5,0.999999999999998,2.9794856021732223,6.0,0.0,0.0,0.09420863582112232,0.0,-5.637360827973144
impurity_dev_dense_grid_21,impurity_dev_dense_grid,impurity_dev,production,0.0,0.525,0.9999999999999981,2.9818914355418196,5.999999999999999,0.0,0.0,0.09824294616136509,0.0,-5.637360827973144
impurity_dev_dense_grid_22,impurity_dev_dense_grid,impurity_dev,production,0.0,0.55,0.9999999999999979,2.984396982789273,6.0,0.0,0.0,0.10218525956467549,0.0,-5.637360827973144
impurity_dev_dense_grid_23,impurity_dev_dense_grid,impurity_dev,production,0.0,0.575,0.9999999999999978,2.986999908266593,6.0,0.0,0.0,0.1060327487508775,0.0,-5.637360827973144
impurity_dev_dense_grid_24,impurity_dev_dense_grid,impurity_dev,production,0.0,0.6,0.9999999999999978,2.9896978079609973,6.0,0.0,0.0,0.10978277230860228,0.0,-5.637360827973145
impurity_dev_dense_grid_25,impurity_dev_dense_grid,impurity_dev,production,0.0,0.625,0.9999999999999977,2.992488214170865,6.0,0.0,0.0,0.11343287684793789,0.0,-5.637360827973145
impurity_dev_dense_grid_26,impurity_dev_dense_grid,impurity_dev,production,0.0,0.65,0.9999999999999976,2.995368600226588,6.0,0.0,0.0,0.11698079852105485,0.0,-5.637360827973144
impurity_dev_dense_grid_27,impurity_dev_dense_grid,impurity_dev,production,0.0,0.675,0.9999999999999974,2.998336385241645,6.0,0.0,0.0,0.12042446392158804,0.0,-5.637360827973145
impurity_dev_dense_grid_28,impurity_dev_dense_grid,impurity_dev,production,0.0,0.7,0.9999999999999973,3.001388938878538,6.0,0.0,0.0,0.12376199037663946,0.0,-5.637360827973144
impurity_dev_dense_grid_29,impurity_dev_dense_grid,impurity_dev,production,0.0,0.725,0.9999999999999971,3.0045235861146065,6.0,0.0,0.0,0.12699168564818322,0.0,-5.637360827973144
impurity_dev_dense_grid_30,impurity_dev_dense_grid,impurity_dev,production,0.0,0.75,0.999999999999997,3.0077376119931976,6.0,0.0,0.0,0.13011204706338658,0.0,-5.637360827973146
impurity_dev_dense_grid_31,impurity_dev_dense_grid,impurity_dev,production,0.0,0.775,0.9999999999999971,3.0110282663461794,5.999999999999999,0.0,0.0,0.133121760095894,0.0,-5.637360827973143
impurity_dev_dense_grid_32,impurity_dev_dense_grid,impurity_dev,production,0.0,0.8,0.9999999999999969,3.014392768474382,5.999999999999998,0.0,0.0,0.13601969642244174,0.0,-5.637360827973144
impurity_dev_dense_grid_33,impurity_dev_dense_grid,impurity_dev,production,0.0,0.825,0.9999999999999968,3.0178283117731537,6.0,0.0,0.0,0.13880491148126783,0.0,-5.6373608279731435
impurity_dev_dense_grid_34,impurity_dev_dense_grid,impurity_dev,production,0.0,0.85,0.9999999999999967,3.0213320682909646,6.0,0.0,0.0,0.14147664156064824,0.0,-5.637360827973145
impurity_dev_dense_grid_35,impurity_dev_dense_grid,impurity_dev,production,0.0,0.875,0.9999999999999964,3.024901193209643,6.000000000000001,0.0,0.0,0.14403430044751658,0.0,-5.637360827973145
impurity_dev_dense_grid_36,impurity_dev_dense_grid,impurity_dev,production,0.0,0.9,0.9999999999999966,3.02853282923566,6.0,0.0,0.0,0.14647747566750952,0.0,-5.637360827973145
impurity_dev_dense_grid_37,impurity_dev_dense_grid,impurity_dev,production,0.0,0.925,0.9999999999999963,3.0322241108926518,6.0,0.0,0.0,0.1488059243489172,0.0,-5.637360827973144
impurity_dev_dense_grid_38,impurity_dev_dense_grid,impurity_dev,production,0.0,0.95,0.9999999999999964,3.035972168706172,5.999999999999998,0.0,0.0,0.15101956874391337,0.0,-5.637360827973144
impurity_dev_dense_grid_39,impurity_dev_dense_grid,impurity_dev,production,0.0,0.975,0.9999999999999962,3.0397741332725587,6.0,0.0,0.0,0.15311849144108772,0.0,-5.637360827973144
impurity_dev_dense_grid_40,impurity_dev_dense_grid,impurity_dev,production,0.0,1.0,0.9999999999999962,3.043627139204606,6.0,0.0,0.0,0.15510293030371153,0.0,-5.637360827973144
impurity_dev_dense_grid_41,impurity_dev_dense_grid,impurity_dev,production,0.0,1.025,0.999999999999996,3.047528328947626,6.0,0.0,0.0,0.15697327316834278,0.0,-5.637360827973145
impurity_dev_dense_grid_42,impurity_dev_dense_grid,impurity_dev,production,0.0,1.05,0.9999999999999958,3.051474856460344,6.000000000000002,0.0,0.0,0.15873005233832038,0.0,-5.637360827973144
impurity_dev_dense_grid_43,impurity_dev_dense_grid,impurity_dev,production,0.0,1.075,0.9999999999999957,3.0554638907559193,6.000000000000002,0.0,0.0,0.16037393890642304,0.0,-5.637360827973144
impurity_dev_dense_grid_44,impurity_dev_dense_grid,impurity_dev,production,0.0,1.1,0.9999999999999958,3.0594926192992515,5.999999999999999,0.0,0.0,0.16190573694048258,0.0,-5.637360827973144
impurity_dev_dense_grid_45,impurity_dev_dense_grid,impurity_dev,production,0.0,1.125,0.9999999999999954,3.0635582512575663,6.0,0.0,0.0,0.16332637756505672,0.0,-5.637360827973146
impurity_dev_dense_grid_46,impurity_dev_dense_grid,impurity_dev,production,0.0,1.15,0.9999999999999953,3.067658020602065,6.0,0.0,0.0,0.16463691297139202,0.0,-5.637360827973145
impurity_dev_dense_grid_47,impurity_dev_dense_grid,impurity_dev,production,0.0,1.175,0.9999999999999953,3.0717891890592695,5.999999999999999,0.0,0.0,0.1658385103868627,0.0,-5.637360827973145
impurity_dev_dense_grid_48,impurity_dev_dense_grid,impurity_dev,production,0.0,1.2,0.9999999999999949,3.0759490489114025,6.000000000000002,0.0,0.0,0.16693244603385746,0.0,-5.637360827973144
impurity_dev_final_tensor_0,impurity_dev_final_tensor,impurity_dev,production,0.0,0.0,0.9999999999999996,2.9551202262489586,6.000000000000001,0.0,0.0,2.3716922513023e-19,0.0,-5.637360827486483
impurity_dev_final_tensor_1,impurity_dev_final_tensor,impurity_dev,production,0.0,0.2,1.0000000000000346,2.9591307990072853,5.999999999999997,0.0,0.0,0.039886677678098253,0.0,-5.637360827486481
impurity_dev_final_tensor_2,impurity_dev_final_tensor,impurity_dev,production,0.0,0.4,1.000000000000085,2.9709034706895587,5.999999999999996,0.0,0.0,0.07721430177143922,0.0,-5.637360827486477
impurity_dev_final_tensor_3,impurity_dev_final_tensor,impurity_dev,production,0.0,0.6,1.0000000000001243,2.9896978069562357,6.000000000000002,0.0,0.0,0.10978277236458532,0.0,-5.637360827486481
impurity_dev_final_tensor_4,impurity_dev_final_tensor,impurity_dev,production,0.0,0.8,1.0000000000001756,3.014392767480176,6.000000000000003,0.0,0.0,0.13601969647615564,0.0,-5.637360827486484
impurity_dev_final_tensor_5,impurity_dev_final_tensor,impurity_dev,production,0.0,1.0,1.0000000000002123,3.0436271382247777,6.0,0.0,0.0,0.15510293040688122,0.0,-5.637360827486481
impurity_dev_final_tensor_6,impurity_dev_final_tensor,impurity_dev,production,0.0,1.2,1.0000000000002263,3.0759490479651888,6.000000000000002,0.0,0.0,0.16693244628633508,0.0,-5.637360827486479
impurity_dev_legacy_0,impurity_dev_legacy,impurity_dev,legacy,0.0,0.0,1.0000000000000009,3.2498919887914828,6.0,0.0,0.0,9.991971994078527e-09,0.0,-5.906864977792181
impurity_dev_legacy_1,impurity_dev_legacy,impurity_dev,legacy,0.0,0.2,0.9999998033306646,3.266878325254394,6.0,0.0,0.0,0.08344327674358694,0.0,-5.906864978644901
impurity_dev_legacy_2,impurity_dev_legacy,impurity_dev,legacy,0.0,0.4,0.9999996015280718,3.3144530978874625,6.000000000000002,0.0,0.0,0.15071507448494642,0.0,-5.906864954201201
impurity_dev_legacy_3,impurity_dev_legacy,impurity_dev,legacy,0.0,0.6,0.9999993668101758,3.384095912770278,5.999999999999997,0.0,0.0,0.19315341736553177,0.0,-5.906864913326938
impurity_dev_legacy_4,impurity_dev_legacy,impurity_dev,legacy,0.0,0.8,0.9999990622977045,3.4656868738064737,5.999999999999999,0.0,0.0,0.21109857468164883,0.0,-5.906864890998189
impurity_dev_legacy_5,impurity_dev_legacy,impurity_dev,legacy,0.0,1.0,0.9999986487597441,3.5504412739774702,5.999999999999998,0.0,0.0,0.2100628958816762,0.0,-5.9068648939962225
impurity_dev_legacy_6,impurity_dev_legacy,impurity_dev,legacy,0.0,1.2,0.9999981545482245,3.632062701807227,6.000000000000001,0.0,0.0,0.1964209089782586,0.0,-5.9068645802532265
impurity_dev_legacy_clock_0,impurity_dev_legacy_clock,impurity_dev,legacy_clock,0.0,0.0,1.0,3.249891988791484,6.0,0.0,0.0,1.0194332242056073e-08,0.0,-5.906864977792185
impurity_dev_legacy_clock_1,impurity_dev_legacy_clock,impurity_dev,legacy_clock,0.0,0.2,0.9999999498710874,3.2541951747948583,5.999999999999999,0.0,0.0,0.04284049693190112,0.0,-5.906864979416699
impurity_dev_legacy_clock_2,impurity_dev_legacy_clock,impurity_dev,legacy_clock,0.0,0.4,0.9999998999223251,3.266878322141545,5.999999999999998,0.0,0.0,0.08344327938789825,0.0,-5.906864978699768
impurity_dev_legacy_clock_3,impurity_dev_legacy_clock,impurity_dev,legacy_clock,0.0,0.6,0.9999998495659125,3.287292959896461,6.000000000000001,0.0,0.0,0.1198713054933982,0.0,-5.9068649745824215
impurity_dev_legacy_clock_4,impurity_dev_legacy_clock,impurity_dev,legacy_clock,0.0,0.8,0.9999997973446371,3.3144530970718136,5.999999999999999,0.0,0.0,0.15071498387247728,0.0,-5.906864967225377
impurity_dev_legacy_clock_5,impurity_dev_legacy_clock,impurity_dev,legacy_clock,0.0,1.0,0.9999997411363412,3.3471534755012216,5.999999999999999,0.0,0.0,0.17519769031033364,0.0,-5.906864957746139
impurity_dev_legacy_clock_6,impurity_dev_legacy_clock,impurity_dev,legacy_clock,0.0,1.2,0.9999996784552913,3.3840958688965017,6.0,0.0,0.0,0.19315304875955344,0.0,-5.9068649487205285
impurity_dev_legacy_clock_U_0,impurity_dev_legacy_clock_U,impurity_dev,legacy_clock_U,0.0,0.0,0.9999999999999996,2.955120198586106,6.000000000000001,0.0,0.0,9.46635268103094e-07,0.0,-5.637360820994087
impurity_dev_legacy_clock_U_1,impurity_dev_legacy_clock_U,impurity_dev,legacy_clock_U,0.0,0.2,0.9999999999940206,2.959130964130878,6.0000000000000036,0.0,0.0,0.03988765392003423,0.0,-5.637360820994191
impurity_dev_legacy_clock_U_2,impurity_dev_legacy_clock_U,impurity_dev,legacy_clock_U,0.0,0.4,0.9999999999881003,2.970903831288667,5.999999999999997,0.0,0.0,0.07721527420142747,0.0,-5.637360820994139
impurity_dev_legacy_clock_U_3,impurity_dev_legacy_clock_U,impurity_dev,legacy_clock_U,0.0,0.6,0.9999999999822685,2.989698358481327,5.999999999999998,0.0,0.0,0.10978370253423274,0.0,-5.637360820993956
impurity_dev_legacy_clock_U_4,impurity_dev_legacy_clock_U,impurity_dev,legacy_clock_U,0.0,0.8,0.9999999999765714,3.014393497447188,5.999999999999999,0.0,0.0,0.13602054403888353,0.0,-5.637360820993328
impurity_dev_legacy_clock_U_5,impurity_dev_legacy_clock_U,impurity_dev,legacy_clock_U,0.0,1.0,0.9999999999709753,3.043628026199665,6.000000000000001,0.0,0.0,0.15510365696205497,0.0,-5.637360820992069
impurity_dev_legacy_clock_U_6,impurity_dev_legacy_clock_U,impurity_dev,legacy_clock_U,0.0,1.2,0.9999999999660056,3.07595006645022,6.000000000000001,0.0,0.0,0.16693302054775583,0.0,-5.637360820984913
impurity_dev_production_0,impurity_dev_production,impurity_dev,production,0.0,0.0,1.0,2.9551202272807853,6.000000000000001,0.0,0.0,0.0,0.0,-5.637360827973145
impurity_dev_production_1,impurity_dev_production,impurity_dev,production,0.0,0.2,1.0,2.959130800034739,6.0,0.0,0.0,0.039886677636542106,0.0,-5.637360827973145
impurity_dev_production_2,impurity_dev_production,impurity_dev,production,0.0,0.4,1.0,2.970903471706289,6.000000000000001,0.0,0.0,0.0772143017104758,0.0,-5.637360827973145
impurity_dev_production_3,impurity_dev_production,impurity_dev,production,0.0,0.6,1.0,2.9896978079609973,6.0,0.0,0.0,0.10978277230860232,0.0,-5.637360827973145
impurity_dev_production_4,impurity_dev_production,impurity_dev,production,0.0,0.8,0.9999999999999999,3.014392768474382,6.0,0.0,0.0,0.13601969642244185,0.0,-5.637360827973145
impurity_dev_production_5,impurity_dev_production,impurity_dev,production,0.0,1.0,1.0,3.0436271392046055,6.0,0.0,0.0,0.15510293030371164,0.0,-5.6373608279731435
impurity_dev_production_6,impurity_dev_production,impurity_dev,production,0.0,1.2,0.9999999999999999,3.0759490489114025,6.000000000000002,0.0,0.0,0.16693244603385757,0.0,-5.637360827973144
impurity_dev_refined_0,impurity_dev_refined,impurity_dev,refined,0.0,0.0,1.0,2.9551202272807853,6.000000000000001,0.0,0.0,0.0,0.0,-5.637360827973145
impurity_dev_refined_1,impurity_dev_refined,impurity_dev,refined,0.0,0.2,1.0,2.959130800034739,6.0,0.0,0.0,0.039886677636542106,0.0,-5.637360827973145
impurity_dev_refined_2,impurity_dev_refined,impurity_dev,refined,0.0,0.4,1.0,2.970903471706289,6.000000000000001,0.0,0.0,0.0772143017104758,0.0,-5.637360827973145
impurity_dev_refined_3,impurity_dev_refined,impurity_dev,refined,0.0,0.6,1.0,2.9896978079609973,6.0,0.0,0.0,0.10978277230860232,0.0,-5.637360827973145
impurity_dev_refined_4,impurity_dev_refined,impurity_dev,refined,0.0,0.8,0.9999999999999999,3.014392768474382,6.0,0.0,0.0,0.13601969642244185,0.0,-5.637360827973145
impurity_dev_refined_5,impurity_dev_refined,impurity_dev,refined,0.0,1.0,1.0,3.0436271392046055,6.0,0.0,0.0,0.15510293030371164,0.0,-5.6373608279731435
impurity_dev_refined_6,impurity_dev_refined,impurity_dev,refined,0.0,1.2,0.9999999999999999,3.0759490489114025,6.000000000000002,0.0,0.0,0.16693244603385757,0.0,-5.637360827973144
impurity_dev_tensor160_0,impurity_dev_tensor160,impurity_dev,production,0.0,0.0,1.0000000000000004,2.95512021740802,6.0,0.0,0.0,1.5856456756444623e-18,0.0,-5.637360821607458
impurity_dev_tensor160_1,impurity_dev_tensor160,impurity_dev,production,0.0,0.2,0.9999999999999363,2.9591307900994903,5.999999999999998,0.0,0.0,0.03988667699271398,0.0,-5.637360821607456
impurity_dev_tensor160_2,impurity_dev_tensor160,impurity_dev,production,0.0,0.4,0.9999999999998712,2.9709034615574166,5.999999999999998,0.0,0.0,0.07721430013497142,0.0,-5.637360821607456
impurity_dev_tensor160_3,impurity_dev_tensor160,impurity_dev,production,0.0,0.6,0.9999999999998004,2.9896977973426146,5.999999999999998,0.0,0.0,0.1097827690037126,0.0,-5.637360821607455
impurity_dev_tensor160_4,impurity_dev_tensor160,impurity_dev,production,0.0,0.8,0.9999999999997288,3.0143927569111857,5.999999999999999,0.0,0.0,0.13601969001760822,0.0,-5.63736082160746
impurity_dev_tensor160_5,impurity_dev_tensor160,impurity_dev,production,0.0,1.0,0.999999999999665,3.0436271259220016,6.000000000000003,0.0,0.0,0.15510291929575096,0.0,-5.637360821607458
impurity_dev_tensor160_6,impurity_dev_tensor160,impurity_dev,production,0.0,1.2,0.9999999999996455,3.0759490328922667,5.999999999999998,0.0,0.0,0.16693242966264324,0.0,-5.63736082160745
impurity_scale_10_baseline_0,impurity_scale_10_baseline,impurity_scale_10,baseline,0.0,0,0.9999999999999987,4.969713904119781,10.000000000000002,0.0,0.0,7.538593230563283e-20,0.0,-12.340288327418065
impurity_scale_10_baseline_1,impurity_scale_10_baseline,impurity_scale_10,baseline,0.0,0.25,0.9992345991812435,5.000001949734227,9.999999999999998,0.0,0.0,0.23378609160952113,0.0,-12.34033113572942
impurity_scale_10_baseline_2,impurity_scale_10_baseline,impurity_scale_10,baseline,0.0,0.5,0.998487558160676,5.078776936210481,10.000000000000002,0.0,0.0,0.37625433538229425,0.0,-12.340344529109078
impurity_scale_10_baseline_3,impurity_scale_10_baseline,impurity_scale_10,baseline,0.0,1.0,0.996719869389728,5.2691853700066495,9.999999999999995,0.0,0.0,0.3282093921839221,0.0,-12.340455919365095
impurity_scale_10_baseline_4,impurity_scale_10_baseline,impurity_scale_10,baseline,0.0,1.5,0.99506507090354,5.394908914622038,9.999999999999996,0.0,0.0,0.19871296636579072,0.0,-12.340384412626264
impurity_scale_10_baseline_5,impurity_scale_10_baseline,impurity_scale_10,baseline,0.0,2.0,0.9932045073676923,5.49433684690097,9.999999999999998,0.0,0.0,0.20891516718316638,0.0,-12.340461987816417
impurity_scale_10_exact_0,impurity_scale_10_exact,impurity_scale_10,production,0.0,0,1.0000000000000002,4.96609182313993,9.999999999999996,0.0,0.0,-1.5268385514244362e-14,0.0,-12.364868102162353
impurity_scale_10_exact_1,impurity_scale_10_exact,impurity_scale_10,production,0.0,0.25,1.0000000000000007,4.996347228592913,9.999999999999996,0.0,0.0,0.23287955261057466,0.0,-12.364868102162356
impurity_scale_10_exact_2,impurity_scale_10_exact,impurity_scale_10,production,0.0,0.5,1.000000000000001,5.074374089565094,10.000000000000004,0.0,0.0,0.3702694793959377,0.0,-12.36486810216234
impurity_scale_10_exact_3,impurity_scale_10_exact,impurity_scale_10,production,0.0,1.0,0.9999999999999939,5.257866773816038,10.000000000000012,0.0,0.0,0.3087196380234211,0.0,-12.364868102162351
impurity_scale_10_exact_4,impurity_scale_10_exact,impurity_scale_10,production,0.0,1.5,0.9999999999999881,5.375962005384061,10.000000000000002,0.0,0.0,0.19243877114883307,0.0,-12.364868102162378
impurity_scale_10_exact_5,impurity_scale_10_exact,impurity_scale_10,production,0.0,2.0,0.9999999999999815,5.47865441291629,10.000000000000004,0.0,0.0,0.22761438044105953,0.0,-12.364868102162358
impurity_scale_10_pilot160_0,impurity_scale_10_pilot160,impurity_scale_10,production,0.0,0,1.0000000000000007,4.966091809729247,9.999999999999998,2.1415036924647034e-25,0.0,1.5918925129343075e-19,0.0,-12.364868088944654
impurity_scale_10_pilot160_1,impurity_scale_10_pilot160,impurity_scale_10,production,0.0,0.25,0.9999999998605087,4.9963472151568,9.999999999999996,-4.254549718931573e-28,0.0,0.23287955290192006,0.0,-12.364868088928242
impurity_scale_10_pilot160_2,impurity_scale_10_pilot160,impurity_scale_10,production,0.0,0.5,0.9999999997199841,5.074374076457697,10.000000000000005,4.776208728873792e-22,0.0,0.3702694824734782,0.0,-12.364868088898278
impurity_scale_10_pilot160_3,impurity_scale_10_pilot160,impurity_scale_10,production,0.0,1.0,0.99999999936426,5.257866763720988,9.999999999999998,-3.47530057347247e-23,0.0,0.3087196443992751,0.0,-12.364868088942629
impurity_scale_10_pilot160_4,impurity_scale_10_pilot160,impurity_scale_10,production,0.0,1.5,0.9999999982297799,5.375961991358007,9.999999999999998,2.2145063733097504e-23,0.0,0.19243874428245802,0.0,-12.364868091137135
impurity_scale_10_pilot160_5,impurity_scale_10_pilot160,impurity_scale_10,production,0.0,2.0,0.9999999926429471,5.478654377938927,10.0,-1.125410659123515e-23,0.0,0.22761431258354684,0.0,-12.364868106010505
impurity_scale_10_production_0,impurity_scale_10_production,impurity_scale_10,production,0.0,0,1.0,4.966091823139944,10.0,0.0,0.0,0.0,0.0,-12.364868102162355
impurity_scale_10_production_1,impurity_scale_10_production,impurity_scale_10,production,0.0,0.25,1.0000000000000002,4.996347228592927,9.999999999999996,0.0,0.0,0.23287955261058102,0.0,-12.364868102162346
impurity_scale_10_production_2,impurity_scale_10_production,impurity_scale_10,production,0.0,0.5,0.9999999999999996,5.074374089565114,10.000000000000004,0.0,0.0,0.37026947939593724,0.0,-12.364868102162385
impurity_scale_10_production_3,impurity_scale_10_production,impurity_scale_10,production,0.0,1.0,0.9999999999999944,5.257866773816046,10.000000000000005,0.0,0.0,0.30871963802341224,0.0,-12.364868102162381
impurity_scale_10_production_4,impurity_scale_10_production,impurity_scale_10,production,0.0,1.5,0.9999999999999889,5.375962005384066,10.0,0.0,0.0,0.19243877114881286,0.0,-12.364868102162342
impurity_scale_10_production_5,impurity_scale_10_production,impurity_scale_10,production,0.0,2.0,0.9999999999999825,5.478654412916284,10.0,0.0,0.0,0.227614380441038,0.0,-12.364868102162362
impurity_scale_12_exact_0,impurity_scale_12_exact,impurity_scale_12,production,0.0,0,0.9999999999999978,6.000096972726361,12.000000000000007,0.0,0.0,5.852740167511263e-15,0.0,-14.927478487100393
impurity_scale_12_exact_1,impurity_scale_12_exact,impurity_scale_12,production,0.0,0.25,0.9999999999999929,6.023212078701626,12.000000000000057,0.0,0.0,0.17713294335216923,0.0,-14.927478487100505
impurity_scale_12_exact_2,impurity_scale_12_exact,impurity_scale_12,production,0.0,0.5,0.9999999999999971,6.081783381820253,12.00000000000001,0.0,0.0,0.27386366929547157,0.0,-14.927478487100352
impurity_scale_12_exact_3,impurity_scale_12_exact,impurity_scale_12,production,0.0,1.0,0.9999999999999946,6.210433023527573,12.000000000000018,0.0,0.0,0.20100867950109275,0.0,-14.927478487100416
impurity_scale_12_exact_4,impurity_scale_12_exact,impurity_scale_12,production,0.0,1.5,1.0000000000000004,6.286443494222163,11.999999999999968,0.0,0.0,0.13724391879250689,0.0,-14.927478487100263
impurity_scale_12_exact_5,impurity_scale_12_exact,impurity_scale_12,production,0.0,2.0,0.9999999999999967,6.376742823991465,11.999999999999986,0.0,0.0,0.2300556927628858,0.0,-14.927478487100455
impurity_scale_12_pilot160_0,impurity_scale_12_pilot160,impurity_scale_12,production,0.0,0,1.0,6.000096949561444,11.999999999999998,2.0886288604188833e-25,0.0,3.421880753970397e-19,0.0,-14.927478413848677
impurity_scale_12_pilot160_1,impurity_scale_12_pilot160,impurity_scale_12,production,0.0,0.25,0.9999999981969196,6.023212050975272,12.000000000000002,-1.748691975577493e-23,0.0,0.17713291362036274,0.0,-14.927478413636907
impurity_scale_12_pilot160_2,impurity_scale_12_pilot160,impurity_scale_12,production,0.0,0.5,0.9999999963972034,6.081783344618957,11.999999999999996,-1.7355049917708765e-23,0.0,0.27386362950256454,0.0,-14.927478413334775
impurity_scale_12_pilot160_3,impurity_scale_12_pilot160,impurity_scale_12,production,0.0,1.0,0.999999991928096,6.210432954464521,11.999999999999996,4.108807905530769e-23,0.0,0.20100860215145547,0.0,-14.927478412697699
impurity_scale_12_pilot160_4,impurity_scale_12_pilot160,impurity_scale_12,production,0.0,1.5,0.9999999785644659,6.286443387386075,11.999999999999998,1.154507069097981e-22,0.0,0.1372438846014223,0.0,-14.92747842808294
impurity_scale_12_pilot160_5,impurity_scale_12_pilot160,impurity_scale_12,production,0.0,2.0,0.9999999256000327,6.376742521913854,12.000000000000007,-1.5661940412716227e-22,0.0,0.2300542426377267,0.0,-14.92747848472378
impurity_scale_12_production_0,impurity_scale_12_production,impurity_scale_12,production,0.0,0,1.0000000000000002,6.000096972726357,12.000000000000004,0.0,0.0,0.0,0.0,-14.92747848710037
impurity_scale_12_production_1,impurity_scale_12_production,impurity_scale_12,production,0.0,0.25,0.9999999999999913,6.02321207870165,12.000000000000103,0.0,0.0,0.17713294335216337,0.0,-14.92747848710055
impurity_scale_12_production_2,impurity_scale_12_production,impurity_scale_12,production,0.0,0.5,0.9999999999999956,6.081783381820274,12.000000000000052,0.0,0.0,0.27386366929547,0.0,-14.92747848710052
impurity_scale_12_production_3,impurity_scale_12_production,impurity_scale_12,production,0.0,1.0,0.9999999999999942,6.210433023527583,12.000000000000046,0.0,0.0,0.20100867950108642,0.0,-14.927478487100522
impurity_scale_12_production_4,impurity_scale_12_production,impurity_scale_12,production,0.0,1.5,0.9999999999999953,6.286443494222201,12.00000000000006,0.0,0.0,0.1372439187925012,0.0,-14.927478487100514
impurity_scale_12_production_5,impurity_scale_12_production,impurity_scale_12,production,0.0,2.0,0.9999999999999991,6.3767428239914485,11.999999999999982,0.0,0.0,0.23005569276289015,0.0,-14.92747848710029
impurity_scale_12_tensor128_0,impurity_scale_12_tensor128,impurity_scale_12,production,0.0,0,1.0,6.000097016964614,11.999999999999998,-1.2624477622777535e-23,0.0,9.465675903628059e-20,0.0,-14.927477991890603
impurity_scale_12_tensor128_1,impurity_scale_12_tensor128,impurity_scale_12,production,0.0,0.25,0.9999999670730806,6.0232120992316975,11.999999999999998,8.768221463894292e-27,0.0,0.17713275635063994,0.0,-14.92747799229159
impurity_scale_12_tensor128_2,impurity_scale_12_tensor128,impurity_scale_12,production,0.0,0.5,0.9999999355456268,6.081783330242066,11.999999999999998,1.0858763521460491e-24,0.0,0.273863301970673,0.0,-14.927477988849102
impurity_scale_12_tensor128_3,impurity_scale_12_tensor128,impurity_scale_12,production,0.0,1.0,0.9999998685107758,6.210432774514443,11.999999999999996,-4.878493611996534e-23,0.0,0.20100841739256667,0.0,-14.92747788993659
impurity_scale_12_tensor128_4,impurity_scale_12_tensor128,impurity_scale_12,production,0.0,1.5,0.9999997385351016,6.286443920561082,12.000000000000009,-6.028908730711771e-22,0.0,0.1372474415643057,0.0,-14.927478002919957
impurity_scale_12_tensor128_5,impurity_scale_12_tensor128,impurity_scale_12,production,0.0,2.0,0.9999994105240946,6.37674449737521,12.0,-7.183508458559253e-22,0.0,0.23005249696574712,0.0,-14.927478502039786
impurity_scale_14_fast96_0,impurity_scale_14_fast96,impurity_scale_14,production,0.0,0,0.9999999999999989,6.966141920742131,14.000000000000002,1.5620465818647994e-23,0.0,3.7273537500036e-19,0.0,-17.445094692919984
impurity_scale_14_fast96_1,impurity_scale_14_fast96,impurity_scale_14,production,0.0,0.25,0.9999996326700422,6.9953309551183676,14.0,-2.3211077441163395e-22,0.0,0.22456767916177012,0.0,-17.44509471376889
impurity_scale_14_fast96_2,impurity_scale_14_fast96,impurity_scale_14,production,0.0,0.5,0.999999276414567,7.070471848117987,13.999999999999995,-5.718569848043244e-23,0.0,0.3560507052008982,0.0,-17.4450946993335
impurity_scale_14_fast96_3,impurity_scale_14_fast96,impurity_scale_14,production,0.0,1.0,0.9999983268859715,7.246088311763985,13.999999999999998,5.669779418162109e-22,0.0,0.293872452080197,0.0,-17.445094802901433
impurity_scale_14_fast96_4,impurity_scale_14_fast96,impurity_scale_14,production,0.0,1.5,0.9999965793018643,7.3589149402550715,14.0,1.641822680752804e-23,0.0,0.18701251122750534,0.0,-17.445095920948066
impurity_scale_14_fast96_5,impurity_scale_14_fast96,impurity_scale_14,production,0.0,2.0,0.9999926593579029,7.46140989373707,14.000000000000002,-2.031039381353893e-20,0.0,0.23148747172683773,0.0,-17.445100468776005
impurity_scale_14_pilot160_0,impurity_scale_14_pilot160,impurity_scale_14,production,0.0,0,1.0000000000000002,6.966140964346738,14.000000000000007,-1.05500425305333e-22,0.0,-4.695656102500337e-20,0.0,-17.445100681607553
impurity_scale_14_pilot160_1,impurity_scale_14_pilot160,impurity_scale_14,production,0.0,0.25,0.9999999918253805,6.995330026850875,14.000000000000007,-8.883068052340403e-22,0.0,0.22456778263715169,0.0,-17.445100680921744
impurity_scale_14_pilot160_2,impurity_scale_14_pilot160,impurity_scale_14,production,0.0,0.5,0.9999999837931665,7.070470826878133,14.0,3.31788911592662e-23,0.0,0.35604960360565174,0.0,-17.445100679279868
impurity_scale_14_pilot160_3,impurity_scale_14_pilot160,impurity_scale_14,production,0.0,1.0,0.9999999615443497,7.246086189400269,13.999999999999998,2.893621539936143e-22,0.0,0.29386985663085924,0.0,-17.44510067646209
impurity_scale_14_pilot160_4,impurity_scale_14_pilot160,impurity_scale_14,production,0.0,1.5,0.9999999070377162,7.358914421581827,13.999999999999998,5.970752413011014e-22,0.0,0.18702453077812553,0.0,-17.44510067027406
impurity_scale_14_pilot160_5,impurity_scale_14_pilot160,impurity_scale_14,production,0.0,2.0,0.9999997547810725,7.461422633058,14.0,-1.0648560438602435e-20,0.0,0.23152084091929293,0.0,-17.445100836299478
impurity_scale_14_production_0,impurity_scale_14_production,impurity_scale_14,production,0.0,0,1.0000000000000013,6.966139289785157,14.0,6.036990896623292e-22,0.0,-6.734408218844372e-20,0.0,-17.44509782447979
impurity_scale_14_production_1,impurity_scale_14_production,impurity_scale_14,production,0.0,0.25,0.9999998825686301,6.995328307249172,14.000000000000007,-3.292775767311886e-23,0.0,0.22456772974566747,0.0,-17.445097802471974
impurity_scale_14_production_2,impurity_scale_14_production,impurity_scale_14,production,0.0,0.5,0.9999997659053138,7.07046909757137,14.000000000000004,2.8004315099878843e-23,0.0,0.3560499293682141,0.0,-17.44509776614601
impurity_scale_14_production_3,impurity_scale_14_production,impurity_scale_14,production,0.0,1.0,0.9999994803023575,7.246084705866075,13.999999999999998,5.693175823339724e-22,0.0,0.29387084217232534,0.0,-17.44509755225391
impurity_scale_14_production_4,impurity_scale_14_production,impurity_scale_14,production,0.0,1.5,0.9999989718249307,7.358912873991795,14.000000000000002,-1.307067330451821e-21,0.0,0.18702199874014516,0.0,-17.445097669088476
impurity_scale_14_production_5,impurity_scale_14_production,impurity_scale_14,production,0.0,2.0,0.9999977414622124,7.461418213644763,14.0,1.4870819003120465e-20,0.0,0.231515387317912,0.0,-17.445098917456324
ladder_dev_baseline_0,ladder_dev_baseline,ladder_dev,baseline,0.0,0.0,1.0000000000000007,1.47783912558575,4.0,0.0,0.0,-1.8598328892642262e-20,0.0,-4.229234415261633
ladder_dev_baseline_1,ladder_dev_baseline,ladder_dev,baseline,0.0,0.2,0.9992448567799587,1.4527639254819311,4.0,0.0,0.0,-0.24601878617512382,0.0,-4.229007747560237
ladder_dev_baseline_2,ladder_dev_baseline,ladder_dev,baseline,0.0,0.4,0.9984609992603974,1.3856886190024247,4.0,0.0,0.0,-0.4111227244667828,0.0,-4.228889831218392
ladder_dev_baseline_3,ladder_dev_baseline,ladder_dev,baseline,0.0,0.6,0.9976366147799585,1.296009488235592,4.0,0.0,0.0,-0.4734023489973852,0.0,-4.228858368715219
ladder_dev_baseline_4,ladder_dev_baseline,ladder_dev,baseline,0.0,0.8,0.9967791910363966,1.2024094745218097,4.0,0.0,0.0,-0.45480894816315753,0.0,-4.22886041059177
ladder_dev_baseline_5,ladder_dev_baseline,ladder_dev,baseline,0.0,1.0,0.9958745697166136,1.1181330166771335,4.0,0.0,0.0,-0.38453494421661777,0.0,-4.229075952080933
ladder_dev_baseline_6,ladder_dev_baseline,ladder_dev,baseline,0.0,1.2,0.9949868528459022,1.0505437884592925,4.0,0.0,0.0,-0.29259283258892105,0.0,-4.229412735859335
ladder_dev_bond48_0,ladder_dev_bond48,ladder_dev,baseline,0.0,0.0,1.0,1.474516610391173,4.0,0.0,0.0,1.0303038988060902e-09,0.0,-4.251060597346046
ladder_dev_bond48_1,ladder_dev_bond48,ladder_dev,baseline,0.0,0.2,0.9999999999999706,1.4483741983913412,3.9999999999999996,0.0,0.0,-0.25314932860734163,0.0,-4.251060597346047
ladder_dev_bond48_2,ladder_dev_bond48,ladder_dev,baseline,0.0,0.4,0.999999999999974,1.3789510910567935,4.0,0.0,0.0,-0.42339562163569,0.0,-4.251060597346045
ladder_dev_bond48_3,ladder_dev_bond48,ladder_dev,baseline,0.0,0.6,0.9999999999999417,1.286036672054173,4.0,0.0,0.0,-0.48992892829851475,0.0,-4.251060597346046
ladder_dev_bond48_4,ladder_dev_bond48,ladder_dev,baseline,0.0,0.8,0.9999999999999214,1.1882919855394627,3.9999999999999996,0.0,0.0,-0.47653269288120154,0.0,-4.251060597346045
ladder_dev_bond48_5,ladder_dev_bond48,ladder_dev,baseline,0.0,1.0,0.9999999999999397,1.099118669428198,4.0,0.0,0.0,-0.4076304353023128,0.0,-4.251060597346045
ladder_dev_bond48_6,ladder_dev_bond48,ladder_dev,baseline,0.0,1.2,0.9999999999998909,1.0274048998602565,3.9999999999999996,0.0,0.0,-0.3067608154822354,0.0,-4.251060597346046
ladder_dev_final_tensor_0,ladder_dev_final_tensor,ladder_dev,production,0.0,0.0,1.0,1.4745165751260998,4.0,0.0,0.0,8.781962892105523e-11,0.0,-4.251060625558169
ladder_dev_final_tensor_1,ladder_dev_final_tensor,ladder_dev,production,0.0,0.2,0.9999999999999851,1.4483741600157864,4.0,0.0,0.0,-0.2531493547265424,0.0,-4.251060625558169
ladder_dev_final_tensor_2,ladder_dev_final_tensor,ladder_dev,production,0.0,0.4,0.9999999999999717,1.3789510477551739,4.0,0.0,0.0,-0.42339563890496046,0.0,-4.2510606255581695
ladder_dev_final_tensor_3,ladder_dev_final_tensor,ladder_dev,production,0.0,0.6,0.999999999999967,1.2860366280284161,4.000000000000001,0.0,0.0,-0.4899289183094559,0.0,-4.2510606255581695
ladder_dev_final_tensor_4,ladder_dev_final_tensor,ladder_dev,production,0.0,0.8,0.9999999999999556,1.18829194549425,4.0,0.0,0.0,-0.4765326651804259,0.0,-4.251060625558169
ladder_dev_final_tensor_5,ladder_dev_final_tensor,ladder_dev,production,0.0,1.0,0.9999999999999319,1.0991186361320167,4.0,0.0,0.0,-0.4076303950669148,0.0,-4.251060625558168
ladder_dev_final_tensor_6,ladder_dev_final_tensor,ladder_dev,production,0.0,1.2,0.9999999999999394,1.0274048762548562,4.0,0.0,0.0,-0.30676075844224704,0.0,-4.251060625558168
ladder_dev_legacy_0,ladder_dev_legacy,ladder_dev,legacy,0.0,0.0,0.9999999999999998,1.4352293388927702,3.9999999999999996,0.0,0.0,-5.088128440257477e-10,0.0,-5.086814187648805
ladder_dev_legacy_1,ladder_dev_legacy,ladder_dev,legacy,0.0,0.2,0.9999933800745011,1.3366587478765142,4.000000000000001,0.0,0.0,-0.4424441371205419,0.0,-5.08681180532642
ladder_dev_legacy_2,ladder_dev_legacy,ladder_dev,legacy,0.0,0.4,0.9999847755185458,1.1391336025114558,4.0,0.0,0.0,-0.475970578143356,0.0,-5.086812527867667
ladder_dev_legacy_3,ladder_dev_legacy,ladder_dev,legacy,0.0,0.6,0.9999735907533374,0.9896376166728857,4.0,0.0,0.0,-0.260459175459313,0.0,-5.086818341594586
ladder_dev_legacy_4,ladder_dev_legacy,ladder_dev,legacy,0.0,0.8,0.9999595117429961,0.9206679005631696,4.0,0.0,0.0,-0.10914924133417582,0.0,-5.086847740702739
ladder_dev_legacy_5,ladder_dev_legacy,ladder_dev,legacy,0.0,1.0,0.9999496656258083,0.8881308870932769,4.0,0.0,0.0,-0.05493357420426166,0.0,-5.086876066158991
ladder_dev_legacy_6,ladder_dev_legacy,ladder_dev,legacy,0.0,1.2,0.9999369904100832,0.8891701516738338,3.999999999999999,0.0,0.0,0.08371522606870568,0.0,-5.086986874084536
ladder_dev_more_sweeps16_0,ladder_dev_more_sweeps16,ladder_dev,baseline,0.0,0.0,1.0000000000000007,1.4797703981289578,4.0,0.0,0.0,-7.500741427722985e-19,0.0,-4.22765557132885
ladder_dev_more_sweeps16_1,ladder_dev_more_sweeps16,ladder_dev,baseline,0.0,0.2,0.999251781484933,1.4539464560610071,4.0,0.0,0.0,-0.253793016820408,0.0,-4.227404807906567
ladder_dev_more_sweeps16_2,ladder_dev_more_sweeps16,ladder_dev,baseline,0.0,0.4,0.9984679025578705,1.3846097889204518,4.0,0.0,0.0,-0.4259317908081672,0.0,-4.227270666693083
ladder_dev_more_sweeps16_3,ladder_dev_more_sweeps16,ladder_dev,baseline,0.0,0.6,0.9976369262183625,1.2915774220803284,4.0,0.0,0.0,-0.49144277098913275,0.0,-4.227229573571474
ladder_dev_more_sweeps16_4,ladder_dev_more_sweeps16,ladder_dev,baseline,0.0,0.8,0.9967673563361185,1.194437305852121,4.0,0.0,0.0,-0.47146744974305466,0.0,-4.227246681489113
ladder_dev_more_sweeps16_5,ladder_dev_more_sweeps16,ladder_dev,baseline,0.0,1.0,0.9958534194846954,1.1072667860547276,3.999999999999999,0.0,0.0,-0.395887287249762,0.0,-4.227459489649954
ladder_dev_more_sweeps16_6,ladder_dev_more_sweeps16,ladder_dev,baseline,0.0,1.2,0.9949568402032911,1.0382924040627741,4.0,0.0,0.0,-0.293945977264365,0.0,-4.227774500295135
ladder_dev_production_0,ladder_dev_production,ladder_dev,production,0.0,0.0,1.0,1.4745165747024815,4.0,0.0,0.0,0.0,0.0,-4.251060625897063
ladder_dev_production_1,ladder_dev_production,ladder_dev,production,0.0,0.2,1.0,1.4483741594836983,4.0,0.0,0.0,-0.25314935563797636,0.0,-4.251060625897063
ladder_dev_production_2,ladder_dev_production,ladder_dev,production,0.0,0.4,1.0,1.3789510470152273,3.999999999999999,0.0,0.0,-0.4233956399736525,0.0,-4.251060625897063
ladder_dev_production_3,ladder_dev_production,ladder_dev,production,0.0,0.6,0.9999999999999998,1.2860366270698687,3.9999999999999996,0.0,0.0,-0.48992891953494644,0.0,-4.251060625897063
ladder_dev_production_4,ladder_dev_production,ladder_dev,production,0.0,0.8,1.0,1.1882919441969044,4.0,0.0,0.0,-0.4765326675022572,0.0,-4.251060625897063
ladder_dev_production_5,ladder_dev_production,ladder_dev,production,0.0,1.0,0.9999999999999998,1.0991186342213715,4.0,0.0,0.0,-0.40763039881034513,0.0,-4.251060625897064
ladder_dev_production_6,ladder_dev_production,ladder_dev,production,0.0,1.2,0.9999999999999998,1.0274048735244055,3.9999999999999996,0.0,0.0,-0.30676076269741,0.0,-4.251060625897064
ladder_dev_refined_0,ladder_dev_refined,ladder_dev,refined,0.0,0.0,1.0,1.4745165747024815,4.0,0.0,0.0,0.0,0.0,-4.251060625897063
ladder_dev_refined_1,ladder_dev_refined,ladder_dev,refined,0.0,0.2,1.0,1.4483741594836983,4.0,0.0,0.0,-0.25314935563797636,0.0,-4.251060625897063
ladder_dev_refined_2,ladder_dev_refined,ladder_dev,refined,0.0,0.4,1.0,1.3789510470152273,3.999999999999999,0.0,0.0,-0.4233956399736525,0.0,-4.251060625897063
ladder_dev_refined_3,ladder_dev_refined,ladder_dev,refined,0.0,0.6,0.9999999999999998,1.2860366270698687,3.9999999999999996,0.0,0.0,-0.48992891953494644,0.0,-4.251060625897063
ladder_dev_refined_4,ladder_dev_refined,ladder_dev,refined,0.0,0.8,1.0,1.1882919441969044,4.0,0.0,0.0,-0.4765326675022572,0.0,-4.251060625897063
ladder_dev_refined_5,ladder_dev_refined,ladder_dev,refined,0.0,1.0,0.9999999999999998,1.0991186342213715,4.0,0.0,0.0,-0.40763039881034513,0.0,-4.251060625897064
ladder_dev_refined_6,ladder_dev_refined,ladder_dev,refined,0.0,1.2,0.9999999999999998,1.0274048735244055,3.9999999999999996,0.0,0.0,-0.30676076269741,0.0,-4.251060625897064
ladder_dev_smallstep16_0,ladder_dev_smallstep16,ladder_dev,baseline,0.0,0.0,1.0000000000000004,1.47783912558575,4.0,0.0,0.0,-8.892522457190065e-20,0.0,-4.229234415261631
ladder_dev_smallstep16_1,ladder_dev_smallstep16,ladder_dev,baseline,0.0,0.2,0.9997796049936668,1.4525621970106009,4.0,0.0,0.0,-0.24566042988971087,0.0,-4.2291794595195915
ladder_dev_smallstep16_2,ladder_dev_smallstep16,ladder_dev,baseline,0.0,0.4,0.9995501373102516,1.3853462499510427,3.9999999999999996,0.0,0.0,-0.4102496348460648,0.0,-4.229153528852996
ladder_dev_smallstep16_3,ladder_dev_smallstep16,ladder_dev,baseline,0.0,0.6,0.9993091049555939,1.2956272608928725,4.0,0.0,0.0,-0.47212094863967835,0.0,-4.229151016826711
ladder_dev_smallstep16_4,ladder_dev_smallstep16,ladder_dev,baseline,0.0,0.8,0.9990589888801361,1.2020801360046967,4.0,0.0,0.0,-0.45331016258959944,0.0,-4.229156518244666
ladder_dev_smallstep16_5,ladder_dev_smallstep16,ladder_dev,baseline,0.0,1.0,0.9987962112446935,1.1179203107908187,4.0,0.0,0.0,-0.3829134018419397,0.0,-4.2292191619691035
ladder_dev_smallstep16_6,ladder_dev_smallstep16,ladder_dev,baseline,0.0,1.2,0.9985385885888384,1.0504895392148175,4.0,0.0,0.0,-0.29116200865662306,0.0,-4.229309622211859
ladder_dev_tensor160_0,ladder_dev_tensor160,ladder_dev,production,0.0,0.0,1.0,1.4745164878260817,4.000000000000001,0.0,0.0,-7.147073405204769e-09,0.0,-4.251060695398097
ladder_dev_tensor160_1,ladder_dev_tensor160,ladder_dev,production,0.0,0.2,1.0000000000000229,1.4483740726512053,4.0,0.0,0.0,-0.2531493480008437,0.0,-4.251060695398098
ladder_dev_tensor160_2,ladder_dev_tensor160,ladder_dev,production,0.0,0.4,1.0000000000000293,1.3789509631437324,4.0,0.0,0.0,-0.42339561772727774,0.0,-4.251060695398097
ladder_dev_tensor160_3,ladder_dev_tensor160,ladder_dev,production,0.0,0.6,1.0000000000000417,1.2860365496682238,4.000000000000001,0.0,0.0,-0.4899288745561964,0.0,-4.251060695398097
ladder_dev_tensor160_4,ladder_dev_tensor160,ladder_dev,production,0.0,0.8,1.000000000000094,1.1882918797071316,4.0,0.0,0.0,-0.47653257939070676,0.0,-4.251060695398095
ladder_dev_tensor160_5,ladder_dev_tensor160,ladder_dev,production,0.0,1.0,1.000000000000079,1.0991185933562881,4.0,0.0,0.0,-0.407630249348703,0.0,-4.251060695398095
ladder_dev_tensor160_6,ladder_dev_tensor160,ladder_dev,production,0.0,1.2,1.0000000000000828,1.027404868006227,4.0,0.0,0.0,-0.30676056423088705,0.0,-4.251060695398096
ladder_scale_10_final_tensor_0,ladder_scale_10_final_tensor,ladder_scale_10,production,0.0,0,1.0000000000000004,1.19402649516054,6.000000000000001,1.9470044465108602e-19,0.0,8.449153648861642e-20,0.0,-8.688310246760466
ladder_scale_10_final_tensor_1,ladder_scale_10_final_tensor,ladder_scale_10,production,0.0,0.2,0.9999993159977538,1.164264677278381,5.999999999999998,-2.071638146452014e-22,0.0,-0.28760083127573777,0.0,-8.688310198732445
ladder_scale_10_final_tensor_2,ladder_scale_10_final_tensor,ladder_scale_10,production,0.0,0.4,0.9999986534295459,1.0860082157321267,6.000000000000003,-3.8053604569612635e-22,0.0,-0.47262320981234807,0.0,-8.688310034181605
ladder_scale_10_final_tensor_3,ladder_scale_10_final_tensor,ladder_scale_10,production,0.0,0.8,0.9999971692466401,0.8843712731172184,6.000000000000003,-1.7060702118154977e-22,0.0,-0.4635360984388132,0.0,-8.68831001081193
ladder_scale_10_final_tensor_4,ladder_scale_10_final_tensor,ladder_scale_10,production,0.0,1.2,0.999995339759904,0.7505882787875641,5.999999999999998,-2.66227267847838e-22,0.0,-0.18783745585259035,0.0,-8.688310989323767
ladder_scale_10_production_0,ladder_scale_10_production,ladder_scale_10,production,0.0,0,1.0,1.1940252628034786,6.0,0.0,0.0,0.0,0.0,-8.688318333583684
ladder_scale_10_production_1,ladder_scale_10_production,ladder_scale_10,production,0.0,0.2,1.0,1.1642637141204426,6.000000000000002,0.0,0.0,-0.2875983107857614,0.0,-8.688318333583688
ladder_scale_10_production_2,ladder_scale_10_production,ladder_scale_10,production,0.0,0.4,1.0000000000000002,1.086007772454947,6.0,0.0,0.0,-0.47262099272289815,0.0,-8.688318333583688
ladder_scale_10_production_3,ladder_scale_10_production,ladder_scale_10,production,0.0,0.8,0.9999999999999967,0.8843721328336671,5.999999999999999,0.0,0.0,-0.463530416402065,0.0,-8.688318333583679
ladder_scale_10_production_4,ladder_scale_10_production,ladder_scale_10,production,0.0,1.2,0.9999999999999933,0.7505915889430786,6.0,0.0,0.0,-0.1878360779499987,0.0,-8.688318333583682
ladder_scale_14_production_0,ladder_scale_14_production,ladder_scale_14,production,0.0,0,1.0000000000000002,1.1005943157723184,8.0,-1.039750859575402e-18,0.0,2.711828879804186e-20,0.0,-12.914773997413887
ladder_scale_14_production_1,ladder_scale_14_production,ladder_scale_14,production,0.0,0.2,0.9999472953786769,1.0699573210169848,8.000000000000002,7.402084598868969e-18,0.0,-0.29640887541737937,0.0,-12.914769209919129
ladder_scale_14_production_2,ladder_scale_14_production,ladder_scale_14,production,0.0,0.4,0.999897551137221,0.9890706547239972,8.000000000000002,5.731983297240011e-20,0.0,-0.4902408455115634,0.0,-12.914755755316401
ladder_scale_14_production_3,ladder_scale_14_production,ladder_scale_14,production,0.0,0.8,0.9997962531556862,0.7767336631699678,8.000000000000002,-2.3310246356427738e-17,0.0,-0.4987087285433325,0.0,-12.914733902370175
ladder_scale_14_production_4,ladder_scale_14_production,ladder_scale_14,production,0.0,1.2,0.9996816609876278,0.6277411946169671,8.000000000000002,1.0143001523935342e-19,0.0,-0.22572162145471866,0.0,-12.914724520070745
ladder_scale_14_refined_0,ladder_scale_14_refined,ladder_scale_14,refined,0.0,0,1.0,1.1004446974158468,7.999999999999998,-1.5036110562834956e-18,0.0,5.637053700946254e-19,0.0,-12.915419229960284
ladder_scale_14_refined_1,ladder_scale_14_refined,ladder_scale_14,refined,0.0,0.2,0.9999775301202735,1.069805398424468,8.000000000000002,1.8178403080137827e-17,0.0,-0.2963641441987521,0.0,-12.915417712759963
ladder_scale_14_refined_2,ladder_scale_14_refined,ladder_scale_14,refined,0.0,0.4,0.9999564750034828,0.9889258325503474,8.000000000000002,2.6030764301570535e-19,0.0,-0.4901608121919114,0.0,-12.91541232969599
ladder_scale_14_refined_3,ladder_scale_14_refined,ladder_scale_14,refined,0.0,0.8,0.9999133343838612,0.776622363086934,8.0,-7.835788171829686e-19,0.0,-0.4985833891915952,0.0,-12.915406311651493
ladder_scale_14_refined_4,ladder_scale_14_refined,ladder_scale_14,refined,0.0,1.2,0.9998648335636042,0.6276688483543487,7.9999999999999964,5.3574260487005515e-18,0.0,-0.22565533096190088,0.0,-12.915401977044546
ladder_zero_density_production_0,ladder_zero_density_production,ladder_zero_density,production,0.0,0.0,0.9999999999999999,1.4418049909177117,4.0,0.0,0.0,0.0,0.0,-4.581324090444043
ladder_zero_density_production_1,ladder_zero_density_production,ladder_zero_density,production,0.0,0.2,0.9999999999999998,1.4160570095500642,4.0,0.0,0.0,-0.24870264071032872,0.0,-4.581324090444043
ladder_zero_density_production_2,ladder_zero_density_production,ladder_zero_density,production,0.0,0.4,1.0,1.348306201318449,3.9999999999999996,0.0,0.0,-0.41045946798476884,0.0,-4.581324090444042
ladder_zero_density_production_3,ladder_zero_density_production,ladder_zero_density,production,0.0,0.6,0.9999999999999999,1.259011062358013,4.0,0.0,0.0,-0.46681514260764717,0.0,-4.581324090444043
ladder_zero_density_production_4,ladder_zero_density_production,ladder_zero_density,production,0.0,0.8,0.9999999999999998,1.1666788350184305,4.0,0.0,0.0,-0.4463974387500425,0.0,-4.581324090444043
ladder_zero_density_production_5,ladder_zero_density_production,ladder_zero_density,production,0.0,1.0,0.9999999999999999,1.0836687287123379,4.0,0.0,0.0,-0.37764913766262326,0.0,-4.581324090444042
ladder_zero_density_production_6,ladder_zero_density_production,ladder_zero_density,production,0.0,1.2,0.9999999999999998,1.0170916698670838,4.0,0.0,0.0,-0.28714702533022546,0.0,-4.581324090444042
mixed_nonlocal_odd_production_0,mixed_nonlocal_odd_production,mixed_nonlocal_odd,production,0.13106696780082833,0.0,1.0,2.6092812954949407,5.323863540776726,-0.2107569376680637,0.0,0.013376101400102314,-0.13106696780082833,-5.677212769303445
mixed_nonlocal_odd_production_1,mixed_nonlocal_odd_production,mixed_nonlocal_odd,production,0.13359259839657353,0.2,1.0,2.577513485680008,5.318865416424234,-0.19844459441912493,0.0,-0.058637844945510706,-0.13359259839657353,-5.677212769303443
mixed_nonlocal_odd_production_2,mixed_nonlocal_odd_production,mixed_nonlocal_odd,production,0.10762040439324959,0.4,0.9999999999999998,2.5360024535368373,5.319885435201536,-0.18591048178162012,0.0,-0.10549840879310457,-0.10762040439324959,-5.677212769303442
mixed_nonlocal_odd_production_3,mixed_nonlocal_odd_production,mixed_nonlocal_odd,production,0.06026123652348596,0.6,1.0,2.49612143006504,5.328478330793329,-0.17353170827820563,0.0,-0.11645937807321785,-0.06026123652348596,-5.677212769303443
mixed_nonlocal_odd_production_4,mixed_nonlocal_odd_production,mixed_nonlocal_odd,production,0.003227008349416507,0.8,0.9999999999999998,2.4683480791597567,5.343370608159386,-0.16161996537537543,0.0,-0.09197240336059259,-0.003227008349416507,-5.677212769303443
mixed_nonlocal_odd_production_5,mixed_nonlocal_odd_production,mixed_nonlocal_odd,production,0.05181374132515471,1.0,1.0000000000000002,2.4594992240833218,5.361176717162533,-0.15041161529757752,0.0,-0.04376338077777727,0.05181374132515471,-5.677212769303442
mixed_nonlocal_odd_production_6,mixed_nonlocal_odd_production,mixed_nonlocal_odd,production,0.09698330815422729,1.2,1.0,2.4711827184682993,5.378176463183033,-0.1400874630284794,0.0,0.008666720938549845,0.09698330815422729,-5.677212769303442
mixed_nonlocal_odd_tensor160_0,mixed_nonlocal_odd_tensor160,mixed_nonlocal_odd,production,0.13106695836898904,0.0,1.0000000000000004,2.6092813764747294,5.323863544257691,-0.2107569734506058,0.0,0.01337614776084889,-0.13106695836898904,-5.677212864830653
mixed_nonlocal_odd_tensor160_1,mixed_nonlocal_odd_tensor160,mixed_nonlocal_odd,production,0.13359258538359722,0.2,1.0000000000000044,2.577513574136295,5.318865419683569,-0.19844463118445935,0.0,-0.05863784133672956,-0.13359258538359722,-5.677212864830655
mixed_nonlocal_odd_tensor160_2,mixed_nonlocal_odd_tensor160,mixed_nonlocal_odd,production,0.10762039463553612,0.4,1.0000000000000007,2.536002540662494,5.319885438256761,-0.1859105192867911,0.0,-0.10549844858236525,-0.10762039463553612,-5.677212864830654
mixed_nonlocal_odd_tensor160_3,mixed_nonlocal_odd_tensor160,mixed_nonlocal_odd,production,0.06026123287784768,0.6,0.999999999999992,2.4961215069203186,5.328478333198886,-0.17353174552595346,0.0,-0.11645945231535954,-0.06026123287784768,-5.677212864830655
mixed_nonlocal_odd_tensor160_4,mixed_nonlocal_odd_tensor160,mixed_nonlocal_odd,production,0.0032270095250062523,0.8,1.000000000000003,2.4683481392079103,5.3433706098145235,-0.16162000062760534,0.0,-0.09197249612450706,-0.0032270095250062523,-5.677212864830657
mixed_nonlocal_odd_tensor160_5,mixed_nonlocal_odd_tensor160,mixed_nonlocal_odd,production,0.051813739514309655,1.0,1.0000000000000022,2.459499264896672,5.361176718796411,-0.1504116462248382,0.0,-0.043763473475173495,0.051813739514309655,-5.677212864830651
mixed_nonlocal_odd_tensor160_6,mixed_nonlocal_odd_tensor160,mixed_nonlocal_odd,production,0.09698331080870336,1.2,1.0000000000000078,2.471182742164083,5.378176466313414,-0.14008748695748702,0.0,0.008666644766117533,0.09698331080870336,-5.677212864830654
onsite_pair_analytic_baseline_0,onsite_pair_analytic_baseline,onsite_pair_analytic,baseline,2.0,0,1.0000000000000002,1.0,1.0,0.0,0.0,0.0,-2.0,0.0
onsite_pair_analytic_baseline_1,onsite_pair_analytic_baseline,onsite_pair_analytic,baseline,1.9601331556824833,0.1,1.0000000000000002,0.8013306692049388,0.8013306692049388,0.0,0.0,0.0,-1.9601331556824833,0.0
onsite_pair_analytic_baseline_2,onsite_pair_analytic_baseline,onsite_pair_analytic,baseline,1.8421219880057706,0.2,1.0000000000000002,0.61058165769135,0.61058165769135,0.0,0.0,0.0,-1.8421219880057706,0.0
onsite_pair_analytic_baseline_3,onsite_pair_analytic_baseline,onsite_pair_analytic,baseline,1.08060461173628,0.5,1.0000000000000004,0.1585290151921037,0.1585290151921037,0.0,0.0,0.0,-1.08060461173628,0.0
onsite_pair_analytic_production_0,onsite_pair_analytic_production,onsite_pair_analytic,production,2.0,0,1.0000000000000002,1.0,1.0,0.0,0.0,0.0,-2.0,0.0
onsite_pair_analytic_production_1,onsite_pair_analytic_production,onsite_pair_analytic,production,1.9601331556824833,0.1,1.0000000000000002,0.8013306692049388,0.8013306692049388,0.0,0.0,0.0,-1.9601331556824833,0.0
onsite_pair_analytic_production_2,onsite_pair_analytic_production,onsite_pair_analytic,production,1.8421219880057706,0.2,1.0000000000000002,0.61058165769135,0.61058165769135,0.0,0.0,0.0,-1.8421219880057706,0.0
onsite_pair_analytic_production_3,onsite_pair_analytic_production,onsite_pair_analytic,production,1.08060461173628,0.5,1.0000000000000004,0.1585290151921037,0.1585290151921037,0.0,0.0,0.0,-1.08060461173628,0.0
paired_dev_baseline_0,paired_dev_baseline,paired_dev,baseline,0.6034497210120686,0.0,0.9999999999999986,2.931249003106531,5.818243752088934,1.354619541538151e-13,0.0,-0.11853975031221442,-0.6034497210120686,-5.884731125552931
paired_dev_baseline_1,paired_dev_baseline,paired_dev,baseline,0.6340092861758292,0.2,0.999968898973285,2.773071247222347,5.7846887040729795,1.3390378336840708e-13,0.0,-0.20155770089759503,-0.6340092861758292,-5.884724880481376
paired_dev_baseline_2,paired_dev_baseline,paired_dev,baseline,0.5616452516503635,0.4,0.9999386581777985,2.606626974677083,5.756864567763543,1.2956577060379163e-13,0.0,-0.24459573062303636,-0.5616452516503635,-5.884717074355923
paired_dev_baseline_3,paired_dev_baseline,paired_dev,baseline,0.41759383794547006,0.6,0.9999088462831126,2.458320833515067,5.738448284211947,1.2349819847853273e-13,0.0,-0.2437235053569878,-0.41759383794547006,-5.884709212232017
paired_dev_baseline_4,paired_dev_baseline,paired_dev,baseline,0.24697675759826557,0.8,0.9998792103360198,2.3463302970287443,5.728929065013355,1.167562223885501e-13,0.0,-0.205794759998845,-0.24697675759826557,-5.88470199847346
paired_dev_baseline_5,paired_dev_baseline,paired_dev,baseline,0.09270056176460369,1.0,0.9998499001626548,2.277587102158272,5.724539011507059,1.1066594785595346e-13,0.0,-0.14507261726268153,-0.09270056176460369,-5.884694325210259
paired_dev_baseline_6,paired_dev_baseline,paired_dev,baseline,0.017301746305255668,1.2,0.9998210918137667,2.2485886495164795,5.720647616589857,1.0403957204460426e-13,0.0,-0.07835932113398156,0.017301746305255668,-5.884683940381021
paired_dev_bond48_0,paired_dev_bond48,paired_dev,baseline,0.6027118479955494,0.0,0.9999999999999996,2.931322815036186,5.818488641050795,-2.1185504735059266e-09,0.0,-0.11878155392573979,-0.6027118479955494,-5.885636106226216
paired_dev_bond48_1,paired_dev_bond48,paired_dev,baseline,0.6331347714086835,0.2,0.9999999993630537,2.7732460097555576,5.7849633105828655,-2.2535710837841523e-09,0.0,-0.20193160630477344,-0.6331347714086835,-5.88563610613691
paired_dev_bond48_2,paired_dev_bond48,paired_dev,baseline,0.5606358161242084,0.4,0.999999998785906,2.606920069866829,5.757177351855516,-2.409788280703923e-09,0.0,-0.24497391305803162,-0.5606358161242084,-5.885636105903417
paired_dev_bond48_3,paired_dev_bond48,paired_dev,baseline,0.4164801082503568,0.6,0.99999999824321,2.4587694661348314,5.738811859277182,-2.5344915308262083e-09,0.0,-0.24401167842819435,-0.4164801082503568,-5.885636105559786
paired_dev_bond48_4,paired_dev_bond48,paired_dev,baseline,0.24582976845900617,0.8,0.9999999976828478,2.3469721083172588,5.729355569320014,-2.6441389252283523e-09,0.0,-0.20597625785922408,-0.24582976845900617,-5.885636105176504
paired_dev_bond48_5,paired_dev_bond48,paired_dev,baseline,0.09162427417896236,1.0,0.9999999969574368,2.278436798149618,5.725035120728997,-2.7522681973362703e-09,0.0,-0.14520143951021475,-0.09162427417896236,-5.885636106080817
paired_dev_bond48_6,paired_dev_bond48,paired_dev,baseline,0.018191786383944714,1.2,0.999999996180787,2.249622995434224,5.721211559837917,-2.9160507544583988e-09,0.0,-0.07852283561491281,0.018191786383944714,-5.885636105223253
paired_dev_dense_grid_0,paired_dev_dense_grid,paired_dev,production,0.6027117716609812,0.0,1.0,2.931322850622294,5.818488710123273,8.430756093247282e-16,0.0,-0.11878155806912707,-0.6027117716609812,-5.885636131468084
paired_dev_dense_grid_1,paired_dev_dense_grid,paired_dev,production,0.6125906018773216,0.025,1.0000000000000002,2.9130054287867457,5.814199502856411,8.326672684688674e-16,0.0,-0.13095169684433242,-0.6125906018773216,-5.885636131468083
paired_dev_dense_grid_2,paired_dev_dense_grid,paired_dev,production,0.6207355634208805,0.05,1.0,2.8941638678218036,5.809909459885414,8.36136715420821e-16,0.0,-0.14268019116585842,-0.6207355634208805,-5.885636131468087
paired_dev_dense_grid_3,paired_dev_dense_grid,paired_dev,production,0.62713544862465,0.075,1.0000000000000004,2.8748531653965763,5.805633591014644,8.36136715420821e-16,0.0,-0.1539311885646516,-0.62713544862465,-5.885636131468083
paired_dev_dense_grid_4,paired_dev_dense_grid,paired_dev,production,0.6317872532726496,0.1,1.0000000000000007,2.8551293656913397,5.8013865682281915,8.396061623727746e-16,0.0,-0.16467104864029483,-0.6317872532726496,-5.885636131468083
paired_dev_dense_grid_5,paired_dev_dense_grid,paired_dev,production,0.6346960929052087,0.125,1.0000000000000004,2.835049298064769,5.79718263141868,8.326672684688674e-16,0.0,-0.17486849172056457,-0.6346960929052087,-5.885636131468085
paired_dev_dense_grid_6,paired_dev_dense_grid,paired_dev,production,0.6358750713185527,0.15,1.0000000000000009,2.814670314890963,5.793035497856486,8.36136715420821e-16,0.0,-0.18449473192330673,-0.6358750713185527,-5.8856361314680825
paired_dev_dense_grid_7,paired_dev_dense_grid,paired_dev,production,0.6353451027971868,0.175,1.0000000000000009,2.794050030141223,5.78895827610487,8.326672684688674e-16,0.0,-0.19352359396976926,-0.6353451027971868,-5.885636131468084
paired_dev_dense_grid_8,paired_dev_dense_grid,paired_dev,production,0.6331346899285656,0.2,1.0000000000000013,2.773246060257553,5.784963385045496,8.36136715420821e-16,0.0,-0.2019316132467625,-0.6331346899285656,-5.885636131468083
paired_dev_dense_grid_9,paired_dev_dense_grid,paired_dev,production,0.6292796591396002,0.225,1.0000000000000007,2.752315768825704,5.781062478632727,8.291978215169138e-16,0.0,-0.20969811876397068,-0.6292796591396002,-5.885636131468088
paired_dev_dense_grid_10,paired_dev_dense_grid,paired_dev,production,0.6238228563614445,0.25,1.000000000000001,2.7313160165056365,5.777266376943771,8.291978215169138e-16,0.0,-0.21680529880056823,-0.6238228563614445,-5.8856361314680825
paired_dev_dense_grid_11,paired_dev_dense_grid,paired_dev,production,0.6168138054710344,0.275,1.0000000000000013,2.7103029176174345,5.7735850040367085,8.222589276130066e-16,0.0,-0.22323824918029053,-0.6168138054710344,-5.885636131468083
paired_dev_dense_grid_12,paired_dev_dense_grid,paired_dev,production,0.6083083323733544,0.3,1.0000000000000016,2.6893316047113918,5.770027333068942,8.257283745649602e-16,0.0,-0.22898500425461024,-0.6083083323733544,-5.8856361314680825
paired_dev_dense_grid_13,paired_dev_dense_grid,paired_dev,production,0.5983681577763308,0.325,1.0000000000000013,2.6684560023734183,5.766601339066714,8.187894806610529e-16,0.0,-0.2340365508082137,-0.5983681577763308,-5.885636131468084
paired_dev_dense_grid_14,paired_dev_dense_grid,paired_dev,production,0.587060461869549,0.35,1.0000000000000016,2.6477286114315017,5.763313959671293,8.153200337090993e-16,0.0,-0.23838682522817864,-0.587060461869549,-5.885636131468087
paired_dev_dense_grid_15,paired_dev_dense_grid,paired_dev,production,0.5744574242482203,0.375,1.0000000000000018,2.627200304637026,5.760171064120784,8.014422459012849e-16,0.0,-0.24203269439695604,-0.5744574242482203,-5.8856361314680825
paired_dev_dense_grid_16,paired_dev_dense_grid,paired_dev,production,0.5606357425246126,0.4,1.0000000000000018,2.6069201347969497,5.7571774306583965,8.049116928532385e-16,0.0,-0.24497392087843467,-0.5606357425246126,-5.885636131468084
paired_dev_dense_grid_17,paired_dev_dense_grid,paired_dev,production,0.5456761331406356,0.425,1.0000000000000022,2.5869351562303784,5.754336732489204,7.979727989493313e-16,0.0,-0.24721311306520213,-0.5456761331406356,-5.885636131468083
paired_dev_dense_grid_18,paired_dev_dense_grid,paired_dev,production,0.5296628179377005,0.45,1.0000000000000018,2.567290260316821,5.75165153233858,7.979727989493313e-16,0.0,-0.24875566104295596,-0.5296628179377005,-5.885636131468086
paired_dev_dense_grid_19,paired_dev_dense_grid,paired_dev,production,0.5126830000539988,0.475,1.0000000000000022,2.548028025794337,5.749123285596928,7.91033905045424e-16,0.0,-0.24960965900442278,-0.5126830000539988,-5.885636131468083
paired_dev_dense_grid_20,paired_dev_dense_grid,paired_dev,production,0.4948263327058344,0.5,1.0000000000000024,2.529188584355115,5.746752351968149,7.875644580934704e-16,0.0,-0.2497858151098543,-0.4948263327058344,-5.885636131468083
paired_dev_dense_grid_21,paired_dev_dense_grid,paired_dev,production,0.47618438436965893,0.525,1.0000000000000022,2.510809501974302,5.744538015473248,7.806255641895632e-16,0.0,-0.24929734974407888,-0.47618438436965893,-5.885636131468085
paired_dev_dense_grid_22,paired_dev_dense_grid,paired_dev,production,0.45685010381639907,0.55,1.0000000000000024,2.4929256762965766,5.74247851259703,7.7021722333370235e-16,0.0,-0.24815988316132415,-0.45685010381639907,-5.885636131468086
paired_dev_dense_grid_23,paired_dev_dense_grid,paired_dev,production,0.4369172883609412,0.575,1.0000000000000027,2.475569250294498,5.740571068304657,7.598088824778415e-16,0.0,-0.24639131353880592,-0.4369172883609412,-5.885636131468082
paired_dev_dense_grid_24,paired_dev_dense_grid,paired_dev,production,0.41648005857901294,0.6,1.0000000000000029,2.458769542304139,5.738811939596728,7.598088824778415e-16,0.0,-0.24401168647883043,-0.41648005857901294,-5.885636131468085
paired_dev_dense_grid_25,paired_dev_dense_grid,paired_dev,production,0.39563234261291547,0.625,1.0000000000000027,2.442552992437739,5.737196466217128,7.528699885739343e-16,0.0,-0.24104305700740228,-0.39563234261291547,-5.885636131468086
paired_dev_dense_grid_26,paired_dev_dense_grid,paired_dev,production,0.37446737303857325,0.65,1.0000000000000027,2.4269431252706206,5.735719128076909,7.494005416219807e-16,0.0,-0.23750934511573404,-0.37446737303857325,-5.885636131468086
paired_dev_dense_grid_27,paired_dev_dense_grid,paired_dev,production,0.3530771991011807,0.675,1.000000000000003,2.411960528601377,5.734373608910988,7.389922007661198e-16,0.0,-0.23343618588035928,-0.3530771991011807,-5.885636131468084
paired_dev_dense_grid_28,paired_dev_dense_grid,paired_dev,production,0.33155221694735343,0.7,1.000000000000003,2.397622847990638,5.733152865642085,7.320533068622126e-16,0.0,-0.2288507751786102,-0.33155221694735343,-5.885636131468085
paired_dev_dense_grid_29,paired_dev_dense_grid,paired_dev,production,0.3099807202902797,0.725,1.000000000000003,2.383944796695299,5.732049202888725,7.320533068622126e-16,0.0,-0.2237817119899165,-0.3099807202902797,-5.885636131468084
paired_dev_dense_grid_30,paired_dev_dense_grid,paired_dev,production,0.2884484737429517,0.75,1.0000000000000036,2.370938180532356,5.7310543520214035,7.216449660063518e-16,0.0,-0.21825883824068204,-0.2884484737429517,-5.885636131468083
paired_dev_dense_grid_31,paired_dev_dense_grid,paired_dev,production,0.2670383108452263,0.775,1.0000000000000036,2.3586119371296936,5.73015955414308,7.042977312465837e-16,0.0,-0.2123130771123346,-0.2670383108452263,-5.8856361314680825
paired_dev_dense_grid_32,paired_dev_dense_grid,paired_dev,production,0.24582975859523942,0.8,1.0000000000000036,2.346972188950752,5.72935564634736,7.042977312465837e-16,0.0,-0.20597627068953048,-0.24582975859523942,-5.885636131468084
paired_dev_dense_grid_33,paired_dev_dense_grid,paired_dev,production,0.22489869007652474,0.825,1.000000000000004,2.3360223094161507,5.728633150590069,6.869504964868156e-16,0.0,-0.19928101777937732,-0.22489869007652474,-5.885636131468084
paired_dev_dense_grid_34,paired_dev_dense_grid,paired_dev,production,0.20431700655096224,0.85,1.000000000000004,2.325763001388113,5.72798236449721,6.869504964868156e-16,0.0,-0.19226051268384312,-0.20431700655096224,-5.885636131468084
paired_dev_dense_grid_35,paired_dev_dense_grid,paired_dev,production,0.18415235016613188,0.875,1.000000000000004,2.3161923872331394,5.7273934534247335,6.765421556309548e-16,0.0,-0.18494838565716373,-0.18415235016613188,-5.885636131468083
paired_dev_dense_grid_36,paired_dev_dense_grid,paired_dev,production,0.16446784820550556,0.9,1.0000000000000042,2.3073061096347893,5.726856543082969,6.696032617270475e-16,0.0,-0.1773785457288585,-0.16446784820550556,-5.885636131468083
paired_dev_dense_grid_37,paired_dev_dense_grid,paired_dev,production,0.14532188959262649,0.925,1.0000000000000042,2.299097442291529,5.7263618120408175,6.661338147750939e-16,0.0,-0.16958502652169985,-0.14532188959262649,-5.885636131468084
paired_dev_dense_grid_38,paired_dev_dense_grid,paired_dev,production,0.12676793414747922,0.95,1.0000000000000047,2.2915574096044296,5.7258995834317465,6.487865800153259e-16,0.0,-0.16160183564333377,-0.12676793414747922,-5.885636131468082
paired_dev_dense_grid_39,paired_dev_dense_grid,paired_dev,production,0.10885435488584391,0.975,1.0000000000000049,2.284674914435785,5.725460415195287,6.522560269672795e-16,0.0,-0.15346280818083105,-0.10885435488584391,-5.885636131468082
paired_dev_dense_grid_40,paired_dev_dense_grid,paired_dev,production,0.09162431345171525,1.0,1.0000000000000047,2.2784368730023554,5.725035188203479,6.38378239159465e-16,0.0,-0.14520146477976054,-0.09162431345171525,-5.885636131468084
paired_dev_dense_grid_41,paired_dev_dense_grid,paired_dev,production,0.07511566857978369,1.025,1.0000000000000049,2.272828355955632,5.724615191641871,6.245004513516506e-16,0.0,-0.13685087474384533,-0.07511566857978369,-5.885636131468086
paired_dev_dense_grid_42,paired_dev_dense_grid,paired_dev,production,0.05936091730037314,1.05,1.0000000000000049,2.267832734696105,5.724192205038589,6.210310043996969e-16,0.0,-0.12844352454819108,-0.05936091730037314,-5.885636131468085
paired_dev_dense_grid_43,paired_dev_dense_grid,paired_dev,production,0.044387168423777594,1.075,1.000000000000005,2.2634318319685436,5.723758576362437,6.106226635438361e-16,0.0,-0.12001119211869372,-0.044387168423777594,-5.8856361314680825
paired_dev_dense_grid_44,paired_dev_dense_grid,paired_dev,production,0.030216147675153918,1.1,1.000000000000005,2.2596060757906904,5.723307295642113,6.036837696399289e-16,0.0,-0.11158482719265707,-0.030216147675153918,-5.885636131468084
paired_dev_dense_grid_45,paired_dev_dense_grid,paired_dev,production,0.016864233695473317,1.125,1.0000000000000053,2.2563346557779775,5.722832063592428,5.93275428784068e-16,0.0,-0.10319443804091352,-0.016864233695473317,-5.885636131468084
paired_dev_dense_grid_46,paired_dev_dense_grid,paired_dev,production,0.004342523978725605,1.15,1.0000000000000056,2.2535956809417454,5.722327354770367,5.759281940243e-16,0.0,-0.09486898479978631,-0.004342523978725605,-5.8856361314680825
paired_dev_dense_grid_47,paired_dev_dense_grid,paired_dev,production,0.007343070319155476,1.175,1.0000000000000053,2.2513663380575517,5.721788474823029,5.655198531684391e-16,0.0,-0.08663627963193261,0.007343070319155476,-5.885636131468084
paired_dev_dense_grid_48,paired_dev_dense_grid,paired_dev,production,0.018191701888315828,1.2,1.0000000000000053,2.24962304972321,5.721211611431,5.585809592645319e-16,0.0,-0.07852289390825679,0.018191701888315828,-5.885636131468085
paired_dev_final_tensor_0,paired_dev_final_tensor,paired_dev,production,0.6027117706001646,0.0,0.9999999999999994,2.9313228467300836,5.818488702899908,1.8820686328857594e-10,0.0,-0.11878155810365898,-0.6027117706001646,-5.885636132095764
paired_dev_final_tensor_1,paired_dev_final_tensor,paired_dev,production,0.6331346878030182,0.2,0.9999999999982356,2.7732460566786648,5.78496337807312,1.8632675610785311e-10,0.0,-0.2019316133079343,-0.6331346878030182,-5.8856361320951915
paired_dev_final_tensor_2,paired_dev_final_tensor,paired_dev,production,0.5606357395930937,0.4,0.9999999999397542,2.6069201317075152,5.7571774243001546,1.8090558566143585e-10,0.0,-0.24497392101388477,-0.5606357395930937,-5.885636132076308
paired_dev_final_tensor_3,paired_dev_final_tensor,paired_dev,production,0.41648005507089364,0.6,0.9999999999386417,2.45876953982577,5.7388119341654225,1.7228343752675625e-10,0.0,-0.24401168671939474,-0.41648005507089364,-5.885636132075979
paired_dev_final_tensor_4,paired_dev_final_tensor,paired_dev,production,0.2458297547881822,0.8,0.9999999999379526,2.3469721871501035,5.729355642085897,1.6107428239431565e-10,0.0,-0.20597627102650173,-0.2458297547881822,-5.885636132075802
paired_dev_final_tensor_5,paired_dev_final_tensor,paired_dev,production,0.09162430962334506,1.0,0.9999999999375415,2.278436871897166,5.725035185268993,1.4814589833582119e-10,0.0,-0.1452014651560001,-0.09162430962334506,-5.885636132075719
paired_dev_final_tensor_6,paired_dev_final_tensor,paired_dev,production,0.01819170547204688,1.2,0.9999999999370357,2.2496230492909866,5.721211609883437,1.344319239345016e-10,0.0,-0.07852289424294501,0.01819170547204688,-5.8856361320756445
paired_dev_legacy_0,paired_dev_legacy,paired_dev,legacy,0.0,0.0,1.0000000000000002,3.034995736071661,6.0,0.0,0.0,1.3445501619620422e-14,0.0,-5.979403521536814
paired_dev_legacy_1,paired_dev_legacy,paired_dev,legacy,0.0,0.2,0.9999897601059936,2.9934888998686304,6.000000000000003,0.0,0.0,-0.19861238271640377,0.0,-5.979403386996683
paired_dev_legacy_2,paired_dev_legacy,paired_dev,legacy,0.0,0.4,0.9999798552632723,2.8886084370871465,6.0,0.0,0.0,-0.30606096745431494,0.0,-5.979401806049159
paired_dev_legacy_3,paired_dev_legacy,paired_dev,legacy,0.0,0.6,0.9999688975365517,2.7641951348574034,5.999999999999999,0.0,0.0,-0.2995313518454234,0.0,-5.979400491923346
paired_dev_legacy_4,paired_dev_legacy,paired_dev,legacy,0.0,0.8,0.9999552253581602,2.6577216725796258,5.999999999999998,0.0,0.0,-0.22809609681395454,0.0,-5.979401817604638
paired_dev_legacy_5,paired_dev_legacy,paired_dev,legacy,0.0,1.0,0.999937024411588,2.5811596648036472,5.999999999999998,0.0,0.0,-0.15950882953556017,0.0,-5.9794110255215855
paired_dev_legacy_6,paired_dev_legacy,paired_dev,legacy,0.0,1.2,0.9999145209456564,2.525009623807212,6.000000000000002,0.0,0.0,-0.12751832920168935,0.0,-5.979430792379373
paired_dev_modes96_0,paired_dev_modes96,paired_dev,production,0.6027117706001647,0.0,0.9999999999999997,2.931322846730083,5.818488702899911,1.882061624602916e-10,0.0,-0.11878155810365905,-0.6027117706001647,-5.885636132095764
paired_dev_modes96_1,paired_dev_modes96,paired_dev,production,0.6331346878030181,0.2,0.9999999999982208,2.773246056678664,5.7849633780731216,1.8632665896334122e-10,0.0,-0.20193161330793302,-0.6331346878030181,-5.885636132095192
paired_dev_modes96_2,paired_dev_modes96,paired_dev,production,0.5606357395665907,0.4,0.9999999999966056,2.606920131712025,5.757177424304144,1.809063593378214e-10,0.0,-0.244973921011365,-0.5606357395665907,-5.885636132094717
paired_dev_modes96_3,paired_dev_modes96,paired_dev,production,0.4164800550562481,0.6,0.9999999999955543,2.4587695398349,5.738811934172915,1.7228403773127385e-10,0.0,-0.24401168671715784,-0.4164800550562481,-5.8856361320943895
paired_dev_modes96_4,paired_dev_modes96,paired_dev,production,0.24582975478505845,0.8,0.9999999999949801,2.3469721871613953,5.729355642094943,1.6107478545493802e-10,0.0,-0.205976271024602,-0.24582975478505845,-5.885636132094213
paired_dev_modes96_5,paired_dev_modes96,paired_dev,production,0.09162430962865671,1.0,0.9999999999947116,2.278436871908513,5.725035185278063,1.4814669976959759e-10,0.0,-0.14520146515455104,-0.09162430962865671,-5.885636132094131
paired_dev_modes96_6,paired_dev_modes96,paired_dev,production,0.018191705462208094,1.2,0.9999999999943635,2.249623049300997,5.721211609891687,1.3443307578318297e-10,0.0,-0.07852289424205267,0.018191705462208094,-5.885636132094061
paired_dev_more_sweeps16_0,paired_dev_more_sweeps16,paired_dev,baseline,0.6035826110661273,0.0,1.0000000000000013,2.9312227605501575,5.818231389887851,8.586881206085184e-17,0.0,-0.11853956267062962,-0.6035826110661273,-5.884730034774053
paired_dev_more_sweeps16_1,paired_dev_more_sweeps16,paired_dev,baseline,0.6341339637347257,0.2,0.9999688831475189,2.7730203957796564,5.784629549879194,2.446036214075335e-16,0.0,-0.2015394460674301,-0.6341339637347257,-5.884723949418652
paired_dev_more_sweeps16_2,paired_dev_more_sweeps16,paired_dev,baseline,0.5617179853967368,0.4,0.9999386008516696,2.6065605432999543,5.75676628593537,2.28997559084036e-16,0.0,-0.24456645193325052,-0.5617179853967368,-5.884716452740463
paired_dev_more_sweeps16_3,paired_dev_more_sweeps16,paired_dev,baseline,0.4175792033804134,0.6,0.9999087724762727,2.4582543651561126,5.738333308765795,1.1710451778360915e-16,0.0,-0.2436912818748607,-0.4175792033804134,-5.884708833595713
paired_dev_more_sweeps16_4,paired_dev_more_sweeps16,paired_dev,baseline,0.24686383429528422,0.8,0.9998791641554597,2.3462828442465478,5.728829817985127,5.291546010160323e-17,0.0,-0.2057640659381904,-0.24686383429528422,-5.884701650231943
paired_dev_more_sweeps16_5,paired_dev_more_sweeps16,paired_dev,baseline,0.09250983103558134,1.0,0.9998498506235184,2.2775761831558174,5.724489267628343,-6.679688333549081e-17,0.0,-0.14504591292628347,-0.09250983103558134,-5.884694073035414
paired_dev_more_sweeps16_6,paired_dev_more_sweeps16,paired_dev,baseline,0.01752248133559305,1.2,0.9998209561573188,2.2486243756381694,5.720672662491393,-1.8217858293110694e-17,0.0,-0.07833952755256501,0.01752248133559305,-5.884684046389043
paired_dev_production_0,paired_dev_production,paired_dev,production,0.6027117716609812,0.0,1.0,2.931322850622294,5.818488710123273,8.430756093247282e-16,0.0,-0.11878155806912707,-0.6027117716609812,-5.885636131468084
paired_dev_production_1,paired_dev_production,paired_dev,production,0.6331346899285657,0.2,1.0000000000000004,2.773246060257553,5.784963385045496,8.36136715420821e-16,0.0,-0.20193161324676248,-0.6331346899285657,-5.885636131468082
paired_dev_production_2,paired_dev_production,paired_dev,production,0.5606357425246128,0.4,0.9999999999999999,2.6069201347969493,5.7571774306583965,8.049116928532385e-16,0.0,-0.2449739208784347,-0.5606357425246128,-5.885636131468084
paired_dev_production_3,paired_dev_production,paired_dev,production,0.4164800585790133,0.6,0.9999999999999999,2.4587695423041396,5.738811939596728,7.73686670285656e-16,0.0,-0.24401168647883054,-0.4164800585790133,-5.885636131468085
paired_dev_production_4,paired_dev_production,paired_dev,production,0.2458297585952396,0.8,0.9999999999999998,2.3469721889507515,5.729355646347358,7.112366251504909e-16,0.0,-0.20597627068953062,-0.2458297585952396,-5.885636131468083
paired_dev_production_5,paired_dev_production,paired_dev,production,0.09162431345171546,1.0,0.9999999999999997,2.278436873002356,5.725035188203478,6.38378239159465e-16,0.0,-0.14520146477976073,-0.09162431345171546,-5.885636131468083
paired_dev_production_6,paired_dev_production,paired_dev,production,0.01819170188831584,1.2,0.9999999999999994,2.2496230497232106,5.721211611431,5.620504062164855e-16,0.0,-0.07852289390825688,0.01819170188831584,-5.885636131468085
paired_dev_refined_0,paired_dev_refined,paired_dev,refined,0.6027117716609812,0.0,1.0,2.931322850622294,5.818488710123273,8.430756093247282e-16,0.0,-0.11878155806912707,-0.6027117716609812,-5.885636131468084
paired_dev_refined_1,paired_dev_refined,paired_dev,refined,0.6331346899285657,0.2,1.0000000000000004,2.773246060257553,5.784963385045496,8.36136715420821e-16,0.0,-0.20193161324676248,-0.6331346899285657,-5.885636131468082
paired_dev_refined_2,paired_dev_refined,paired_dev,refined,0.5606357425246128,0.4,0.9999999999999999,2.6069201347969493,5.7571774306583965,8.049116928532385e-16,0.0,-0.2449739208784347,-0.5606357425246128,-5.885636131468084
paired_dev_refined_3,paired_dev_refined,paired_dev,refined,0.4164800585790133,0.6,0.9999999999999999,2.4587695423041396,5.738811939596728,7.73686670285656e-16,0.0,-0.24401168647883054,-0.4164800585790133,-5.885636131468085
paired_dev_refined_4,paired_dev_refined,paired_dev,refined,0.2458297585952396,0.8,0.9999999999999998,2.3469721889507515,5.729355646347358,7.112366251504909e-16,0.0,-0.20597627068953062,-0.2458297585952396,-5.885636131468083
paired_dev_refined_5,paired_dev_refined,paired_dev,refined,0.09162431345171546,1.0,0.9999999999999997,2.278436873002356,5.725035188203478,6.38378239159465e-16,0.0,-0.14520146477976073,-0.09162431345171546,-5.885636131468083
paired_dev_refined_6,paired_dev_refined,paired_dev,refined,0.01819170188831584,1.2,0.9999999999999994,2.2496230497232106,5.721211611431,5.620504062164855e-16,0.0,-0.07852289390825688,0.01819170188831584,-5.885636131468085
paired_dev_smallstep16_0,paired_dev_smallstep16,paired_dev,baseline,0.6034497210120687,0.0,0.9999999999999993,2.9312490031065273,5.8182437520889305,1.3561016459079377e-13,0.0,-0.11853975031221428,-0.6034497210120687,-5.884731125552927
paired_dev_smallstep16_1,paired_dev_smallstep16,paired_dev,baseline,0.6339938633457767,0.2,0.9999910443898653,2.7730754624371787,5.784692309541365,1.3373341567216427e-13,0.0,-0.2015564857261445,-0.6339938633457767,-5.884729348712479
paired_dev_smallstep16_2,paired_dev_smallstep16,paired_dev,baseline,0.5616159343387448,0.4,0.9999822914801266,2.606640842429125,5.7568732907105495,1.2952607257014202e-13,0.0,-0.24459762890267692,-0.5616159343387448,-5.8847271900516285
paired_dev_smallstep16_3,paired_dev_smallstep16,paired_dev,baseline,0.41755554761208896,0.6,0.9999736525233707,2.45834786012252,5.738462915441876,1.2381763249698163e-13,0.0,-0.24373108489101822,-0.41755554761208896,-5.884725021407428
paired_dev_smallstep16_4,paired_dev_smallstep16,paired_dev,baseline,0.24693608387577387,0.8,0.9999650824064659,2.3463721216273785,5.728949616143981,1.1737332037413837e-13,0.0,-0.2058065619797245,-0.24693608387577387,-5.884722994745552
paired_dev_smallstep16_5,paired_dev_smallstep16,paired_dev,baseline,0.0926649076959263,1.0,0.9999566260736273,2.2776437707304833,5.724564838150495,1.107452133523995e-13,0.0,-0.14508578358592075,-0.0926649076959263,-5.884720812483714
paired_dev_smallstep16_6,paired_dev_smallstep16,paired_dev,baseline,0.017324288183876844,1.2,0.9999483158810016,2.2486584796592926,5.720677322866316,1.0477490689211311e-13,0.0,-0.07837341493049498,0.017324288183876844,-5.8847179119522615
paired_dev_tensor160_0,paired_dev_tensor160,paired_dev,production,0.6027119534817623,0.0,0.9999999999999992,2.931322671283591,5.818488341363622,-9.373424063839628e-10,0.0,-0.11878154405056733,-0.6027119534817623,-5.885636095824049
paired_dev_tensor160_1,paired_dev_tensor160,paired_dev,production,0.6331348579929623,0.2,0.9999999999999571,2.7732458494901664,5.784963010399499,-9.255027477901975e-10,0.0,-0.20193158668753247,-0.6331348579929623,-5.885636095824047
paired_dev_tensor160_2,paired_dev_tensor160,paired_dev,production,0.5606358723730379,0.4,0.9999999999999207,2.606919900922016,5.757177062186633,-8.884707949821668e-10,0.0,-0.24497387562796183,-0.5606358723730379,-5.885636095824046
paired_dev_tensor160_3,paired_dev_tensor160,paired_dev,production,0.416480128447546,0.6,0.9999999999998691,2.458769299372678,5.738811590459801,-8.126903980506759e-10,0.0,-0.24401161953418773,-0.416480128447546,-5.885636095824051
paired_dev_tensor160_4,paired_dev_tensor160,paired_dev,production,0.2458297551318995,0.8,0.9999999999998184,2.3469719545082928,5.7293553300502555,-6.899521002268071e-10,0.0,-0.20597618650577537,-0.2458297551318995,-5.88563609582405
paired_dev_tensor160_5,paired_dev_tensor160,paired_dev,production,0.0916242363775552,1.0,0.9999999999997745,2.2784366644010063,5.725034917393211,-5.216074959111871e-10,0.0,-0.14520137441911893,-0.0916242363775552,-5.885636095824051
paired_dev_tensor160_6,paired_dev_tensor160,paired_dev,production,0.018191838127257897,1.2,0.9999999999997499,2.2496228804709277,5.721211396370788,-3.1789280843111014e-10,0.0,-0.07852280935929926,0.018191838127257897,-5.8856360958240534
paired_scale_10_baseline_0,paired_scale_10_baseline,paired_scale_10,baseline,0.3531530183337438,0,1.000000000000001,4.836419795846336,9.621965217749075,-0.0013575137836753526,0.0,-0.1083652729891563,-0.3531530183337438,-10.376394504587156
paired_scale_10_baseline_1,paired_scale_10_baseline,paired_scale_10,baseline,0.5330883940707293,0.25,0.9999482288273691,4.6767261533577775,9.485197616251465,-0.0013648930097620309,0.0,-0.2570650801879885,-0.5330883940707293,-10.37639404571698
paired_scale_10_baseline_2,paired_scale_10_baseline,paired_scale_10,baseline,0.5781650313812791,0.5,0.9998998648719869,4.456708182374816,9.39666132851476,-0.0013711496976074242,0.0,-0.3589387174419155,-0.5781650313812791,-10.376388862307067
paired_scale_10_baseline_3,paired_scale_10_baseline,paired_scale_10,baseline,0.3794765729964873,1.0,0.9997968513188858,4.016554067493532,9.410174751532281,-0.0013754850181707818,0.0,-0.3611057666360594,-0.3794765729964873,-10.376372409796952
paired_scale_10_baseline_4,paired_scale_10_baseline,paired_scale_10,baseline,0.10333545732121024,1.5,0.9996953533904376,3.753093179515027,9.514355830957399,-0.0013655065087748884,0.0,-0.20709563683998847,-0.10333545732121024,-10.37637095007193
paired_scale_10_baseline_5,paired_scale_10_baseline,paired_scale_10,baseline,0.1472452578883306,2.0,0.9995318370102865,3.6951095370396287,9.55930478135541,-0.001358982284808067,0.0,-0.08633018632157767,0.1472452578883306,-10.376472177089918
paired_scale_10_exact_0,paired_scale_10_exact,paired_scale_10,production,0.3520391759993479,0,1.0,4.8382491913809265,9.625633503639875,3.771288836773579e-15,0.0,-0.10848134747911656,-0.3520391759993479,-10.378894533236831
paired_scale_10_exact_1,paired_scale_10_exact,paired_scale_10,production,0.5314142055054418,0.25,0.9999999999999994,4.67887453959063,9.489141249334738,3.6290415117434804e-15,0.0,-0.25725544094747027,-0.5314142055054418,-10.378894533236815
paired_scale_10_exact_2,paired_scale_10_exact,paired_scale_10,production,0.5762546583167908,0.5,0.9999999999999999,4.45928469035767,9.400823687831576,3.479855292809475e-15,0.0,-0.3590199963851834,-0.5762546583167908,-10.378894533236855
paired_scale_10_exact_3,paired_scale_10_exact,paired_scale_10,production,0.3780940132556904,1.0,1.0000000000000018,4.02003924308754,9.414378315958709,2.9906632725840154e-15,0.0,-0.36102788164188343,-0.3780940132556904,-10.378894533236757
paired_scale_10_exact_4,paired_scale_10_exact,paired_scale_10,production,0.10241756742123466,1.5,1.0000000000000007,3.7570553796708928,9.518186747245725,2.6506574712925612e-15,0.0,-0.2076376448643479,-0.10241756742123466,-10.378894533236807
paired_scale_10_exact_5,paired_scale_10_exact,paired_scale_10,production,0.14912467119968414,2.0,1.0000000000000049,3.6992687981755568,9.562964884801833,2.3765711620882257e-15,0.0,-0.08794582151659341,0.14912467119968414,-10.378894533236807
paired_scale_10_modes96_0,paired_scale_10_modes96,paired_scale_10,production,0.3520391945074305,0,0.9999999999999994,4.838249170631154,9.62563345745949,-8.743752619212679e-10,0.0,-0.10848134224605982,-0.3520391945074305,-10.378894499798
paired_scale_10_modes96_1,paired_scale_10_modes96,paired_scale_10,production,0.5314142335638883,0.25,0.9999999990951636,4.6788745146401585,9.489141197141542,-7.256570597890882e-10,0.0,-0.25725543279433216,-0.5314142335638883,-10.378894499620733
paired_scale_10_modes96_2,paired_scale_10_modes96,paired_scale_10,production,0.5762546906121129,0.5,0.9999999982112159,4.459284658764733,9.400823630348276,-5.773585512865477e-10,0.0,-0.3590199945242484,-0.5762546906121129,-10.37889449934052
paired_scale_10_modes96_3,paired_scale_10_modes96,paired_scale_10,production,0.3780940401455376,1.0,0.9999999947792133,4.020039194854935,9.41437826040971,-8.651601182195674e-10,0.0,-0.361027898663776,-0.3780940401455376,-10.378894497886069
paired_scale_10_modes96_4,paired_scale_10_modes96,paired_scale_10,production,0.10241757752200827,1.5,0.9999999831346119,3.7570553156076842,9.518186713375403,-2.53568716049363e-10,0.0,-0.20763764583028724,-0.10241757752200827,-10.378894504399971
paired_scale_10_modes96_5,paired_scale_10_modes96,paired_scale_10,production,0.149124424318514,2.0,0.9999999407374209,3.6992686701170308,9.562964802111315,1.7300504527120851e-09,0.0,-0.08794583720833606,0.149124424318514,-10.37889458906971
paired_scale_10_production_0,paired_scale_10_production,paired_scale_10,production,0.3520391759993479,0,1.0,4.8382491913809265,9.625633503639875,3.771288836773579e-15,0.0,-0.10848134747911656,-0.3520391759993479,-10.378894533236831
paired_scale_10_production_1,paired_scale_10_production,paired_scale_10,production,0.5314142055054418,0.25,0.9999999999999994,4.67887453959063,9.489141249334738,3.6290415117434804e-15,0.0,-0.25725544094747027,-0.5314142055054418,-10.378894533236815
paired_scale_10_production_2,paired_scale_10_production,paired_scale_10,production,0.5762546583167908,0.5,0.9999999999999999,4.45928469035767,9.400823687831576,3.479855292809475e-15,0.0,-0.3590199963851834,-0.5762546583167908,-10.378894533236855
paired_scale_10_production_3,paired_scale_10_production,paired_scale_10,production,0.3780940132556904,1.0,1.0000000000000018,4.02003924308754,9.414378315958709,2.9906632725840154e-15,0.0,-0.36102788164188343,-0.3780940132556904,-10.378894533236757
paired_scale_10_production_4,paired_scale_10_production,paired_scale_10,production,0.10241756742123466,1.5,1.0000000000000007,3.7570553796708928,9.518186747245725,2.6506574712925612e-15,0.0,-0.2076376448643479,-0.10241756742123466,-10.378894533236807
paired_scale_10_production_5,paired_scale_10_production,paired_scale_10,production,0.14912467119968414,2.0,1.0000000000000049,3.6992687981755568,9.562964884801833,2.3765711620882257e-15,0.0,-0.08794582151659341,0.14912467119968414,-10.378894533236807
paired_scale_14_modes96_hybrid_0,paired_scale_14_modes96_hybrid,paired_scale_14,production,0.4157520182418333,0,1.000000000000001,6.7502800017553515,13.447092456650255,3.493257538907705e-09,0.0,-0.1044846122927172,-0.4157520182418333,-14.727028722324876
paired_scale_14_modes96_hybrid_1,paired_scale_14_modes96_hybrid,paired_scale_14,production,0.6754397742543706,0.25,0.9999999874497268,6.566097455299381,13.26236266078705,3.9593856656929155e-09,0.0,-0.24602321263744528,-0.6754397742543706,-14.727028719676555
paired_scale_14_modes96_hybrid_2,paired_scale_14_modes96_hybrid,paired_scale_14,production,0.7557514944927125,0.5,0.999999986967335,6.308636530350716,13.131215089120523,1.619847263562049e-10,0.0,-0.3417116841656013,-0.7557514944927125,-14.727028719422101
paired_scale_14_modes96_hybrid_3,paired_scale_14_modes96_hybrid,paired_scale_14,production,0.5197021551920662,1.0,0.9999999863993001,5.794897528212505,13.103358084799057,-2.2165027753796506e-08,0.0,-0.3479157580694055,-0.5197021551920662,-14.72702871915305
paired_scale_14_modes96_hybrid_4,paired_scale_14_modes96_hybrid,paired_scale_14,production,0.26325292999458505,1.5,0.999999986029579,5.4635606026502,13.235594385137459,-2.707006929726308e-08,0.0,-0.21578908636881888,-0.26325292999458505,-14.727028719008505
paired_scale_14_modes96_hybrid_5,paired_scale_14_modes96_hybrid,paired_scale_14,production,0.07728623670078764,2.0,0.9999999849219364,5.297917643840331,13.293689297984365,-9.286680693053e-09,0.0,-0.10287779808254284,-0.07728623670078764,-14.72702871885178
paired_scale_14_production_0,paired_scale_14_production,paired_scale_14,production,0.4157520182418442,0,1.000000000000006,6.750280001755352,13.447092456650227,3.493253876334742e-09,0.0,-0.10448461229271623,-0.4157520182418442,-14.727028722324864
paired_scale_14_production_1,paired_scale_14_production,paired_scale_14,production,0.6754397743856322,0.25,0.999999987336758,6.566097455325699,13.262362660813318,3.959381816902647e-09,0.0,-0.24602321263793783,-0.6754397743856322,-14.72702871960457
paired_scale_14_production_2,paired_scale_14_production,paired_scale_14,production,0.7557514959739602,0.5,0.9999999847330148,6.308636530128757,13.131215088899014,1.6112116401137064e-10,0.0,-0.34171168417899045,-0.7557514959739602,-14.727028717891198
paired_scale_14_production_3,paired_scale_14_production,paired_scale_14,production,0.5197021534102464,1.0,0.9999999842068846,5.794897528191088,13.103358084779911,-2.2180956748305518e-08,0.0,-0.3479157580830491,-0.5197021534102464,-14.72702871764108
paired_scale_14_production_4,paired_scale_14_production,paired_scale_14,production,0.2632529288984135,1.5,0.9999999834732508,5.463560603479751,13.2355943857524,-2.6986119122484745e-08,0.0,-0.2157890863869617,-0.2632529288984135,-14.727028716493267
paired_scale_14_production_5,paired_scale_14_production,paired_scale_14,production,0.07728623775925282,2.0,0.9999999833018429,5.297917644518854,13.293689299414758,-9.25496008144284e-09,0.0,-0.10287779810006628,-0.07728623775925282,-14.727028716440683
paired_zero_pairing_production_0,paired_zero_pairing_production,paired_zero_pairing,production,0.0,0.0,1.0,3.0224090500919765,5.999999999999999,-1.5681900222830336e-15,0.0,-0.13040062597792684,0.0,-5.526240586697208
paired_zero_pairing_production_1,paired_zero_pairing_production,paired_zero_pairing,production,0.0,0.2,1.0,2.9858230194636093,6.0,-1.5543122344752192e-15,0.0,-0.23316228227727614,0.0,-5.5262405866972095
paired_zero_pairing_production_2,paired_zero_pairing_production,paired_zero_pairing,production,0.0,0.4,0.9999999999999999,2.9305761383128663,6.0,-1.5404344466674047e-15,0.0,-0.31463005710137204,0.0,-5.526240586697211
paired_zero_pairing_production_3,paired_zero_pairing_production,paired_zero_pairing,production,0.0,0.6,0.9999999999999997,2.862140779239332,6.0,-1.5057399771478686e-15,0.0,-0.3638116313707542,0.0,-5.5262405866972095
paired_zero_pairing_production_4,paired_zero_pairing_production,paired_zero_pairing,production,0.0,0.8,0.9999999999999997,2.7874527371284037,6.000000000000001,-1.4432899320127035e-15,0.0,-0.37722491831099325,0.0,-5.526240586697211
paired_zero_pairing_production_5,paired_zero_pairing_production,paired_zero_pairing,production,0.0,1.0,0.9999999999999998,2.713394118224576,5.999999999999998,-1.394717674685353e-15,0.0,-0.35866251242430525,0.0,-5.526240586697209
paired_zero_pairing_production_6,paired_zero_pairing_production,paired_zero_pairing,production,0.0,1.2,0.9999999999999993,2.645530540597046,6.000000000000002,-1.3114509478384662e-15,0.0,-0.31702464347928216,0.0,-5.526240586697211
renamed_mixed_contact_production_0,renamed_mixed_contact_production,renamed_mixed_contact,production,0.05401759868964911,0,0.9999999999999997,1.6969832354987617,3.3697440685078908,-0.08839664440409739,0.056349665279264216,0.04933156125624911,0.05401759868964911,-4.692679568419349
renamed_mixed_contact_production_1,renamed_mixed_contact_production,renamed_mixed_contact,production,0.05451775178675918,0.07,1.0000000000000007,1.7021914200306425,3.375021394422532,-0.09038615056260388,0.05679321194920006,-0.009203146819176142,0.05451775178675918,-4.692679568419358
renamed_mixed_contact_production_2,renamed_mixed_contact_production,renamed_mixed_contact,production,0.054871618501597094,0.19,1.0000000000000018,1.7017986933275797,3.3849002394133776,-0.09401708079192546,0.059550310053500005,-0.10473285195288556,0.054871618501597094,-4.692679568419345
renamed_mixed_contact_production_3,renamed_mixed_contact_production,renamed_mixed_contact,production,0.05438417847583462,0.36,0.9999999999999996,1.6842131586118005,3.4006906287711,-0.09968162601950956,0.06721808578508509,-0.20131506612470393,0.05438417847583462,-4.692679568419363
renamed_mixed_contact_production_4,renamed_mixed_contact_production,renamed_mixed_contact,production,0.05219086321655614,0.61,0.9999999999999996,1.6429211249750582,3.427069561318932,-0.10915693559880892,0.08382727986003974,-0.20601564240922923,0.05219086321655614,-4.692679568419372
renamed_mixed_contact_tensor160_0,renamed_mixed_contact_tensor160,renamed_mixed_contact,production,0.054017574845856973,0,1.0000000000000009,1.6969832089597419,3.369744113127923,-0.08839717490900914,0.05634965290617089,0.04933153876696684,0.054017574845856973,-4.692679589764297
renamed_mixed_contact_tensor160_1,renamed_mixed_contact_tensor160,renamed_mixed_contact,production,0.05451772578277491,0.07,0.9999999999999744,1.7021913901321177,3.3750214317488982,-0.09038668103387357,0.056793199505448665,-0.009203170493353908,0.05451772578277491,-4.6926795897642934
renamed_mixed_contact_tensor160_2,renamed_mixed_contact_tensor160,renamed_mixed_contact,production,0.054871588926549746,0.19,1.0000000000000042,1.7017986571174393,3.3849002636027357,-0.09401761112571377,0.059550297549051265,-0.10473287785691006,0.054871588926549746,-4.692679589764289
renamed_mixed_contact_tensor160_3,renamed_mixed_contact_tensor160,renamed_mixed_contact,production,0.054384144491411414,0.36,1.0000000000000318,1.6842131123437896,3.4006906332885887,-0.09968215596292658,0.06721807333396906,-0.20131509460763003,0.054384144491411414,-4.692679589764288
renamed_mixed_contact_tensor160_4,renamed_mixed_contact_tensor160,renamed_mixed_contact,production,0.05219082493359091,0.61,0.9999999999999837,1.6429210623745958,3.4270695356914644,-0.10915746454001064,0.08382726786971668,-0.20601567086065697,0.05219082493359091,-4.692679589764281
spin_orbit_dev_baseline_0,spin_orbit_dev_baseline,spin_orbit_dev,baseline,0.0,0.0,1.0,1.934949206130524,4.0,-0.3356435016790152,0.0,-0.013931400456990383,0.0,-5.273020421407969
spin_orbit_dev_baseline_1,spin_orbit_dev_baseline,spin_orbit_dev,baseline,0.0,0.2,0.9999311741147091,1.9057183436844831,4.0,-0.3358191976655466,0.0,-0.27013133904694925,0.0,-5.273026139286125
spin_orbit_dev_baseline_2,spin_orbit_dev_baseline,spin_orbit_dev,baseline,0.0,0.4,0.9998682546403912,1.8325470912838433,4.0,-0.336127801290362,0.0,-0.443212816759303,0.0,-5.2730150298541725
spin_orbit_dev_baseline_3,spin_orbit_dev_baseline,spin_orbit_dev,baseline,0.0,0.6,0.9998091740895474,1.7362260636895412,4.0,-0.3364872837695983,0.0,-0.5013087416581726,0.0,-5.272997606039121
spin_orbit_dev_baseline_4,spin_orbit_dev_baseline,spin_orbit_dev,baseline,0.0,0.8,0.9997511942944554,1.638269602279162,4.0,-0.3368146537872766,0.0,-0.4666404148261143,0.0,-5.2729799941831255
spin_orbit_dev_baseline_5,spin_orbit_dev_baseline,spin_orbit_dev,baseline,0.0,1.0,0.9996924144565034,1.5526180188407117,4.0,-0.337077515624556,0.0,-0.3860937219244795,0.0,-5.272957204281552
spin_orbit_dev_baseline_6,spin_orbit_dev_baseline,spin_orbit_dev,baseline,0.0,1.2,0.9996262181306927,1.4845524547071536,4.0,-0.33726946508027994,0.0,-0.2943727470476148,0.0,-5.272935942188359
spin_orbit_dev_final_tensor_0,spin_orbit_dev_final_tensor,spin_orbit_dev,production,0.0,0.0,1.0000000000000002,1.9346697905765757,3.999999999999999,-0.33737912921116053,0.0,-0.009311099103838925,0.0,-5.276298304412477
spin_orbit_dev_final_tensor_1,spin_orbit_dev_final_tensor,spin_orbit_dev,production,0.0,0.2,0.9999999999999726,1.9061190923437723,4.000000000000001,-0.33751111770389425,0.0,-0.2679982664200089,0.0,-5.276298304412479
spin_orbit_dev_final_tensor_2,spin_orbit_dev_final_tensor,spin_orbit_dev,production,0.0,0.4,1.0000000071065158,1.8331998954121596,4.0,-0.3378584719927787,0.0,-0.4426706916780683,0.0,-5.276298304784413
spin_orbit_dev_final_tensor_3,spin_orbit_dev_final_tensor,spin_orbit_dev,production,0.0,0.6,1.0000000111844372,1.7368812891114704,4.0,-0.3383004309883606,0.0,-0.5019539279587972,0.0,-5.276298304921713
spin_orbit_dev_final_tensor_4,spin_orbit_dev_final_tensor,spin_orbit_dev,production,0.0,0.8,1.0000000179226831,1.6385950032342627,4.0,-0.33875495727675126,0.0,-0.46933089251933474,0.0,-5.276298305207477
spin_orbit_dev_final_tensor_5,spin_orbit_dev_final_tensor,spin_orbit_dev,production,0.0,1.0,1.000000022357189,1.5522388428549343,3.999999999999999,-0.3392041720828132,0.0,-0.389825645732516,0.0,-5.276298305496976
spin_orbit_dev_final_tensor_6,spin_orbit_dev_final_tensor,spin_orbit_dev,production,0.0,1.2,1.0000000282880084,1.4835687617725821,4.000000000000001,-0.3396341184514594,0.0,-0.2959100628633692,0.0,-5.276298306029494
spin_orbit_dev_legacy_0,spin_orbit_dev_legacy,spin_orbit_dev,legacy,0.0,0.0,1.0000000000000007,1.9163672141401054,4.0,0.0,0.0,1.1429771300434542e-09,0.0,-4.888802106749048
spin_orbit_dev_legacy_1,spin_orbit_dev_legacy,spin_orbit_dev,legacy,0.0,0.2,0.9999998619901007,1.8266366887612617,3.9999999999999996,0.0,0.0,-0.4130617318863116,0.0,-4.888802095483377
spin_orbit_dev_legacy_2,spin_orbit_dev_legacy,spin_orbit_dev,legacy,0.0,0.4,0.999999749970464,1.629077823403317,4.0,0.0,0.0,-0.5190066446929108,0.0,-4.888802076012238
spin_orbit_dev_legacy_3,spin_orbit_dev_legacy,spin_orbit_dev,legacy,0.0,0.6,0.999999681316353,1.4433053409312964,3.999999999999999,0.0,0.0,-0.38896795343146373,0.0,-4.888801981126422
spin_orbit_dev_legacy_4,spin_orbit_dev_legacy,spin_orbit_dev,legacy,0.0,0.8,0.9999995621991601,1.324504712734094,4.000000000000001,0.0,0.0,-0.2020365756176028,0.0,-4.888801815373162
spin_orbit_dev_legacy_5,spin_orbit_dev_legacy,spin_orbit_dev,legacy,0.0,1.0,0.9999990316188839,1.286010898759572,4.0,0.0,0.0,0.01789227567087841,0.0,-4.888802092982971
spin_orbit_dev_legacy_6,spin_orbit_dev_legacy,spin_orbit_dev,legacy,0.0,1.2,0.9999976933366099,1.3429410193128932,4.0,0.0,0.0,0.2622615606478889,0.0,-4.888805773526841
spin_orbit_dev_modes96_0,spin_orbit_dev_modes96,spin_orbit_dev,production,0.0,0.0,0.9999999999999996,1.9346697897436351,3.9999999999999996,-0.3373791266657756,0.0,-0.00931109762571511,0.0,-5.276298304974715
spin_orbit_dev_modes96_1,spin_orbit_dev_modes96,spin_orbit_dev,production,0.0,0.2,1.0000000016576345,1.9061190860800237,4.0,-0.3375111165202595,0.0,-0.267998387110047,0.0,-5.276298305030412
spin_orbit_dev_modes96_2,spin_orbit_dev_modes96,spin_orbit_dev,production,0.0,0.4,1.000000008050993,1.8331964653591208,4.0,-0.3378583399886587,0.0,-0.4426746963094441,0.0,-5.2762983052364785
spin_orbit_dev_modes96_3,spin_orbit_dev_modes96,spin_orbit_dev,production,0.0,0.6,1.0000000172618317,1.7368763575227404,4.0,-0.33830023795541597,0.0,-0.5019479099078702,0.0,-5.276298305559271
spin_orbit_dev_modes96_4,spin_orbit_dev_modes96,spin_orbit_dev,production,0.0,0.8,1.0000000195545917,1.6385917321688994,4.0,-0.33875478616598875,0.0,-0.469313817630426,0.0,-5.276298305631683
spin_orbit_dev_modes96_5,spin_orbit_dev_modes96,spin_orbit_dev,production,0.0,1.0,1.0000000301413434,1.5522397341435192,3.999999999999999,-0.33920411563592157,0.0,-0.38980810889395456,0.0,-5.276298306102541
spin_orbit_dev_modes96_6,spin_orbit_dev_modes96,spin_orbit_dev,production,0.0,1.2,1.0000000402813292,1.483573036434931,4.000000000000001,-0.33963421613312295,0.0,-0.2959059278967252,0.0,-5.276298306608966
spin_orbit_dev_production_0,spin_orbit_dev_production,spin_orbit_dev,production,0.0,0.0,0.9999999999999999,1.9346697902599799,4.000000000000001,-0.3373791342858192,0.0,-0.009311098050023007,0.0,-5.276298304814211
spin_orbit_dev_production_1,spin_orbit_dev_production,spin_orbit_dev,production,0.0,0.2,1.0,1.9061190921853683,4.000000000000001,-0.33751112276816586,0.0,-0.26799826592616616,0.0,-5.276298304814209
spin_orbit_dev_production_2,spin_orbit_dev_production,spin_orbit_dev,production,0.0,0.4,0.9999999999999998,1.8331965633367806,4.0,-0.3378583470927658,0.0,-0.4426738343940982,0.0,-5.27629830481421
spin_orbit_dev_production_3,spin_orbit_dev_production,spin_orbit_dev,production,0.0,0.6,0.9999999999999998,1.7368766906903208,4.0,-0.3383002631546235,0.0,-0.5019466621249385,0.0,-5.276298304814209
spin_orbit_dev_production_4,spin_orbit_dev_production,spin_orbit_dev,production,0.0,0.8,1.0,1.6385921650417161,4.0,-0.3387548891324199,0.0,-0.4693145694819821,0.0,-5.27629830481421
spin_orbit_dev_production_5,spin_orbit_dev_production,spin_orbit_dev,production,0.0,1.0,0.9999999999999997,1.5522396318192826,4.0,-0.33920431150682256,0.0,-0.3898127436083425,0.0,-5.276298304814212
spin_orbit_dev_production_6,spin_orbit_dev_production,spin_orbit_dev,production,0.0,1.2,0.9999999999999993,1.4835717579350511,4.000000000000001,-0.3396343567769218,0.0,-0.29591232276053037,0.0,-5.276298304814211
spin_orbit_dev_redundant_0,spin_orbit_dev_redundant,spin_orbit_dev,production,0.0,0.0,1.0000000000000002,1.9346697905765744,4.0,-0.3373791292111611,0.0,-0.009311099103840235,0.0,-5.276298304412479
spin_orbit_dev_redundant_1,spin_orbit_dev_redundant,spin_orbit_dev,production,0.0,0.2,0.9999999999999757,1.906119092343771,3.9999999999999996,-0.3375111177038941,0.0,-0.26799826642000874,0.0,-5.276298304412477
spin_orbit_dev_redundant_2,spin_orbit_dev_redundant,spin_orbit_dev,production,0.0,0.4,0.9999999999999287,1.8331965634582335,4.0,-0.3378583420466991,0.0,-0.44267383429211715,0.0,-5.276298304412482
spin_orbit_dev_redundant_3,spin_orbit_dev_redundant,spin_orbit_dev,production,0.0,0.6,0.9999999999999264,1.736876690872986,4.0,-0.33830025815969306,0.0,-0.5019466616651337,0.0,-5.2762983044124825
spin_orbit_dev_redundant_4,spin_orbit_dev_redundant,spin_orbit_dev,production,0.0,0.8,0.9999999999999343,1.6385921653287874,4.0,-0.3387548842531401,0.0,-0.46931456893334317,0.0,-5.27629830441248
spin_orbit_dev_redundant_5,spin_orbit_dev_redundant,spin_orbit_dev,production,0.0,1.0,0.9999999999999125,1.5522396322118606,4.000000000000001,-0.33920430683344976,0.0,-0.3898127431161481,0.0,-5.2762983044124825
spin_orbit_dev_redundant_6,spin_orbit_dev_redundant,spin_orbit_dev,production,0.0,1.2,0.9999999999999267,1.48357175841551,4.0,-0.3396343524104414,0.0,-0.2959123223789231,0.0,-5.2762983044124825
spin_orbit_dev_refined_0,spin_orbit_dev_refined,spin_orbit_dev,refined,0.0,0.0,0.9999999999999999,1.9346697902599799,4.000000000000001,-0.3373791342858192,0.0,-0.009311098050023007,0.0,-5.276298304814211
spin_orbit_dev_refined_1,spin_orbit_dev_refined,spin_orbit_dev,refined,0.0,0.2,1.0,1.9061190921853683,4.000000000000001,-0.33751112276816586,0.0,-0.26799826592616616,0.0,-5.276298304814209
spin_orbit_dev_refined_2,spin_orbit_dev_refined,spin_orbit_dev,refined,0.0,0.4,0.9999999999999998,1.8331965633367806,4.0,-0.3378583470927658,0.0,-0.4426738343940982,0.0,-5.27629830481421
spin_orbit_dev_refined_3,spin_orbit_dev_refined,spin_orbit_dev,refined,0.0,0.6,0.9999999999999998,1.7368766906903208,4.0,-0.3383002631546235,0.0,-0.5019466621249385,0.0,-5.276298304814209
spin_orbit_dev_refined_4,spin_orbit_dev_refined,spin_orbit_dev,refined,0.0,0.8,1.0,1.6385921650417161,4.0,-0.3387548891324199,0.0,-0.4693145694819821,0.0,-5.27629830481421
spin_orbit_dev_refined_5,spin_orbit_dev_refined,spin_orbit_dev,refined,0.0,1.0,0.9999999999999997,1.5522396318192826,4.0,-0.33920431150682256,0.0,-0.3898127436083425,0.0,-5.276298304814212
spin_orbit_dev_refined_6,spin_orbit_dev_refined,spin_orbit_dev,refined,0.0,1.2,0.9999999999999993,1.4835717579350511,4.000000000000001,-0.3396343567769218,0.0,-0.29591232276053037,0.0,-5.276298304814211
spin_orbit_dev_tensor160_0,spin_orbit_dev_tensor160,spin_orbit_dev,production,0.0,0.0,1.0000000000000002,1.934669809119246,4.0,-0.33737893963525,0.0,-0.009311046834373117,0.0,-5.276298292233487
spin_orbit_dev_tensor160_1,spin_orbit_dev_tensor160,spin_orbit_dev,production,0.0,0.2,0.9999999999999953,1.9061191172288896,4.0,-0.33751094536577086,0.0,-0.26799825493416907,0.0,-5.276298292233486
spin_orbit_dev_tensor160_2,spin_orbit_dev_tensor160,spin_orbit_dev,production,0.0,0.4,1.000000000000011,1.8331965871848297,4.0,-0.3378581908932419,0.0,-0.4426738550716316,0.0,-5.276298292233487
spin_orbit_dev_tensor160_3,spin_orbit_dev_tensor160,spin_orbit_dev,production,0.0,0.6,0.9999999999999967,1.7368767084977108,4.0,-0.33830013088222,0.0,-0.5019466991861435,0.0,-5.276298292233489
spin_orbit_dev_tensor160_4,spin_orbit_dev_tensor160,spin_orbit_dev,production,0.0,0.8,0.9999999999999928,1.6385921750727401,4.0,-0.3387547826653842,0.0,-0.469314607918357,0.0,-5.276298292233487
spin_orbit_dev_tensor160_5,spin_orbit_dev_tensor160,spin_orbit_dev,production,0.0,1.0,1.0000000000000384,1.5522396349985352,4.0,-0.3392042318979076,0.0,-0.38981277232685996,0.0,-5.276298292233487
spin_orbit_dev_tensor160_6,spin_orbit_dev_tensor160,spin_orbit_dev,production,0.0,1.2,1.0000000000000253,1.483571756775082,4.0,-0.339634304003839,0.0,-0.29591233732931554,0.0,-5.276298292233489
spin_orbit_real_hopping_production_0,spin_orbit_real_hopping_production,spin_orbit_real_hopping,production,0.0,0.0,1.0000000000000002,1.9351687145639462,4.0,-0.33492682439621635,0.0,0.0,0.0,-5.273357313075259
spin_orbit_real_hopping_production_1,spin_orbit_real_hopping_production,spin_orbit_real_hopping,production,0.0,0.2,1.0000000000000002,1.9083419946600906,3.9999999999999996,-0.3350795686660958,0.0,-0.260732302359514,0.0,-5.273357313075259
spin_orbit_real_hopping_production_2,spin_orbit_real_hopping_production,spin_orbit_real_hopping,production,0.0,0.4,1.0000000000000002,1.836299964281082,3.9999999999999996,-0.33546319586575246,0.0,-0.44187708174936063,0.0,-5.27335731307526
spin_orbit_real_hopping_production_3,spin_orbit_real_hopping_production,spin_orbit_real_hopping,production,0.0,0.6,1.0,1.7391957402271387,4.000000000000001,-0.335935771405022,0.0,-0.510834697495176,0.0,-5.27335731307526
spin_orbit_real_hopping_production_4,spin_orbit_real_hopping_production,spin_orbit_real_hopping,production,0.0,0.8,1.0000000000000004,1.6382269200754118,3.9999999999999996,-0.3364182507131103,0.0,-0.4865393222069423,0.0,-5.273357313075258
spin_orbit_real_hopping_production_5,spin_orbit_real_hopping_production,spin_orbit_real_hopping,production,0.0,1.0,1.0000000000000002,1.5481352744566315,4.0,-0.33691175336398665,0.0,-0.40854621918341116,0.0,-5.27335731307526
spin_orbit_real_hopping_production_6,spin_orbit_real_hopping_production,spin_orbit_real_hopping,production,0.0,1.2,0.9999999999999998,1.4762377788817433,4.000000000000001,-0.33743619194811064,0.0,-0.30857184075136884,0.0,-5.27335731307526
spin_orbit_scale_10_baseline_0,spin_orbit_scale_10_baseline,spin_orbit_scale_10,baseline,0.0,0,0.9999999999999997,4.018221616832254,7.999999999999998,-0.2704263308314478,0.0,-0.054415493013188626,0.0,-8.285668654964491
spin_orbit_scale_10_baseline_1,spin_orbit_scale_10_baseline,spin_orbit_scale_10,baseline,0.0,0.25,0.9929538093705297,3.9696096105187255,8.0,-0.27048822104252285,0.0,-0.3177960992724197,0.0,-8.286019121127875
spin_orbit_scale_10_baseline_2,spin_orbit_scale_10_baseline,spin_orbit_scale_10,baseline,0.0,0.5,0.9860489190582317,3.8723273779197305,8.0,-0.27095222979679884,0.0,-0.4358797457884621,0.0,-8.285704565239149
spin_orbit_scale_10_baseline_3,spin_orbit_scale_10_baseline,spin_orbit_scale_10,baseline,0.0,1.0,0.9687984620878602,3.675999437148606,8.000000000000002,-0.2725268328342382,0.0,-0.3140600128494888,0.0,-8.286047622960295
spin_orbit_scale_10_baseline_4,spin_orbit_scale_10_baseline,spin_orbit_scale_10,baseline,0.0,1.5,0.9508103071785629,3.551933779491803,8.0,-0.27400896413062825,0.0,-0.22653931419228773,0.0,-8.287358883041165
spin_orbit_scale_10_baseline_5,spin_orbit_scale_10_baseline,spin_orbit_scale_10,baseline,0.0,2.0,0.9338238615529144,3.4380423774245266,7.999999999999998,-0.2756389009280882,0.0,-0.2114863575554099,0.0,-8.287342519362399
spin_orbit_scale_10_exact_0,spin_orbit_scale_10_exact,spin_orbit_scale_10,production,0.0,0,1.000000000000002,4.017518949836356,7.999999999999999,-0.2615136538087545,0.0,0.000516350430868516,0.0,-8.553592735960963
spin_orbit_scale_10_exact_1,spin_orbit_scale_10_exact,spin_orbit_scale_10,production,0.0,0.25,1.0000000000000033,3.9735089595600694,7.999999999999989,-0.2616042203216191,0.0,-0.3347997918225254,0.0,-8.553592735960951
spin_orbit_scale_10_exact_2,spin_orbit_scale_10_exact,spin_orbit_scale_10,production,0.0,0.5,1.0000000000000044,3.8653476989838604,7.999999999999987,-0.2618282568987885,0.0,-0.4937393327147865,0.0,-8.553592735960944
spin_orbit_scale_10_exact_3,spin_orbit_scale_10_exact,spin_orbit_scale_10,production,0.0,1.0,1.0000000000000024,3.6420605680231444,8.00000000000001,-0.2625287645053041,0.0,-0.3491902940154275,0.0,-8.553592735960972
spin_orbit_scale_10_exact_4,spin_orbit_scale_10_exact,spin_orbit_scale_10,production,0.0,1.5,1.000000000000005,3.496995900951881,7.999999999999992,-0.26423348927464796,0.0,-0.2767267214552231,0.0,-8.55359273596095
spin_orbit_scale_10_exact_5,spin_orbit_scale_10_exact,spin_orbit_scale_10,production,0.0,2.0,1.0000000000000067,3.346410364758541,7.999999999999993,-0.2674482628620237,0.0,-0.3060189686069596,0.0,-8.553592735960953
spin_orbit_scale_10_modes96_0,spin_orbit_scale_10_modes96,spin_orbit_scale_10,production,0.0,0,0.9999999999999993,4.017814551645469,8.0,-0.26224752755338604,0.0,0.0005632766464752074,0.0,-8.549448187220936
spin_orbit_scale_10_modes96_1,spin_orbit_scale_10_modes96,spin_orbit_scale_10,production,0.0,0.25,0.999918996726613,3.973932399334,8.0,-0.2623533557345664,0.0,-0.33398865074075446,0.0,-8.549455715141235
spin_orbit_scale_10_modes96_2,spin_orbit_scale_10_modes96,spin_orbit_scale_10,production,0.0,0.5,0.9998359861639361,3.86597680074313,7.999999999999999,-0.26257467494641695,0.0,-0.4929804533426975,0.0,-8.549466485408862
spin_orbit_scale_10_modes96_3,spin_orbit_scale_10_modes96,spin_orbit_scale_10,production,0.0,1.0,0.999623828750324,3.6434739355790215,8.000000000000004,-0.2632040303166103,0.0,-0.3465771087863001,0.0,-8.549464682062222
spin_orbit_scale_10_modes96_4,spin_orbit_scale_10_modes96,spin_orbit_scale_10,production,0.0,1.5,0.9993680112828303,3.4995959114885804,8.000000000000002,-0.2647337428841497,0.0,-0.2759856840326446,0.0,-8.549487481467088
spin_orbit_scale_10_modes96_5,spin_orbit_scale_10_modes96,spin_orbit_scale_10,production,0.0,2.0,0.9990541484608053,3.3482583028331487,7.999999999999997,-0.2679183287850847,0.0,-0.309239916984559,0.0,-8.549619374134176
spin_orbit_scale_10_production_0,spin_orbit_scale_10_production,spin_orbit_scale_10,production,0.0,0,1.000000000000002,4.017518949836356,7.999999999999999,-0.2615136538087545,0.0,0.000516350430868516,0.0,-8.553592735960963
spin_orbit_scale_10_production_1,spin_orbit_scale_10_production,spin_orbit_scale_10,production,0.0,0.25,1.0000000000000033,3.9735089595600694,7.999999999999989,-0.2616042203216191,0.0,-0.3347997918225254,0.0,-8.553592735960951
spin_orbit_scale_10_production_2,spin_orbit_scale_10_production,spin_orbit_scale_10,production,0.0,0.5,1.0000000000000044,3.8653476989838604,7.999999999999987,-0.2618282568987885,0.0,-0.4937393327147865,0.0,-8.553592735960944
spin_orbit_scale_10_production_3,spin_orbit_scale_10_production,spin_orbit_scale_10,production,0.0,1.0,1.0000000000000024,3.6420605680231444,8.00000000000001,-0.2625287645053041,0.0,-0.3491902940154275,0.0,-8.553592735960972
spin_orbit_scale_10_production_4,spin_orbit_scale_10_production,spin_orbit_scale_10,production,0.0,1.5,1.000000000000005,3.496995900951881,7.999999999999992,-0.26423348927464796,0.0,-0.2767267214552231,0.0,-8.55359273596095
spin_orbit_scale_10_production_5,spin_orbit_scale_10_production,spin_orbit_scale_10,production,0.0,2.0,1.0000000000000067,3.346410364758541,7.999999999999993,-0.2674482628620237,0.0,-0.3060189686069596,0.0,-8.553592735960953
spin_orbit_scale_10_rcm_modes128_0,spin_orbit_scale_10_rcm_modes128,spin_orbit_scale_10,production,0.0,0,1.0000000000000002,4.017430271276516,8.0,-0.2618116191714347,0.0,0.0018191717514659147,0.0,-8.552198149185314
spin_orbit_scale_10_rcm_modes128_1,spin_orbit_scale_10_rcm_modes128,spin_orbit_scale_10,production,0.0,0.25,0.9999557453348162,3.973675820489336,7.999999999999999,-0.26186752705239413,0.0,-0.3342791809099136,0.0,-8.55220200382922
spin_orbit_scale_10_rcm_modes128_2,spin_orbit_scale_10_rcm_modes128,spin_orbit_scale_10,production,0.0,0.5,0.9999082244779589,3.8654790832262784,7.999999999999998,-0.26205638548119614,0.0,-0.49444994433691825,0.0,-8.552208379613198
spin_orbit_scale_10_rcm_modes128_3,spin_orbit_scale_10_rcm_modes128,spin_orbit_scale_10,production,0.0,1.0,0.9998128042753054,3.6417929406922163,7.999999999999997,-0.2626778385307456,0.0,-0.34957826906001027,0.0,-8.552203453538946
spin_orbit_scale_10_rcm_modes128_4,spin_orbit_scale_10_rcm_modes128,spin_orbit_scale_10,production,0.0,1.5,0.999707065618427,3.4966322620531014,8.0,-0.26429947191194475,0.0,-0.2768738262093433,0.0,-8.552227255991635
spin_orbit_scale_10_rcm_modes128_5,spin_orbit_scale_10_rcm_modes128,spin_orbit_scale_10,production,0.0,2.0,0.9995895065317758,3.345999920184485,8.0,-0.2675081629743828,0.0,-0.30578731662803765,0.0,-8.552299699885967
spin_orbit_scale_10_rcm_modes192_0,spin_orbit_scale_10_rcm_modes192,spin_orbit_scale_10,production,0.0,0,1.0000000000000007,4.017503578641336,8.000000000000002,-0.2615492847750784,0.0,0.0006400307037930787,0.0,-8.55339321068093
spin_orbit_scale_10_rcm_modes192_1,spin_orbit_scale_10_rcm_modes192,spin_orbit_scale_10,production,0.0,0.25,0.9999970933669393,3.973514946383004,7.999999999999995,-0.26163230766783097,0.0,-0.3347854004843903,0.0,-8.553395210926114
spin_orbit_scale_10_rcm_modes192_2,spin_orbit_scale_10_rcm_modes192,spin_orbit_scale_10,production,0.0,0.5,0.999997099765009,3.8653331987290747,8.000000000000002,-0.2618466331977277,0.0,-0.49390026496665485,0.0,-8.553395211322147
spin_orbit_scale_10_rcm_modes192_3,spin_orbit_scale_10_rcm_modes192,spin_orbit_scale_10,production,0.0,1.0,0.9999971194139333,3.6419602625831127,8.000000000000002,-0.26252516475538884,0.0,-0.3493164384636446,0.0,-8.55339521265997
spin_orbit_scale_10_rcm_modes192_4,spin_orbit_scale_10_rcm_modes192,spin_orbit_scale_10,production,0.0,1.5,0.9999971267416412,3.4968528828723016,7.999999999999998,-0.26420068452762807,0.0,-0.27676998423912974,0.0,-8.553395213406878
spin_orbit_scale_10_rcm_modes192_5,spin_orbit_scale_10_rcm_modes192,spin_orbit_scale_10,production,0.0,2.0,0.9999971405018725,3.3463074130936468,8.0,-0.2674071328622974,0.0,-0.3058006768495913,0.0,-8.553395214508067
spin_orbit_scale_10_redundant128_0,spin_orbit_scale_10_redundant128,spin_orbit_scale_10,production,0.0,0,1.0000000000000007,4.017444697952311,8.0,-0.2617377942041261,0.0,0.0016831227381850316,0.0,-8.552755460400585
spin_orbit_scale_10_redundant128_1,spin_orbit_scale_10_redundant128,spin_orbit_scale_10,production,0.0,0.25,0.9999800625519526,3.9736732978140266,7.999999999999998,-0.26182755146338443,0.0,-0.33423906116054936,0.0,-8.552757099260868
spin_orbit_scale_10_redundant128_2,spin_orbit_scale_10_redundant128,spin_orbit_scale_10,production,0.0,0.5,0.9999592810355374,3.8655156660869676,7.9999999999999964,-0.26204853667915134,0.0,-0.49421278805810603,0.0,-8.552761099020456
spin_orbit_scale_10_redundant128_3,spin_orbit_scale_10_redundant128,spin_orbit_scale_10,production,0.0,1.0,0.9999106589628668,3.6419058804576148,8.0,-0.2627328957886944,0.0,-0.3495789968121319,0.0,-8.552765468583226
spin_orbit_scale_10_redundant128_4,spin_orbit_scale_10_redundant128,spin_orbit_scale_10,production,0.0,1.5,0.9998523654408363,3.496754320651176,8.000000000000002,-0.26440373294867947,0.0,-0.27680218804368734,0.0,-8.552790010549778
spin_orbit_scale_10_redundant128_5,spin_orbit_scale_10_redundant128,spin_orbit_scale_10,production,0.0,2.0,0.9997855614643617,3.346168460549496,8.0,-0.2676140480681338,0.0,-0.30584040824723635,0.0,-8.55284644470751
spin_orbit_scale_10_spatial192_hybrid_0,spin_orbit_scale_10_spatial192_hybrid,spin_orbit_scale_10,production,0.0,0,1.000000000000001,4.017520163296059,8.0,-0.2615292397890904,0.0,0.0005937928569631842,0.0,-8.553475305311483
spin_orbit_scale_10_spatial192_hybrid_1,spin_orbit_scale_10_spatial192_hybrid,spin_orbit_scale_10,production,0.0,0.25,0.9999989187158539,3.97352284198372,8.000000000000002,-0.26161792443392595,0.0,-0.33479859495018205,0.0,-8.553475797418539
spin_orbit_scale_10_spatial192_hybrid_2,spin_orbit_scale_10_spatial192_hybrid,spin_orbit_scale_10,production,0.0,0.5,0.9999989283555584,3.8653456342653483,8.0,-0.26183844572477016,0.0,-0.49385770053913425,0.0,-8.553475798043136
spin_orbit_scale_10_spatial192_hybrid_3,spin_orbit_scale_10_spatial192_hybrid,spin_orbit_scale_10,production,0.0,1.0,0.9999989466557436,3.6419931836605612,8.000000000000002,-0.262529379337629,0.0,-0.349288167459033,0.0,-8.553475799272706
spin_orbit_scale_10_spatial192_hybrid_4,spin_orbit_scale_10_spatial192_hybrid,spin_orbit_scale_10,production,0.0,1.5,0.9999989608121327,3.4969089537981852,7.999999999999999,-0.26421840070896196,0.0,-0.2767164003464741,0.0,-8.553475800632414
spin_orbit_scale_10_spatial192_hybrid_5,spin_orbit_scale_10_spatial192_hybrid,spin_orbit_scale_10,production,0.0,2.0,0.999998974594547,3.346348773928837,7.9999999999999964,-0.26742768340113227,0.0,-0.30592191227854754,0.0,-8.55347580167699
spin_orbit_scale_14_fast96_0,spin_orbit_scale_14_fast96,spin_orbit_scale_14,production,0.0,0,1.0000000000000004,5.989197535452056,12.000000000000009,-0.24582122347416724,0.0,-0.005494729782509441,0.0,-11.335960315214841
spin_orbit_scale_14_fast96_1,spin_orbit_scale_14_fast96,spin_orbit_scale_14,production,0.0,0.25,0.999400787082826,5.94402913885862,11.999999999999993,-0.24608887787234773,0.0,-0.3373271238636755,0.0,-11.33601837584174
spin_orbit_scale_14_fast96_2,spin_orbit_scale_14_fast96,spin_orbit_scale_14,production,0.0,0.5,0.9988016006423792,5.835999539019063,11.999999999999998,-0.24663962090475525,0.0,-0.4901843271014911,0.0,-11.336041225240727
spin_orbit_scale_14_fast96_3,spin_orbit_scale_14_fast96,spin_orbit_scale_14,production,0.0,1.0,0.9972415456296506,5.620390849715541,11.999999999999998,-0.24845786617304647,0.0,-0.3185337852033053,0.0,-11.336260135495266
spin_orbit_scale_14_fast96_4,spin_orbit_scale_14_fast96,spin_orbit_scale_14,production,0.0,1.5,0.99561655942158,5.49872470903724,11.999999999999995,-0.2516357516980648,0.0,-0.21963516734493774,0.0,-11.336412603695209
spin_orbit_scale_14_fast96_5,spin_orbit_scale_14_fast96,spin_orbit_scale_14,production,0.0,2.0,0.9935348093390323,5.373869152656444,11.999999999999995,-0.2563006322106782,0.0,-0.27629042422361005,0.0,-11.336799709148172
spin_orbit_scale_14_modes96_0,spin_orbit_scale_14_modes96,spin_orbit_scale_14,production,0.0,0,1.0000000000000024,5.986747424872786,12.000000000000002,-0.24559897645225465,0.0,-0.0046636336463366235,0.0,-11.330551988533596
spin_orbit_scale_14_modes96_1,spin_orbit_scale_14_modes96,spin_orbit_scale_14,production,0.0,0.25,0.9994216764760293,5.941939438884471,11.999999999999996,-0.24591660542224875,0.0,-0.3351854325613685,0.0,-11.330620553063223
spin_orbit_scale_14_modes96_2,spin_orbit_scale_14_modes96,spin_orbit_scale_14,production,0.0,0.5,0.9988416124811332,5.834486331087811,12.000000000000004,-0.24641019466958197,0.0,-0.4878145635111936,0.0,-11.330631967558425
spin_orbit_scale_14_modes96_3,spin_orbit_scale_14_modes96,spin_orbit_scale_14,production,0.0,1.0,0.9973000486060797,5.619578382047033,12.000000000000002,-0.24787624235275477,0.0,-0.31757054894368364,0.0,-11.330731422984568
spin_orbit_scale_14_modes96_4,spin_orbit_scale_14_modes96,spin_orbit_scale_14,production,0.0,1.5,0.9956196233971737,5.498625311155254,12.000000000000004,-0.25039178010005586,0.0,-0.2169355400123024,0.0,-11.330836225270492
spin_orbit_scale_14_modes96_5,spin_orbit_scale_14_modes96,spin_orbit_scale_14,production,0.0,2.0,0.993632631302182,5.374760409606113,11.999999999999996,-0.25405492756420067,0.0,-0.2757226628973636,0.0,-11.331080947968013
spin_orbit_scale_14_production_0,spin_orbit_scale_14_production,spin_orbit_scale_14,production,0.0,0,1.0000000000000007,5.985736356088501,12.000000000000005,-0.24469024447384688,0.0,0.003997878182509987,0.0,-11.353997147117132
spin_orbit_scale_14_production_1,spin_orbit_scale_14_production,spin_orbit_scale_14,production,0.0,0.25,0.9997416935871364,5.942241674316253,11.999999999999996,-0.24482626947640215,0.0,-0.3342158167565403,0.0,-11.354044163243328
spin_orbit_scale_14_production_2,spin_orbit_scale_14_production,spin_orbit_scale_14,production,0.0,0.5,0.9997417032441775,5.834109939673186,12.000000000000004,-0.24518894937417032,0.0,-0.49303611819379145,0.0,-11.354044163958735
spin_orbit_scale_14_production_3,spin_orbit_scale_14_production,spin_orbit_scale_14,production,0.0,1.0,0.9997417193515812,5.61586744638619,12.0,-0.24663731738097833,0.0,-0.32594848683703387,0.0,-11.354044165077578
spin_orbit_scale_14_production_4,spin_orbit_scale_14_production,spin_orbit_scale_14,production,0.0,1.5,0.9997417329150456,5.487312806333778,12.000000000000004,-0.24950001037071914,0.0,-0.23890221307952508,0.0,-11.354044166208594
spin_orbit_scale_14_production_5,spin_orbit_scale_14_production,spin_orbit_scale_14,production,0.0,2.0,0.9997417512526209,5.351984445554613,11.999999999999995,-0.2537239310055176,0.0,-0.2933507199621156,0.0,-11.354044167201224
vibronic_dev_baseline_0,vibronic_dev_baseline,vibronic_dev,baseline,0.0,0.0,0.9999999999999988,1.9999999985997,4.0,0.0,0.014619155255020633,-2.123660449234972e-18,0.0,-5.2974443476243405
vibronic_dev_baseline_1,vibronic_dev_baseline,vibronic_dev,baseline,0.0,0.2,0.9999944671717356,1.9881391213097146,4.0,0.0,0.017228106820868488,-0.11535909453751989,0.0,-5.297438572538761
vibronic_dev_baseline_2,vibronic_dev_baseline,vibronic_dev,baseline,0.0,0.4,0.9999875604705972,1.9562424661092506,4.0,0.0,0.024067877850083623,-0.19556708882110516,0.0,-5.297436864229381
vibronic_dev_baseline_3,vibronic_dev_baseline,vibronic_dev,baseline,0.0,0.6,0.9999783654558315,1.913472018914032,4.0,0.0,0.032776680550828705,-0.22318236225614227,0.0,-5.297442542898529
vibronic_dev_baseline_4,vibronic_dev_baseline,vibronic_dev,baseline,0.0,0.8,0.9999671267482151,1.8701152974864157,4.0,0.0,0.04101253898932288,-0.20410154192431718,0.0,-5.297453993485938
vibronic_dev_baseline_5,vibronic_dev_baseline,vibronic_dev,baseline,0.0,1.0,0.999955202144557,1.83346921615403,4.0,0.0,0.04756789730804368,-0.16050619181263417,0.0,-5.297466391558254
vibronic_dev_baseline_6,vibronic_dev_baseline,vibronic_dev,baseline,0.0,1.2,0.9999427770496935,1.805755256277886,4.0,0.0,0.05260477327078651,-0.11902339894351686,0.0,-5.2974733660912365
vibronic_dev_bond48_0,vibronic_dev_bond48,vibronic_dev,baseline,0.0,0.0,0.9999999999999998,1.9999999999541955,4.0,0.0,0.014766504213617842,-1.2791438873313846e-17,0.0,-5.297764145902723
vibronic_dev_bond48_1,vibronic_dev_bond48,vibronic_dev,baseline,0.0,0.2,0.9999999999495645,1.9881386561836814,4.000000000000001,0.0,0.01739533178893965,-0.11536266081305165,0.0,-5.297764145824047
vibronic_dev_bond48_2,vibronic_dev_bond48,vibronic_dev,baseline,0.0,0.4,0.999999999848606,1.9562428796967457,4.000000000000001,0.0,0.024301047660911342,-0.19555267953041228,0.0,-5.297764146106528
vibronic_dev_bond48_3,vibronic_dev_bond48,vibronic_dev,baseline,0.0,0.6,0.9999999996930148,1.9134836648139393,4.0,0.0,0.033154852214838985,-0.22308582672542052,0.0,-5.297764146257525
vibronic_dev_bond48_4,vibronic_dev_bond48,vibronic_dev,baseline,0.0,0.8,0.9999999989859243,1.8701653924944102,4.0,0.0,0.0416212270657848,-0.20383060654134227,0.0,-5.2977641474302235
vibronic_dev_bond48_5,vibronic_dev_bond48,vibronic_dev,baseline,0.0,1.0,0.9999999956709754,1.833594798848835,4.0,0.0,0.04844818070901107,-0.16006942110196387,0.0,-5.29776415395431
vibronic_dev_bond48_6,vibronic_dev_bond48,vibronic_dev,baseline,0.0,1.2,0.9999999901824518,1.8059658664376246,4.0,0.0,0.05374559717143578,-0.11867179961005657,0.0,-5.297764171430697
vibronic_dev_dense_grid_0,vibronic_dev_dense_grid,vibronic_dev,production,0.0,0.0,1.0000000000000002,1.9999999999999991,4.0,0.0,0.01476651180334055,0.0,0.0,-5.297764151847448
vibronic_dev_dense_grid_1,vibronic_dev_dense_grid,vibronic_dev,production,0.0,0.025,1.0000000000000009,1.9998095715400754,3.999999999999994,0.0,0.014808965784338551,-0.01522768453779234,0.0,-5.29776415184744
vibronic_dev_dense_grid_2,vibronic_dev_dense_grid,vibronic_dev,production,0.0,0.05,1.0000000000000002,1.999239274111265,3.999999999999997,0.0,0.014936059321725991,-0.03037639212774762,0.0,-5.297764151847448
vibronic_dev_dense_grid_3,vibronic_dev_dense_grid,vibronic_dev,production,0.0,0.075,1.0000000000000004,1.9982920627091811,3.9999999999999982,0.0,0.015146990154447763,-0.04536785360083249,0.0,-5.297764151847442
vibronic_dev_dense_grid_4,vibronic_dev_dense_grid,vibronic_dev,production,0.0,0.1,1.0000000000000022,1.9969728329221388,3.9999999999999925,0.0,0.015440430988156381,-0.06012520578436942,0.0,-5.297764151847435
vibronic_dev_dense_grid_5,vibronic_dev_dense_grid,vibronic_dev,production,0.0,0.125,1.0000000000000013,1.995288377241118,3.9999999999999956,0.0,0.01581454404928129,-0.07457367079650004,0.0,-5.297764151847442
vibronic_dev_dense_grid_6,vibronic_dev_dense_grid,vibronic_dev,production,0.0,0.15,1.0000000000000009,1.99324732471783,3.999999999999996,0.0,0.016267001149979636,-0.08864120744885898,0.0,-5.297764151847443
vibronic_dev_dense_grid_7,vibronic_dev_dense_grid,vibronic_dev,production,0.0,0.175,1.0000000000000009,1.9908600647745511,3.9999999999999982,0.0,0.016795008960943544,-0.10225912636436875,0.0,-5.2977641518474385
vibronic_dev_dense_grid_8,vibronic_dev_dense_grid,vibronic_dev,production,0.0,0.2,0.999999999999999,1.9881386561701297,4.0000000000000036,0.0,0.01739533911325956,-0.11536266115883329,0.0,-5.2977641518474545
vibronic_dev_dense_grid_9,vibronic_dev_dense_grid,vibronic_dev,production,0.0,0.225,1.0000000000000009,1.9850967223070901,3.999999999999999,0.0,0.018064362682441906,-0.12789148892201152,0.0,-5.297764151847439
vibronic_dev_dense_grid_10,vibronic_dev_dense_grid,vibronic_dev,production,0.0,0.25,0.9999999999999996,1.9817493342216472,4.000000000000004,0.0,0.01879808854868163,-0.13979019424134967,0.0,-5.297764151847446
vibronic_dev_dense_grid_11,vibronic_dev_dense_grid,vibronic_dev,production,0.0,0.275,1.0000000000000002,1.9781128827284045,3.9999999999999996,0.0,0.01959220507832196,-0.15100867211175853,0.0,-5.297764151847442
vibronic_dev_dense_grid_12,vibronic_dev_dense_grid,vibronic_dev,production,0.0,0.3,0.9999999999999997,1.9742049412939902,4.000000000000001,0.0,0.02044212453339342,-0.1615024662379625,0.0,-5.297764151847444
vibronic_dev_dense_grid_13,vibronic_dev_dense_grid,vibronic_dev,production,0.0,0.325,1.0000000000000009,1.9700441212858362,3.9999999999999982,0.0,0.02134302958923749,-0.17123304043101337,0.0,-5.297764151847435
vibronic_dev_dense_grid_14,vibronic_dev_dense_grid,vibronic_dev,production,0.0,0.35,0.9999999999999993,1.9656499212851437,4.000000000000005,0.0,0.022289921325075852,-0.1801679819966647,0.0,-5.297764151847448
vibronic_dev_dense_grid_15,vibronic_dev_dense_grid,vibronic_dev,production,0.0,0.375,1.0000000000000009,1.9610425721656648,3.9999999999999956,0.0,0.023277668048796107,-0.18828113718022382,0.0,-5.297764151847448
vibronic_dev_dense_grid_16,vibronic_dev_dense_grid,vibronic_dev,production,0.0,0.4,1.0000000000000013,1.9562428796246552,3.999999999999994,0.0,0.024301054324939723,-0.19555267984212876,0.0,-5.29776415184744
vibronic_dev_dense_grid_17,vibronic_dev_dense_grid,vibronic_dev,production,0.0,0.425,0.9999999999999993,1.9512720658095093,4.000000000000004,0.0,0.025354829593317932,-0.20196911556517058,0.0,-5.297764151847451
vibronic_dev_dense_grid_18,vibronic_dev_dense_grid,vibronic_dev,production,0.0,0.45,0.9999999999999998,1.9461516116172333,4.0000000000000036,0.0,0.026433755794077918,-0.20752322431593181,0.0,-5.2977641518474465
vibronic_dev_dense_grid_19,vibronic_dev_dense_grid,vibronic_dev,production,0.0,0.475,1.0,1.9409031011553708,3.9999999999999987,0.0,0.027532653452393335,-0.21221394558152668,0.0,-5.297764151847454
vibronic_dev_dense_grid_20,vibronic_dev_dense_grid,vibronic_dev,production,0.0,0.5,0.9999999999999978,1.9355480697463847,4.000000000000008,0.0,0.028646445721107763,-0.2160462105643612,0.0,-5.297764151847463
vibronic_dev_dense_grid_21,vibronic_dev_dense_grid,vibronic_dev,production,0.0,0.525,1.0,1.9301078567362695,4.0,0.0,0.02977019993133611,-0.21903072653353756,0.0,-5.297764151847447
vibronic_dev_dense_grid_22,vibronic_dev_dense_grid,vibronic_dev,production,0.0,0.55,0.9999999999999992,1.9246034642358598,4.000000000000007,0.0,0.03089916625784679,-0.22118371879743942,0.0,-5.297764151847447
vibronic_dev_dense_grid_23,vibronic_dev_dense_grid,vibronic_dev,production,0.0,0.575,1.0000000000000009,1.919055422783377,3.999999999999997,0.0,0.03202881316657931,-0.22252663597855027,0.0,-5.297764151847444
vibronic_dev_dense_grid_24,vibronic_dev_dense_grid,vibronic_dev,production,0.0,0.6,1.0000000000000009,1.9134836647740254,3.999999999999999,0.0,0.033154859374476875,-0.2230858243437579,0.0,-5.29776415184745
vibronic_dev_dense_grid_25,vibronic_dev_dense_grid,vibronic_dev,production,0.0,0.625,0.9999999999999994,1.9079074063585897,4.000000000000008,0.0,0.03427330211550632,-0.2228921768803261,0.0,-5.297764151847459
vibronic_dev_dense_grid_26,vibronic_dev_dense_grid,vibronic_dev,production,0.0,0.65,1.0000000000000009,1.902345038373292,4.000000000000001,0.0,0.03538044156997913,-0.22198076262221203,0.0,-5.297764151847448
vibronic_dev_dense_grid_27,vibronic_dev_dense_grid,vibronic_dev,production,0.0,0.675,1.000000000000002,1.8968140267286688,3.9999999999999982,0.0,0.03647290137581616,-0.22039044143906666,0.0,-5.297764151847444
vibronic_dev_dense_grid_28,vibronic_dev_dense_grid,vibronic_dev,production,0.0,0.7,1.0000000000000002,1.8913308225596568,4.0000000000000036,0.0,0.03754764519910133,-0.21816346911915008,0.0,-5.297764151847448
vibronic_dev_dense_grid_29,vibronic_dev_dense_grid,vibronic_dev,production,0.0,0.725,0.999999999999999,1.885910782323804,4.000000000000006,0.0,0.038601989396168324,-0.21534509712703487,0.0,-5.29776415184746
vibronic_dev_dense_grid_30,vibronic_dev_dense_grid,vibronic_dev,production,0.0,0.75,0.9999999999999993,1.8805680979311281,4.000000000000006,0.0,0.03963361184974253,-0.21198317091775917,0.0,-5.297764151847452
vibronic_dev_dense_grid_31,vibronic_dev_dense_grid,vibronic_dev,production,0.0,0.775,0.9999999999999994,1.8753157368986741,4.00000000000001,0.0,0.04064055710666585,-0.20812773016142974,0.0,-5.297764151847454
vibronic_dev_dense_grid_32,vibronic_dev_dense_grid,vibronic_dev,production,0.0,0.8,0.9999999999999994,1.8701653924456558,4.000000000000005,0.0,0.04162123798400618,-0.20383061369605113,0.0,-5.297764151847466
vibronic_dev_dense_grid_33,vibronic_dev_dense_grid,vibronic_dev,production,0.0,0.825,1.0000000000000007,1.865127443381266,4.000000000000002,0.0,0.042574433843588944,-0.19914507150011826,0.0,-5.297764151847449
vibronic_dev_dense_grid_34,vibronic_dev_dense_grid,vibronic_dev,production,0.0,0.85,1.0000000000000024,1.8602109235862978,3.999999999999994,0.0,0.043499285762063966,-0.19412538547701028,0.0,-5.297764151847435
vibronic_dev_dense_grid_35,vibronic_dev_dense_grid,vibronic_dev,production,0.0,0.875,1.000000000000001,1.8554235008506188,4.000000000000001,0.0,0.04439528884456298,-0.18882650038501145,0.0,-5.297764151847452
vibronic_dev_dense_grid_36,vibronic_dev_dense_grid,vibronic_dev,production,0.0,0.9,1.0000000000000022,1.850771464800556,3.9999999999999982,0.0,0.04526228194498839,-0.18330366584169416,0.0,-5.297764151847436
vibronic_dev_dense_grid_37,vibronic_dev_dense_grid,vibronic_dev,production,0.0,0.925,1.0000000000000024,1.8462597236313143,3.999999999999999,0.0,0.04610043506530413,-0.1776120899885006,0.0,-5.2977641518474385
vibronic_dev_dense_grid_38,vibronic_dev_dense_grid,vibronic_dev,production,0.0,0.95,1.0000000000000009,1.8418918093485506,4.000000000000006,0.0,0.04691023471026729,-0.17180660512665571,0.0,-5.297764151847451
vibronic_dev_dense_grid_39,vibronic_dev_dense_grid,vibronic_dev,production,0.0,0.975,1.000000000000002,1.8376698912180953,3.999999999999999,0.0,0.04769246747336038,-0.16594134543217587,0.0,-5.297764151847439
vibronic_dev_dense_grid_40,vibronic_dev_dense_grid,vibronic_dev,production,0.0,1.0,1.000000000000002,1.83359479712203,3.9999999999999964,0.0,0.04844820212478969,-0.1600694367257719,0.0,-5.2977641518474465
vibronic_dev_dense_grid_41,vibronic_dev_dense_grid,vibronic_dev,production,0.0,1.025,1.0000000000000022,1.829666042520654,3.9999999999999996,0.0,0.04917877046391298,-0.15424269821046807,0.0,-5.297764151847448
vibronic_dev_dense_grid_42,vibronic_dev_dense_grid,vibronic_dev,production,0.0,1.05,1.0000000000000013,1.8258818667223948,3.999999999999999,0.0,0.04988574718697396,-0.14851135609072505,0.0,-5.297764151847456
vibronic_dev_dense_grid_43,vibronic_dev_dense_grid,vibronic_dev,production,0.0,1.075,1.0000000000000027,1.8222392761650668,3.9999999999999947,0.0,0.05057092900715306,-0.14292376904476545,0.0,-5.297764151847439
vibronic_dev_dense_grid_44,vibronic_dev_dense_grid,vibronic_dev,production,0.0,1.1,1.0000000000000018,1.818734094411562,3.9999999999999956,0.0,0.05123631324831549,-0.1375261656279197,0.0,-5.2977641518474465
vibronic_dev_dense_grid_45,vibronic_dev_dense_grid,vibronic_dev,production,0.0,1.125,0.9999999999999992,1.8153610185590765,4.00000000000001,0.0,0.051884076117004685,-0.1323623938290786,0.0,-5.297764151847456
vibronic_dev_dense_grid_46,vibronic_dev_dense_grid,vibronic_dev,production,0.0,1.15,1.0000000000000013,1.812113681753665,3.9999999999999982,0.0,0.05251655083973064,-0.1274736831739408,0.0,-5.297764151847447
vibronic_dev_dense_grid_47,vibronic_dev_dense_grid,vibronic_dev,production,0.0,1.175,1.0000000000000022,1.8089847214895431,3.999999999999998,0.0,0.0531362058349024,-0.12289841995639045,0.0,-5.2977641518474305
vibronic_dev_dense_grid_48,vibronic_dev_dense_grid,vibronic_dev,production,0.0,1.2,1.0000000000000022,1.805965853355569,3.9999999999999964,0.0,0.05374562307126102,-0.11867193637177176,0.0,-5.297764151847445
vibronic_dev_final_tensor_0,vibronic_dev_final_tensor,vibronic_dev,production,0.0,0.0,0.9999999999999982,2.000000000000251,4.0,0.0,0.014766511566010483,2.0650001769647084e-20,0.0,-5.2977641517055
vibronic_dev_final_tensor_1,vibronic_dev_final_tensor,vibronic_dev,production,0.0,0.2,0.9999999999999623,1.9881386561714212,4.0,0.0,0.017395338891968364,-0.11536266114847449,0.0,-5.2977641517055005
vibronic_dev_final_tensor_2,vibronic_dev_final_tensor,vibronic_dev,production,0.0,0.4,0.9999999999999177,1.9562428796292957,4.0,0.0,0.024301054144861316,-0.19555267981652258,0.0,-5.297764151705509
vibronic_dev_final_tensor_3,vibronic_dev_final_tensor,vibronic_dev,production,0.0,0.6,0.9999999999999377,1.9134836647875122,4.0,0.0,0.03315485924977658,-0.223085824277254,0.0,-5.2977641517055085
vibronic_dev_final_tensor_4,vibronic_dev_final_tensor,vibronic_dev,production,0.0,0.8,0.9999999999999657,1.8701653924729171,4.0,0.0,0.04162123792434571,-0.20383061365619676,0.0,-5.297764151705519
vibronic_dev_final_tensor_5,vibronic_dev_final_tensor,vibronic_dev,production,0.0,1.0,0.9999999999999534,1.8335947971321822,4.000000000000001,0.0,0.04844820214634204,-0.1600694369823696,0.0,-5.297764151705522
vibronic_dev_final_tensor_6,vibronic_dev_final_tensor,vibronic_dev,production,0.0,1.2,0.9999999999999036,1.805965853280073,4.0,0.0,0.053745623200052696,-0.11867193690351337,0.0,-5.2977641517056036
vibronic_dev_legacy_0,vibronic_dev_legacy,vibronic_dev,legacy,0.0,0.0,0.9999999999999998,1.9999995151681353,4.0,0.0,0.0,8.04732235132259e-07,0.0,-5.741045349654837
vibronic_dev_legacy_1,vibronic_dev_legacy,vibronic_dev,legacy,0.0,0.2,0.9999999999999994,1.9534991886191573,4.0,0.0,0.0,-0.21223167559136208,0.0,-5.741045349654837
vibronic_dev_legacy_2,vibronic_dev_legacy,vibronic_dev,legacy,0.0,0.4,1.000000000000001,1.8555174671707073,4.0,0.0,0.0,-0.24419157571296424,0.0,-5.741045349654842
vibronic_dev_legacy_3,vibronic_dev_legacy,vibronic_dev,legacy,0.0,0.6,0.999999999999997,1.7759229849956628,4.0,0.0,0.0,-0.1481602268358597,0.0,-5.7410453496548355
vibronic_dev_legacy_4,vibronic_dev_legacy,vibronic_dev,legacy,0.0,0.8,0.9999999999999968,1.7279066262751408,4.0,0.0,0.0,-0.11550301067127765,0.0,-5.741045349654836
vibronic_dev_legacy_5,vibronic_dev_legacy,vibronic_dev,legacy,0.0,1.0,0.9999999999999971,1.6644697819518217,4.0,0.0,0.0,-0.21691450275448784,0.0,-5.741045349654839
vibronic_dev_legacy_6,vibronic_dev_legacy,vibronic_dev,legacy,0.0,1.2,0.9999999999999976,1.5560118737441793,4.0,0.0,0.0,-0.3054023518563481,0.0,-5.741045349654836
vibronic_dev_more_sweeps16_0,vibronic_dev_more_sweeps16,vibronic_dev,baseline,0.0,0.0,0.9999999999999996,2.0000000002595706,3.9999999999999996,0.0,0.014618790417741029,-1.122055106468022e-18,0.0,-5.297444407239326
vibronic_dev_more_sweeps16_1,vibronic_dev_more_sweeps16,vibronic_dev,baseline,0.0,0.2,0.99999452345939,1.9881392185001743,4.0,0.0,0.01722772812158378,-0.11535819260286408,0.0,-5.2974386826563915
vibronic_dev_more_sweeps16_2,vibronic_dev_more_sweeps16,vibronic_dev,baseline,0.0,0.4,0.9999876151326146,1.9562427887158689,4.0,0.0,0.024067281625202355,-0.19556585779063118,0.0,-5.297436988153549
vibronic_dev_more_sweeps16_3,vibronic_dev_more_sweeps16,vibronic_dev,baseline,0.0,0.6,0.9999783960902193,1.913472539239182,4.0,0.0,0.03277583739097416,-0.22318167493747282,0.0,-5.297442683444107
vibronic_dev_more_sweeps16_4,vibronic_dev_more_sweeps16,vibronic_dev,baseline,0.0,0.8,0.9999671539912053,1.870115840931455,4.0,0.0,0.04101180928209113,-0.20410196712754958,0.0,-5.29745414205221
vibronic_dev_more_sweeps16_5,vibronic_dev_more_sweeps16,vibronic_dev,baseline,0.0,1.0,0.9999552294872812,1.8334695711495876,4.0,0.0,0.04756786066576211,-0.16050755395859065,0.0,-5.297466544297769
vibronic_dev_more_sweeps16_6,vibronic_dev_more_sweeps16,vibronic_dev,baseline,0.0,1.2,0.9999428037055436,1.80575530043672,4.0,0.0,0.05260584302433754,-0.11902502540564595,0.0,-5.297473526255057
vibronic_dev_production_0,vibronic_dev_production,vibronic_dev,production,0.0,0.0,1.0000000000000002,1.9999999999999991,4.0,0.0,0.01476651180334055,0.0,0.0,-5.297764151847448
vibronic_dev_production_1,vibronic_dev_production,vibronic_dev,production,0.0,0.2,0.9999999999999988,1.98813865617013,4.0000000000000036,0.0,0.017395339113259557,-0.11536266115883347,0.0,-5.297764151847454
vibronic_dev_production_2,vibronic_dev_production,vibronic_dev,production,0.0,0.4,1.0000000000000016,1.9562428796246558,3.9999999999999947,0.0,0.024301054324939717,-0.19555267984212896,0.0,-5.297764151847442
vibronic_dev_production_3,vibronic_dev_production,vibronic_dev,production,0.0,0.6,1.0000000000000004,1.9134836647740254,4.0,0.0,0.03315485937447687,-0.2230858243437578,0.0,-5.297764151847453
vibronic_dev_production_4,vibronic_dev_production,vibronic_dev,production,0.0,0.8,0.9999999999999989,1.8701653924456565,4.000000000000006,0.0,0.041621237984006146,-0.2038306136960509,0.0,-5.297764151847469
vibronic_dev_production_5,vibronic_dev_production,vibronic_dev,production,0.0,1.0,1.0000000000000009,1.8335947971220294,3.9999999999999964,0.0,0.048448202124789626,-0.16006943672577137,0.0,-5.2977641518474465
vibronic_dev_production_6,vibronic_dev_production,vibronic_dev,production,0.0,1.2,1.000000000000001,1.80596585335557,3.999999999999999,0.0,0.05374562307126098,-0.11867193637177122,0.0,-5.2977641518474465
vibronic_dev_refined_0,vibronic_dev_refined,vibronic_dev,refined,0.0,0.0,1.0000000000000002,1.9999999999999991,4.0,0.0,0.01476651180334055,0.0,0.0,-5.297764151847448
vibronic_dev_refined_1,vibronic_dev_refined,vibronic_dev,refined,0.0,0.2,0.9999999999999988,1.98813865617013,4.0000000000000036,0.0,0.017395339113259557,-0.11536266115883347,0.0,-5.297764151847454
vibronic_dev_refined_2,vibronic_dev_refined,vibronic_dev,refined,0.0,0.4,1.0000000000000016,1.9562428796246558,3.9999999999999947,0.0,0.024301054324939717,-0.19555267984212896,0.0,-5.297764151847442
vibronic_dev_refined_3,vibronic_dev_refined,vibronic_dev,refined,0.0,0.6,1.0000000000000004,1.9134836647740254,4.0,0.0,0.03315485937447687,-0.2230858243437578,0.0,-5.297764151847453
vibronic_dev_refined_4,vibronic_dev_refined,vibronic_dev,refined,0.0,0.8,0.9999999999999989,1.8701653924456565,4.000000000000006,0.0,0.041621237984006146,-0.2038306136960509,0.0,-5.297764151847469
vibronic_dev_refined_5,vibronic_dev_refined,vibronic_dev,refined,0.0,1.0,1.0000000000000009,1.8335947971220294,3.9999999999999964,0.0,0.048448202124789626,-0.16006943672577137,0.0,-5.2977641518474465
vibronic_dev_refined_6,vibronic_dev_refined,vibronic_dev,refined,0.0,1.2,1.000000000000001,1.80596585335557,3.999999999999999,0.0,0.05374562307126098,-0.11867193637177122,0.0,-5.2977641518474465
vibronic_dev_smallstep16_0,vibronic_dev_smallstep16,vibronic_dev,baseline,0.0,0.0,1.0000000000000004,1.9999999985997003,4.0,0.0,0.01461915525501368,5.794515361614798e-18,0.0,-5.297444347624336
vibronic_dev_smallstep16_1,vibronic_dev_smallstep16,vibronic_dev,baseline,0.0,0.2,0.9999984038263877,1.9881391490117806,4.0,0.0,0.017231685840948537,-0.11535904568586873,0.0,-5.29744274311793
vibronic_dev_smallstep16_2,vibronic_dev_smallstep16,vibronic_dev,baseline,0.0,0.4,0.999996384965142,1.9562427802887923,4.0,0.0,0.024074398257951452,-0.19556775279779545,0.0,-5.297442353665312
vibronic_dev_smallstep16_3,vibronic_dev_smallstep16,vibronic_dev,baseline,0.0,0.6,0.9999937315336671,1.9134730799541795,4.000000000000001,0.0,0.03278539124835598,-0.22318708546219437,0.0,-5.297444049447593
vibronic_dev_smallstep16_4,vibronic_dev_smallstep16,vibronic_dev,baseline,0.0,0.8,0.9999904805064165,1.8701166768874373,4.0,0.0,0.04102212136283109,-0.20411627666399854,0.0,-5.2974473390404855
vibronic_dev_smallstep16_5,vibronic_dev_smallstep16,vibronic_dev,baseline,0.0,1.0,0.9999870210806563,1.8334682740355601,4.0,0.0,0.047576095843113494,-0.16053488202400215,0.0,-5.297450892177719
vibronic_dev_smallstep16_6,vibronic_dev_smallstep16,vibronic_dev,baseline,0.0,1.2,0.9999833906412183,1.8057473334767344,4.0,0.0,0.052609335675021254,-0.1190637757641438,0.0,-5.2974530214353095
vibronic_dev_specialized_0,vibronic_dev_specialized,vibronic_dev,production,0.0,0.0,1.0000000000000004,2.000000000000273,4.000000000000001,0.0,0.014766511456913945,-1.5298273009187384e-18,0.0,-5.297764151645206
vibronic_dev_specialized_1,vibronic_dev_specialized,vibronic_dev,production,0.0,0.2,0.9999999999987705,1.988138656173535,4.0,0.0,0.01739533876487242,-0.11536266113482574,0.0,-5.297764151643372
vibronic_dev_specialized_2,vibronic_dev_specialized,vibronic_dev,production,0.0,0.4,0.9999999999966398,1.9562428796319706,4.000000000000001,0.0,0.024301053983011356,-0.19555267984160887,0.0,-5.297764151642762
vibronic_dev_specialized_3,vibronic_dev_specialized,vibronic_dev,production,0.0,0.6,0.9999999999927344,1.9134836647907698,3.999999999999999,0.0,0.033154859032094364,-0.22308582418736836,0.0,-5.297764151645682
vibronic_dev_specialized_4,vibronic_dev_specialized,vibronic_dev,production,0.0,0.8,0.9999999999542442,1.8701653925724038,4.0,0.0,0.041621237524368075,-0.20383061216426754,0.0,-5.297764151573808
vibronic_dev_specialized_5,vibronic_dev_specialized,vibronic_dev,production,0.0,1.0,0.9999999998486749,1.8335947979513254,4.000000000000001,0.0,0.048448201661048476,-0.1600694319088092,0.0,-5.2977641517107275
vibronic_dev_specialized_6,vibronic_dev_specialized,vibronic_dev,production,0.0,1.2,0.9999999995356654,1.8059658554125448,4.0,0.0,0.053745622536383576,-0.11867192679503696,0.0,-5.297764152478542
vibronic_dev_tensor160_0,vibronic_dev_tensor160,vibronic_dev,production,0.0,0.0,0.9999999999999994,1.9999999999366609,3.999999999999999,0.0,0.01476651060953466,-1.9127364839811296e-15,0.0,-5.29776415105758
vibronic_dev_tensor160_1,vibronic_dev_tensor160,vibronic_dev,production,0.0,0.2,0.9999999999999974,1.9881386561335885,4.0,0.0,0.0173953378873739,-0.11536266097016884,0.0,-5.29776415105759
vibronic_dev_tensor160_2,vibronic_dev_tensor160,vibronic_dev,production,0.0,0.4,0.9999999999999638,1.9562428795912488,4.000000000000001,0.0,0.024301053117270266,-0.19555268010025728,0.0,-5.297764151057594
vibronic_dev_tensor160_3,vibronic_dev_tensor160,vibronic_dev,production,0.0,0.6,0.9999999999999696,1.9134836646244602,3.9999999999999987,0.0,0.03315485843354447,-0.22308582517529596,0.0,-5.297764151057601
vibronic_dev_tensor160_4,vibronic_dev_tensor160,vibronic_dev,production,0.0,0.8,0.9999999999999575,1.8701653921371977,3.9999999999999996,0.0,0.04162123760217416,-0.20383061429047758,0.0,-5.297764151057614
vibronic_dev_tensor160_5,vibronic_dev_tensor160,vibronic_dev,production,0.0,1.0,0.999999999999925,1.8335947967651107,3.999999999999999,0.0,0.04844820244313915,-0.16006943668386883,0.0,-5.29776415105763
vibronic_dev_tensor160_6,vibronic_dev_tensor160,vibronic_dev,production,0.0,1.2,0.999999999999898,1.8059658529799667,4.0,0.0,0.05374562404917256,-0.11867193687763801,0.0,-5.29776415105765
vibronic_scale_10_levels4_baseline_0,vibronic_scale_10_levels4_baseline,vibronic_scale_10_levels4,baseline,0.0,0,0.9999999999999992,4.999999943427108,10.000000000000002,0.0,0.003562243361426663,7.792717008788921e-20,0.0,-13.666084111975422
vibronic_scale_10_levels4_baseline_1,vibronic_scale_10_levels4_baseline,vibronic_scale_10_levels4,baseline,0.0,0.25,0.9990742591491613,4.9760978789388695,10.000000000000005,0.0,0.005064969626517731,-0.1845581975145087,0.0,-13.666080210463106
vibronic_scale_10_levels4_baseline_2,vibronic_scale_10_levels4_baseline,vibronic_scale_10_levels4,baseline,0.0,0.5,0.9982088879304697,4.91366548778862,9.999999999999996,0.0,0.009404009322711628,-0.29947789059857105,0.0,-13.66587493178326
vibronic_scale_10_levels4_baseline_3,vibronic_scale_10_levels4_baseline,vibronic_scale_10_levels4,baseline,0.0,1.0,0.996189905578994,4.759083735796089,10.000000000000002,0.0,0.021038892854543863,-0.2737279327560927,0.0,-13.66564165269721
vibronic_scale_10_levels4_baseline_4,vibronic_scale_10_levels4_baseline,vibronic_scale_10_levels4,baseline,0.0,1.5,0.9941331209984166,4.655958074735493,10.0,0.0,0.03336226224017864,-0.14824296865739436,0.0,-13.665561336613923
vibronic_scale_10_levels4_baseline_5,vibronic_scale_10_levels4_baseline,vibronic_scale_10_levels4,baseline,0.0,2.0,0.9918306603087166,4.59067479458023,9.999999999999998,0.0,0.052175825719723304,-0.13568891842213984,0.0,-13.665480613708372
vibronic_scale_10_levels4_fast96_0,vibronic_scale_10_levels4_fast96,vibronic_scale_10_levels4,production,0.0,0,1.000000000000002,5.000038345115517,10.000000000000002,-1.6357043196385334e-24,0.024453590612122926,9.188662771924577e-23,0.0,-13.780819194791457
vibronic_scale_10_levels4_fast96_1,vibronic_scale_10_levels4_fast96,vibronic_scale_10_levels4,production,0.0,0.25,0.9999999709786122,4.976383613765276,10.000000000000002,-6.902744645267261e-23,0.030930483647405617,-0.18260461689477936,0.0,-13.780819181165464
vibronic_scale_10_levels4_fast96_2,vibronic_scale_10_levels4_fast96,vibronic_scale_10_levels4,production,0.0,0.5,0.9999999297879496,4.9146277140532435,10.0,-1.7440375948860643e-24,0.04649506470513667,-0.2962321495318776,0.0,-13.780819210845479
vibronic_scale_10_levels4_fast96_3,vibronic_scale_10_levels4_fast96,vibronic_scale_10_levels4,production,0.0,1.0,0.9999996518942509,4.761723237452795,10.000000000000002,-4.011840717951807e-21,0.07518239602249194,-0.27043858356834116,0.0,-13.780819654194396
vibronic_scale_10_levels4_fast96_4,vibronic_scale_10_levels4_fast96,vibronic_scale_10_levels4,production,0.0,1.5,0.9999985012564733,4.659655253120044,10.000000000000004,1.0027536168670374e-21,0.09017016114563291,-0.1486453742080961,0.0,-13.780821936022974
vibronic_scale_10_levels4_fast96_5,vibronic_scale_10_levels4_fast96,vibronic_scale_10_levels4,production,0.0,2.0,0.9999950746258739,4.591273171584018,9.999999999999996,1.1573210659170706e-22,0.11539080265636971,-0.14550272402329556,0.0,-13.780830425404249
vibronic_scale_10_levels4_pilot_0,vibronic_scale_10_levels4_pilot,vibronic_scale_10_levels4,production,0.0,0,1.000000000000002,5.0000383445664704,9.999999999999995,7.06156161798548e-25,0.024453573589576894,-2.0543032047458642e-22,0.0,-13.78081918943619
vibronic_scale_10_levels4_pilot_1,vibronic_scale_10_levels4_pilot,vibronic_scale_10_levels4,production,0.0,0.25,0.9999999709807702,4.9763836133983705,9.999999999999998,4.853316621168506e-25,0.030930465974716475,-0.1826046162196174,0.0,-13.780819175821295
vibronic_scale_10_levels4_pilot_2,vibronic_scale_10_levels4_pilot,vibronic_scale_10_levels4,production,0.0,0.5,0.9999999297895381,4.914627713329997,10.000000000000002,3.1002649595386186e-22,0.046495046086264584,-0.2962321537830524,0.0,-13.780819205512167
vibronic_scale_10_levels4_pilot_3,vibronic_scale_10_levels4_pilot,vibronic_scale_10_levels4,production,0.0,1.0,0.9999996519135068,4.761723233896588,10.0,-3.579979558520213e-22,0.0751823901473422,-0.2704385844871566,0.0,-13.78081964880428
vibronic_scale_10_levels4_pilot_4,vibronic_scale_10_levels4_pilot,vibronic_scale_10_levels4,production,0.0,1.5,0.9999985013445879,4.659655251057492,9.999999999999998,5.4106280206075926e-20,0.09017019322892093,-0.14864537561319538,0.0,-13.780821930600995
vibronic_scale_10_levels4_pilot_5,vibronic_scale_10_levels4_pilot,vibronic_scale_10_levels4,production,0.0,2.0,0.9999950747806613,4.59127316398155,9.999999999999995,-3.0268825276877127e-21,0.11539086371321745,-0.1455027389324481,0.0,-13.780830419634656
vibronic_scale_10_levels4_production_0,vibronic_scale_10_levels4_production,vibronic_scale_10_levels4,production,0.0,0,1.0000000000000004,5.000000037984802,10.0,7.111563727275596e-24,0.024453015694514735,-9.008195394049434e-19,0.0,-13.781001468718886
vibronic_scale_10_levels4_production_1,vibronic_scale_10_levels4_production,vibronic_scale_10_levels4,production,0.0,0.25,0.999999939364372,4.976344436000793,9.999999999999996,6.548063311464842e-24,0.030929806491847577,-0.18260907067144697,0.0,-13.781001451540803
vibronic_scale_10_levels4_production_2,vibronic_scale_10_levels4_production,vibronic_scale_10_levels4,production,0.0,0.5,0.9999998603606137,4.914589213063965,9.999999999999995,1.437730901479282e-22,0.04649388481472872,-0.29621777597317683,0.0,-13.781001516336696
vibronic_scale_10_levels4_production_3,vibronic_scale_10_levels4_production,vibronic_scale_10_levels4,production,0.0,1.0,0.9999994064423071,4.761710105309242,10.000000000000002,2.1685325983917995e-23,0.0751773181605846,-0.2703567424069403,0.0,-13.781002147466083
vibronic_scale_10_levels4_production_4,vibronic_scale_10_levels4_production,vibronic_scale_10_levels4,production,0.0,1.5,0.9999974777642296,4.65967094667894,9.999999999999996,-4.2324688162136026e-20,0.09015662598843951,-0.1486507372178675,0.0,-13.78100595955289
vibronic_scale_10_levels4_production_5,vibronic_scale_10_levels4_production,vibronic_scale_10_levels4,production,0.0,2.0,0.9999925018517763,4.5912333863507975,9.999999999999998,-4.478441651031695e-21,0.11536400317385402,-0.1457143002244961,0.0,-13.781016781469052
vibronic_scale_10_levels4_warmup_0,vibronic_scale_10_levels4_warmup,vibronic_scale_10_levels4,production,0.0,0,1.0000000000000018,5.000038344566466,9.999999999999996,1.3965534673449856e-24,0.024453573589577126,6.925477820647365e-24,0.0,-13.780819189436201
vibronic_scale_10_levels4_warmup_1,vibronic_scale_10_levels4_warmup,vibronic_scale_10_levels4,production,0.0,0.25,0.9999999709808046,4.976383613398368,9.999999999999998,-3.4982409364434723e-25,0.030930465974716787,-0.18260461621962046,0.0,-13.780819175821296
vibronic_scale_10_levels4_warmup_2,vibronic_scale_10_levels4_warmup,vibronic_scale_10_levels4,production,0.0,0.5,0.9999999297895907,4.914627713329991,10.000000000000004,-2.5904061002368168e-23,0.046495046086264126,-0.2962321537830541,0.0,-13.780819205512168
vibronic_scale_10_levels4_warmup_3,vibronic_scale_10_levels4_warmup,vibronic_scale_10_levels4,production,0.0,1.0,0.999999651913548,4.761723233896588,10.000000000000007,2.5826499560592713e-22,0.07518239014733727,-0.2704385844871565,0.0,-13.780819648804286
vibronic_scale_10_levels4_warmup_4,vibronic_scale_10_levels4_warmup,vibronic_scale_10_levels4,production,0.0,1.5,0.9999985013445536,4.659655251057521,10.000000000000004,-3.36241199748094e-23,0.09017019322906264,-0.14864537561315888,0.0,-13.780821930600982
vibronic_scale_10_levels4_warmup_5,vibronic_scale_10_levels4_warmup,vibronic_scale_10_levels4,production,0.0,2.0,0.9999950747805287,4.5912731639817155,10.000000000000002,1.829694107981332e-21,0.11539086371375983,-0.14550273893236465,0.0,-13.780830419635096
vibronic_scale_6_levels3_final_tensor_0,vibronic_scale_6_levels3_final_tensor,vibronic_scale_6_levels3,production,0.0,0,0.9999999999999999,3.00000000003696,5.999999999999999,0.0,0.023195490703241912,-2.2224985964874793e-22,0.0,-8.14388584654552
vibronic_scale_6_levels3_final_tensor_1,vibronic_scale_6_levels3_final_tensor,vibronic_scale_6_levels3,production,0.0,0.2,0.9999999999616904,2.983711038178486,6.000000000000001,0.0,0.027270787779630302,-0.15921306381675013,0.0,-8.143885846524133
vibronic_scale_6_levels3_final_tensor_2,vibronic_scale_6_levels3_final_tensor,vibronic_scale_6_levels3,production,0.0,0.4,0.9999999998926943,2.939040785516739,5.999999999999997,0.0,0.0379191333794005,-0.2781929540314745,0.0,-8.143885846788388
vibronic_scale_6_levels3_final_tensor_3,vibronic_scale_6_levels3_final_tensor,vibronic_scale_6_levels3,production,0.0,0.8,0.999999999319009,2.809220606396454,6.000000000000002,5.160154027215911e-23,0.06390101234947183,-0.3307590359179455,0.0,-8.143885847414342
vibronic_scale_6_levels3_final_tensor_4,vibronic_scale_6_levels3_final_tensor,vibronic_scale_6_levels3,production,0.0,1.2,0.9999999958091624,2.6960740585966625,5.999999999999997,-2.8234284303072175e-22,0.08066043096423048,-0.2242047410051717,0.0,-8.143885856254263
vibronic_scale_6_levels3_general_0,vibronic_scale_6_levels3_general,vibronic_scale_6_levels3,production,0.0,0,1.0000000000000013,2.9999999999835927,5.999999999999998,0.0,0.02319549070590552,-6.617397568769899e-24,0.0,-8.143885846584334
vibronic_scale_6_levels3_production_0,vibronic_scale_6_levels3_production,vibronic_scale_6_levels3,production,0.0,0,1.0,3.0000000000000058,6.000000000000005,0.0,0.023195492779314528,0.0,0.0,-8.143885847952404
vibronic_scale_6_levels3_production_1,vibronic_scale_6_levels3_production,vibronic_scale_6_levels3,production,0.0,0.2,0.999999999999965,2.9837110381328285,6.000000000000221,0.0,0.027270789902787803,-0.1592130638478982,0.0,-8.143885847952452
vibronic_scale_6_levels3_production_2,vibronic_scale_6_levels3_production,vibronic_scale_6_levels3,production,0.0,0.4,0.9999999999999688,2.9390407854589498,6.000000000000201,0.0,0.037919135587974814,-0.27819295412490536,0.0,-8.143885847952467
vibronic_scale_6_levels3_production_3,vibronic_scale_6_levels3_production,vibronic_scale_6_levels3,production,0.0,0.8,0.9999999999999747,2.8092206060172815,6.000000000000163,0.0,0.06390101755844468,-0.33075903872738993,0.0,-8.14388584795256
vibronic_scale_6_levels3_production_4,vibronic_scale_6_levels3_production,vibronic_scale_6_levels3,production,0.0,1.2,0.9999999999999856,2.696074052832251,6.000000000000115,0.0,0.0806604452198269,-0.22420478585886097,0.0,-8.143885847952504
vibronic_scale_6_levels3_refined_0,vibronic_scale_6_levels3_refined,vibronic_scale_6_levels3,refined,0.0,0,1.0000000000000007,3.0000000000000773,5.999999999999997,0.0,0.023195492724699052,1.9182492388720243e-20,0.0,-8.143885847916417
vibronic_scale_6_levels3_refined_1,vibronic_scale_6_levels3_refined,vibronic_scale_6_levels3,refined,0.0,0.2,0.9999999999996984,2.9837110381329603,6.000000000000003,0.0,0.027270789849158344,-0.15921306384774217,0.0,-8.143885847916323
vibronic_scale_6_levels3_refined_2,vibronic_scale_6_levels3_refined,vibronic_scale_6_levels3,refined,0.0,0.4,0.9999999999992736,2.939040785458904,5.999999999999997,0.0,0.03791913553767362,-0.2781929541270442,0.0,-8.143885847917243
vibronic_scale_6_levels3_refined_3,vibronic_scale_6_levels3_refined,vibronic_scale_6_levels3,refined,0.0,0.8,0.9999999999899557,2.8092206060383464,6.000000000000001,0.0,0.06390101749664447,-0.330759038534777,0.0,-8.14388584793469
vibronic_scale_6_levels3_refined_4,vibronic_scale_6_levels3_refined,vibronic_scale_6_levels3,refined,0.0,1.2,0.9999999998941875,2.69607405287966,6.000000000000002,0.0,0.08066044507832794,-0.22420478595229254,0.0,-8.143885848226516
vibronic_scale_6_levels3_refined_warmup_0,vibronic_scale_6_levels3_refined_warmup,vibronic_scale_6_levels3,refined,0.0,0,0.9999999999999999,3.0000000000020592,6.000000000000001,0.0,0.02319527065724481,5.333070898125515e-20,0.0,-8.143884946196815
vibronic_scale_6_levels3_refined_warmup_1,vibronic_scale_6_levels3_refined_warmup,vibronic_scale_6_levels3,refined,0.0,0.2,0.9999999999998203,2.9837110593742344,6.000000000000003,0.0,0.0272705608388428,-0.1592128524323004,0.0,-8.143884946196744
vibronic_scale_6_levels3_refined_warmup_2,vibronic_scale_6_levels3_refined_warmup,vibronic_scale_6_levels3,refined,0.0,0.4,0.9999999999994502,2.9390408700055835,6.000000000000001,-9.909666528745035e-37,0.037918886923275344,-0.2781925301173497,0.0,-8.143884946197362
vibronic_scale_6_levels3_refined_warmup_3,vibronic_scale_6_levels3_refined_warmup,vibronic_scale_6_levels3,refined,0.0,0.8,0.9999999999919378,2.809220957180984,6.000000000000001,6.0128748715024895e-37,0.06390070111582762,-0.3307581246850706,0.0,-8.143884946211015
vibronic_scale_6_levels3_refined_warmup_4,vibronic_scale_6_levels3_refined_warmup,vibronic_scale_6_levels3,refined,0.0,1.2,0.9999999999174918,2.696074822220508,6.0,3.403652655776516e-53,0.08065999652136263,-0.22420374122524078,0.0,-8.143884946441531
vibronic_scale_6_levels3_variance_0,vibronic_scale_6_levels3_variance,vibronic_scale_6_levels3,production,0.0,0,1.0000000000000013,2.9999999999999605,6.0,0.0,0.023195268679913592,2.0851620580179054e-20,0.0,-8.143884945181833
vibronic_scale_6_levels3_warmup_0,vibronic_scale_6_levels3_warmup,vibronic_scale_6_levels3,production,0.0,0,1.0000000000000002,2.9999999999999587,6.0,0.0,0.023195268679902414,1.36567002164097e-20,0.0,-8.143884945181833
vibronic_scale_6_levels3_warmup_1,vibronic_scale_6_levels3_warmup,vibronic_scale_6_levels3,production,0.0,0.2,0.9999999999683258,2.9837110592779643,5.999999999999999,0.0,0.0272705589640622,-0.15921285318564837,0.0,-8.143884945161252
vibronic_scale_6_levels3_warmup_2,vibronic_scale_6_levels3_warmup,vibronic_scale_6_levels3,production,0.0,0.4,0.9999999999117555,2.93904086986063,6.000000000000002,0.0,0.03791888522063262,-0.2781925294545405,0.0,-8.143884945362121
vibronic_scale_6_levels3_warmup_3,vibronic_scale_6_levels3_warmup,vibronic_scale_6_levels3,production,0.0,0.8,0.9999999994652267,2.8092209584479697,5.999999999999999,0.0,0.06390069664363782,-0.3307581182638255,0.0,-8.143884945860073
vibronic_scale_6_levels3_warmup_4,vibronic_scale_6_levels3_warmup,vibronic_scale_6_levels3,production,0.0,1.2,0.9999999966175883,2.6960748273363206,6.0,0.0,0.08065998265879729,-0.22420371313924856,0.0,-8.14388495414307
vibronic_scale_6_levels3_wide_start_0,vibronic_scale_6_levels3_wide_start,vibronic_scale_6_levels3,production,0.0,0,1.000000000000002,3.00000000003696,6.0,0.0,0.023195490703249527,-1.9190670917555636e-22,0.0,-8.143885846545508
vibronic_scale_6_levels4_baseline_0,vibronic_scale_6_levels4_baseline,vibronic_scale_6_levels4,baseline,0.0,0,1.0000000000000009,3.0000086944953073,5.999999999999998,0.0,0.016861171206125843,3.6870861354408845e-19,0.0,-8.111036387240004
vibronic_scale_6_levels4_baseline_1,vibronic_scale_6_levels4_baseline,vibronic_scale_6_levels4,baseline,0.0,0.25,0.999500421951538,2.9748976766630477,6.000000000000001,0.0,0.022166721787032134,-0.19396429821354252,0.0,-8.11094349198976
vibronic_scale_6_levels4_baseline_2,vibronic_scale_6_levels4_baseline,vibronic_scale_6_levels4,baseline,0.0,0.5,0.9989396071728498,2.909115447152419,6.0000000000000036,0.0,0.03562126833245257,-0.3165730313270038,0.0,-8.110874034704914
vibronic_scale_6_levels4_baseline_3,vibronic_scale_6_levels4_baseline,vibronic_scale_6_levels4,baseline,0.0,1.0,0.9973062662697759,2.744697756394442,6.000000000000003,0.0,0.0596866165856744,-0.29090263839243974,0.0,-8.111207783214471
vibronic_scale_6_levels4_baseline_4,vibronic_scale_6_levels4_baseline,vibronic_scale_6_levels4,baseline,0.0,1.5,0.9957582380572388,2.6377107305284984,5.999999999999999,0.0,0.07033158525058075,-0.14556473875597992,0.0,-8.111154317771552
vibronic_scale_6_levels4_baseline_5,vibronic_scale_6_levels4_baseline,vibronic_scale_6_levels4,baseline,0.0,2.0,0.993986998836222,2.5808371971106343,5.999999999999996,0.0,0.09984171570450248,-0.10244976757256931,0.0,-8.111236203216093
vibronic_scale_6_levels4_exact_0,vibronic_scale_6_levels4_exact,vibronic_scale_6_levels4,production,0.0,0,1.0000000000000002,3.000000000000098,5.999999999999864,0.0,0.023311593426546134,0.0,0.0,-8.14399851397666
vibronic_scale_6_levels4_exact_1,vibronic_scale_6_levels4_exact,vibronic_scale_6_levels4,production,0.0,0.25,0.9999999999998682,2.974868862699323,6.00000000000068,0.0,0.02956231258607236,-0.19400356429263896,0.0,-8.143998513976866
vibronic_scale_6_levels4_exact_2,vibronic_scale_6_levels4_exact,vibronic_scale_6_levels4,production,0.0,0.5,0.9999999999998344,2.909260778993689,6.000000000000966,0.0,0.04470198226342899,-0.3146763854140375,0.0,-8.143998513977118
vibronic_scale_6_levels4_exact_3,vibronic_scale_6_levels4_exact,vibronic_scale_6_levels4,production,0.0,1.0,0.9999999999998386,2.7471183252721127,6.0000000000010365,0.0,0.07386024048175228,-0.28552084393792543,0.0,-8.143998513977875
vibronic_scale_6_levels4_exact_4,vibronic_scale_6_levels4_exact,vibronic_scale_6_levels4,production,0.0,1.5,0.9999999999998864,2.6412062577269855,6.000000000000816,0.0,0.09189164064099595,-0.14829400855719468,0.0,-8.14399851397769
vibronic_scale_6_levels4_exact_5,vibronic_scale_6_levels4_exact,vibronic_scale_6_levels4,production,0.0,2.0,0.9999999999999541,2.576679682881331,6.0000000000004725,0.0,0.12314969980775164,-0.13152594482368,0.0,-8.14399851397727
vibronic_scale_6_levels4_fast64_0,vibronic_scale_6_levels4_fast64,vibronic_scale_6_levels4,production,0.0,0,1.0000000000000004,2.9999999999929665,6.000000000000001,0.0,0.023312356983404087,1.224296981717116e-18,0.0,-8.143974398503717
vibronic_scale_6_levels4_fast64_1,vibronic_scale_6_levels4_fast64,vibronic_scale_6_levels4,production,0.0,0.25,0.9999999889828194,2.9748692831725028,5.999999999999998,0.0,0.029563184501191324,-0.1940010918287141,0.0,-8.143974390974478
vibronic_scale_6_levels4_fast64_2,vibronic_scale_6_levels4_fast64,vibronic_scale_6_levels4,production,0.0,0.5,0.9999999711374921,2.909261301034784,6.000000000000002,-1.4052182178126501e-34,0.04470323471996705,-0.3146796337009255,0.0,-8.14397440048807
vibronic_scale_6_levels4_fast64_3,vibronic_scale_6_levels4_fast64,vibronic_scale_6_levels4,production,0.0,1.0,0.9999998418886912,2.74711050434385,6.000000000000003,2.383531399113696e-36,0.0738624605642126,-0.2855509149782903,0.0,-8.143974639558861
vibronic_scale_6_levels4_fast64_4,vibronic_scale_6_levels4_fast64,vibronic_scale_6_levels4,production,0.0,1.5,0.9999991070130454,2.6411833277636387,6.0,4.351915229793723e-35,0.09189301902650568,-0.14831117822544979,0.0,-8.143976060045057
vibronic_scale_6_levels4_fast64_5,vibronic_scale_6_levels4_fast64,vibronic_scale_6_levels4,production,0.0,2.0,0.9999963013299844,2.576666947342931,6.000000000000002,3.6254488503588096e-36,0.12314823723781351,-0.13145973953976448,0.0,-8.143982608905917
vibronic_scale_6_levels4_fast96_0,vibronic_scale_6_levels4_fast96,vibronic_scale_6_levels4,production,0.0,0,1.0000000000000002,3.000000000058521,6.000000000000004,0.0,0.02331282788562907,4.109598720015339e-20,0.0,-8.143974784625804
vibronic_scale_6_levels4_fast96_1,vibronic_scale_6_levels4_fast96,vibronic_scale_6_levels4,production,0.0,0.25,0.9999999994215137,2.974869280393818,6.000000000000002,0.0,0.029563687366234864,-0.19400107861940738,0.0,-8.143974784286119
vibronic_scale_6_levels4_fast96_2,vibronic_scale_6_levels4_fast96,vibronic_scale_6_levels4,production,0.0,0.5,0.9999999984531344,2.9092613184564837,5.999999999999998,9.85923199634002e-30,0.04470380845457672,-0.3146795302988998,0.0,-8.143974785559365
vibronic_scale_6_levels4_fast96_3,vibronic_scale_6_levels4_fast96,vibronic_scale_6_levels4,production,0.0,1.0,0.9999999826379387,2.7471105088878187,5.9999999999999964,0.0,0.07386378422712295,-0.2855511119170349,0.0,-8.143974816058185
vibronic_scale_6_levels4_fast96_4,vibronic_scale_6_levels4_fast96,vibronic_scale_6_levels4,production,0.0,1.5,0.999999882778482,2.641183562756892,6.0000000000000036,-1.6329672441377105e-26,0.09189705022669116,-0.14831094370407344,0.0,-8.143975048847272
vibronic_scale_6_levels4_fast96_5,vibronic_scale_6_levels4_fast96,vibronic_scale_6_levels4,production,0.0,2.0,0.9999994938350426,2.576664287188157,5.999999999999997,0.0,0.12315575404211443,-0.13147456964701407,0.0,-8.143976224991029
vibronic_scale_6_levels4_pilot160_0,vibronic_scale_6_levels4_pilot160,vibronic_scale_6_levels4,production,0.0,0,1.0000000000000024,3.000000000697421,6.000000000000001,0.0,0.023312849465756128,-2.022891495835921e-18,0.0,-8.14397480127052
vibronic_scale_6_levels4_pilot160_1,vibronic_scale_6_levels4_pilot160,vibronic_scale_6_levels4,production,0.0,0.25,0.9999999999985701,2.974869280991899,6.0,0.0,0.0295637108442506,-0.19400107719207918,0.0,-8.143974801269929
vibronic_scale_6_levels4_pilot160_2,vibronic_scale_6_levels4_pilot160,vibronic_scale_6_levels4,production,0.0,0.5,0.9999999999945968,2.909261319599266,5.999999999999998,1.8535573946645464e-35,0.04470383552560714,-0.3146795273540524,0.0,-8.143974801282313
vibronic_scale_6_levels4_pilot160_3,vibronic_scale_6_levels4_pilot160,vibronic_scale_6_levels4,production,0.0,1.0,0.9999999999089721,2.7471104971979714,5.999999999999999,-1.2698052408330962e-35,0.07386387397167404,-0.2855512175913148,0.0,-8.14397480150011
vibronic_scale_6_levels4_pilot160_4,vibronic_scale_6_levels4_pilot160,vibronic_scale_6_levels4,production,0.0,1.5,0.9999999986973449,2.6411832960948263,5.999999999999996,-5.587166816692536e-40,0.09189706140605416,-0.14831224988845623,0.0,-8.1439748056863
vibronic_scale_6_levels4_pilot160_5,vibronic_scale_6_levels4_pilot160,vibronic_scale_6_levels4,production,0.0,2.0,0.9999999904721655,2.5766635181215083,6.000000000000005,-9.114087629230139e-36,0.12315723038732446,-0.13147443872934453,0.0,-8.14397483503014
vibronic_scale_6_levels4_production_0,vibronic_scale_6_levels4_production,vibronic_scale_6_levels4,production,0.0,0,1.000000000000002,2.9999999999807216,6.000000000000001,0.0,0.023311591257673462,-2.6278494026175202e-20,0.0,-8.143998512554061
vibronic_scale_6_levels4_production_1,vibronic_scale_6_levels4_production,vibronic_scale_6_levels4,production,0.0,0.25,0.9999999999546672,2.97486886268636,5.999999999999997,0.0,0.029562310368018836,-0.19400356431932297,0.0,-8.143998512562986
vibronic_scale_6_levels4_production_2,vibronic_scale_6_levels4_production,vibronic_scale_6_levels4,production,0.0,0.5,0.9999999998683701,2.9092607790083176,6.0,0.0,0.044701979853303576,-0.3146763850197154,0.0,-8.143998512811336
vibronic_scale_6_levels4_production_3,vibronic_scale_6_levels4_production,vibronic_scale_6_levels4,production,0.0,1.0,0.9999999980022632,2.7471183263638896,6.0000000000000036,-1.040919348512694e-28,0.07386022969262106,-0.2855208325770869,0.0,-8.143998516424084
vibronic_scale_6_levels4_production_4,vibronic_scale_6_levels4_production,vibronic_scale_6_levels4,production,0.0,1.5,0.9999999785425262,2.6412063007958597,6.000000000000003,0.0,0.09189158639891529,-0.1482937547978673,0.0,-8.143998571487495
vibronic_scale_6_levels4_production_5,vibronic_scale_6_levels4_production,vibronic_scale_6_levels4,production,0.0,2.0,0.9999998744386986,2.576679969762434,6.0,-1.3516486964933572e-21,0.12314907911055523,-0.1315256907927149,0.0,-8.14399888224747
vibronic_scale_6_levels4_warmup_0,vibronic_scale_6_levels4_warmup,vibronic_scale_6_levels4,production,0.0,0,1.0000000000000007,3.0000000000045306,6.000000000000001,0.0,0.02331284945659876,-3.3590240779242227e-20,0.0,-8.143974801553545
vibronic_scale_6_levels4_warmup_1,vibronic_scale_6_levels4_warmup,vibronic_scale_6_levels4,production,0.0,0.25,0.9999999999663901,2.9748692803638845,5.999999999999997,0.0,0.0295637106293247,-0.19400107688632157,0.0,-8.143974801561518
vibronic_scale_6_levels4_warmup_2,vibronic_scale_6_levels4_warmup,vibronic_scale_6_levels4,production,0.0,0.5,0.9999999998985979,2.909261318985854,6.0,1.6153739986978254e-30,0.04470383483539251,-0.3146795276161161,0.0,-8.14397480173007
vibronic_scale_6_levels4_warmup_3,vibronic_scale_6_levels4_warmup,vibronic_scale_6_levels4,production,0.0,1.0,0.9999999985799717,2.74711049695492,6.000000000000001,0.0,0.0738638662883327,-0.2855512123145639,0.0,-8.143974804203301
vibronic_scale_6_levels4_warmup_4,vibronic_scale_6_levels4_warmup,vibronic_scale_6_levels4,production,0.0,1.5,0.9999999849787188,2.6411833163711114,5.999999999999999,0.0,0.0918970243832894,-0.14831214500936113,0.0,-8.143974847935814
vibronic_scale_6_levels4_warmup_5,vibronic_scale_6_levels4_warmup,vibronic_scale_6_levels4,production,0.0,2.0,0.9999999024067786,2.5766636229646123,6.0,-7.121122352973782e-24,0.12315688477118265,-0.13147433733405714,0.0,-8.143975109504254
vibronic_zero_coupling_production_0,vibronic_zero_coupling_production,vibronic_zero_coupling,production,0.0,0.0,1.0000000000000002,2.0000000000000266,4.0,0.0,4.857105650589069e-24,0.0,0.0,-5.2267862623983135
vibronic_zero_coupling_production_1,vibronic_zero_coupling_production,vibronic_zero_coupling,production,0.0,0.2,1.0,1.988158536198711,3.9999999999999996,0.0,4.857105650589073e-24,-0.11526143786471932,0.0,-5.226786262398314
vibronic_zero_coupling_production_2,vibronic_zero_coupling_production,vibronic_zero_coupling,production,0.0,0.4,1.0000000000000002,1.9562337560507062,4.000000000000001,0.0,4.857105650589073e-24,-0.19601796735271548,0.0,-5.226786262398314
vibronic_zero_coupling_production_3,vibronic_zero_coupling_production,vibronic_zero_coupling,production,0.0,0.6,1.0000000000000004,1.9133491957336415,3.9999999999999996,0.0,4.85710565058907e-24,-0.22360485404376687,0.0,-5.226786262398314
vibronic_zero_coupling_production_4,vibronic_zero_coupling_production,vibronic_zero_coupling,production,0.0,0.8,1.0000000000000007,1.8701249945519072,4.0,0.0,4.85710565058907e-24,-0.20181390968146368,0.0,-5.226786262398314
vibronic_zero_coupling_production_5,vibronic_zero_coupling_production,vibronic_zero_coupling,production,0.0,1.0,1.0000000000000007,1.8344899781077821,3.9999999999999996,0.0,4.8571056505890694e-24,-0.1522503758867147,0.0,-5.226786262398315
vibronic_zero_coupling_production_6,vibronic_zero_coupling_production,vibronic_zero_coupling,production,0.0,1.2,1.000000000000001,1.8091797240327616,4.0,0.0,4.857105650589069e-24,-0.10317976569917797,0.0,-5.226786262398313
