BEST 0.4846191 100221221100100221221100 iter 499
POOL 0.4846191 100221221100100221221100 iter 499
POOL 0.4846191 100221221100100221221100 iter 999
POOL 0.4846191 100221221100100221221100 iter 1499
POOL 0.4846191 100221221100100221221100 iter 1999
POOL 0.4846191 100221221100100221221100 iter 2499
POOL 0.4846191 100221221100100221221100 iter 2999
POOL 0.4846191 100221221100100221221100 iter 3499
POOL 0.4846191 100221221100100221221100 iter 3999
BEST 0.4889526 221100100221221100100221 iter 4499
POOL 0.4889526 221100100221221100100221 iter 4499
POOL 0.4889526 221100100221221100100221 iter 4999
POOL 0.4889526 221100100221221100100221 iter 5499
POOL 0.4889526 221100100221221100100221 iter 5999
POOL 0.4889526 221100100221221100100221 iter 6499
POOL 0.4889526 221100100221221100100221 iter 6999
POOL 0.4889526 221100100221221100100221 iter 7499
POOL 0.4889526 221100100221221100100221 iter 7999
POOL 0.1424561 100221201100020221221100 iter 8499
POOL 0.2592163 121221221100100221221100 iter 8999
POOL 0.4846191 100221221100100221221100 iter 9499
POOL 0.4846191 100221221100100221221100 iter 9999
POOL 0.4846191 100221221100100221221100 iter 10499
POOL 0.4846191 100221221100100221221100 iter 10999
POOL 0.4846191 100221221100100221221100 iter 11499
POOL 0.4846191 100221221100100221221100 iter 11999
POOL 0.09515381 012000012222211112210011 iter 12499
POOL 0.1681519 012000012222011112010011 iter 12999
POOL 0.1513062 012000012222011112100011 iter 13499
POOL 0.1681519 012000012222011112010011 iter 13999
POOL 0.1681519 012000012222011112010011 iter 14499
POOL 0.1611328 012000012222011112110011 iter 14999
POOL 0.008422852 002110212211201101100010 iter 15499
POOL 0.09576416 221112200212011112000012 iter 15999
POOL 0.4846191 100221221100100221221100 iter 16499
POOL 0.4846191 100221221100100221221100 iter 16999
POOL 0.4846191 100221221100100221221100 iter 17499
POOL 0.4846191 100221221100100221221100 iter 17999
POOL 0.4846191 100221221100100221221100 iter 18499
POOL 0.4846191 100221221100100221221100 iter 18999
POOL 0.4846191 100221221100100221221100 iter 19499
POOL 0.4846191 100221221100100221221100 iter 19999
POOL 0.09893799 100021212000112011222000 iter 20499
POOL 0.1531982 100221220100100021221100 iter 20999
POOL 0.4846191 100221221100100221221100 iter 21499
POOL 0.4846191 100221221100100221221100 iter 21999
POOL 0.4846191 100221221100100221221100 iter 22499
POOL 0.4846191 100221221100100221221100 iter 22999
POOL 0.4846191 100221221100100221221100 iter 23499
POOL 0.4846191 100221221100100221221100 iter 23999
POOL 0.08123779 221020100011222000112011 iter 24499
POOL 0.1165771 221100100011222012102011 iter 24999
POOL 0.09155273 222010100012222012102011 iter 25499
POOL 0.118042 211010100012222012112011 iter 25999
POOL 0.1113892 212000100221222000112011 iter 26499
POOL 0.1173706 212000100221222012112011 iter 26999
POOL 0.03717041 222212002012010012000012 iter 27499
POOL 0.04425049 121100012012012222221102 iter 27999
POOL 0.1520386 221100100001100001100221 iter 28499
POOL 0.1520386 221100100001100001100221 iter 28999
POOL 0.4889526 221100100221221100100221 iter 29499
POOL 0.4889526 221100100221221100100221 iter 29999
POOL 0.4889526 221100100221221100100221 iter 30499
POOL 0.4889526 221100100221221100100221 iter 30999
POOL 0.4889526 221100100221221100100221 iter 31499
POOL 0.4889526 221100100221221100100221 iter 31999
POOL 0.1955566 100221221100100221111100 iter 32499
POOL 0.1260376 000222221100100221011102 iter 32999
POOL 0.4846191 100221221100100221221100 iter 33499
POOL 0.4846191 100221221100100221221100 iter 33999
POOL 0.4846191 100221221100100221221100 iter 34499
POOL 0.4846191 100221221100100221221100 iter 34999
POOL 0.4846191 100221221100100221221100 iter 35499
POOL 0.4846191 100221221100100221221100 iter 35999
POOL 0.1565552 100221222100100221221121 iter 36499
POOL 0.4846191 100221221100100221221100 iter 36999
POOL 0.4846191 100221221100100221221100 iter 37499
POOL 0.4846191 100221221100100221221100 iter 37999
POOL 0.4846191 100221221100100221221100 iter 38499
POOL 0.4846191 100221221100100221221100 iter 38999
POOL 0.4846191 100221221100100221221100 iter 39499
POOL 0.4846191 100221221100100221221100 iter 39999
POOL 0.1052246 221120100221221002100221 iter 40499
POOL 0.4889526 221100100221221100100221 iter 40999
POOL 0.4889526 221100100221221100100221 iter 41499
POOL 0.4889526 221100100221221100100221 iter 41999
POOL 0.4889526 221100100221221100100221 iter 42499
POOL 0.4889526 221100100221221100100221 iter 42999
POOL 0.4889526 221100100221221100100221 iter 43499
POOL 0.4889526 221100100221221100100221 iter 43999
POOL 0.05108643 210220112012011012100011 iter 44499
POOL 0.09020996 222010112012011012000011 iter 44999
POOL 0.4846191 100221221100100221221100 iter 45499
POOL 0.4846191 100221221100100221221100 iter 45999
POOL 0.4846191 100221221100100221221100 iter 46499
POOL 0.4846191 100221221100100221221100 iter 46999
POOL 0.4846191 100221221100100221221100 iter 47499
POOL 0.4846191 100221221100100221221100 iter 47999
POOL 0.2369995 100221220200100221221100 iter 48499
POOL 0.4846191 100221221100100221221100 iter 48999
POOL 0.4846191 100221221100100221221100 iter 49499
POOL 0.4846191 100221221100100221221100 iter 49999
POOL 0.4846191 100221221100100221221100 iter 50499
POOL 0.4846191 100221221100100221221100 iter 50999
POOL 0.4846191 100221221100100221221100 iter 51499
POOL 0.4846191 100221221100100221221100 iter 51999
POOL 0.06884766 011112000222221100120220 iter 52499
POOL 0.2084961 200220100221221100100221 iter 52999
POOL 0.3082275 100221100221221100100221 iter 53499
POOL 0.3082275 100221100221221100100221 iter 53999
POOL 0.3082275 100221100221221100100221 iter 54499
POOL 0.3082275 100221100221221100100221 iter 54999
POOL 0.3082275 100221100221221100100221 iter 55499
POOL 0.3082275 100221100221221100100221 iter 55999
POOL 0.4889526 221100100221221100100221 iter 56499
POOL 0.4889526 221100100221221100100221 iter 56999
POOL 0.4889526 221100100221221100100221 iter 57499
POOL 0.4889526 221100100221221100100221 iter 57999
POOL 0.4889526 221100100221221100100221 iter 58499
POOL 0.4889526 221100100221221100100221 iter 58999
POOL 0.4889526 221100100221221100100221 iter 59499
POOL 0.4889526 221100100221221100100221 iter 59999
POOL 0.1266479 100221100100000222221100 iter 60499
POOL 0.2369995 100221220200100221221100 iter 60999
POOL 0.4846191 100221221100100221221100 iter 61499
POOL 0.4846191 100221221100100221221100 iter 61999
POOL 0.4846191 100221221100100221221100 iter 62499
POOL 0.4846191 100221221100100221221100 iter 62999
POOL 0.4846191 100221221100100221221100 iter 63499
POOL 0.4846191 100221221100100221221100 iter 63999
POOL 0.02459717 221100212200000012020222 iter 64499
POOL 0.07312012 022102012000010011000212 iter 64999
POOL 0.06860352 022100012000010011000222 iter 65499
POOL 0.07049561 022100012000010011000212 iter 65999
POOL 0.07391357 111121200000221100220200 iter 66499
POOL 0.07391357 111121200000221100220200 iter 66999
POOL 0.02252197 200222100010101011210012 iter 67499
POOL 0.03088379 111101000000021011020212 iter 67999
POOL 0.07763672 110222121111000012011112 iter 68499
POOL 0.06964111 010202221011000012011112 iter 68999
POOL 0.06665039 210200121101000012011112 iter 69499
POOL 0.06420898 220202121001000012011112 iter 69999
POOL 0.1315308 012212000012000012011112 iter 70499
POOL 0.1315308 012212000012000012011112 iter 70999
POOL 0.01086426 212122011101210121011000 iter 71499
POOL 0.4846191 100221221100100221221100 iter 71999
POOL 0.1392212 012000012002212012112011 iter 72499
POOL 0.1624146 012000000022222012112011 iter 72999
POOL 0.1707153 012000002022222012112011 iter 73499
POOL 0.1547241 012000000222222012112011 iter 73999
POOL 0.1624146 012000000022222012112011 iter 74499
POOL 0.1707153 012000002022222012112011 iter 74999
POOL 0.15802 012000002222222012112011 iter 75499
POOL 0.15802 012000002222222012112011 iter 75999
POOL 0.05584717 112011112211200221011100 iter 76499
POOL 0.1212158 112011112011012010012010 iter 76999
POOL 0.1616211 112011112011012000012000 iter 77499
POOL 0.1616211 112011112011012000012000 iter 77999
POOL 0.1296997 112011212010012000012000 iter 78499
POOL 0.1452026 112011012112012222012000 iter 78999
POOL 0.0144043 100021110200022110021012 iter 79499
POOL 0.09906006 112221222000100000211100 iter 79999
POOL 0.08569336 112011222012102002212220 iter 80499
POOL 0.08502197 112011222012100012212220 iter 80999
POOL 0.1118774 112011222012100222212000 iter 81499
POOL 0.1118774 112011222012100222212000 iter 81999
POOL 0.0692749 100221012002010012011100 iter 82499
POOL 0.4846191 100221221100100221221100 iter 82999
POOL 0.4846191 100221221100100221221100 iter 83499
POOL 0.4846191 100221221100100221221100 iter 83999
POOL 0.07159424 221200101221222000102011 iter 84499
POOL 0.1233521 221100100221222000102011 iter 84999
POOL 0.4889526 221100100221221100100221 iter 85499
POOL 0.4889526 221100100221221100100221 iter 85999
POOL 0.4889526 221100100221221100100221 iter 86499
POOL 0.4889526 221100100221221100100221 iter 86999
POOL 0.4889526 221100100221221100100221 iter 87499
POOL 0.4889526 221100100221221100100221 iter 87999
POOL 0.2489624 100222221100100221221100 iter 88499
POOL 0.4846191 100221221100100221221100 iter 88999
POOL 0.4846191 100221221100100221221100 iter 89499
POOL 0.4846191 100221221100100221221100 iter 89999
POOL 0.4846191 100221221100100221221100 iter 90499
POOL 0.4846191 100221221100100221221100 iter 90999
POOL 0.4846191 100221221100100221221100 iter 91499
POOL 0.4846191 100221221100100221221100 iter 91999
POOL 0.1150513 012100012221221100100221 iter 92499
POOL 0.09936523 012000022221221100100221 iter 92999
POOL 0.4889526 221100100221221100100221 iter 93499
POOL 0.4889526 221100100221221100100221 iter 93999
POOL 0.4889526 221100100221221100100221 iter 94499
POOL 0.4889526 221100100221221100100221 iter 94999
POOL 0.4889526 221100100221221100100221 iter 95499
POOL 0.4889526 221100100221221100100221 iter 95999
POOL 0.08551025 221100100221112211102011 iter 96499
POOL 0.4889526 221100100221221100100221 iter 96999
POOL 0.4889526 221100100221221100100221 iter 97499
POOL 0.4889526 221100100221221100100221 iter 97999
POOL 0.4889526 221100100221221100100221 iter 98499
POOL 0.4889526 221100100221221100100221 iter 98999
POOL 0.4889526 221100100221221100100221 iter 99499
POOL 0.4889526 221100100221221100100221 iter 99999
POOL 0.1975708 100221220221100221221100 iter 100499
POOL 0.4846191 100221221100100221221100 iter 100999
POOL 0.4846191 100221221100100221221100 iter 101499
POOL 0.4846191 100221221100100221221100 iter 101999
POOL 0.4846191 100221221100100221221100 iter 102499
POOL 0.4846191 100221221100100221221100 iter 102999
POOL 0.4846191 100221221100100221221100 iter 103499
POOL 0.4846191 100221221100100221221100 iter 103999
POOL 0.07342529 010222011100100021011102 iter 104499
POOL 0.1754761 210220221100100221221100 iter 104999
POOL 0.4846191 100221221100100221221100 iter 105499
POOL 0.4846191 100221221100100221221100 iter 105999
POOL 0.4846191 100221221100100221221100 iter 106499
POOL 0.4846191 100221221100100221221100 iter 106999
POOL 0.4846191 100221221100100221221100 iter 107499
POOL 0.4846191 100221221100100221221100 iter 107999
POOL 0.09918213 000012011110212210222012 iter 108499
POOL 0.09356689 000012011110222010222012 iter 108999
POOL 0.1663818 000012011010112011222012 iter 109499
POOL 0.1663818 000012011010112011222012 iter 109999
POOL 0.1575928 000012011000112011222012 iter 110499
POOL 0.1663818 000012011010112011222012 iter 110999
POOL 0.05560303 102210221012000012221112 iter 111499
POOL 0.04376221 122221221111220220000220 iter 111999
POOL 0.1152344 100221212000112021221100 iter 112499
POOL 0.09851074 000221012000112221221100 iter 112999
POOL 0.4846191 100221221100100221221100 iter 113499
POOL 0.4846191 100221221100100221221100 iter 113999
POOL 0.4846191 100221221100100221221100 iter 114499
POOL 0.4846191 100221221100100221221100 iter 114999
POOL 0.4846191 100221221100100221221100 iter 115499
POOL 0.4846191 100221221100100221221100 iter 115999
POOL 0.4889526 221100100221221100100221 iter 116499
POOL 0.4889526 221100100221221100100221 iter 116999
POOL 0.4889526 221100100221221100100221 iter 117499
POOL 0.4889526 221100100221221100100221 iter 117999
POOL 0.4889526 221100100221221100100221 iter 118499
POOL 0.4889526 221100100221221100100221 iter 118999
POOL 0.4889526 221100100221221100100221 iter 119499
POOL 0.4889526 221100100221221100100221 iter 119999
POOL 0.0958252 012011002012222012012010 iter 120499
POOL 0.08776855 012000002012222012212010 iter 120999
POOL 0.1233521 012000012222012212012010 iter 121499
POOL 0.1590576 012000012222011112000011 iter 121999
POOL 0.1611328 012000012222011112110011 iter 122499
POOL 0.1611328 012000012222011112110011 iter 122999
POOL 0.1513062 012000012222011112100011 iter 123499
POOL 0.1681519 012000012222011112010011 iter 123999
POOL 0.1209717 221101110221221100100201 iter 124499
POOL 0.4889526 221100100221221100100221 iter 124999
POOL 0.4889526 221100100221221100100221 iter 125499
POOL 0.4889526 221100100221221100100221 iter 125999
POOL 0.4889526 221100100221221100100221 iter 126499
POOL 0.4889526 221100100221221100100221 iter 126999
POOL 0.4889526 221100100221221100100221 iter 127499
POOL 0.4889526 221100100221221100100221 iter 127999
POOL 0.07043457 222112112011011100000211 iter 128499
POOL 0.07043457 222112112011011100000211 iter 128999
POOL 0.08392334 012112012011011000010222 iter 129499
POOL 0.09887695 212112112011011000010222 iter 129999
POOL 0.1780396 212112112011012000012222 iter 130499
POOL 0.1780396 212112112011012000012222 iter 130999
POOL 0.012146 110120200200022021001000 iter 131499
POOL 0.1443481 221100100101221000100221 iter 131999
POOL 0.0703125 222100100221012000012100 iter 132499
POOL 0.09130859 221100100221012000012100 iter 132999
POOL 0.232605 221100100221221100101121 iter 133499
POOL 0.4889526 221100100221221100100221 iter 133999
POOL 0.4889526 221100100221221100100221 iter 134499
POOL 0.4889526 221100100221221100100221 iter 134999
POOL 0.4889526 221100100221221100100221 iter 135499
POOL 0.4889526 221100100221221100100221 iter 135999
POOL 0.1234131 011102100221221100110222 iter 136499
POOL 0.4889526 221100100221221100100221 iter 136999
POOL 0.4889526 221100100221221100100221 iter 137499
POOL 0.4889526 221100100221221100100221 iter 137999
POOL 0.4889526 221100100221221100100221 iter 138499
POOL 0.4889526 221100100221221100100221 iter 138999
POOL 0.4889526 221100100221221100100221 iter 139499
POOL 0.4889526 221100100221221100100221 iter 139999
POOL 0.2202759 221100101101221100100221 iter 140499
POOL 0.4889526 221100100221221100100221 iter 140999
POOL 0.4889526 221100100221221100100221 iter 141499
POOL 0.4889526 221100100221221100100221 iter 141999
POOL 0.4889526 221100100221221100100221 iter 142499
POOL 0.4889526 221100100221221100100221 iter 142999
POOL 0.4889526 221100100221221100100221 iter 143499
POOL 0.4889526 221100100221221100100221 iter 143999
POOL 0.08563232 012000012222011100012021 iter 144499
POOL 0.08563232 012000012222011100012021 iter 144999
POOL 0.09539795 012000012222011102120221 iter 145499
POOL 0.1611328 012000012222011112110011 iter 145999
POOL 0.1681519 012000012222011112010011 iter 146499
POOL 0.1681519 012000012222011112010011 iter 146999
POOL 0.1681519 012000012222011112010011 iter 147499
POOL 0.1681519 012000012222011112010011 iter 147999
POOL 0.06262207 102211112211010222221100 iter 148499
POOL 0.1252441 100221011102110222221100 iter 148999
POOL 0.4846191 100221221100100221221100 iter 149499
POOL 0.4846191 100221221100100221221100 iter 149999
POOL 0.4846191 100221221100100221221100 iter 150499
POOL 0.4846191 100221221100100221221100 iter 150999
POOL 0.4846191 100221221100100221221100 iter 151499
POOL 0.4846191 100221221100100221221100 iter 151999
POOL 0.2703857 100221221100100221201100 iter 152499
POOL 0.4846191 100221221100100221221100 iter 152999
POOL 0.4846191 100221221100100221221100 iter 153499
POOL 0.4846191 100221221100100221221100 iter 153999
POOL 0.4846191 100221221100100221221100 iter 154499
POOL 0.4846191 100221221100100221221100 iter 154999
POOL 0.4846191 100221221100100221221100 iter 155499
POOL 0.4846191 100221221100100221221100 iter 155999
POOL 0.4889526 221100100221221100100221 iter 156499
POOL 0.4889526 221100100221221100100221 iter 156999
POOL 0.4889526 221100100221221100100221 iter 157499
POOL 0.4889526 221100100221221100100221 iter 157999
POOL 0.4889526 221100100221221100100221 iter 158499
POOL 0.4889526 221100100221221100100221 iter 158999
POOL 0.4889526 221100100221221100100221 iter 159499
POOL 0.4889526 221100100221221100100221 iter 159999
POOL 0.2216187 200100100221221100100221 iter 160499
POOL 0.4889526 221100100221221100100221 iter 160999
POOL 0.4889526 221100100221221100100221 iter 161499
POOL 0.4889526 221100100221221100100221 iter 161999
POOL 0.4889526 221100100221221100100221 iter 162499
POOL 0.4889526 221100100221221100100221 iter 162999
POOL 0.4889526 221100100221221100100221 iter 163499
POOL 0.4889526 221100100221221100100221 iter 163999
POOL 0.4846191 100221221100100221221100 iter 164499
POOL 0.4846191 100221221100100221221100 iter 164999
POOL 0.4846191 100221221100100221221100 iter 165499
POOL 0.4846191 100221221100100221221100 iter 165999
POOL 0.4846191 100221221100100221221100 iter 166499
POOL 0.4846191 100221221100100221221100 iter 166999
POOL 0.4846191 100221221100100221221100 iter 167499
POOL 0.4846191 100221221100100221221100 iter 167999
POOL 0.4846191 100221221100100221221100 iter 168499
POOL 0.4846191 100221221100100221221100 iter 168999
POOL 0.4846191 100221221100100221221100 iter 169499
POOL 0.4846191 100221221100100221221100 iter 169999
POOL 0.4846191 100221221100100221221100 iter 170499
POOL 0.4846191 100221221100100221221100 iter 170999
POOL 0.4846191 100221221100100221221100 iter 171499
POOL 0.4846191 100221221100100221221100 iter 171999
POOL 0.1266479 102011222010100221221100 iter 172499
POOL 0.2095947 100221221100100221221111 iter 172999
POOL 0.4846191 100221221100100221221100 iter 173499
POOL 0.4846191 100221221100100221221100 iter 173999
POOL 0.4846191 100221221100100221221100 iter 174499
POOL 0.4846191 100221221100100221221100 iter 174999
POOL 0.4846191 100221221100100221221100 iter 175499
POOL 0.4846191 100221221100100221221100 iter 175999
POOL 0.2584229 000221221100100221221100 iter 176499
POOL 0.4846191 100221221100100221221100 iter 176999
POOL 0.4846191 100221221100100221221100 iter 177499
POOL 0.4846191 100221221100100221221100 iter 177999
POOL 0.4846191 100221221100100221221100 iter 178499
POOL 0.4846191 100221221100100221221100 iter 178999
POOL 0.4846191 100221221100100221221100 iter 179499
POOL 0.4846191 100221221100100221221100 iter 179999
POOL 0.4889526 221100100221221100100221 iter 180499
POOL 0.4889526 221100100221221100100221 iter 180999
POOL 0.4889526 221100100221221100100221 iter 181499
POOL 0.4889526 221100100221221100100221 iter 181999
POOL 0.4889526 221100100221221100100221 iter 182499
POOL 0.4889526 221100100221221100100221 iter 182999
POOL 0.4889526 221100100221221100100221 iter 183499
POOL 0.4889526 221100100221221100100221 iter 183999
POOL 0.4889526 221100100221221100100221 iter 184499
POOL 0.4889526 221100100221221100100221 iter 184999
POOL 0.4889526 221100100221221100100221 iter 185499
POOL 0.4889526 221100100221221100100221 iter 185999
POOL 0.4889526 221100100221221100100221 iter 186499
POOL 0.4889526 221100100221221100100221 iter 186999
POOL 0.4889526 221100100221221100100221 iter 187499
POOL 0.4889526 221100100221221100100221 iter 187999
POOL 0.1530151 100221221220101121221100 iter 188499
POOL 0.2276001 100221221220100221221100 iter 188999
POOL 0.4846191 100221221100100221221100 iter 189499
POOL 0.4846191 100221221100100221221100 iter 189999
POOL 0.4846191 100221221100100221221100 iter 190499
POOL 0.4846191 100221221100100221221100 iter 190999
POOL 0.4846191 100221221100100221221100 iter 191499
POOL 0.4846191 100221221100100221221100 iter 191999
POOL 0.1669312 100221221100100221212100 iter 192499
POOL 0.4846191 100221221100100221221100 iter 192999
POOL 0.4846191 100221221100100221221100 iter 193499
POOL 0.4846191 100221221100100221221100 iter 193999
POOL 0.4846191 100221221100100221221100 iter 194499
POOL 0.4846191 100221221100100221221100 iter 194999
POOL 0.4846191 100221221100100221221100 iter 195499
POOL 0.4846191 100221221100100221221100 iter 195999
POOL 0.2247314 221100100221221100221221 iter 196499
POOL 0.4889526 221100100221221100100221 iter 196999
POOL 0.4889526 221100100221221100100221 iter 197499
POOL 0.4889526 221100100221221100100221 iter 197999
POOL 0.4889526 221100100221221100100221 iter 198499
POOL 0.4889526 221100100221221100100221 iter 198999
POOL 0.4889526 221100100221221100100221 iter 199499
POOL 0.4889526 221100100221221100100221 iter 199999
POOL 0.06658936 101101200222111101222221 iter 200499
POOL 0.06628418 121100000222121100221220 iter 200999
POOL 0.4889526 221100100221221100100221 iter 201499
POOL 0.4889526 221100100221221100100221 iter 201999
POOL 0.4889526 221100100221221100100221 iter 202499
POOL 0.4889526 221100100221221100100221 iter 202999
POOL 0.4889526 221100100221221100100221 iter 203499
POOL 0.4889526 221100100221221100100221 iter 203999
POOL 0.09997559 021100010222211112100221 iter 204499
POOL 0.4889526 221100100221221100100221 iter 204999
POOL 0.4889526 221100100221221100100221 iter 205499
POOL 0.4889526 221100100221221100100221 iter 205999
POOL 0.4889526 221100100221221100100221 iter 206499
POOL 0.4889526 221100100221221100100221 iter 206999
POOL 0.4889526 221100100221221100100221 iter 207499
POOL 0.4889526 221100100221221100100221 iter 207999
POOL 0.1594849 110011011112012222012000 iter 208499
POOL 0.1594849 110011011112012222012000 iter 208999
POOL 0.1594849 110011011112012222012000 iter 209499
POOL 0.1687012 010011011112012222012000 iter 209999
POOL 0.1687012 010011011112012222012000 iter 210499
POOL 0.1594849 110011011112012222012000 iter 210999
POOL 0.03039551 112212022012221102121100 iter 211499
POOL 0.03234863 210011201112010212011210 iter 211999
POOL 0.05700684 002021222002000222012000 iter 212499
POOL 0.09210205 110021221100002221012000 iter 212999
POOL 0.4846191 100221221100100221221100 iter 213499
POOL 0.4846191 100221221100100221221100 iter 213999
POOL 0.4846191 100221221100100221221100 iter 214499
POOL 0.4846191 100221221100100221221100 iter 214999
POOL 0.4846191 100221221100100221221100 iter 215499
POOL 0.4846191 100221221100100221221100 iter 215999
POOL 0.3031616 221100221100100221221100 iter 216499
POOL 0.3031616 221100221100100221221100 iter 216999
POOL 0.3031616 221100221100100221221100 iter 217499
POOL 0.3031616 221100221100100221221100 iter 217999
POOL 0.3031616 221100221100100221221100 iter 218499
POOL 0.3031616 221100221100100221221100 iter 218999
POOL 0.3031616 221100221100100221221100 iter 219499
POOL 0.3031616 221100221100100221221100 iter 219999
POOL 0.06719971 220212011000112011212112 iter 220499
POOL 0.1613159 012222012000112011211112 iter 220999
POOL 0.1634521 012222012000112011222112 iter 221499
POOL 0.1550293 012222012000000011011112 iter 221999
POOL 0.1692505 012222012000010011011112 iter 222499
POOL 0.1692505 012222012000010011011112 iter 222999
POOL 0.1692505 012222012000010011011112 iter 223499
POOL 0.1692505 012222012000010011011112 iter 223999
POOL 0.04998779 021100011112220202221100 iter 224499
POOL 0.05383301 021100011112220200221100 iter 224999
POOL 0.06622314 222020112011210000111021 iter 225499
POOL 0.07788086 222220112011210000111221 iter 225999
POOL 0.1105957 222110112011012000012221 iter 226499
POOL 0.1036377 222110112011012000002221 iter 226999
POOL 0.00982666 101220221201212110220212 iter 227499
POOL 0.07995605 100101221122100221221220 iter 227999
POOL 0.4889526 221100100221221100100221 iter 228499
POOL 0.4889526 221100100221221100100221 iter 228999
POOL 0.4889526 221100100221221100100221 iter 229499
POOL 0.4889526 221100100221221100100221 iter 229999
POOL 0.4889526 221100100221221100100221 iter 230499
POOL 0.4889526 221100100221221100100221 iter 230999
POOL 0.4889526 221100100221221100100221 iter 231499
POOL 0.4889526 221100100221221100100221 iter 231999
POOL 0.4846191 100221221100100221221100 iter 232499
POOL 0.4846191 100221221100100221221100 iter 232999
POOL 0.4846191 100221221100100221221100 iter 233499
POOL 0.4846191 100221221100100221221100 iter 233999
POOL 0.4846191 100221221100100221221100 iter 234499
POOL 0.4846191 100221221100100221221100 iter 234999
POOL 0.4846191 100221221100100221221100 iter 235499
POOL 0.4846191 100221221100100221221100 iter 235999
POOL 0.4846191 100221221100100221221100 iter 236499
POOL 0.4846191 100221221100100221221100 iter 236999
POOL 0.4846191 100221221100100221221100 iter 237499
POOL 0.4846191 100221221100100221221100 iter 237999
POOL 0.4846191 100221221100100221221100 iter 238499
POOL 0.4846191 100221221100100221221100 iter 238999
POOL 0.4846191 100221221100100221221100 iter 239499
POOL 0.4846191 100221221100100221221100 iter 239999
POOL 0.06231689 221111220210220221000220 iter 240499
POOL 0.06231689 221111220210220221000220 iter 240999
POOL 0.08795166 121101200221100221000222 iter 241499
POOL 0.3070679 221100100221100221100221 iter 241999
POOL 0.1879272 221100100221100220100221 iter 242499
POOL 0.3070679 221100100221100221100221 iter 242999
POOL 0.3070679 221100100221100221100221 iter 243499
POOL 0.3070679 221100100221100221100221 iter 243999
POOL 0.07269287 012100022002000012010211 iter 244499
POOL 0.06335449 012100022002000012020211 iter 244999
POOL 0.06988525 222100222002000012000212 iter 245499
POOL 0.06939697 221100122002000012000212 iter 245999
POOL 0.07281494 011112011002010012011112 iter 246499
POOL 0.08789062 012102012222010012011112 iter 246999
POOL 0.02868652 020212221012000022221002 iter 247499
POOL 0.4889526 221100100221221100100221 iter 247999
POOL 0.2062988 100101100221221100100221 iter 248499
POOL 0.2062988 100101100221221100100221 iter 248999
POOL 0.4889526 221100100221221100100221 iter 249499
POOL 0.4889526 221100100221221100100221 iter 249999
POOL 0.4889526 221100100221221100100221 iter 250499
POOL 0.4889526 221100100221221100100221 iter 250999
POOL 0.4889526 221100100221221100100221 iter 251499
POOL 0.4889526 221100100221221100100221 iter 251999
POOL 0.06542969 100012100221021102000012 iter 252499
POOL 0.07727051 100012100221021100000012 iter 252999
POOL 0.09490967 221022110221011112000012 iter 253499
POOL 0.09881592 221102100221011110000012 iter 253999
POOL 0.4889526 221100100221221100100221 iter 254499
POOL 0.4889526 221100100221221100100221 iter 254999
POOL 0.4889526 221100100221221100100221 iter 255499
POOL 0.4889526 221100100221221100100221 iter 255999
POOL 0.07183838 022002022002000012011112 iter 256499
POOL 0.1067505 012102022002000012011112 iter 256999
POOL 0.1567993 012222022000000012011112 iter 257499
POOL 0.1693115 012222022002000012011112 iter 257999
POOL 0.1693115 012222022002000012011112 iter 258499
POOL 0.1693115 012222022002000012011112 iter 258999
POOL 0.1624146 012222222002000012011112 iter 259499
POOL 0.1624146 012222222002000012011112 iter 259999
POOL 0.2088013 100221221100100221222000 iter 260499
POOL 0.4846191 100221221100100221221100 iter 260999
POOL 0.4846191 100221221100100221221100 iter 261499
POOL 0.4846191 100221221100100221221100 iter 261999
POOL 0.4846191 100221221100100221221100 iter 262499
POOL 0.4846191 100221221100100221221100 iter 262999
POOL 0.4846191 100221221100100221221100 iter 263499
POOL 0.4846191 100221221100100221221100 iter 263999
POOL 0.2611694 221100121221221100100221 iter 264499
POOL 0.4889526 221100100221221100100221 iter 264999
POOL 0.4889526 221100100221221100100221 iter 265499
POOL 0.4889526 221100100221221100100221 iter 265999
POOL 0.4889526 221100100221221100100221 iter 266499
POOL 0.4889526 221100100221221100100221 iter 266999
POOL 0.4889526 221100100221221100100221 iter 267499
POOL 0.4889526 221100100221221100100221 iter 267999
POOL 0.07739258 221000100201221100200011 iter 268499
POOL 0.4889526 221100100221221100100221 iter 268999
POOL 0.4889526 221100100221221100100221 iter 269499
POOL 0.4889526 221100100221221100100221 iter 269999
POOL 0.4889526 221100100221221100100221 iter 270499
POOL 0.4889526 221100100221221100100221 iter 270999
POOL 0.4889526 221100100221221100100221 iter 271499
POOL 0.4889526 221100100221221100100221 iter 271999
POOL 0.07250977 112011221112112202222000 iter 272499
POOL 0.06500244 112011212112112202222020 iter 272999
POOL 0.0715332 112011212112112012222010 iter 273499
POOL 0.1026611 112011212012112012222010 iter 273999
POOL 0.2626343 100121221100100221221100 iter 274499
POOL 0.4846191 100221221100100221221100 iter 274999
POOL 0.4846191 100221221100100221221100 iter 275499
POOL 0.4846191 100221221100100221221100 iter 275999
POOL 0.2799072 221100100221221100120221 iter 276499
POOL 0.4889526 221100100221221100100221 iter 276999
POOL 0.4889526 221100100221221100100221 iter 277499
POOL 0.4889526 221100100221221100100221 iter 277999
POOL 0.4889526 221100100221221100100221 iter 278499
POOL 0.4889526 221100100221221100100221 iter 278999
POOL 0.4889526 221100100221221100100221 iter 279499
POOL 0.4889526 221100100221221100100221 iter 279999
POOL 0.0927124 011221221100100221211000 iter 280499
POOL 0.2562256 100221221100121221221100 iter 280999
POOL 0.4846191 100221221100100221221100 iter 281499
POOL 0.4846191 100221221100100221221100 iter 281999
POOL 0.4846191 100221221100100221221100 iter 282499
POOL 0.4846191 100221221100100221221100 iter 282999
POOL 0.4846191 100221221100100221221100 iter 283499
POOL 0.4846191 100221221100100221221100 iter 283999
POOL 0.04644775 201112222220101101220102 iter 284499
POOL 0.04663086 200112222200101101220102 iter 284999
POOL 0.05914307 221121122221100111200220 iter 285499
POOL 0.06280518 111121222221100111220220 iter 285999
POOL 0.0736084 002012012112210212221012 iter 286499
POOL 0.09259033 000012011100110221221102 iter 286999
POOL 0.01391602 012202002102111121110021 iter 287499
POOL 0.100708 012000022221221100111021 iter 287999
POOL 0.07098389 222000002122222012100221 iter 288499
POOL 0.09216309 222000100222222012100011 iter 288999
POOL 0.161438 222012112211011112000012 iter 289499
POOL 0.1737671 222012112212011112000012 iter 289999
POOL 0.1610107 222012112222011112000012 iter 290499
POOL 0.1610107 222012112222011112000012 iter 290999
POOL 0.1494141 222012112011011100000012 iter 291499
POOL 0.1593628 222012112011011110000012 iter 291999
POOL 0.03509521 110200011000100221001102 iter 292499
POOL 0.4846191 100221221100100221221100 iter 292999
POOL 0.4846191 100221221100100221221100 iter 293499
POOL 0.4846191 100221221100100221221100 iter 293999
POOL 0.4846191 100221221100100221221100 iter 294499
POOL 0.4846191 100221221100100221221100 iter 294999
POOL 0.4846191 100221221100100221221100 iter 295499
POOL 0.4846191 100221221100100221221100 iter 295999
POOL 0.2671509 221100100221221100200221 iter 296499
POOL 0.4889526 221100100221221100100221 iter 296999
POOL 0.4889526 221100100221221100100221 iter 297499
POOL 0.4889526 221100100221221100100221 iter 297999
POOL 0.4889526 221100100221221100100221 iter 298499
POOL 0.4889526 221100100221221100100221 iter 298999
POOL 0.4889526 221100100221221100100221 iter 299499
POOL 0.4889526 221100100221221100100221 iter 299999
POOL 0.4889526 221100100221221100100221 iter 300499
POOL 0.4889526 221100100221221100100221 iter 300999
POOL 0.4889526 221100100221221100100221 iter 301499
POOL 0.4889526 221100100221221100100221 iter 301999
POOL 0.4889526 221100100221221100100221 iter 302499
POOL 0.4889526 221100100221221100100221 iter 302999
POOL 0.4889526 221100100221221100100221 iter 303499
POOL 0.4889526 221100100221221100100221 iter 303999
POOL 0.08691406 100221221100000012221010 iter 304499
POOL 0.4846191 100221221100100221221100 iter 304999
POOL 0.4846191 100221221100100221221100 iter 305499
POOL 0.4846191 100221221100100221221100 iter 305999
POOL 0.4846191 100221221100100221221100 iter 306499
POOL 0.4846191 100221221100100221221100 iter 306999
POOL 0.4846191 100221221100100221221100 iter 307499
POOL 0.4846191 100221221100100221221100 iter 307999
POOL 0.1357422 111100200221221100100221 iter 308499
POOL 0.4889526 221100100221221100100221 iter 308999
POOL 0.4889526 221100100221221100100221 iter 309499
POOL 0.4889526 221100100221221100100221 iter 309999
POOL 0.4889526 221100100221221100100221 iter 310499
POOL 0.4889526 221100100221221100100221 iter 310999
POOL 0.4889526 221100100221221100100221 iter 311499
POOL 0.4889526 221100100221221100100221 iter 311999
POOL 0.4846191 100221221100100221221100 iter 312499
POOL 0.4846191 100221221100100221221100 iter 312999
POOL 0.4846191 100221221100100221221100 iter 313499
POOL 0.4846191 100221221100100221221100 iter 313999
POOL 0.4846191 100221221100100221221100 iter 314499
POOL 0.4846191 100221221100100221221100 iter 314999
POOL 0.4846191 100221221100100221221100 iter 315499
POOL 0.4846191 100221221100100221221100 iter 315999
POOL 0.4889526 221100100221221100100221 iter 316499
POOL 0.4889526 221100100221221100100221 iter 316999
POOL 0.4889526 221100100221221100100221 iter 317499
POOL 0.4889526 221100100221221100100221 iter 317999
POOL 0.4889526 221100100221221100100221 iter 318499
POOL 0.4889526 221100100221221100100221 iter 318999
POOL 0.4889526 221100100221221100100221 iter 319499
POOL 0.4889526 221100100221221100100221 iter 319999
POOL 0.4846191 100221221100100221221100 iter 320499
POOL 0.4846191 100221221100100221221100 iter 320999
POOL 0.4846191 100221221100100221221100 iter 321499
POOL 0.4846191 100221221100100221221100 iter 321999
POOL 0.4846191 100221221100100221221100 iter 322499
POOL 0.4846191 100221221100100221221100 iter 322999
POOL 0.4846191 100221221100100221221100 iter 323499
POOL 0.4846191 100221221100100221221100 iter 323999
POOL 0.4889526 221100100221221100100221 iter 324499
POOL 0.4889526 221100100221221100100221 iter 324999
POOL 0.4889526 221100100221221100100221 iter 325499
POOL 0.4889526 221100100221221100100221 iter 325999
POOL 0.4889526 221100100221221100100221 iter 326499
POOL 0.4889526 221100100221221100100221 iter 326999
POOL 0.4889526 221100100221221100100221 iter 327499
POOL 0.4889526 221100100221221100100221 iter 327999
POOL 0.2506104 100221211100100221221100 iter 328499
POOL 0.4846191 100221221100100221221100 iter 328999
POOL 0.4846191 100221221100100221221100 iter 329499
POOL 0.4846191 100221221100100221221100 iter 329999
POOL 0.4846191 100221221100100221221100 iter 330499
POOL 0.4846191 100221221100100221221100 iter 330999
POOL 0.4846191 100221221100100221221100 iter 331499
POOL 0.4846191 100221221100100221221100 iter 331999
POOL 0.2799072 221100100221221100120221 iter 332499
POOL 0.4889526 221100100221221100100221 iter 332999
POOL 0.4889526 221100100221221100100221 iter 333499
POOL 0.4889526 221100100221221100100221 iter 333999
POOL 0.4889526 221100100221221100100221 iter 334499
POOL 0.4889526 221100100221221100100221 iter 334999
POOL 0.4889526 221100100221221100100221 iter 335499
POOL 0.4889526 221100100221221100100221 iter 335999
POOL 0.0814209 100220221100100011101101 iter 336499
POOL 0.4846191 100221221100100221221100 iter 336999
POOL 0.4846191 100221221100100221221100 iter 337499
POOL 0.4846191 100221221100100221221100 iter 337999
POOL 0.4846191 100221221100100221221100 iter 338499
POOL 0.4846191 100221221100100221221100 iter 338999
POOL 0.4846191 100221221100100221221100 iter 339499
POOL 0.4846191 100221221100100221221100 iter 339999
POOL 0.05950928 011102000222102012012212 iter 340499
POOL 0.08880615 012102000022222012112212 iter 340999
POOL 0.4889526 221100100221221100100221 iter 341499
POOL 0.4889526 221100100221221100100221 iter 341999
POOL 0.4889526 221100100221221100100221 iter 342499
POOL 0.4889526 221100100221221100100221 iter 342999
POOL 0.4889526 221100100221221100100221 iter 343499
POOL 0.4889526 221100100221221100100221 iter 343999
POOL 0.09259033 012000122221001100100221 iter 344499
POOL 0.07958984 012000122221001100120221 iter 344999
POOL 0.4889526 221100100221221100100221 iter 345499
POOL 0.4889526 221100100221221100100221 iter 345999
POOL 0.4889526 221100100221221100100221 iter 346499
POOL 0.4889526 221100100221221100100221 iter 346999
POOL 0.4889526 221100100221221100100221 iter 347499
POOL 0.4889526 221100100221221100100221 iter 347999
POOL 0.1134033 200200221122100221221100 iter 348499
POOL 0.4846191 100221221100100221221100 iter 348999
POOL 0.4846191 100221221100100221221100 iter 349499
POOL 0.4846191 100221221100100221221100 iter 349999
POOL 0.4846191 100221221100100221221100 iter 350499
POOL 0.4846191 100221221100100221221100 iter 350999
POOL 0.4846191 100221221100100221221100 iter 351499
POOL 0.4846191 100221221100100221221100 iter 351999
POOL 0.1164551 112011222012100012211000 iter 352499
POOL 0.1049194 112011222012100012212000 iter 352999
POOL 0.09741211 112011222010122021012000 iter 353499
POOL 0.1065674 112021221100102221212000 iter 353999
POOL 0.2592163 121221221100100221221100 iter 354499
POOL 0.4846191 100221221100100221221100 iter 354999
POOL 0.4846191 100221221100100221221100 iter 355499
POOL 0.4846191 100221221100100221221100 iter 355999
POOL 0.06237793 100112222012100022222012 iter 356499
POOL 0.0802002 100112222012102012222012 iter 356999
POOL 0.1151733 112011222012100012221100 iter 357499
POOL 0.1149292 112011222012100012221000 iter 357999
POOL 0.2529907 100221222100100221221100 iter 358499
POOL 0.4846191 100221221100100221221100 iter 358999
POOL 0.4846191 100221221100100221221100 iter 359499
POOL 0.4846191 100221221100100221221100 iter 359999
POOL 0.04229736 102012200110022221222002 iter 360499
POOL 0.04003906 101112200100200221222002 iter 360999
POOL 0.08276367 100011220220201100222000 iter 361499
POOL 0.08837891 100011220220221100222000 iter 361999
POOL 0.1381836 100221222000120221221100 iter 362499
POOL 0.4846191 100221221100100221221100 iter 362999
POOL 0.4846191 100221221100100221221100 iter 363499
POOL 0.4846191 100221221100100221221100 iter 363999
POOL 0.06658936 100211011220110021221100 iter 364499
POOL 0.4846191 100221221100100221221100 iter 364999
POOL 0.4846191 100221221100100221221100 iter 365499
POOL 0.4846191 100221221100100221221100 iter 365999
POOL 0.4846191 100221221100100221221100 iter 366499
POOL 0.4846191 100221221100100221221100 iter 366999
POOL 0.4846191 100221221100100221221100 iter 367499
POOL 0.4846191 100221221100100221221100 iter 367999
POOL 0.1481323 011112000012222012012212 iter 368499
POOL 0.1655273 011112000012222012112211 iter 368999
POOL 0.1633911 011112000012222012112222 iter 369499
POOL 0.1543579 011112000012222012112221 iter 369999
POOL 0.1655273 011112000012222012112211 iter 370499
POOL 0.1655273 011112000012222012112211 iter 370999
POOL 0.1655273 011112000012222012112211 iter 371499
POOL 0.1799927 011112000012222012112212 iter 371999
POOL 0.4889526 221100100221221100100221 iter 372499
POOL 0.4889526 221100100221221100100221 iter 372999
POOL 0.4889526 221100100221221100100221 iter 373499
POOL 0.4889526 221100100221221100100221 iter 373999
POOL 0.4889526 221100100221221100100221 iter 374499
POOL 0.4889526 221100100221221100100221 iter 374999
POOL 0.4889526 221100100221221100100221 iter 375499
POOL 0.4889526 221100100221221100100221 iter 375999
POOL 0.170166 221101100221201100100221 iter 376499
POOL 0.4889526 221100100221221100100221 iter 376999
POOL 0.4889526 221100100221221100100221 iter 377499
POOL 0.4889526 221100100221221100100221 iter 377999
POOL 0.4889526 221100100221221100100221 iter 378499
POOL 0.4889526 221100100221221100100221 iter 378999
POOL 0.4889526 221100100221221100100221 iter 379499
POOL 0.4889526 221100100221221100100221 iter 379999
POOL 0.03887939 200211011012222012222100 iter 380499
POOL 0.4846191 100221221100100221221100 iter 380999
POOL 0.4846191 100221221100100221221100 iter 381499
POOL 0.4846191 100221221100100221221100 iter 381999
POOL 0.4846191 100221221100100221221100 iter 382499
POOL 0.4846191 100221221100100221221100 iter 382999
POOL 0.4846191 100221221100100221221100 iter 383499
POOL 0.4846191 100221221100100221221100 iter 383999
POOL 0.05413818 012010022000102221112011 iter 384499
POOL 0.05969238 012010022010102221112011 iter 384999
POOL 0.105835 012000022000102011112011 iter 385499
POOL 0.1600952 012000012000112011112011 iter 385999
POOL 0.100647 022002012000112011002012 iter 386499
POOL 0.100647 022002012000112011002012 iter 386999
POOL 0.01092529 102110100111112022000221 iter 387499
POOL 0.4889526 221100100221221100100221 iter 387999
POOL 0.1333008 221100100221011100221221 iter 388499
POOL 0.4889526 221100100221221100100221 iter 388999
POOL 0.4889526 221100100221221100100221 iter 389499
POOL 0.4889526 221100100221221100100221 iter 389999
POOL 0.4889526 221100100221221100100221 iter 390499
POOL 0.4889526 221100100221221100100221 iter 390999
POOL 0.4889526 221100100221221100100221 iter 391499
POOL 0.4889526 221100100221221100100221 iter 391999
POOL 0.4846191 100221221100100221221100 iter 392499
POOL 0.4846191 100221221100100221221100 iter 392999
POOL 0.4846191 100221221100100221221100 iter 393499
POOL 0.4846191 100221221100100221221100 iter 393999
POOL 0.4846191 100221221100100221221100 iter 394499
POOL 0.4846191 100221221100100221221100 iter 394999
POOL 0.4846191 100221221100100221221100 iter 395499
POOL 0.4846191 100221221100100221221100 iter 395999
POOL 0.07647705 102121222000102121221100 iter 396499
POOL 0.4846191 100221221100100221221100 iter 396999
POOL 0.4846191 100221221100100221221100 iter 397499
POOL 0.4846191 100221221100100221221100 iter 397999
POOL 0.4846191 100221221100100221221100 iter 398499
POOL 0.4846191 100221221100100221221100 iter 398999
POOL 0.4846191 100221221100100221221100 iter 399499
POOL 0.4846191 100221221100100221221100 iter 399999
POOL 0.07989502 011112000200111101220222 iter 400499
POOL 0.06652832 221111220220111101000220 iter 400999
POOL 0.4889526 221100100221221100100221 iter 401499
POOL 0.4889526 221100100221221100100221 iter 401999
POOL 0.4889526 221100100221221100100221 iter 402499
POOL 0.4889526 221100100221221100100221 iter 402999
POOL 0.4889526 221100100221221100100221 iter 403499
POOL 0.4889526 221100100221221100100221 iter 403999
POOL 0.2620239 221000100221221100100221 iter 404499
POOL 0.4889526 221100100221221100100221 iter 404999
POOL 0.4889526 221100100221221100100221 iter 405499
POOL 0.4889526 221100100221221100100221 iter 405999
POOL 0.4889526 221100100221221100100221 iter 406499
POOL 0.4889526 221100100221221100100221 iter 406999
POOL 0.4889526 221100100221221100100221 iter 407499
POOL 0.4889526 221100100221221100100221 iter 407999
POOL 0.4846191 100221221100100221221100 iter 408499
POOL 0.4846191 100221221100100221221100 iter 408999
POOL 0.4846191 100221221100100221221100 iter 409499
POOL 0.4846191 100221221100100221221100 iter 409999
POOL 0.4846191 100221221100100221221100 iter 410499
POOL 0.4846191 100221221100100221221100 iter 410999
POOL 0.4846191 100221221100100221221100 iter 411499
POOL 0.4846191 100221221100100221221100 iter 411999
POOL 0.04907227 112011200010220221221000 iter 412499
POOL 0.1219482 100221221100002221011100 iter 412999
POOL 0.4846191 100221221100100221221100 iter 413499
POOL 0.4846191 100221221100100221221100 iter 413999
POOL 0.4846191 100221221100100221221100 iter 414499
POOL 0.4846191 100221221100100221221100 iter 414999
POOL 0.4846191 100221221100100221221100 iter 415499
POOL 0.4846191 100221221100100221221100 iter 415999
POOL 0.2276001 100221221220100221221100 iter 416499
POOL 0.4846191 100221221100100221221100 iter 416999
POOL 0.4846191 100221221100100221221100 iter 417499
POOL 0.4846191 100221221100100221221100 iter 417999
POOL 0.4846191 100221221100100221221100 iter 418499
POOL 0.4846191 100221221100100221221100 iter 418999
POOL 0.4846191 100221221100100221221100 iter 419499
POOL 0.4846191 100221221100100221221100 iter 419999
POOL 0.1176758 100221221101100101222100 iter 420499
POOL 0.4846191 100221221100100221221100 iter 420999
POOL 0.4846191 100221221100100221221100 iter 421499
POOL 0.4846191 100221221100100221221100 iter 421999
POOL 0.4846191 100221221100100221221100 iter 422499
POOL 0.4846191 100221221100100221221100 iter 422999
POOL 0.4846191 100221221100100221221100 iter 423499
POOL 0.4846191 100221221100100221221100 iter 423999
POOL 0.0848999 012222012000110121221100 iter 424499
POOL 0.116394 102221012000110221221100 iter 424999
POOL 0.4846191 100221221100100221221100 iter 425499
POOL 0.4846191 100221221100100221221100 iter 425999
POOL 0.4846191 100221221100100221221100 iter 426499
POOL 0.4846191 100221221100100221221100 iter 426999
POOL 0.4846191 100221221100100221221100 iter 427499
POOL 0.4846191 100221221100100221221100 iter 427999
POOL 0.08447266 012222122002221012011112 iter 428499
POOL 0.135376 012222012000011110011112 iter 428999
POOL 0.137207 012222012000210011011112 iter 429499
POOL 0.137207 012222012000210011011112 iter 429999
POOL 0.1609497 012222012000110011011112 iter 430499
POOL 0.1550293 012222012000000011011112 iter 430999
POOL 0.01721191 002122011022000012222222 iter 431499
POOL 0.01763916 011102110021002001011202 iter 431999
POOL 0.1022949 200200221100101221211100 iter 432499
POOL 0.2617188 100221221100110221221100 iter 432999
POOL 0.4846191 100221221100100221221100 iter 433499
POOL 0.4846191 100221221100100221221100 iter 433999
POOL 0.4846191 100221221100100221221100 iter 434499
POOL 0.4846191 100221221100100221221100 iter 434999
POOL 0.4846191 100221221100100221221100 iter 435499
POOL 0.4846191 100221221100100221221100 iter 435999
POOL 0.2158203 220220100221221100100221 iter 436499
POOL 0.4889526 221100100221221100100221 iter 436999
POOL 0.4889526 221100100221221100100221 iter 437499
POOL 0.4889526 221100100221221100100221 iter 437999
POOL 0.4889526 221100100221221100100221 iter 438499
POOL 0.4889526 221100100221221100100221 iter 438999
POOL 0.4889526 221100100221221100100221 iter 439499
POOL 0.4889526 221100100221221100100221 iter 439999
POOL 0.4889526 221100100221221100100221 iter 440499
POOL 0.4889526 221100100221221100100221 iter 440999
POOL 0.4889526 221100100221221100100221 iter 441499
POOL 0.4889526 221100100221221100100221 iter 441999
POOL 0.4889526 221100100221221100100221 iter 442499
POOL 0.4889526 221100100221221100100221 iter 442999
POOL 0.4889526 221100100221221100100221 iter 443499
POOL 0.4889526 221100100221221100100221 iter 443999
POOL 0.05090332 100221101021222010012012 iter 444499
POOL 0.05090332 100221101021222010012012 iter 444999
POOL 0.4889526 221100100221221100100221 iter 445499
POOL 0.4889526 221100100221221100100221 iter 445999
POOL 0.4889526 221100100221221100100221 iter 446499
POOL 0.4889526 221100100221221100100221 iter 446999
POOL 0.4889526 221100100221221100100221 iter 447499
POOL 0.4889526 221100100221221100100221 iter 447999
POOL 0.4889526 221100100221221100100221 iter 448499
POOL 0.4889526 221100100221221100100221 iter 448999
POOL 0.4889526 221100100221221100100221 iter 449499
POOL 0.4889526 221100100221221100100221 iter 449999
POOL 0.4889526 221100100221221100100221 iter 450499
POOL 0.4889526 221100100221221100100221 iter 450999
POOL 0.4889526 221100100221221100100221 iter 451499
POOL 0.4889526 221100100221221100100221 iter 451999
POOL 0.1176758 011112000222221100010222 iter 452499
POOL 0.4889526 221100100221221100100221 iter 452999
POOL 0.4889526 221100100221221100100221 iter 453499
POOL 0.4889526 221100100221221100100221 iter 453999
POOL 0.4889526 221100100221221100100221 iter 454499
POOL 0.4889526 221100100221221100100221 iter 454999
POOL 0.4889526 221100100221221100100221 iter 455499
POOL 0.4889526 221100100221221100100221 iter 455999
POOL 0.1359863 100221221100102221022100 iter 456499
POOL 0.4846191 100221221100100221221100 iter 456999
POOL 0.4846191 100221221100100221221100 iter 457499
POOL 0.4846191 100221221100100221221100 iter 457999
POOL 0.4846191 100221221100100221221100 iter 458499
POOL 0.4846191 100221221100100221221100 iter 458999
POOL 0.4846191 100221221100100221221100 iter 459499
POOL 0.4846191 100221221100100221221100 iter 459999
POOL 0.09155273 221200100011221100100200 iter 460499
POOL 0.4889526 221100100221221100100221 iter 460999
POOL 0.4889526 221100100221221100100221 iter 461499
POOL 0.4889526 221100100221221100100221 iter 461999
POOL 0.4889526 221100100221221100100221 iter 462499
POOL 0.4889526 221100100221221100100221 iter 462999
POOL 0.4889526 221100100221221100100221 iter 463499
POOL 0.4889526 221100100221221100100221 iter 463999
POOL 0.08642578 222010102001221100100221 iter 464499
POOL 0.4889526 221100100221221100100221 iter 464999
POOL 0.4889526 221100100221221100100221 iter 465499
POOL 0.4889526 221100100221221100100221 iter 465999
POOL 0.4889526 221100100221221100100221 iter 466499
POOL 0.4889526 221100100221221100100221 iter 466999
POOL 0.4889526 221100100221221100100221 iter 467499
POOL 0.4889526 221100100221221100100221 iter 467999
POOL 0.269165 100221220100100221221100 iter 468499
POOL 0.4846191 100221221100100221221100 iter 468999
POOL 0.4846191 100221221100100221221100 iter 469499
POOL 0.4846191 100221221100100221221100 iter 469999
POOL 0.4846191 100221221100100221221100 iter 470499
POOL 0.4846191 100221221100100221221100 iter 470999
POOL 0.4846191 100221221100100221221100 iter 471499
POOL 0.4846191 100221221100100221221100 iter 471999
POOL 0.2138672 221100100221101101100221 iter 472499
POOL 0.2138672 221100100221101101100221 iter 472999
POOL 0.4889526 221100100221221100100221 iter 473499
POOL 0.4889526 221100100221221100100221 iter 473999
POOL 0.4889526 221100100221221100100221 iter 474499
POOL 0.4889526 221100100221221100100221 iter 474999
POOL 0.4889526 221100100221221100100221 iter 475499
POOL 0.4889526 221100100221221100100221 iter 475999
POOL 0.08251953 222012100011222000102012 iter 476499
POOL 0.109375 221100100011222010112011 iter 476999
POOL 0.118042 221100100012222012102011 iter 477499
POOL 0.1139526 211100100012222012112011 iter 477999
POOL 0.4889526 221100100221221100100221 iter 478499
POOL 0.4889526 221100100221221100100221 iter 478999
POOL 0.4889526 221100100221221100100221 iter 479499
POOL 0.4889526 221100100221221100100221 iter 479999
POOL 0.08532715 100011221111000220011100 iter 480499
POOL 0.06994629 000011021111000220011100 iter 480999
POOL 0.4846191 100221221100100221221100 iter 481499
POOL 0.4846191 100221221100100221221100 iter 481999
POOL 0.4846191 100221221100100221221100 iter 482499
POOL 0.4846191 100221221100100221221100 iter 482999
POOL 0.4846191 100221221100100221221100 iter 483499
POOL 0.4846191 100221221100100221221100 iter 483999
POOL 0.1378174 222012112011011210000012 iter 484499
POOL 0.1378174 222012112011011210000012 iter 484999
POOL 0.1699829 222012112011011010000012 iter 485499
POOL 0.1699829 222012112011011010000012 iter 485999
POOL 0.1593628 222012112011011110000012 iter 486499
POOL 0.1699829 222012112011011010000012 iter 486999
POOL 0.1551514 222012112011011000000012 iter 487499
POOL 0.1494141 222012112011011100000012 iter 487999
POOL 0.06005859 100101221222121101222220 iter 488499
POOL 0.08300781 101100221122100001221100 iter 488999
POOL 0.4846191 100221221100100221221100 iter 489499
POOL 0.4846191 100221221100100221221100 iter 489999
POOL 0.4846191 100221221100100221221100 iter 490499
POOL 0.4846191 100221221100100221221100 iter 490999
POOL 0.4846191 100221221100100221221100 iter 491499
POOL 0.4846191 100221221100100221221100 iter 491999
POOL 0.1189575 221102100221221110000012 iter 492499
POOL 0.2671509 221100100221221100200221 iter 492999
POOL 0.4889526 221100100221221100100221 iter 493499
POOL 0.4889526 221100100221221100100221 iter 493999
POOL 0.4889526 221100100221221100100221 iter 494499
POOL 0.4889526 221100100221221100100221 iter 494999
POOL 0.4889526 221100100221221100100221 iter 495499
POOL 0.4889526 221100100221221100100221 iter 495999
POOL 0.1154175 011102100221221100012222 iter 496499
POOL 0.104248 011112000211221100010222 iter 496999
POOL 0.09851074 221112100221222100002222 iter 497499
POOL 0.4889526 221100100221221100100221 iter 497999
POOL 0.4889526 221100100221221100100221 iter 498499
POOL 0.4889526 221100100221221100100221 iter 498999
POOL 0.4889526 221100100221221100100221 iter 499499
POOL 0.4889526 221100100221221100100221 iter 499999
POOL 0.4889526 221100100221221100100221 iter 500499
POOL 0.4889526 221100100221221100100221 iter 500999
POOL 0.4889526 221100100221221100100221 iter 501499
POOL 0.4889526 221100100221221100100221 iter 501999
POOL 0.4889526 221100100221221100100221 iter 502499
POOL 0.4889526 221100100221221100100221 iter 502999
POOL 0.4889526 221100100221221100100221 iter 503499
POOL 0.4889526 221100100221221100100221 iter 503999
POOL 0.1669922 120221221100100121221100 iter 504499
POOL 0.4846191 100221221100100221221100 iter 504999
POOL 0.4846191 100221221100100221221100 iter 505499
POOL 0.4846191 100221221100100221221100 iter 505999
POOL 0.4846191 100221221100100221221100 iter 506499
POOL 0.4846191 100221221100100221221100 iter 506999
POOL 0.4846191 100221221100100221221100 iter 507499
POOL 0.4846191 100221221100100221221100 iter 507999
POOL 0.4889526 221100100221221100100221 iter 508499
POOL 0.4889526 221100100221221100100221 iter 508999
POOL 0.4889526 221100100221221100100221 iter 509499
POOL 0.4889526 221100100221221100100221 iter 509999
POOL 0.4889526 221100100221221100100221 iter 510499
POOL 0.4889526 221100100221221100100221 iter 510999
POOL 0.4889526 221100100221221100100221 iter 511499
POOL 0.4889526 221100100221221100100221 iter 511999
POOL 0.09405518 100221011000112011222112 iter 512499
POOL 0.08612061 100221210100112011222012 iter 512999
POOL 0.1254272 100221221100102211222000 iter 513499
POOL 0.4846191 100221221100100221221100 iter 513999
POOL 0.4846191 100221221100100221221100 iter 514499
POOL 0.4846191 100221221100100221221100 iter 514999
POOL 0.4846191 100221221100100221221100 iter 515499
POOL 0.4846191 100221221100100221221100 iter 515999
POOL 0.09350586 112011212012010012011210 iter 516499
POOL 0.1047974 112011212012010012011110 iter 516999
POOL 0.1108398 112011212012010012011010 iter 517499
POOL 0.1108398 112011212012010012011010 iter 517999
POOL 0.1656494 112011222012000012011010 iter 518499
POOL 0.15625 112011222012000012011000 iter 518999
POOL 0.15625 112011222012000012011000 iter 519499
POOL 0.15625 112011222012000012011000 iter 519999
POOL 0.08447266 221010112011221000100221 iter 520499
POOL 0.1032715 222012102011222000100221 iter 520999
POOL 0.1063843 222012112011212000100021 iter 521499
POOL 0.09967041 222012102011222000100021 iter 521999
POOL 0.171875 222100100021221100100221 iter 522499
POOL 0.4889526 221100100221221100100221 iter 522999
POOL 0.4889526 221100100221221100100221 iter 523499
POOL 0.4889526 221100100221221100100221 iter 523999
POOL 0.25 211100100221221100100221 iter 524499
POOL 0.4889526 221100100221221100100221 iter 524999
POOL 0.4889526 221100100221221100100221 iter 525499
POOL 0.4889526 221100100221221100100221 iter 525999
POOL 0.4889526 221100100221221100100221 iter 526499
POOL 0.4889526 221100100221221100100221 iter 526999
POOL 0.4889526 221100100221221100100221 iter 527499
POOL 0.4889526 221100100221221100100221 iter 527999
POOL 0.06396484 011112010212010222000222 iter 528499
POOL 0.05712891 021112010212010222000222 iter 528999
POOL 0.07128906 221111220200100221000200 iter 529499
POOL 0.06658936 221111100200100221000200 iter 529999
POOL 0.4889526 221100100221221100100221 iter 530499
POOL 0.4889526 221100100221221100100221 iter 530999
POOL 0.4889526 221100100221221100100221 iter 531499
POOL 0.4889526 221100100221221100100221 iter 531999
POOL 0.2788086 221100100220221100100221 iter 532499
POOL 0.4889526 221100100221221100100221 iter 532999
POOL 0.4889526 221100100221221100100221 iter 533499
POOL 0.4889526 221100100221221100100221 iter 533999
POOL 0.4889526 221100100221221100100221 iter 534499
POOL 0.4889526 221100100221221100100221 iter 534999
POOL 0.4889526 221100100221221100100221 iter 535499
POOL 0.4889526 221100100221221100100221 iter 535999
POOL 0.07318115 101221222200221100221220 iter 536499
POOL 0.1047974 100221222000221100221220 iter 536999
POOL 0.4846191 100221221100100221221100 iter 537499
POOL 0.4846191 100221221100100221221100 iter 537999
POOL 0.4846191 100221221100100221221100 iter 538499
POOL 0.4846191 100221221100100221221100 iter 538999
POOL 0.4846191 100221221100100221221100 iter 539499
POOL 0.4846191 100221221100100221221100 iter 539999
POOL 0.1262207 220100100221221100210200 iter 540499
POOL 0.4889526 221100100221221100100221 iter 540999
POOL 0.4889526 221100100221221100100221 iter 541499
POOL 0.4889526 221100100221221100100221 iter 541999
POOL 0.4889526 221100100221221100100221 iter 542499
POOL 0.4889526 221100100221221100100221 iter 542999
POOL 0.4889526 221100100221221100100221 iter 543499
POOL 0.4889526 221100100221221100100221 iter 543999
POOL 0.4889526 221100100221221100100221 iter 544499
POOL 0.4889526 221100100221221100100221 iter 544999
POOL 0.4889526 221100100221221100100221 iter 545499
POOL 0.4889526 221100100221221100100221 iter 545999
POOL 0.4889526 221100100221221100100221 iter 546499
POOL 0.4889526 221100100221221100100221 iter 546999
POOL 0.4889526 221100100221221100100221 iter 547499
POOL 0.4889526 221100100221221100100221 iter 547999
POOL 0.4889526 221100100221221100100221 iter 548499
POOL 0.4889526 221100100221221100100221 iter 548999
POOL 0.4889526 221100100221221100100221 iter 549499
POOL 0.4889526 221100100221221100100221 iter 549999
POOL 0.4889526 221100100221221100100221 iter 550499
POOL 0.4889526 221100100221221100100221 iter 550999
POOL 0.4889526 221100100221221100100221 iter 551499
POOL 0.4889526 221100100221221100100221 iter 551999
POOL 0.4889526 221100100221221100100221 iter 552499
POOL 0.4889526 221100100221221100100221 iter 552999
POOL 0.4889526 221100100221221100100221 iter 553499
POOL 0.4889526 221100100221221100100221 iter 553999
POOL 0.4889526 221100100221221100100221 iter 554499
POOL 0.4889526 221100100221221100100221 iter 554999
POOL 0.4889526 221100100221221100100221 iter 555499
POOL 0.4889526 221100100221221100100221 iter 555999
POOL 0.04138184 021000100221012000001021 iter 556499
POOL 0.4889526 221100100221221100100221 iter 556999
POOL 0.4889526 221100100221221100100221 iter 557499
POOL 0.4889526 221100100221221100100221 iter 557999
POOL 0.4889526 221100100221221100100221 iter 558499
POOL 0.4889526 221100100221221100100221 iter 558999
POOL 0.4889526 221100100221221100100221 iter 559499
POOL 0.4889526 221100100221221100100221 iter 559999
POOL 0.1013184 222220100221221100101111 iter 560499
POOL 0.4889526 221100100221221100100221 iter 560999
POOL 0.4889526 221100100221221100100221 iter 561499
POOL 0.4889526 221100100221221100100221 iter 561999
POOL 0.4889526 221100100221221100100221 iter 562499
POOL 0.4889526 221100100221221100100221 iter 562999
POOL 0.4889526 221100100221221100100221 iter 563499
POOL 0.4889526 221100100221221100100221 iter 563999
POOL 0.2729492 221100100221220100100221 iter 564499
POOL 0.4889526 221100100221221100100221 iter 564999
POOL 0.4889526 221100100221221100100221 iter 565499
POOL 0.4889526 221100100221221100100221 iter 565999
POOL 0.4889526 221100100221221100100221 iter 566499
POOL 0.4889526 221100100221221100100221 iter 566999
POOL 0.4889526 221100100221221100100221 iter 567499
POOL 0.4889526 221100100221221100100221 iter 567999
POOL 0.4889526 221100100221221100100221 iter 568499
POOL 0.4889526 221100100221221100100221 iter 568999
POOL 0.4889526 221100100221221100100221 iter 569499
POOL 0.4889526 221100100221221100100221 iter 569999
POOL 0.4889526 221100100221221100100221 iter 570499
POOL 0.4889526 221100100221221100100221 iter 570999
POOL 0.4889526 221100100221221100100221 iter 571499
POOL 0.4889526 221100100221221100100221 iter 571999
POOL 0.0645752 112221221112012222211101 iter 572499
POOL 0.4846191 100221221100100221221100 iter 572999
POOL 0.4846191 100221221100100221221100 iter 573499
POOL 0.4846191 100221221100100221221100 iter 573999
POOL 0.4846191 100221221100100221221100 iter 574499
POOL 0.4846191 100221221100100221221100 iter 574999
POOL 0.4846191 100221221100100221221100 iter 575499
POOL 0.4846191 100221221100100221221100 iter 575999
POOL 0.4889526 221100100221221100100221 iter 576499
POOL 0.4889526 221100100221221100100221 iter 576999
POOL 0.4889526 221100100221221100100221 iter 577499
POOL 0.4889526 221100100221221100100221 iter 577999
POOL 0.4889526 221100100221221100100221 iter 578499
POOL 0.4889526 221100100221221100100221 iter 578999
POOL 0.4889526 221100100221221100100221 iter 579499
POOL 0.4889526 221100100221221100100221 iter 579999
POOL 0.1256714 221220100220221100101221 iter 580499
POOL 0.4889526 221100100221221100100221 iter 580999
POOL 0.4889526 221100100221221100100221 iter 581499
POOL 0.4889526 221100100221221100100221 iter 581999
POOL 0.4889526 221100100221221100100221 iter 582499
POOL 0.4889526 221100100221221100100221 iter 582999
POOL 0.4889526 221100100221221100100221 iter 583499
POOL 0.4889526 221100100221221100100221 iter 583999
POOL 0.4846191 100221221100100221221100 iter 584499
POOL 0.4846191 100221221100100221221100 iter 584999
POOL 0.4846191 100221221100100221221100 iter 585499
POOL 0.4846191 100221221100100221221100 iter 585999
POOL 0.4846191 100221221100100221221100 iter 586499
POOL 0.4846191 100221221100100221221100 iter 586999
POOL 0.4846191 100221221100100221221100 iter 587499
POOL 0.4846191 100221221100100221221100 iter 587999
POOL 0.04858398 222010102011210010100221 iter 588499
POOL 0.1217651 222010102011221100100221 iter 588999
POOL 0.4889526 221100100221221100100221 iter 589499
POOL 0.4889526 221100100221221100100221 iter 589999
POOL 0.4889526 221100100221221100100221 iter 590499
POOL 0.4889526 221100100221221100100221 iter 590999
POOL 0.4889526 221100100221221100100221 iter 591499
POOL 0.4889526 221100100221221100100221 iter 591999
POOL 0.269165 100221220100100221221100 iter 592499
POOL 0.4846191 100221221100100221221100 iter 592999
POOL 0.4846191 100221221100100221221100 iter 593499
POOL 0.4846191 100221221100100221221100 iter 593999
POOL 0.4846191 100221221100100221221100 iter 594499
POOL 0.4846191 100221221100100221221100 iter 594999
POOL 0.4846191 100221221100100221221100 iter 595499
POOL 0.4846191 100221221100100221221100 iter 595999
POOL 0.1561279 100221222110100221221100 iter 596499
POOL 0.4846191 100221221100100221221100 iter 596999
POOL 0.4846191 100221221100100221221100 iter 597499
POOL 0.4846191 100221221100100221221100 iter 597999
POOL 0.4846191 100221221100100221221100 iter 598499
POOL 0.4846191 100221221100100221221100 iter 598999
POOL 0.4846191 100221221100100221221100 iter 599499
POOL 0.4846191 100221221100100221221100 iter 599999
POOL 0.2397461 101100100221221100100221 iter 600499
POOL 0.4889526 221100100221221100100221 iter 600999
POOL 0.4889526 221100100221221100100221 iter 601499
POOL 0.4889526 221100100221221100100221 iter 601999
POOL 0.4889526 221100100221221100100221 iter 602499
POOL 0.4889526 221100100221221100100221 iter 602999
POOL 0.4889526 221100100221221100100221 iter 603499
POOL 0.4889526 221100100221221100100221 iter 603999
POOL 0.2567139 100221221100100221221121 iter 604499
POOL 0.4846191 100221221100100221221100 iter 604999
POOL 0.4846191 100221221100100221221100 iter 605499
POOL 0.4846191 100221221100100221221100 iter 605999
POOL 0.4846191 100221221100100221221100 iter 606499
POOL 0.4846191 100221221100100221221100 iter 606999
POOL 0.4846191 100221221100100221221100 iter 607499
POOL 0.4846191 100221221100100221221100 iter 607999
POOL 0.06591797 002022012000210020222012 iter 608499
POOL 0.08319092 002022012000212110222012 iter 608999
POOL 0.07885742 002222012102011112021112 iter 609499
POOL 0.07403564 002222012100011112021112 iter 609999
POOL 0.1693115 012222022002000012011112 iter 610499
POOL 0.1567993 012222022000000012011112 iter 610999
POOL 0.1693115 012222022002000012011112 iter 611499
POOL 0.1693115 012222022002000012011112 iter 611999
POOL 0.09106445 222100102221021100000222 iter 612499
POOL 0.4889526 221100100221221100100221 iter 612999
POOL 0.4889526 221100100221221100100221 iter 613499
POOL 0.4889526 221100100221221100100221 iter 613999
POOL 0.4889526 221100100221221100100221 iter 614499
POOL 0.4889526 221100100221221100100221 iter 614999
POOL 0.4889526 221100100221221100100221 iter 615499
POOL 0.4889526 221100100221221100100221 iter 615999
POOL 0.09649658 221100020221201100102221 iter 616499
POOL 0.4889526 221100100221221100100221 iter 616999
POOL 0.4889526 221100100221221100100221 iter 617499
POOL 0.4889526 221100100221221100100221 iter 617999
POOL 0.4889526 221100100221221100100221 iter 618499
POOL 0.4889526 221100100221221100100221 iter 618999
POOL 0.4889526 221100100221221100100221 iter 619499
POOL 0.4889526 221100100221221100100221 iter 619999
POOL 0.08496094 012222221100020211011112 iter 620499
POOL 0.1079102 012222221100000211011112 iter 620999
POOL 0.1113892 012222012000100221011102 iter 621499
POOL 0.112854 012222012000110021011102 iter 621999
POOL 0.07568359 012222012000220021211102 iter 622499
POOL 0.4846191 100221221100100221221100 iter 622999
POOL 0.4846191 100221221100100221221100 iter 623499
POOL 0.4846191 100221221100100221221100 iter 623999
POOL 0.1297607 221100100221221122100001 iter 624499
POOL 0.4889526 221100100221221100100221 iter 624999
POOL 0.4889526 221100100221221100100221 iter 625499
POOL 0.4889526 221100100221221100100221 iter 625999
POOL 0.4889526 221100100221221100100221 iter 626499
POOL 0.4889526 221100100221221100100221 iter 626999
POOL 0.4889526 221100100221221100100221 iter 627499
POOL 0.4889526 221100100221221100100221 iter 627999
POOL 0.08123779 200011121111100221221120 iter 628499
POOL 0.4846191 100221221100100221221100 iter 628999
POOL 0.4846191 100221221100100221221100 iter 629499
POOL 0.4846191 100221221100100221221100 iter 629999
POOL 0.4846191 100221221100100221221100 iter 630499
POOL 0.4846191 100221221100100221221100 iter 630999
POOL 0.4846191 100221221100100221221100 iter 631499
POOL 0.4846191 100221221100100221221100 iter 631999
POOL 0.2054443 100221221100100221100101 iter 632499
POOL 0.4846191 100221221100100221221100 iter 632999
POOL 0.4846191 100221221100100221221100 iter 633499
POOL 0.4846191 100221221100100221221100 iter 633999
POOL 0.4846191 100221221100100221221100 iter 634499
POOL 0.4846191 100221221100100221221100 iter 634999
POOL 0.4846191 100221221100100221221100 iter 635499
POOL 0.4846191 100221221100100221221100 iter 635999
POOL 0.2609863 021100100221221100100221 iter 636499
POOL 0.4889526 221100100221221100100221 iter 636999
POOL 0.4889526 221100100221221100100221 iter 637499
POOL 0.4889526 221100100221221100100221 iter 637999
POOL 0.4889526 221100100221221100100221 iter 638499
POOL 0.4889526 221100100221221100100221 iter 638999
POOL 0.4889526 221100100221221100100221 iter 639499
POOL 0.4889526 221100100221221100100221 iter 639999
POOL 0.4846191 100221221100100221221100 iter 640499
POOL 0.4846191 100221221100100221221100 iter 640999
POOL 0.4846191 100221221100100221221100 iter 641499
POOL 0.4846191 100221221100100221221100 iter 641999
POOL 0.4846191 100221221100100221221100 iter 642499
POOL 0.4846191 100221221100100221221100 iter 642999
POOL 0.4846191 100221221100100221221100 iter 643499
POOL 0.4846191 100221221100100221221100 iter 643999
POOL 0.4889526 221100100221221100100221 iter 644499
POOL 0.4889526 221100100221221100100221 iter 644999
POOL 0.4889526 221100100221221100100221 iter 645499
POOL 0.4889526 221100100221221100100221 iter 645999
POOL 0.4889526 221100100221221100100221 iter 646499
POOL 0.4889526 221100100221221100100221 iter 646999
POOL 0.4889526 221100100221221100100221 iter 647499
POOL 0.4889526 221100100221221100100221 iter 647999
POOL 0.2803955 221100100221221100101221 iter 648499
POOL 0.4889526 221100100221221100100221 iter 648999
POOL 0.4889526 221100100221221100100221 iter 649499
POOL 0.4889526 221100100221221100100221 iter 649999
POOL 0.4889526 221100100221221100100221 iter 650499
POOL 0.4889526 221100100221221100100221 iter 650999
POOL 0.4889526 221100100221221100100221 iter 651499
POOL 0.4889526 221100100221221100100221 iter 651999
POOL 0.4846191 100221221100100221221100 iter 652499
POOL 0.4846191 100221221100100221221100 iter 652999
POOL 0.4846191 100221221100100221221100 iter 653499
POOL 0.4846191 100221221100100221221100 iter 653999
POOL 0.4846191 100221221100100221221100 iter 654499
POOL 0.4846191 100221221100100221221100 iter 654999
POOL 0.4846191 100221221100100221221100 iter 655499
POOL 0.4846191 100221221100100221221100 iter 655999
POOL 0.2811279 221100101221221100100221 iter 656499
POOL 0.4889526 221100100221221100100221 iter 656999
POOL 0.4889526 221100100221221100100221 iter 657499
POOL 0.4889526 221100100221221100100221 iter 657999
POOL 0.4889526 221100100221221100100221 iter 658499
POOL 0.4889526 221100100221221100100221 iter 658999
POOL 0.4889526 221100100221221100100221 iter 659499
POOL 0.4889526 221100100221221100100221 iter 659999
POOL 0.1743164 100221221102100221221120 iter 660499
POOL 0.4846191 100221221100100221221100 iter 660999
POOL 0.4846191 100221221100100221221100 iter 661499
POOL 0.4846191 100221221100100221221100 iter 661999
POOL 0.4846191 100221221100100221221100 iter 662499
POOL 0.4846191 100221221100100221221100 iter 662999
POOL 0.4846191 100221221100100221221100 iter 663499
POOL 0.4846191 100221221100100221221100 iter 663999
POOL 0.04644775 002012102011221100010222 iter 664499
POOL 0.1571655 221002100221221100100221 iter 664999
POOL 0.4889526 221100100221221100100221 iter 665499
POOL 0.4889526 221100100221221100100221 iter 665999
POOL 0.4889526 221100100221221100100221 iter 666499
POOL 0.4889526 221100100221221100100221 iter 666999
POOL 0.4889526 221100100221221100100221 iter 667499
POOL 0.4889526 221100100221221100100221 iter 667999
POOL 0.1848755 100221221100100221221010 iter 668499
POOL 0.4846191 100221221100100221221100 iter 668999
POOL 0.4846191 100221221100100221221100 iter 669499
POOL 0.4846191 100221221100100221221100 iter 669999
POOL 0.4846191 100221221100100221221100 iter 670499
POOL 0.4846191 100221221100100221221100 iter 670999
POOL 0.4846191 100221221100100221221100 iter 671499
POOL 0.4846191 100221221100100221221100 iter 671999
POOL 0.06060791 012212012010000011000212 iter 672499
POOL 0.06060791 012212012010000011000212 iter 672999
POOL 0.09338379 012222012000110011000212 iter 673499
POOL 0.1062622 012222012000110011010212 iter 673999
POOL 0.09863281 012022012000110011010012 iter 674499
POOL 0.1764526 012222012000112011212112 iter 674999
POOL 0.1123657 012222012000012010012012 iter 675499
POOL 0.1409912 012222012000012010012112 iter 675999
POOL 0.03930664 010200010012012222100100 iter 676499
POOL 0.08325195 122221111100012222000100 iter 676999
POOL 0.1077881 110021011102012222012000 iter 677499
POOL 0.1077881 110021011102012222012000 iter 677999
POOL 0.1687012 010011011112012222012000 iter 678499
POOL 0.1687012 010011011112012222012000 iter 678999
POOL 0.1283569 010012011112012222012222 iter 679499
POOL 0.1459961 010012011112012222012002 iter 679999
POOL 0.03198242 220110100212012101012221 iter 680499
POOL 0.4889526 221100100221221100100221 iter 680999
POOL 0.4889526 221100100221221100100221 iter 681499
POOL 0.4889526 221100100221221100100221 iter 681999
POOL 0.4889526 221100100221221100100221 iter 682499
POOL 0.4889526 221100100221221100100221 iter 682999
POOL 0.4889526 221100100221221100100221 iter 683499
POOL 0.4889526 221100100221221100100221 iter 683999
POOL 0.1654663 100221101100100222221100 iter 684499
POOL 0.4846191 100221221100100221221100 iter 684999
POOL 0.4846191 100221221100100221221100 iter 685499
POOL 0.4846191 100221221100100221221100 iter 685999
POOL 0.4846191 100221221100100221221100 iter 686499
POOL 0.4846191 100221221100100221221100 iter 686999
POOL 0.4846191 100221221100100221221100 iter 687499
POOL 0.4846191 100221221100100221221100 iter 687999
POOL 0.2501221 100221221100100211221100 iter 688499
POOL 0.4846191 100221221100100221221100 iter 688999
POOL 0.4846191 100221221100100221221100 iter 689499
POOL 0.4846191 100221221100100221221100 iter 689999
POOL 0.4846191 100221221100100221221100 iter 690499
POOL 0.4846191 100221221100100221221100 iter 690999
POOL 0.4846191 100221221100100221221100 iter 691499
POOL 0.4846191 100221221100100221221100 iter 691999
POOL 0.2692871 100201221100100221221100 iter 692499
POOL 0.4846191 100221221100100221221100 iter 692999
POOL 0.4846191 100221221100100221221100 iter 693499
POOL 0.4846191 100221221100100221221100 iter 693999
POOL 0.4846191 100221221100100221221100 iter 694499
POOL 0.4846191 100221221100100221221100 iter 694999
POOL 0.4846191 100221221100100221221100 iter 695499
POOL 0.4846191 100221221100100221221100 iter 695999
POOL 0.102478 212000211112012222012000 iter 696499
POOL 0.102478 212000211112012222012000 iter 696999
POOL 0.1292114 011000011112012222012000 iter 697499
POOL 0.1292114 011000011112012222012000 iter 697999
POOL 0.1385498 000012011112012222012002 iter 698499
POOL 0.1675415 000012011112012222022002 iter 698999
POOL 0.1675415 000012011112012222022002 iter 699499
POOL 0.1675415 000012011112012222022002 iter 699999
POOL 0.2637329 100221221100200221221100 iter 700499
POOL 0.4846191 100221221100100221221100 iter 700999
POOL 0.4846191 100221221100100221221100 iter 701499
POOL 0.4846191 100221221100100221221100 iter 701999
POOL 0.4846191 100221221100100221221100 iter 702499
POOL 0.4846191 100221221100100221221100 iter 702999
POOL 0.4846191 100221221100100221221100 iter 703499
POOL 0.4846191 100221221100100221221100 iter 703999
POOL 0.07037354 221100000012221002000012 iter 704499
POOL 0.08087158 221110000012222012100001 iter 704999
POOL 0.1685791 011010000012222012112011 iter 705499
POOL 0.1685791 011010000012222012112011 iter 705999
POOL 0.1685791 011010000012222012112011 iter 706499
POOL 0.1611328 011000000012222012112011 iter 706999
POOL 0.01361084 012100101022100201101011 iter 707499
POOL 0.03295898 012112012112111222212100 iter 707999
POOL 0.09082031 221100021221221220100211 iter 708499
POOL 0.3118286 221100221100221100100221 iter 708999
POOL 0.3118286 221100221100221100100221 iter 709499
POOL 0.3118286 221100221100221100100221 iter 709999
POOL 0.3118286 221100221100221100100221 iter 710499
POOL 0.3118286 221100221100221100100221 iter 710999
POOL 0.3118286 221100221100221100100221 iter 711499
POOL 0.3118286 221100221100221100100221 iter 711999
POOL 0.2102661 221121221100100221221100 iter 712499
POOL 0.4846191 100221221100100221221100 iter 712999
POOL 0.4846191 100221221100100221221100 iter 713499
POOL 0.4846191 100221221100100221221100 iter 713999
POOL 0.4846191 100221221100100221221100 iter 714499
POOL 0.4846191 100221221100100221221100 iter 714999
POOL 0.4846191 100221221100100221221100 iter 715499
POOL 0.4846191 100221221100100221221100 iter 715999
POOL 0.07299805 100100012222111101200222 iter 716499
POOL 0.07171631 100101012222111102200222 iter 716999
POOL 0.1038818 221100100221101100200222 iter 717499
POOL 0.4889526 221100100221221100100221 iter 717999
POOL 0.4889526 221100100221221100100221 iter 718499
POOL 0.4889526 221100100221221100100221 iter 718999
POOL 0.4889526 221100100221221100100221 iter 719499
POOL 0.4889526 221100100221221100100221 iter 719999
POOL 0.1026611 101221220000100221222100 iter 720499
POOL 0.4846191 100221221100100221221100 iter 720999
POOL 0.4846191 100221221100100221221100 iter 721499
POOL 0.4846191 100221221100100221221100 iter 721999
POOL 0.4846191 100221221100100221221100 iter 722499
POOL 0.4846191 100221221100100221221100 iter 722999
POOL 0.4846191 100221221100100221221100 iter 723499
POOL 0.4846191 100221221100100221221100 iter 723999
POOL 0.06774902 112101222100100221011102 iter 724499
POOL 0.4846191 100221221100100221221100 iter 724999
POOL 0.4846191 100221221100100221221100 iter 725499
POOL 0.4846191 100221221100100221221100 iter 725999
POOL 0.4846191 100221221100100221221100 iter 726499
POOL 0.4846191 100221221100100221221100 iter 726999
POOL 0.4846191 100221221100100221221100 iter 727499
POOL 0.4846191 100221221100100221221100 iter 727999
POOL 0.0927124 222112112011211000100221 iter 728499
POOL 0.08227539 222012112011210220100221 iter 728999
POOL 0.1699829 222012112011011010000012 iter 729499
POOL 0.1699829 222012112011011010000012 iter 729999
POOL 0.1699829 222012112011011010000012 iter 730499
POOL 0.1699829 222012112011011010000012 iter 730999
POOL 0.02880859 102022222110220220101100 iter 731499
POOL 0.08679199 012000100221220010112011 iter 731999
POOL 0.09533691 220100100221021221000221 iter 732499
POOL 0.4889526 221100100221221100100221 iter 732999
POOL 0.4889526 221100100221221100100221 iter 733499
POOL 0.4889526 221100100221221100100221 iter 733999
POOL 0.4889526 221100100221221100100221 iter 734499
POOL 0.4889526 221100100221221100100221 iter 734999
POOL 0.4889526 221100100221221100100221 iter 735499
POOL 0.4889526 221100100221221100100221 iter 735999
POOL 0.1981201 100221221100100211221110 iter 736499
POOL 0.4846191 100221221100100221221100 iter 736999
POOL 0.4846191 100221221100100221221100 iter 737499
POOL 0.4846191 100221221100100221221100 iter 737999
POOL 0.4846191 100221221100100221221100 iter 738499
POOL 0.4846191 100221221100100221221100 iter 738999
POOL 0.4846191 100221221100100221221100 iter 739499
POOL 0.4846191 100221221100100221221100 iter 739999
POOL 0.4846191 100221221100100221221100 iter 740499
POOL 0.4846191 100221221100100221221100 iter 740999
POOL 0.4846191 100221221100100221221100 iter 741499
POOL 0.4846191 100221221100100221221100 iter 741999
POOL 0.4846191 100221221100100221221100 iter 742499
POOL 0.4846191 100221221100100221221100 iter 742999
POOL 0.4846191 100221221100100221221100 iter 743499
POOL 0.4846191 100221221100100221221100 iter 743999
POOL 0.04083252 012222100101221222101102 iter 744499
POOL 0.08459473 012222021100220222111102 iter 744999
POOL 0.4846191 100221221100100221221100 iter 745499
POOL 0.4846191 100221221100100221221100 iter 745999
POOL 0.4846191 100221221100100221221100 iter 746499
POOL 0.4846191 100221221100100221221100 iter 746999
POOL 0.4846191 100221221100100221221100 iter 747499
POOL 0.4846191 100221221100100221221100 iter 747999
POOL 0.06054688 222000211112012222100121 iter 748499
POOL 0.06903076 222010212112012222000021 iter 748999
POOL 0.06268311 222010212012012222000021 iter 749499
POOL 0.06903076 222010212112012222000021 iter 749999
POOL 0.4889526 221100100221221100100221 iter 750499
POOL 0.4889526 221100100221221100100221 iter 750999
POOL 0.4889526 221100100221221100100221 iter 751499
POOL 0.4889526 221100100221221100100221 iter 751999
POOL 0.2665405 100221221102100221221100 iter 752499
POOL 0.4846191 100221221100100221221100 iter 752999
POOL 0.4846191 100221221100100221221100 iter 753499
POOL 0.4846191 100221221100100221221100 iter 753999
POOL 0.4846191 100221221100100221221100 iter 754499
POOL 0.4846191 100221221100100221221100 iter 754999
POOL 0.4846191 100221221100100221221100 iter 755499
POOL 0.4846191 100221221100100221221100 iter 755999
POOL 0.0824585 101111222012102012222220 iter 756499
POOL 0.08508301 102111222012100001221222 iter 756999
POOL 0.4846191 100221221100100221221100 iter 757499
POOL 0.4846191 100221221100100221221100 iter 757999
POOL 0.4846191 100221221100100221221100 iter 758499
POOL 0.4846191 100221221100100221221100 iter 758999
POOL 0.4846191 100221221100100221221100 iter 759499
POOL 0.4846191 100221221100100221221100 iter 759999
POOL 0.4846191 100221221100100221221100 iter 760499
POOL 0.4846191 100221221100100221221100 iter 760999
POOL 0.4846191 100221221100100221221100 iter 761499
POOL 0.4846191 100221221100100221221100 iter 761999
POOL 0.4846191 100221221100100221221100 iter 762499
POOL 0.4846191 100221221100100221221100 iter 762999
POOL 0.4846191 100221221100100221221100 iter 763499
POOL 0.4846191 100221221100100221221100 iter 763999
POOL 0.0769043 012102012222011112000220 iter 764499
POOL 0.1713867 022002012222011112000012 iter 764999
POOL 0.1713867 022002012222011112000012 iter 765499
POOL 0.1713867 022002012222011112000012 iter 765999
POOL 0.1382446 122002012222011112000012 iter 766499
POOL 0.1713867 022002012222011112000012 iter 766999
POOL 0.1611328 012000012222011112110011 iter 767499
POOL 0.1513062 012000012222011112100011 iter 767999
POOL 0.1141357 012100002221221100100221 iter 768499
POOL 0.4889526 221100100221221100100221 iter 768999
POOL 0.4889526 221100100221221100100221 iter 769499
POOL 0.4889526 221100100221221100100221 iter 769999
POOL 0.4889526 221100100221221100100221 iter 770499
POOL 0.4889526 221100100221221100100221 iter 770999
POOL 0.4889526 221100100221221100100221 iter 771499
POOL 0.4889526 221100100221221100100221 iter 771999
POOL 0.109375 221220221100100221021100 iter 772499
POOL 0.4846191 100221221100100221221100 iter 772999
POOL 0.4846191 100221221100100221221100 iter 773499
POOL 0.4846191 100221221100100221221100 iter 773999
POOL 0.4846191 100221221100100221221100 iter 774499
POOL 0.4846191 100221221100100221221100 iter 774999
POOL 0.4846191 100221221100100221221100 iter 775499
POOL 0.4846191 100221221100100221221100 iter 775999
POOL 0.08917236 222000221100200220100011 iter 776499
POOL 0.08917236 222000221100200220100011 iter 776999
POOL 0.08917236 222000221100200220100011 iter 777499
POOL 0.08917236 222000221100200220100011 iter 777999
POOL 0.1567993 221000221100221100100221 iter 778499
POOL 0.3118286 221100221100221100100221 iter 778999
POOL 0.3118286 221100221100221100100221 iter 779499
POOL 0.3118286 221100221100221100100221 iter 779999
POOL 0.4889526 221100100221221100100221 iter 780499
POOL 0.4889526 221100100221221100100221 iter 780999
POOL 0.4889526 221100100221221100100221 iter 781499
POOL 0.4889526 221100100221221100100221 iter 781999
POOL 0.4889526 221100100221221100100221 iter 782499
POOL 0.4889526 221100100221221100100221 iter 782999
POOL 0.4889526 221100100221221100100221 iter 783499
POOL 0.4889526 221100100221221100100221 iter 783999
POOL 0.1588745 100221021100100221221110 iter 784499
POOL 0.4846191 100221221100100221221100 iter 784999
POOL 0.4846191 100221221100100221221100 iter 785499
POOL 0.4846191 100221221100100221221100 iter 785999
POOL 0.4846191 100221221100100221221100 iter 786499
POOL 0.4846191 100221221100100221221100 iter 786999
POOL 0.4846191 100221221100100221221100 iter 787499
POOL 0.4846191 100221221100100221221100 iter 787999
POOL 0.1422729 221100120011221100100221 iter 788499
POOL 0.2788086 221100100220221100100221 iter 788999
POOL 0.4889526 221100100221221100100221 iter 789499
POOL 0.4889526 221100100221221100100221 iter 789999
POOL 0.4889526 221100100221221100100221 iter 790499
POOL 0.4889526 221100100221221100100221 iter 790999
POOL 0.4889526 221100100221221100100221 iter 791499
POOL 0.4889526 221100100221221100100221 iter 791999
POOL 0.04931641 022100012000112012100221 iter 792499
POOL 0.08465576 002100012000112011102111 iter 792999
POOL 0.4889526 221100100221221100100221 iter 793499
POOL 0.4889526 221100100221221100100221 iter 793999
POOL 0.4889526 221100100221221100100221 iter 794499
POOL 0.4889526 221100100221221100100221 iter 794999
POOL 0.4889526 221100100221221100100221 iter 795499
POOL 0.4889526 221100100221221100100221 iter 795999
POOL 0.4889526 221100100221221100100221 iter 796499
POOL 0.4889526 221100100221221100100221 iter 796999
POOL 0.4889526 221100100221221100100221 iter 797499
POOL 0.4889526 221100100221221100100221 iter 797999
POOL 0.4889526 221100100221221100100221 iter 798499
POOL 0.4889526 221100100221221100100221 iter 798999
POOL 0.4889526 221100100221221100100221 iter 799499
POOL 0.4889526 221100100221221100100221 iter 799999
POOL 0.1140137 221120100221101101101121 iter 800499
POOL 0.4889526 221100100221221100100221 iter 800999
POOL 0.4889526 221100100221221100100221 iter 801499
POOL 0.4889526 221100100221221100100221 iter 801999
POOL 0.4889526 221100100221221100100221 iter 802499
POOL 0.4889526 221100100221221100100221 iter 802999
POOL 0.4889526 221100100221221100100221 iter 803499
POOL 0.4889526 221100100221221100100221 iter 803999
POOL 0.2644043 100221221110100221221100 iter 804499
POOL 0.4846191 100221221100100221221100 iter 804999
POOL 0.4846191 100221221100100221221100 iter 805499
POOL 0.4846191 100221221100100221221100 iter 805999
POOL 0.4846191 100221221100100221221100 iter 806499
POOL 0.4846191 100221221100100221221100 iter 806999
POOL 0.4846191 100221221100100221221100 iter 807499
POOL 0.4846191 100221221100100221221100 iter 807999
POOL 0.276123 220100100221221100100221 iter 808499
POOL 0.4889526 221100100221221100100221 iter 808999
POOL 0.4889526 221100100221221100100221 iter 809499
POOL 0.4889526 221100100221221100100221 iter 809999
POOL 0.4889526 221100100221221100100221 iter 810499
POOL 0.4889526 221100100221221100100221 iter 810999
POOL 0.4889526 221100100221221100100221 iter 811499
POOL 0.4889526 221100100221221100100221 iter 811999
POOL 0.4889526 221100100221221100100221 iter 812499
POOL 0.4889526 221100100221221100100221 iter 812999
POOL 0.4889526 221100100221221100100221 iter 813499
POOL 0.4889526 221100100221221100100221 iter 813999
POOL 0.4889526 221100100221221100100221 iter 814499
POOL 0.4889526 221100100221221100100221 iter 814999
POOL 0.4889526 221100100221221100100221 iter 815499
POOL 0.4889526 221100100221221100100221 iter 815999
POOL 0.4889526 221100100221221100100221 iter 816499
POOL 0.4889526 221100100221221100100221 iter 816999
POOL 0.4889526 221100100221221100100221 iter 817499
POOL 0.4889526 221100100221221100100221 iter 817999
POOL 0.4889526 221100100221221100100221 iter 818499
POOL 0.4889526 221100100221221100100221 iter 818999
POOL 0.4889526 221100100221221100100221 iter 819499
POOL 0.4889526 221100100221221100100221 iter 819999
POOL 0.4889526 221100100221221100100221 iter 820499
POOL 0.4889526 221100100221221100100221 iter 820999
POOL 0.4889526 221100100221221100100221 iter 821499
POOL 0.4889526 221100100221221100100221 iter 821999
POOL 0.4889526 221100100221221100100221 iter 822499
POOL 0.4889526 221100100221221100100221 iter 822999
POOL 0.4889526 221100100221221100100221 iter 823499
POOL 0.4889526 221100100221221100100221 iter 823999
POOL 0.1264038 100222221100000222221100 iter 824499
POOL 0.4846191 100221221100100221221100 iter 824999
POOL 0.4846191 100221221100100221221100 iter 825499
POOL 0.4846191 100221221100100221221100 iter 825999
POOL 0.4846191 100221221100100221221100 iter 826499
POOL 0.4846191 100221221100100221221100 iter 826999
POOL 0.4846191 100221221100100221221100 iter 827499
POOL 0.4846191 100221221100100221221100 iter 827999
POOL 0.07183838 112211222012221012010212 iter 828499
POOL 0.07183838 112211222012221012010212 iter 828999
POOL 0.09606934 112012222012021012010012 iter 829499
POOL 0.09606934 112012222012021012010012 iter 829999
POOL 0.1656494 112011222012000012011010 iter 830499
POOL 0.15625 112011222012000012011000 iter 830999
POOL 0.008361816 221102201021001210111021 iter 831499
POOL 0.1106567 222000102221221100121121 iter 831999
POOL 0.2762451 100221221100120221221100 iter 832499
POOL 0.4846191 100221221100100221221100 iter 832999
POOL 0.4846191 100221221100100221221100 iter 833499
POOL 0.4846191 100221221100100221221100 iter 833999
POOL 0.4846191 100221221100100221221100 iter 834499
POOL 0.4846191 100221221100100221221100 iter 834999
POOL 0.4846191 100221221100100221221100 iter 835499
POOL 0.4846191 100221221100100221221100 iter 835999
POOL 0.07458496 000221221100112221222012 iter 836499
POOL 0.4846191 100221221100100221221100 iter 836999
POOL 0.4846191 100221221100100221221100 iter 837499
POOL 0.4846191 100221221100100221221100 iter 837999
POOL 0.4846191 100221221100100221221100 iter 838499
POOL 0.4846191 100221221100100221221100 iter 838999
POOL 0.4846191 100221221100100221221100 iter 839499
POOL 0.4846191 100221221100100221221100 iter 839999
POOL 0.4846191 100221221100100221221100 iter 840499
POOL 0.4846191 100221221100100221221100 iter 840999
POOL 0.4846191 100221221100100221221100 iter 841499
POOL 0.4846191 100221221100100221221100 iter 841999
POOL 0.4846191 100221221100100221221100 iter 842499
POOL 0.4846191 100221221100100221221100 iter 842999
POOL 0.4846191 100221221100100221221100 iter 843499
POOL 0.4846191 100221221100100221221100 iter 843999
POOL 0.2017212 100221221100100100221100 iter 844499
POOL 0.218689 100221221100100200221100 iter 844999
POOL 0.4846191 100221221100100221221100 iter 845499
POOL 0.4846191 100221221100100221221100 iter 845999
POOL 0.4846191 100221221100100221221100 iter 846499
POOL 0.4846191 100221221100100221221100 iter 846999
POOL 0.4846191 100221221100100221221100 iter 847499
POOL 0.4846191 100221221100100221221100 iter 847999
POOL 0.1448364 221100100221221122100201 iter 848499
POOL 0.4889526 221100100221221100100221 iter 848999
POOL 0.4889526 221100100221221100100221 iter 849499
POOL 0.4889526 221100100221221100100221 iter 849999
POOL 0.4889526 221100100221221100100221 iter 850499
POOL 0.4889526 221100100221221100100221 iter 850999
POOL 0.4889526 221100100221221100100221 iter 851499
POOL 0.4889526 221100100221221100100221 iter 851999
POOL 0.06134033 011110000012100022221220 iter 852499
POOL 0.07836914 011112000012100221221100 iter 852999
POOL 0.05084229 011110000012101121200220 iter 853499
POOL 0.05505371 011110000012101112220220 iter 853999
POOL 0.2703247 100221221100100201221100 iter 854499
POOL 0.4846191 100221221100100221221100 iter 854999
POOL 0.4846191 100221221100100221221100 iter 855499
POOL 0.4846191 100221221100100221221100 iter 855999
POOL 0.07989502 222010112212221112100221 iter 856499
POOL 0.2648315 221100100221221200100221 iter 856999
POOL 0.4889526 221100100221221100100221 iter 857499
POOL 0.4889526 221100100221221100100221 iter 857999
POOL 0.4889526 221100100221221100100221 iter 858499
POOL 0.4889526 221100100221221100100221 iter 858999
POOL 0.4889526 221100100221221100100221 iter 859499
POOL 0.4889526 221100100221221100100221 iter 859999
POOL 0.4846191 100221221100100221221100 iter 860499
POOL 0.4846191 100221221100100221221100 iter 860999
POOL 0.4846191 100221221100100221221100 iter 861499
POOL 0.4846191 100221221100100221221100 iter 861999
POOL 0.4846191 100221221100100221221100 iter 862499
POOL 0.4846191 100221221100100221221100 iter 862999
POOL 0.4846191 100221221100100221221100 iter 863499
POOL 0.4846191 100221221100100221221100 iter 863999
POOL 0.1813965 221100100201121100100221 iter 864499
POOL 0.4889526 221100100221221100100221 iter 864999
POOL 0.4889526 221100100221221100100221 iter 865499
POOL 0.4889526 221100100221221100100221 iter 865999
POOL 0.4889526 221100100221221100100221 iter 866499
POOL 0.4889526 221100100221221100100221 iter 866999
POOL 0.4889526 221100100221221100100221 iter 867499
POOL 0.4889526 221100100221221100100221 iter 867999
POOL 0.06732178 022000012100010221221100 iter 868499
POOL 0.09320068 012100012000100221221100 iter 868999
POOL 0.4846191 100221221100100221221100 iter 869499
POOL 0.4846191 100221221100100221221100 iter 869999
POOL 0.4846191 100221221100100221221100 iter 870499
POOL 0.4846191 100221221100100221221100 iter 870999
POOL 0.4846191 100221221100100221221100 iter 871499
POOL 0.4846191 100221221100100221221100 iter 871999
POOL 0.05371094 012221002012000012110011 iter 872499
POOL 0.06085205 012221012002011012200011 iter 872999
POOL 0.09924316 002022012002011012000012 iter 873499
POOL 0.09924316 002022012002011012000012 iter 873999
POOL 0.1254272 002012012112011112000012 iter 874499
POOL 0.1434326 002012012212011112000012 iter 874999
POOL 0.01049805 121211011122001200010222 iter 875499
POOL 0.05053711 012021012100011112011210 iter 875999
POOL 0.152771 100221221200100221021100 iter 876499
POOL 0.4846191 100221221100100221221100 iter 876999
POOL 0.4846191 100221221100100221221100 iter 877499
POOL 0.4846191 100221221100100221221100 iter 877999
POOL 0.4846191 100221221100100221221100 iter 878499
POOL 0.4846191 100221221100100221221100 iter 878999
POOL 0.4846191 100221221100100221221100 iter 879499
POOL 0.4846191 100221221100100221221100 iter 879999
POOL 0.2289429 221100100221121101100221 iter 880499
POOL 0.4889526 221100100221221100100221 iter 880999
POOL 0.4889526 221100100221221100100221 iter 881499
POOL 0.4889526 221100100221221100100221 iter 881999
POOL 0.4889526 221100100221221100100221 iter 882499
POOL 0.4889526 221100100221221100100221 iter 882999
POOL 0.4889526 221100100221221100100221 iter 883499
POOL 0.4889526 221100100221221100100221 iter 883999
POOL 0.2650757 100221221100100221121100 iter 884499
POOL 0.262085 100221221121100221221100 iter 884999
POOL 0.4846191 100221221100100221221100 iter 885499
POOL 0.4846191 100221221100100221221100 iter 885999
POOL 0.4846191 100221221100100221221100 iter 886499
POOL 0.4846191 100221221100100221221100 iter 886999
POOL 0.4846191 100221221100100221221100 iter 887499
POOL 0.4846191 100221221100100221221100 iter 887999
POOL 0.1634521 012222012000112011222112 iter 888499
POOL 0.1764526 012222012000112011212112 iter 888999
POOL 0.1764526 012222012000112011212112 iter 889499
POOL 0.1764526 012222012000112011212112 iter 889999
POOL 0.1764526 012222012000112011212112 iter 890499
POOL 0.1764526 012222012000112011212112 iter 890999
POOL 0.09515381 100221212000112011222112 iter 891499
POOL 0.1118164 100012221100102011222012 iter 891999
POOL 0.06671143 222002102221220000100021 iter 892499
POOL 0.08050537 222012112011220200100021 iter 892999
POOL 0.4889526 221100100221221100100221 iter 893499
POOL 0.4889526 221100100221221100100221 iter 893999
POOL 0.4889526 221100100221221100100221 iter 894499
POOL 0.4889526 221100100221221100100221 iter 894999
POOL 0.4889526 221100100221221100100221 iter 895499
POOL 0.4889526 221100100221221100100221 iter 895999
POOL 0.2214966 221100100221221100100200 iter 896499
POOL 0.4889526 221100100221221100100221 iter 896999
POOL 0.4889526 221100100221221100100221 iter 897499
POOL 0.4889526 221100100221221100100221 iter 897999
POOL 0.4889526 221100100221221100100221 iter 898499
POOL 0.4889526 221100100221221100100221 iter 898999
POOL 0.4889526 221100100221221100100221 iter 899499
POOL 0.4889526 221100100221221100100221 iter 899999
POOL 0.1079102 012222221100000211011112 iter 900499
POOL 0.09460449 012222222100100221211112 iter 900999
POOL 0.4846191 100221221100100221221100 iter 901499
POOL 0.4846191 100221221100100221221100 iter 901999
POOL 0.4846191 100221221100100221221100 iter 902499
POOL 0.4846191 100221221100100221221100 iter 902999
POOL 0.4846191 100221221100100221221100 iter 903499
POOL 0.4846191 100221221100100221221100 iter 903999
POOL 0.04577637 000011221221100000222220 iter 904499
POOL 0.05865479 100011221221101100200220 iter 904999
POOL 0.4846191 100221221100100221221100 iter 905499
POOL 0.4846191 100221221100100221221100 iter 905999
POOL 0.4846191 100221221100100221221100 iter 906499
POOL 0.4846191 100221221100100221221100 iter 906999
POOL 0.4846191 100221221100100221221100 iter 907499
POOL 0.4846191 100221221100100221221100 iter 907999
POOL 0.09558105 011100120221221100100211 iter 908499
POOL 0.4889526 221100100221221100100221 iter 908999
POOL 0.4889526 221100100221221100100221 iter 909499
POOL 0.4889526 221100100221221100100221 iter 909999
POOL 0.4889526 221100100221221100100221 iter 910499
POOL 0.4889526 221100100221221100100221 iter 910999
POOL 0.4889526 221100100221221100100221 iter 911499
POOL 0.4889526 221100100221221100100221 iter 911999
POOL 0.1376953 201100100221221100100011 iter 912499
POOL 0.4889526 221100100221221100100221 iter 912999
POOL 0.4889526 221100100221221100100221 iter 913499
POOL 0.4889526 221100100221221100100221 iter 913999
POOL 0.4889526 221100100221221100100221 iter 914499
POOL 0.4889526 221100100221221100100221 iter 914999
POOL 0.4889526 221100100221221100100221 iter 915499
POOL 0.4889526 221100100221221100100221 iter 915999
POOL 0.06848145 012000012021012000110121 iter 916499
POOL 0.07354736 012000010221212100112021 iter 916999
POOL 0.2657471 221200100221221100100221 iter 917499
POOL 0.4889526 221100100221221100100221 iter 917999
POOL 0.4889526 221100100221221100100221 iter 918499
POOL 0.4889526 221100100221221100100221 iter 918999
POOL 0.4889526 221100100221221100100221 iter 919499
POOL 0.4889526 221100100221221100100221 iter 919999
POOL 0.4846191 100221221100100221221100 iter 920499
POOL 0.4846191 100221221100100221221100 iter 920999
POOL 0.4846191 100221221100100221221100 iter 921499
POOL 0.4846191 100221221100100221221100 iter 921999
POOL 0.4846191 100221221100100221221100 iter 922499
POOL 0.4846191 100221221100100221221100 iter 922999
POOL 0.4846191 100221221100100221221100 iter 923499
POOL 0.4846191 100221221100100221221100 iter 923999
POOL 0.2398071 221100100221101100100221 iter 924499
POOL 0.4889526 221100100221221100100221 iter 924999
POOL 0.4889526 221100100221221100100221 iter 925499
POOL 0.4889526 221100100221221100100221 iter 925999
POOL 0.4889526 221100100221221100100221 iter 926499
POOL 0.4889526 221100100221221100100221 iter 926999
POOL 0.4889526 221100100221221100100221 iter 927499
POOL 0.4889526 221100100221221100100221 iter 927999
POOL 0.05328369 121111220200101111221200 iter 928499
POOL 0.07861328 221121200000111121221100 iter 928999
POOL 0.4846191 100221221100100221221100 iter 929499
POOL 0.4846191 100221221100100221221100 iter 929999
POOL 0.4846191 100221221100100221221100 iter 930499
POOL 0.4846191 100221221100100221221100 iter 930999
POOL 0.4846191 100221221100100221221100 iter 931499
POOL 0.4846191 100221221100100221221100 iter 931999
POOL 0.08782959 110021221100002222012000 iter 932499
POOL 0.07788086 110221221100002021012100 iter 932999
POOL 0.4846191 100221221100100221221100 iter 933499
POOL 0.4846191 100221221100100221221100 iter 933999
POOL 0.4846191 100221221100100221221100 iter 934499
POOL 0.4846191 100221221100100221221100 iter 934999
POOL 0.4846191 100221221100100221221100 iter 935499
POOL 0.4846191 100221221100100221221100 iter 935999
POOL 0.08996582 100221221112101101100100 iter 936499
POOL 0.08551025 100221221112101100100100 iter 936999
POOL 0.4846191 100221221100100221221100 iter 937499
POOL 0.4846191 100221221100100221221100 iter 937999
POOL 0.4846191 100221221100100221221100 iter 938499
POOL 0.4846191 100221221100100221221100 iter 938999
POOL 0.4846191 100221221100100221221100 iter 939499
POOL 0.4846191 100221221100100221221100 iter 939999
POOL 0.2016602 100221200221100221221100 iter 940499
POOL 0.4846191 100221221100100221221100 iter 940999
POOL 0.4846191 100221221100100221221100 iter 941499
POOL 0.4846191 100221221100100221221100 iter 941999
POOL 0.4846191 100221221100100221221100 iter 942499
POOL 0.4846191 100221221100100221221100 iter 942999
POOL 0.4846191 100221221100100221221100 iter 943499
POOL 0.4846191 100221221100100221221100 iter 943999
POOL 0.05554199 011102210100012212012112 iter 944499
POOL 0.07403564 012222120100000221011112 iter 944999
POOL 0.1231689 012222221100100221011112 iter 945499
POOL 0.1231689 012222221100100221011112 iter 945999
POOL 0.4846191 100221221100100221221100 iter 946499
POOL 0.4846191 100221221100100221221100 iter 946999
POOL 0.4846191 100221221100100221221100 iter 947499
POOL 0.4846191 100221221100100221221100 iter 947999
POOL 0.06628418 212102212000012010012212 iter 948499
POOL 0.1159668 012102012000112011212112 iter 948999
POOL 0.1159668 012102012000112011212112 iter 949499
POOL 0.1159668 012102012000112011212112 iter 949999
POOL 0.1560059 012222012000112011221112 iter 950499
POOL 0.1560059 012222012000112011221112 iter 950999
POOL 0.08813477 012002012000112011221112 iter 951499
POOL 0.1130981 012000012000112011012012 iter 951999
POOL 0.07232666 222210100111200220100221 iter 952499
POOL 0.07995605 211100100001100000111221 iter 952999
POOL 0.253418 222100100221221100100221 iter 953499
POOL 0.4889526 221100100221221100100221 iter 953999
POOL 0.4889526 221100100221221100100221 iter 954499
POOL 0.4889526 221100100221221100100221 iter 954999
POOL 0.4889526 221100100221221100100221 iter 955499
POOL 0.4889526 221100100221221100100221 iter 955999
POOL 0.0513916 112011100211221100012012 iter 956499
POOL 0.06744385 100012100222221100000012 iter 956999
POOL 0.4889526 221100100221221100100221 iter 957499
POOL 0.4889526 221100100221221100100221 iter 957999
POOL 0.4889526 221100100221221100100221 iter 958499
POOL 0.4889526 221100100221221100100221 iter 958999
POOL 0.4889526 221100100221221100100221 iter 959499
POOL 0.4889526 221100100221221100100221 iter 959999
POOL 0.03686523 221220112011211220210010 iter 960499
POOL 0.04150391 201220112011212200221100 iter 960999
POOL 0.4889526 221100100221221100100221 iter 961499
POOL 0.4889526 221100100221221100100221 iter 961999
POOL 0.4889526 221100100221221100100221 iter 962499
POOL 0.4889526 221100100221221100100221 iter 962999
POOL 0.4889526 221100100221221100100221 iter 963499
POOL 0.4889526 221100100221221100100221 iter 963999
POOL 0.1513062 012000012222011112100011 iter 964499
POOL 0.1322632 022012012222011112000012 iter 964999
POOL 0.1737671 222012112212011112000012 iter 965499
POOL 0.1737671 222012112212011112000012 iter 965999
POOL 0.1737671 222012112212011112000012 iter 966499
POOL 0.1737671 222012112212011112000012 iter 966999
POOL 0.007873535 001010202212111021202020 iter 967499
POOL 0.05627441 000212011112012202222101 iter 967999
POOL 0.4846191 100221221100100221221100 iter 968499
POOL 0.4846191 100221221100100221221100 iter 968999
POOL 0.4846191 100221221100100221221100 iter 969499
POOL 0.4846191 100221221100100221221100 iter 969999
POOL 0.4846191 100221221100100221221100 iter 970499
POOL 0.4846191 100221221100100221221100 iter 970999
POOL 0.4846191 100221221100100221221100 iter 971499
POOL 0.4846191 100221221100100221221100 iter 971999
POOL 0.2070312 100221221100100221200220 iter 972499
POOL 0.4846191 100221221100100221221100 iter 972999
POOL 0.4846191 100221221100100221221100 iter 973499
POOL 0.4846191 100221221100100221221100 iter 973999
POOL 0.4846191 100221221100100221221100 iter 974499
POOL 0.4846191 100221221100100221221100 iter 974999
POOL 0.4846191 100221221100100221221100 iter 975499
POOL 0.4846191 100221221100100221221100 iter 975999
POOL 0.06097412 012100000221011100012222 iter 976499
POOL 0.4889526 221100100221221100100221 iter 976999
POOL 0.4889526 221100100221221100100221 iter 977499
POOL 0.4889526 221100100221221100100221 iter 977999
POOL 0.4889526 221100100221221100100221 iter 978499
POOL 0.4889526 221100100221221100100221 iter 978999
POOL 0.4889526 221100100221221100100221 iter 979499
POOL 0.4889526 221100100221221100100221 iter 979999
POOL 0.08203125 221120100222201100100121 iter 980499
POOL 0.4889526 221100100221221100100221 iter 980999
POOL 0.4889526 221100100221221100100221 iter 981499
POOL 0.4889526 221100100221221100100221 iter 981999
POOL 0.4889526 221100100221221100100221 iter 982499
POOL 0.4889526 221100100221221100100221 iter 982999
POOL 0.4889526 221100100221221100100221 iter 983499
POOL 0.4889526 221100100221221100100221 iter 983999
POOL 0.09851074 012010012212221112112011 iter 984499
POOL 0.161377 012000012222222112112011 iter 984999
POOL 0.1533203 012000012222221112112011 iter 985499
POOL 0.1420898 012000012222012112012011 iter 985999
POOL 0.1513062 012000012222011112100011 iter 986499
POOL 0.1611328 012000012222011112110011 iter 986999
POOL 0.01031494 112212211212222210021102 iter 987499
POOL 0.07714844 012222011100122221211102 iter 987999
POOL 0.2665405 100221221102100221221100 iter 988499
POOL 0.4846191 100221221100100221221100 iter 988999
POOL 0.4846191 100221221100100221221100 iter 989499
POOL 0.4846191 100221221100100221221100 iter 989999
POOL 0.4846191 100221221100100221221100 iter 990499
POOL 0.4846191 100221221100100221221100 iter 990999
POOL 0.4846191 100221221100100221221100 iter 991499
POOL 0.4846191 100221221100100221221100 iter 991999
POOL 0.3062134 100221221100100221100221 iter 992499
POOL 0.3062134 100221221100100221100221 iter 992999
POOL 0.3062134 100221221100100221100221 iter 993499
POOL 0.3062134 100221221100100221100221 iter 993999
POOL 0.3062134 100221221100100221100221 iter 994499
POOL 0.3062134 100221221100100221100221 iter 994999
POOL 0.3062134 100221221100100221100221 iter 995499
POOL 0.3062134 100221221100100221100221 iter 995999
POOL 0.08868408 222012112011011121000022 iter 996499
POOL 0.1593628 222012112011011110000012 iter 996999
POOL 0.1551514 222012112011011000000012 iter 997499
POOL 0.1513672 222012112011012000000222 iter 997999
POOL 0.1672974 222012112011012000002022 iter 998499
POOL 0.1287842 222012112011012010022012 iter 998999
POOL 0.009094238 211012112100212001201101 iter 999499
POOL 0.1051636 222012102011221010000012 iter 999999
