0.2929688 120221221100100221221100
0.2910156 100221221101100221221100
0.2880859 101221221100100221221100
0.2792969 100221221102100221221100
0.2792969 100221221100120221221100
0.2753906 100221221100100221221101
0.2744141 100221220100100221221100
0.2714844 110221221100100221221100
0.2714844 100221221110100221221100
0.2714844 100221221100100221201100
0.2675781 100221221120100221221100
0.2675781 100221221100100221121100
0.2666016 100221221100200221221100
0.2666016 100221221100100220221100
0.2666016 100220221100100221221100
0.2666016 100201221100100221221100
0.265625 100221221100100221211100
0.2646484 102221221100100221221100
0.2646484 100221221121100221221100
0.2646484 100221221100100221221120
0.2636719 100221221100101221221100
0.2636719 100221221000100221221100
0.2626953 100221221100100221221000
0.2626953 100221221100100221220100
0.2607422 100221221200100221221100
0.2597656 121221221100100221221100
0.2597656 100221221100100201221100
0.2597656 100221221100100021221100
0.2587891 100221221100100221221200
0.2587891 100221221100100221221102
0.2568359 100221221100100222221100
0.2548828 100121221100100221221100
0.2539062 100221221100100221021100
0.2539062 100221221100100121221100
0.2529297 100021221100100221221100
0.2519531 100221221100100221221110
0.2509766 100221221100100221221121
0.2509766 100221201100100221221100
0.2509766 100221121100100221221100
0.2490234 100221221100121221221100
0.2480469 100221221100110221221100
0.2441406 200221221100100221221100
0.2441406 100222221100100221221100
0.2431641 100221221100102221221100
0.2431641 100221221100100211221100
0.2431641 100221021100100221221100
0.2412109 100221221100000221221100
0.2412109 000221221100100221221100
0.2392578 100221221100200220221100
0.2392578 100221221100100221222100
0.2373047 100221220200100221221100
0.2363281 100221221100100221121121
0.2353516 100221121101100221221100
0.234375 100221221100220221221100
0.234375 100211221100100221221100
0.2333984 100221222100100221221100
0.2333984 100101221100100221221100
0.2324219 200220221100100221221100
0.2314453 100221221112100221221100
0.2304688 100221221100100221121101
0.2285156 112221221100100221221100
0.2285156 101121221100100221221100
0.2285156 100221221100100221101100
0.2275391 220221221100100221221100
0.2255859 100221211100100221221100
0.2255859 100200221100100221221100
0.2236328 100221221100100221200100
0.2226562 100221221100100221220200
0.2216797 111221221100100221221100
0.2216797 100221221100221221221100
0.2207031 121121221100100221221100
0.2197266 100221101100100221221100
0.21875 122221221100100221221100
0.21875 100221221220100221221100
0.21875 100221221100101121221100
0.21875 100221220000100221221100
0.2177734 100221121121100221221100
0.2167969 100221221221100221221100
0.2158203 220220221100100221221100
0.2158203 101101221100100221221100
0.2158203 100221221100220220221100
0.2158203 100221101101100221221100
0.2148438 200200221100100221221100
0.2148438 100221221100100200221100
0.2138672 100221221100122221221100
0.2138672 100221221100100221001100
0.2138672 100221221100100101221100
0.2138672 100001221100100221221100
0.2128906 221221221100100221221100
0.2128906 100221221111100221221100
0.2128906 100100221100100221221100
0.2119141 100221221100100221221220
0.2109375 100221221122100221221100
0.2109375 100221221100200200221100
0.2109375 100221221100100221011100
0.2109375 100221221100100011221100
0.2109375 100221220220100221221100
0.2099609 110221221100100221211100
0.2089844 100221221102100222221100
0.2089844 100221221100100221100100
0.2089844 100221220100120221221100
0.2089844 000222221100100221221100
0.2070312 100221221100100221221122
0.2070312 100221221100100221220000
0.2070312 100221001100100221221100
0.2060547 100221221100121121221100
0.2060547 100221221100100221222000
0.2060547 100221221100100221200200
0.2060547 100221221100100221101101
0.2041016 100221221100111221221100
0.2041016 100221200100100221221100
0.203125 100221221100200222221100
0.203125 100221221100100221021101
0.2021484 100221221101100201221100
0.2021484 100221221100101101221100
0.2021484 000220221100100221221100
0.2011719 100221221101100220221100
0.2011719 100221221100112221221100
0.2011719 100221100100100221221100
0.2001953 100221221100100211221110
0.1992188 120221221101100221221100
0.1992188 100221221102100220221100
0.1992188 100221221100100221220220
0.1992188 100221221100100001221100
0.1982422 100221221100102221222100
0.1982422 100221221100100100221100
0.1982422 100221221100000222221100
0.1982422 100221221100000221021100
0.1982422 100011221100100221221100
0.1982422 020221221100100221221100
0.1972656 100221221100100221221221
0.1962891 100221221100210221221100
0.1962891 100221221100100221221111
0.1962891 100221221100000220221100
0.1953125 120221221100100221220100
0.1953125 100221222000100221221100
0.1953125 100221221100100221221112
0.1943359 100221221100200221221101
0.1943359 100221200200100221221100
0.1943359 100221021101100221221100
0.1933594 102221222100100221221100
0.1933594 100221011100100221221100
0.1923828 101221221100100221221000
0.1923828 101221201100100221221100
0.1923828 100221221100100221021121
0.1923828 100221221000100021221100
0.1914062 100221221100120221221102
0.1914062 100221221100100221121102
0.1914062 100221121102100221221100
0.1904297 100222221100100221221102
0.1904297 100221221100100220221120
0.1894531 110221221100100221220100
0.1894531 110221221100100221201100
0.1894531 100221220100110221221100
0.1894531 100220221100100221221101
0.1884766 120221221100100221211100
0.1884766 100221221102100201221100
0.1884766 100221221100100221221020
0.1884766 100221221100100221111100
0.1884766 100221221100020221221100
0.1884766 100201221100100221221101
0.1875 100221222200100221221100
0.1875 100221221101100222221100
0.1865234 120221221102100221221100
0.1865234 120221221100100221201100
0.1865234 100221221100120221221101
0.1865234 100221221100101021221100
0.1865234 100221221100100220221200
0.1865234 100221221100100210221100
0.1865234 100221221100000221221101
0.1865234 100211221110100221221100
0.1865234 100021221100100221221000
0.1855469 100221221101100221221120
0.1855469 100221220100200221221100
0.1855469 100202221100100221221100
0.1845703 200222221100100221221100
0.1845703 200221221101100221221100
0.1845703 101221221100100221221200
0.1845703 101221220100100221221100
0.1845703 100221221100210220221100
0.1845703 100221221100101221201100
0.1845703 100221221010100221221100
0.1845703 100221211100110221221100
0.1835938 102221220100100221221100
0.1835938 100221221100100221221021
0.1835938 100221221100100220221000
0.1835938 100221221100100121220100
0.1835938 100221221021100221221100
0.1835938 100201221110100221221100
0.1826172 200221221100100221211100
0.1826172 101221221100120221221100
0.1826172 000221221101100221221100
0.1816406 120221221100100221222100
0.1816406 110221221101100221221100
0.1816406 102221201100100221221100
0.1816406 100221221102100221211100
0.1816406 100221221101100221221110
0.1816406 100221221100100220221110
0.1816406 100221221100021221221100
0.1816406 100221221020100221221100
0.1816406 100221220200120221221100
0.1816406 100220221100100221221102
0.1806641 210220221100100221221100
0.1806641 102221221100100221221000
0.1806641 101221221100100221221120
0.1806641 100222221100100221221101
0.1806641 100221221120100121221100
0.1806641 100221221100120221121100
0.1806641 100221221100102221220100
0.1806641 100221221100100221202100
0.1806641 100220221110100221221100
0.1806641 100220221100100221121100
0.1806641 100111221100100221221100
0.1806641 000221221100100221211100
0.1796875 120221221121100221221100
0.1796875 120221121100100221221100
0.1796875 101221221101100221221100
0.1796875 101221221100200221221100
0.1796875 100221221110100221221101
0.1796875 100221221102100221221120
0.1796875 100221221101100221201100
0.1796875 100221221100200221221121
0.1796875 100221221100101221220100
0.1796875 100221221100100221222200
0.1796875 100221221100100111221100
0.1796875 100221221100000221221102
0.1796875 100221201100200221221100
0.1796875 100221201100200220221100
0.1796875 100221201100120221221100
0.1787109 210221221100100221221100
0.1787109 200221221100100221201100
0.1787109 110221221102100221221100
0.1787109 101021221100100221221100
0.1787109 100221221100200221121100
0.1787109 100221221100100221210100
0.1787109 100221221100100021201100
0.1777344 121221221101100221221100
0.1777344 100221221210100221221100
0.1777344 100221221110100021221100
0.1777344 100221221100120220221100
0.1777344 100221221100110221221102
0.1777344 100221221100100201221200
0.1777344 100221221100100201221120
0.1777344 100121220100100221221100
0.1777344 010221221100100221221100
0.1767578 200220221100100221220100
0.1767578 102121221100100221221100
0.1767578 101221221110100221221100
0.1767578 100221221120100021221100
0.1767578 100221221110100221221102
0.1767578 100221221100200221021100
0.1767578 100221221100110221221101
0.1767578 100221221100100221221210
0.1757812 200220221110100221221100
0.1757812 200220221100100221201100
0.1757812 120221221100100221200100
0.1757812 120221021100100221221100
0.1757812 110221221100100221222100
0.1757812 101221221100100220221100
0.1757812 100221221121100221201100
0.1757812 100221221120100221221101
0.1757812 100221221100110220221100
0.1757812 100221221100102121221100
0.1757812 100221221100101221222100
0.1757812 100221221100100221201101
0.1757812 100221221100100121201100
0.1757812 100221221000101221221100
0.1757812 100220221200100221221100
0.1748047 200221221100100221220100
0.1748047 120221221100100220221100
0.1748047 102101221100100221221100
0.1748047 102021221100100221221100
0.1748047 100221221110100221201100
0.1748047 100221221102100221201100
0.1748047 100221221100200221221102
0.1748047 100221221100200210221100
0.1748047 100221221100100221212100
0.1748047 100221221100100211221120
0.1748047 100221221100100202221100
0.1748047 100221221100000221121100
0.1748047 100221221100000220021100
0.1748047 100221111100100221221100
0.1748047 100201221120100221221100
0.1748047 100201221100100221221102
0.1738281 200220221100100221211100
0.1738281 110221221121100221221100
0.1738281 101221221100100221221101
0.1738281 100221221121100021221100
0.1738281 100221221102200222221100
0.1738281 100221221102100221221110
0.1738281 100221221101120221221100
0.1738281 100221221100121021221100
0.1738281 100221221100100201221110
0.1738281 100221221001100221221100
0.1738281 100221211100120221221100
0.1738281 100220221100100221121101
0.1728516 200221221102100221221100
0.1728516 121221221100100221221000
0.1728516 121221121100100221221100
0.1728516 120221221100100201221100
0.1728516 101221221100100221221110
0.1728516 100222221110100221221100
0.1728516 100221221120101221221100
0.1728516 100221221101100221220100
0.1728516 100221221101100221211100
0.1728516 100221221100220221221101
0.1728516 100221221100122221222100
0.1728516 100221221100102021221100
0.1728516 100221221100100121222100
0.1728516 100221221100000221221121
0.1728516 100221220100220221221100
0.1728516 100221201100220221221100
0.1728516 100221121100100201221100
0.1728516 100220221000100221221100
0.171875 110221221110100221221100
0.171875 101221222100100221221100
0.171875 101201221100100221221100
0.171875 100221222100120221221100
0.171875 100221222100110221221100
0.171875 100221221110200221221100
0.171875 100221221110100121221100
0.171875 100221221101100200221100
0.171875 100221221100102221201100
0.171875 100221221100100222221000
0.171875 100221221100100221221010
0.171875 100221221100100221220210
0.171875 100221221100100221201102
0.171875 100221221100100221101102
0.171875 100221221100100220201100
0.171875 100221221100100211221200
0.171875 100221221100000221001100
0.171875 100221211100200221221100
0.171875 100221121100100220221100
0.171875 100221101102100221221100
0.171875 100220221120100221221100
0.171875 100210221100100221221100
0.171875 100201221100100221201100
0.171875 021221221100100221221100
0.1708984 121221021100100221221100
0.1708984 111221221100100221211100
0.1708984 110221221100100221200100
0.1708984 101221221102100221221100
0.1708984 101221221100100201221100
0.1708984 100221221200100021221100
0.1708984 100221221121100221211100
0.1708984 100221221110101221221100
0.1708984 100221221102120221221100
0.1708984 100221221101100211221100
0.1708984 100221221100120221221121
0.1708984 100221221100100222221110
0.1708984 100221221100100221021102
0.1708984 100221221002100221221100
0.1708984 100221220100100221221120
0.1708984 100221021121100221221100
0.1708984 100201221200100221221100
0.1708984 100201221100100221121100
0.1708984 100201221000100221221100
0.1708984 000221221102100221221100
0.1699219 220221221100100221201100
0.1699219 121021221100100221221100
0.1699219 110221221100100221221120
0.1699219 102221221100100221221120
0.1699219 101221221100100221221121
0.1699219 101221221100100221211100
0.1699219 101221221100100221121100
0.1699219 101221101100100221221100
0.1699219 100222221100100221021100
0.1699219 100221221120121221221100
0.1699219 100221221102200221221100
0.1699219 100221221102100221220100
0.1699219 100221221100121221221101
0.1699219 100221221100120221221120
0.1699219 100221221100101221221101
0.1699219 100221221100100222221200
0.1699219 100221221100100221221001
0.1699219 100221221100100221021120
0.1699219 100221221100100201211100
0.1699219 100221221100100021220100
0.1699219 100221221100010221221100
0.1699219 100221221000121221221100
0.1699219 100221221000100121221100
0.1699219 100221220100000221221100
0.1699219 100221121101100201221100
0.1689453 220221221100100221220100
0.1689453 121221221102100221221100
0.1689453 110221221100101221221100
0.1689453 101221221100100222221100
0.1689453 100221221112100201221100
0.1689453 100221221102000222221100
0.1689453 100221221100220221121100
0.1689453 100221221100200221221120
0.1689453 100221221100200221221110
0.1689453 100221221100200220221120
0.1689453 100221221100121221221102
0.1689453 100221221100100201201100
0.1689453 100221221100100120221100
0.1689453 100221221100100021222100
0.1689453 100221221100100021211100
0.1689453 100221220102100221221100
0.1689453 100221220100100221021100
0.1689453 100221021102100221221100
0.1689453 100021221100100221221110
0.1679688 112221221100100221211100
0.1679688 102221221100200221221100
0.1679688 101221021100100221221100
0.1679688 100221221120200221221100
0.1679688 100221221102100200221100
0.1679688 100221221101101221221100
0.1679688 100221220210100221221100
0.1679688 100221220200110221221100
0.1679688 100221220100200220221100
0.1679688 100221220100100221221101
0.1679688 100221121100100222221100
0.1679688 100201221102100221221100
0.1679688 100201221100120221221100
0.1679688 100121221100100221221120
0.1679688 100121221100100221221110
0.1679688 000221021100100221221100
0.1669922 220221221101100221221100
0.1669922 121221221100100221221200
0.1669922 120221221100100221221120
0.1669922 101221221100110221221100
0.1669922 100221221200101221221100
0.1669922 100221221200100221221101
0.1669922 100221221122100222221100
0.1669922 100221221121101221221100
0.1669922 100221221102101221221100
0.1669922 100221221100200220221000
0.1669922 100221221100120221021100
0.1669922 100221221100100121211100
0.1669922 100221221100100101222100
0.1669922 100221220200200221221100
0.1669922 100221220100100221121100
0.1669922 100220221100100221220100
0.1669922 100201221100200221221100
0.1669922 100201221100100221101100
0.1669922 100200221110100221221100
0.1669922 100021221100100221221120
0.1660156 200221221121100221221100
0.1660156 120221221100110221221100
0.1660156 120220221100100221221100
0.1660156 111121221100100221221100
0.1660156 110221221120100221221100
0.1660156 110220221100100221221100
0.1660156 102221221100100221221121
0.1660156 102221221100100221211100
0.1660156 102221221100100220221100
0.1660156 101221221100220221221100
0.1660156 101221221100100211221100
0.1660156 100221221121100221220100
0.1660156 100221221102100021221100
0.1660156 100221221101102221221100
0.1660156 100221221101100221221102
0.1660156 100221221100120221211100
0.1660156 100221221100102221211100
0.1660156 100221221100100101220100
0.1660156 100221221000120221221100
0.1660156 100221220200000221221100
0.1660156 100221220100100220221100
0.1660156 100221211100200220221100
0.1660156 100220221112100221221100
0.1660156 100220221100100221021100
0.1660156 100201221100100221121101
0.1660156 000200221100100221221100
0.1650391 200220221200100221221100
0.1650391 120221221110100221221100
0.1650391 120221221000100221221100
0.1650391 120201221100100221221100
0.1650391 110221221100120221221100
0.1650391 110221121100100221221100
0.1650391 101221221000100221221100
0.1650391 100222221100100221121100
0.1650391 100221221200121221221100
0.1650391 100221221200100121221100
0.1650391 100221221110120221221100
0.1650391 100221221102100211221100
0.1650391 100221221100121221021100
0.1650391 100221221100100221211102
0.1650391 100221221100100220221220
0.1650391 100221221100100220211100
0.1650391 100221221100000221021101
0.1650391 100221211100000221221100
0.1650391 100221201100100221221101
0.1650391 100220221100120221221100
0.1650391 100121201100100221221100
0.1650391 100021220100100221221100
0.1650391 000221221100100221201100
0.1640625 220221221100100221211100
0.1640625 110221221100100221210100
0.1640625 110221221100100201221100
0.1640625 101221221100100221021100
0.1640625 100221221222100221221100
0.1640625 100221221121100121221100
0.1640625 100221221120100221221102
0.1640625 100221221100222221221100
0.1640625 100221221100200220221110
0.1640625 100221221100120221121101
0.1640625 100221221100110221021100
0.1640625 100221221100102101221100
0.1640625 100221221100100222221120
0.1640625 100221221100100221221022
0.1640625 100221221100100220220200
0.1640625 100221221100100220220100
0.1640625 100221220200100221021100
0.1640625 100221220100100221221200
0.1640625 100221210100100221221100
0.1640625 100211221100100221221102
0.1640625 100201221100100221220100
0.1640625 100201221100100221211100
0.1640625 100121221100100221221121
0.1640625 100021221101100221221100
0.1640625 000221221121100221221100
0.1630859 200221221110100221221100
0.1630859 121221221100100221221120
0.1630859 120221221120100221221100
0.1630859 120221221100101221221100
0.1630859 110221221100100221220200
0.1630859 110021221100100221221100
0.1630859 101221121100100221221100
0.1630859 100221221102102221221100
0.1630859 100221221102100221221102
0.1630859 100221221101110221221100
0.1630859 100221221100201221221100
0.1630859 100221221100200221121101
0.1630859 100221221100120201221100
0.1630859 100221221100100221211120
0.1630859 100221221100100221210200
0.1630859 100221221100100211221000
0.1630859 100221221100100210221110
0.1630859 100221221100100121221101
0.1630859 100221221012100221221100
0.1630859 100221221000110221221100
0.1630859 100221221000100221221101
0.1630859 100221220101100221221100
0.1630859 100221220000100021221100
0.1630859 100221101100100222221100
0.1630859 100220221100100221201100
0.1630859 100000221100100221221100
0.1630859 000221221100100221220100
0.1630859 000221001100100221221100
0.1621094 112221221100100221220100
0.1621094 110221221100102221221100
0.1621094 110221221100100221111100
0.1621094 100221222100200221221100
0.1621094 100221221120100221220100
0.1621094 100221221100200201221100
0.1621094 100221221100200021221100
0.1621094 100221221100110221221120
0.1621094 100221221100101222221100
0.1621094 100221221100100221220120
0.1621094 100221221100100220021100
0.1621094 100221221100100111221110
0.1621094 100221221100100021221101
0.1621094 100221221100100021121100
0.1621094 100221211100220221221100
0.1621094 100221121101100220221100
0.1621094 100221121100100221221120
0.1621094 100221101100100220221100
0.1621094 100220221100200221221100
0.1621094 100200221100100221221101
0.1621094 100102221100100221221100
0.1621094 100101221100120221221100
0.1621094 100101221100100221221101
0.1621094 100101220100100221221100
0.1611328 222221221100100221221100
0.1611328 200220221100100221222100
0.1611328 121221221100100201221100
0.1611328 110221221100100220221100
0.1611328 102221221100100222221100
0.1611328 101221211100100221221100
0.1611328 100221221120100221201100
0.1611328 100221221110110221221100
0.1611328 100221221101100221221200
0.1611328 100221221101100221221000
0.1611328 100221221100220221221102
0.1611328 100221221100120222221100
0.1611328 100221221100110222221100
0.1611328 100221221100110221221121
0.1611328 100221221100110221121100
0.1611328 100221221100101221221102
0.1611328 100221221100101221211100
0.1611328 100221221100101221200100
0.1611328 100221221100100221220110
0.1611328 100221221100100221211101
0.1611328 100221221100100221121120
0.1611328 100221221100100201220100
0.1611328 100221221100100200221120
0.1611328 100221221100000222021100
0.1611328 100221220100100221221121
0.1611328 100221220100100021221100
0.1611328 100221210200100221221100
0.1611328 100221121100100221201100
0.1611328 100220221102100221221100
0.1611328 100211221200100221221100
0.1611328 100211221100100221221101
0.1611328 100201221112100221221100
0.1611328 100201221100100221021100
0.1611328 100201220200100221221100
0.1611328 100121221100120221221100
0.1611328 100101201100100221221100
0.1601562 200221221100100221221120
0.1601562 121221221100100211221100
0.1601562 120221221100100211221100
0.1601562 120221121101100221221100
0.1601562 111221221100100221221000
0.1601562 102221221100120221221100
0.1601562 101221221100100221221220
0.1601562 100221222100100221221101
0.1601562 100221221121102221221100
0.1601562 100221221120101121221100
0.1601562 100221221120100221121100
0.1601562 100221221110102221221100
0.1601562 100221221102100221021100
0.1601562 100221221101100221021100
0.1601562 100221221101100221011100
0.1601562 100221221100200220221200
0.1601562 100221221100200211221100
0.1601562 100221221100120221222100
0.1601562 100221221100120221221110
0.1601562 100221221100120200221100
0.1601562 100221221100101201221100
0.1601562 100221221100100221220102
0.1601562 100221221100100221102100
0.1601562 100221221100100221000100
0.1601562 100221221100100211221112
0.1601562 100221221100100211220100
0.1601562 100221221100100201222100
0.1601562 100221221100100021221120
0.1601562 100221221100100021221102
0.1601562 100221221000200221221100
0.1601562 100221221000111221221100
0.1601562 100221220110100221221100
0.1601562 100221202100100221221100
0.1601562 100211221120100221221100
0.1601562 100211220200100221221100
0.1601562 100121221101100221221100
0.1601562 100121221100100221221101
0.1601562 100021221100100221221200
0.1601562 000221221110100221221100
0.1591797 120221221100102221221100
0.1591797 120221221100100021221100
0.1591797 110221221100200221221100
0.1591797 110221221100100221221101
0.1591797 110221221100100121221100
0.1591797 102221221102100221221100
0.1591797 102221221100100221222000
0.1591797 102221221100100221221101
0.1591797 101222221100100221221100
0.1591797 101221221121100221221100
0.1591797 101221221100100021221100
0.1591797 100221221112100220221100
0.1591797 100221221110100221211100
0.1591797 100221221102110221221100
0.1591797 100221221102100221221101
0.1591797 100221221100110221221112
0.1591797 100221221100102221221101
0.1591797 100221221100102221200100
0.1591797 100221221100102221021100
0.1591797 100221221100102220221100
0.1591797 100221221100101221021100
0.1591797 100221221100100221221222
0.1591797 100221221100100201221220
0.1591797 100221221100100121221102
0.1591797 100221221100100021101100
0.1591797 100221221100001221221100
0.1591797 100221221100000221121101
0.1591797 100221221000100221220100
0.1591797 100221221000100221121100
0.1591797 100221221000100220221100
0.1591797 100221220200100221221101
0.1591797 100221220112100221221100
0.1591797 100221201100000221221100
0.1591797 100221121100100221211100
0.1591797 100221102100100221221100
0.1591797 100221021100100222221100
0.1591797 100211221112100221221100
0.1591797 100211221000100221221100
0.1591797 100201221100100021221100
0.1591797 000221221100100220221100
0.1591797 000221121101100221221100
0.1582031 200221221112100221221100
0.1582031 200221221100100221220200
0.1582031 200221221100100221011100
0.1582031 121221221100100220221100
0.1582031 120221221200100221221100
0.1582031 120221221100100221220200
0.1582031 120221221100100121221100
0.1582031 120021221100100221221100
0.1582031 112221201100100221221100
0.1582031 110221221100100221011100
0.1582031 110201221100100221221100
0.1582031 102221221101100221221100
0.1582031 102221101100100221221100
0.1582031 101221221120100221221100
0.1582031 101221221112100221221100
0.1582031 101221221100200220221100
0.1582031 101121201100100221221100
0.1582031 100222221100100221221122
0.1582031 100221221200100221220100
0.1582031 100221221120120221221100
0.1582031 100221221120100221021100
0.1582031 100221221112100222221100
0.1582031 100221221110121221221100
0.1582031 100221221102000221221100
0.1582031 100221221100200221211100
0.1582031 100221221100110221220100
0.1582031 100221221100110221201100
0.1582031 100221221100102221222000
0.1582031 100221221100102221101100
0.1582031 100221221100102221001100
0.1582031 100221221100102201221100
0.1582031 100221221100101221001100
0.1582031 100221221100101220221100
0.1582031 100221221100101121220100
0.1582031 100221221100100221221002
0.1582031 100221221100100221220101
0.1582031 100221221100100211201100
0.1582031 100221221100100121200100
0.1582031 100221221100100101201100
0.1582031 100221220100100221221000
0.1582031 100221201102100221221100
0.1582031 100221021100100221211100
0.1582031 100220221100100221101100
0.1582031 100220221100100021221100
0.1582031 100220220200100221221100
0.1582031 100211221111100221221100
0.1582031 100101221100100221221102
0.1582031 100021221100100221221121
0.1582031 000222221101100221221100
0.1582031 000222221100100221121100
0.1582031 000221221111100221221100
0.1582031 000221121100100221221100
0.1572266 220221021100100221221100
0.1572266 200220221000100221221100
0.1572266 200210221100100221221100
0.1572266 120121221100100221221100
0.1572266 112221221100100221222100
0.1572266 110221221100110221221100
0.1572266 110221221100100222221100
0.1572266 110221220100100221221100
0.1572266 110221021100100221221100
0.1572266 102221221100100221221200
0.1572266 102221021100100221221100
0.1572266 101221221100100221221102
0.1572266 101221220000100221221100
0.1572266 101121220100100221221100
0.1572266 100222221100100221121101
0.1572266 100221221120102221221100
0.1572266 100221221110100221220100
0.1572266 100221221110100221121100
0.1572266 100221221110100201221100
0.1572266 100221221102100221011100
0.1572266 100221221102100202221100
0.1572266 100221221101200221221100
0.1572266 100221221101100021221100
0.1572266 100221221100101121201100
0.1572266 100221221100100221011120
0.1572266 100221221100100211220200
0.1572266 100221221100100121101100
0.1572266 100221221100100021221110
0.1572266 100221221100022221221100
0.1572266 100221220100100221221102
0.1572266 100221211100210221221100
0.1572266 100220221100121221221100
0.1572266 100121221100100221221200
0.1572266 100121221100100221221000
0.1572266 100021221100100221221101
0.1572266 100021221100100221220000
0.1572266 000221221100100222221100
0.1572266 000221221100100201221100
0.15625 122221221100100221201100
0.15625 122221021100100221221100
0.15625 112221221100100221201100
0.15625 110221221100100221221110
0.15625 110121221100100221221100
0.15625 102221221110100221221100
0.15625 102221221100200220221100
0.15625 101220221100100221221100
0.15625 100222221120100221221100
0.15625 100221222100100220221100
0.15625 100221221120100221121101
0.15625 100221221112100221221101
0.15625 100221221110100221021100
0.15625 100221221102100221221200
0.15625 100221221102100221121100
0.15625 100221221100120221220100
0.15625 100221221100120021221100
0.15625 100221221100110021221100
0.15625 100221221100102221222200
0.15625 100221221100100222201100
0.15625 100221221100100221201120
0.15625 100221221100100221021110
0.15625 100221221100100211211100
0.15625 100221221100100200221200
0.15625 100221221100100200221110
0.15625 100221221100000221221120
0.15625 100221221100000221011100
0.15625 100221211100112221221100
0.15625 100221211100100221221102
0.15625 100221021100102221221100
0.15625 100221021100100221201100
0.15625 100221011100110221221100
0.15625 100220221100000221221100
0.15625 100220220100100221221100
0.15625 100201221100121221221100
0.15625 100201221100110221221100
0.15625 100121221110100221221100
0.15625 100021221110100221221100
0.15625 022221221100100221221100
0.15625 001221221100100221221100
0.1552734 220221221102100221221100
0.1552734 200221221100100221200100
0.1552734 200221221100100201221100
0.1552734 200201221100100221221100
0.1552734 120221221100100222221100
0.1552734 120221221100100221221110
0.1552734 112221220100100221221100
0.1552734 110221221100100221221000
0.1552734 110221221100100221212100
0.1552734 102221221100110221221100
0.1552734 102221221100100221221110
0.1552734 102221221100100221121100
0.1552734 102220221100100221221100
0.1552734 102201221100100221221100
0.1552734 101221221100100221222000
0.1552734 101221221100100221011100
0.1552734 101221221100000221221100
0.1552734 101121221100100221221000
0.1552734 100222221100200221221100
0.1552734 100222221000100221221100
0.1552734 100221221110100221222100
0.1552734 100221221101100221222100
0.1552734 100221221101100221221122
0.1552734 100221221100101221121100
0.1552734 100221221100101121222100
0.1552734 100221221100100222221101
0.1552734 100221221100100212221100
0.1552734 100221221100100201221102
0.1552734 100221221100100201221000
0.1552734 100221221000101121221100
0.1552734 100221221000100221201100
0.1552734 100221220200100221121100
0.1552734 100221220121100221221100
0.1552734 100221220000110221221100
0.1552734 100221201100100221221102
0.1552734 100221201100100221121100
0.1552734 100221201100100220221100
0.1552734 100221200100120221221100
0.1552734 100221121101100222221100
0.1552734 100221111100110221221100
0.1552734 100220221100100221211100
0.1552734 100211221100100221201100
0.1552734 100200221120100221221100
0.1552734 100121221100100201221100
0.1552734 100021221102100221221100
0.1552734 100021221100100221221102
0.1552734 000201221100100221221100
0.1542969 200221221111100221221100
0.1542969 200221121101100221221100
0.1542969 121221221110100221221100
0.1542969 121221221000100221221100
0.1542969 110221201100100221221100
0.1542969 102221221100100221021100
0.1542969 102221211100100221221100
0.1542969 101221221100100221121101
0.1542969 101221200100100221221100
0.1542969 100222221100120221221100
0.1542969 100221221200120221221100
0.1542969 100221221200110221221100
0.1542969 100221221112120221221100
0.1542969 100221221102121221221100
0.1542969 100221221102100221222100
0.1542969 100221221102100221221000
0.1542969 100221221101100221220200
0.1542969 100221221101100211221110
0.1542969 100221221101000221221100
0.1542969 100221221100120221221112
0.1542969 100221221100110221221110
0.1542969 100221221100110221211100
0.1542969 100221221100101221221120
0.1542969 100221221100101221101100
0.1542969 100221221100100221120100
0.1542969 100221221100100211221111
0.1542969 100221221100100201220200
0.1542969 100221221100000222221101
0.1542969 100221221000100221222100
0.1542969 100221221000100001221100
0.1542969 100221220100020221221100
0.1542969 100221211100100221221101
0.1542969 100221200000100221221100
0.1542969 100221101100100221221120
0.1542969 100211221100120221221100
0.1542969 100201221100100221222100
0.1542969 100201221100100221200100
0.1542969 100200221100100221121100
0.1542969 100121222100100221221100
0.1542969 100121221102100221221100
0.1542969 100121221100100221221102
0.1542969 100021221100120221221100
0.1542969 100021221100100220221100
0.1542969 000222221100100221221101
0.1533203 200221221100101221221100
0.1533203 200221221100100221222100
0.1533203 200220221120100221221100
0.1533203 200220221100101221221100
0.1533203 120221221100100221011100
0.1533203 112221221100200221221100
0.1533203 110221221102100221211100
0.1533203 110221221100100221220000
0.1533203 110221221000100221221100
0.1533203 101221001100100221221100
0.1533203 101121221100100221221200
0.1533203 101121221100100221221120
0.1533203 101121221100100221221110
0.1533203 100222221112100221221100
0.1533203 100222221100100021221100
0.1533203 100222221100000221221100
0.1533203 100221222100100221221120
0.1533203 100221221200100221121100
0.1533203 100221221120100211221100
0.1533203 100221221101000222221100
0.1533203 100221221100220221021100
0.1533203 100221221100200221221000
0.1533203 100221221100121201221100
0.1533203 100221221100110221221200
0.1533203 100221221100102221121100
0.1533203 100221221100100221221201
0.1533203 100221221100100221122100
0.1533203 100221221100100221111101
0.1533203 100221221100100221022100
0.1533203 100221221100100221002100
0.1533203 100221221100100220221112
0.1533203 100221221100100210221120
0.1533203 100221221100100000221100
0.1533203 100221221100020221221102
0.1533203 100221221100020220221100
0.1533203 100221221000102221221100
0.1533203 100221221000000221221100
0.1533203 100221220100100221221110
0.1533203 100221220000120221221100
0.1533203 100221201100100221221120
0.1533203 100221200100200221221100
0.1533203 100221121101100221221120
0.1533203 100221021100100221221120
0.1533203 100221021100100220221100
0.1533203 100221011100200221221100
0.1533203 100220221100101221221100
0.1533203 100212221100100221221100
0.1533203 100211221100100221121100
0.1533203 100211221100100221021100
0.1533203 100201221100000221221100
0.1533203 100200221200100221221100
0.1533203 100121221100110221221100
0.1533203 100101221100000221221100
0.1533203 100021221100100221221122
0.1533203 000222221100100221221102
0.1533203 000221221100100221121100
0.1523438 200222221100100221221102
0.1523438 200221021100100221221100
0.1523438 122221221100100221211100
0.1523438 110221221100100221121100
0.1523438 102221221100100221220100
0.1523438 102221001100100221221100
0.1523438 100221222100200220221100
0.1523438 100221221200100221021100
0.1523438 100221221120100222221100
0.1523438 100221221120100221211100
0.1523438 100221221120100221101100
0.1523438 100221221112110221221100
0.1523438 100221221112100021221100
0.1523438 100221221102100121221100
0.1523438 100221221102100101221100
0.1523438 100221221101121221221100
0.1523438 100221221101100121221100
0.1523438 100221221100121221121100
0.1523438 100221221100120221011100
0.1523438 100221221100112221222100
0.1523438 100221221100112221220100
0.1523438 100221221100110201221100
0.1523438 100221221100102221221102
0.1523438 100221221100100221201200
0.1523438 100221221100100221121111
0.1523438 100221221100100221121000
0.1523438 100221221100100221011102
0.1523438 100221221100100221001102
0.1523438 100221221100100220221102
0.1523438 100221221100100211221102
0.1523438 100221221100100121121100
0.1523438 100221221100100102221100
0.1523438 100221221100100021221200
0.1523438 100221221100100020221100
0.1523438 100221220100100201221100
0.1523438 100221211100100221021100
0.1523438 100221201100110221221100
0.1523438 100221201100100221221000
0.1523438 100221121100100200221100
0.1523438 100220221100110221221100
0.1523438 100220221100100221221110
0.1523438 100211221100100021221100
0.1523438 100201221100101221221100
0.1523438 100201201100100221221100
0.1523438 100121221100100220221100
0.1523438 100021221100100221222000
0.1523438 100021221100100221121100
0.1523438 100001221100100221221000
0.1523438 002221221100100221221100
0.1523438 000221221112100221221100
0.1523438 000221221100100211221100
0.1513672 210221221100100221211100
0.1513672 200221221000100221221100
0.1513672 200221121100100221221100
0.1513672 121201221100100221221100
0.1513672 120221221100100221021100
0.1513672 120221221100100221001100
0.1513672 110222221100100221221100
0.1513672 110221221100100021221100
0.1513672 102001221100100221221100
0.1513672 101221221100100221222100
0.1513672 100222221102100221221100
0.1513672 100221222100100221221000
0.1513672 100221221220100121221100
0.1513672 100221221200200221221100
0.1513672 100221221112100221201100
0.1513672 100221221110101121221100
0.1513672 100221221110000221221100
0.1513672 100221221102000220221100
0.1513672 100221221100220222221100
0.1513672 100221221100111121221100
0.1513672 100221221100110221222100
0.1513672 100221221100102221221120
0.1513672 100221221100102221202100
0.1513672 100221221100100221211200
0.1513672 100221221100100221012100
0.1513672 100221221100100211222100
0.1513672 100221221100100211221220
0.1513672 100221221100010220221100
0.1513672 100221221100000221201100
0.1513672 100221221000100221211100
0.1513672 100221220120100221221100
0.1513672 100221220100210221221100
0.1513672 100221220100100222221100
0.1513672 100221211100111221221100
0.1513672 100221211100100221121100
0.1513672 100221201100100222221100
0.1513672 100221201100100021221100
0.1513672 100221121100102221221100
0.1513672 100221121100101221221100
0.1513672 100221101100100201221100
0.1513672 100221021100100201221100
0.1513672 100221011100120221221100
0.1513672 100220221100100221222100
0.1513672 100220201100100221221100
0.1513672 100211221100100221101100
0.1513672 100201221100100221221110
0.1513672 100201221100100121221100
0.1513672 100200221100100221221102
0.1513672 100121221100200221221100
0.1513672 100121101100100221221100
0.1513672 100120221100100221221100
0.1513672 100021222100100221221100
0.1513672 100021221100100221220100
0.1513672 100021101100100221221100
0.1513672 000222221102100221221100
0.1513672 000221220100100221221100
0.1503906 220222221100100221221100
0.1503906 201221221100100221221100
0.1503906 200221221100100220221100
0.1503906 200221221100100021221100
0.1503906 121221221100100221221110
0.1503906 120221221101100220221100
0.1503906 120221221101100201221100
0.1503906 120221221100100221221101
0.1503906 111021221100100221221100
0.1503906 110221221112100221221100
0.1503906 110221221100100221221200
0.1503906 102221222200100221221100
0.1503906 101221221100102221221100
0.1503906 101221221100100221220100
0.1503906 101121221100120221221100
0.1503906 100222221101100221221100
0.1503906 100222221100101221221100
0.1503906 100222221100100221101100
0.1503906 100221222001100221221100
0.1503906 100221221122100021221100
0.1503906 100221221112100221211100
0.1503906 100221221102100221200100
0.1503906 100221221101100101221100
0.1503906 100221221100211221221100
0.1503906 100221221100210222221100
0.1503906 100221221100200221220100
0.1503906 100221221100200221021101
0.1503906 100221221100121221222100
0.1503906 100221221100120221221000
0.1503906 100221221100120211221100
0.1503906 100221221100100221021220
0.1503906 100221221100100221001101
0.1503906 100221221100100220222100
0.1503906 100221221100100220011100
0.1503906 100221221100100201011100
0.1503906 100221221100100121221110
0.1503906 100221221100100101211100
0.1503906 100221221100100021200100
0.1503906 100221221100020221221101
0.1503906 100221221100000221021102
0.1503906 100221221100000200221100
0.1503906 100221221000100221221102
0.1503906 100221221000100221021100
0.1503906 100221220010100221221100
0.1503906 100221211100100220221100
0.1503906 100221201100100221221121
0.1503906 100221121111100221221100
0.1503906 100220221100100121221100
0.1503906 100210221110100221221100
0.1503906 100201221100100211221100
0.1503906 100111221110100221221100
0.1503906 100101221100110221221100
0.1503906 000221221100100221011100
0.1503906 000220021100100221221100
0.1503906 000121221100100221221100
0.1503906 000021221100100221221100
0.1494141 220221221100100221222100
0.1494141 220221121100100221221100
0.1494141 200220221100100021221100
0.1494141 120221221112100221221100
0.1494141 120221221100100221221102
0.1494141 110221221200100221221100
0.1494141 102221222000100221221100
0.1494141 102221221100100201221100
0.1494141 102221200100100221221100
0.1494141 100222221200100221221100
0.1494141 100222221100100221220100
0.1494141 100221222101100221221100
0.1494141 100221222100100221221121
0.1494141 100221221122100121221100
0.1494141 100221221121100221222100
0.1494141 100221221112100221221120
0.1494141 100221221110100221101100
0.1494141 100221221110100211221100
0.1494141 100221221102200220221100
0.1494141 100221221102100001221100
0.1494141 100221221100200221221111
0.1494141 100221221100200221011100
0.1494141 100221221100200211221110
0.1494141 100221221100121221221120
0.1494141 100221221100121220221100
0.1494141 100221221100120221221200
0.1494141 100221221100110221121101
0.1494141 100221221100100221200120
0.1494141 100221221100100221021000
0.1494141 100221221100100021021100
0.1494141 100221221100100011221110
0.1494141 100221221100000221221110
0.1494141 100221221000101021221100
0.1494141 100221220100100211221100
0.1494141 100221121101100221201100
0.1494141 100220221100102221221100
0.1494141 100211221102100221221100
0.1494141 100211221100110221221100
0.1494141 100211221100100221220100
0.1494141 100200221100200221221100
0.1494141 100121221100100221121100
0.1494141 100021221120100221221100
0.1494141 100021221100200220221100
0.1494141 100021221100100211221100
0.1494141 100021221100100201221100
0.1494141 100020221100100221221100
0.1494141 100001221100100221221102
0.1494141 020220221100100221221100
0.1494141 010221221100100221211100
0.1494141 010220221100100221221100
0.1494141 000222221110100221221100
0.1494141 000221221100100221021100
0.1494141 000221221100100021221100
0.1484375 220221221110100221221100
0.1484375 200222221100100221211100
0.1484375 200221221120100221221100
0.1484375 200221221100102221221100
0.1484375 121221221100100221222100
0.1484375 120221221100100221221000
0.1484375 120221221100100221210100
0.1484375 112221222100100221221100
0.1484375 110221221100220221221100
0.1484375 102221221100100221201100
0.1484375 101221221100100011221100
0.1484375 100221221201100221221100
0.1484375 100221221120100220221100
0.1484375 100221221112100221220100
0.1484375 100221221110100221221200
0.1484375 100221221110100221121101
0.1484375 100221221102100221220200
0.1484375 100221221102100212221100
0.1484375 100221221101100221221220
0.1484375 100221221101100221221112
0.1484375 100221221101100221200100
0.1484375 100221221100122021221100
0.1484375 100221221100111021221100
0.1484375 100221221100100222221102
0.1484375 100221221100100221210000
0.1484375 100221221100100221201110
0.1484375 100221221100100221200101
0.1484375 100221221100100221121122
0.1484375 100221221100100221021111
0.1484375 100221221100100220200100
0.1484375 100221221100100211221210
0.1484375 100221221100100211221101
0.1484375 100221221100100201021100
0.1484375 100221221100100021221121
0.1484375 100221221100100011221200
0.1484375 100221221100020221121100
0.1484375 100221221100020221021100
0.1484375 100221221011100221221100
0.1484375 100221211100010221221100
0.1484375 100221201101100221221100
0.1484375 100221021100200221221100
0.1484375 100211221100200221221100
0.1484375 100200221100100221220100
0.1484375 100101222100100221221100
0.1484375 100021221100100221021100
0.1484375 100021201100100221221100
0.1484375 100011221110100221221100
0.1484375 000221221100100221221120
0.1484375 000211221100100221221100
0.1474609 200211221100100221221100
0.1474609 122221222100100221221100
0.1474609 110221221100100211221100
0.1474609 102222221100100221221100
0.1474609 102221221100220221221100
0.1474609 102221221100100221222100
0.1474609 102221221000100221221100
0.1474609 101221221100100221201100
0.1474609 101121221101100221221100
0.1474609 101001221100100221221100
0.1474609 100222221100121221221100
0.1474609 100222221100100221221200
0.1474609 100222221100100221211100
0.1474609 100222221100100221201100
0.1474609 100221222100100221221200
0.1474609 100221222100100221021100
0.1474609 100221221200100221201100
0.1474609 100221221120220221221100
0.1474609 100221221120100221221110
0.1474609 100221221120100221200100
0.1474609 100221221112101221221100
0.1474609 100221221112100221221102
0.1474609 100221221112100221121100
0.1474609 100221221112100211221100
0.1474609 100221221110100221221110
0.1474609 100221221110100221200100
0.1474609 100221221101000220221100
0.1474609 100221221100122221021100
0.1474609 100221221100111221221101
0.1474609 100221221100102221212100
0.1474609 100221221100102121222100
0.1474609 100221221100101120221100
0.1474609 100221221100100221222101
0.1474609 100221221100100221212000
0.1474609 100221221100100221021200
0.1474609 100221221100100221021122
0.1474609 100221221100100221011101
0.1474609 100221221100100111220100
0.1474609 100221221100000222121100
0.1474609 100221211100100222221100
0.1474609 100221211100100221221121
0.1474609 100221121100100221221110
0.1474609 100221120100100221221100
0.1474609 100220221220100221221100
0.1474609 100121221100100200221100
0.1474609 100121200100100221221100
0.1474609 100101221100100221021100
0.1474609 020221221100100221201100
0.1474609 020221021100100221221100
0.1474609 000222221100100221211100
0.1474609 000222021100100221221100
0.1474609 000221221100101221221100
0.1474609 000221221100100221222100
0.1474609 000221221000100221221100
0.1474609 000220221110100221221100
0.1464844 200221221100100221021100
0.1464844 200220221100102221221100
0.1464844 200220221100100121221100
0.1464844 120200221100100221221100
0.1464844 112221221120100221221100
0.1464844 112221221100100221221101
0.1464844 112021221100100221221100
0.1464844 110221221101100221211100
0.1464844 110221221100100221221102
0.1464844 110221221100100101221100
0.1464844 102221221120100221221100
0.1464844 102221221100100221121101
0.1464844 101221220100120221221100
0.1464844 101200221100100221221100
0.1464844 100222221100100121221100
0.1464844 100221222100220221221100
0.1464844 100221222100000221221100
0.1464844 100221221220100021221100
0.1464844 100221221202100221221100
0.1464844 100221221200111221221100
0.1464844 100221221121120221221100
0.1464844 100221221112102221221100
0.1464844 100221221110220221221100
0.1464844 100221221100120121221100
0.1464844 100221221100112220221100
0.1464844 100221221100111221221102
0.1464844 100221221100102201222100
0.1464844 100221221100100222021100
0.1464844 100221221100100221211000
0.1464844 100221221100100221201220
0.1464844 100221221100100221201121
0.1464844 100221221100100220221020
0.1464844 100221221100100212221110
0.1464844 100221221100100200221000
0.1464844 100221221000100221221200
0.1464844 100221221000100221221000
0.1464844 100221220100100221011100
0.1464844 100221121100100221220100
0.1464844 100221101100100221221110
0.1464844 100211222100100221221100
0.1464844 100211221010100221221100
0.1464844 100201221100100201221100
0.1464844 100200221100100221021100
0.1464844 100200221000100221221100
0.1464844 100122221100100221221100
0.1464844 100121221100200220221100
0.1464844 100121221100100211221100
0.1464844 100101221100200221221100
0.1464844 020221221100100221211100
0.1455078 200221221100100211221100
0.1455078 121221221100100221021100
0.1455078 120221221100100221221200
0.1455078 112221221100101221221100
0.1455078 112221021100100221221100
0.1455078 112201221100100221221100
0.1455078 111221221100100221221110
0.1455078 102221221100100221221220
0.1455078 102221221100100021221100
0.1455078 102221221100000221221100
0.1455078 100222221100110221221100
0.1455078 100222221100100221222100
0.1455078 100221222000100220221100
0.1455078 100221221122100220221100
0.1455078 100221221121100221221110
0.1455078 100221221120100221222100
0.1455078 100221221112200221221100
0.1455078 100221221110100221221000
0.1455078 100221221110100220221100
0.1455078 100221221101100220221120
0.1455078 100221221101100220221110
0.1455078 100221221101100001221100
0.1455078 100221221100220221221120
0.1455078 100221221100210221221101
0.1455078 100221221100200220211100
0.1455078 100221221100122221211100
0.1455078 100221221100121221220100
0.1455078 100221221100112221201100
0.1455078 100221221100110200221100
0.1455078 100221221100100222220200
0.1455078 100221221100100222220100
0.1455078 100221221100100221222110
0.1455078 100221221100100221200110
0.1455078 100221221100100221121220
0.1455078 100221221100000222221102
0.1455078 100221221100000221221111
0.1455078 100221221020100021221100
0.1455078 100221221000200220221100
0.1455078 100221220100100221222100
0.1455078 100221211100110221221102
0.1455078 100221211100100221221120
0.1455078 100221121102100222221100
0.1455078 100221121101100221211100
0.1455078 100221121100120221221100
0.1455078 100221111101100221221100
0.1455078 100221021110100221221100
0.1455078 100220221100100221221000
0.1455078 100211220100100221221100
0.1455078 100211201100100221221100
0.1455078 100201221220100221221100
0.1455078 100201221100100222221100
0.1455078 100201220100100221221100
0.1455078 100200221100100221201100
0.1455078 100121221100100221221220
0.1455078 100101221100100221121100
0.1455078 100022221100100221221100
0.1455078 100021221121100221221100
0.1455078 100011221100100221221000
0.1455078 020221221101100221221100
0.1455078 000222221100100221021100
0.1455078 000221221120100221221100
0.1445312 200021221100100221221100
0.1445312 122221221102100221221100
0.1445312 122221221100100221220100
0.1445312 121221221100100221211100
0.1445312 120221221100200221221100
0.1445312 120221221100100200221100
0.1445312 120221211100100221221100
0.1445312 120211221100100221221100
0.1445312 112221221110100221221100
0.1445312 112221221100120221221100
0.1445312 112221221100100221221120
0.1445312 112221221100100221221000
0.1445312 111221221100100221220100
0.1445312 111221220100100221221100
0.1445312 110221221100121221221100
0.1445312 110221221100102221222100
0.1445312 110221221100100221221121
0.1445312 110221221100000221221100
0.1445312 110221121101100221221100
0.1445312 110200221100100221221100
0.1445312 102221202100100221221100
0.1445312 102221121100100221221100
0.1445312 101121221102100221221100
0.1445312 100221222100100221121100
0.1445312 100221221200100221221102
0.1445312 100221221200100221211100
0.1445312 100221221121110221221100
0.1445312 100221221121100222221100
0.1445312 100221221121100220221100
0.1445312 100221221120110221221100
0.1445312 100221221120100221221000
0.1445312 100221221112100221221200
0.1445312 100221221101100202221100
0.1445312 100221221100200221222100
0.1445312 100221221100122221220100
0.1445312 100221221100122201221100
0.1445312 100221221100112221221120
0.1445312 100221221100112201221100
0.1445312 100221221100110221221220
0.1445312 100221221100110221221122
0.1445312 100221221100101221221110
0.1445312 100221221100101111221100
0.1445312 100221221100100222211100
0.1445312 100221221100100221220010
0.1445312 100221221100100221122000
0.1445312 100221221100100220221210
0.1445312 100221221100100121021100
0.1445312 100221221100100011221120
0.1445312 100221221100000221221112
0.1445312 100221221100000210221100
0.1445312 100221221100000201221100
0.1445312 100221221010100021221100
0.1445312 100221220100112221221100
0.1445312 100221220100100221221220
0.1445312 100221220100100221211100
0.1445312 100221220100000221021100
0.1445312 100221212100100221221100
0.1445312 100221201120100221221100
0.1445312 100221201100210221221100
0.1445312 100221201100102221221100
0.1445312 100221121000100221221100
0.1445312 100221021120100221221100
0.1445312 100221021100120221221100
0.1445312 100221021100101221221100
0.1445312 100220221100100221021101
0.1445312 100220211100100221221100
0.1445312 100212221110100221221100
0.1445312 100211221100100221211100
0.1445312 100202221100100221221102
0.1445312 100201221100200221221101
0.1445312 100021221100110221221100
0.1445312 100011221120100221221100
0.1445312 100002221100100221221100
0.1445312 000222221100100201221100
0.1445312 000221221100120221221100
0.1445312 000221221100110221221100
0.1445312 000221221100100221221000
0.1435547 200220221102100221221100
0.1435547 200220221100100221021100
0.1435547 121221221120100221221100
0.1435547 121221221100100222221100
0.1435547 121220221100100221221100
0.1435547 120221221100112221221100
0.1435547 120221221100100221121100
0.1435547 120221221100000221221100
0.1435547 112221221102100221221100
0.1435547 111221221100100221221200
0.1435547 110221221100122221221100
0.1435547 110221211100100221221100
0.1435547 102221221100101221221100
0.1435547 102221221100100221220000
0.1435547 102221221100100211221100
0.1435547 100222221100100221221120
0.1435547 100222221100100221221112
0.1435547 100222220100100221221100
0.1435547 100221222100100221221102
0.1435547 100221221200100221121101
0.1435547 100221221121100221221102
0.1435547 100221221120000221221100
0.1435547 100221221112100121221100
0.1435547 100221221102100221221122
0.1435547 100221221100200011221100
0.1435547 100221221100120221221220
0.1435547 100221221100120211221110
0.1435547 100221221100110221001100
0.1435547 100221221100110121221100
0.1435547 100221221100102211221100
0.1435547 100221221100102021222100
0.1435547 100221221100102011221100
0.1435547 100221221100101221221200
0.1435547 100221221100100221222010
0.1435547 100221221100100201221122
0.1435547 100221221100100201221101
0.1435547 100221221100100200201100
0.1435547 100221221100100122221100
0.1435547 100221221100100121221120
0.1435547 100221221100100021001100
0.1435547 100221221100010221021100
0.1435547 100221221100000221220100
0.1435547 100221221022100221221100
0.1435547 100221221000100011221100
0.1435547 100221220100100221121101
0.1435547 100221220100100121221100
0.1435547 100221211200100221221100
0.1435547 100221201100100221221200
0.1435547 100221201100100201221100
0.1435547 100221121101101221221100
0.1435547 100221121100100221221200
0.1435547 100221121001100221221100
0.1435547 100221021100100221222100
0.1435547 100220221100220221221100
0.1435547 100211221100100221001100
0.1435547 100201222200100221221100
0.1435547 100201221100102221221100
0.1435547 100121211100100221221100
0.1435547 012221221100100221221100
0.1435547 011221221100100221221100
0.1435547 000221221100100221221110
0.1435547 000221221100100221200100
0.1435547 000211221110100221221100
0.1425781 211221221100100221221100
0.1425781 210221221100100221201100
0.1425781 200221221100100222221100
0.1425781 120222221100100221221100
0.1425781 120221221100120221221100
0.1425781 120221221100101121221100
0.1425781 120221221100100221222000
0.1425781 120221221100100221220000
0.1425781 120221221100100101221100
0.1425781 112221221100100220221100
0.1425781 112220221100100221221100
0.1425781 110221221100100221211000
0.1425781 110221221100100221021100
0.1425781 102221221100100221221102
0.1425781 101121221100200221221100
0.1425781 101021221100100221221000
0.1425781 100222221100100221021101
0.1425781 100222221100100220221100
0.1425781 100221222110100221221100
0.1425781 100221221220100221221101
0.1425781 100221221200101121221100
0.1425781 100221221111100220221100
0.1425781 100221221110100222221100
0.1425781 100221221110100221221120
0.1425781 100221221110100221011100
0.1425781 100221221102112221221100
0.1425781 100221221102100222221110
0.1425781 100221221102100221221220
0.1425781 100221221102100221221121
0.1425781 100221221102100011221100
0.1425781 100221221101100221001100
0.1425781 100221221100220221211100
0.1425781 100221221100202221221100
0.1425781 100221221100200221201100
0.1425781 100221221100121222221100
0.1425781 100221221100120221201100
0.1425781 100221221100111221222100
0.1425781 100221221100110221221000
0.1425781 100221221100102221022100
0.1425781 100221221100101221222000
0.1425781 100221221100101221221000
0.1425781 100221221100101200221100
0.1425781 100221221100100222221121
0.1425781 100221221100100221221202
0.1425781 100221221100100221220121
0.1425781 100221221100100221200102
0.1425781 100221221100100221120101
0.1425781 100221221100100201221112
0.1425781 100221221100100021221000
0.1425781 100221221100002221221100
0.1425781 100221221100000220221102
0.1425781 100221221100000211221110
0.1425781 100221221100000211221100
0.1425781 100221221000100222221100
0.1425781 100221221000100221121101
0.1425781 100221220201100221221100
0.1425781 100221220100102221221100
0.1425781 100221220100101221221100
0.1425781 100221220020100221221100
0.1425781 100221211102100221221100
0.1425781 100221211100110221221101
0.1425781 100221211100000221021100
0.1425781 100221201100100221021100
0.1425781 100221201100100121221100
0.1425781 100221121100100211221100
0.1425781 100221021100100221221102
0.1425781 100221021100100221220100
0.1425781 100221020100100221221100
0.1425781 100221011100000221221100
0.1425781 100220221100100221221120
0.1425781 100220221100100221121102
0.1425781 100211222200100221221100
0.1425781 100211221100100221121101
0.1425781 100201221100100221221000
0.1425781 100201021100100221221100
0.1425781 100200221100120221221100
0.1425781 100200221100110221221100
0.1425781 100121221100112221221100
0.1425781 100121221100100221021100
0.1425781 020221221100100221220100
0.1425781 000222221100200221221100
0.1425781 000221221102100222221100
0.1425781 000221221100100121221100
0.1416016 200221221100110221221100
0.1416016 200221221100100121221100
0.1416016 121221221100100221220100
0.1416016 110221221100100221222000
0.1416016 101221222000100221221100
0.1416016 101221221100100200221100
0.1416016 101211221100100221221100
0.1416016 100222221100100221221000
0.1416016 100222221100100201221100
0.1416016 100221222220100221221100
0.1416016 100221222000110221221100
0.1416016 100221221200100221222100
0.1416016 100221221112100221222100
0.1416016 100221221110100221001100
0.1416016 100221221102100211221110
0.1416016 100221221101112221221100
0.1416016 100221221101100201221110
0.1416016 100221221100200220021100
0.1416016 100221221100200121221100
0.1416016 100221221100122221221102
0.1416016 100221221100122221121100
0.1416016 100221221100112221221101
0.1416016 100221221100111221220100
0.1416016 100221221100102221011100
0.1416016 100221221100101221221121
0.1416016 100221221100101211221100
0.1416016 100221221100101121211100
0.1416016 100221221100100222121100
0.1416016 100221221100100221220112
0.1416016 100221221100100221211110
0.1416016 100221221100100221121200
0.1416016 100221221100100221121001
0.1416016 100221221100100221111102
0.1416016 100221221100100221022000
0.1416016 100221221100100220221101
0.1416016 100221221100100220001100
0.1416016 100221221100100200220100
0.1416016 100221221100100200211100
0.1416016 100221221100100121222000
0.1416016 100221221100100021121101
0.1416016 100221221100012221221100
0.1416016 100221221100011221221100
0.1416016 100221221100001221021100
0.1416016 100221221100000222221110
0.1416016 100221221000100221221110
0.1416016 100221220200100221221102
0.1416016 100221201200100221221100
0.1416016 100221200100110221221100
0.1416016 100221200100000221221100
0.1416016 100221121102100220221100
0.1416016 100221121101120221221100
0.1416016 100221021100100221221110
0.1416016 100221011100100221221101
0.1416016 100221001100120221221100
0.1416016 100220221101100221221100
0.1416016 100220221100100221111100
0.1416016 100220221100100211221100
0.1416016 100211221100101221221100
0.1416016 100201221101100221221100
0.1416016 100201221100220221221100
0.1416016 100201221100100221121102
0.1416016 100200221102100221221100
0.1416016 100200221100100021221100
0.1416016 100121221112100221221100
0.1416016 100121221100100222221100
0.1416016 100121221100100221221122
0.1416016 002222221100100221221100
0.1416016 000221221100102221221100
0.140625 220221221000100221221100
0.140625 220201221100100221221100
0.140625 200221221100100221221200
0.140625 200221221100100221221110
0.140625 200221221100100101221100
0.140625 122221121100100221221100
0.140625 121221221100100221221101
0.140625 112221221100100222221100
0.140625 111221221100120221221100
0.140625 111221221100100221201100
0.140625 110221221100120221211100
0.140625 110221121100100221211100
0.140625 102221221112100221221100
0.140625 101121221100100201221100
0.140625 100222222100100221221100
0.140625 100222221100100221221110
0.140625 100222221100100221121102
0.140625 100222220000100221221100
0.140625 100221222210100221221100
0.140625 100221222100100221220100
0.140625 100221222100100221201100
0.140625 100221221200000221221100
0.140625 100221221122101221221100
0.140625 100221221121100221221000
0.140625 100221221120100011221100
0.140625 100221221112100221021100
0.140625 100221221102102221222100
0.140625 100221221102101121221100
0.140625 100221221102100222221120
0.140625 100221221101220221221100
0.140625 100221221101200220221100
0.140625 100221221101111221221100
0.140625 100221221100220211221100
0.140625 100221221100220021221100
0.140625 100221221100121221221110
0.140625 100221221100112221221102
0.140625 100221221100100222221112
0.140625 100221221100100221211121
0.140625 100221221100100220220000
0.140625 100221221100100220121100
0.140625 100221221100100201221121
0.140625 100221221100100121121101
0.140625 100221221100100111222100
0.140625 100221221100100011222100
0.140625 100221221100100001211100
0.140625 100221221100001121221100
0.140625 100221221100000221221000
0.140625 100221220200100021221100
0.140625 100221220100121221221100
0.140625 100221201110100221221100
0.140625 100221201100100221121101
0.140625 100221121101100221221110
0.140625 100221121100200221221100
0.140625 100221121100100221221220
0.140625 100221121100100221011100
0.140625 100220222100100221221100
0.140625 100220221100100221200100
0.140625 100201222100100221221100
0.140625 100201221100100221021101
0.140625 100121221000100221221100
0.140625 100021221100200221221100
0.140625 100001221120100221221100
0.140625 100001221100100221221101
0.140625 000222221100100220221100
0.140625 000222121100100221221100
0.140625 000221221101100220221100
0.1396484 200221221101100221211100
0.1396484 121221221100110221221100
0.1396484 120221221100100221221220
0.1396484 120221011100100221221100
0.1396484 111221221100110221221100
0.1396484 111221221100100221222100
0.1396484 111221221100100201221100
0.1396484 111221201100100221221100
0.1396484 110221221100101121221100
0.1396484 110221221100100221202100
0.1396484 110221221100100221001100
0.1396484 110221021100100221211100
0.1396484 102221222100110221221100
0.1396484 102221220000100221221100
0.1396484 102011221100100221221100
0.1396484 101221221200100221221100
0.1396484 101221221100122221221100
0.1396484 101221121101100221221100
0.1396484 101121221110100221221100
0.1396484 101121221100100222221100
0.1396484 101121221100100211221100
0.1396484 100222220200100221221100
0.1396484 100221222000100221201100
0.1396484 100221222000100021221100
0.1396484 100221221212100221221100
0.1396484 100221221121100211221100
0.1396484 100221221120100201221100
0.1396484 100221221111100221221120
0.1396484 100221221111100201221100
0.1396484 100221221102101222221100
0.1396484 100221221102100201211100
0.1396484 100221221101100220221200
0.1396484 100221221101100210221100
0.1396484 100221221101100201221120
0.1396484 100221221100212221221100
0.1396484 100221221100200222221110
0.1396484 100221221100112221221200
0.1396484 100221221100112221211100
0.1396484 100221221100102221122100
0.1396484 100221221100101221121101
0.1396484 100221221100101121221102
0.1396484 100221221100101001221100
0.1396484 100221221100100221221011
0.1396484 100221221100100221220020
0.1396484 100221221100100221211220
0.1396484 100221221100100221200000
0.1396484 100221221100100221121110
0.1396484 100221221100100221101120
0.1396484 100221221100100221020100
0.1396484 100221221100100221010100
0.1396484 100221221100100211021100
0.1396484 100221221100100210221200
0.1396484 100221221100010221221102
0.1396484 100221221100002221021100
0.1396484 100221221100000221211100
0.1396484 100221221100000221121102
0.1396484 100221221100000220221000
0.1396484 100221221000110021221100
0.1396484 100221221000100221221120
0.1396484 100221220202100221221100
0.1396484 100221220100100221220100
0.1396484 100221220000100221021100
0.1396484 100221220000000221221100
0.1396484 100221211000100221221100
0.1396484 100221210100120221221100
0.1396484 100221210100110221221100
0.1396484 100221210000100221221100
0.1396484 100221201102100222221100
0.1396484 100221201100100221222100
0.1396484 100221201100100221221110
0.1396484 100221201100100221211100
0.1396484 100221201000100221221100
0.1396484 100221122100100221221100
0.1396484 100221121100100221221102
0.1396484 100221021111100221221100
0.1396484 100211221100100221222100
0.1396484 100202221110100221221100
0.1396484 100201221100100221222000
0.1396484 100201221100100011221100
0.1396484 100200221100000221221100
0.1396484 100121221120100221221100
0.1396484 100121221100102221221100
0.1396484 100121221100100221211100
0.1396484 100121221100100221121101
0.1396484 100121221100000221221100
0.1396484 100121121100100221221100
0.1396484 100101221102100221221100
0.1396484 100021221100100221221220
0.1396484 100021221100100221211100
0.1396484 100021221100100200221100
0.1396484 100001221100100221221110
0.1396484 000221221100100221221200
0.1396484 000221221100100221221101
0.1396484 000221221100100221220200
0.1386719 220221221100100201221100
0.1386719 200220221100100221221110
0.1386719 200220021100100221221100
0.1386719 200211221110100221221100
0.1386719 121221221100100221221102
0.1386719 120221221102100201221100
0.1386719 120221221101100221211100
0.1386719 120221201100100221221100
0.1386719 112221221100100121221100
0.1386719 111221221100100221221101
0.1386719 111221021100100221221100
0.1386719 110221222100100221221100
0.1386719 110221221100100221101100
0.1386719 110201221100100221211100
0.1386719 102221222100120221221100
0.1386719 102021221100100221221000
0.1386719 101221221100210221221100
0.1386719 101221221100102221222100
0.1386719 101221221100100220221000
0.1386719 101121221100110221221100
0.1386719 101121221100100221221101
0.1386719 100222201100100221221100
0.1386719 100221222100100221221110
0.1386719 100221222100100221011100
0.1386719 100221222100100201221100
0.1386719 100221222010100221221100
0.1386719 100221221220101221221100
0.1386719 100221221200100221221110
0.1386719 100221221200100221221000
0.1386719 100221221200100011221100
0.1386719 100221221122100221220100
0.1386719 100221221121200221221100
0.1386719 100221221102220221221100
0.1386719 100221221100220221221110
0.1386719 100221221100201121221100
0.1386719 100221221100200222221101
0.1386719 100221221100200221221200
0.1386719 100221221100112221021100
0.1386719 100221221100110221101100
0.1386719 100221221100110221011100
0.1386719 100221221100110211221100
0.1386719 100221221100100222221111
0.1386719 100221221100100222220000
0.1386719 100221221100100221222210
0.1386719 100221221100100211222200
0.1386719 100221221100100121221000
0.1386719 100221221100100111211100
0.1386719 100221221100100011221000
0.1386719 100221221100100011220100
0.1386719 100221221100010221221101
0.1386719 100221221100001222221100
0.1386719 100221221100000221021110
0.1386719 100221221000220221221100
0.1386719 100221221000122221221100
0.1386719 100221221000100221101100
0.1386719 100221221000100201221100
0.1386719 100221220100200221121100
0.1386719 100221211100200222221100
0.1386719 100221211100020221221100
0.1386719 100221201100200222221100
0.1386719 100221201100100211221100
0.1386719 100221121120100221221100
0.1386719 100221121110100221221100
0.1386719 100221121101110221221100
0.1386719 100221121101100221221200
0.1386719 100221121101100221220100
0.1386719 100221121100100221222100
0.1386719 100221021102100222221100
0.1386719 100221021100102221222100
0.1386719 100221021100100221121100
0.1386719 100220221100100222221100
0.1386719 100211222000100221221100
0.1386719 100211221210100221221100
0.1386719 100201221100100221001100
0.1386719 100101221000100221221100
0.1386719 100101211100100221221100
0.1386719 100021221100100222221100
0.1386719 100021221100100211221110
0.1386719 100021121100100221221100
0.1386719 100011221100100221221120
0.1386719 010222221100100221221100
0.1386719 001222221100100221221100
0.1386719 000221221100100200221100
0.1386719 000221011100100221221100
0.1376953 220221221100100220221100
0.1376953 210221221100100221220100
0.1376953 200221221100100221210100
0.1376953 121221221100200221221100
0.1376953 121221221100100221121100
0.1376953 120221021101100221221100
0.1376953 112221221100100221221110
0.1376953 112221121100100221221100
0.1376953 111221221120100221221100
0.1376953 110221221100101221222100
0.1376953 110221221100100201211100
0.1376953 102221221121100221221100
0.1376953 102211221100100221221100
0.1376953 102121220100100221221100
0.1376953 101221221111100221221100
0.1376953 101221221100112221221100
0.1376953 101221221100100121221100
0.1376953 101111221100100221221100
0.1376953 100222221100220221221100
0.1376953 100222221100100221221121
0.1376953 100221222000120221221100
0.1376953 100221221200102221221100
0.1376953 100221221120100221221200
0.1376953 100221221120100221011100
0.1376953 100221221110200220221100
0.1376953 100221221102100220221120
0.1376953 100221221100210221221102
0.1376953 100221221100200221121102
0.1376953 100221221100121221221000
0.1376953 100221221100121211221100
0.1376953 100221221100120221221122
0.1376953 100221221100120221121102
0.1376953 100221221100120221021101
0.1376953 100221221100110211221110
0.1376953 100221221100102222221100
0.1376953 100221221100102221221110
0.1376953 100221221100102001221100
0.1376953 100221221100101121221101
0.1376953 100221221100100221221012
0.1376953 100221221100100221201112
0.1376953 100221221100100221201000
0.1376953 100221221100100221021112
0.1376953 100221221100100221011200
0.1376953 100221221100100220221122
0.1376953 100221221100100211220110
0.1376953 100221221100100201221210
0.1376953 100221221100100022221100
0.1376953 100221221100100011211100
0.1376953 100221221100010222221100
0.1376953 100221221000112221221100
0.1376953 100221201121100221221100
0.1376953 100221201100101221221100
0.1376953 100221200101100221221100
0.1376953 100221121100121221221100
0.1376953 100221121100110221221100
0.1376953 100221121100100221021100
0.1376953 100221121100000221221100
0.1376953 100221021100100221221101
0.1376953 100220221100100221221200
0.1376953 100220221100100201221100
0.1376953 100211221100121221221100
0.1376953 100211221100102221221100
0.1376953 100201222000100221221100
0.1376953 100201221100100221221112
0.1376953 100201221100000221021100
0.1376953 100201121100100221221100
0.1376953 100200201100100221221100
0.1376953 100101221100100221221110
0.1376953 100021221100100221221112
0.1376953 100021221100100221221020
0.1376953 100011221100100221221102
0.1376953 020221221102100221221100
0.1376953 010221221100100221201100
0.1376953 000221221200100221221100
0.1376953 000221221102100221211100
0.1376953 000221221102100220221100
0.1376953 000221221100200221221100
0.1376953 000221221100100221221220
0.1376953 000221021101100221221100
0.1367188 220221221120100221221100
0.1367188 220221221100101221221100
0.1367188 200221221100100221221102
0.1367188 200221221100000221221100
0.1367188 200220221101100221221100
0.1367188 200011221100100221221100
0.1367188 120221220100100221221100
0.1367188 112221211100100221221100
0.1367188 110221221100102221211100
0.1367188 110221101100100221221100
0.1367188 102221221200100221221100
0.1367188 102200221100100221221100
0.1367188 101221221100200222221100
0.1367188 101221221100100221221210
0.1367188 101221221100100221221112
0.1367188 100222221121100221221100
0.1367188 100222221100102221221100
0.1367188 100222221100100221200100
0.1367188 100221222112100221221100
0.1367188 100221222100121221221100
0.1367188 100221222100100221211100
0.1367188 100221221122102221221100
0.1367188 100221221120101021221100
0.1367188 100221221112100221221110
0.1367188 100221221110111221221100
0.1367188 100221221110100221222000
0.1367188 100221221110100221221121
0.1367188 100221221101100221121100
0.1367188 100221221100210221121100
0.1367188 100221221100200220221102
0.1367188 100221221100121221211100
0.1367188 100221221100120221222000
0.1367188 100221221100110221221111
0.1367188 100221221100102221121101
0.1367188 100221221100101221221112
0.1367188 100221221100100222222100
0.1367188 100221221100100222221220
0.1367188 100221221100100221011000
0.1367188 100221221100100220222000
0.1367188 100221221100100210221000
0.1367188 100221221100100201001100
0.1367188 100221221100100121221121
0.1367188 100221221100100121210100
0.1367188 100221221100100010221100
0.1367188 100221221100000221221122
0.1367188 100221221100000221021120
0.1367188 100221221100000021221100
0.1367188 100221221020100121221100
0.1367188 100221221002100021221100
0.1367188 100221221000102021221100
0.1367188 100221221000100221221121
0.1367188 100221221000100221200100
0.1367188 100221221000100221001100
0.1367188 100221220100120221221101
0.1367188 100221220001100221221100
0.1367188 100221220000200221221100
0.1367188 100221201100122221221100
0.1367188 100221201100120221221101
0.1367188 100221201100100221201100
0.1367188 100221201100020221221100
0.1367188 100221200100100221221101
0.1367188 100221121100100221220200
0.1367188 100221121100000222221100
0.1367188 100221120101100221221100
0.1367188 100221021100100221021100
0.1367188 100211221110100221221102
0.1367188 100211221101100221221100
0.1367188 100211221100100221200100
0.1367188 100211221100100121221100
0.1367188 100201221122100221221100
0.1367188 100201221100100221011100
0.1367188 100200221100101221221100
0.1367188 100121220000100221221100
0.1367188 100021221100100221222100
0.1367188 100021221100100220221000
0.1367188 100021221000100221221100
0.1367188 100021211100100221221100
0.1367188 100011221000100221221100
0.1367188 000222221100120221221100
0.1367188 000222221100100221201100
0.1367188 000221221100100221221102
0.1367188 000221221100100101221100
0.1367188 000220221100100221221101
0.1367188 000220221100100221211100
0.1357422 220021221100100221221100
0.1357422 200221221101100221201100
0.1357422 200221221100100221221220
0.1357422 200220221100100221221102
0.1357422 121221221100100021221100
0.1357422 120221221102100222221100
0.1357422 120221221100102221222100
0.1357422 120221121102100221221100
0.1357422 111221221102100221221100
0.1357422 111221221100102221221100
0.1357422 111220221100100221221100
0.1357422 110222221100100221211100
0.1357422 110221221100100221221220
0.1357422 110221221100100121211100
0.1357422 110221221100100021211100
0.1357422 110211221100100221221100
0.1357422 102221222100200221221100
0.1357422 102221221100102221221100
0.1357422 102221221100100221221122
0.1357422 102221221100100221011100
0.1357422 102221011100100221221100
0.1357422 101222221100100221221102
0.1357422 101221221100100221221122
0.1357422 101221220100110221221100
0.1357422 101221201100200221221100
0.1357422 101121222100100221221100
0.1357422 101121221100100221221102
0.1357422 100222221100100222221100
0.1357422 100222221100100221011100
0.1357422 100222221100000221021100
0.1357422 100221222100100222221100
0.1357422 100221221220100221121100
0.1357422 100221221122100221221101
0.1357422 100221221122100221211100
0.1357422 100221221122100211221100
0.1357422 100221221121100221021100
0.1357422 100221221120100221222000
0.1357422 100221221120100221221112
0.1357422 100221221110112221221100
0.1357422 100221221102100210221100
0.1357422 100221221101100220221000
0.1357422 100221221100200221221112
0.1357422 100221221100200221001100
0.1357422 100221221100200020221100
0.1357422 100221221100122221201100
0.1357422 100221221100120221111100
0.1357422 100221221100111221201100
0.1357422 100221221100110221200100
0.1357422 100221221100102221221200
0.1357422 100221221100102221221121
0.1357422 100221221100102211222100
0.1357422 100221221100100221212200
0.1357422 100221221100100221001120
0.1357422 100221221100100220221121
0.1357422 100221221100100220221111
0.1357422 100221221100100021222000
0.1357422 100221221100100021011100
0.1357422 100221221100100012221100
0.1357422 100221221100000121221100
0.1357422 100221221010100121221100
0.1357422 100221220100122221221100
0.1357422 100221220100120221121100
0.1357422 100221220100100011221100
0.1357422 100221211100100221221110
0.1357422 100221201100100221220100
0.1357422 100221201100100221011100
0.1357422 100221200102100221221100
0.1357422 100221121200100221221100
0.1357422 100221111100100222221100
0.1357422 100221101100100221221200
0.1357422 100221021100200220221100
0.1357422 100221021100110221221100
0.1357422 100221021100100221221200
0.1357422 100221021000100221221100
0.1357422 100221011100100221221102
0.1357422 100221002100100221221100
0.1357422 100221001102100221221100
0.1357422 100221000100100221221100
0.1357422 100220221100100221011100
0.1357422 100220221100000221021100
0.1357422 100211221100100201221100
0.1357422 100211121100100221221100
0.1357422 100201221100100221221200
0.1357422 100200221100100221211100
0.1357422 100121221100220221221100
0.1357422 100121221100100221222100
0.1357422 100121221100100221222000
0.1357422 100021221200100221221100
0.1357422 100021221100101221221100
0.1357422 100021221100100221221010
0.1357422 020221121100100221221100
0.1357422 000220221120100221221100
0.1357422 000220221102100221221100
0.1347656 200221221102100222221100
0.1347656 121221221100100221201100
0.1347656 120221221100111221221100
0.1347656 120221221100100221221121
0.1347656 120221221100100221212100
0.1347656 120221221100100221202100
0.1347656 112221221101100221221100
0.1347656 110221221122100221221100
0.1347656 110221220200100221221100
0.1347656 101221221100101221221100
0.1347656 101221221100100220221200
0.1347656 101221221100100211221110
0.1347656 101221221100000221021100
0.1347656 101221011100100221221100
0.1347656 100222221110100221221101
0.1347656 100222221100120221221102
0.1347656 100222221100101221221102
0.1347656 100222221100000221221102
0.1347656 100221222100100211221100
0.1347656 100221221200100220221100
0.1347656 100221221200100211221100
0.1347656 100221221121000221221100
0.1347656 100221221110100011221100
0.1347656 100221221102100222211100
0.1347656 100221221102100222201100
0.1347656 100221221102100221121101
0.1347656 100221221101200222221100
0.1347656 100221221100200221221220
0.1347656 100221221100200220220100
0.1347656 100221221100111220221100
0.1347656 100221221100102221221000
0.1347656 100221221100102200221100
0.1347656 100221221100102121201100
0.1347656 100221221100101221220200
0.1347656 100221221100101021222100
0.1347656 100221221100100222200100
0.1347656 100221221100100221222120
0.1347656 100221221100100221222102
0.1347656 100221221100100221122101
0.1347656 100221221100100221011110
0.1347656 100221221100100211221122
0.1347656 100221221100100211221121
0.1347656 100221221100100202221120
0.1347656 100221221100100201121100
0.1347656 100221221100100121221112
0.1347656 100221221100100110221100
0.1347656 100221221100100011201100
0.1347656 100221221100100001221120
0.1347656 100221221100000222201100
0.1347656 100221221000100211221100
0.1347656 100221220100120221021100
0.1347656 100221220100100221221112
0.1347656 100221211101100221221100
0.1347656 100221211100110220221100
0.1347656 100221201100200221221101
0.1347656 100221200110100221221100
0.1347656 100221121100112221221100
0.1347656 100221121100100221200100
0.1347656 100221121100100202221100
0.1347656 100221121100100021221100
0.1347656 100221111102100221221100
0.1347656 100221001100200221221100
0.1347656 100211221110100221221101
0.1347656 100211221100100221011100
0.1347656 100202221100100221221101
0.1347656 100201221110100221221101
0.1347656 100200221100100221222100
0.1347656 100121222000100221221100
0.1347656 100121221121100221221100
0.1347656 100121221100100221221112
0.1347656 100021221100100221121101
0.1347656 100021121101100221221100
0.1347656 100011221200100221221100
0.1347656 100001221110100221221100
0.1347656 010221021100100221221100
0.1347656 000221222100100221221100
0.1347656 000221221100000221221100
0.1337891 220221221100110221221100
0.1337891 220221221100100221221120
0.1337891 220221221100100021221100
0.1337891 220121221100100221221100
0.1337891 200222221100100221201100
0.1337891 200221221100200221221100
0.1337891 200221221100101121221100
0.1337891 200221221100100221121100
0.1337891 200121221100100221221100
0.1337891 122221221100100221221000
0.1337891 121221221100000221221100
0.1337891 120221221100100221101100
0.1337891 111221221100200221221100
0.1337891 111221221100100221221120
0.1337891 110221221111100221221100
0.1337891 110221221110100221211100
0.1337891 110221221100100221211120
0.1337891 110221001100100221221100
0.1337891 102221222101100221221100
0.1337891 102221222100100221221000
0.1337891 102221221100100200221100
0.1337891 102221221100100121221100
0.1337891 101221222100110221221100
0.1337891 101221221100100221221111
0.1337891 101221221100100221111100
0.1337891 101221221100100221021101
0.1337891 100222221100200221221102
0.1337891 100222221100100221211102
0.1337891 100222221100100221111100
0.1337891 100222211100100221221100
0.1337891 100221222102100221221100
0.1337891 100221222100112221221100
0.1337891 100221222100100121221100
0.1337891 100221222100000221021100
0.1337891 100221221220200221221100
0.1337891 100221221220100221220100
0.1337891 100221221200100221200100
0.1337891 100221221121100201221100
0.1337891 100221221120112221221100
0.1337891 100221221102100221101100
0.1337891 100221221102100220221200
0.1337891 100221221101101121221100
0.1337891 100221221100220201221100
0.1337891 100221221100200220222100
0.1337891 100221221100122220221100
0.1337891 100221221100112222221100
0.1337891 100221221100111221021100
0.1337891 100221221100111201221100
0.1337891 100221221100110221021101
0.1337891 100221221100101221202100
0.1337891 100221221100100221222001
0.1337891 100221221100100221202200
0.1337891 100221221100100221101200
0.1337891 100221221100100220221010
0.1337891 100221221100100211221010
0.1337891 100221221100100211011100
0.1337891 100221221100100101221102
0.1337891 100221221100100011221102
0.1337891 100221221100100002221100
0.1337891 100221221100010221121100
0.1337891 100221221100000221200100
0.1337891 100221221100000221101100
0.1337891 100221221010100221221101
0.1337891 100221220100200221221101
0.1337891 100221211100100221201100
0.1337891 100221211100100221121101
0.1337891 100221211100100201221100
0.1337891 100221211100100121221100
0.1337891 100221202100200221221100
0.1337891 100221201100121221221100
0.1337891 100221101100100221221000
0.1337891 100221021100121221221100
0.1337891 100212221100100221221102
0.1337891 100211221220100221221100
0.1337891 100211221110100221121100
0.1337891 100211221100000221221100
0.1337891 100201221100101121221100
0.1337891 100200221100100221221110
0.1337891 100021221100100221220200
0.1337891 100021221100100221201100
0.1337891 100021021100100221221100
0.1337891 000221221101100221211100
0.1328125 220221221100100221221110
0.1328125 210221221102100221221100
0.1328125 201220221100100221221100
0.1328125 200221221200100221221100
0.1328125 200221221100102221222100
0.1328125 200221221100100011221100
0.1328125 122221221101100221221100
0.1328125 122221221100100221221120
0.1328125 122021221100100221221100
0.1328125 120221221101100222221100
0.1328125 120221221100000222221100
0.1328125 120221121100100221201100
0.1328125 120221021100100221201100
0.1328125 120101221100100221221100
0.1328125 112222221100100221221100
0.1328125 112221221100100221121100
0.1328125 111221221100100211221100
0.1328125 111201221100100221221100
0.1328125 110221221120100221211100
0.1328125 110221221100200221211100
0.1328125 110221221100200220221100
0.1328125 110221221100101221220100
0.1328125 110221221100100221211200
0.1328125 110221221100100200221100
0.1328125 102221221100200222221100
0.1328125 102221221100121221221100
0.1328125 102211222100100221221100
0.1328125 101221221100100221220000
0.1328125 101211221110100221221100
0.1328125 101121221100100221121100
0.1328125 101121221100100220221100
0.1328125 100222221110100221221102
0.1328125 100222221100100221220102
0.1328125 100222221100100221021102
0.1328125 100221222100111221221100
0.1328125 100221222100100221220000
0.1328125 100221222000100221221101
0.1328125 100221222000100121221100
0.1328125 100221222000000221221100
0.1328125 100221221200220221221100
0.1328125 100221221121100221221200
0.1328125 100221221110120221221102
0.1328125 100221221102100201221120
0.1328125 100221221101100221221101
0.1328125 100221221100200221111100
0.1328125 100221221100200220201100
0.1328125 100221221100200202221100
0.1328125 100221221100120210221100
0.1328125 100221221100112221121100
0.1328125 100221221100102121220100
0.1328125 100221221100101221212100
0.1328125 100221221100101121121100
0.1328125 100221221100101021220100
0.1328125 100221221100100201222200
0.1328125 100221221100100201200100
0.1328125 100221221100100200222100
0.1328125 100221221100100121202100
0.1328125 100221221100000220221120
0.1328125 100221221000102221222100
0.1328125 100221220100120221221120
0.1328125 100221220100111221221100
0.1328125 100221220100110221221101
0.1328125 100221220100010221221100
0.1328125 100221220000102221221100
0.1328125 100221220000100221221200
0.1328125 100221220000100220221100
0.1328125 100221212100110221221100
0.1328125 100221211102100222221100
0.1328125 100221211100110221121100
0.1328125 100221201100112221221100
0.1328125 100221200120100221221100
0.1328125 100221121101102221221100
0.1328125 100221121100100221221000
0.1328125 100221111100100220221100
0.1328125 100221021200100221221100
0.1328125 100221021100220221221100
0.1328125 100221021100100221011100
0.1328125 100221001101100221221100
0.1328125 100220221210100221221100
0.1328125 100220221100100221221112
0.1328125 100220221100100221221111
0.1328125 100220220000100221221100
0.1328125 100211221110100221201100
0.1328125 100211220000100221221100
0.1328125 100202221100100221021100
0.1328125 100201221100100221221111
0.1328125 100201221100100220221100
0.1328125 100201221100000221221101
0.1328125 100201211100100221221100
0.1328125 100111220100100221221100
0.1328125 100021222000100221221100
0.1328125 100021221112100221221100
0.1328125 100021221100102221221100
0.1328125 100011221100100221201100
0.1328125 100001221100100211221100
0.1328125 010221221100100221220100
0.1328125 000222221100100221221120
0.1328125 000221201100100221221100
0.1328125 000220221100100221121100
0.1328125 000220221000100221221100
0.1328125 000210221100100221221100
0.1318359 210222221100100221221100
0.1318359 210221221101100221221100
0.1318359 200221222100100221221100
0.1318359 200221221100100221221122
0.1318359 200221221100100221202100
0.1318359 200220221100100221221120
0.1318359 121221221200100221221100
0.1318359 120221221102100220221100
0.1318359 120221221101100221220100
0.1318359 120221001100100221221100
0.1318359 110221221102100220221100
0.1318359 110221221100111221221100
0.1318359 110221011100100221221100
0.1318359 110101221100100221221100
0.1318359 102221222100100221221120
0.1318359 102221222100100220221100
0.1318359 102221221100100221221020
0.1318359 102221221100100221111100
0.1318359 101221221101100220221100
0.1318359 101221221101100201221100
0.1318359 101221221100020221221100
0.1318359 101221220100200221221100
0.1318359 101121221000100221221100
0.1318359 100222221220100221221100
0.1318359 100222221111100221221100
0.1318359 100221222100210221221100
0.1318359 100221222100101221221100
0.1318359 100221222002100221221100
0.1318359 100221221211100221221100
0.1318359 100221221200112221221100
0.1318359 100221221200100222221100
0.1318359 100221221122100221221110
0.1318359 100221221120100221021101
0.1318359 100221221111100221221102
0.1318359 100221221110100221221122
0.1318359 100221221110100001221100
0.1318359 100221221102100222221200
0.1318359 100221221102100222221000
0.1318359 100221221102100221222200
0.1318359 100221221102100220221110
0.1318359 100221221102100201220100
0.1318359 100221221101102221222100
0.1318359 100221221101100221221210
0.1318359 100221221101100221221020
0.1318359 100221221101100221221010
0.1318359 100221221101100211221120
0.1318359 100221221101100201211100
0.1318359 100221221100202220221100
0.1318359 100221221100201220221100
0.1318359 100221221100200220221101
0.1318359 100221221100200120221100
0.1318359 100221221100120011221100
0.1318359 100221221100112021221100
0.1318359 100221221100110221220200
0.1318359 100221221100101122221100
0.1318359 100221221100101021201100
0.1318359 100221221100100222221210
0.1318359 100221221100100221201122
0.1318359 100221221100100200021100
0.1318359 100221221100100001222100
0.1318359 100221221100100001221200
0.1318359 100221221100100001201100
0.1318359 100221221100000220221200
0.1318359 100221221100000220221110
0.1318359 100221221000000221021100
0.1318359 100221211000110221221100
0.1318359 100221201100000222221100
0.1318359 100221121102100201221100
0.1318359 100221121100100101221100
0.1318359 100221101120100221221100
0.1318359 100221101100120221221100
0.1318359 100221021100200222221100
0.1318359 100221021100100200221100
0.1318359 100221011100100221121100
0.1318359 100221001100102221221100
0.1318359 100221001100100221221101
0.1318359 100220221111100221221100
0.1318359 100220221110100221221101
0.1318359 100220221100200221221101
0.1318359 100220221100101121221100
0.1318359 100220221100100221221122
0.1318359 100220221100100220221100
0.1318359 100220221000100021221100
0.1318359 100220021100100221221100
0.1318359 100201221100120221221102
0.1318359 100121221100100221011100
0.1318359 100121221100100021221100
0.1318359 100101221120100221221100
0.1318359 100101221100100201221100
0.1318359 100021221111100221221100
0.1318359 100021221100100221221111
0.1318359 100021221100100221221002
0.1318359 100021221100100021221100
0.1318359 100001221100100221021100
0.1318359 020222221100100221221100
0.1318359 001121221100100221221100
0.1318359 000222221100100221220100
0.1318359 000221221101100201221100
0.1318359 000221211100100221221100
0.1318359 000221121102100221221100
0.1318359 000220221200100221221100
0.1308594 220221221100100222221100
0.1308594 220221221100100221221000
0.1308594 202220221100100221221100
0.1308594 200221221100100221221000
0.1308594 200221121100100221201100
0.1308594 122221221100110221221100
0.1308594 121222221100100221221100
0.1308594 120221221101100221221120
0.1308594 120221221101100221201100
0.1308594 120221221100100121220100
0.1308594 120211221110100221221100
0.1308594 112221221100100221221200
0.1308594 111221221100100222221100
0.1308594 110221221102100222221100
0.1308594 110221221102100221201100
0.1308594 110221221100101221211100
0.1308594 102221222100100221221101
0.1308594 102221220100120221221100
0.1308594 102021220100100221221100
0.1308594 101221221100100222221000
0.1308594 101221221100100221221020
0.1308594 101221221100100221221010
0.1308594 101221221100100220221120
0.1308594 101221201100120221221100
0.1308594 101201221110100221221100
0.1308594 101120221100100221221100
0.1308594 100222221101100221221102
0.1308594 100221222100100221221220
0.1308594 100221222100100221221122
0.1308594 100221221200100221101100
0.1308594 100221221200100201221100
0.1308594 100221221122100221222100
0.1308594 100221221120100121220100
0.1308594 100221221120000222221100
0.1308594 100221221111102221221100
0.1308594 100221221111100221211100
0.1308594 100221221110210221221100
0.1308594 100221221102100220211100
0.1308594 100221221100220221222100
0.1308594 100221221100122121221100
0.1308594 100221221100102221222101
0.1308594 100221221100102221210100
0.1308594 100221221100102111221100
0.1308594 100221221100101221220000
0.1308594 100221221100101221011100
0.1308594 100221221100101011221100
0.1308594 100221221100100221221211
0.1308594 100221221100100211222110
0.1308594 100221221100100211121100
0.1308594 100221221100100201222000
0.1308594 100221221100100021220200
0.1308594 100221221100100021202100
0.1308594 100221221100100011221101
0.1308594 100221221100100011121100
0.1308594 100221221100000221222100
0.1308594 100221221100000221221200
0.1308594 100221221000100221220200
0.1308594 100221220100200221021100
0.1308594 100221220100120221221102
0.1308594 100221220100100221221122
0.1308594 100221220100100221201100
0.1308594 100221220100100221111100
0.1308594 100221220100100221021101
0.1308594 100221220000100121221100
0.1308594 100221211100120221221102
0.1308594 100221211100120221221101
0.1308594 100221211100110222221100
0.1308594 100221211100110221021100
0.1308594 100221211100100221221000
0.1308594 100221211100100221211100
0.1308594 100221211100100021221100
0.1308594 100221201100100200221100
0.1308594 100221200100100220221100
0.1308594 100221121101100221222100
0.1308594 100221121101100211221100
0.1308594 100221121100100121221100
0.1308594 100221112100100221221100
0.1308594 100221101100102221221100
0.1308594 100221101100100221221102
0.1308594 100221021112100221221100
0.1308594 100221021101100222221100
0.1308594 100221021101100220221100
0.1308594 100221021100100221200100
0.1308594 100221021100000221221100
0.1308594 100220221200100221221101
0.1308594 100220221120100221221101
0.1308594 100220221100100011221100
0.1308594 100220221100000221221102
0.1308594 100220221020100221221100
0.1308594 100211221110110221221100
0.1308594 100211221110100221021100
0.1308594 100201221120100221221101
0.1308594 100201221111100221221100
0.1308594 100121021100100221221100
0.1308594 100021221100220221221100
0.1308594 100011221100100221121100
0.1308594 100011221100100220221100
0.1308594 100001221100101221221100
0.1308594 100001221100000221221100
0.1308594 000222221100000221221100
0.1308594 000222221000100221221100
0.1308594 000221221100100221210100
0.1298828 220221221100100221221200
0.1298828 220211221100100221221100
0.1298828 212221221100100221221100
0.1298828 202221221100100221221100
0.1298828 200221221102100221211100
0.1298828 200221221100101221220100
0.1298828 200221221100100221001100
0.1298828 200221221100100200221100
0.1298828 200221220100100221221100
0.1298828 200221121100100221211100
0.1298828 200221021100100221201100
0.1298828 200202221100100221221100
0.1298828 200020221100100221221100
0.1298828 122221221100100221221110
0.1298828 122221221100100221021100
0.1298828 122121221100100221221100
0.1298828 121221211100100221221100
0.1298828 120221222100100221221100
0.1298828 120221221102100221211100
0.1298828 120221221100100221221112
0.1298828 120221221000100021221100
0.1298828 120221121100100221211100
0.1298828 112121221100100221221100
0.1298828 110221221100100221211102
0.1298828 110221221100100121220100
0.1298828 110021221100100221221000
0.1298828 102221221100100220221000
0.1298828 102121222100100221221100
0.1298828 102021222100100221221100
0.1298828 101221221102100222221100
0.1298828 101221221100100221121102
0.1298828 101221221100100211221120
0.1298828 101221221000100021221100
0.1298828 101221220200100221221100
0.1298828 101021221100100221221120
0.1298828 100222221100112221221100
0.1298828 100222221100101121221100
0.1298828 100222221100100221221111
0.1298828 100221222200110221221100
0.1298828 100221222121100221221100
0.1298828 100221222100100221222100
0.1298828 100221222100100221221111
0.1298828 100221222100000220221100
0.1298828 100221222000100221221200
0.1298828 100221222000100221121100
0.1298828 100221222000100221021100
0.1298828 100221221122200221221100
0.1298828 100221221122120221221100
0.1298828 100221221120200221221101
0.1298828 100221221111100221201100
0.1298828 100221221110200221221101
0.1298828 100221221110122221221100
0.1298828 100221221102100221221112
0.1298828 100221221102100211221120
0.1298828 100221221102100201201100
0.1298828 100221221102100022221100
0.1298828 100221221100120221101100
0.1298828 100221221100102221222110
0.1298828 100221221100101221222200
0.1298828 100221221100100221220202
0.1298828 100221221100100211220000
0.1298828 100221221100100201221111
0.1298828 100221221100100001221102
0.1298828 100221221100000220121100
0.1298828 100221221002100222221100
0.1298828 100221221000100021201100
0.1298828 100221220100120220221100
0.1298828 100221220100110220221100
0.1298828 100221220100102221222100
0.1298828 100221220100100200221100
0.1298828 100221220002100221221100
0.1298828 100221211200110221221100
0.1298828 100221211100100221221112
0.1298828 100221201100000221021100
0.1298828 100221121100111221221100
0.1298828 100221120200100221221100
0.1298828 100221101100100211221100
0.1298828 100221022100100221221100
0.1298828 100221021100100221221000
0.1298828 100221021100100221220200
0.1298828 100221021100100211221100
0.1298828 100221021100100021221100
0.1298828 100221021100000222221100
0.1298828 100221011102100221221100
0.1298828 100221001100100201221100
0.1298828 100220221110200221221100
0.1298828 100220221110100221121100
0.1298828 100220221100120221221102
0.1298828 100220221100100221221121
0.1298828 100220221000100221221101
0.1298828 100211222110100221221100
0.1298828 100211221110200221221100
0.1298828 100211221100100211221100
0.1298828 100201221121100221221100
0.1298828 100201221110100221221102
0.1298828 100201221110100221201100
0.1298828 100201221100120221221101
0.1298828 100201221100112221221100
0.1298828 100200221100100121221100
0.1298828 100121221100122221221100
0.1298828 100121221100100211221110
0.1298828 100101221100100221222100
0.1298828 100011222100100221221100
0.1298828 100011221100100221021100
0.1298828 020221221100100201221100
0.1298828 002220221100100221221100
0.1298828 001221021100100221221100
0.1298828 001220221100100221221100
0.1298828 000222221100100221221200
0.1298828 000221221122100221221100
0.1298828 000221221102100201221100
0.1298828 000221221100100221221121
0.1298828 000221221100100221101100
0.1298828 000221121100100221211100
0.1298828 000220221100100221220100
0.1298828 000202221100100221221100
0.1289062 200222221110100221221100
0.1289062 200222221101100221221100
0.1289062 200221221102100221201100
0.1289062 200221221100120221221100
0.1289062 200220221100100221121100
0.1289062 200220221100100211221100
0.1289062 200212221100100221221100
0.1289062 122221221100101221221100
0.1289062 122201221100100221221100
0.1289062 121211221100100221221100
0.1289062 120221221220100221221100
0.1289062 120221221111100221221100
0.1289062 120221221100100221221122
0.1289062 120221221100100211221110
0.1289062 120221211100110221221100
0.1289062 112221221100100221221102
0.1289062 112221221100100021221100
0.1289062 111221221101100221221100
0.1289062 110221221101100221201100
0.1289062 110221221101100220221100
0.1289062 110221221100112221221100
0.1289062 110221221100100221121101
0.1289062 110221220100100221211100
0.1289062 102221220100110221221100
0.1289062 101221221100100201221120
0.1289062 101221202100100221221100
0.1289062 101221201100100221221120
0.1289062 101121221100100221021100
0.1289062 101121211100100221221100
0.1289062 101021221100100221221110
0.1289062 100222221100200220221100
0.1289062 100222221100100221201102
0.1289062 100222221100000220221100
0.1289062 100222021100100221221100
0.1289062 100221222100100021221100
0.1289062 100221222000200221221100
0.1289062 100221221220120221221100
0.1289062 100221221210100221221101
0.1289062 100221221200100221001100
0.1289062 100221221120200220221100
0.1289062 100221221120102221222100
0.1289062 100221221120101221201100
0.1289062 100221221120100121201100
0.1289062 100221221120000221021100
0.1289062 100221221111101221221100
0.1289062 100221221111100021221100
0.1289062 100221221110100221201102
0.1289062 100221221110100211221110
0.1289062 100221221102120222221100
0.1289062 100221221102100221221210
0.1289062 100221221102100221210100
0.1289062 100221221101100221222000
0.1289062 100221221101100212221100
0.1289062 100221221100220121221100
0.1289062 100221221100210221021100
0.1289062 100221221100200222121100
0.1289062 100221221100200221222000
0.1289062 100221221100122221221101
0.1289062 100221221100121221221200
0.1289062 100221221100120220221120
0.1289062 100221221100110210221100
0.1289062 100221221100101121221110
0.1289062 100221221100101121021100
0.1289062 100221221100100222001100
0.1289062 100221221100100221202000
0.1289062 100221221100100221121201
0.1289062 100221221100100221112100
0.1289062 100221221100100221021001
0.1289062 100221221100100212221120
0.1289062 100221221100100211221020
0.1289062 100221221100100202221200
0.1289062 100221221100100201221020
0.1289062 100221221100100121212100
0.1289062 100221221100100120201100
0.1289062 100221221100000220221101
0.1289062 100221221020101221221100
0.1289062 100221221000100021222100
0.1289062 100221220200100221221110
0.1289062 100221220100100001221100
0.1289062 100221220000101221221100
0.1289062 100221211110100221221100
0.1289062 100221211101110221221100
0.1289062 100221211100000221221102
0.1289062 100221200100100222221100
0.1289062 100221200100100221121100
0.1289062 100221200100100221021100
0.1289062 100221121102100221221120
0.1289062 100221121101100221221000
0.1289062 100221021100100121221100
0.1289062 100221011100100221201100
0.1289062 100221011100100220221100
0.1289062 100221001100100221121100
0.1289062 100220221100000221221101
0.1289062 100211221121100221221100
0.1289062 100211221110100021221100
0.1289062 100211221100100221221110
0.1289062 100210221100100221221101
0.1289062 100201221102100222221100
0.1289062 100201221100200221221102
0.1289062 100201221100100221221120
0.1289062 100200220100100221221100
0.1289062 100121221100100221220100
0.1289062 100121211100110221221100
0.1289062 100011221101100221221100
0.1289062 100011221100110221221100
0.1289062 100011221100100221221200
0.1289062 100011221100100221221101
0.1289062 100011201100100221221100
0.1289062 100001221100200221221100
0.1289062 100001221100100221201100
0.1289062 000221021100100221211100
0.1289062 000212221100100221221100
0.1289062 000022221100100221221100
0.1279297 200221221110100221201100
0.1279297 200221221102100220221100
0.1279297 200221221102100201221100
0.1279297 200221221101100221220100
0.1279297 200221221101100220221100
0.1279297 200221221100112221221100
0.1279297 200221221100100221221101
0.1279297 200221221100100221212100
0.1279297 122221221100100220221100
0.1279297 120221221102100221201100
0.1279297 120221221100100011221100
0.1279297 120221121100100220221100
0.1279297 120001221100100221221100
0.1279297 112211221100100221221100
0.1279297 111221222100100221221100
0.1279297 111221221100100221021100
0.1279297 111221221000100221221100
0.1279297 110221221100101221201100
0.1279297 110220221100100221211100
0.1279297 110211221110100221221100
0.1279297 102221221100100221221111
0.1279297 102221221100100011221100
0.1279297 102221220200100221221100
0.1279297 102221211100200221221100
0.1279297 102221211100110221221100
0.1279297 102221201100200221221100
0.1279297 102111221100100221221100
0.1279297 101221221122100221221100
0.1279297 101221221100200221021100
0.1279297 101221221100100221101100
0.1279297 101221220100100221221120
0.1279297 101122221100100221221100
0.1279297 101121221100000221221100
0.1279297 101021221100100221221200
0.1279297 100222221100100211221100
0.1279297 100221222100110221221101
0.1279297 100221222100100221121101
0.1279297 100221222100100200221100
0.1279297 100221222000100221221102
0.1279297 100221221200101021221100
0.1279297 100221221200100221021101
0.1279297 100221221120111221221100
0.1279297 100221221120100221221111
0.1279297 100221221120100211221110
0.1279297 100221221112100221221000
0.1279297 100221221112000221221100
0.1279297 100221221110120221221101
0.1279297 100221221110102221222100
0.1279297 100221221110100221221111
0.1279297 100221221110100221121102
0.1279297 100221221102100222221101
0.1279297 100221221102100221211120
0.1279297 100221221101100011221100
0.1279297 100221221100220221221000
0.1279297 100221221100200211221120
0.1279297 100221221100121221201100
0.1279297 100221221100120221220200
0.1279297 100221221100110101221100
0.1279297 100221221100102221221112
0.1279297 100221221100102220222100
0.1279297 100221221100101121221120
0.1279297 100221221100100222222000
0.1279297 100221221100100221220201
0.1279297 100221221100100221220122
0.1279297 100221221100100221211112
0.1279297 100221221100100220201110
0.1279297 100221221100100211200100
0.1279297 100221221100100211021110
0.1279297 100221221100100202221110
0.1279297 100221221100100121221111
0.1279297 100221221100100101021100
0.1279297 100221221100100021222200
0.1279297 100221221100100021221111
0.1279297 100221221100100001221110
0.1279297 100221221100000212221100
0.1279297 100221221000200021221100
0.1279297 100221221000100021121100
0.1279297 100221220102100222221100
0.1279297 100221220100110221221102
0.1279297 100221220100100221222000
0.1279297 100221220100000221221101
0.1279297 100221220100000221121100
0.1279297 100221220000100221221120
0.1279297 100221220000100221221102
0.1279297 100221212000100221221100
0.1279297 100221211100200221221101
0.1279297 100221211100122221221100
0.1279297 100221211100100211221100
0.1279297 100221211100000222221100
0.1279297 100221211100000220221100
0.1279297 100221201100100221222000
0.1279297 100221201100100221221112
0.1279297 100221200100100221221102
0.1279297 100221121201100221221100
0.1279297 100221121101100021221100
0.1279297 100221111100200221221100
0.1279297 100221111100000221221100
0.1279297 100221101100200221221100
0.1279297 100221101100000221221100
0.1279297 100221001100100222221100
0.1279297 100221001100100221211100
0.1279297 100211221110120221221100
0.1279297 100211221100100221221120
0.1279297 100211221100100220221100
0.1279297 100211021100100221221100
0.1279297 100201221210100221221100
0.1279297 100201221120100221221102
0.1279297 100201221100122221221100
0.1279297 100201221100000221221102
0.1279297 100201221010100221221100
0.1279297 100121221111100221221100
0.1279297 100121221100100221221020
0.1279297 100121220100120221221100
0.1279297 100111222100100221221100
0.1279297 100101021100100221221100
0.1279297 100021221100112221221100
0.1279297 100011221100120221221100
0.1279297 100011221100101221221100
0.1279297 100011221100100221220100
0.1279297 100001221100100221220100
0.1279297 020221221100100221222100
0.1279297 020221221100100220221100
0.1279297 000222221100110221221100
0.1279297 000222220100100221221100
0.1279297 000221221100101121221100
0.1279297 000221221100100221220000
0.1279297 000221221100100011221100
0.1279297 000221021102100221221100
0.1279297 000220221100100221221102
0.1279297 000011221100100221221100
0.1269531 220221221100102221221100
0.1269531 210221021100100221221100
0.1269531 200221221101100201221100
0.1269531 200220221100110221221100
0.1269531 121221220100100221221100
0.1269531 121221201100100221221100
0.1269531 120221221100200220221100
0.1269531 120221221100101221220100
0.1269531 120221221100000221021100
0.1269531 111221221100100221121100
0.1269531 110221221220100221221100
0.1269531 110221221110100221201100
0.1269531 110221221100100221221112
0.1269531 110221221100100121201100
0.1269531 110221221100100011221100
0.1269531 110221221100000222221100
0.1269531 102221221100210221221100
0.1269531 102221221100100221220200
0.1269531 102221221100100221021101
0.1269531 102221221100100221001100
0.1269531 102221201100120221221100
0.1269531 102121201100100221221100
0.1269531 101221221100100211221200
0.1269531 101221221100100211221000
0.1269531 101221211100110221221100
0.1269531 101021201100100221221100
0.1269531 100222221100110221221102
0.1269531 100222221100102221222100
0.1269531 100222221100100201221102
0.1269531 100222221100000221221101
0.1269531 100222121100100221221100
0.1269531 100221222200100221221102
0.1269531 100221222100102221221100
0.1269531 100221222000101221221100
0.1269531 100221221220100221021100
0.1269531 100221221120122221221100
0.1269531 100221221102200201221100
0.1269531 100221221102110222221100
0.1269531 100221221102101221220100
0.1269531 100221221102100222220100
0.1269531 100221221102100220220100
0.1269531 100221221102100201221110
0.1269531 100221221101100201201100
0.1269531 100221221100201221221101
0.1269531 100221221100120220221200
0.1269531 100221221100120201221120
0.1269531 100221221100110220221120
0.1269531 100221221100102121211100
0.1269531 100221221100102021220100
0.1269531 100221221100101021221101
0.1269531 100221221100100221222220
0.1269531 100221221100100221221212
0.1269531 100221221100100221021020
0.1269531 100221221100100211201110
0.1269531 100221221100100121220000
0.1269531 100221221100100121011100
0.1269531 100221221100100121001100
0.1269531 100221221100100021221112
0.1269531 100221221100100011021100
0.1269531 100221221100001221221101
0.1269531 100221221100000222221120
0.1269531 100221221100000222221000
0.1269531 100221221000120021221100
0.1269531 100221221000100020221100
0.1269531 100221220100000222221100
0.1269531 100221220000100221121100
0.1269531 100221220000100201221100
0.1269531 100221211100101221221100
0.1269531 100221211100100221011100
0.1269531 100221201100111221221100
0.1269531 100221200100100221221120
0.1269531 100221122101100221221100
0.1269531 100221121100100221001100
0.1269531 100221021101100201221100
0.1269531 100221012100100221221100
0.1269531 100220221122100221221100
0.1269531 100220221110100221221102
0.1269531 100220221100200222221100
0.1269531 100220221100112221221100
0.1269531 100220221100110221221102
0.1269531 100220221100100221201102
0.1269531 100220221010100221221100
0.1269531 100211221100112221221100
0.1269531 100211221100100221221000
0.1269531 100201221100111221221100
0.1269531 100201221100100221202100
0.1269531 100201221100100221021102
0.1269531 100201221100100211221110
0.1269531 100200021100100221221100
0.1269531 100121221100100221221210
0.1269531 100121221100100221201100
0.1269531 100101121100100221221100
0.1269531 100022221100100221221102
0.1269531 100021221100100211221000
0.1269531 100011221100100201221100
0.1269531 100001221100120221221100
0.1269531 000222221100100211221100
0.1269531 000221221102100221201100
0.1269531 000221221100200220221100
0.1269531 000221021100100221201100
0.1259766 200221222000100221221100
0.1259766 200221221100111221221100
0.1259766 200221011100100221221100
0.1259766 200220221100100201221100
0.1259766 122221220100100221221100
0.1259766 121221221100102221221100
0.1259766 120221221122100221221100
0.1259766 120221221100101221222100
0.1259766 120221221100100201220100
0.1259766 120221221100100201211100
0.1259766 120221221100000220221100
0.1259766 120221021102100221221100
0.1259766 120221021100100221211100
0.1259766 112221221100110221221100
0.1259766 112221221100102221221100
0.1259766 110221221100100221220110
0.1259766 110221221100100221211101
0.1259766 110221121102100221221100
0.1259766 102221221100100221101100
0.1259766 102221221100000221021100
0.1259766 102221221100000220221100
0.1259766 102221220100100221221120
0.1259766 102221201100100221221120
0.1259766 102221122100100221221100
0.1259766 102221121101100221221100
0.1259766 102211221110100221221100
0.1259766 101221221102100201221100
0.1259766 101221221100200221221101
0.1259766 101221221100000222221100
0.1259766 101221220102100221221100
0.1259766 101221201100100221221000
0.1259766 101121221100100221222100
0.1259766 100222221100200221221101
0.1259766 100222221100102221221102
0.1259766 100222221100100221001100
0.1259766 100221222200100221221101
0.1259766 100221222200100221021100
0.1259766 100221221122100221221102
0.1259766 100221221120210221221100
0.1259766 100221221120120221221102
0.1259766 100221221111100221222100
0.1259766 100221221111100221221110
0.1259766 100221221111100221220100
0.1259766 100221221110100221021101
0.1259766 100221221110100200221100
0.1259766 100221221110100021201100
0.1259766 100221221110000221021100
0.1259766 100221221102122221221100
0.1259766 100221221102100221001100
0.1259766 100221221102100220221000
0.1259766 100221221101122221221100
0.1259766 100221221101100201220100
0.1259766 100221221101000221021100
0.1259766 100221221100200222021100
0.1259766 100221221100200221021120
0.1259766 100221221100120101221100
0.1259766 100221221100110221220000
0.1259766 100221221100110221121102
0.1259766 100221221100110220221200
0.1259766 100221221100102221220200
0.1259766 100221221100102021201100
0.1259766 100221221100101021221102
0.1259766 100221221100100221211122
0.1259766 100221221100100221110100
0.1259766 100221221100100220211200
0.1259766 100221221100100220201200
0.1259766 100221221100100201101100
0.1259766 100221221100100111201100
0.1259766 100221221100100021221122
0.1259766 100221221100020222221100
0.1259766 100221221100000221221220
0.1259766 100221221100000220201100
0.1259766 100221221001100021221100
0.1259766 100221221000100221202100
0.1259766 100221221000100221011100
0.1259766 100221221000100101221100
0.1259766 100221221000100021221101
0.1259766 100221220100100211221110
0.1259766 100221212200100221221100
0.1259766 100221211100121221221100
0.1259766 100221211100102221221100
0.1259766 100221211100100221001100
0.1259766 100221211100100200221100
0.1259766 100221121100122221221100
0.1259766 100221021100122221221100
0.1259766 100221021100100221221220
0.1259766 100221021100100221221121
0.1259766 100221011120100221221100
0.1259766 100221011100100221221120
0.1259766 100221011100100221021100
0.1259766 100220221120101221221100
0.1259766 100220221100200221221102
0.1259766 100220221100122221221100
0.1259766 100220221100120221221101
0.1259766 100220221100120221121100
0.1259766 100220221100100221222000
0.1259766 100220221100100221220200
0.1259766 100220221100000221121100
0.1259766 100211221122100221221100
0.1259766 100211221110101221221100
0.1259766 100211221100100221121102
0.1259766 100201221200100221221101
0.1259766 100201221100000221121100
0.1259766 100121221100120221221102
0.1259766 100121121101100221221100
0.1259766 100101221110100221221100
0.1259766 100101221100100221211100
0.1259766 100101221100100221201100
0.1259766 100101221100100211221100
0.1259766 100021221100100221221001
0.1259766 100021221100000221221100
0.1259766 100021001100100221221100
0.1259766 100011221100100221221110
0.1259766 100011121100100221221100
0.1259766 100001221100110221221100
0.1259766 000222221120100221221100
0.1259766 000222221100100221222100
0.1259766 000222221100100221221000
0.1259766 000221221100112221221100
0.1259766 000221221100100220211100
0.1259766 000220221100100221201100
0.1259766 000220221100100021221100
0.1259766 000122221100100221221100
0.125 220221221100100221021100
0.125 220221221100100211221100
0.125 220221221100100121221100
0.125 201121221100100221221100
0.125 200222221100100220221100
0.125 200220221100000221221100
0.125 121221222100100221221100
0.125 120221221102100221220100
0.125 120221221101100221221110
0.125 120221221100100220221120
0.125 120221101100100221221100
0.125 120011221100100221221100
0.125 110222221100100221221102
0.125 110221221200100221211100
0.125 110221221120100221201100
0.125 110221221000100221211100
0.125 110211221100100221211100
0.125 110021221100100221211100
0.125 110011221100100221221100
0.125 102221222110100221221100
0.125 102221222100100221220100
0.125 102221221100122221221100
0.125 102221221100000222221100
0.125 102221212100100221221100
0.125 102121221100100221221000
0.125 101221222100120221221100
0.125 101221221102100221221110
0.125 101221221100120221221120
0.125 101221221100120221121100
0.125 101221221100100221220200
0.125 101221220100100221221200
0.125 101202221100100221221100
0.125 100222222000100221221100
0.125 100222221120100221221102
0.125 100222221100111221221100
0.125 100222221100100221222102
0.125 100222221100100221221002
0.125 100222221100100121221102
0.125 100222201100100221221102
0.125 100222121101100221221100
0.125 100221222120100221221100
0.125 100221222100100221221112
0.125 100221221220100221221102
0.125 100221221210100121221100
0.125 100221221200200220221100
0.125 100221221200102221222100
0.125 100221221120100001221100
0.125 100221221111120221221100
0.125 100221221110101021221100
0.125 100221221110100221202100
0.125 100221221110100221111100
0.125 100221221110100101221100
0.125 100221221102111221221100
0.125 100221221102101221201100
0.125 100221221102100222221102
0.125 100221221102100221211102
0.125 100221221102100122221100
0.125 100221221102000221021100
0.125 100221221101100222221000
0.125 100221221101100221221121
0.125 100221221101100201221200
0.125 100221221100210021221100
0.125 100221221100201222221100
0.125 100221221100201021221100
0.125 100221221100200221101100
0.125 100221221100200221021102
0.125 100221221100120220221110
0.125 100221221100120201221110
0.125 100221221100111222221100
0.125 100221221100110220221000
0.125 100221221100102211221110
0.125 100221221100101221210100
0.125 100221221100101211221110
0.125 100221221100100221220001
0.125 100221221100100221121112
0.125 100221221100100221120000
0.125 100221221100100121221200
0.125 100221221100100021121102
0.125 100221221100000202221100
0.125 100221221020100221221101
0.125 100221221010101221221100
0.125 100221221000101221222100
0.125 100221221000100021221102
0.125 100221220200100220221100
0.125 100221220200100121221100
0.125 100221220122100221221100
0.125 100221220100100220221120
0.125 100221211102110221221100
0.125 100221211100110221201100
0.125 100221211100110201221100
0.125 100221211100100221221122
0.125 100221202200100221221100
0.125 100221201220100221221100
0.125 100221201100200221121100
0.125 100221201100102221222100
0.125 100221201100100011221100
0.125 100221201100000220221100
0.125 100221122000100221221100
0.125 100221121112100221221100
0.125 100221121101100221221102
0.125 100221121101000221221100
0.125 100221121100220221221100
0.125 100221121100100221221112
0.125 100221101100110221221100
0.125 100221021100112221221100
0.125 100221020200100221221100
0.125 100221011100100201221100
0.125 100220221110100221201100
0.125 100220221100100221201101
0.125 100220221100100221021102
0.125 100220221100000222221100
0.125 100211221120100221221102
0.125 100211221110100121221100
0.125 100211221100220221221100
0.125 100211221100101121221100
0.125 100211221100100222221100
0.125 100211221100100001221100
0.125 100210221200100221221100
0.125 100202221120100221221100
0.125 100202221100100221121100
0.125 100201221100120221121100
0.125 100201221100100221220200
0.125 100201221100100221201101
0.125 100201221100100001221100
0.125 100201221000100021221100
0.125 100200221100100211221100
0.125 100122221100100221221102
0.125 100121221200100221221100
0.125 100121221100100011221100
0.125 100021221100100221200100
0.125 100021221100100221121000
0.125 100021221100100221011100
0.125 100021221100100220221110
0.125 100010221100100221221100
0.125 100001211100100221221100
0.125 020021221100100221221100
0.125 010221221102100221221100
0.125 010221221101100221221100
0.125 010221221100101221221100
0.125 010221121100100221221100
0.125 000222221100102221221100
0.125 000222201100100221221100
0.125 000221221100102221222100
0.125 000221221100100221111100
0.125 000220221100100221222100
0.1240234 220221221200100221221100
0.1240234 200222221100100221222100
0.1240234 200221221101100221221120
0.1240234 200221221100101221222100
0.1240234 200221221100100221221112
0.1240234 200221221100100021201100
0.1240234 200221221100100001221100
0.1240234 200221121102100221221100
0.1240234 200221001100100221221100
0.1240234 200201221110100221221100
0.1240234 122221221100100221222100
0.1240234 120221221102100221221120
0.1240234 120221221101100211221100
0.1240234 120221221100100221111100
0.1240234 120221221100100201201100
0.1240234 120221221100100121201100
0.1240234 112221221100000221221100
0.1240234 111221121100100221221100
0.1240234 110221221102101221221100
0.1240234 110221221102100201221100
0.1240234 110221221101100201221100
0.1240234 110221221100210221221100
0.1240234 110221221100110221211100
0.1240234 110221221100100121222100
0.1240234 110001221100100221221100
0.1240234 102221222100100221221200
0.1240234 102221221100100221221010
0.1240234 102221221100100211221110
0.1240234 101222221100100221221101
0.1240234 101221221102100221221120
0.1240234 101221221101100221221120
0.1240234 101221201100100221121100
0.1240234 101121221100100221211100
0.1240234 101021220100100221221100
0.1240234 100222221110100221021100
0.1240234 100222221100000221121100
0.1240234 100221222100100221220200
0.1240234 100221222020100221221100
0.1240234 100221222000100221221120
0.1240234 100221222000100221221000
0.1240234 100221221220000221221100
0.1240234 100221221121100221221120
0.1240234 100221221110200221021100
0.1240234 100221221110110221221102
0.1240234 100221221110100221221112
0.1240234 100221221110000221221102
0.1240234 100221221102120201221100
0.1240234 100221221102102222221100
0.1240234 100221221102100221222000
0.1240234 100221221101100222221110
0.1240234 100221221101100221211120
0.1240234 100221221100210221221110
0.1240234 100221221100200220121100
0.1240234 100221221100122221221200
0.1240234 100221221100120221222200
0.1240234 100221221100120221001100
0.1240234 100221221100112221221110
0.1240234 100221221100112121221100
0.1240234 100221221100110221222000
0.1240234 100221221100110221221020
0.1240234 100221221100110220221110
0.1240234 100221221100110011221100
0.1240234 100221221100102221222102
0.1240234 100221221100102201220100
0.1240234 100221221100101201222100
0.1240234 100221221100100221220111
0.1240234 100221221100100221120200
0.1240234 100221221100100221101110
0.1240234 100221221100100220101100
0.1240234 100221221100001221121100
0.1240234 100221221100001021221100
0.1240234 100221221100000120221100
0.1240234 100221221000100021220100
0.1240234 100221220200101221221100
0.1240234 100221220200100221211100
0.1240234 100221220100110221021100
0.1240234 100221220100100221221020
0.1240234 100221220100100221220000
0.1240234 100221220100000220221100
0.1240234 100221212100200221221100
0.1240234 100221211120100221221100
0.1240234 100221211100200221021100
0.1240234 100221211100110221211100
0.1240234 100221210100000221221100
0.1240234 100221201100120221221102
0.1240234 100221201100110221221101
0.1240234 100221201100010221221100
0.1240234 100221200100100221221000
0.1240234 100221200100100021221100
0.1240234 100221121122100221221100
0.1240234 100221121101100221021100
0.1240234 100221121101100121221100
0.1240234 100221121100200222221100
0.1240234 100221121100101121221100
0.1240234 100221121100100221121100
0.1240234 100221111100120221221100
0.1240234 100221101000100221221100
0.1240234 100221021100100221221112
0.1240234 100221011200100221221100
0.1240234 100221011100100222221100
0.1240234 100221011100100221221110
0.1240234 100221001100100221221110
0.1240234 100220222000100221221100
0.1240234 100220221100102221222100
0.1240234 100220221100101221221101
0.1240234 100220221100100021201100
0.1240234 100220121100100221221100
0.1240234 100212221100100221021100
0.1240234 100211221110100221220100
0.1240234 100211221100100221221200
0.1240234 100211220110100221221100
0.1240234 100210221100100221121100
0.1240234 100201221120120221221100
0.1240234 100201221120100221201100
0.1240234 100201221110200221221100
0.1240234 100201221110100221121100
0.1240234 100201200100100221221100
0.1240234 100121221102100222221100
0.1240234 100021221100100220221120
0.1240234 100021221100100201221000
0.1240234 010221221100100221222100
0.1240234 000221221101100222221100
0.1240234 000221221101100221201100
0.1240234 000221221100121221221100
0.1240234 000221220200100221221100
0.1240234 000101221100100221221100
0.1230469 220221221100100221221102
0.1230469 210221121100100221221100
0.1230469 200222221000100221221100
0.1230469 200221221102100221221120
0.1230469 200221221100102221220100
0.1230469 200221221100100221101100
0.1230469 200221211100100221221100
0.1230469 200221021101100221221100
0.1230469 200220221100100222221100
0.1230469 200220221100100221221101
0.1230469 122221221120100221221100
0.1230469 122221221100100221121100
0.1230469 122221201100100221221100
0.1230469 120221221100100221121101
0.1230469 120221121100100201221100
0.1230469 111221221110100221221100
0.1230469 110221221100200222221100
0.1230469 110221221100100220211100
0.1230469 110221221100100211211100
0.1230469 110221221100100201220100
0.1230469 110221211100110221221100
0.1230469 102221222100000221221100
0.1230469 102221221100112221221100
0.1230469 102221220100100221221000
0.1230469 102220222100100221221100
0.1230469 102021221100100221221120
0.1230469 101221222200100221221100
0.1230469 101221221102100220221100
0.1230469 101221221101100221221110
0.1230469 101221221100120221221102
0.1230469 101221221100100201221200
0.1230469 101221221100100101221100
0.1230469 101221211100200221221100
0.1230469 101121221100102221221100
0.1230469 101121121100100221221100
0.1230469 101011221100100221221100
0.1230469 100222221120100221221101
0.1230469 100222221102100221221102
0.1230469 100222221100200221121100
0.1230469 100222221100100221222000
0.1230469 100222221100100221220200
0.1230469 100222211100100221221102
0.1230469 100221222000100222221100
0.1230469 100221221200100221221200
0.1230469 100221221200100221221120
0.1230469 100221221122000221221100
0.1230469 100221221121100221221101
0.1230469 100221221120102121221100
0.1230469 100221221120101221220100
0.1230469 100221221110020221221100
0.1230469 100221221102210221221100
0.1230469 100221221102110220221100
0.1230469 100221221102100221221010
0.1230469 100221221102100220201100
0.1230469 100221221101120201221100
0.1230469 100221221101110220221100
0.1230469 100221221101101222221100
0.1230469 100221221101100222221200
0.1230469 100221221101100221210100
0.1230469 100221221100220221220100
0.1230469 100221221100210221211100
0.1230469 100221221100200222221000
0.1230469 100221221100200221221122
0.1230469 100221221100200212221100
0.1230469 100221221100122221221000
0.1230469 100221221100120220221000
0.1230469 100221221100101121221000
0.1230469 100221221100100221222112
0.1230469 100221221100100221222002
0.1230469 100221221100100221201111
0.1230469 100221221100100220021000
0.1230469 100221221100100211222000
0.1230469 100221221100100200221102
0.1230469 100221221100100112221100
0.1230469 100221221100100101221120
0.1230469 100221221100100101221110
0.1230469 100221221100000221021000
0.1230469 100221221100000220220100
0.1230469 100221221000101221220100
0.1230469 100221221000100221220000
0.1230469 100221221000000222221100
0.1230469 100221220110120221221100
0.1230469 100221220102120221221100
0.1230469 100221220101120221221100
0.1230469 100221220100110221221120
0.1230469 100221220100100221121102
0.1230469 100221211100100221221200
0.1230469 100221202000100221221100
0.1230469 100221201112100221221100
0.1230469 100221201100100221221220
0.1230469 100221121100102221222100
0.1230469 100221121100100221221101
0.1230469 100221101110100221221100
0.1230469 100221101100100221211100
0.1230469 100221101100100221201100
0.1230469 100221021220100221221100
0.1230469 100221021100101121221100
0.1230469 100221021100100221111100
0.1230469 100221021100100101221100
0.1230469 100221001100110221221100
0.1230469 100221001100100221221000
0.1230469 100220221100100221001100
0.1230469 100211221110000221221100
0.1230469 100211221100100221221112
0.1230469 100211221000100021221100
0.1230469 100201221110100021221100
0.1230469 100201221100110221221102
0.1230469 100201221100100221220000
0.1230469 100201221100100221201102
0.1230469 100201221020100221221100
0.1230469 100201211100110221221100
0.1230469 100201101100100221221100
0.1230469 100200221100100221221000
0.1230469 100121221100100221222200
0.1230469 100121221100100220221200
0.1230469 100121220100200221221100
0.1230469 100021222200100221221100
0.1230469 100021221100100221021000
0.1230469 100021221100100011221100
0.1230469 100021220200100221221100
0.1230469 100011220100100221221100
0.1230469 100001221000100221221100
0.1230469 100001201100100221221100
0.1230469 010221221100100220221100
0.1230469 010221221100100201221100
0.1230469 002221021100100221221100
0.1230469 000221221100100221221122
0.1230469 000221221100100221121101
0.1230469 000221221100000220221100
0.1230469 000220221100200221221100
0.1230469 000220221100120221221100
0.1230469 000220221100100221221110
0.1220703 200222221100100221220100
0.1220703 200221221100100211221110
0.1220703 200221121100100221220100
0.1220703 200220221100200221221100
0.1220703 200220220100100221221100
0.1220703 200201221100100221201100
0.1220703 122221221100100221221101
0.1220703 122220221100100221221100
0.1220703 120221221102100221221110
0.1220703 120221221100100220221110
0.1220703 120221221100100210221100
0.1220703 120221121100100222221100
0.1220703 112221221100100201221100
0.1220703 112221221000100221221100
0.1220703 111221221100100220221100
0.1220703 110221221110100221221102
0.1220703 110221221101100222221100
0.1220703 110221221100100221222200
0.1220703 110221221100100221220120
0.1220703 110221221100100220221120
0.1220703 110221221100100201201100
0.1220703 110221221100000221211100
0.1220703 110221221010100221221100
0.1220703 110221220000100221221100
0.1220703 110221201100100221211100
0.1220703 110221121100100221201100
0.1220703 110221021101100221221100
0.1220703 110220221100100221221101
0.1220703 102222222100100221221100
0.1220703 102221221100100221221112
0.1220703 102221221100100220221120
0.1220703 102221220102100221221100
0.1220703 102221022100100221221100
0.1220703 101221221101100222221100
0.1220703 101221221100120221221101
0.1220703 101221221100100221221001
0.1220703 101221221100100220221110
0.1220703 101221221100010221221100
0.1220703 101221220101100221221100
0.1220703 100222221100100220221102
0.1220703 100221222200120221221100
0.1220703 100221222200100221220100
0.1220703 100221222100200221221101
0.1220703 100221221220110221221100
0.1220703 100221221220100221222100
0.1220703 100221221220100211221100
0.1220703 100221221210100021221100
0.1220703 100221221200100001221100
0.1220703 100221221122100221201100
0.1220703 100221221122100221121100
0.1220703 100221221120100221220000
0.1220703 100221221120100221210100
0.1220703 100221221111200221221100
0.1220703 100221221111100222221100
0.1220703 100221221111100221221200
0.1220703 100221221110110221221101
0.1220703 100221221110101221221102
0.1220703 100221221110100221221220
0.1220703 100221221110100221201101
0.1220703 100221221102120220221100
0.1220703 100221221102100221221111
0.1220703 100221221102100221220000
0.1220703 100221221100210221221120
0.1220703 100221221100200222211100
0.1220703 100221221100122221221120
0.1220703 100221221100120221220000
0.1220703 100221221100120221021120
0.1220703 100221221100120211221120
0.1220703 100221221100120001221100
0.1220703 100221221100110221201102
0.1220703 100221221100101221221220
0.1220703 100221221100101221021101
0.1220703 100221221100100222101100
0.1220703 100221221100100221111200
0.1220703 100221221100100220211120
0.1220703 100221221100100220210100
0.1220703 100221221100100210201100
0.1220703 100221221100100111221000
0.1220703 100221221100100021221220
0.1220703 100221221100100020221110
0.1220703 100221221100000222220100
0.1220703 100221221010100221221102
0.1220703 100221221000102121221100
0.1220703 100221221000101221201100
0.1220703 100221221000100221222000
0.1220703 100221221000100021211100
0.1220703 100221220200100211221100
0.1220703 100221220200100201221100
0.1220703 100221220120200221221100
0.1220703 100221220100110021221100
0.1220703 100221220000100221222100
0.1220703 100221220000100221221000
0.1220703 100221211100200221221102
0.1220703 100221211100120221121100
0.1220703 100221211100100221220100
0.1220703 100221210100200221221100
0.1220703 100221201102100220221100
0.1220703 100221201100100221221122
0.1220703 100221201100100221021101
0.1220703 100221200100100201221100
0.1220703 100221121102100221201100
0.1220703 100221121100200220221100
0.1220703 100221101200100221221100
0.1220703 100221021102100220221100
0.1220703 100221021101100221221120
0.1220703 100221011100100221211100
0.1220703 100221001100100211221100
0.1220703 100220221121100221221100
0.1220703 100220221120100221221102
0.1220703 100220221100111221221100
0.1220703 100211221100100221111100
0.1220703 100211221100100221021101
0.1220703 100211221020100221221100
0.1220703 100210221120100221221100
0.1220703 100210221100100221221102
0.1220703 100201221100210221221100
0.1220703 100201221100200221121100
0.1220703 100201221100110221221101
0.1220703 100201221100000222221100
0.1220703 100201011100100221221100
0.1220703 100200222100100221221100
0.1220703 100121221100101221221100
0.1220703 100121221100100221221111
0.1220703 100121221100100220221000
0.1220703 100121221100100001221100
0.1220703 100121202100100221221100
0.1220703 100101221101100221221100
0.1220703 100021221100100222221000
0.1220703 100021221100100221221210
0.1220703 100021221100100220221200
0.1220703 100021221100100001221100
0.1220703 100011221102100221221100
0.1220703 100011221100100221211100
0.1220703 100001221102100221221100
0.1220703 000222221200100221221100
0.1220703 000222221100101221221100
0.1220703 000221221100100211221110
0.1220703 000221121100100221201100
0.1220703 000221101100100221221100
0.1220703 000221021100100222221100
0.1220703 000220221100102221221100
0.1220703 000220221100100222221100
0.1220703 000220220100100221221100
0.1210938 210221221110100221221100
0.1210938 210221221100100221222100
0.1210938 201221221100100221211100
0.1210938 200221221110100221211100
0.1210938 200221221100100221221121
0.1210938 200221221100000220221100
0.1210938 200221221000100021221100
0.1210938 200101221100100221221100
0.1210938 122221221100100222221100
0.1210938 122221221100100121221100
0.1210938 120222221100100221221102
0.1210938 120221221102100211221100
0.1210938 120221221100121221221100
0.1210938 120221221100101221201100
0.1210938 120221221100100221221020
0.1210938 120221220200100221221100
0.1210938 120221121100100221221120
0.1210938 120221121100100221220100
0.1210938 111221221100101221221100
0.1210938 110221221100100221201101
0.1210938 110221221100100111221100
0.1210938 110220221100100221220100
0.1210938 110220221100100221201100
0.1210938 110201221100100221220100
0.1210938 102221222100100221221102
0.1210938 102221222100100221121100
0.1210938 102221221102100222221100
0.1210938 102221221100200221221000
0.1210938 102221221100111221221100
0.1210938 102221220100200221221100
0.1210938 102221111100100221221100
0.1210938 102201221100100221221101
0.1210938 101221221101100221221200
0.1210938 101221221100200221221120
0.1210938 101221221100200221221110
0.1210938 101221221100200221121100
0.1210938 101221221100120221221000
0.1210938 101201221100100221221101
0.1210938 101121021100100221221100
0.1210938 100222221100200221021100
0.1210938 100222221100120221221101
0.1210938 100222221100120221121100
0.1210938 100222221100100221221220
0.1210938 100222221100100221201101
0.1210938 100222221100020221221100
0.1210938 100221222100120221221101
0.1210938 100221222000100221220100
0.1210938 100221221200101221222100
0.1210938 100221221200100221220000
0.1210938 100221221122100201221100
0.1210938 100221221120200222221100
0.1210938 100221221120100221121102
0.1210938 100221221120100021221101
0.1210938 100221221110200021221100
0.1210938 100221221110101221220100
0.1210938 100221221110100121220100
0.1210938 100221221110100121201100
0.1210938 100221221102100220021100
0.1210938 100221221102100201222100
0.1210938 100221221102100201221200
0.1210938 100221221101101221220100
0.1210938 100221221101100121201100
0.1210938 100221221100200221021110
0.1210938 100221221100122211221100
0.1210938 100221221100120221221111
0.1210938 100221221100120221200100
0.1210938 100221221100112211221100
0.1210938 100221221100110221222200
0.1210938 100221221100102211220100
0.1210938 100221221100102021211100
0.1210938 100221221100100222221010
0.1210938 100221221100100221120102
0.1210938 100221221100100220202100
0.1210938 100221221100100211220120
0.1210938 100221221100100211211110
0.1210938 100221221100100111221120
0.1210938 100221221100100021212100
0.1210938 100221221100100021201102
0.1210938 100221221100100001221101
0.1210938 100221221100100001220100
0.1210938 100221221100100001121100
0.1210938 100221221100002221222100
0.1210938 100221221100000221220200
0.1210938 100221221100000220211100
0.1210938 100221221100000011221100
0.1210938 100221221000100121220100
0.1210938 100221221000100022221100
0.1210938 100221220200102221221100
0.1210938 100221220200100221222100
0.1210938 100221220200100221220100
0.1210938 100221220110110221221100
0.1210938 100221220100200221221120
0.1210938 100221220100100221220200
0.1210938 100221220100000221221102
0.1210938 100221211100110221221120
0.1210938 100221211100000221221101
0.1210938 100221201120200221221100
0.1210938 100221201100200221221102
0.1210938 100221201100000221221101
0.1210938 100221200100100221221200
0.1210938 100221121100100201221120
0.1210938 100221111100100221221110
0.1210938 100221110100100221221100
0.1210938 100221101100101221221100
0.1210938 100221021122100221221100
0.1210938 100221021101100221211100
0.1210938 100221021100100221101100
0.1210938 100221011110100221221100
0.1210938 100221011101100221221100
0.1210938 100220221100210221221100
0.1210938 100220221100200220221100
0.1210938 100220221100101221221102
0.1210938 100220221100100221220101
0.1210938 100220221100100221211102
0.1210938 100220221100100121201100
0.1210938 100220221100100021121100
0.1210938 100220011100100221221100
0.1210938 100211221110100221211100
0.1210938 100211221100100011221100
0.1210938 100211200100100221221100
0.1210938 100201221100100221221121
0.1210938 100201221100100221111100
0.1210938 100201221000100221221101
0.1210938 100200221100102221221100
0.1210938 100200211100100221221100
0.1210938 100021221100100221211000
0.1210938 100012221100100221221100
0.1210938 100011221100100121221100
0.1210938 100001221100100221221200
0.1210938 100001221100100221121100
0.1210938 020221221100100211221100
0.1210938 000222222100100221221100
0.1210938 000221221102100221221120
0.1210938 000221221102100221221110
0.1210938 000221221101101221221100
0.1210938 000221221100100221222000
0.1210938 000221221001100221221100
0.1210938 000221121100100201221100
0.1210938 000221021100100201221100
0.1201172 200222221100100221221101
0.1201172 200222221100100221021100
0.1201172 200221221120100221211100
0.1201172 200221221120100221201100
0.1201172 200221221100100221220000
0.1201172 200221221100100221111100
0.1201172 200221221100100121201100
0.1201172 200221221100000222221100
0.1201172 200220222100100221221100
0.1201172 200201221100100221211100
0.1201172 200120221100100221221100
0.1201172 122221221000100221221100
0.1201172 122221211100100221221100
0.1201172 120221221101100021221100
0.1201172 120221221001100221221100
0.1201172 120021221100100221221000
0.1201172 112221221100100221021100
0.1201172 112221221100100211221100
0.1201172 110221221102100221220100
0.1201172 110221221100120221220100
0.1201172 110221221100102121221100
0.1201172 110221121100100201221100
0.1201172 102221222100100221021100
0.1201172 102221221220100221221100
0.1201172 102221221100200221221101
0.1201172 102221221100120221121100
0.1201172 102221221100102221222100
0.1201172 102221221100100221200100
0.1201172 102221201100100221221000
0.1201172 102121221100100221221120
0.1201172 101221221220100221221100
0.1201172 101221221101100211221100
0.1201172 101221221100200221221000
0.1201172 101221221100121221221100
0.1201172 101221221100110220221100
0.1201172 101221221100100201221110
0.1201172 101221220100100220221100
0.1201172 101121221120100221221100
0.1201172 101021221101100221221100
0.1201172 100222221110100221121100
0.1201172 100222221100101221221101
0.1201172 100222221100100222221102
0.1201172 100222221100001221221100
0.1201172 100222221100000222221100
0.1201172 100221222200100221221000
0.1201172 100221222100200221121100
0.1201172 100221222100110220221100
0.1201172 100221222100100221101100
0.1201172 100221222100100220221120
0.1201172 100221222100100220221000
0.1201172 100221221220100221211100
0.1201172 100221221200101221220100
0.1201172 100221221200100221221121
0.1201172 100221221200100221011100
0.1201172 100221221120200221121100
0.1201172 100221221120102021221100
0.1201172 100221221120100221111100
0.1201172 100221221120100121121100
0.1201172 100221221110200222221100
0.1201172 100221221110102121221100
0.1201172 100221221110100221021102
0.1201172 100221221102102220221100
0.1201172 100221221102102201221100
0.1201172 100221221102100221221020
0.1201172 100221221101200201221100
0.1201172 100221221101100221101100
0.1201172 100221221101100220211100
0.1201172 100221221101100220201100
0.1201172 100221221101100220021100
0.1201172 100221221100200221121120
0.1201172 100221221100111221121100
0.1201172 100221221100102201211100
0.1201172 100221221100102120221100
0.1201172 100221221100101221221111
0.1201172 100221221100101221201101
0.1201172 100221221100100221222121
0.1201172 100221221100100221020101
0.1201172 100221221100100221001200
0.1201172 100221221100100220220110
0.1201172 100221221100100220201120
0.1201172 100221221100100212221200
0.1201172 100221221100100120220100
0.1201172 100221221100100021111100
0.1201172 100221221100000021021100
0.1201172 100221221020102221221100
0.1201172 100221221000100221221112
0.1201172 100221221000100221021101
0.1201172 100221221000100021021100
0.1201172 100221220200100221221000
0.1201172 100221220111100221221100
0.1201172 100221220100200221221102
0.1201172 100221220100200021221100
0.1201172 100221211100110221221110
0.1201172 100221201100200221221110
0.1201172 100221201100110221221102
0.1201172 100221201100100221111100
0.1201172 100221200100102221221100
0.1201172 100221121102100221211100
0.1201172 100221121100100221221122
0.1201172 100221121100100211221110
0.1201172 100221121100100201221200
0.1201172 100221021100100221221122
0.1201172 100221021100100221001100
0.1201172 100221011100100121221100
0.1201172 100221010100100221221100
0.1201172 100220221200101221221100
0.1201172 100220221200100221221102
0.1201172 100220221200100221121100
0.1201172 100220221100100221220102
0.1201172 100220221100100211221110
0.1201172 100212221100100221221101
0.1201172 100211221100200221221101
0.1201172 100211221100122221221100
0.1201172 100211221100111221221100
0.1201172 100211221100100221221122
0.1201172 100211221100100221221121
0.1201172 100202221100200221221100
0.1201172 100202221100000221221100
0.1201172 100201221120100221220100
0.1201172 100201221100200222221100
0.1201172 100201221100100221220101
0.1201172 100201221100020221221100
0.1201172 100201220000100221221100
0.1201172 100121221102100201221100
0.1201172 100121221100100221221010
0.1201172 100121221100100221220200
0.1201172 100121221100000221021100
0.1201172 100101221100100222221100
0.1201172 100101221100100221221000
0.1201172 100101221100100021221100
0.1201172 100021222100100221221000
0.1201172 100021221100121221221100
0.1201172 100021221100100221021101
0.1201172 100021200100100221221100
0.1201172 000221222000100221221100
0.1201172 000220221100100121221100
0.1201172 000220201100100221221100
0.1191406 200221221102100221220100
0.1191406 200221221101100222221100
0.1191406 200221221100000221021100
0.1191406 200221221000100221220100
0.1191406 121221221100100121221100
0.1191406 120221221102101221221100
0.1191406 120221021100100222221100
0.1191406 111221211100100221221100
0.1191406 110221221110100021221100
0.1191406 110221221101100221221120
0.1191406 110221221101100221220100
0.1191406 110221221100110221220100
0.1191406 110221221100102221220100
0.1191406 110221221100102221201100
0.1191406 110221221100101222221100
0.1191406 110221221100100221221020
0.1191406 110221221100100221201000
0.1191406 110221221100000221021100
0.1191406 110221221020100221221100
0.1191406 110221221000100021221100
0.1191406 110220221110100221221100
0.1191406 110201221110100221221100
0.1191406 102221222100100221201100
0.1191406 102221221101100220221100
0.1191406 102221221100200221121100
0.1191406 102221221100100222221000
0.1191406 102221221100100220221200
0.1191406 102021221100100220221100
0.1191406 101221222100200221221100
0.1191406 101221222100100221221120
0.1191406 101221222100100220221100
0.1191406 101221221101100221221000
0.1191406 101221221100100222221200
0.1191406 101221221100100210221100
0.1191406 101221201100100221221101
0.1191406 101221201100000221221100
0.1191406 101221121100100222221100
0.1191406 101221121100100220221100
0.1191406 101121221100100021221100
0.1191406 100222221102100222221100
0.1191406 100222221100210221221100
0.1191406 100222221100122221221100
0.1191406 100221222200100121221100
0.1191406 100221222200000221221100
0.1191406 100221222100200222221100
0.1191406 100221222100120221221120
0.1191406 100221222100100221001100
0.1191406 100221222100000222221100
0.1191406 100221221220102221221100
0.1191406 100221221210100221221102
0.1191406 100221221200000221021100
0.1191406 100221221120200021221100
0.1191406 100221221120120221221101
0.1191406 100221221120100221001100
0.1191406 100221221110200221221102
0.1191406 100221221110101221201100
0.1191406 100221221102102021221100
0.1191406 100221221102100211211100
0.1191406 100221221102100021201100
0.1191406 100221221101110201221100
0.1191406 100221221101100222221120
0.1191406 100221221101020221221100
0.1191406 100221221100200021221101
0.1191406 100221221100120220021100
0.1191406 100221221100120202221100
0.1191406 100221221100111221221120
0.1191406 100221221100110221021102
0.1191406 100221221100102221222120
0.1191406 100221221100102221201102
0.1191406 100221221100102221120100
0.1191406 100221221100102221021101
0.1191406 100221221100102220220100
0.1191406 100221221100100222121101
0.1191406 100221221100100221121002
0.1191406 100221221100100201211200
0.1191406 100221221100100101221000
0.1191406 100221221100000221201102
0.1191406 100221221000200221121100
0.1191406 100221221000200221021100
0.1191406 100221221000100221221220
0.1191406 100221220102110221221100
0.1191406 100221220100100221101100
0.1191406 100221220100100221021102
0.1191406 100221220100100220221000
0.1191406 100221220000100221221101
0.1191406 100221211102100220221100
0.1191406 100221211100200221121100
0.1191406 100221211100100221221220
0.1191406 100221201100120221121100
0.1191406 100221201100100211221110
0.1191406 100221121100100210221100
0.1191406 100221121100100201201100
0.1191406 100221121100100001221100
0.1191406 100221121100000221021100
0.1191406 100221111100100221201100
0.1191406 100221101100100221021100
0.1191406 100221101100100021221100
0.1191406 100221021100111221221100
0.1191406 100221021100100001221100
0.1191406 100221011100100221220100
0.1191406 100221001120100221221100
0.1191406 100221001100100221221200
0.1191406 100220221200100221220100
0.1191406 100220221120200221221100
0.1191406 100220221110101221221100
0.1191406 100220221102100222221100
0.1191406 100220221101100221221102
0.1191406 100220221100110221221101
0.1191406 100220221100100221221002
0.1191406 100220001100100221221100
0.1191406 100211221120100221221101
0.1191406 100211221110102221221100
0.1191406 100211221110100221222100
0.1191406 100211221100120221221102
0.1191406 100211221100100221222000
0.1191406 100211221100100221202100
0.1191406 100211221100000221021100
0.1191406 100211121110100221221100
0.1191406 100211021110100221221100
0.1191406 100210221100100021221100
0.1191406 100201221200101221221100
0.1191406 100201221110101221221100
0.1191406 100201221100101221221101
0.1191406 100201221100100111221100
0.1191406 100200221100100222221100
0.1191406 100121221100100221021101
0.1191406 100121221100100220221120
0.1191406 100111221100100021221100
0.1191406 100101221100100221220100
0.1191406 100022221100100221221000
0.1191406 100021221100100211221120
0.1191406 100021221100100201221110
0.1191406 100021221100100121221100
0.1191406 100021221100000220221100
0.1191406 100011221100200221221100
0.1191406 100001222100100221221100
0.1191406 100001221200100221221100
0.1191406 020221221100110221221100
0.1191406 020221221100100221221110
0.1191406 010221221100102221221100
0.1191406 000221221100100221212100
0.1191406 000221221100100202221100
0.1191406 000221221100000222221100
0.1191406 000221121100100220221100
0.1191406 000220221101100221221100
0.1191406 000211221102100221221100
0.1181641 210221221100101221221100
0.1181641 210221221100100221221120
0.1181641 200222221100100221121100
0.1181641 200221221102100221221110
0.1181641 200221221102100211221100
0.1181641 200221221100200220221100
0.1181641 200221221100102221201100
0.1181641 200221221100100201221120
0.1181641 200221121100100201221100
0.1181641 200221021100100221211100
0.1181641 200211221100100221201100
0.1181641 122221221100000221221100
0.1181641 120221222000100221221100
0.1181641 120221221101101221221100
0.1181641 120221221101100121221100
0.1181641 120221221100100220220100
0.1181641 120221221100100220211100
0.1181641 120221221100100220201100
0.1181641 120221221100100201221120
0.1181641 120221221100100121222100
0.1181641 120221221100100021220100
0.1181641 120221221100100021201100
0.1181641 120221221010100221221100
0.1181641 112221221200100221221100
0.1181641 110222221100100221221101
0.1181641 110221221120101221221100
0.1181641 110221221102100021221100
0.1181641 110221221100120221222100
0.1181641 110221221100100221211110
0.1181641 110221221100100211221110
0.1181641 110221221100100001221100
0.1181641 110221220100120221221100
0.1181641 110221121100100221221120
0.1181641 110221121100100220221100
0.1181641 110220221100100221221102
0.1181641 102222221100100221221102
0.1181641 102221222102100221221100
0.1181641 102221221122100221221100
0.1181641 102221220100100221221200
0.1181641 102221220100100221121100
0.1181641 102201222100100221221100
0.1181641 102122221100100221221100
0.1181641 101222221110100221221100
0.1181641 101221222100100221221000
0.1181641 101221221102100211221100
0.1181641 101221221100120221221200
0.1181641 101221221100120220221100
0.1181641 101221221100110221221102
0.1181641 101221221100100221121000
0.1181641 101221221100100221001100
0.1181641 101221221100100001221100
0.1181641 101221220100100222221100
0.1181641 101221211100120221221100
0.1181641 101221121100100201221100
0.1181641 101220221110100221221100
0.1181641 100222221120100221021100
0.1181641 100222221100100021221102
0.1181641 100222221100100011221100
0.1181641 100222221000100221221101
0.1181641 100222220100100221221102
0.1181641 100222200100100221221100
0.1181641 100221222100110221221102
0.1181641 100221222100100221221020
0.1181641 100221222100100220221110
0.1181641 100221222100020221221100
0.1181641 100221222100010221221100
0.1181641 100221222000102221221100
0.1181641 100221221200101221221101
0.1181641 100221221200100211221110
0.1181641 100221221200100101221100
0.1181641 100221221121100221121100
0.1181641 100221221120101221222100
0.1181641 100221221120100221221120
0.1181641 100221221120100121221101
0.1181641 100221221111100211221100
0.1181641 100221221110200221121100
0.1181641 100221221110100221220200
0.1181641 100221221110100021221101
0.1181641 100221221110000221221101
0.1181641 100221221102102221220100
0.1181641 100221221102101220221100
0.1181641 100221221102100222121100
0.1181641 100221221102100221201110
0.1181641 100221221102100211201100
0.1181641 100221221101120220221100
0.1181641 100221221101110222221100
0.1181641 100221221101100220220100
0.1181641 100221221100202221222100
0.1181641 100221221100200221221010
0.1181641 100221221100200221221001
0.1181641 100221221100200221220200
0.1181641 100221221100120221021102
0.1181641 100221221100110221201101
0.1181641 100221221100110220201100
0.1181641 100221221100110021221102
0.1181641 100221221100102221201101
0.1181641 100221221100102201201100
0.1181641 100221221100101221222101
0.1181641 100221221100101221220110
0.1181641 100221221100100222222200
0.1181641 100221221100100221210110
0.1181641 100221221100100220021200
0.1181641 100221221100100202201100
0.1181641 100221221100100201221010
0.1181641 100221221100100201220110
0.1181641 100221221100100021210100
0.1181641 100221221100100021201101
0.1181641 100221221100100001021100
0.1181641 100221221100020221221120
0.1181641 100221221100002222221100
0.1181641 100221221100001221201100
0.1181641 100221221100001220221100
0.1181641 100221221100000221221001
0.1181641 100221221100000221111100
0.1181641 100221221100000122221100
0.1181641 100221221010102221221100
0.1181641 100221220200100221201100
0.1181641 100221220110200221221100
0.1181641 100221220102100201221100
0.1181641 100221220101100220221100
0.1181641 100221220100110221121100
0.1181641 100221220100100101221100
0.1181641 100221220000100221220100
0.1181641 100221212100120221221100
0.1181641 100221211100100221222100
0.1181641 100221211100100221221111
0.1181641 100221211100100221121102
0.1181641 100221211100000221121100
0.1181641 100221201102120221221100
0.1181641 100221201100100221121102
0.1181641 100221201100100101221100
0.1181641 100221201100000221221102
0.1181641 100221121220100221221100
0.1181641 100221121102100221220100
0.1181641 100221121100000220221100
0.1181641 100221101100100221222100
0.1181641 100221101100100221220100
0.1181641 100221021102100201221100
0.1181641 100221021100100221220000
0.1181641 100221021100100202221100
0.1181641 100221001100100221021100
0.1181641 100220222200100221221100
0.1181641 100220221110120221221100
0.1181641 100220221110100221211100
0.1181641 100220221110100021221100
0.1181641 100220221100102221221101
0.1181641 100220221100100221220000
0.1181641 100220221000100221121100
0.1181641 100220220100100221221101
0.1181641 100212221100100221121100
0.1181641 100211221120101221221100
0.1181641 100211221120100221021100
0.1181641 100211221100100221220200
0.1181641 100211101100100221221100
0.1181641 100201221120110221221100
0.1181641 100201221120100021221100
0.1181641 100201221110100221222100
0.1181641 100201221110100121221100
0.1181641 100201221100100221212100
0.1181641 100201221100100221120100
0.1181641 100121221100210221221100
0.1181641 100121221100200221221101
0.1181641 100121221100100221121102
0.1181641 100121220200100221221100
0.1181641 100121210100100221221100
0.1181641 100111221000100221221100
0.1181641 100111201100100221221100
0.1181641 100101221200100221221100
0.1181641 100101221100100221221120
0.1181641 100021221110100221221102
0.1181641 100021221100120221221000
0.1181641 100021221100100210221100
0.1181641 100021220100100221221000
0.1181641 100021011100100221221100
0.1181641 100011221100102221221100
0.1181641 100001221100100221222100
0.1181641 020221221100101221221100
0.1181641 020121221100100221221100
0.1181641 000222221100100021221100
0.1181641 000221221110100221211100
0.1181641 000221221101120221221100
0.1181641 000221221100100221211120
0.1181641 000221021100100221221120
0.1181641 000220221100100221021100
0.1181641 000220221100100211221100
0.1181641 000220121100100221221100
0.1181641 000120221100100221221100
0.1171875 210221221100100201221100
0.1171875 200222221100000221221100
0.1171875 200221221101101221221100
0.1171875 200221221100102221211100
0.1171875 200221221100100121220100
0.1171875 200221221100100021211100
0.1171875 200221201100100221221100
0.1171875 122221221100100221221200
0.1171875 122221221100100211221100
0.1171875 120221221200100221220100
0.1171875 120221221100122221221100
0.1171875 120221221100102221201100
0.1171875 120221221100100211220100
0.1171875 120221221000100221220100
0.1171875 120201221110100221221100
0.1171875 111222221100100221221100
0.1171875 110221221120100221220100
0.1171875 110221221102100221221120
0.1171875 110221221100100221201200
0.1171875 110221221100100220220100
0.1171875 110221221100100201221200
0.1171875 110221021100100221201100
0.1171875 102221222100100221221110
0.1171875 102221222100100121221100
0.1171875 102221221102200221221100
0.1171875 102221221100200221221110
0.1171875 102221221100120221221120
0.1171875 102221221100120221221000
0.1171875 102221221100110221121100
0.1171875 102221221100110220221100
0.1171875 102221221100101121221100
0.1171875 102221220100100220221100
0.1171875 102021221100100221221110
0.1171875 102021201100100221221100
0.1171875 101221221101120221221100
0.1171875 101221221100100221222200
0.1171875 101221221100100202221100
0.1171875 101221220100100221221000
0.1171875 101221201100110221221100
0.1171875 101221121100100221221120
0.1171875 101221021101100221221100
0.1171875 101201221100120221221100
0.1171875 101201221100100221221102
0.1171875 101201221100100221021100
0.1171875 100222222200100221221100
0.1171875 100222221110120221221100
0.1171875 100222221110110221221100
0.1171875 100222221100100221222101
0.1171875 100222221100100221211101
0.1171875 100222221100100121221101
0.1171875 100222221010100221221100
0.1171875 100221222101100220221100
0.1171875 100221222100120220221100
0.1171875 100221222100100220221200
0.1171875 100221222100100211221110
0.1171875 100221222000100221221110
0.1171875 100221222000100201221100
0.1171875 100221221220100221201100
0.1171875 100221221210101221221100
0.1171875 100221221200122221221100
0.1171875 100221221120101221221102
0.1171875 100221221120101221221101
0.1171875 100221221120100201221110
0.1171875 100221221120100101221100
0.1171875 100221221120100021121100
0.1171875 100221221110102221201100
0.1171875 100221221110102021221100
0.1171875 100221221110100221210100
0.1171875 100221221110100210221100
0.1171875 100221221110010221221100
0.1171875 100221221110000220221100
0.1171875 100221221102100222021100
0.1171875 100221221102100220221102
0.1171875 100221221102100121220100
0.1171875 100221221102100121201100
0.1171875 100221221102020221221100
0.1171875 100221221101102221220100
0.1171875 100221221101102201221100
0.1171875 100221221101101021221100
0.1171875 100221221101100221220110
0.1171875 100221221101100221201120
0.1171875 100221221101100220221102
0.1171875 100221221100220221221200
0.1171875 100221221100210211221100
0.1171875 100221221100202021221100
0.1171875 100221221100201221121100
0.1171875 100221221100200222221102
0.1171875 100221221100200221221020
0.1171875 100221221100200101221100
0.1171875 100221221100110221210100
0.1171875 100221221100110221021120
0.1171875 100221221100102222222100
0.1171875 100221221100102221221220
0.1171875 100221221100102221121102
0.1171875 100221221100101221022100
0.1171875 100221221100101210221100
0.1171875 100221221100100222221122
0.1171875 100221221100100222201110
0.1171875 100221221100100221202110
0.1171875 100221221100100221202102
0.1171875 100221221100100221201020
0.1171875 100221221100100221121020
0.1171875 100221221100100221111000
0.1171875 100221221100100221101000
0.1171875 100221221100100221020200
0.1171875 100221221100100221001110
0.1171875 100221221100100220222200
0.1171875 100221221100100220212100
0.1171875 100221221100100201210100
0.1171875 100221221100100201202100
0.1171875 100221221100100121222200
0.1171875 100221221100100121021101
0.1171875 100221221100100111221101
0.1171875 100221221100100021021101
0.1171875 100221221100100020221120
0.1171875 100221221100000201021100
0.1171875 100221221000120221221101
0.1171875 100221221000100221121102
0.1171875 100221221000100211221110
0.1171875 100221221000100200221100
0.1171875 100221221000010221221100
0.1171875 100221221000000221221101
0.1171875 100221221000000021221100
0.1171875 100221220200100222221100
0.1171875 100221220101100201221100
0.1171875 100221220100200221221000
0.1171875 100221220100100221221111
0.1171875 100221220100100221001100
0.1171875 100221211121100221221100
0.1171875 100221211110110221221100
0.1171875 100221211100110021221100
0.1171875 100221211100100221101100
0.1171875 100221211100100221021101
0.1171875 100221201122100221221100
0.1171875 100221201100100221221111
0.1171875 100221121100100221221210
0.1171875 100221121100100220221200
0.1171875 100221121100100201221110
0.1171875 100221121100100201211100
0.1171875 100221111100100201221100
0.1171875 100221022000100221221100
0.1171875 100221021101102221221100
0.1171875 100221021100100221210100
0.1171875 100221021100100211221110
0.1171875 100221011100101221221100
0.1171875 100221011000100221221100
0.1171875 100220221200100021221100
0.1171875 100220221102100221221102
0.1171875 100220221100200221121100
0.1171875 100220200100100221221100
0.1171875 100211221100100221021102
0.1171875 100211221000100221221102
0.1171875 100210221100100221201100
0.1171875 100202221200100221221100
0.1171875 100201221120101221221100
0.1171875 100201221120100221121100
0.1171875 100201221120100121221100
0.1171875 100201221110100221220100
0.1171875 100201221100200220221100
0.1171875 100201221100102221222100
0.1171875 100201221100102221201100
0.1171875 100201221100101221201100
0.1171875 100201221100100121201100
0.1171875 100201221000101221221100
0.1171875 100121221102100220221100
0.1171875 100121221101100201221100
0.1171875 100121221100121221221100
0.1171875 100121221100100221220000
0.1171875 100121221100100220221110
0.1171875 100121221100000222221100
0.1171875 100121001100100221221100
0.1171875 100111221100120221221100
0.1171875 100021221102100222221100
0.1171875 100021221101100221221000
0.1171875 100021221100100201221120
0.1171875 100021220100120221221100
0.1171875 100011221100100021221100
0.1171875 100011211100100221221100
0.1171875 020201221100100221221100
0.1171875 010221221100110221221100
0.1171875 010021221100100221221100
0.1171875 000222221100100222221100
0.1171875 000222211100100221221100
0.1171875 000221221102100211221100
0.1171875 000221221100101221220100
0.1171875 000221221100100201211100
0.1171875 000221021110100221221100
0.1162109 200221221100100221222000
0.1162109 200221221100100201201100
0.1162109 200201221100100221220100
0.1162109 122221221200100221221100
0.1162109 122221221100200221221100
0.1162109 122221221100102221221100
0.1162109 122221221100100201221100
0.1162109 121221221100120221221100
0.1162109 120221221120100221220100
0.1162109 120221221100200221211100
0.1162109 120221221100110221220100
0.1162109 120221221100102221220100
0.1162109 120221221100100222221110
0.1162109 120221221100100021211100
0.1162109 120221221000100221201100
0.1162109 120221021100100221220100
0.1162109 120201221100100221211100
0.1162109 110221221102110221221100
0.1162109 110221221100200221221101
0.1162109 110221221100102201221100
0.1162109 110221221100100221222110
0.1162109 110221221100100201221120
0.1162109 110221121100100222221100
0.1162109 110221021100102221221100
0.1162109 110201221100100221201100
0.1162109 102221221102100220221100
0.1162109 102221221100200221221120
0.1162109 102221221100100121220100
0.1162109 102221220100100221021100
0.1162109 102221201100100221121100
0.1162109 102201221110100221221100
0.1162109 101221222101100221221100
0.1162109 101221221110100021221100
0.1162109 101221221100120221021100
0.1162109 101221221100110221221120
0.1162109 101221221100110221021100
0.1162109 101221221100100201221000
0.1162109 101221220110100221221100
0.1162109 101221211100000221221100
0.1162109 101221021100100222221100
0.1162109 101201221100100221221000
0.1162109 101121221100100221220100
0.1162109 101021221100120221221100
0.1162109 101021221100100211221100
0.1162109 100222221110000221221100
0.1162109 100222221100100001221100
0.1162109 100222201100200221221100
0.1162109 100222101100100221221100
0.1162109 100221222100110221021100
0.1162109 100221222100100221222000
0.1162109 100221222100100221021101
0.1162109 100221221200200221221101
0.1162109 100221221200200221121100
0.1162109 100221221200100221121102
0.1162109 100221221200100021201100
0.1162109 100221221120110221221102
0.1162109 100221221120102221220100
0.1162109 100221221110102221211100
0.1162109 100221221110101221222100
0.1162109 100221221110101221221101
0.1162109 100221221110100021211100
0.1162109 100221221102200221221110
0.1162109 100221221102120221221102
0.1162109 100221221102102121221100
0.1162109 100221221102101221222100
0.1162109 100221221102101201221100
0.1162109 100221221102100222222100
0.1162109 100221221102100221201102
0.1162109 100221221102100221121102
0.1162109 100221221102100220221101
0.1162109 100221221102100201021100
0.1162109 100221221102100020221100
0.1162109 100221221101210221221100
0.1162109 100221221101102021221100
0.1162109 100221221101101221201100
0.1162109 100221221101100211221200
0.1162109 100221221101100201222100
0.1162109 100221221101100021201100
0.1162109 100221221100200201221120
0.1162109 100221221100120221221020
0.1162109 100221221100120220221102
0.1162109 100221221100111221221000
0.1162109 100221221100110221022100
0.1162109 100221221100102021221102
0.1162109 100221221100101221201102
0.1162109 100221221100101211222100
0.1162109 100221221100101202221100
0.1162109 100221221100100222011100
0.1162109 100221221100100221210120
0.1162109 100221221100100221022101
0.1162109 100221221100100210220100
0.1162109 100221221100100201201102
0.1162109 100221221100100121201102
0.1162109 100221221100100121201101
0.1162109 100221221100100121121102
0.1162109 100221221100100120211100
0.1162109 100221221100100111221102
0.1162109 100221221100100101121100
0.1162109 100221221100020221221110
0.1162109 100221221100020221211100
0.1162109 100221221100000221201101
0.1162109 100221221100000221022100
0.1162109 100221221020200221221100
0.1162109 100221221002101221221100
0.1162109 100221221001100220221100
0.1162109 100221221000100121222100
0.1162109 100221221000100121201100
0.1162109 100221221000020221221100
0.1162109 100221221000000221221102
0.1162109 100221221000000221121100
0.1162109 100221220110100221221102
0.1162109 100221220100120021221100
0.1162109 100221220100101221222100
0.1162109 100221220100100211221120
0.1162109 100221220100100201221120
0.1162109 100221220000100211221100
0.1162109 100221211100110221221000
0.1162109 100221211100100220221120
0.1162109 100221211100100101221100
0.1162109 100221202100100221221000
0.1162109 100221201101100222221100
0.1162109 100221201100200221221120
0.1162109 100221201100200221221000
0.1162109 100221201100200221021100
0.1162109 100221201100200021221100
0.1162109 100221201100000221121100
0.1162109 100221121100100221210100
0.1162109 100221021101120221221100
0.1162109 100221021100100221222000
0.1162109 100221011100100221221000
0.1162109 100220221120100221121100
0.1162109 100220221110000221221100
0.1162109 100220221102100221221101
0.1162109 100220221102100221121100
0.1162109 100220221100101221220100
0.1162109 100220221100100121221102
0.1162109 100220221100100021222100
0.1162109 100220221100100021221102
0.1162109 100220220110100221221100
0.1162109 100220220100120221221100
0.1162109 100220201100100221221101
0.1162109 100211221120100221201100
0.1162109 100211221100102221222100
0.1162109 100211220100200221221100
0.1162109 100211211100100221221100
0.1162109 100211201110100221221100
0.1162109 100202221102100221221100
0.1162109 100201221102100221221102
0.1162109 100201221100110221121100
0.1162109 100201221100100221210100
0.1162109 100201221100100121220100
0.1162109 100201221100100021201100
0.1162109 100201220100100221221101
0.1162109 100121221100110221221102
0.1162109 100121221100100221101100
0.1162109 100121221100100210221100
0.1162109 100121220100100221221120
0.1162109 100021221100122221221100
0.1162109 100021221100110220221100
0.1162109 100021221100101221221000
0.1162109 100021221100100221101100
0.1162109 100021211100110221221100
0.1162109 100011221100100211221100
0.1162109 100011021100100221221100
0.1162109 100001221100100221221120
0.1162109 100001221100100201221100
0.1162109 020221221120100221221100
0.1162109 020221221100100222221100
0.1162109 020221221100100221221000
0.1162109 020221221100100021221100
0.1162109 001221221101100221221100
0.1162109 000221221110100221221102
0.1162109 000221221101100221221120
0.1162109 000221221100111221221100
0.1162109 000221221100100220221120
0.1162109 000221221000100021221100
0.1162109 000221021100100221220100
0.1152344 220221221100100221221101
0.1152344 220221221100000221221100
0.1152344 220221211100100221221100
0.1152344 210221221000100221221100
0.1152344 200222221100100201221100
0.1152344 200221221220100221221100
0.1152344 200221221100121221221100
0.1152344 200221221100101221201100
0.1152344 200221221100100221220120
0.1152344 200221221100100221201120
0.1152344 200220221100100221221200
0.1152344 200220221100100221221000
0.1152344 200220211100100221221100
0.1152344 120221221110100221220100
0.1152344 120221221102110221221100
0.1152344 120221221101100221222100
0.1152344 120221221100100221220120
0.1152344 120221221100100221220110
0.1152344 120221221100100220221000
0.1152344 120221221100100211211100
0.1152344 120221221100100111221100
0.1152344 120221221100100021222100
0.1152344 120221111100100221221100
0.1152344 120221021100100201221100
0.1152344 120220221000100221221100
0.1152344 120201221100100221201100
0.1152344 110221221120100121221100
0.1152344 110221221101101221221100
0.1152344 110221221100200221121100
0.1152344 110221221100100222211100
0.1152344 110221221100100221221010
0.1152344 110221221100100021201100
0.1152344 110221221100000221201100
0.1152344 110221021100100222221100
0.1152344 110220221120100221221100
0.1152344 102221222100100222221100
0.1152344 102221222100100221211100
0.1152344 102221221102100221221120
0.1152344 102221221100200221021100
0.1152344 102221221100110221021100
0.1152344 102221221100100221221001
0.1152344 102221220101100221221100
0.1152344 102221201100100221221101
0.1152344 102121221100100221221110
0.1152344 101221221110100221221102
0.1152344 101221221110100221221101
0.1152344 101221221100200211221100
0.1152344 101221220100100221221101
0.1152344 101221201100100221221200
0.1152344 101221201100100221021100
0.1152344 101220221100100221221102
0.1152344 101220201100100221221100
0.1152344 101021221100100222221100
0.1152344 101021221100100220221100
0.1152344 100222221200100221221101
0.1152344 100222221110100221201100
0.1152344 100222221100100221221202
0.1152344 100222221100100221220101
0.1152344 100222221100100211221110
0.1152344 100222221000100021221100
0.1152344 100221222200100221201100
0.1152344 100221222100101121221100
0.1152344 100221222100000221221101
0.1152344 100221222000100221211100
0.1152344 100221221200110221221101
0.1152344 100221221200100111221100
0.1152344 100221221120100221202100
0.1152344 100221221120100221201101
0.1152344 100221221120100021220100
0.1152344 100221221120100021201100
0.1152344 100221221120000221221101
0.1152344 100221221120000221121100
0.1152344 100221221111110221221100
0.1152344 100221221110110021221100
0.1152344 100221221110100221211102
0.1152344 100221221102200221121100
0.1152344 100221221102101021221100
0.1152344 100221221102100220222100
0.1152344 100221221102100021211100
0.1152344 100221221100220221201100
0.1152344 100221221100200201221110
0.1152344 100221221100200022221100
0.1152344 100221221100200001221100
0.1152344 100221221100120221211102
0.1152344 100221221100111221221110
0.1152344 100221221100110222221110
0.1152344 100221221100110222221101
0.1152344 100221221100110221202100
0.1152344 100221221100110201221120
0.1152344 100221221100110121221102
0.1152344 100221221100102221220120
0.1152344 100221221100102221220000
0.1152344 100221221100101221221122
0.1152344 100221221100101221220102
0.1152344 100221221100101220201100
0.1152344 100221221100101021021100
0.1152344 100221221100100221222020
0.1152344 100221221100100221202101
0.1152344 100221221100100221021002
0.1152344 100221221100100212221000
0.1152344 100221221100100211211120
0.1152344 100221221100100201220120
0.1152344 100221221100100201121101
0.1152344 100221221100100121220110
0.1152344 100221221100100101221101
0.1152344 100221221100100020201100
0.1152344 100221221100010221201100
0.1152344 100221221100000221221020
0.1152344 100221221100000221221010
0.1152344 100221221100000221020100
0.1152344 100221221100000211221120
0.1152344 100221221100000022221100
0.1152344 100221221020100221220100
0.1152344 100221221000120221121100
0.1152344 100221221000102221220100
0.1152344 100221221000100221212100
0.1152344 100221221000100021221200
0.1152344 100221221000001221221100
0.1152344 100221220100120222221100
0.1152344 100221220100120221222100
0.1152344 100221220100120221221110
0.1152344 100221220100110221221200
0.1152344 100221220100100211221200
0.1152344 100221211100120221021100
0.1152344 100221211100110221222100
0.1152344 100221211100100221021102
0.1152344 100221201100120221221120
0.1152344 100221201100110221021100
0.1152344 100221201100110220221100
0.1152344 100221201100100221101100
0.1152344 100221121102120221221100
0.1152344 100221121102110221221100
0.1152344 100221121102100221221200
0.1152344 100221121100100221211120
0.1152344 100221111100100221221102
0.1152344 100221111100100211221100
0.1152344 100221021101101221221100
0.1152344 100221011100100211221100
0.1152344 100221011100100021221100
0.1152344 100221001100100220221100
0.1152344 100220221120120221221100
0.1152344 100220221120100221201100
0.1152344 100220221102100221201100
0.1152344 100220221100101221201100
0.1152344 100220221100100221211101
0.1152344 100220201100200221221100
0.1152344 100211221200100221221101
0.1152344 100211221120100221121100
0.1152344 100211221100000221221102
0.1152344 100210221100100221021100
0.1152344 100210221000100221221100
0.1152344 100202221100100221211100
0.1152344 100202221000100221221100
0.1152344 100201221110110221221100
0.1152344 100201221110100221021100
0.1152344 100201221102100220221100
0.1152344 100201221100101221221102
0.1152344 100201221100101021221100
0.1152344 100201221100100221221122
0.1152344 100201221100100221220102
0.1152344 100201220100100221221102
0.1152344 100200221101100221221100
0.1152344 100200221100100201221100
0.1152344 100121221100100201221200
0.1152344 100121220100110221221100
0.1152344 100111221100110221221100
0.1152344 100101221100102221221100
0.1152344 100021221100110221221000
0.1152344 100021201100100221221000
0.1152344 100001221100100121221100
0.1152344 020221221000100221221100
0.1152344 010221221110100221221100
0.1152344 010221221100100221221120
0.1152344 010221221100100221221110
0.1152344 010221221000100221221100
0.1152344 000222221100100221221110
0.1152344 000222221100100121221100
0.1152344 000221221100100221001100
0.1152344 000221221100100210221100
0.1152344 000221221100100001221100
0.1152344 000221021100100221221110
0.1152344 000221021100100220221100
0.1152344 000220221100100221221120
0.1152344 000201221110100221221100
0.1142578 210021221100100221221100
0.1142578 200222221102100221221100
0.1142578 200222121100100221221100
0.1142578 200221221122100221221100
0.1142578 200221221101100221221110
0.1142578 200221221100101221211100
0.1142578 200221221100100221211120
0.1142578 200221221100100221201102
0.1142578 200221221100100201211100
0.1142578 200221221001100221221100
0.1142578 200221221000101221221100
0.1142578 200221021100100221220100
0.1142578 120221221120101221221100
0.1142578 120221221120100221201100
0.1142578 120221221110100221201100
0.1142578 120221221110100021221100
0.1142578 120221221100110221211100
0.1142578 120221221100101221211100
0.1142578 120221221100100211221120
0.1142578 120221221100100211201100
0.1142578 120221220000100221221100
0.1142578 120221021100100220221100
0.1142578 120220221100100221221102
0.1142578 120220221100100221220100
0.1142578 120201221100100221220100
0.1142578 110221221100201221221100
0.1142578 110221221100100221221122
0.1142578 110221221100100221201102
0.1142578 110221221100100220201100
0.1142578 110221221100100202221100
0.1142578 110221220100110221221100
0.1142578 110220221100101221221100
0.1142578 102221221101100221221120
0.1142578 102221221100100221211000
0.1142578 102221221100100221121102
0.1142578 102221221100100101221100
0.1142578 102221220100100221221101
0.1142578 102221211100120221221100
0.1142578 102221210100100221221100
0.1142578 102221201100110221221100
0.1142578 102021221102100221221100
0.1142578 101221222100100221221101
0.1142578 101221221102100221221200
0.1142578 101221221100120222221100
0.1142578 101221221100100222221110
0.1142578 101221220100100221221110
0.1142578 101220221100100221221101
0.1142578 101021221110100221221100
0.1142578 101021221100100201221100
0.1142578 100222222100100221221102
0.1142578 100222221110200221221100
0.1142578 100222221100200222221100
0.1142578 100222221100110221221101
0.1142578 100222221100100200221100
0.1142578 100222221000100221221102
0.1142578 100221222110110221221100
0.1142578 100221222100110221221120
0.1142578 100221222100100221200100
0.1142578 100221221220100221221110
0.1142578 100221221210100221121100
0.1142578 100221221200100221221112
0.1142578 100221221200100021221101
0.1142578 100221221200000222221100
0.1142578 100221221122100221021100
0.1142578 100221221120200121221100
0.1142578 100221221120100221201102
0.1142578 100221221120100111221100
0.1142578 100221221110120021221100
0.1142578 100221221110100201221110
0.1142578 100221221102102221211100
0.1142578 100221221102101221211100
0.1142578 100221221102100221201120
0.1142578 100221221102100221021101
0.1142578 100221221102100211220100
0.1142578 100221221102000221221102
0.1142578 100221221101102221201100
0.1142578 100221221101100211221000
0.1142578 100221221101100201021100
0.1142578 100221221100210221222100
0.1142578 100221221100210201221100
0.1142578 100221221100201221222100
0.1142578 100221221100200221200100
0.1142578 100221221100200211221200
0.1142578 100221221100200021222100
0.1142578 100221221100120221210100
0.1142578 100221221100120201221102
0.1142578 100221221100110220220100
0.1142578 100221221100110021221101
0.1142578 100221221100102221220102
0.1142578 100221221100102221111100
0.1142578 100221221100102221020100
0.1142578 100221221100102210221100
0.1142578 100221221100102021121100
0.1142578 100221221100102021021100
0.1142578 100221221100101220221110
0.1142578 100221221100101220220100
0.1142578 100221221100101201220100
0.1142578 100221221100101201201100
0.1142578 100221221100101020221100
0.1142578 100221221100100222221020
0.1142578 100221221100100221211210
0.1142578 100221221100100221211020
0.1142578 100221221100100221021201
0.1142578 100221221100100211210100
0.1142578 100221221100100201222110
0.1142578 100221221100100201220000
0.1142578 100221221100100201211120
0.1142578 100221221100100201211102
0.1142578 100221221100100121221122
0.1142578 100221221100100121220101
0.1142578 100221221100100120221110
0.1142578 100221221100000222222100
0.1142578 100221221100000221021200
0.1142578 100221221100000121221101
0.1142578 100221221010110221221100
0.1142578 100221221010100221220100
0.1142578 100221221010100221201100
0.1142578 100221221010100221121100
0.1142578 100221221000200221221101
0.1142578 100221220100200221221200
0.1142578 100221220100200221221110
0.1142578 100221220100100220221200
0.1142578 100221220000100221211100
0.1142578 100221211120110221221100
0.1142578 100221211112100221221100
0.1142578 100221202100120221221100
0.1142578 100221202100110221221100
0.1142578 100221202100000221221100
0.1142578 100221201110200221221100
0.1142578 100221201100100221221020
0.1142578 100221201100100220221120
0.1142578 100221121102100221221110
0.1142578 100221121100101201221100
0.1142578 100221121100100221221121
0.1142578 100221121000100021221100
0.1142578 100221021102100221221120
0.1142578 100221021100102221220100
0.1142578 100221021001100221221100
0.1142578 100221001100100221221102
0.1142578 100221001100100221201100
0.1142578 100220221100102221201100
0.1142578 100220221100102221121100
0.1142578 100220221100100221221001
0.1142578 100220221100100221120100
0.1142578 100220221100100121221101
0.1142578 100220221100100121220100
0.1142578 100220221100100021220100
0.1142578 100220221100020221221100
0.1142578 100220221000100121221100
0.1142578 100220220100200221221100
0.1142578 100220220100100221221102
0.1142578 100220211100110221221100
0.1142578 100220101100100221221100
0.1142578 100211221200100221221102
0.1142578 100211221120120221221100
0.1142578 100211221120110221221100
0.1142578 100211221110100222221100
0.1142578 100201221200100221220100
0.1142578 100201221200100221121100
0.1142578 100201221110100221211100
0.1142578 100201221100100221211102
0.1142578 100201221100100221211101
0.1142578 100121221100000220221100
0.1142578 100121201100120221221100
0.1142578 100111221100100220221100
0.1142578 100101221100100221221200
0.1142578 100021221101100221221120
0.1142578 100021221100100221121102
0.1142578 100021221100100221021120
0.1142578 100021221100100211221200
0.1142578 100021221100000222221100
0.1142578 100001121100100221221100
0.1142578 020221221110100221221100
0.1142578 010201221100100221221100
0.1142578 002221222100100221221100
0.1142578 000221221100122221221100
0.1142578 000221221100110221211100
0.1142578 000221221100102221220100
0.1142578 000221221100100221221020
0.1142578 000221221100100221202100
0.1142578 000221221100100220221200
0.1142578 000221221100100201221200
0.1142578 000221221100100121220100
0.1142578 000221221100100021211100
0.1142578 000221221100000221021100
0.1142578 000221220000100221221100
0.1142578 000221021120100221221100
0.1142578 000221021100101221221100
0.1142578 000201221102100221221100
0.1142578 000021221100100221221000
0.1132812 201221021100100221221100
0.1132812 200222221100100221221120
0.1132812 200222221100100221221110
0.1132812 200222021100100221221100
0.1132812 200221221120100221220100
0.1132812 200221221101100211221100
0.1132812 200220221100120221221100
0.1132812 200220221100100220221100
0.1132812 200220201100100221221100
0.1132812 120221221110100221222100
0.1132812 120221221101110221221100
0.1132812 120221221100110221201100
0.1132812 120221221100110220221100
0.1132812 120221221100102221211100
0.1132812 120221221100100221211120
0.1132812 120221221100100221021101
0.1132812 120221221100100201221110
0.1132812 120221221100100121211100
0.1132812 120221221000101221221100
0.1132812 120220221100100221201100
0.1132812 120121221101100221221100
0.1132812 111221221100100221221102
0.1132812 111221221100100021221100
0.1132812 110221222100110221221100
0.1132812 110221221200101221221100
0.1132812 110221221200100221220100
0.1132812 110221221100200221221120
0.1132812 110221221100100221220101
0.1132812 110221221100020221221100
0.1132812 110221221100010221221100
0.1132812 110221021102100221221100
0.1132812 110221021100101221221100
0.1132812 110221021100100221220100
0.1132812 110220221100100221221110
0.1132812 110220221100100221121100
0.1132812 110021221100100221220100
0.1132812 102222221100100221221101
0.1132812 102221222100101221221100
0.1132812 102221222100100211221100
0.1132812 102221222100100201221100
0.1132812 102221221101100222221100
0.1132812 102221221100120221221110
0.1132812 102221221100100220211100
0.1132812 102221220110100221221100
0.1132812 102221201100100221221200
0.1132812 102220201100100221221100
0.1132812 101221221102200221221100
0.1132812 101221221102100221221000
0.1132812 101221221100200221221102
0.1132812 101221221100120221221110
0.1132812 101221221100100221211000
0.1132812 101221221100100221200100
0.1132812 101221221100100221021102
0.1132812 101221221100000221221101
0.1132812 101221221100000221121100
0.1132812 101221221000120221221100
0.1132812 101221220100102221221100
0.1132812 101221220100100221021100
0.1132812 101221212100100221221100
0.1132812 101221211100100221221120
0.1132812 101221210100100221221100
0.1132812 101021222100100221221100
0.1132812 101021221100100221221101
0.1132812 100222221110100221211100
0.1132812 100222221102100221221101
0.1132812 100222221102100220221100
0.1132812 100222221100102221221101
0.1132812 100222221100101021221100
0.1132812 100222221100100211221102
0.1132812 100222221100010221221100
0.1132812 100221222200101221221100
0.1132812 100221221210100221021100
0.1132812 100221221202100222221100
0.1132812 100221221200101221021100
0.1132812 100221221200100121221101
0.1132812 100221221200100121220100
0.1132812 100221221120200221221102
0.1132812 100221221120110221221101
0.1132812 100221221120100121221102
0.1132812 100221221120100021221102
0.1132812 100221221120020221221100
0.1132812 100221221110200201221100
0.1132812 100221221110102221220100
0.1132812 100221221110100212221100
0.1132812 100221221110100021221102
0.1132812 100221221110100021121100
0.1132812 100221221102120221221110
0.1132812 100221221102120221121100
0.1132812 100221221102100221220110
0.1132812 100221221102100221211110
0.1132812 100221221102100211221200
0.1132812 100221221102100111221100
0.1132812 100221221102100021220100
0.1132812 100221221102000221221101
0.1132812 100221221101102221211100
0.1132812 100221221101101201221100
0.1132812 100221221101100221220000
0.1132812 100221221101100121220100
0.1132812 100221221100210221221000
0.1132812 100221221100200222221120
0.1132812 100221221100200221121110
0.1132812 100221221100200021121100
0.1132812 100221221100120221212100
0.1132812 100221221100120221211101
0.1132812 100221221100112221221000
0.1132812 100221221100110221221202
0.1132812 100221221100110221221201
0.1132812 100221221100110221221002
0.1132812 100221221100110221212100
0.1132812 100221221100110201221102
0.1132812 100221221100102021221110
0.1132812 100221221100102021221101
0.1132812 100221221100101222201100
0.1132812 100221221100101221222110
0.1132812 100221221100101221220120
0.1132812 100221221100101021121100
0.1132812 100221221100100222220110
0.1132812 100221221100100222201200
0.1132812 100221221100100221220002
0.1132812 100221221100100221021210
0.1132812 100221221100100212201100
0.1132812 100221221100100211211200
0.1132812 100221221100100211101100
0.1132812 100221221100100211001100
0.1132812 100221221100100210211100
0.1132812 100221221100100201212100
0.1132812 100221221100100201201200
0.1132812 100221221100100121220200
0.1132812 100221221100100121220102
0.1132812 100221221100000222221200
0.1132812 100221221100000211021100
0.1132812 100221221100000121021100
0.1132812 100221221100000101221100
0.1132812 100221221010200221221100
0.1132812 100221221002100220221100
0.1132812 100221221001100221211100
0.1132812 100221221000120221221102
0.1132812 100221221000102221201100
0.1132812 100221221000101221221101
0.1132812 100221221000101221021100
0.1132812 100221221000100121221101
0.1132812 100221221000000220221100
0.1132812 100221220120120221221100
0.1132812 100221220102200221221100
0.1132812 100221220102100221221120
0.1132812 100221220102000221221100
0.1132812 100221220101110221221100
0.1132812 100221220101100221221120
0.1132812 100221220100100221121120
0.1132812 100221220100100021222100
0.1132812 100221220000100221201100
0.1132812 100221212100000221221100
0.1132812 100221211100120220221100
0.1132812 100221211100110211221100
0.1132812 100221211100100220221110
0.1132812 100221210100100221221101
0.1132812 100221202100100221221101
0.1132812 100221201101100220221100
0.1132812 100221201100100221001100
0.1132812 100221200100100211221100
0.1132812 100221121102101221221100
0.1132812 100221111100102221221100
0.1132812 100221111100101221221100
0.1132812 100221111100100221211100
0.1132812 100221021100102222221100
0.1132812 100221021100100201211100
0.1132812 100221011100102221221100
0.1132812 100221001100101221221100
0.1132812 100221001100000221221100
0.1132812 100220221120100021221100
0.1132812 100220221110100221220100
0.1132812 100220221100200221021100
0.1132812 100220221100102021221100
0.1132812 100220221100101021221100
0.1132812 100220221100100021221101
0.1132812 100220221100010221221100
0.1132812 100220221000101221221100
0.1132812 100220221000100221221102
0.1132812 100220221000100221220100
0.1132812 100220201100100221221102
0.1132812 100212221120100221221100
0.1132812 100211221110100221221200
0.1132812 100211221102100222221100
0.1132812 100211221100200221221102
0.1132812 100211221100110221221102
0.1132812 100211221100102221201100
0.1132812 100211221100100021201100
0.1132812 100211221000100221221101
0.1132812 100210221100200221221100
0.1132812 100210221100100221220100
0.1132812 100202221100110221221100
0.1132812 100202221100100221201100
0.1132812 100201221200100221221102
0.1132812 100201221200100021221100
0.1132812 100201221120100221021100
0.1132812 100201221110120221221100
0.1132812 100201221102100221221110
0.1132812 100201221100200221021100
0.1132812 100201221100010221221100
0.1132812 100201221000120221221100
0.1132812 100121221100100211221200
0.1132812 100121221100100211221120
0.1132812 100121221100100202221100
0.1132812 100121201100100221221120
0.1132812 100121201100100221221000
0.1132812 100121011100100221221100
0.1132812 100120221100100221121100
0.1132812 100111221120100221221100
0.1132812 100111221100100221021100
0.1132812 100101221100100220221100
0.1132812 100021221100210221221100
0.1132812 100021221100200222221100
0.1132812 100021221100120220221100
0.1132812 100021221100100201221200
0.1132812 100021221100000221221000
0.1132812 100021220000100221221100
0.1132812 100001221101100221221100
0.1132812 100001220100100221221100
0.1132812 020221221100100221221120
0.1132812 010221221100100211221100
0.1132812 010121221100100221221100
0.1132812 000221221220100221221100
0.1132812 000221221101110221221100
0.1132812 000221221100200222221100
0.1132812 000221221100120221211100
0.1132812 000221221100101221222100
0.1132812 000221221100100220201100
0.1132812 000221221100100121201100
0.1132812 000201021100100221221100
0.1132812 000121221101100221221100
0.1123047 210221221100100220221100
0.1123047 200222221100102221221100
0.1123047 200222221100100222221100
0.1123047 200221221120100021221100
0.1123047 200221221110100221220100
0.1123047 200221221110100021221100
0.1123047 200221221100110221211100
0.1123047 200221221100100221221020
0.1123047 200221221100100220201100
0.1123047 200221221100100211221120
0.1123047 200221111100100221221100
0.1123047 200221101100100221221100
0.1123047 200220121100100221221100
0.1123047 200021221100100221221000
0.1123047 120221221101100221221200
0.1123047 120221221100102121221100
0.1123047 120221221100100221211102
0.1123047 120221221100100221201102
0.1123047 120221221100100202221100
0.1123047 120221221100100001221100
0.1123047 120221221020100221221100
0.1123047 120220221200100221221100
0.1123047 120220221100101221221100
0.1123047 120220221100100221221101
0.1123047 110221221110100221220100
0.1123047 110221221102102221221100
0.1123047 110221221102100121221100
0.1123047 110221221101100021221100
0.1123047 110221221100120221221102
0.1123047 110221221100110221222100
0.1123047 110221221100100221020100
0.1123047 110221221100100211221120
0.1123047 110221221100100211220100
0.1123047 110221221100100021222100
0.1123047 110221221000101221221100
0.1123047 110221211100200221221100
0.1123047 102221222100100221222100
0.1123047 102221221102100221221110
0.1123047 102221221100110221221120
0.1123047 102221221100100222221110
0.1123047 102221221100100221212100
0.1123047 102221221100100220221110
0.1123047 102221221100100211221000
0.1123047 102221221100100210221100
0.1123047 102221221100020221221100
0.1123047 102221201100000221221100
0.1123047 102121221100110221221100
0.1123047 102121221100100220221100
0.1123047 102021221110100221221100
0.1123047 101222221100100221121100
0.1123047 101221221101200221221100
0.1123047 101221221100200221211100
0.1123047 101221221100110222221100
0.1123047 101221221100110221221101
0.1123047 101221221000200221221100
0.1123047 101221220100000221221100
0.1123047 101221201100100221221102
0.1123047 101221121102100221221100
0.1123047 101221111100100221221100
0.1123047 101201221102100221221100
0.1123047 101201201100100221221100
0.1123047 101021221102100221221100
0.1123047 101021221100100221211100
0.1123047 100222221210100221221100
0.1123047 100222221110100021221100
0.1123047 100222221100100121220100
0.1123047 100222221100100021221101
0.1123047 100222221020100221221100
0.1123047 100222221000101221221100
0.1123047 100222220100120221221100
0.1123047 100221222200200221221100
0.1123047 100221222200100021221100
0.1123047 100221222100200221021100
0.1123047 100221222100122221221100
0.1123047 100221222100110221201100
0.1123047 100221222100110021221100
0.1123047 100221222100100221221001
0.1123047 100221222100100101221100
0.1123047 100221221200200221021100
0.1123047 100221221200100221222000
0.1123047 100221221200100121201100
0.1123047 100221221200020221221100
0.1123047 100221221200010221221100
0.1123047 100221221120102221201100
0.1123047 100221221120101221211100
0.1123047 100221221111100221021100
0.1123047 100221221111000221221100
0.1123047 100221221110201221221100
0.1123047 100221221110100221222101
0.1123047 100221221110100221221210
0.1123047 100221221110100121221101
0.1123047 100221221110000222221100
0.1123047 100221221102200221221120
0.1123047 100221221102120221021100
0.1123047 100221221102110221221102
0.1123047 100221221102100220121100
0.1123047 100221221102100121222100
0.1123047 100221221101120221221102
0.1123047 100221221101102221221120
0.1123047 100221221101101220221100
0.1123047 100221221101100221222200
0.1123047 100221221101100221201102
0.1123047 100221221101100221021120
0.1123047 100221221101100201221000
0.1123047 100221221101100021221110
0.1123047 100221221101100020221100
0.1123047 100221221100201221211100
0.1123047 100221221100201221021100
0.1123047 100221221100200221211102
0.1123047 100221221100200221211101
0.1123047 100221221100200211221101
0.1123047 100221221100200211221000
0.1123047 100221221100200021021100
0.1123047 100221221100120222221110
0.1123047 100221221100120221121120
0.1123047 100221221100120201221200
0.1123047 100221221100111221221200
0.1123047 100221221100111221211100
0.1123047 100221221100110221222102
0.1123047 100221221100110221221210
0.1123047 100221221100110221220102
0.1123047 100221221100110221122100
0.1123047 100221221100110220221102
0.1123047 100221221100110202221100
0.1123047 100221221100110201221200
0.1123047 100221221100102221220101
0.1123047 100221221100102221201120
0.1123047 100221221100102220221110
0.1123047 100221221100102121221102
0.1123047 100221221100101222220100
0.1123047 100221221100101221020100
0.1123047 100221221100101201221110
0.1123047 100221221100100221201210
0.1123047 100221221100100221021010
0.1123047 100221221100100210021100
0.1123047 100221221100100202221000
0.1123047 100221221100100201021200
0.1123047 100221221100100111221200
0.1123047 100221221100002221121100
0.1123047 100221221100001221221102
0.1123047 100221221100000222211100
0.1123047 100221221100000221222000
0.1123047 100221221020120221221100
0.1123047 100221221010100221021100
0.1123047 100221221002100221211100
0.1123047 100221221001101221221100
0.1123047 100221221001100221201100
0.1123047 100221221000110121221100
0.1123047 100221221000102221021100
0.1123047 100221221000100221111100
0.1123047 100221220110000221221100
0.1123047 100221220102100220221100
0.1123047 100221220100200222221100
0.1123047 100221220100200201221100
0.1123047 100221220100100221021120
0.1123047 100221220100100220221110
0.1123047 100221220100000021221100
0.1123047 100221211102000221221100
0.1123047 100221211100110121221100
0.1123047 100221211100100211221110
0.1123047 100221211000200221221100
0.1123047 100221201102200221221100
0.1123047 100221201100120021221100
0.1123047 100221200100100221222100
0.1123047 100221121102100211221100
0.1123047 100221121101200221221100
0.1123047 100221121100100222221200
0.1123047 100221021102100221211100
0.1123047 100221021101100221201100
0.1123047 100221021100210221221100
0.1123047 100221021100100221121101
0.1123047 100221021100000221021100
0.1123047 100221011100100221222100
0.1123047 100220221200100221021100
0.1123047 100220221110102221221100
0.1123047 100220221100102121221100
0.1123047 100220221100100221222101
0.1123047 100220221100100221221010
0.1123047 100220221100100001221100
0.1123047 100220211100000221221100
0.1123047 100211221120100021221100
0.1123047 100211221110100201221100
0.1123047 100211221100200220221100
0.1123047 100211221100100221201102
0.1123047 100211221100100121201100
0.1123047 100211221000120221221100
0.1123047 100202221100100221220100
0.1123047 100201221120200221221100
0.1123047 100201221110102221221100
0.1123047 100201221102100221220100
0.1123047 100201221100110221021100
0.1123047 100201221100100221222101
0.1123047 100201221000100221121100
0.1123047 100201001100100221221100
0.1123047 100121221100100211221000
0.1123047 100121221100100201221110
0.1123047 100121221100000221221101
0.1123047 100121220100100221021100
0.1123047 100121201100110221221100
0.1123047 100121201100100201221100
0.1123047 100111221200100221221100
0.1123047 100111221100100221221102
0.1123047 100021222100100221221110
0.1123047 100021221220100221221100
0.1123047 100021221122100221221100
0.1123047 100021221100200221221000
0.1123047 100021221100120221221102
0.1123047 100021221100110221221102
0.1123047 100021221100100222221110
0.1123047 100021220100100221221110
0.1123047 100001221100100221211100
0.1123047 020221221100100221221200
0.1123047 010221221120100221221100
0.1123047 010221221100120221221100
0.1123047 010221221100100221221200
0.1123047 010221221100100221121100
0.1123047 002221221102100221221100
0.1123047 000221221100100222221110
0.1123047 000221221100100221221111
0.1123047 000221221100100211211100
0.1123047 000221221002100221221100
0.1123047 000221211100110221221100
0.1123047 000221200100100221221100
0.1123047 000221111100100221221100
0.1123047 000221021100120221221100
0.1123047 000220221100100201221100
0.1123047 000201221100100221211100
0.1123047 000021221100100221220100
0.1113281 210221221120100221221100
0.1113281 210221221100100021221100
0.1113281 210211221100100221221100
0.1113281 200222221100100221221200
0.1113281 200221221100100222221110
0.1113281 200221221100100221220110
0.1113281 200221221100100220220100
0.1113281 200221221100100121211100
0.1113281 200001221100100221221100
0.1113281 122221221100120221221100
0.1113281 120221221200101221221100
0.1113281 120221221102100121221100
0.1113281 120221221101102221221100
0.1113281 120221221100100221201101
0.1113281 120221221100100201222100
0.1113281 120221221100000221201100
0.1113281 120221221002100221221100
0.1113281 120221221000100221222100
0.1113281 120221121100100221221110
0.1113281 120220221100100221221110
0.1113281 120201221120100221221100
0.1113281 120021221101100221221100
0.1113281 111221221200100221221100
0.1113281 111221221100000221221100
0.1113281 110222221100100221121100
0.1113281 110221221120100021221100
0.1113281 110221221101102221221100
0.1113281 110221221101100121221100
0.1113281 110221221100200221220100
0.1113281 110221221100120221201100
0.1113281 110221221100110221221120
0.1113281 110221221100110221221102
0.1113281 110221221100102021221100
0.1113281 110221221100100222201100
0.1113281 110221221100100221121102
0.1113281 110221221100100220221200
0.1113281 110221221100100211221200
0.1113281 110221221100100211201100
0.1113281 110221221100100201222100
0.1113281 110221221100001221221100
0.1113281 110221221100000221220100
0.1113281 110221211100100221211100
0.1113281 110221201100100221201100
0.1113281 110221200100100221221100
0.1113281 110220221100102221221100
0.1113281 110220221100100221222100
0.1113281 110201221120100221221100
0.1113281 110121221100100221211100
0.1113281 102221221100200211221100
0.1113281 102221221100100221121120
0.1113281 102221221100100221021120
0.1113281 102221221100100211221120
0.1113281 102221221100100201221120
0.1113281 102221221100100201221110
0.1113281 102221221100010221221100
0.1113281 102221221000100021221100
0.1113281 102221211100100221021100
0.1113281 102221211100000221221100
0.1113281 102221021101100221221100
0.1113281 102201221100100221021100
0.1113281 102121221100100222221100
0.1113281 102021221101100221221100
0.1113281 102021221100100222221100
0.1113281 102021221100100201221100
0.1113281 101221222100100221221200
0.1113281 101221221100110221221200
0.1113281 101221221100100222221120
0.1113281 101221220100100221211100
0.1113281 101221201100100221221110
0.1113281 101221201100100220221100
0.1113281 101201221100100221121100
0.1113281 100222221200100221221102
0.1113281 100222221100101221021100
0.1113281 100222221100100221021120
0.1113281 100222221100100201221110
0.1113281 100222221100100021222100
0.1113281 100221222201100221221100
0.1113281 100221222100120221221102
0.1113281 100221222100110221221000
0.1113281 100221222100110121221100
0.1113281 100221222100100210221100
0.1113281 100221222100100001221100
0.1113281 100221222100000221121100
0.1113281 100221222000100221222100
0.1113281 100221221210110221221100
0.1113281 100221221200120221221101
0.1113281 100221221200102121221100
0.1113281 100221221200102021221100
0.1113281 100221221200100221221111
0.1113281 100221221200000221221102
0.1113281 100221221200000221221101
0.1113281 100221221120201221221100
0.1113281 100221221120200221021100
0.1113281 100221221120100221021102
0.1113281 100221221120000221221102
0.1113281 100221221110102221221102
0.1113281 100221221110100121221102
0.1113281 100221221110100021222100
0.1113281 100221221110100021220100
0.1113281 100221221102200221021100
0.1113281 100221221102110201221100
0.1113281 100221221102102221201100
0.1113281 100221221102100221212100
0.1113281 100221221102100221111100
0.1113281 100221221102100201221102
0.1113281 100221221102100021222100
0.1113281 100221221102010221221100
0.1113281 100221221102000221121100
0.1113281 100221221102000201221100
0.1113281 100221221101110221221120
0.1113281 100221221101102222221100
0.1113281 100221221101102220221100
0.1113281 100221221101010221221100
0.1113281 100221221101000221221102
0.1113281 100221221100210221201100
0.1113281 100221221100201221221102
0.1113281 100221221100200221221210
0.1113281 100221221100200221220000
0.1113281 100221221100120221221210
0.1113281 100221221100110221221001
0.1113281 100221221100110221211102
0.1113281 100221221100110221021200
0.1113281 100221221100110220021100
0.1113281 100221221100102221211120
0.1113281 100221221100101221122100
0.1113281 100221221100101221120100
0.1113281 100221221100100220021120
0.1113281 100221221100100202211100
0.1113281 100221221100100201021120
0.1113281 100221221100100121222101
0.1113281 100221221100100121120100
0.1113281 100221221100100021221210
0.1113281 100221221100100021211102
0.1113281 100221221100100021021102
0.1113281 100221221100010221221110
0.1113281 100221221100002021221100
0.1113281 100221221100000221220102
0.1113281 100221221020100221121100
0.1113281 100221221010100221222100
0.1113281 100221221001100221220100
0.1113281 100221221000110221221101
0.1113281 100221221000100221222200
0.1113281 100221221000100221210100
0.1113281 100221220110100221221101
0.1113281 100221220100110221221110
0.1113281 100221220100101121221100
0.1113281 100221211200120221221100
0.1113281 100221211102200221221100
0.1113281 100221201100200211221100
0.1113281 100221201100120221221000
0.1113281 100221201100120221021100
0.1113281 100221201100100220221200
0.1113281 100221201000100021221100
0.1113281 100221122200100221221100
0.1113281 100221121100102221201100
0.1113281 100221121100101221201100
0.1113281 100221121100100222221110
0.1113281 100221121100100220221120
0.1113281 100221121100100220221000
0.1113281 100221121100100220220100
0.1113281 100221121100100211221120
0.1113281 100221120100100201221100
0.1113281 100221021102110221221100
0.1113281 100221021101100221222100
0.1113281 100221021101100221221110
0.1113281 100221021100110222221100
0.1113281 100221021100100221222200
0.1113281 100221021100100221221210
0.1113281 100220221200200221221100
0.1113281 100220221110100221021100
0.1113281 100220221100110221121100
0.1113281 100220221100101221222100
0.1113281 100220221100100021211100
0.1113281 100220221000200221221100
0.1113281 100220211100100221221102
0.1113281 100220211100100221221101
0.1113281 100211221200100021221100
0.1113281 100211221110100221221120
0.1113281 100211221110100221221000
0.1113281 100211221100100021121100
0.1113281 100211220100100221221102
0.1113281 100202221100120221221100
0.1113281 100201221120100221222100
0.1113281 100201221100101221220100
0.1113281 100201221100100021221101
0.1113281 100201221100100021121100
0.1113281 100122221100100221121100
0.1113281 100121222200100221221100
0.1113281 100121221100200221221120
0.1113281 100111221100100221121100
0.1113281 100021222100110221221100
0.1113281 100021221101100221221110
0.1113281 100021221100100221021110
0.1113281 100021111100100221221100
0.1113281 100001221100100222221100
0.1113281 010221221100100222221100
0.1113281 010221221100100221221000
0.1113281 002221221100100221211100
0.1113281 001221221102100221221100
0.1113281 001221221100100221221120
0.1113281 001221221100100221211100
0.1113281 000221221102110221221100
0.1113281 000221221102101221221100
0.1113281 000221221102100221221102
0.1113281 000221221102100221221000
0.1113281 000221221101100121221100
0.1113281 000221221100100201220100
0.1113281 000221220101100221221100
0.1113281 000221021100102221221100
0.1113281 000221021000100221221100
0.1103516 220221221100100221121100
0.1103516 210221221100102221221100
0.1103516 210201221100100221221100
0.1103516 200221221100100221211200
0.1103516 200221221100100220221120
0.1103516 200221221100100220211100
0.1103516 200221221020100221221100
0.1103516 200221121100100221222100
0.1103516 200211221100100221220100
0.1103516 200211221100100221211100
0.1103516 200121221101100221221100
0.1103516 122221221100100221221102
0.1103516 120221221110100221211100
0.1103516 120221221102100021221100
0.1103516 120221221101100221221000
0.1103516 120221221100220221221100
0.1103516 120221221100101021221100
0.1103516 120221221100100222220100
0.1103516 120221221100100221221210
0.1103516 120221221100100221221010
0.1103516 120221221100100220221200
0.1103516 120221221100100201021100
0.1103516 120221121100102221221100
0.1103516 120221021100100221221120
0.1103516 120220221120100221221100
0.1103516 120220221110100221221100
0.1103516 120201221000100221221100
0.1103516 120121221100100221221120
0.1103516 110221222000100221221100
0.1103516 110221221110100221221101
0.1103516 110221221102120221221100
0.1103516 110221221100101220221100
0.1103516 110221221100100222221110
0.1103516 110221221100100221221210
0.1103516 110221221100100221220102
0.1103516 110221221001100221221100
0.1103516 110221220100100221220100
0.1103516 110221201100200221221100
0.1103516 110221121100100221220100
0.1103516 110220221100100121221100
0.1103516 110220221000100221221100
0.1103516 110210221100100221221100
0.1103516 102221221102100221211100
0.1103516 102221221101100221221110
0.1103516 102221221101100221211100
0.1103516 102221221100120221221101
0.1103516 102221221100101221220100
0.1103516 102221221100100222221120
0.1103516 102221221100100221221210
0.1103516 102221221100100221210100
0.1103516 102221221100100221121000
0.1103516 102221221100100221021102
0.1103516 102221221100100201221000
0.1103516 102221221100000221221000
0.1103516 102221221100000221121100
0.1103516 102221220100100221221110
0.1103516 102221201102100221221100
0.1103516 102121221100200221221100
0.1103516 102121221100100201221100
0.1103516 101222222100100221221100
0.1103516 101222221100100221021100
0.1103516 101221222110100221221100
0.1103516 101221222100000221221100
0.1103516 101221221110200221221100
0.1103516 101221221102120221221100
0.1103516 101221221100120221211100
0.1103516 101221221100101221222100
0.1103516 101221221100101221220100
0.1103516 101221221100100221211120
0.1103516 101221221100100221121120
0.1103516 101221221100100212221100
0.1103516 101221221100100021221000
0.1103516 101221221100000220221100
0.1103516 101221220100100221121100
0.1103516 101221220100100201221100
0.1103516 101221121100100221221200
0.1103516 101221021100110221221100
0.1103516 101221021100100221221120
0.1103516 101220221100110221221100
0.1103516 100222221101100221221101
0.1103516 100222211100110221221100
0.1103516 100222011100100221221100
0.1103516 100222001100100221221100
0.1103516 100221222102110221221100
0.1103516 100221222100000221221102
0.1103516 100221222000100211221100
0.1103516 100221221220100221221000
0.1103516 100221221210100221220100
0.1103516 100221221202100021221100
0.1103516 100221221200210221221100
0.1103516 100221221200100221220200
0.1103516 100221221120200211221100
0.1103516 100221221120120221121100
0.1103516 100221221120120221021100
0.1103516 100221221120100221221121
0.1103516 100221221120100121222100
0.1103516 100221221120100121211100
0.1103516 100221221120100021222100
0.1103516 100221221120100021211100
0.1103516 100221221110100221212100
0.1103516 100221221110100202221100
0.1103516 100221221102200211221100
0.1103516 100221221102120221221120
0.1103516 100221221102102221221120
0.1103516 100221221102100221211200
0.1103516 100221221102100021221110
0.1103516 100221221101101221222100
0.1103516 100221221101100222021100
0.1103516 100221221101100221220120
0.1103516 100221221101100220222100
0.1103516 100221221101000201221100
0.1103516 100221221100210221220100
0.1103516 100221221100201221201100
0.1103516 100221221100200222221200
0.1103516 100221221100200221021000
0.1103516 100221221100120222221102
0.1103516 100221221100120211221200
0.1103516 100221221100110221222101
0.1103516 100221221100110221111100
0.1103516 100221221100110201221110
0.1103516 100221221100102221021102
0.1103516 100221221100102220211100
0.1103516 100221221100102220201100
0.1103516 100221221100102211211100
0.1103516 100221221100102211201100
0.1103516 100221221100102121221110
0.1103516 100221221100102020221100
0.1103516 100221221100101222221110
0.1103516 100221221100101221221210
0.1103516 100221221100101221220101
0.1103516 100221221100101220222100
0.1103516 100221221100101021221120
0.1103516 100221221100100222021101
0.1103516 100221221100100221210102
0.1103516 100221221100100220220120
0.1103516 100221221100100220201102
0.1103516 100221221100100211201102
0.1103516 100221221100100211121110
0.1103516 100221221100100211021101
0.1103516 100221221100100201111100
0.1103516 100221221100100201021110
0.1103516 100221221100100122201100
0.1103516 100221221100100120222100
0.1103516 100221221100100021221010
0.1103516 100221221100100021220110
0.1103516 100221221100100020211100
0.1103516 100221221100020021221100
0.1103516 100221221100010021221100
0.1103516 100221221100001221211100
0.1103516 100221221100000221211102
0.1103516 100221221100000201221110
0.1103516 100221221001100222221100
0.1103516 100221221000210221221100
0.1103516 100221221000120221021100
0.1103516 100221221000101221121100
0.1103516 100221221000101220221100
0.1103516 100221221000100221221111
0.1103516 100221221000100111221100
0.1103516 100221220110100021221100
0.1103516 100221220102100211221100
0.1103516 100221220100120221221000
0.1103516 100221220100120221211100
0.1103516 100221220100120201221100
0.1103516 100221220100110222221100
0.1103516 100221220100101221220100
0.1103516 100221220100100221221010
0.1103516 100221211102120221221100
0.1103516 100221211101100222221100
0.1103516 100221211100200221221110
0.1103516 100221211000100021221100
0.1103516 100221210100100221221102
0.1103516 100221201102110221221100
0.1103516 100221201101120221221100
0.1103516 100221201100100221221001
0.1103516 100221201100100221220000
0.1103516 100221201100100221021102
0.1103516 100221201100100001221100
0.1103516 100221201100002221221100
0.1103516 100221200100100221221110
0.1103516 100221200100100221211100
0.1103516 100221121102000221221100
0.1103516 100221121100120220221100
0.1103516 100221121100100221101100
0.1103516 100221121100100220221110
0.1103516 100221120102100221221100
0.1103516 100221111100100221021100
0.1103516 100221101100100221221101
0.1103516 100221101100100221121100
0.1103516 100221021101100021221100
0.1103516 100221021100100201221110
0.1103516 100220221120102221221100
0.1103516 100220221110100221222100
0.1103516 100220221100201221221100
0.1103516 100220221100101221121100
0.1103516 100220221100100221222102
0.1103516 100220221100100221221201
0.1103516 100220221100100221202100
0.1103516 100220221100001221221100
0.1103516 100220221000102221221100
0.1103516 100220121101100221221100
0.1103516 100211221100120021221100
0.1103516 100211221100101221221102
0.1103516 100211221100101021221100
0.1103516 100211220100120221221100
0.1103516 100211121101100221221100
0.1103516 100210221102100221221100
0.1103516 100210201100100221221100
0.1103516 100202221100101221221100
0.1103516 100201221200110221221100
0.1103516 100201221120100211221100
0.1103516 100201221100120221021100
0.1103516 100201221100102021221100
0.1103516 100201221000100221220100
0.1103516 100200221100100221221200
0.1103516 100122221100100221221101
0.1103516 100121222100200221221100
0.1103516 100121222100110221221100
0.1103516 100121221100120221221101
0.1103516 100121221100100222221110
0.1103516 100121221100100221221001
0.1103516 100121221100100221121000
0.1103516 100121221100100221021120
0.1103516 100121221100100201221120
0.1103516 100121221100100201221000
0.1103516 100121220100100221221200
0.1103516 100120221100100221221101
0.1103516 100112221100100221221100
0.1103516 100111221100100221221200
0.1103516 100111211100100221221100
0.1103516 100101221100101221221100
0.1103516 100021222100100221221120
0.1103516 100021221110100221221000
0.1103516 100021221102100221221000
0.1103516 100021221102100201221100
0.1103516 100021221100100221201000
0.1103516 100021221100000221021100
0.1103516 100021220100100221221120
0.1103516 100020221110100221221100
0.1103516 100011221100100221222100
0.1103516 020221221100100221021100
0.1103516 020221221100100121221100
0.1103516 000221221110100221201100
0.1103516 000221221102120221221100
0.1103516 000221221102100221220100
0.1103516 000221221101100221221102
0.1103516 000221221100200221211100
0.1103516 000221221100100221221210
0.1103516 000221221100100221211102
0.1103516 000221221100100201201100
0.1103516 000221221100100021201100
0.1103516 000221220102100221221100
0.1103516 000221020100100221221100
0.1103516 000121221102100221221100
0.1103516 000020221100100221221100
0.109375 210221221100100221221200
0.109375 201221221100100221221120
0.109375 200222221200100221221100
0.109375 200221221120100121221100
0.109375 200221221110100201221100
0.109375 200221221101100121221100
0.109375 200221221100110221220100
0.109375 200221221100110221201100
0.109375 200221221100100221211102
0.109375 200221221100100220221200
0.109375 200221221100100211220100
0.109375 200221221100100210221100
0.109375 200221221010100221221100
0.109375 200221221000100121221100
0.109375 200221220200100221221100
0.109375 200221021102100221221100
0.109375 200201221102100221221100
0.109375 120221221120100021221100
0.109375 120221221100102021221100
0.109375 120221221100101220221100
0.109375 120221221100101201221100
0.109375 120221221100100221222200
0.109375 120221221100100221221111
0.109375 120221221100100221211101
0.109375 120221221000100221211100
0.109375 110222221100100221220100
0.109375 110222221100100221201100
0.109375 110221221120102221221100
0.109375 110221221100120221121100
0.109375 110221221100102220221100
0.109375 110221221100101201221100
0.109375 110221221100100221221111
0.109375 110221221100100221201120
0.109375 110221221100100220221000
0.109375 110221221100000221121100
0.109375 110221121100101221221100
0.109375 110221121100100221221110
0.109375 110221021100100220221100
0.109375 110021221102100221221100
0.109375 102221222120100221221100
0.109375 102221222100102221221100
0.109375 102221221102100201221100
0.109375 102221221101100201221100
0.109375 102221221100200201221100
0.109375 102221221100110222221100
0.109375 102221221100110221221101
0.109375 102221221100100220021100
0.109375 102221220100100222221100
0.109375 102221211100100221221120
0.109375 102221201100100221021100
0.109375 102221121100100222221100
0.109375 102221020100100221221100
0.109375 102220221100100221221101
0.109375 102201221100100221221102
0.109375 102121221100120221221100
0.109375 102121221100100221221200
0.109375 102022221100100221221100
0.109375 102021221100120221221100
0.109375 102021221100110221221100
0.109375 101222221100200221221100
0.109375 101221221110100221221000
0.109375 101221221101110221221100
0.109375 101221221100110221221110
0.109375 101221221100110221121100
0.109375 101221221100100221221201
0.109375 101221221020100221221100
0.109375 101221220100100021221100
0.109375 101221121100100221221000
0.109375 101201221120100221221100
0.109375 101201221100200221221100
0.109375 101201221100100221221110
0.109375 101201220100100221221100
0.109375 101021221100100221222100
0.109375 100222221122100221221100
0.109375 100222221110101221221100
0.109375 100222221101100221221120
0.109375 100222221100201221221100
0.109375 100222221100110221121100
0.109375 100222221100100221221201
0.109375 100222221100100221121120
0.109375 100222201100100221221101
0.109375 100221222200100221121100
0.109375 100221222101100221221120
0.109375 100221222100110221221200
0.109375 100221222100110201221100
0.109375 100221222100102221222100
0.109375 100221221200200021221100
0.109375 100221221200100221021102
0.109375 100221221120120221220100
0.109375 100221221120120021221100
0.109375 100221221111100221121100
0.109375 100221221110110221201100
0.109375 100221221110100220221120
0.109375 100221221110100201221102
0.109375 100221221110001221221100
0.109375 100221221102200221221102
0.109375 100221221102200221221101
0.109375 100221221102100221202100
0.109375 100221221101120221021100
0.109375 100221221101102121221100
0.109375 100221221101100221202100
0.109375 100221221101100221201110
0.109375 100221221101100201221102
0.109375 100221221101100121222100
0.109375 100221221101100120221100
0.109375 100221221101100021221120
0.109375 100221221100200221201101
0.109375 100221221100120221202100
0.109375 100221221100120021221102
0.109375 100221221100120021221101
0.109375 100221221100110222221102
0.109375 100221221100110221221010
0.109375 100221221100110211221120
0.109375 100221221100110211221102
0.109375 100221221100110021222100
0.109375 100221221100102221220110
0.109375 100221221100101221121102
0.109375 100221221100101121221200
0.109375 100221221100100222021110
0.109375 100221221100100221210101
0.109375 100221221100100221122200
0.109375 100221221100100221020102
0.109375 100221221100100221020000
0.109375 100221221100100201201120
0.109375 100221221100100201201110
0.109375 100221221100100121222110
0.109375 100221221100100111121100
0.109375 100221221100100021222110
0.109375 100221221100100021222101
0.109375 100221221100010221211100
0.109375 100221221100002220221100
0.109375 100221221100000221221002
0.109375 100221221100000221220000
0.109375 100221221100000221121000
0.109375 100221221100000211221102
0.109375 100221221100000121221102
0.109375 100221221100000021221101
0.109375 100221221020100221221102
0.109375 100221221020100221201100
0.109375 100221221001120221221100
0.109375 100221221001100201221100
0.109375 100221221000200221221102
0.109375 100221221000101221221102
0.109375 100221221000100121221102
0.109375 100221221000100021221120
0.109375 100221220200100221221120
0.109375 100221220100120221221200
0.109375 100221220100110201221100
0.109375 100221211100110221221200
0.109375 100221211100110221220100
0.109375 100221211100100221221020
0.109375 100221210100100221021100
0.109375 100221201100101221222100
0.109375 100221201100100220221000
0.109375 100221121100100212221100
0.109375 100221120100100220221100
0.109375 100221120000100221221100
0.109375 100221021100120221211100
0.109375 100221021100110220221100
0.109375 100221021100100220221120
0.109375 100221021100100121201100
0.109375 100221020101100221221100
0.109375 100221001100100221221120
0.109375 100220221200100221201100
0.109375 100220221200100121221100
0.109375 100220221120100221021100
0.109375 100220221110110221221100
0.109375 100220221102100221221110
0.109375 100220221102100220221100
0.109375 100220221100100201221110
0.109375 100220221100100121222100
0.109375 100220220100110221221100
0.109375 100212221200100221221100
0.109375 100211221200120221221100
0.109375 100211221200101221221100
0.109375 100211221100200221121100
0.109375 100211221100120221221101
0.109375 100211221100100221220102
0.109375 100211211100110221221100
0.109375 100210221100120221221100
0.109375 100210221100100221222100
0.109375 100210221100100121221100
0.109375 100202221100100221222100
0.109375 100202221100100221221110
0.109375 100201221110000221221100
0.109375 100201221102100221201100
0.109375 100201221100120221211100
0.109375 100201221100100021221102
0.109375 100201221100100021211100
0.109375 100201221000200221221100
0.109375 100201201100200221221100
0.109375 100201201100120221221100
0.109375 100200121100100221221100
0.109375 100121221122100221221100
0.109375 100121221102100221221120
0.109375 100121221102100211221100
0.109375 100121221100200221221102
0.109375 100121221100200221121100
0.109375 100121221100102221222100
0.109375 100121221100100222221000
0.109375 100121221100100221121120
0.109375 100121220100100221221110
0.109375 100121220100100221221102
0.109375 100121220100000221221100
0.109375 100121201100200221221100
0.109375 100022221100100221221101
0.109375 100021221102100220221100
0.109375 100021220100200221221100
0.109375 100021220100110221221100
0.109375 100020221100100221221000
0.109375 010221221100100021221100
0.109375 010221220100100221221100
0.109375 002021221100100221221100
0.109375 001221221100100221221200
0.109375 000221221120100221211100
0.109375 000221221101100221220100
0.109375 000221221101100221021100
0.109375 000221221101100021221100
0.109375 000221221100100222221120
0.109375 000221221100100221221112
0.109375 000221221100100201221120
0.109375 000221021100110221221100
0.109375 000220221100100220221100
0.109375 000220211100100221221100
0.109375 000121021100100221221100
0.1083984 202221221100100221211100
0.1083984 200222221100200221221100
0.1083984 200222221100101221221100
0.1083984 200222221100100021221100
0.1083984 200221221100100221222200
0.1083984 200221221100100221201101
0.1083984 200221221100100211211100
0.1083984 200221221100100211201100
0.1083984 200221221100100201220100
0.1083984 200211221000100221221100
0.1083984 200201221000100221221100
0.1083984 200021221101100221221100
0.1083984 120221221120100221222100
0.1083984 120221221120100221211100
0.1083984 120221221100110221222100
0.1083984 120221221100110221021100
0.1083984 120221221100102201221100
0.1083984 120221221100100221201120
0.1083984 120221121100101221221100
0.1083984 120221121100100221222100
0.1083984 120220221100100221021100
0.1083984 110222221110100221221100
0.1083984 110221222100100221211100
0.1083984 110221221110100221222100
0.1083984 110221221101110221221100
0.1083984 110221221101100221221200
0.1083984 110221221100200221201100
0.1083984 110221221100120220221100
0.1083984 110221221100110221201100
0.1083984 110221221100110220221100
0.1083984 110221221100100222220100
0.1083984 110221221100100220221110
0.1083984 110221221100100021220100
0.1083984 110221221100000220221100
0.1083984 110221221000100221220100
0.1083984 110221221000100221201100
0.1083984 110221220100100221201100
0.1083984 110221021100100221221120
0.1083984 110220221200100221221100
0.1083984 110220221100100221021100
0.1083984 110220221100100021221100
0.1083984 110211221100100221201100
0.1083984 110021221100100221221200
0.1083984 102221222100100021221100
0.1083984 102221221100120221211100
0.1083984 102221221100120221021100
0.1083984 102221221100100221021000
0.1083984 102221221100100121222100
0.1083984 102221221010100221221100
0.1083984 102221201100100221221110
0.1083984 102202221100100221221100
0.1083984 102121221110100221221100
0.1083984 102121221102100221221100
0.1083984 102121221100100221121100
0.1083984 102120221100100221221100
0.1083984 102021221100100221221200
0.1083984 102021221100100211221100
0.1083984 101221221120100221121100
0.1083984 101221221120100021221100
0.1083984 101221221102110221221100
0.1083984 101221221100120201221100
0.1083984 101221221100100221211200
0.1083984 101221221100100221211101
0.1083984 101221221100100221021120
0.1083984 101221221100100201211100
0.1083984 101221221100100021222100
0.1083984 101221221100000221221102
0.1083984 101221221010100221221100
0.1083984 101221220100100221221102
0.1083984 101221201100102221221100
0.1083984 101221201100100222221100
0.1083984 101221201100100201221100
0.1083984 101221021100200221221100
0.1083984 101221021100100201221100
0.1083984 101211221120100221221100
0.1083984 101201221100110221221100
0.1083984 101201221100100221222100
0.1083984 101201221100100221211100
0.1083984 101022221100100221221100
0.1083984 101021221100200221221100
0.1083984 101021221100110221221100
0.1083984 101021221100100221221102
0.1083984 100222221200100221021100
0.1083984 100222221120120221221100
0.1083984 100222221120000221221100
0.1083984 100222221100102221201100
0.1083984 100222221100101221222100
0.1083984 100222221100101221220100
0.1083984 100222221100101221201100
0.1083984 100222221100101221121100
0.1083984 100222221100100221021110
0.1083984 100222221100100201221120
0.1083984 100222221100100121201100
0.1083984 100222221100100101221100
0.1083984 100222220100100221221101
0.1083984 100222220100100221021100
0.1083984 100221222102120221221100
0.1083984 100221222100200221221000
0.1083984 100221222100120221221000
0.1083984 100221222100100221111100
0.1083984 100221222100100201221120
0.1083984 100221221220100222221100
0.1083984 100221221200120221221102
0.1083984 100221221200110021221100
0.1083984 100221221200101221201100
0.1083984 100221221200001221221100
0.1083984 100221221122100221221120
0.1083984 100221221122100221221000
0.1083984 100221221120100221212100
0.1083984 100221221120010221221100
0.1083984 100221221110101221211100
0.1083984 100221221110100121211100
0.1083984 100221221110100121121100
0.1083984 100221221102110221221110
0.1083984 100221221102110221220100
0.1083984 100221221102110221211100
0.1083984 100221221102100221222110
0.1083984 100221221102100221021120
0.1083984 100221221102100120221100
0.1083984 100221221101110221220100
0.1083984 100221221101100222221102
0.1083984 100221221101100222220100
0.1083984 100221221101100221222110
0.1083984 100221221101100211220100
0.1083984 100221221101100021211100
0.1083984 100221221100202221221101
0.1083984 100221221100200221220101
0.1083984 100221221100200201221101
0.1083984 100221221100200201211100
0.1083984 100221221100200122221100
0.1083984 100221221100200021211100
0.1083984 100221221100120221220102
0.1083984 100221221100120220211100
0.1083984 100221221100120021222100
0.1083984 100221221100110220211100
0.1083984 100221221100102201221120
0.1083984 100221221100102121121100
0.1083984 100221221100101220221120
0.1083984 100221221100100222021120
0.1083984 100221221100100221222111
0.1083984 100221221100100221212110
0.1083984 100221221100100221211010
0.1083984 100221221100100221122102
0.1083984 100221221100100220222110
0.1083984 100221221100100220211000
0.1083984 100221221100100211202100
0.1083984 100221221100100211201200
0.1083984 100221221100100211121101
0.1083984 100221221100100201211110
0.1083984 100221221100100120221000
0.1083984 100221221100100021220102
0.1083984 100221221100100021220101
0.1083984 100221221100010221221120
0.1083984 100221221100002221221102
0.1083984 100221221100002221221101
0.1083984 100221221100002221211100
0.1083984 100221221100000221210100
0.1083984 100221221100000221121120
0.1083984 100221221100000221120100
0.1083984 100221221100000201221102
0.1083984 100221221100000020221100
0.1083984 100221221020100221222100
0.1083984 100221221010120221221100
0.1083984 100221221010000221221100
0.1083984 100221221002120221221100
0.1083984 100221221002100221220100
0.1083984 100221221000100210221100
0.1083984 100221221000100121211100
0.1083984 100221220102100221221110
0.1083984 100221220101100222221100
0.1083984 100221220100100221222200
0.1083984 100221220100100221221001
0.1083984 100221220100100210221100
0.1083984 100221212100100221221102
0.1083984 100221211101100220221100
0.1083984 100221211100120221221120
0.1083984 100221211100120211221100
0.1083984 100221211100120201221100
0.1083984 100221211100100011221100
0.1083984 100221210100100221121100
0.1083984 100221210100100021221100
0.1083984 100221201100202221221100
0.1083984 100221201100120221211100
0.1083984 100221201100120220221100
0.1083984 100221201100110222221100
0.1083984 100221201100110221121100
0.1083984 100221201100100211221120
0.1083984 100221121100102221220100
0.1083984 100221121100100222221000
0.1083984 100221121100100221220000
0.1083984 100221111100100221221000
0.1083984 100221101100100121221100
0.1083984 100221021102100221221110
0.1083984 100221021101110221221100
0.1083984 100221021101100221220100
0.1083984 100221021100200221021100
0.1083984 100221021100100201221120
0.1083984 100221011100100221221200
0.1083984 100221001100100221222100
0.1083984 100220222100110221221100
0.1083984 100220222100100221221102
0.1083984 100220222100100221221101
0.1083984 100220221200102221221100
0.1083984 100220221120100121221100
0.1083984 100220221100102221220100
0.1083984 100220221100100222221101
0.1083984 100220221100100221210100
0.1083984 100220221000120221221100
0.1083984 100220221000100221222100
0.1083984 100220220100000221221100
0.1083984 100211221102100220221100
0.1083984 100211221100210221221100
0.1083984 100211221100100101221100
0.1083984 100211221000100221121100
0.1083984 100211201100120221221100
0.1083984 100202201100100221221100
0.1083984 100201222100100221221101
0.1083984 100201221120100221211100
0.1083984 100201221102110221221100
0.1083984 100201221102100221221101
0.1083984 100201221100101221222100
0.1083984 100201221100100101221100
0.1083984 100201221000100221221102
0.1083984 100201221000100121221100
0.1083984 100201220100200221221100
0.1083984 100121222100100221221120
0.1083984 100121221110100221221102
0.1083984 100121221101120221221100
0.1083984 100121221100110220221100
0.1083984 100121221100100221221002
0.1083984 100121221100100121221100
0.1083984 100121221100000221221102
0.1083984 100121220100100221221101
0.1083984 100121111100100221221100
0.1083984 100111221100100221221000
0.1083984 100021222100120221221100
0.1083984 100021221102100221221120
0.1083984 100021221101120221221100
0.1083984 100021221101100201221100
0.1083984 100021220100100221221200
0.1083984 100021211100100221221000
0.1083984 100021021101100221221100
0.1083984 020221221100102221221100
0.1083984 020221221100100221221102
0.1083984 020221221100100221221101
0.1083984 010221221100100221021100
0.1083984 002221221101100221221100
0.1083984 001221221100100221221000
0.1083984 000221221102100221221200
0.1083984 000221221102100221121100
0.1083984 000221221101100211221100
0.1083984 000221221100220221221100
0.1083984 000221221100102221211100
0.1083984 000221221100100222211100
0.1083984 000221121100100221220100
0.1083984 000220221100101221221100
0.1083984 000211021100100221221100
0.1083984 000021021100100221221100
0.1074219 200222221120100221221100
0.1074219 200221221110100221222100
0.1074219 200221221110100221221102
0.1074219 200221221100200221211100
0.1074219 200221221100122221221100
0.1074219 200221221100100220221000
0.1074219 200221221100100201221110
0.1074219 200221221000102221221100
0.1074219 200221221000100221211100
0.1074219 200221221000100221201100
0.1074219 200221211100110221221100
0.1074219 200221121100100220221100
0.1074219 200221021100100221221120
0.1074219 200211221102100221221100
0.1074219 200021221100100221221120
0.1074219 122221221110100221221100
0.1074219 121221221100101221221100
0.1074219 120221221110101221221100
0.1074219 120221221100010221221100
0.1074219 120221221100000221220100
0.1074219 120221221100000221121100
0.1074219 120220221102100221221100
0.1074219 120202221100100221221100
0.1074219 120021221102100221221100
0.1074219 110221221120100221221101
0.1074219 110221221110102221221100
0.1074219 110221221101100221221110
0.1074219 110221221100100221120100
0.1074219 110221221100100221022100
0.1074219 110221221100100221021101
0.1074219 110221221100100201221110
0.1074219 110221220102100221221100
0.1074219 110221201100100221220100
0.1074219 110221121100102221221100
0.1074219 110221111100100221221100
0.1074219 110202221100100221221100
0.1074219 110201221100100221221101
0.1074219 102222221100100221021100
0.1074219 102221221102100221220100
0.1074219 102221221101200221221100
0.1074219 102221221101100221220100
0.1074219 102221221100200221211100
0.1074219 102221221100120220221100
0.1074219 102221221100110221221110
0.1074219 102221221100110221211100
0.1074219 102221221100100221211120
0.1074219 102221221100100221211101
0.1074219 102221221100100221202100
0.1074219 102221221100100220220100
0.1074219 102221221100100220201100
0.1074219 102221221100000221221101
0.1074219 102221221020100221221100
0.1074219 102221220120100221221100
0.1074219 102221211100100221221102
0.1074219 102221121102100221221100
0.1074219 102221120100100221221100
0.1074219 102221021100100222221100
0.1074219 102221021100100221221000
0.1074219 102220221100100221221000
0.1074219 102220220100100221221100
0.1074219 102220211100100221221100
0.1074219 102201221100110221221100
0.1074219 102021221100200221221100
0.1074219 102021221100100221220100
0.1074219 102021221100100221211100
0.1074219 101222221120100221221100
0.1074219 101221222100100221021100
0.1074219 101221221200100021221100
0.1074219 101221221102000221221100
0.1074219 101221221100200201221100
0.1074219 101221221100100221221002
0.1074219 101221221100100221212100
0.1074219 101221221100100221201120
0.1074219 101221221100100220211100
0.1074219 101221201102100221221100
0.1074219 101221201100100211221100
0.1074219 101221122100100221221100
0.1074219 101220221100100221221000
0.1074219 101121221100100221201100
0.1074219 100222221102100221221110
0.1074219 100222221101100221221110
0.1074219 100222221100110221021100
0.1074219 100222221100102221021100
0.1074219 100222221100100221202100
0.1074219 100222221100100221122100
0.1074219 100222221100100021201100
0.1074219 100222221100100021121100
0.1074219 100222201100000221221100
0.1074219 100221222110100221221101
0.1074219 100221222102100222221100
0.1074219 100221222101110221221100
0.1074219 100221222100200221221120
0.1074219 100221222100110221121100
0.1074219 100221221200100121222100
0.1074219 100221221200000221121100
0.1074219 100221221122110221221100
0.1074219 100221221120100121221110
0.1074219 100221221120100121021100
0.1074219 100221221120001221221100
0.1074219 100221221120000220221100
0.1074219 100221221111100221221101
0.1074219 100221221111100121221100
0.1074219 100221221110101201221100
0.1074219 100221221110100221221001
0.1074219 100221221110100221220000
0.1074219 100221221110100220201100
0.1074219 100221221110100201221200
0.1074219 100221221110100201201100
0.1074219 100221221102102221021100
0.1074219 100221221102100221220120
0.1074219 100221221102100221211101
0.1074219 100221221102100211221000
0.1074219 100221221102100021221200
0.1074219 100221221101120222221100
0.1074219 100221221101100222221101
0.1074219 100221221101100222201100
0.1074219 100221221101100221021102
0.1074219 100221221101100121211100
0.1074219 100221221101100111221100
0.1074219 100221221100210221221200
0.1074219 100221221100202221121100
0.1074219 100221221100200222201100
0.1074219 100221221100200221221002
0.1074219 100221221100200021221102
0.1074219 100221221100120222221101
0.1074219 100221221100120221222102
0.1074219 100221221100120221221201
0.1074219 100221221100120221221010
0.1074219 100221221100120120221100
0.1074219 100221221100110222221200
0.1074219 100221221100110221021110
0.1074219 100221221100110201021100
0.1074219 100221221100110121221101
0.1074219 100221221100102201221200
0.1074219 100221221100102201221110
0.1074219 100221221100102121221101
0.1074219 100221221100101222222100
0.1074219 100221221100101221221001
0.1074219 100221221100101221021102
0.1074219 100221221100101211221120
0.1074219 100221221100101201221102
0.1074219 100221221100100222201101
0.1074219 100221221100100221202120
0.1074219 100221221100100221201010
0.1074219 100221221100100220211110
0.1074219 100221221100100211021120
0.1074219 100221221100100201021101
0.1074219 100221221100100121111100
0.1074219 100221221100100021220000
0.1074219 100221221100100020222100
0.1074219 100221221100020221221000
0.1074219 100221221100002221201100
0.1074219 100221221100000201221120
0.1074219 100221221100000021221102
0.1074219 100221221020100221211100
0.1074219 100221221002102221221100
0.1074219 100221221000110221221102
0.1074219 100221221000110221220100
0.1074219 100221221000102221121100
0.1074219 100221221000101221211100
0.1074219 100221221000100221221122
0.1074219 100221221000100220221200
0.1074219 100221221000100220221120
0.1074219 100221221000100220221110
0.1074219 100221221000100121121100
0.1074219 100221221000100120221100
0.1074219 100221220120110221221100
0.1074219 100221220120100221221101
0.1074219 100221220100200211221100
0.1074219 100221220100110221221000
0.1074219 100221220100110221211100
0.1074219 100221220100100211221000
0.1074219 100221220100000221221120
0.1074219 100221211220100221221100
0.1074219 100221211120200221221100
0.1074219 100221211100120222221100
0.1074219 100221211100100210221100
0.1074219 100221211100000221221110
0.1074219 100221210110100221221100
0.1074219 100221201120100221221101
0.1074219 100221201102100201221100
0.1074219 100221201100100222221000
0.1074219 100221201100100221220200
0.1074219 100221201100100221200100
0.1074219 100221201100100220221110
0.1074219 100221201100100210221100
0.1074219 100221200100100121221100
0.1074219 100221121102200221221100
0.1074219 100221121100110220221100
0.1074219 100221121100102220221100
0.1074219 100221121100101222221100
0.1074219 100221121100100222201100
0.1074219 100221121100100221202100
0.1074219 100221121100100220211100
0.1074219 100221121100100220201100
0.1074219 100221121100100201220100
0.1074219 100221121100020221221100
0.1074219 100221121002100221221100
0.1074219 100221111100100221221120
0.1074219 100221111100100221220100
0.1074219 100221021100120220221100
0.1074219 100221021100102221201100
0.1074219 100221021100101222221100
0.1074219 100221021100100221212100
0.1074219 100221021100100221211120
0.1074219 100221021100100221202100
0.1074219 100221021000100021221100
0.1074219 100221001110100221221100
0.1074219 100221001100100221220100
0.1074219 100220221120100221220100
0.1074219 100220221120000221221100
0.1074219 100220221110100221221110
0.1074219 100220221102100221220100
0.1074219 100220221100200021221100
0.1074219 100220221100110221021100
0.1074219 100220221100100222221102
0.1074219 100220221000100221201100
0.1074219 100211222100110221221100
0.1074219 100211221200100221121100
0.1074219 100211221200100221021100
0.1074219 100211221120100121221100
0.1074219 100211221110100220221100
0.1074219 100211221102100221221102
0.1074219 100211221100110021221100
0.1074219 100211221100100221212100
0.1074219 100211221100100221211102
0.1074219 100211221100100021221102
0.1074219 100211221100000221221101
0.1074219 100211221000100221201100
0.1074219 100201221200100121221100
0.1074219 100201221110100221221000
0.1074219 100201221100120221222100
0.1074219 100201221100110221201100
0.1074219 100201221100100222221101
0.1074219 100201221100100221221001
0.1074219 100201221002100221221100
0.1074219 100201221000100221201100
0.1074219 100201220110100221221100
0.1074219 100201211100200221221100
0.1074219 100201211100120221221100
0.1074219 100201201100100221221101
0.1074219 100201201100100221121100
0.1074219 100201121101100221221100
0.1074219 100121222100120221221100
0.1074219 100121221102110221221100
0.1074219 100121221101100220221100
0.1074219 100121221100200222221100
0.1074219 100121221100020221221100
0.1074219 100121221000100021221100
0.1074219 100121201101100221221100
0.1074219 100121201100100221221200
0.1074219 100121201100100221121100
0.1074219 100121201100100220221100
0.1074219 100120221100100221221102
0.1074219 100021221200100221221000
0.1074219 100021221102100221221110
0.1074219 100021221101100220221100
0.1074219 100021221100200221221101
0.1074219 100021221100120221221101
0.1074219 100021221100100221222200
0.1074219 100021221100100221221202
0.1074219 100021221100100111221100
0.1074219 100011221100100222221100
0.1074219 100011221100000221221100
0.1074219 100001021100100221221100
0.1074219 020221221100000221221100
0.1074219 002221221100100221221000
0.1074219 001221121100100221221100
0.1074219 001021221100100221221100
0.1074219 000221221110100021221100
0.1074219 000221221101100221221110
0.1074219 000221221100101221211100
0.1074219 000221221100100222221000
0.1074219 000221221100100221221010
0.1074219 000221221100100221121102
0.1074219 000221221100100220221000
0.1074219 000221221100100220220100
0.1074219 000221221100100212221100
0.1074219 000221221100100121211100
0.1074219 000221220100120221221100
0.1074219 000211221101100221221100
0.1074219 000201221100100221220100
0.1074219 000201221100100221201100
0.1074219 000021221102100221221100
0.1074219 000021221100100221211100
0.1064453 210221221100100221221110
0.1064453 210221221100100121221100
0.1064453 201222221100100221221100
0.1064453 200221221110102221221100
0.1064453 200221221102101221221100
0.1064453 200221221101100221222100
0.1064453 200221221101100221221200
0.1064453 200221221101100021221100
0.1064453 200221221100101021221100
0.1064453 200221221100100222221120
0.1064453 200221221100100221221210
0.1064453 200221221100100221201200
0.1064453 200221221100100202221100
0.1064453 200221221100100111221100
0.1064453 200221221000100221222100
0.1064453 200221220000100221221100
0.1064453 200221021100102221221100
0.1064453 200201221120100221221100
0.1064453 120221221210100221221100
0.1064453 120221221200100021221100
0.1064453 120221221100110201221100
0.1064453 120221221100100221201200
0.1064453 120221221100100212221100
0.1064453 120221221100100201221200
0.1064453 120221221000100121221100
0.1064453 120220221100100221211100
0.1064453 120220221100100021221100
0.1064453 120211221120100221221100
0.1064453 120211221100100221211100
0.1064453 120210221100100221221100
0.1064453 111221221100100121221100
0.1064453 110221221210100221221100
0.1064453 110221221200100221201100
0.1064453 110221221110200221221100
0.1064453 110221221110101221221100
0.1064453 110221221102200221221100
0.1064453 110221221102100211221100
0.1064453 110221221100200221221110
0.1064453 110221221100110221221101
0.1064453 110221221100101021221100
0.1064453 110221220100200221221100
0.1064453 110221211100120221221100
0.1064453 110221210100100221221100
0.1064453 110221201100101221221100
0.1064453 110221021100100201221100
0.1064453 110201221100100221221102
0.1064453 110121221100100221221120
0.1064453 102221221111100221221100
0.1064453 102221221110200221221100
0.1064453 102221221110100221221102
0.1064453 102221221102100211221100
0.1064453 102221201100100201221100
0.1064453 102221121100100221221000
0.1064453 102220221110100221221100
0.1064453 102220221100100221221102
0.1064453 102201221100100221221000
0.1064453 102201221100100221121100
0.1064453 102201220100100221221100
0.1064453 102121221101100221221100
0.1064453 102021221100100221222100
0.1064453 102020221100100221221100
0.1064453 101222221100100221221200
0.1064453 101222201100100221221100
0.1064453 101221221120100221221101
0.1064453 101221221120100211221100
0.1064453 101221221110100221121100
0.1064453 101221221102100221211100
0.1064453 101221221100102221220100
0.1064453 101221221100102221121100
0.1064453 101221221100100221121200
0.1064453 101221221100100221021110
0.1064453 101221221100100220201100
0.1064453 101221221001100221221100
0.1064453 101221121100100221221110
0.1064453 101221120100100221221100
0.1064453 101221021102100221221100
0.1064453 101220221100100221121100
0.1064453 101201221000100221221100
0.1064453 101021221100100221220100
0.1064453 101021221100100221121100
0.1064453 100222221200101221221100
0.1064453 100222221110100221222100
0.1064453 100222221102120221221100
0.1064453 100222221102100221221120
0.1064453 100222221102100221211100
0.1064453 100222221102100221121100
0.1064453 100222221102100221021100
0.1064453 100222221101100221021100
0.1064453 100222221100120221021100
0.1064453 100222221100102221121100
0.1064453 100222221100100221221210
0.1064453 100222221100100221120100
0.1064453 100222221000100221021100
0.1064453 100222211100000221221100
0.1064453 100222210100100221221100
0.1064453 100222121100100221221102
0.1064453 100221222200100221221110
0.1064453 100221222111100221221100
0.1064453 100221222110120221221100
0.1064453 100221222101100201221100
0.1064453 100221222100110221211100
0.1064453 100221221210120221221100
0.1064453 100221221200110221221102
0.1064453 100221221200102221220100
0.1064453 100221221200101221221102
0.1064453 100221221200100221202100
0.1064453 100221221200100121221102
0.1064453 100221221200100021211100
0.1064453 100221221120100221220200
0.1064453 100221221120100221211102
0.1064453 100221221120100211221000
0.1064453 100221221110200221221110
0.1064453 100221221110200211221100
0.1064453 100221221110120221021100
0.1064453 100221221110100221211101
0.1064453 100221221110100220221110
0.1064453 100221221110100211221120
0.1064453 100221221110100121222100
0.1064453 100221221110100021021100
0.1064453 100221221110000221121100
0.1064453 100221221102101221221102
0.1064453 100221221102100201121100
0.1064453 100221221102100021221120
0.1064453 100221221101100221211102
0.1064453 100221221101100021220100
0.1064453 100221221101001221221100
0.1064453 100221221100210121221100
0.1064453 100221221100202221021100
0.1064453 100221221100201221220100
0.1064453 100221221100200222220100
0.1064453 100221221100200221211120
0.1064453 100221221100200221022100
0.1064453 100221221100200211021100
0.1064453 100221221100200201221102
0.1064453 100221221100200121221101
0.1064453 100221221100200021221120
0.1064453 100221221100120221221001
0.1064453 100221221100120211221102
0.1064453 100221221100120201021100
0.1064453 100221221100110221120100
0.1064453 100221221100110221021000
0.1064453 100221221100110211221200
0.1064453 100221221100110001221100
0.1064453 100221221100102221211102
0.1064453 100221221100101221221010
0.1064453 100221221100101201221200
0.1064453 100221221100101021221110
0.1064453 100221221100100222211200
0.1064453 100221221100100222201102
0.1064453 100221221100100222021000
0.1064453 100221221100100221121202
0.1064453 100221221100100221022200
0.1064453 100221221100100220021102
0.1064453 100221221100100211212100
0.1064453 100221221100100211201120
0.1064453 100221221100100202220100
0.1064453 100221221100100122220100
0.1064453 100221221100100121211102
0.1064453 100221221100100121122100
0.1064453 100221221100100121021102
0.1064453 100221221100100021211101
0.1064453 100221221100100021122100
0.1064453 100221221100100021121120
0.1064453 100221221100020221201100
0.1064453 100221221100020201221100
0.1064453 100221221100010201221100
0.1064453 100221221100002221220100
0.1064453 100221221100001221220100
0.1064453 100221221100000221220101
0.1064453 100221221100000211221101
0.1064453 100221221020000221221100
0.1064453 100221221010100220221100
0.1064453 100221221002100121221100
0.1064453 100221221000100221201102
0.1064453 100221221000100220220100
0.1064453 100221221000100021221000
0.1064453 100221220110100221021100
0.1064453 100221220100200221211100
0.1064453 100221220100100222221000
0.1064453 100221220100100201221200
0.1064453 100221212100100221221101
0.1064453 100221212100100220221100
0.1064453 100221211100101121221100
0.1064453 100221211100100222221110
0.1064453 100221211000000221221100
0.1064453 100221202100100220221100
0.1064453 100221201120120221221100
0.1064453 100221201101110221221100
0.1064453 100221201100120221221110
0.1064453 100221201100110021221100
0.1064453 100221201100100221121000
0.1064453 100221122100100220221100
0.1064453 100221121102102221221100
0.1064453 100221121102100221221000
0.1064453 100221121102100021221100
0.1064453 100221121100102201221100
0.1064453 100221121100100221221020
0.1064453 100221121100100221212100
0.1064453 100221121100100011221100
0.1064453 100221021102101221221100
0.1064453 100221021101100221221200
0.1064453 100221021100100201201100
0.1064453 100220221200110221221100
0.1064453 100220221200000221221100
0.1064453 100220221120100221221110
0.1064453 100220221120100221211100
0.1064453 100220221110100221221120
0.1064453 100220221100101221021100
0.1064453 100220221100100221221220
0.1064453 100220221100100221122100
0.1064453 100220221100100201221102
0.1064453 100220221100100200221100
0.1064453 100220221000000221221100
0.1064453 100220220100100221021100
0.1064453 100220211100200221221100
0.1064453 100220201120100221221100
0.1064453 100212221000100221221100
0.1064453 100211221200110221221100
0.1064453 100211221120100221220100
0.1064453 100211221100110221221101
0.1064453 100211221100101221201100
0.1064453 100211221100100221210100
0.1064453 100211221100100211221110
0.1064453 100211221100100111221100
0.1064453 100211221100020221221100
0.1064453 100211221100000221121100
0.1064453 100211221000200221221100
0.1064453 100211221000110221221100
0.1064453 100211221000101221221100
0.1064453 100210221100110221221100
0.1064453 100210221100000221221100
0.1064453 100202222100100221221100
0.1064453 100202221100100121221100
0.1064453 100201222110100221221100
0.1064453 100201221200100221021100
0.1064453 100201221120100221221000
0.1064453 100201221102200221221100
0.1064453 100201221100200021221100
0.1064453 100201221100100221222200
0.1064453 100201221100100201221110
0.1064453 100201221100100021222100
0.1064453 100201221100100021220100
0.1064453 100201201100100221221102
0.1064453 100201021100100221211100
0.1064453 100121222100100221221000
0.1064453 100121222100100220221100
0.1064453 100121221100200221221000
0.1064453 100121221100100221111100
0.1064453 100121220102100221221100
0.1064453 100121220100100221221000
0.1064453 100121201100100221221110
0.1064453 100121021101100221221100
0.1064453 100111221100100221222100
0.1064453 100111221100100221221120
0.1064453 100111221100000221221100
0.1064453 100110221100100221221100
0.1064453 100021221120100221221000
0.1064453 100021221100102221221000
0.1064453 100021221100101121221100
0.1064453 100021221100100221220110
0.1064453 100021221100100221210100
0.1064453 100021221100100101221100
0.1064453 100021221010100221221100
0.1064453 100021210100100221221100
0.1064453 100020221100100221221102
0.1064453 100001221100100021221100
0.1064453 020221221200100221221100
0.1064453 010221221100100221221101
0.1064453 002121221100100221221100
0.1064453 001221221100100201221100
0.1064453 001221220100100221221100
0.1064453 000221221102100121221100
0.1064453 000221221102100021221100
0.1064453 000221221101102221221100
0.1064453 000221221101100221221000
0.1064453 000221221100100221220110
0.1064453 000221221100100221201102
0.1064453 000221121100100222221100
0.1064453 000211221120100221221100
0.1054688 220221221100200221221100
0.1054688 201221221102100221221100
0.1054688 200222221100120221221100
0.1054688 200221221101110221221100
0.1054688 200221221100120221211100
0.1054688 200221221100102201221100
0.1054688 200221221100100221121101
0.1054688 200221221100100201221200
0.1054688 200021221102100221221100
0.1054688 200021221100100221211100
0.1054688 122221221100100021221100
0.1054688 120221221200100221201100
0.1054688 120221221120100121221100
0.1054688 120221221102102221221100
0.1054688 120221221102100221221000
0.1054688 120221221101100221021100
0.1054688 120221221100200222221100
0.1054688 120221221100110221221102
0.1054688 120221221100100221220102
0.1054688 120221221100100220222100
0.1054688 120221220100110221221100
0.1054688 120221021100110221221100
0.1054688 120221021100102221221100
0.1054688 120201221200100221221100
0.1054688 120021221100100221221120
0.1054688 120021221100100221220100
0.1054688 110221221110100221221110
0.1054688 110221221102100221222100
0.1054688 110221221102100221221110
0.1054688 110221221101120221221100
0.1054688 110221221100200221222100
0.1054688 110221221100120221221120
0.1054688 110221221100100221021120
0.1054688 110221221100100210221100
0.1054688 110221221002100221221100
0.1054688 110221221000100121221100
0.1054688 110221220100100221222100
0.1054688 110221201100120221221100
0.1054688 110201221200100221221100
0.1054688 110201221100100221222100
0.1054688 110201221000100221221100
0.1054688 110021221101100221221100
0.1054688 110021221100100201221100
0.1054688 102222221110100221221100
0.1054688 102221221102100221221000
0.1054688 102221221101100221221000
0.1054688 102221221101100211221100
0.1054688 102221221100110221221000
0.1054688 102221221100100222221200
0.1054688 102221220100000221221100
0.1054688 102221211100100221221101
0.1054688 102221121100100221221200
0.1054688 102221121100100221221110
0.1054688 102201221100100221201100
0.1054688 102021221100100221121100
0.1054688 101221222100100201221100
0.1054688 101221221110120221221100
0.1054688 101221221110100221021100
0.1054688 101221221110100211221100
0.1054688 101221221101100221211100
0.1054688 101221221100200221221200
0.1054688 101221221100102221201100
0.1054688 101221221100102221021100
0.1054688 101221221100100221122100
0.1054688 101221221100100221022100
0.1054688 101221221100100221021000
0.1054688 101221221100100111221100
0.1054688 101221221100100021221200
0.1054688 101221221000110221221100
0.1054688 101221220100100211221100
0.1054688 101221021100100221221200
0.1054688 101221021100100221221000
0.1054688 101211221100100221221102
0.1054688 101121221200100221221100
0.1054688 101020221100100221221100
0.1054688 100222221120100221121100
0.1054688 100222221102100221201100
0.1054688 100222221101100220221100
0.1054688 100222221100100221022100
0.1054688 100222221100100021220100
0.1054688 100222221100100021211100
0.1054688 100222221100100021021100
0.1054688 100221222200100221222100
0.1054688 100221222101100221221000
0.1054688 100221222100200221221102
0.1054688 100221221201100021221100
0.1054688 100221221200110221021100
0.1054688 100221221200100221210100
0.1054688 100221221200100200221100
0.1054688 100221221122100221221200
0.1054688 100221221120200221221110
0.1054688 100221221120101222221100
0.1054688 100221221120101221021100
0.1054688 100221221120100211221120
0.1054688 100221221110200121221100
0.1054688 100221221110120221121100
0.1054688 100221221110110221222100
0.1054688 100221221110110221220100
0.1054688 100221221110102221021100
0.1054688 100221221110100221222200
0.1054688 100221221110100221220101
0.1054688 100221221110100220221200
0.1054688 100221221110100201221120
0.1054688 100221221110100111221100
0.1054688 100221221102200221211100
0.1054688 100221221102120211221100
0.1054688 100221221102110221221120
0.1054688 100221221102110221021100
0.1054688 100221221102110211221100
0.1054688 100221221102100221021110
0.1054688 100221221102100221021102
0.1054688 100221221102100201221000
0.1054688 100221221102100121211100
0.1054688 100221221102000221221110
0.1054688 100221221101200221221110
0.1054688 100221221101120221221120
0.1054688 100221221101120221221110
0.1054688 100221221101102221021100
0.1054688 100221221101100221220102
0.1054688 100221221101100220221101
0.1054688 100221221101100220121100
0.1054688 100221221101100211201100
0.1054688 100221221100202221211100
0.1054688 100221221100200221222200
0.1054688 100221221100200221121000
0.1054688 100221221100200211221102
0.1054688 100221221100200201021100
0.1054688 100221221100120222021100
0.1054688 100221221100120221222101
0.1054688 100221221100120221221002
0.1054688 100221221100120221201102
0.1054688 100221221100120221021110
0.1054688 100221221100120220221101
0.1054688 100221221100120220201100
0.1054688 100221221100120220121100
0.1054688 100221221100120121222100
0.1054688 100221221100110221220101
0.1054688 100221221100110220222100
0.1054688 100221221100102222221110
0.1054688 100221221100102221211101
0.1054688 100221221100102211221200
0.1054688 100221221100102211221120
0.1054688 100221221100102202221100
0.1054688 100221221100102201021100
0.1054688 100221221100102021221120
0.1054688 100221221100101221222102
0.1054688 100221221100101220221200
0.1054688 100221221100101211220100
0.1054688 100221221100101201221120
0.1054688 100221221100101022221100
0.1054688 100221221100101021211100
0.1054688 100221221100100222202100
0.1054688 100221221100100222201120
0.1054688 100221221100100221222201
0.1054688 100221221100100220201000
0.1054688 100221221100100211222120
0.1054688 100221221100100210222100
0.1054688 100221221100100210221102
0.1054688 100221221100100202222100
0.1054688 100221221100100121221010
0.1054688 100221221100100101221200
0.1054688 100221221100100022221110
0.1054688 100221221100100021222102
0.1054688 100221221100020221222100
0.1054688 100221221100020221220100
0.1054688 100221221100020211221100
0.1054688 100221221100020121221100
0.1054688 100221221100010211221100
0.1054688 100221221100001221222100
0.1054688 100221221020100211221100
0.1054688 100221221002100201221100
0.1054688 100221221000110221201100
0.1054688 100221221000110221021100
0.1054688 100221221000100221220120
0.1054688 100221221000100221021102
0.1054688 100221220102100221221200
0.1054688 100221220102100221021100
0.1054688 100221220101200221221100
0.1054688 100221220101100221021100
0.1054688 100221220101000221221100
0.1054688 100221220100120211221100
0.1054688 100221220100102221220100
0.1054688 100221220100100222221120
0.1054688 100221220100100221221210
0.1054688 100221220100100201221110
0.1054688 100221220100100021121100
0.1054688 100221220100000201221100
0.1054688 100221211200200221221100
0.1054688 100221211101000221221100
0.1054688 100221211100100221220200
0.1054688 100221211100100220221000
0.1054688 100221211000120221221100
0.1054688 100221201110120221221100
0.1054688 100221201100200201221100
0.1054688 100221201100110221221200
0.1054688 100221201100110221221120
0.1054688 100221201100102021221100
0.1054688 100221201100100202221100
0.1054688 100221201100100201221120
0.1054688 100221121102100221021100
0.1054688 100221121100110201221100
0.1054688 100221121100100221222000
0.1054688 100221121100100221221010
0.1054688 100221121100100221211200
0.1054688 100221120100100222221100
0.1054688 100221021120102221221100
0.1054688 100221021102102221221100
0.1054688 100221021100102221211100
0.1054688 100221021100100222221110
0.1054688 100221021100100221211102
0.1054688 100221021100100011221100
0.1054688 100221021100020221221100
0.1054688 100221021020100221221100
0.1054688 100221020100200221221100
0.1054688 100220221200100221222100
0.1054688 100220221110100121221100
0.1054688 100220221102000221221100
0.1054688 100220221100120221221110
0.1054688 100220221100102221221102
0.1054688 100220221100102221211100
0.1054688 100220221100100111221100
0.1054688 100220220120100221221100
0.1054688 100211221100102221221102
0.1054688 100211221100102021221100
0.1054688 100211201100110221221100
0.1054688 100211201100100221221102
0.1054688 100211121102100221221100
0.1054688 100210221100101221221100
0.1054688 100201222100110221221100
0.1054688 100201222100100221221102
0.1054688 100201221200200221221100
0.1054688 100201221200120221221100
0.1054688 100201221120102221221100
0.1054688 100201221110100222221100
0.1054688 100201221101100222221100
0.1054688 100201221100102221211100
0.1054688 100201221100100121121100
0.1054688 100201220100120221221100
0.1054688 100201201120100221221100
0.1054688 100121222100100221221101
0.1054688 100121221102100221221200
0.1054688 100121221102100221221000
0.1054688 100121221101110221221100
0.1054688 100121221101100211221100
0.1054688 100121221100200221021100
0.1054688 100121221100120220221100
0.1054688 100121221100110221221200
0.1054688 100121221100110221221101
0.1054688 100121221100110201221100
0.1054688 100121221100100222221200
0.1054688 100121220100100201221100
0.1054688 100121212100100221221100
0.1054688 100121211100120221221100
0.1054688 100121201100100222221100
0.1054688 100121201100100221221102
0.1054688 100121201100000221221100
0.1054688 100111221100100201221100
0.1054688 100021221110100221221101
0.1054688 100021221101110221221100
0.1054688 100021221101100221221200
0.1054688 100021221101100221221102
0.1054688 100021221100110221021100
0.1054688 100021221100100221121120
0.1054688 100021221000100221221000
0.1054688 100021220100100221221102
0.1054688 100021121100100221221000
0.1054688 100021021100100221221000
0.1054688 100001221100102221221100
0.1054688 020211221100100221221100
0.1054688 010221221100000221221100
0.1054688 010211221100100221221100
0.1054688 002221121100100221221100
0.1054688 001201221100100221221100
0.1054688 000221221110100221121100
0.1054688 000221221100110221201100
0.1054688 000221221100100222201100
0.1054688 000221221100100221222200
0.1054688 000221221100100221220120
0.1054688 000221221100100221201120
0.1054688 000221221100100220221110
0.1054688 000221221100100211221200
0.1054688 000221221100100211221120
0.1054688 000221221100100211220100
0.1054688 000221221100100111221100
0.1054688 000221221100100021222100
0.1054688 000221221000101221221100
0.1054688 000221221000100221211100
0.1054688 000221220100100221211100
0.1054688 000221021100200221221100
0.1054688 000221021100100221121100
0.1054688 000220221100000221221100
0.1054688 000211221100100221211100
0.1054688 000021221101100221221100
0.1044922 210221221100110221221100
0.1044922 210221221100100222221100
0.1044922 210221221100100221021100
0.1044922 201221221101100221221100
0.1044922 201221221100100201221100
0.1044922 200222221100110221221100
0.1044922 200221221200100221220100
0.1044922 200221221102100021221100
0.1044922 200221221101100221221102
0.1044922 200221221101100221221000
0.1044922 200221221100102121221100
0.1044922 200221221100102021221100
0.1044922 200221221100100222201100
0.1044922 200221221100100021221120
0.1044922 200221121100100221221120
0.1044922 200221021100100201221100
0.1044922 200211221120100221221100
0.1044922 200201221100100221222100
0.1044922 200022221100100221221100
0.1044922 200021221100100221220100
0.1044922 122211221100100221221100
0.1044922 120221222200100221221100
0.1044922 120221221200100221211100
0.1044922 120221221100210221221100
0.1044922 120221221100110221221101
0.1044922 120221221100100222221120
0.1044922 120221221100100221211200
0.1044922 120221221100100221201110
0.1044922 120221221100100211222100
0.1044922 120221221100100120221100
0.1044922 120221221100000221211100
0.1044922 120221121120100221221100
0.1044922 120211221100100221201100
0.1044922 120201221102100221221100
0.1044922 120121221100100221221200
0.1044922 120121221100100221221110
0.1044922 120121221100100201221100
0.1044922 110221221200100221222100
0.1044922 110221221110100222221100
0.1044922 110221221101100221222100
0.1044922 110221221101100221021100
0.1044922 110221221100200221221000
0.1044922 110221221100200221021100
0.1044922 110221221100100221222102
0.1044922 110221221100100121221110
0.1044922 110221221100002221221100
0.1044922 110221021110100221221100
0.1044922 110220221102100221221100
0.1044922 110211221120100221221100
0.1044922 110201221100100121221100
0.1044922 110201221100100021221100
0.1044922 110121221102100221221100
0.1044922 110121221100100221221110
0.1044922 110121221100100221221000
0.1044922 110021221100101221221100
0.1044922 110021221100100221201100
0.1044922 102222221100100221121100
0.1044922 102221221102000221221100
0.1044922 102221221101120221221100
0.1044922 102221221100201221221100
0.1044922 102221221100120221221200
0.1044922 102221221100120221221102
0.1044922 102221221100100221211200
0.1044922 102221221100100221021110
0.1044922 102221220100101221221100
0.1044922 102221220100100221211100
0.1044922 102221121100100220221100
0.1044922 102221021100110221221100
0.1044922 102220221120100221221100
0.1044922 102220221100100221121100
0.1044922 102211220100100221221100
0.1044922 102201221102100221221100
0.1044922 102121211100100221221100
0.1044922 101222221100100221221120
0.1044922 101222221100100221211100
0.1044922 101222221100000221221100
0.1044922 101221222100100221211100
0.1044922 101221222100100221121100
0.1044922 101221221120200221221100
0.1044922 101221221110000221221100
0.1044922 101221221100111221221100
0.1044922 101221221100110201221100
0.1044922 101221221100100221121110
0.1044922 101221221100000221221000
0.1044922 101221201100100221211100
0.1044922 101220221120100221221100
0.1044922 101220221100120221221100
0.1044922 101211222100100221221100
0.1044922 100222222100100221221101
0.1044922 100222221110100201221100
0.1044922 100222221100120220221100
0.1044922 100222221100102221220100
0.1044922 100222221100100201221200
0.1044922 100222221100100121222100
0.1044922 100222220110100221221100
0.1044922 100221222110100221221102
0.1044922 100221222100120221221110
0.1044922 100221222100120221211100
0.1044922 100221222100120221121100
0.1044922 100221222100110222221100
0.1044922 100221222100110221221110
0.1044922 100221222100100221021102
0.1044922 100221221210200221221100
0.1044922 100221221200110121221100
0.1044922 100221221200101221121100
0.1044922 100221221200100221220101
0.1044922 100221221200100021121100
0.1044922 100221221120120121221100
0.1044922 100221221120102221221102
0.1044922 100221221120102221211100
0.1044922 100221221120101221121100
0.1044922 100221221120101220221100
0.1044922 100221221120100222221110
0.1044922 100221221120100221220101
0.1044922 100221221120100221211101
0.1044922 100221221120100211221102
0.1044922 100221221110110221021100
0.1044922 100221221110102221221101
0.1044922 100221221110100222221110
0.1044922 100221221110100221222102
0.1044922 100221221110100221221020
0.1044922 100221221110100211221102
0.1044922 100221221110100021221110
0.1044922 100221221110100020221100
0.1044922 100221221110002221221100
0.1044922 100221221102201221221100
0.1044922 100221221102120221221101
0.1044922 100221221102100201221101
0.1044922 100221221102100021221102
0.1044922 100221221101101221221200
0.1044922 100221221101100222211100
0.1044922 100221221101100221021110
0.1044922 100221221101000221221110
0.1044922 100221221100202121221100
0.1044922 100221221100200221220102
0.1044922 100221221100200221201102
0.1044922 100221221100120222221200
0.1044922 100221221100120221220120
0.1044922 100221221100120221122100
0.1044922 100221221100120221022100
0.1044922 100221221100120220220100
0.1044922 100221221100120121221102
0.1044922 100221221100110222021100
0.1044922 100221221100110212221100
0.1044922 100221221100110211221101
0.1044922 100221221100110201222100
0.1044922 100221221100110121220100
0.1044922 100221221100110021220100
0.1044922 100221221100102221221122
0.1044922 100221221100102221221020
0.1044922 100221221100102220221120
0.1044922 100221221100102220221000
0.1044922 100221221100102121221120
0.1044922 100221221100102121021100
0.1044922 100221221100101201211100
0.1044922 100221221100100222210100
0.1044922 100221221100100222111100
0.1044922 100221221100100221111120
0.1044922 100221221100100220221002
0.1044922 100221221100100220021110
0.1044922 100221221100100211121120
0.1044922 100221221100100200221101
0.1044922 100221221100100121022100
0.1044922 100221221100100120221120
0.1044922 100221221100100021201110
0.1044922 100221221100002121221100
0.1044922 100221221100000221221210
0.1044922 100221221100000221220110
0.1044922 100221221100000021222100
0.1044922 100221221100000021220100
0.1044922 100221221100000021121100
0.1044922 100221221020100221021100
0.1044922 100221221010100222221100
0.1044922 100221221010100221211100
0.1044922 100221221001100221221120
0.1044922 100221221001100211221100
0.1044922 100221221000201221221100
0.1044922 100221221000200221222100
0.1044922 100221221000120221222100
0.1044922 100221221000110221222100
0.1044922 100221221000110221121100
0.1044922 100221221000102221211100
0.1044922 100221221000100220201100
0.1044922 100221221000100211221120
0.1044922 100221220120100021221100
0.1044922 100221220120000221221100
0.1044922 100221220110100221121100
0.1044922 100221220100110121221100
0.1044922 100221220100102221121100
0.1044922 100221220100102221021100
0.1044922 100221220100100221221201
0.1044922 100221211100120221221110
0.1044922 100221211100120221221000
0.1044922 100221211100120121221100
0.1044922 100221211100120021221100
0.1044922 100221211100102221222100
0.1044922 100221211100100221121120
0.1044922 100221210101100221221100
0.1044922 100221202100100221121100
0.1044922 100221201101200221221100
0.1044922 100221201100120121221100
0.1044922 100221201100100222221110
0.1044922 100221201100100221222200
0.1044922 100221201100100221221010
0.1044922 100221201100100201221200
0.1044922 100221201100000221221110
0.1044922 100221201000200221221100
0.1044922 100221121100210221221100
0.1044922 100221121100110222221100
0.1044922 100221121100100211221200
0.1044922 100221120100100221221120
0.1044922 100221021102200221221100
0.1044922 100221021102100221201100
0.1044922 100221021101100121221100
0.1044922 100221021100200221221101
0.1044922 100221021100101221222100
0.1044922 100221021100101221201100
0.1044922 100221021100101221021100
0.1044922 100221021100100222221120
0.1044922 100221021100100222220100
0.1044922 100221021100100221221111
0.1044922 100221021100100221221010
0.1044922 100221021100100212221100
0.1044922 100221021100100201221200
0.1044922 100221021002100221221100
0.1044922 100221020100120221221100
0.1044922 100221001200100221221100
0.1044922 100220221200100221211100
0.1044922 100220221120110221221100
0.1044922 100220221110100221221000
0.1044922 100220221110100201221100
0.1044922 100220221102120221221100
0.1044922 100220221102110221221100
0.1044922 100220221102100221221120
0.1044922 100220221100102221021100
0.1044922 100220221100100221020100
0.1044922 100220221100100121211100
0.1044922 100220221100100021021100
0.1044922 100220221100000220221100
0.1044922 100220221000110221221100
0.1044922 100220220100100221121100
0.1044922 100220211100120221221100
0.1044922 100220201100120221221100
0.1044922 100220201100000221221100
0.1044922 100211221200200221221100
0.1044922 100211221120200221221100
0.1044922 100211221102100221220100
0.1044922 100211221100100221220000
0.1044922 100211221100100121220100
0.1044922 100211221100100021021100
0.1044922 100211221100010221221100
0.1044922 100211201100200221221100
0.1044922 100210221100100221211100
0.1044922 100202221100100021221100
0.1044922 100202220100100221221100
0.1044922 100202021100100221221100
0.1044922 100201221110100221221200
0.1044922 100201221102100211221100
0.1044922 100201221102100201221100
0.1044922 100201221100201221221100
0.1044922 100201221100120021221100
0.1044922 100201221100102221221102
0.1044922 100201221100101221121100
0.1044922 100201221100100221221010
0.1044922 100201221100100021021100
0.1044922 100201201110100221221100
0.1044922 100121222100100221221110
0.1044922 100121221100110221021100
0.1044922 100121221100100221200100
0.1044922 100121221100010221221100
0.1044922 100121220100100221121100
0.1044922 100121211100200221221100
0.1044922 100121201102100221221100
0.1044922 100111221102100221221100
0.1044922 100111221100200221221100
0.1044922 100021221102100211221100
0.1044922 100021221100120221221110
0.1044922 100021221100111221221100
0.1044922 100021221100110221221101
0.1044922 100021221100101221221200
0.1044922 100021221100100221021102
0.1044922 100021221100100021221000
0.1044922 100021221100000221221101
0.1044922 100021220100100221021100
0.1044922 100021202100100221221100
0.1044922 100021121102100221221100
0.1044922 100021121100100201221100
0.1044922 100020221100100221221101
0.1044922 100020221100100221121100
0.1044922 020221211100100221221100
0.1044922 010221222100100221221100
0.1044922 010221221200100221221100
0.1044922 010221221100200221221100
0.1044922 010221221100100121221100
0.1044922 002221221100100222221100
0.1044922 002221220100100221221100
0.1044922 000221221102100221021100
0.1044922 000221221101100221221200
0.1044922 000221221100102221201100
0.1044922 000221221010100221221100
0.1044922 000221221000100221220100
0.1044922 000221220100110221221100
0.1044922 000221121100100221221120
0.1044922 000221021100100221021100
0.1035156 220221220100100221221100
0.1035156 210221221100100221221000
0.1035156 202221222100100221221100
0.1035156 201221121100100221221100
0.1035156 201021221100100221221100
0.1035156 200221221110100211221100
0.1035156 200221221102100121221100
0.1035156 200221221101120221221100
0.1035156 200221221100100221220102
0.1035156 200221221100100221201110
0.1035156 200221221100100021220100
0.1035156 200221121100101221221100
0.1035156 200221021120100221221100
0.1035156 200021221100100221201100
0.1035156 120221221110110221221100
0.1035156 120221221102100221222100
0.1035156 120221221102100221221200
0.1035156 120221221100120221211100
0.1035156 120221221100110222221100
0.1035156 120221221100110221221120
0.1035156 120221221100110021221100
0.1035156 120221221100101222221100
0.1035156 120221221100100221211110
0.1035156 120221221100100221121102
0.1035156 120221221100100221020100
0.1035156 120221220100100221211100
0.1035156 120221211100200221221100
0.1035156 120221201100100221211100
0.1035156 120221121100110221221100
0.1035156 120221021100200221221100
0.1035156 120220221101100221221100
0.1035156 120220221100100221222100
0.1035156 120220221100100221121100
0.1035156 120220221100100121221100
0.1035156 120211221100100221220100
0.1035156 120211221000100221221100
0.1035156 120121221102100221221100
0.1035156 120121221100100221221000
0.1035156 120021221100100201221100
0.1035156 110221222200100221221100
0.1035156 110221222100200221221100
0.1035156 110221221100202221221100
0.1035156 110221221100200221221102
0.1035156 110221221100110221021100
0.1035156 110221221100101221221110
0.1035156 110221221100101221221101
0.1035156 110221221100100221201110
0.1035156 110221221100100221122100
0.1035156 110221221000100221222100
0.1035156 110221220100100221221120
0.1035156 102221221120100021221100
0.1035156 102221221102100221222100
0.1035156 102221221100200021221100
0.1035156 102221221100120222221100
0.1035156 102221221100110221221200
0.1035156 102221221100110221221102
0.1035156 102221221100100211221200
0.1035156 102221221100100202221100
0.1035156 102221221100100201221200
0.1035156 102221221100100111221100
0.1035156 102221221100100001221100
0.1035156 102221220100100211221100
0.1035156 102221211100100221121100
0.1035156 102221021102100221221100
0.1035156 102221021100100221221110
0.1035156 102201221100200221221100
0.1035156 102121221100100211221100
0.1035156 102121221100000221221100
0.1035156 102021221100100221221102
0.1035156 102021221100100221221101
0.1035156 102021221100100221021100
0.1035156 101221222100100222221100
0.1035156 101221222100100221221110
0.1035156 101221222100100221220100
0.1035156 101221221110100221221200
0.1035156 101221221110100201221100
0.1035156 101221221102100021221100
0.1035156 101221221101000221221100
0.1035156 101221221100200021221100
0.1035156 101221221100110221211100
0.1035156 101221221100102220221100
0.1035156 101221221100100221222101
0.1035156 101221221100100220021100
0.1035156 101221221100100201021100
0.1035156 101221221100100121222100
0.1035156 101221221100100020221100
0.1035156 101221221100000221221120
0.1035156 101221221000100221222100
0.1035156 101221221000100221221101
0.1035156 101221221000100221221000
0.1035156 101221221000100221220100
0.1035156 101221221000100221121100
0.1035156 101221220120100221221100
0.1035156 101221201101100221221100
0.1035156 101221201100100021221100
0.1035156 101221201000100221221100
0.1035156 101221021100100221221110
0.1035156 101212221100100221221100
0.1035156 101210221100100221221100
0.1035156 101201221100100221221200
0.1035156 101021221100100021221100
0.1035156 101021211100100221221100
0.1035156 100222222100110221221100
0.1035156 100222221110100221221000
0.1035156 100222221102000221221100
0.1035156 100222221101100201221100
0.1035156 100222221100102021221100
0.1035156 100222221100100222221101
0.1035156 100222221100100221221001
0.1035156 100222221100100201221101
0.1035156 100222221100002221221100
0.1035156 100222221000110221221100
0.1035156 100222211100100221221101
0.1035156 100221222200100220221100
0.1035156 100221222102100220221100
0.1035156 100221222101120221221100
0.1035156 100221222100120021221100
0.1035156 100221222100100222221000
0.1035156 100221222100100221221010
0.1035156 100221222100100221121102
0.1035156 100221222100100211221120
0.1035156 100221222100100201221110
0.1035156 100221221220100220221100
0.1035156 100221221210100221201100
0.1035156 100221221210100211221100
0.1035156 100221221200200222221100
0.1035156 100221221200200221221102
0.1035156 100221221200120021221100
0.1035156 100221221200100221201102
0.1035156 100221221200100121211100
0.1035156 100221221120110221021100
0.1035156 100221221120100211221200
0.1035156 100221221111100221221000
0.1035156 100221221110120221222100
0.1035156 100221221110120220221100
0.1035156 100221221110120201221100
0.1035156 100221221110102201221100
0.1035156 100221221110101221021100
0.1035156 100221221110100120221100
0.1035156 100221221110000121221100
0.1035156 100221221102200021221100
0.1035156 100221221102110221221101
0.1035156 100221221102110221121100
0.1035156 100221221102102221221110
0.1035156 100221221102101221221200
0.1035156 100221221102100211221102
0.1035156 100221221101200221021100
0.1035156 100221221101110221221110
0.1035156 100221221101100221212100
0.1035156 100221221101100021222100
0.1035156 100221221100201221221120
0.1035156 100221221100200221021200
0.1035156 100221221100200111221100
0.1035156 100221221100200021220100
0.1035156 100221221100122221221110
0.1035156 100221221100120222121100
0.1035156 100221221100120221201101
0.1035156 100221221100120221121000
0.1035156 100221221100120212221100
0.1035156 100221221100120021221120
0.1035156 100221221100120021021100
0.1035156 100221221100110221220110
0.1035156 100221221100110221211101
0.1035156 100221221100110221121120
0.1035156 100221221100110221121000
0.1035156 100221221100110220221101
0.1035156 100221221100110201220100
0.1035156 100221221100110120221100
0.1035156 100221221100110021201100
0.1035156 100221221100110021121100
0.1035156 100221221100102220221200
0.1035156 100221221100101222221101
0.1035156 100221221100101221211102
0.1035156 100221221100100222222110
0.1035156 100221221100100221121010
0.1035156 100221221100100220121101
0.1035156 100221221100100211211102
0.1035156 100221221100100211211000
0.1035156 100221221100100211021200
0.1035156 100221221100100202221102
0.1035156 100221221100100201121102
0.1035156 100221221100100121222102
0.1035156 100221221100100121201110
0.1035156 100221221100100121020100
0.1035156 100221221100100020221000
0.1035156 100221221100100020220100
0.1035156 100221221100000221222101
0.1035156 100221221100000221202100
0.1035156 100221221100000221121110
0.1035156 100221221100000121220100
0.1035156 100221221020110221221100
0.1035156 100221221002100221201100
0.1035156 100221221001100221221000
0.1035156 100221221000102220221100
0.1035156 100221221000101201221100
0.1035156 100221221000100221221010
0.1035156 100221221000100211221200
0.1035156 100221221000100021221110
0.1035156 100221220120100221221102
0.1035156 100221220101100211221100
0.1035156 100221220100110221220100
0.1035156 100221220100110221201100
0.1035156 100221220100102021221100
0.1035156 100221220100100222221110
0.1035156 100221220000100221221110
0.1035156 100221212100100221221000
0.1035156 100221211101120221221100
0.1035156 100221211100202221221100
0.1035156 100221211100100221222000
0.1035156 100221211100100221111100
0.1035156 100221210102100221221100
0.1035156 100221210100100220221100
0.1035156 100221202100100222221100
0.1035156 100221201102000221221100
0.1035156 100221201101000221221100
0.1035156 100221201100200221221200
0.1035156 100221201100120201221100
0.1035156 100221201100110221211100
0.1035156 100221201100101221220100
0.1035156 100221201100101121221100
0.1035156 100221201000110221221100
0.1035156 100221121102100221222100
0.1035156 100221121100110221211100
0.1035156 100221121100102221211100
0.1035156 100221121100101220221100
0.1035156 100221121100100222221120
0.1035156 100221121100100221111100
0.1035156 100221121100100201222100
0.1035156 100221121100100121201100
0.1035156 100221121020100221221100
0.1035156 100221111100100221221200
0.1035156 100221022101100221221100
0.1035156 100221021102100021221100
0.1035156 100221021101100221021100
0.1035156 100221021100200021221100
0.1035156 100221021100110221211100
0.1035156 100221021100102221021100
0.1035156 100221021100102220221100
0.1035156 100221021100102121221100
0.1035156 100221021100101221211100
0.1035156 100221021100100222221000
0.1035156 100221021100100222211100
0.1035156 100221021100100221221020
0.1035156 100221021100100221201102
0.1035156 100221021100100220221200
0.1035156 100221021100100210221100
0.1035156 100221021100000220221100
0.1035156 100221001100100021221100
0.1035156 100220221110100221221200
0.1035156 100220221102200221221100
0.1035156 100220221101100221221101
0.1035156 100220221100120221021100
0.1035156 100220221100100211221101
0.1035156 100220221100100201221101
0.1035156 100220221002100221221100
0.1035156 100220210100100221221100
0.1035156 100212221100200221221100
0.1035156 100211222100120221221100
0.1035156 100211222100100221021100
0.1035156 100211221202100221221100
0.1035156 100211221120100221211100
0.1035156 100211221100200021221100
0.1035156 100211221100100221221111
0.1035156 100211221100100221201101
0.1035156 100211221100100021222100
0.1035156 100211221002100221221100
0.1035156 100211220100000221221100
0.1035156 100211202100100221221100
0.1035156 100211201100100221121100
0.1035156 100201221120000221221100
0.1035156 100201221110100201221100
0.1035156 100201221102120221221100
0.1035156 100201221102100221021100
0.1035156 100201221102100021221100
0.1035156 100201221100120221221110
0.1035156 100201221100102221221101
0.1035156 100201221100102221220100
0.1035156 100201221100100222221110
0.1035156 100201221100100221021110
0.1035156 100201221100100211221102
0.1035156 100201221100100121222100
0.1035156 100201221100000220221100
0.1035156 100201221000102221221100
0.1035156 100201221000100221222100
0.1035156 100201220120100221221100
0.1035156 100201202100100221221100
0.1035156 100201021100100221201100
0.1035156 100200221100100221221120
0.1035156 100122221100100221021100
0.1035156 100122221100000221221100
0.1035156 100121222100100221221102
0.1035156 100121221100200221221110
0.1035156 100121220100102221221100
0.1035156 100121220100100222221100
0.1035156 100121220100100220221100
0.1035156 100121121102100221221100
0.1035156 100121121100100221221200
0.1035156 100111221101100221221100
0.1035156 100022221100100221221200
0.1035156 100021222100100221221101
0.1035156 100021222100100220221100
0.1035156 100021221120100221221102
0.1035156 100021221102100221211100
0.1035156 100021221100200221221110
0.1035156 100021221100110221221110
0.1035156 100021221100101221220100
0.1035156 100021201100120221221100
0.1035156 002221221100100201221100
0.1035156 001221221100100220221100
0.1035156 000221221201100221221100
0.1035156 000221221200100221211100
0.1035156 000221221110100221222100
0.1035156 000221221110100201221100
0.1035156 000221221102000221221100
0.1035156 000221221101100221121100
0.1035156 000221221100100221201101
0.1035156 000221221100100201021100
0.1035156 000221221100100021220100
0.1035156 000221211100100222221100
0.1035156 000221121100100221221110
0.1035156 000221021200100221221100
0.1035156 000221021100100221222100
0.1035156 000221021100100221221101
0.1035156 000221021100100221221000
0.1035156 000220221100110221221100
0.1035156 000211221100100221201100
0.1025391 210221221100100221121100
0.1025391 201221221100100221221200
0.1025391 200221221110101221221100
0.1025391 200221221101100221021100
0.1025391 200221221101000221221100
0.1025391 200221221100100221221111
0.1025391 200221221100100220221110
0.1025391 200221221100100201021100
0.1025391 200221221100100121222100
0.1025391 200221221100100021221110
0.1025391 200221121100102221221100
0.1025391 200221121100100221221110
0.1025391 200211221200100221221100
0.1025391 200201021100100221221100
0.1025391 120222221101100221221100
0.1025391 120221221200100221222100
0.1025391 120221221100200221201100
0.1025391 120221221100110221221110
0.1025391 120221221100102220221100
0.1025391 120221221100100222221000
0.1025391 120221221100100221220101
0.1025391 120221221100100221211000
0.1025391 120221221100100221201000
0.1025391 120221221100100021221110
0.1025391 120221201100110221221100
0.1025391 120221121100000221221100
0.1025391 120201221100100221221102
0.1025391 120121221100110221221100
0.1025391 120111221100100221221100
0.1025391 120021221100100221221200
0.1025391 120021221100100220221100
0.1025391 110222221100100221222100
0.1025391 110222221100100221021100
0.1025391 110221222100120221221100
0.1025391 110221221120100221222100
0.1025391 110221221120100221221102
0.1025391 110221221110100201221100
0.1025391 110221221102100221221000
0.1025391 110221221100200201221100
0.1025391 110221221100200021221100
0.1025391 110221221100120221021100
0.1025391 110221221100101211221100
0.1025391 110221221100100222221120
0.1025391 110221221100100222221000
0.1025391 110221221100100221021110
0.1025391 110221221100100121221102
0.1025391 110221221100100021221110
0.1025391 110221221100000221221101
0.1025391 110221220110100221221100
0.1025391 110221201100102221221100
0.1025391 110220221101100221221100
0.1025391 110211221100100221221102
0.1025391 110201221100100221021100
0.1025391 110021221100100221222100
0.1025391 110021221100100221221110
0.1025391 110021221100100211221100
0.1025391 102222220100100221221100
0.1025391 102221221120200221221100
0.1025391 102221221110100221201100
0.1025391 102221221110100021221100
0.1025391 102221221100110221201100
0.1025391 102221221100101221222100
0.1025391 102221221100100221201120
0.1025391 102221221100100201211100
0.1025391 102221221100100121211100
0.1025391 102221221100100021222100
0.1025391 102221221100100021221120
0.1025391 102221221100100021221110
0.1025391 102221221100100021211100
0.1025391 102221221000200221221100
0.1025391 102221220100100221221102
0.1025391 102221220100100201221100
0.1025391 102221201100100221221102
0.1025391 102221201100100211221100
0.1025391 102221201100100021221100
0.1025391 102221201000100221221100
0.1025391 102221121100100221221120
0.1025391 102220221100100221201100
0.1025391 102220221100100221021100
0.1025391 102211221100100221021100
0.1025391 102210221100100221221100
0.1025391 102201221100100221211100
0.1025391 102021221120100221221100
0.1025391 101222220100100221221100
0.1025391 101221221110102221221100
0.1025391 101221221110100221221120
0.1025391 101221221110100221221110
0.1025391 101221221102102221221100
0.1025391 101221221100202221221100
0.1025391 101221221100120211221100
0.1025391 101221221100102221211100
0.1025391 101221221100102021221100
0.1025391 101221221100100221221202
0.1025391 101221221100100221211110
0.1025391 101221221100100211211100
0.1025391 101221211100100221021100
0.1025391 101221021100120221221100
0.1025391 101221020100100221221100
0.1025391 101211221100100221021100
0.1025391 101211220100100221221100
0.1025391 101201222100100221221100
0.1025391 101201221100100211221100
0.1025391 101021221100100221021100
0.1025391 101021021100100221221100
0.1025391 100222222110100221221100
0.1025391 100222221200100021221100
0.1025391 100222221120200221221100
0.1025391 100222221120101221221100
0.1025391 100222221110102221221100
0.1025391 100222221110100221220100
0.1025391 100222221102110221221100
0.1025391 100222221101000221221100
0.1025391 100222221100200021221100
0.1025391 100222221100100220021100
0.1025391 100222221100100201021100
0.1025391 100222221100100121211100
0.1025391 100222221000120221221100
0.1025391 100222201100120221221100
0.1025391 100222021100100221221102
0.1025391 100221222200100211221100
0.1025391 100221222110100221021100
0.1025391 100221222100200221221110
0.1025391 100221222100200021221100
0.1025391 100221221220100201221100
0.1025391 100221221200120121221100
0.1025391 100221221200100021221102
0.1025391 100221221200100021220100
0.1025391 100221221120202221221100
0.1025391 100221221120120220221100
0.1025391 100221221120110221220100
0.1025391 100221221120101211221100
0.1025391 100221221120101201221100
0.1025391 100221221120100221220110
0.1025391 100221221120100221120100
0.1025391 100221221120100220201100
0.1025391 100221221120100211220100
0.1025391 100221221120100201221120
0.1025391 100221221120000121221100
0.1025391 100221221110120121221100
0.1025391 100221221110110221221200
0.1025391 100221221110110221211100
0.1025391 100221221110110121221100
0.1025391 100221221110100221221010
0.1025391 100221221110100221220110
0.1025391 100221221110100221220102
0.1025391 100221221110100201211100
0.1025391 100221221102120221221200
0.1025391 100221221102120221211100
0.1025391 100221221102102211221100
0.1025391 100221221102101221221110
0.1025391 100221221102101221021100
0.1025391 100221221102100221221002
0.1025391 100221221102100221201101
0.1025391 100221221102100221120100
0.1025391 100221221102100211222100
0.1025391 100221221102001221221100
0.1025391 100221221102000221221120
0.1025391 100221221102000221211100
0.1025391 100221221102000211221100
0.1025391 100221221101120221220100
0.1025391 100221221101101221221110
0.1025391 100221221101101221221000
0.1025391 100221221101101221021100
0.1025391 100221221101100211222100
0.1025391 100221221100200221222101
0.1025391 100221221100200221221201
0.1025391 100221221100200221211000
0.1025391 100221221100200221210100
0.1025391 100221221100200221120100
0.1025391 100221221100122222221100
0.1025391 100221221100120221221202
0.1025391 100221221100120221220110
0.1025391 100221221100120221120100
0.1025391 100221221100120220222100
0.1025391 100221221100120121021100
0.1025391 100221221100110222221120
0.1025391 100221221100110222221000
0.1025391 100221221100110221121200
0.1025391 100221221100110221020100
0.1025391 100221221100110220121100
0.1025391 100221221100110121201100
0.1025391 100221221100101221221020
0.1025391 100221221100101221211101
0.1025391 100221221100100222211102
0.1025391 100221221100100221121210
0.1025391 100221221100100221021202
0.1025391 100221221100100220121200
0.1025391 100221221100100220021101
0.1025391 100221221100100211221202
0.1025391 100221221100100211221002
0.1025391 100221221100100211221001
0.1025391 100221221100100211121200
0.1025391 100221221100100201222120
0.1025391 100221221100100201201101
0.1025391 100221221100100201021102
0.1025391 100221221100100200121100
0.1025391 100221221100100121221001
0.1025391 100221221100100121211101
0.1025391 100221221100100021120100
0.1025391 100221221100100021022100
0.1025391 100221221100020221221200
0.1025391 100221221100001221221120
0.1025391 100221221100000221222102
0.1025391 100221221010100221221000
0.1025391 100221221002100221222100
0.1025391 100221221002100211221100
0.1025391 100221221001102221221100
0.1025391 100221221000100221221210
0.1025391 100221221000100221220101
0.1025391 100221221000100221201101
0.1025391 100221220200100221221200
0.1025391 100221220110100220221100
0.1025391 100221220100120221220100
0.1025391 100221220100102121221100
0.1025391 100221220100100121222100
0.1025391 100221220100100111221100
0.1025391 100221220100100021221101
0.1025391 100221211101200221221100
0.1025391 100221211100201221221100
0.1025391 100221211100200221221120
0.1025391 100221211100200211221100
0.1025391 100221211100002221221100
0.1025391 100221210100100221221120
0.1025391 100221202102100221221100
0.1025391 100221202100100221221120
0.1025391 100221202100100221221102
0.1025391 100221201110100221221102
0.1025391 100221201101100201221100
0.1025391 100221201100200221222100
0.1025391 100221201100120221222100
0.1025391 100221201100120211221100
0.1025391 100221201100110221222100
0.1025391 100221201100110221221000
0.1025391 100221201100102221220100
0.1025391 100221201100102221021100
0.1025391 100221201100101221221102
0.1025391 100221201100100221221201
0.1025391 100221201100100221121120
0.1025391 100221122102100221221100
0.1025391 100221121102100221221102
0.1025391 100221121100102121221100
0.1025391 100221121100101221222100
0.1025391 100221121100100222220100
0.1025391 100221121100100221211110
0.1025391 100221121100100221211102
0.1025391 100221121100100221201110
0.1025391 100221121000100220221100
0.1025391 100221021201100221221100
0.1025391 100221021110102221221100
0.1025391 100221021102120221221100
0.1025391 100221021102100221220100
0.1025391 100221021100200221221110
0.1025391 100221021100101221220100
0.1025391 100221021100100211221120
0.1025391 100221020102100221221100
0.1025391 100220222110100221221100
0.1025391 100220221200100221221110
0.1025391 100220221102100221211100
0.1025391 100220221102100201221100
0.1025391 100220221101100221221120
0.1025391 100220221101100221221110
0.1025391 100220221100200221221110
0.1025391 100220221100110021221100
0.1025391 100220221100100201221120
0.1025391 100220221100100101221100
0.1025391 100220221100000021221100
0.1025391 100220221000100221211100
0.1025391 100220221000100221021100
0.1025391 100220201110100221221100
0.1025391 100212221102100221221100
0.1025391 100212221100100021221100
0.1025391 100212201100100221221100
0.1025391 100211222100200221221100
0.1025391 100211222100100221221102
0.1025391 100211221120102221221100
0.1025391 100211221110100221221110
0.1025391 100211221102110221221100
0.1025391 100211221101100221221102
0.1025391 100211221100200221021100
0.1025391 100211221100120221121100
0.1025391 100211221100101221220100
0.1025391 100211221100100221220101
0.1025391 100211221000100221021100
0.1025391 100211220100100021221100
0.1025391 100211201100100021221100
0.1025391 100202221100100221221000
0.1025391 100202211100100221221100
0.1025391 100201222100120221221100
0.1025391 100201221110100211221100
0.1025391 100201221102100221221120
0.1025391 100201221101100221221102
0.1025391 100201221100120221220100
0.1025391 100201221100110221220100
0.1025391 100201221100110221211100
0.1025391 100201221100101221021100
0.1025391 100201221100100221122100
0.1025391 100201221100100211201100
0.1025391 100201221100000221201100
0.1025391 100201221000110221221100
0.1025391 100201211100100221221102
0.1025391 100201211100000221221100
0.1025391 100201201100110221221100
0.1025391 100201121102100221221100
0.1025391 100121221102100221221110
0.1025391 100121221102100221221102
0.1025391 100121221101100221221200
0.1025391 100121221101100221221102
0.1025391 100121221100120221221000
0.1025391 100121221100100221121200
0.1025391 100121221100100221021102
0.1025391 100121221100000221221120
0.1025391 100121221100000221121100
0.1025391 100121220100100211221100
0.1025391 100121201100100221221101
0.1025391 100121121100100201221100
0.1025391 100120221100100221221110
0.1025391 100022221110100221221100
0.1025391 100021222100200221221100
0.1025391 100021221210100221221100
0.1025391 100021221110110221221100
0.1025391 100021221100120221221120
0.1025391 100021221100110221221200
0.1025391 100021221100110201221100
0.1025391 100021221100100221220120
0.1025391 100021221100100220021100
0.1025391 100021221100100121221000
0.1025391 100021221100000221221102
0.1025391 100021220100100221221101
0.1025391 100021201100100220221100
0.1025391 100021121100100222221100
0.1025391 001221221100100211221100
0.1025391 000221222100100221211100
0.1025391 000221221120100021221100
0.1025391 000221221110100221221101
0.1025391 000221221110100211221100
0.1025391 000221221102200221221100
0.1025391 000221221102102221221100
0.1025391 000221221101200221221100
0.1025391 000221221101000221221100
0.1025391 000221221100101021221100
0.1025391 000221221100100222221200
0.1025391 000221221100100121221102
0.1025391 000221221100000221211100
0.1025391 000221021100100021221100
0.1025391 000211221100100221220100
0.1025391 000201221120100221221100
0.1025391 000201221100100221221102
0.1025391 000201221000100221221100
0.1015625 220221222100100221221100
0.1015625 220221221100120221221100
0.1015625 202221221100100221201100
0.1015625 201221221100100221221000
0.1015625 200221221120101221221100
0.1015625 200221221120100221222100
0.1015625 200221221102110221221100
0.1015625 200221221102100221221102
0.1015625 200221221101102221221100
0.1015625 200221221100100221021102
0.1015625 200221221100100021222100
0.1015625 200221221002100221221100
0.1015625 200221220100100221211100
0.1015625 200221021100101221221100
0.1015625 200211221100100221222100
0.1015625 200122221100100221221100
0.1015625 200121221102100221221100
0.1015625 120222221100100221221101
0.1015625 120222221100100221211100
0.1015625 120221221201100221221100
0.1015625 120221221110100221221102
0.1015625 120221221100100220021100
0.1015625 120221221100100211221200
0.1015625 120221221100100020221100
0.1015625 120221220100100221201100
0.1015625 120221211100100221021100
0.1015625 120221201100100221201100
0.1015625 120221021120100221221100
0.1015625 120221021100100221222100
0.1015625 120201221100100121221100
0.1015625 120121221100100220221100
0.1015625 110222221120100221221100
0.1015625 110222221100100121221100
0.1015625 110221222100100221220100
0.1015625 110221222100100221201100
0.1015625 110221221200100221221101
0.1015625 110221221110100121221100
0.1015625 110221221102100221221200
0.1015625 110221221101100221221000
0.1015625 110221221100110222221100
0.1015625 110221221100102221221101
0.1015625 110221221100100221222120
0.1015625 110221221100100221222101
0.1015625 110221221100100221121120
0.1015625 110221221100100220222100
0.1015625 110221221100000201221100
0.1015625 110221220100100221221200
0.1015625 110221211100100221201100
0.1015625 110221021100100221222100
0.1015625 110212221100100221221100
0.1015625 110201221102100221221100
0.1015625 110201221100100222221100
0.1015625 110121221100100201221100
0.1015625 110021221100100221221120
0.1015625 110020221100100221221100
0.1015625 102222221100100221211100
0.1015625 102221221110100221211100
0.1015625 102221221000100221221101
0.1015625 102221221000100221221000
0.1015625 102221220100102221221100
0.1015625 102221201100100222221100
0.1015625 102211221120100221221100
0.1015625 102201221100100221221110
0.1015625 102121221100100221021100
0.1015625 102021121100100221221100
0.1015625 101222221100120221221100
0.1015625 101221222102100221221100
0.1015625 101221222100100221201100
0.1015625 101221221120100221021100
0.1015625 101221221110110221221100
0.1015625 101221221100120221222100
0.1015625 101221221100120021221100
0.1015625 101221221100100221021200
0.1015625 101221221100100121220100
0.1015625 101221021100100220221100
0.1015625 101220221100100221221110
0.1015625 101211221100100221221101
0.1015625 101211221100100221221000
0.1015625 101201221200100221221100
0.1015625 101201221100100021221100
0.1015625 101201021100100221221100
0.1015625 100222221200100221121100
0.1015625 100222221120100121221100
0.1015625 100222221102200221221100
0.1015625 100222221102100201221100
0.1015625 100222221100102121221100
0.1015625 100222221100100221221010
0.1015625 100222221100100121121100
0.1015625 100222221000100221121100
0.1015625 100222220100200221221100
0.1015625 100222220100110221221100
0.1015625 100222220100000221221100
0.1015625 100222211100200221221100
0.1015625 100221222200100221211100
0.1015625 100221222101100222221100
0.1015625 100221222101100221021100
0.1015625 100221222101100211221100
0.1015625 100221222100120221221200
0.1015625 100221221202101221221100
0.1015625 100221221201100222221100
0.1015625 100221221200201221221100
0.1015625 100221221200100221201101
0.1015625 100221221200100021222100
0.1015625 100221221200100021021100
0.1015625 100221221120110021221100
0.1015625 100221221120102221221101
0.1015625 100221221120100220221110
0.1015625 100221221120100211221101
0.1015625 100221221120100020221100
0.1015625 100221221110100222221102
0.1015625 100221221110100221121120
0.1015625 100221221110000021221100
0.1015625 100221221102101221221120
0.1015625 100221221102101221221000
0.1015625 100221221102100221201200
0.1015625 100221221101200221221102
0.1015625 100221221101120221211100
0.1015625 100221221101110221221102
0.1015625 100221221101110211221100
0.1015625 100221221101101221221120
0.1015625 100221221101100221221111
0.1015625 100221221101100221111100
0.1015625 100221221101100211221102
0.1015625 100221221101000221221120
0.1015625 100221221101000221121100
0.1015625 100221221100202221221102
0.1015625 100221221100200221122100
0.1015625 100221221100200211211100
0.1015625 100221221100120221121200
0.1015625 100221221100120221021200
0.1015625 100221221100120201121100
0.1015625 100221221100120121221101
0.1015625 100221221100120111221100
0.1015625 100221221100120021121100
0.1015625 100221221100110221211120
0.1015625 100221221100110201221000
0.1015625 100221221100110121222100
0.1015625 100221221100110021021100
0.1015625 100221221100102221221210
0.1015625 100221221100102221201200
0.1015625 100221221100102221201110
0.1015625 100221221100101221222120
0.1015625 100221221100101221221201
0.1015625 100221221100101211201100
0.1015625 100221221100101201021100
0.1015625 100221221100100222221001
0.1015625 100221221100100222021200
0.1015625 100221221100100221212120
0.1015625 100221221100100221212102
0.1015625 100221221100100221120120
0.1015625 100221221100100220211102
0.1015625 100221221100100220020100
0.1015625 100221221100100212211100
0.1015625 100221221100100211220102
0.1015625 100221221100100211021102
0.1015625 100221221100100202021100
0.1015625 100221221100100201121200
0.1015625 100221221100100201121120
0.1015625 100221221100100122222100
0.1015625 100221221100100022201100
0.1015625 100221221100100021220120
0.1015625 100221221100100001221000
0.1015625 100221221100010121221100
0.1015625 100221221100000221221201
0.1015625 100221221100000221211101
0.1015625 100221221010100211221100
0.1015625 100221221010100201221100
0.1015625 100221221001100221222100
0.1015625 100221221000120121221100
0.1015625 100221221000100221222101
0.1015625 100221221000100221120100
0.1015625 100221221000100201221200
0.1015625 100221220101102221221100
0.1015625 100221220100201221221100
0.1015625 100221220100200121221100
0.1015625 100221220100110221222100
0.1015625 100221220100101021221100
0.1015625 100221220100100222221200
0.1015625 100221220100100021021100
0.1015625 100221220100000221221200
0.1015625 100221211120100221221101
0.1015625 100221211102100201221100
0.1015625 100221211100120221211100
0.1015625 100221211100100221200100
0.1015625 100221211100100221021120
0.1015625 100221211100100211221120
0.1015625 100221201120100221221102
0.1015625 100221201111100221221100
0.1015625 100221201110100221221101
0.1015625 100221201100120221221200
0.1015625 100221201100102221221102
0.1015625 100221201100102221121100
0.1015625 100221201100000221221000
0.1015625 100221201000120221221100
0.1015625 100221200100100221220100
0.1015625 100221122100100201221100
0.1015625 100221121100100221201102
0.1015625 100221120100120221221100
0.1015625 100221120100110221221100
0.1015625 100221111100100121221100
0.1015625 100221021101000221221100
0.1015625 100221021100200221221120
0.1015625 100221021100101201221100
0.1015625 100221021100100221211200
0.1015625 100221021100100221121102
0.1015625 100220221200120221221100
0.1015625 100220221120100211221100
0.1015625 100220221110100220221100
0.1015625 100220221102100221021100
0.1015625 100220221102100211221100
0.1015625 100220221101100221201100
0.1015625 100220221101100221121100
0.1015625 100220221100100222221110
0.1015625 100220221100100221221210
0.1015625 100220221100100221201110
0.1015625 100220221100000221201100
0.1015625 100220221000100221221110
0.1015625 100212221100000221221100
0.1015625 100211221200100221220100
0.1015625 100211221120000221221100
0.1015625 100211221110100211221100
0.1015625 100211221100120221021100
0.1015625 100211221100110221201100
0.1015625 100211221100110221021100
0.1015625 100211221100101221221101
0.1015625 100211221100100221222200
0.1015625 100211221100100221222102
0.1015625 100211221100100221222101
0.1015625 100211221100100021220100
0.1015625 100211221100100021211100
0.1015625 100201222100100221021100
0.1015625 100201221102000221221100
0.1015625 100201221100200221221110
0.1015625 100201221100200221211100
0.1015625 100201221100200211221100
0.1015625 100201221100110021221100
0.1015625 100201221100100221222102
0.1015625 100201221100100221201110
0.1015625 100201221100100221022100
0.1015625 100201221100100221020100
0.1015625 100201221100100201221102
0.1015625 100201221000000221221100
0.1015625 100201220100110221221100
0.1015625 100201220100100221021100
0.1015625 100201220100000221221100
0.1015625 100201021110100221221100
0.1015625 100121222100100221221200
0.1015625 100121221220100221221100
0.1015625 100121221110120221221100
0.1015625 100121221101100222221100
0.1015625 100121221101100221221120
0.1015625 100121221100200221221200
0.1015625 100121221100120221221200
0.1015625 100121221100120221221120
0.1015625 100121221100120221121100
0.1015625 100121221100120221021100
0.1015625 100121221100110221221120
0.1015625 100121221100100221021200
0.1015625 100121220101100221221100
0.1015625 100121211100000221221100
0.1015625 100121201100100221021100
0.1015625 100120221110100221221100
0.1015625 100111221100102221221100
0.1015625 100111221100100221201100
0.1015625 100111121100100221221100
0.1015625 100022221100100221121100
0.1015625 100021222101100221221100
0.1015625 100021222100100221221102
0.1015625 100021221120100221221101
0.1015625 100021221102120221221100
0.1015625 100021221102100221221200
0.1015625 100021221100200221221120
0.1015625 100021221100110221121100
0.1015625 100021221100102221222100
0.1015625 100021221100100221212100
0.1015625 100021221100100221021200
0.1015625 100021221100100221001100
0.1015625 100021220102100221221100
0.1015625 100021211100120221221100
0.1015625 100021201102100221221100
0.1015625 100021201100200221221100
0.1015625 100021201100100221221120
0.1015625 010221221100100221221102
0.1015625 010221211100100221221100
0.1015625 000221221120100221201100
0.1015625 000221221100120221121100
0.1015625 000221221100110221221102
0.1015625 000221221100110220221100
0.1015625 000221221100101221201100
0.1015625 000221221100100221220102
0.1015625 000221221100100221211110
0.1015625 000221221100100221211101
0.1015625 000221221100100221021120
0.1015625 000221221100100211201100
0.1015625 000221221100100201221110
0.1015625 000221221100100121222100
0.1015625 000221221020100221221100
0.1015625 000221220100100220221100
0.1015625 000221021100100121221100
0.1015625 000121221100110221221100
0.1005859 210221221100200221221100
0.1005859 210121221100100221221100
0.1005859 201221221100100221201100
0.1005859 200221222100100221211100
0.1005859 200221221102100221021100
0.1005859 200221221102000221221100
0.1005859 200221221100100222221200
0.1005859 200221221100100222221000
0.1005859 200221221100000221201100
0.1005859 200221220100110221221100
0.1005859 200221021100100221221110
0.1005859 200211221101100221221100
0.1005859 120222221102100221221100
0.1005859 120221222100110221221100
0.1005859 120221221202100221221100
0.1005859 120221221101120221221100
0.1005859 120221221100200221221101
0.1005859 120221221100120221201100
0.1005859 120221221100100221222110
0.1005859 120221221100100021221120
0.1005859 120221221000110221221100
0.1005859 120221221000102221221100
0.1005859 120221211100120221221100
0.1005859 120221211100100221201100
0.1005859 120221121100100221221102
0.1005859 120221021100101221221100
0.1005859 120221021100000221221100
0.1005859 120211221200100221221100
0.1005859 120201221100110221221100
0.1005859 120201221100100221021100
0.1005859 120021221100100221221110
0.1005859 110222221102100221221100
0.1005859 110222221100101221221100
0.1005859 110222221100100201221100
0.1005859 110221222110100221221100
0.1005859 110221221200100021221100
0.1005859 110221221120200221221100
0.1005859 110221221101100221221102
0.1005859 110221221100120221221101
0.1005859 110221221100110221221200
0.1005859 110221221100110221121100
0.1005859 110221221100110201221100
0.1005859 110221221100102222221100
0.1005859 110221221100102221221102
0.1005859 110221221100100211221000
0.1005859 110221221100100201221000
0.1005859 110221221100100201021100
0.1005859 110221221100100121221101
0.1005859 110221221100100120221100
0.1005859 110221221000120221221100
0.1005859 110221220101100221221100
0.1005859 110221220100100221221000
0.1005859 110221211100100221220100
0.1005859 110221021100110221221100
0.1005859 110201221100100221221110
0.1005859 110201221100100221121100
0.1005859 110121221100100221221200
0.1005859 110121221100100221201100
0.1005859 102222221100000221221100
0.1005859 102222211100100221221100
0.1005859 102221221110100221221000
0.1005859 102221221101110221221100
0.1005859 102221221101101221221100
0.1005859 102221221100120201221100
0.1005859 102221221100110201221100
0.1005859 102221221100102221220100
0.1005859 102221221100101221221120
0.1005859 102221221100101021221100
0.1005859 102221221100100221222200
0.1005859 102221221100100221221002
0.1005859 102221221100100221220120
0.1005859 102221221100100221211110
0.1005859 102221221100100221201101
0.1005859 102221221100100201121100
0.1005859 102221221100100201021100
0.1005859 102221221100100121201100
0.1005859 102221221100100021220100
0.1005859 102221221000110221221100
0.1005859 102221220100100221222100
0.1005859 102221211100100222221100
0.1005859 102221201100100221222100
0.1005859 102221201100100221220100
0.1005859 102221201100100220221100
0.1005859 102221121100100221211100
0.1005859 102221121100100201221100
0.1005859 102221021100200221221100
0.1005859 102221021100100221211100
0.1005859 102220221100100221221110
0.1005859 102220221100100221220100
0.1005859 102201221100120221221100
0.1005859 102201221100100221222100
0.1005859 102021021100100221221100
0.1005859 101222221101100221221100
0.1005859 101221221210100221221100
0.1005859 101221221120100221221110
0.1005859 101221221110100221222100
0.1005859 101221221101102221221100
0.1005859 101221221101100221021100
0.1005859 101221221101100021221100
0.1005859 101221221100102201221100
0.1005859 101221221100100221210100
0.1005859 101221221100100221202100
0.1005859 101221221100100221201101
0.1005859 101221221100100211221102
0.1005859 101221221100100201221102
0.1005859 101221221000102221221100
0.1005859 101221221000100220221100
0.1005859 101221221000100121221100
0.1005859 101221220100100221220100
0.1005859 101221211100100222221100
0.1005859 101221121100120221221100
0.1005859 101221121100110221221100
0.1005859 101221121100100211221100
0.1005859 101220222100100221221100
0.1005859 101201221100102221221100
0.1005859 101201221100100221220100
0.1005859 101201221100100221201100
0.1005859 101021221120100221221100
0.1005859 101021121100100221221100
0.1005859 100222221120100021221100
0.1005859 100222221110100121221100
0.1005859 100222221101120221221100
0.1005859 100222221101100221121100
0.1005859 100222221100110220221100
0.1005859 100222221100102221211100
0.1005859 100222221100100221021200
0.1005859 100222221100100121021100
0.1005859 100222221000200221221100
0.1005859 100222221000000221221100
0.1005859 100222021101100221221100
0.1005859 100221222120200221221100
0.1005859 100221222110200221221100
0.1005859 100221222110100220221100
0.1005859 100221222100200221211100
0.1005859 100221222100120222221100
0.1005859 100221222100120221021100
0.1005859 100221222100120121221100
0.1005859 100221222100101221201100
0.1005859 100221222100100222221110
0.1005859 100221222100100201221200
0.1005859 100221222100100201221000
0.1005859 100221222100100111221100
0.1005859 100221221210100221222100
0.1005859 100221221201101221221100
0.1005859 100221221200120221121100
0.1005859 100221221200120221021100
0.1005859 100221221200100221221122
0.1005859 100221221200100221120100
0.1005859 100221221200100221111100
0.1005859 100221221200000220221100
0.1005859 100221221120102220221100
0.1005859 100221221120100222221101
0.1005859 100221221120100221220102
0.1005859 100221221120100221201110
0.1005859 100221221120100122221100
0.1005859 100221221120100021221110
0.1005859 100221221120100021021100
0.1005859 100221221110202221221100
0.1005859 100221221110110220221100
0.1005859 100221221110101222221100
0.1005859 100221221110101221121100
0.1005859 100221221110100222221000
0.1005859 100221221110100221221201
0.1005859 100221221110100211221200
0.1005859 100221221110100211221101
0.1005859 100221221110100121021100
0.1005859 100221221110100021221120
0.1005859 100221221110000221201100
0.1005859 100221221102110221221200
0.1005859 100221221102102221221102
0.1005859 100221221102100221220102
0.1005859 100221221102100221211000
0.1005859 100221221101200221221120
0.1005859 100221221101120211221100
0.1005859 100221221101110221021100
0.1005859 100221221101102221221110
0.1005859 100221221101101221221102
0.1005859 100221221101100222121100
0.1005859 100221221101100221211110
0.1005859 100221221101100221211000
0.1005859 100221221101100221121102
0.1005859 100221221100200211121100
0.1005859 100221221100200121121100
0.1005859 100221221100120121121100
0.1005859 100221221100110221222110
0.1005859 100221221100110221220120
0.1005859 100221221100110221201120
0.1005859 100221221100110201211100
0.1005859 100221221100110201201100
0.1005859 100221221100102222220100
0.1005859 100221221100102221221010
0.1005859 100221221100102220021100
0.1005859 100221221100102201221102
0.1005859 100221221100101222221102
0.1005859 100221221100101222221000
0.1005859 100221221100101221201110
0.1005859 100221221100101211221200
0.1005859 100221221100101021221000
0.1005859 100221221100100222221002
0.1005859 100221221100100222211101
0.1005859 100221221100100221212101
0.1005859 100221221100100221211111
0.1005859 100221221100100221201202
0.1005859 100221221100100220121102
0.1005859 100221221100100220111100
0.1005859 100221221100100201221202
0.1005859 100221221100100122221110
0.1005859 100221221100100121201120
0.1005859 100221221100100021211120
0.1005859 100221221100010221221200
0.1005859 100221221100010221220100
0.1005859 100221221020100222221100
0.1005859 100221221020100221221110
0.1005859 100221221002100221021100
0.1005859 100221221001110221221100
0.1005859 100221221001100121221100
0.1005859 100221221000120220221100
0.1005859 100221221000110220221100
0.1005859 100221221000100221122100
0.1005859 100221221000100221022100
0.1005859 100221221000100220221000
0.1005859 100221221000002221221100
0.1005859 100221220120100221121100
0.1005859 100221220102100221221000
0.1005859 100221220102100221211100
0.1005859 100221220102100221121100
0.1005859 100221220101100221221200
0.1005859 100221220101100221221110
0.1005859 100221220100120121221100
0.1005859 100221220100100221200100
0.1005859 100221220100100220021100
0.1005859 100221220100100202221100
0.1005859 100221220100100021221200
0.1005859 100221212100100221021100
0.1005859 100221211100200021221100
0.1005859 100221211100000221221120
0.1005859 100221211100000211221100
0.1005859 100221202100102221221100
0.1005859 100221201110000221221100
0.1005859 100221201102100221221110
0.1005859 100221201102100221221102
0.1005859 100221201100200221211100
0.1005859 100221201100100021222100
0.1005859 100221201100000021221100
0.1005859 100221121120101221221100
0.1005859 100221121100120201221100
0.1005859 100221121100110221201100
0.1005859 100221121100102222221100
0.1005859 100221121100101221220100
0.1005859 100221121100100221220110
0.1005859 100221121100100211201100
0.1005859 100221121000101221221100
0.1005859 100221120100102221221100
0.1005859 100221021102100221222100
0.1005859 100221021101200221221100
0.1005859 100221021101100221221000
0.1005859 100221021100200221211100
0.1005859 100221021100120221221102
0.1005859 100221021100120221021100
0.1005859 100221021100100222221200
0.1005859 100221021100100222201100
0.1005859 100221021100100220211100
0.1005859 100221021100100121211100
0.1005859 100221021100002221221100
0.1005859 100221020000100221221100
0.1005859 100221001000100221221100
0.1005859 100220222100100221021100
0.1005859 100220221110100222221100
0.1005859 100220221102101221221100
0.1005859 100220221100100221022100
0.1005859 100220221100100211221120
0.1005859 100220221100100211220100
0.1005859 100220220102100221221100
0.1005859 100212221100100221201100
0.1005859 100212221100100121221100
0.1005859 100211221200100121221100
0.1005859 100211221102120221221100
0.1005859 100211221102100221221110
0.1005859 100211221102100201221100
0.1005859 100211221100101221222100
0.1005859 100211221100100221221002
0.1005859 100211221100100220221102
0.1005859 100211221100000222221100
0.1005859 100211221000100121221100
0.1005859 100211220100110221221100
0.1005859 100211220100100221021100
0.1005859 100211201200100221221100
0.1005859 100211201120100221221100
0.1005859 100211021120100221221100
0.1005859 100210222100100221221100
0.1005859 100210220100100221221100
0.1005859 100202221100100211221100
0.1005859 100201221200102221221100
0.1005859 100201221200100221222100
0.1005859 100201221120100222221100
0.1005859 100201221120100201221100
0.1005859 100201221100100211221200
0.1005859 100201221100100211221101
0.1005859 100201221100100121211100
0.1005859 100201221100001221221100
0.1005859 100201221100000121221100
0.1005859 100201220100100221121100
0.1005859 100201201200100221221100
0.1005859 100201021102100221221100
0.1005859 100122221100100221221110
0.1005859 100121221110110221221100
0.1005859 100121221102200221221100
0.1005859 100121221102120221221100
0.1005859 100121221101100221221110
0.1005859 100121221101100221221000
0.1005859 100121221100120221221110
0.1005859 100121221100120201221100
0.1005859 100121221100110221121100
0.1005859 100121221100102221220100
0.1005859 100121221010100221221100
0.1005859 100121201100100211221100
0.1005859 100120201100100221221100
0.1005859 100022221100100221221120
0.1005859 100021221110120221221100
0.1005859 100021221102110221221100
0.1005859 100021221100110211221100
0.1005859 100021221100100221221201
0.1005859 100021221100100221211200
0.1005859 100021221100100221202100
0.1005859 100021221100100202221100
0.1005859 100021221100100021221110
0.1005859 100021221001100221221100
0.1005859 100021221000100021221100
0.1005859 100021211100100221221102
0.1005859 100021201100100221221110
0.1005859 100021121100100221221200
0.1005859 100020221100100221021100
0.1005859 100001221100100220221100
0.1005859 020221221100100221121100
0.1005859 002221221100100221221120
0.1005859 002221221100100221221110
0.1005859 002221221100100221201100
0.1005859 001221221100100222221100
0.1005859 001221221100100221221110
0.1005859 001221201100100221221100
0.1005859 000221221200100221220100
0.1005859 000221221110110221221100
0.1005859 000221221110100222221100
0.1005859 000221221101100221222100
0.1005859 000221221100200221121100
0.1005859 000221221100102201221100
0.1005859 000221221100101222221100
0.1005859 000221221100100221021101
0.1005859 000221221100000221221102
0.1005859 000221220100100221121100
0.1005859 000221220100000221221100
0.1005859 000221211100100221211100
0.1005859 000221121110100221221100
0.1005859 000221121100100221222100
0.1005859 000221120100100221221100
0.1005859 000221021100000221221100
0.1005859 000220221100100221221000
0.1005859 000201221200100221221100
0.1005859 000201221100100221221110
0.1005859 000021220100100221221100
0.1005859 000001221100100221221100
0.09960938 210221221100100221221102
0.09960938 210221211100100221221100
0.09960938 201221221100100211221100
0.09960938 200221222100110221221100
0.09960938 200221222100100221201100
0.09960938 200221221200100221211100
0.09960938 200221221100200222221100
0.09960938 200221221100110220221100
0.09960938 200221221100100221211110
0.09960938 200221221100100221211101
0.09960938 200221221100100221021101
0.09960938 200221221100100120221100
0.09960938 120222221110100221221100
0.09960938 120222221100100221220100
0.09960938 120222221100100221201100
0.09960938 120221221120100221221101
0.09960938 120221221101100221221102
0.09960938 120221221100200021221100
0.09960938 120221221100100221021120
0.09960938 120221221100100021021100
0.09960938 120221221100020221221100
0.09960938 120211221100100021221100
0.09960938 120201221100100221222100
0.09960938 111211221100100221221100
0.09960938 110222221101100221221100
0.09960938 110222221100100221221110
0.09960938 110221221100110221221110
0.09960938 110221221100102221221200
0.09960938 110221221100100221121000
0.09960938 110221221100100212221100
0.09960938 110221221100100201221102
0.09960938 110221221100100021221120
0.09960938 110221221100000221221120
0.09960938 110221221100000221221102
0.09960938 110221221000102221221100
0.09960938 110221221000100221221101
0.09960938 110221220100101221221100
0.09960938 110221201100110221221100
0.09960938 110221121110100221221100
0.09960938 110221121100100221222100
0.09960938 110221021120100221221100
0.09960938 110201221100110221221100
0.09960938 110121221101100221221100
0.09960938 110021221100200221221100
0.09960938 110021220100100221221100
0.09960938 102222221120100221221100
0.09960938 102222221100100221221200
0.09960938 102222201100100221221100
0.09960938 102221221110100221221101
0.09960938 102221221102120221221100
0.09960938 102221221102110221221100
0.09960938 102221221100200221221200
0.09960938 102221221100102221201100
0.09960938 102221221100101221221000
0.09960938 102221221100100222211100
0.09960938 102221221100100221220101
0.09960938 102221220100100221220100
0.09960938 102221220100100021221100
0.09960938 102220221200100221221100
0.09960938 102211221100100221221102
0.09960938 102211221100100221201100
0.09960938 102201221120100221221100
0.09960938 102201221100100221220100
0.09960938 102121221100100221211100
0.09960938 101222211100100221221100
0.09960938 101221222100100211221100
0.09960938 101221221200200221221100
0.09960938 101221221110100220221100
0.09960938 101221221102100221220100
0.09960938 101221221101100221221102
0.09960938 101221221100200221201100
0.09960938 101221221100110221222100
0.09960938 101221221100110221221000
0.09960938 101221221100110221201100
0.09960938 101221221100100201222100
0.09960938 101221221100100021221120
0.09960938 101221221000100221221200
0.09960938 101221221000100221221120
0.09960938 101221220100100221222100
0.09960938 101221201120100221221100
0.09960938 101221201100100221222100
0.09960938 101221021100102221221100
0.09960938 101220221100100221021100
0.09960938 101220220100100221221100
0.09960938 101201221100000221221100
0.09960938 101021221000100221221100
0.09960938 100222221120110221221100
0.09960938 100222221110100221221110
0.09960938 100222221101200221221100
0.09960938 100222221100120021221100
0.09960938 100222221100110221221120
0.09960938 100222221100100221221020
0.09960938 100222221100100221121200
0.09960938 100222221100100221020100
0.09960938 100222221100100220221101
0.09960938 100222221100100202221100
0.09960938 100222221100100021221120
0.09960938 100222220102100221221100
0.09960938 100222220100100221121100
0.09960938 100222211100120221221100
0.09960938 100222121102100221221100
0.09960938 100221222200100201221100
0.09960938 100221222110100221221000
0.09960938 100221222102100201221100
0.09960938 100221222100200211221100
0.09960938 100221222100120221220100
0.09960938 100221222100100221221201
0.09960938 100221222100100221021120
0.09960938 100221222100100221021000
0.09960938 100221222100100020221100
0.09960938 100221221210102221221100
0.09960938 100221221200102221201100
0.09960938 100221221200100121121100
0.09960938 100221221120200221220100
0.09960938 100221221120101221221110
0.09960938 100221221120100221222110
0.09960938 100221221120100221221010
0.09960938 100221221120100221122100
0.09960938 100221221120100120221100
0.09960938 100221221110120222221100
0.09960938 100221221110102221121100
0.09960938 100221221110102220221100
0.09960938 100221221110101211221100
0.09960938 100221221110100222220100
0.09960938 100221221110100221222110
0.09960938 100221221110100221221002
0.09960938 100221221110100221201120
0.09960938 100221221110100211220100
0.09960938 100221221110100121221110
0.09960938 100221221102120221221000
0.09960938 100221221102110221222100
0.09960938 100221221102110221201100
0.09960938 100221221102101211221100
0.09960938 100221221102100021221101
0.09960938 100221221102000221221200
0.09960938 100221221101201221221100
0.09960938 100221221101200211221100
0.09960938 100221221101102221221102
0.09960938 100221221101101221211100
0.09960938 100221221101100222222100
0.09960938 100221221101100221211200
0.09960938 100221221101100221121101
0.09960938 100221221101100211211100
0.09960938 100221221101100121221110
0.09960938 100221221101100022221100
0.09960938 100221221101000221201100
0.09960938 100221221101000211221100
0.09960938 100221221100200221220110
0.09960938 100221221100200201221200
0.09960938 100221221100200201121100
0.09960938 100221221100200021221110
0.09960938 100221221100120222221120
0.09960938 100221221100120221220101
0.09960938 100221221100120221211120
0.09960938 100221221100120211221101
0.09960938 100221221100120021221110
0.09960938 100221221100120020221100
0.09960938 100221221100110222220100
0.09960938 100221221100110222201100
0.09960938 100221221100101222221200
0.09960938 100221221100101021221200
0.09960938 100221221100100222021102
0.09960938 100221221100100220121000
0.09960938 100221221100100212220100
0.09960938 100221221100100211121102
0.09960938 100221221100100211121000
0.09960938 100221221100100211021000
0.09960938 100221221100100201021000
0.09960938 100221221100100121220120
0.09960938 100221221100100021221201
0.09960938 100221221100100020221200
0.09960938 100221221100010221222100
0.09960938 100221221100010221221000
0.09960938 100221221100000121201100
0.09960938 100221221020100220221100
0.09960938 100221221001100221221200
0.09960938 100221221000200222221100
0.09960938 100221221000120221220100
0.09960938 100221220110100121221100
0.09960938 100221220102100021221100
0.09960938 100221220100101221121100
0.09960938 100221220100100221021200
0.09960938 100221220100100201221000
0.09960938 100221211200100221021100
0.09960938 100221211110100221221102
0.09960938 100221211102100221221102
0.09960938 100221211100100222221000
0.09960938 100221211100100221220000
0.09960938 100221211100100220221200
0.09960938 100221210100102221221100
0.09960938 100221202101100221221100
0.09960938 100221201200120221221100
0.09960938 100221201120110221221100
0.09960938 100221201100102220221100
0.09960938 100221201100100222221200
0.09960938 100221201100100222221101
0.09960938 100221201100100221212100
0.09960938 100221201100100201221110
0.09960938 100221201100000221221120
0.09960938 100221122100110221221100
0.09960938 100221121100120221221120
0.09960938 100221121100120221211100
0.09960938 100221121100100221220120
0.09960938 100221121100100021201100
0.09960938 100221120100100221221200
0.09960938 100221111100100221221101
0.09960938 100221021120101221221100
0.09960938 100221021101100221221102
0.09960938 100221021100200221221102
0.09960938 100221021100200221121100
0.09960938 100221021100110221021100
0.09960938 100221021100000221221101
0.09960938 100221021010100221221100
0.09960938 100221020100100222221100
0.09960938 100220221120100222221100
0.09960938 100220221102102221221100
0.09960938 100220221100120021221100
0.09960938 100220221100102221221110
0.09960938 100220221100100221221020
0.09960938 100220221100100221121120
0.09960938 100220221100100221021000
0.09960938 100220221100100220221110
0.09960938 100220221100000121221100
0.09960938 100220211100100221121100
0.09960938 100220211100100221021100
0.09960938 100220201200100221221100
0.09960938 100212221100101221221100
0.09960938 100212221100100221222100
0.09960938 100211221201100221221100
0.09960938 100211221120100211221100
0.09960938 100211221102100221211100
0.09960938 100211221102100021221100
0.09960938 100211221102000221221100
0.09960938 100211221101100220221100
0.09960938 100211221100102221211100
0.09960938 100211221100100121121100
0.09960938 100211221000100221220100
0.09960938 100211220120100221221100
0.09960938 100211021102100221221100
0.09960938 100210221100100221221110
0.09960938 100201221202100221221100
0.09960938 100201221200100221201100
0.09960938 100201221200100211221100
0.09960938 100201221200000221221100
0.09960938 100201221102100221222100
0.09960938 100201221102100221211100
0.09960938 100201221102100221121100
0.09960938 100201221100100221221220
0.09960938 100201221100100201201100
0.09960938 100201221100100121221101
0.09960938 100201221100000221211100
0.09960938 100201221000100221211100
0.09960938 100201201100102221221100
0.09960938 100201201100000221221100
0.09960938 100201021120100221221100
0.09960938 100200221100100220221100
0.09960938 100122220100100221221100
0.09960938 100121222101100221221100
0.09960938 100121222100100221021100
0.09960938 100121221110100221221200
0.09960938 100121221100200211221100
0.09960938 100121221100200201221100
0.09960938 100121221100111221221100
0.09960938 100121221100110221221000
0.09960938 100121221100102221221120
0.09960938 100121221100100221001100
0.09960938 100121221100100220221102
0.09960938 100121211100100221121100
0.09960938 100120221100120221221100
0.09960938 100111221100100221221110
0.09960938 100111221100100221221101
0.09960938 100022221100100221021100
0.09960938 100021222100100221221200
0.09960938 100021221110100021221100
0.09960938 100021221102101221221100
0.09960938 100021221101100211221100
0.09960938 100021221100120221221200
0.09960938 100021221100110222221100
0.09960938 100021221100110221221120
0.09960938 100021221100100222221200
0.09960938 100021221100100221222110
0.09960938 100021221100100220221102
0.09960938 100021220100100221121100
0.09960938 100021220100100220221100
0.09960938 100021220100100201221100
0.09960938 020221222100100221221100
0.09960938 010221201100100221221100
0.09960938 002221221100100211221100
0.09960938 000221222100110221221100
0.09960938 000221221202100221221100
0.09960938 000221221110000221221100
0.09960938 000221221100200221221101
0.09960938 000221221100120221221102
0.09960938 000221221100110222221100
0.09960938 000221221100100222221101
0.09960938 000221221100100221220101
0.09960938 000221221100100221201110
0.09960938 000221221100100221021102
0.09960938 000221221100100021221102
0.09960938 000221221100020221221100
0.09960938 000221221100000221201100
0.09960938 000221221100000221121100
0.09960938 000221221000100221201100
0.09960938 000221201100100221211100
0.09960938 000221121100101221221100
0.09960938 000221022100100221221100
0.09960938 000221021100100211221100
0.09960938 000211121100100221221100
0.09960938 000121221100100201221100
0.09960938 000021222100100221221100
0.09960938 000021221100100221221102
0.09960938 000021221100100221221101
0.09960938 000021221100100221201100
0.09863281 210221221200100221221100
0.09863281 210221221100100221221101
0.09863281 210221221100100211221100
0.09863281 202021221100100221221100
0.09863281 201201221100100221221100
0.09863281 200221222200100221221100
0.09863281 200221221210100221221100
0.09863281 200221221110100221221110
0.09863281 200221221102100221221200
0.09863281 200221221100200221021100
0.09863281 200221221100100222211100
0.09863281 200221221100100221221010
0.09863281 200221221100100211221200
0.09863281 200221221100100201222100
0.09863281 200221021100100222221100
0.09863281 200211221100100021221100
0.09863281 200201221100100221221102
0.09863281 120222221100100221222100
0.09863281 120222221100100221021100
0.09863281 120221221110102221221100
0.09863281 120221221110100221221110
0.09863281 120221221100200221221120
0.09863281 120221221100200221021100
0.09863281 120221221100100222221101
0.09863281 120221221100100222211100
0.09863281 120221221100100222201100
0.09863281 120221221100100201221000
0.09863281 120221221100100121221110
0.09863281 120221221100000221221102
0.09863281 120221200100100221221100
0.09863281 120221121100100211221100
0.09863281 120221021100100221221110
0.09863281 120220221100110221221100
0.09863281 120211221100100221221102
0.09863281 120201221100100221221101
0.09863281 120201221100100021221100
0.09863281 120121121100100221221100
0.09863281 120120221100100221221100
0.09863281 110222221100102221221100
0.09863281 110221221200102221221100
0.09863281 110221221200100121221100
0.09863281 110221221102100221221102
0.09863281 110221221101100211221100
0.09863281 110221221100102221121100
0.09863281 110221221100102221021100
0.09863281 110221221100101221221200
0.09863281 110221221100100221021102
0.09863281 110221212100100221221100
0.09863281 110221201100100220221100
0.09863281 110221120100100221221100
0.09863281 110221021100200221221100
0.09863281 110220221100200221221100
0.09863281 110211221102100221221100
0.09863281 110201221100200221221100
0.09863281 110201221100101221221100
0.09863281 110201221100000221221100
0.09863281 110121221100110221221100
0.09863281 110120221100100221221100
0.09863281 110021222100100221221100
0.09863281 102222221100100221221000
0.09863281 102221221120100221220100
0.09863281 102221221110000221221100
0.09863281 102221221101100221222100
0.09863281 102221221100120221220100
0.09863281 102221221100120221201100
0.09863281 102221221100102221021100
0.09863281 102221221100100222021100
0.09863281 102221221100100221222101
0.09863281 102221221100100221201102
0.09863281 102221221100100221021200
0.09863281 102221221100100211211100
0.09863281 102221221100100021221000
0.09863281 102221221100000221221120
0.09863281 102221221100000221221102
0.09863281 102221211100100220221100
0.09863281 102221201120100221221100
0.09863281 102221201101100221221100
0.09863281 102220221100110221221100
0.09863281 102220221100100221211100
0.09863281 102211221100100221221000
0.09863281 102211201100100221221100
0.09863281 102201221100102221221100
0.09863281 102201221100100021221100
0.09863281 102201201100100221221100
0.09863281 102121221100100221222100
0.09863281 102121221100100221221102
0.09863281 102121221100100221221101
0.09863281 102121221000100221221100
0.09863281 102021211100100221221100
0.09863281 101221222100100221221102
0.09863281 101221221102100221121100
0.09863281 101221221102100221021100
0.09863281 101221221100201221221100
0.09863281 101221221100200221222100
0.09863281 101221221100100222221101
0.09863281 101221221100100221201200
0.09863281 101221221100100201121100
0.09863281 101221221100100021121100
0.09863281 101221221000100221221110
0.09863281 101221221000000221221100
0.09863281 101221211100100221221102
0.09863281 101221211100100221121100
0.09863281 101221211100100220221100
0.09863281 101221201110100221221100
0.09863281 101221021110100221221100
0.09863281 101221021100100221211100
0.09863281 101220221100200221221100
0.09863281 101220211100100221221100
0.09863281 101211221102100221221100
0.09863281 100222221110100221221120
0.09863281 100222221102100221220100
0.09863281 100222221101100222221100
0.09863281 100222221101100221211100
0.09863281 100222221101100221201100
0.09863281 100222221100200221221120
0.09863281 100222221100100222021100
0.09863281 100222221100100221222200
0.09863281 100222221100100221210100
0.09863281 100222221100100220221200
0.09863281 100222221100100220221110
0.09863281 100222221100000121221100
0.09863281 100222221000100121221100
0.09863281 100221222102200221221100
0.09863281 100221222102100221221000
0.09863281 100221222101100221221110
0.09863281 100221222100120221222100
0.09863281 100221222100120201221100
0.09863281 100221222100100221222200
0.09863281 100221222100100221210100
0.09863281 100221222100100221202100
0.09863281 100221222100100211221000
0.09863281 100221221210100222221100
0.09863281 100221221210100221211100
0.09863281 100221221202100221211100
0.09863281 100221221201100220221100
0.09863281 100221221200110221220100
0.09863281 100221221200100221221220
0.09863281 100221221200100220201100
0.09863281 100221221120102221121100
0.09863281 100221221120102211221100
0.09863281 100221221120100221021110
0.09863281 100221221120100210221100
0.09863281 100221221120100201221102
0.09863281 100221221120100200221100
0.09863281 100221221120000221220100
0.09863281 100221221110120221220100
0.09863281 100221221110101220221100
0.09863281 100221221110100222221101
0.09863281 100221221110100221021110
0.09863281 100221221110100211221000
0.09863281 100221221110100201221101
0.09863281 100221221102120221220100
0.09863281 100221221102102221221101
0.09863281 100221221102102221121100
0.09863281 100221221102101221221101
0.09863281 100221221102100221222120
0.09863281 100221221102100221220101
0.09863281 100221221102100221121120
0.09863281 100221221102100211021100
0.09863281 100221221102000221221000
0.09863281 100221221102000221201100
0.09863281 100221221101110221201100
0.09863281 100221221100200121220100
0.09863281 100221221100200121021100
0.09863281 100221221100120221222110
0.09863281 100221221100120221021000
0.09863281 100221221100120201222100
0.09863281 100221221100111211221100
0.09863281 100221221100102021221000
0.09863281 100221221100101221201200
0.09863281 100221221100101221021000
0.09863281 100221221100101220221000
0.09863281 100221221100100222211120
0.09863281 100221221100100222211110
0.09863281 100221221100100222201000
0.09863281 100221221100100221201201
0.09863281 100221221100100221022102
0.09863281 100221221100100220220102
0.09863281 100221221100100121221220
0.09863281 100221221100100121221002
0.09863281 100221221100100022211100
0.09863281 100221221100100021221020
0.09863281 100221221100100021211200
0.09863281 100221221100100021211110
0.09863281 100221221100100021201120
0.09863281 100221221100100021021110
0.09863281 100221221100000221122100
0.09863281 100221221100000220222100
0.09863281 100221221100000201121100
0.09863281 100221221100000121121100
0.09863281 100221221100000021201100
0.09863281 100221221010100221221200
0.09863281 100221221002100221221200
0.09863281 100221221002100221121100
0.09863281 100221221001100221221110
0.09863281 100221221000200121221100
0.09863281 100221221000101221221120
0.09863281 100221221000100221220110
0.09863281 100221221000100121021100
0.09863281 100221220102102221221100
0.09863281 100221220101100221211100
0.09863281 100221220100100222021100
0.09863281 100221220100100221211102
0.09863281 100221220100002221221100
0.09863281 100221220100000221221000
0.09863281 100221220000100222221100
0.09863281 100221212100100221221120
0.09863281 100221212100100221121100
0.09863281 100221211200000221221100
0.09863281 100221211120120221221100
0.09863281 100221211120000221221100
0.09863281 100221211100200221221000
0.09863281 100221211100100222021100
0.09863281 100221211100100221221010
0.09863281 100221211100100201221120
0.09863281 100221211100000201221100
0.09863281 100221202100100201221100
0.09863281 100221201120100121221100
0.09863281 100221201102100221221200
0.09863281 100221201102100211221100
0.09863281 100221201100110201221100
0.09863281 100221201100102221201100
0.09863281 100221201100101221221101
0.09863281 100221201100101021221100
0.09863281 100221201100100221221210
0.09863281 100221201100100221021120
0.09863281 100221201100100211221200
0.09863281 100221201100000211221100
0.09863281 100221200100101221221100
0.09863281 100221121120102221221100
0.09863281 100221121100200221021100
0.09863281 100221121100101221221110
0.09863281 100221121100100222221102
0.09863281 100221121100100221222200
0.09863281 100221121100100221201120
0.09863281 100221121100100201221000
0.09863281 100221121000102221221100
0.09863281 100221111120100221221100
0.09863281 100221022200100221221100
0.09863281 100221021102100221221200
0.09863281 100221021100200221220100
0.09863281 100221021100102221121100
0.09863281 100221021100100221201110
0.09863281 100221021100100220221000
0.09863281 100221021100000221221110
0.09863281 100221021100000221221102
0.09863281 100221021100000221211100
0.09863281 100221021000101221221100
0.09863281 100221001100100121221100
0.09863281 100220221120100221221000
0.09863281 100220221100110221221110
0.09863281 100220221100101221211100
0.09863281 100220221100100221221202
0.09863281 100220221100100221121000
0.09863281 100220221100100221021110
0.09863281 100220221100100220221102
0.09863281 100220221100100211221102
0.09863281 100220221100100021221110
0.09863281 100220201100100221121100
0.09863281 100211222120100221221100
0.09863281 100211222100100221220100
0.09863281 100211221102101221221100
0.09863281 100211221102100221221101
0.09863281 100211221102100221201100
0.09863281 100211221102100221021100
0.09863281 100211221100102221220100
0.09863281 100211221100100221211101
0.09863281 100211221100100201201100
0.09863281 100211221100100021221200
0.09863281 100211221100001221221100
0.09863281 100211211110100221221100
0.09863281 100211201000100221221100
0.09863281 100211121120100221221100
0.09863281 100201222100200221221100
0.09863281 100201221200100221211100
0.09863281 100201221101100220221100
0.09863281 100201221100200221220100
0.09863281 100201221100120221201100
0.09863281 100201221100100222221102
0.09863281 100201221100100221221002
0.09863281 100201221100100221220110
0.09863281 100201221100100221121110
0.09863281 100201221100100221121000
0.09863281 100201221100100121221102
0.09863281 100201221100000221220100
0.09863281 100201221100000211221100
0.09863281 100201211100100221221101
0.09863281 100201201100100221021100
0.09863281 100201111100100221221100
0.09863281 100201021100110221221100
0.09863281 100201021100100221221102
0.09863281 100122221100110221221100
0.09863281 100121222100100222221100
0.09863281 100121221100120221211100
0.09863281 100121221100100221221201
0.09863281 100121221100100221021110
0.09863281 100121221100100220021100
0.09863281 100121221100100212221100
0.09863281 100121221100100101221100
0.09863281 100121220100100021221100
0.09863281 100121211100100221221102
0.09863281 100121120100100221221100
0.09863281 100021222100100201221100
0.09863281 100021221110101221221100
0.09863281 100021221102100221220100
0.09863281 100021221101100222221100
0.09863281 100021221101100221021100
0.09863281 100021221100200211221100
0.09863281 100021221100100221211102
0.09863281 100021221100100211221101
0.09863281 100021221100100211220100
0.09863281 100021221100100211211100
0.09863281 100021221100100211021100
0.09863281 100021221020100221221100
0.09863281 100021220100100211221100
0.09863281 100021211100200221221100
0.09863281 100021201101100221221100
0.09863281 002221221100100221220100
0.09863281 002221221100100220221100
0.09863281 001221221100100221121100
0.09863281 000221222102100221221100
0.09863281 000221221210100221221100
0.09863281 000221221120100121221100
0.09863281 000221221110100221221110
0.09863281 000221221110100221220100
0.09863281 000221221110100221021100
0.09863281 000221221100200221021100
0.09863281 000221221100120220221100
0.09863281 000221221100102121221100
0.09863281 000221221100100222221102
0.09863281 000221221100100221211200
0.09863281 000221221100100220222100
0.09863281 000221221100100020221100
0.09863281 000221221100000221221101
0.09863281 000221221000100121221100
0.09863281 000221121100100021221100
0.09863281 000221021100100221221102
0.09863281 000201221100100221221101
0.09863281 000201221100100221121100
0.09863281 000021221100100221222100
0.09765625 220221201100100221221100
0.09765625 202221221101100221221100
0.09765625 201221221100110221221100
0.09765625 201221221100100221220100
0.09765625 200222221100100211221100
0.09765625 200221221200100221201100
0.09765625 200221221110100221021100
0.09765625 200221221110100121221100
0.09765625 200221221102100221221000
0.09765625 200221221100200221201100
0.09765625 200221221100120221220100
0.09765625 200221221100110221222100
0.09765625 200221221100102221021100
0.09765625 200221221100100220222100
0.09765625 200221221100100212221100
0.09765625 200221221100100020221100
0.09765625 200221221100000221211100
0.09765625 200221121100100222221100
0.09765625 200221021110100221221100
0.09765625 200221021100200221221100
0.09765625 200221021100100221222100
0.09765625 200201221200100221221100
0.09765625 200201221101100221221100
0.09765625 200201221100100221021100
0.09765625 200021221100100221221200
0.09765625 120222221100101221221100
0.09765625 120221222100100221211100
0.09765625 120221222100100221201100
0.09765625 120221221110100220221100
0.09765625 120221221110100201221100
0.09765625 120221221110100121221100
0.09765625 120221221100200221220100
0.09765625 120221221100200201221100
0.09765625 120221221100101221221102
0.09765625 120221221100100220221102
0.09765625 120221221100001221221100
0.09765625 120221221100000221221101
0.09765625 120221221000100221221102
0.09765625 120221121100100221221200
0.09765625 120221121000100221221100
0.09765625 120221021200100221221100
0.09765625 120221021110100221221100
0.09765625 120201221100101221221100
0.09765625 120201221100100222221100
0.09765625 120021221100100211221100
0.09765625 120021121100100221221100
0.09765625 110222221100100222221100
0.09765625 110222221100000221221100
0.09765625 110221222100100221221120
0.09765625 110221221200120221221100
0.09765625 110221221110110221221100
0.09765625 110221221110100221221120
0.09765625 110221221100120222221100
0.09765625 110221221100102211221100
0.09765625 110221221100101221221000
0.09765625 110221221100101221121100
0.09765625 110221221100101221021100
0.09765625 110221221100100222221101
0.09765625 110221221100100221021000
0.09765625 110221221100100211222100
0.09765625 110221221100100021221102
0.09765625 110221221100000221222100
0.09765625 110221211100100221221101
0.09765625 110221211100000221221100
0.09765625 110221202100100221221100
0.09765625 110221201100100221221101
0.09765625 110221121100110221221100
0.09765625 110221121100100221221200
0.09765625 110221021100100221221110
0.09765625 110220221100100211221100
0.09765625 110211221100100221220100
0.09765625 110021221100102221221100
0.09765625 102222221100100221201100
0.09765625 102221221120100221221101
0.09765625 102221221110100221021100
0.09765625 102221221102102221221100
0.09765625 102221221101100221021100
0.09765625 102221221101000221221100
0.09765625 102221221100102221121100
0.09765625 102221221100100221220110
0.09765625 102221221100100212221100
0.09765625 102221221100100211021100
0.09765625 102221221100000221221200
0.09765625 102221221100000211221100
0.09765625 102221221000120221221100
0.09765625 102221220100100121221100
0.09765625 102221201100102221221100
0.09765625 102221121100100221021100
0.09765625 102220221100200221221100
0.09765625 102220221100000221221100
0.09765625 102211221100110221221100
0.09765625 102201221200100221221100
0.09765625 102201221100000221221100
0.09765625 102201021100100221221100
0.09765625 102021221100100021221100
0.09765625 101222221100100221221110
0.09765625 101221221120100221222100
0.09765625 101221221120100221211100
0.09765625 101221221110100121221100
0.09765625 101221221101100221220100
0.09765625 101221221100110211221100
0.09765625 101221221100102221221101
0.09765625 101221221100102221221000
0.09765625 101221221100100222021100
0.09765625 101221221100100221201000
0.09765625 101221221100100211220100
0.09765625 101221221100100121221000
0.09765625 101221221100000221211100
0.09765625 101221221002100221221100
0.09765625 101221221000100222221100
0.09765625 101221220100101221221100
0.09765625 101221211000100221221100
0.09765625 101221022100100221221100
0.09765625 101220221100100221211100
0.09765625 101211201100100221221100
0.09765625 101201221100100222221100
0.09765625 101021221100000221221100
0.09765625 100222222100120221221100
0.09765625 100222221120100221221000
0.09765625 100222221120100221220100
0.09765625 100222221120100221211100
0.09765625 100222221100120221222100
0.09765625 100222221100120221221120
0.09765625 100222221100120201221100
0.09765625 100222221100110021221100
0.09765625 100222221100100222121100
0.09765625 100222221100100220201100
0.09765625 100222221100100210221100
0.09765625 100222221100100201201100
0.09765625 100222221100000221221120
0.09765625 100221222200100221221200
0.09765625 100221222102000221221100
0.09765625 100221222101100221211100
0.09765625 100221222100200201221100
0.09765625 100221222100102221201100
0.09765625 100221222100100222221200
0.09765625 100221222100100221221002
0.09765625 100221222100100121220100
0.09765625 100221222100100011221100
0.09765625 100221221210000221221100
0.09765625 100221221202100220221100
0.09765625 100221221200102221021100
0.09765625 100221221200100221220102
0.09765625 100221221200100221212100
0.09765625 100221221120200201221100
0.09765625 100221221120110121221100
0.09765625 100221221120100220211100
0.09765625 100221221120100022221100
0.09765625 100221221110200221222100
0.09765625 100221221110120221221200
0.09765625 100221221110120221221120
0.09765625 100221221110110221221000
0.09765625 100221221110110201221100
0.09765625 100221221110100220221000
0.09765625 100221221110100220220100
0.09765625 100221221110100201220100
0.09765625 100221221102200221220100
0.09765625 100221221102120221222100
0.09765625 100221221102100221201000
0.09765625 100221221102100211221101
0.09765625 100221221102100121221120
0.09765625 100221221102100121221110
0.09765625 100221221102100021121100
0.09765625 100221221102100021021100
0.09765625 100221221102000221220100
0.09765625 100221221101110121221100
0.09765625 100221221101100221201200
0.09765625 100221221101100221021000
0.09765625 100221221101100201121100
0.09765625 100221221101000221221101
0.09765625 100221221100202221220100
0.09765625 100221221100200221211200
0.09765625 100221221100200121221102
0.09765625 100221221100200021221000
0.09765625 100221221100120221211110
0.09765625 100221221100120201221101
0.09765625 100221221100120021221200
0.09765625 100221221100110201121100
0.09765625 100221221100110121211100
0.09765625 100221221100110021221000
0.09765625 100221221100110020221100
0.09765625 100221221100102021221200
0.09765625 100221221100101222211100
0.09765625 100221221100101221221002
0.09765625 100221221100101221201000
0.09765625 100221221100101221021120
0.09765625 100221221100101220211100
0.09765625 100221221100101220021100
0.09765625 100221221100101212221100
0.09765625 100221221100101201221101
0.09765625 100221221100100222221201
0.09765625 100221221100100222121200
0.09765625 100221221100100222121102
0.09765625 100221221100100222121000
0.09765625 100221221100100221211002
0.09765625 100221221100100221120110
0.09765625 100221221100100211201101
0.09765625 100221221100100210221101
0.09765625 100221221100100122211100
0.09765625 100221221100100021221001
0.09765625 100221221100100021121110
0.09765625 100221221100001201221100
0.09765625 100221221100000221212100
0.09765625 100221221100000121222100
0.09765625 100221221020100221221000
0.09765625 100221221001100221221102
0.09765625 100221221000102221221101
0.09765625 100221221000101211221100
0.09765625 100221221000100221220102
0.09765625 100221221000100220222100
0.09765625 100221221000100211220100
0.09765625 100221220110100221221120
0.09765625 100221220100101221221101
0.09765625 100221220100100221211120
0.09765625 100221220100100221022100
0.09765625 100221220100100201211100
0.09765625 100221220100100020221100
0.09765625 100221220100000221201100
0.09765625 100221220100000121221100
0.09765625 100221212100100222221100
0.09765625 100221211110000221221100
0.09765625 100221211100120221222100
0.09765625 100221211100102221221102
0.09765625 100221211100102221021100
0.09765625 100221211100102021221100
0.09765625 100221211100101221221102
0.09765625 100221210120100221221100
0.09765625 100221210100100201221100
0.09765625 100221201102100221221000
0.09765625 100221201101100221221120
0.09765625 100221201101100221221110
0.09765625 100221201100201221221100
0.09765625 100221201100110221220100
0.09765625 100221201100110121221100
0.09765625 100221201100102121221100
0.09765625 100221201100100222221102
0.09765625 100221201100100212221100
0.09765625 100221122100100221221120
0.09765625 100221121100201221221100
0.09765625 100221121100200221221120
0.09765625 100221121100120222221100
0.09765625 100221121100100220222100
0.09765625 100221121100000221221102
0.09765625 100221121100000221211100
0.09765625 100221121010100221221100
0.09765625 100221120100200221221100
0.09765625 100221022100200221221100
0.09765625 100221021110100222221100
0.09765625 100221021102100211221100
0.09765625 100221021101100211221100
0.09765625 100221021100120221221120
0.09765625 100221021100120221221101
0.09765625 100221021100102221221102
0.09765625 100221021100102201221100
0.09765625 100221021100101220221100
0.09765625 100221021100100221220110
0.09765625 100221021100100221211000
0.09765625 100221021100100220220100
0.09765625 100221021100100021222100
0.09765625 100221021100000221201100
0.09765625 100221021000102221221100
0.09765625 100221020100102221221100
0.09765625 100221020100100201221100
0.09765625 100220222100120221221100
0.09765625 100220221102100221221000
0.09765625 100220221101000221221100
0.09765625 100220221100120221220100
0.09765625 100220221100110221221120
0.09765625 100220221100100221201120
0.09765625 100220221100100121121100
0.09765625 100220211200100221221100
0.09765625 100212221100100221211100
0.09765625 100212220100100221221100
0.09765625 100211222100000221221100
0.09765625 100211221200100221201100
0.09765625 100211221120100222221100
0.09765625 100211221102100221222100
0.09765625 100211221100110221121100
0.09765625 100211221100100221221001
0.09765625 100211221100100200221100
0.09765625 100211221100100121222100
0.09765625 100211221100000220221100
0.09765625 100211221000102221221100
0.09765625 100211220100100221221101
0.09765625 100211212100100221221100
0.09765625 100211201100100221221101
0.09765625 100211021101100221221100
0.09765625 100201222100100221121100
0.09765625 100201221120100221221110
0.09765625 100201221101100221201100
0.09765625 100201221100200121221100
0.09765625 100201221100110221221110
0.09765625 100201221100100221221210
0.09765625 100201221100100220221110
0.09765625 100201221100100201220100
0.09765625 100201221100000221222100
0.09765625 100201221001100221221100
0.09765625 100201212100100221221100
0.09765625 100201210100100221221100
0.09765625 100201121110100221221100
0.09765625 100201021101100221221100
0.09765625 100122221101100221221100
0.09765625 100121221100110222221100
0.09765625 100121221100100221021000
0.09765625 100121211100100221221120
0.09765625 100121211100100221021100
0.09765625 100121121100100222221100
0.09765625 100120221100100221021100
0.09765625 100120220100100221221100
0.09765625 100111221100100221220100
0.09765625 100111221100100211221100
0.09765625 100021222100100221021100
0.09765625 100021221110100221221200
0.09765625 100021221102100221221102
0.09765625 100021221100120222221100
0.09765625 100021221100100221220101
0.09765625 100021221100100212221100
0.09765625 100021221100100211201100
0.09765625 100021221100020221221100
0.09765625 100021221100000221121100
0.09765625 100021220120100221221100
0.09765625 100021201100100221121100
0.09765625 100021201100100201221100
0.09765625 100021121100100220221100
0.09765625 020221221100200221221100
0.09765625 001221222100100221221100
0.09765625 001221221100120221221100
0.09765625 001221221100100221021100
0.09765625 000221222101100221221100
0.09765625 000221221120100221221102
0.09765625 000221221120100221121100
0.09765625 000221221120100211221100
0.09765625 000221221102100221221101
0.09765625 000221221100210221221100
0.09765625 000221221100120201221100
0.09765625 000221221100110221220100
0.09765625 000221221100100221211000
0.09765625 000221221100100220221102
0.09765625 000221221100100122221100
0.09765625 000221221100010221221100
0.09765625 000221220100200221221100
0.09765625 000221121100100221021100
0.09765625 000221121000100221221100
0.09765625 000211221100100221221102
0.09765625 000211221000100221221100
0.09765625 000121221100100222221100
0.09765625 000121221100100221211100
0.09765625 000121201100100221221100
0.09765625 000021221100100211221100
0.09667969 210221222100100221221100
0.09667969 210221220100100221221100
0.09667969 202221221102100221221100
0.09667969 202221221100100221220100
0.09667969 202221021100100221221100
0.09667969 200221222101100221221100
0.09667969 200221222100100221220100
0.09667969 200221221201100221221100
0.09667969 200221221200101221221100
0.09667969 200221221120102221221100
0.09667969 200221221102102221221100
0.09667969 200221221100220221221100
0.09667969 200221221100110201221100
0.09667969 200221221100100221220101
0.09667969 200221221100100221020100
0.09667969 200221221100100021021100
0.09667969 200221221100001221221100
0.09667969 200221121100100021221100
0.09667969 200221021100100220221100
0.09667969 200201221100101221221100
0.09667969 200021221100100201221100
0.09667969 120221221102100221221102
0.09667969 120221221102100221021100
0.09667969 120221221100200221221110
0.09667969 120221221100110211221100
0.09667969 120221221100110121221100
0.09667969 120221221100101211221100
0.09667969 120221221100100221221002
0.09667969 120221221100000201221100
0.09667969 120221211100100221211100
0.09667969 120221121100100221221000
0.09667969 120221021100100221221102
0.09667969 120221021100100221021100
0.09667969 120221021000100221221100
0.09667969 120220221100102221221100
0.09667969 120021221100110221221100
0.09667969 120021221100100221201100
0.09667969 120021021100100221221100
0.09667969 110222221100100221221120
0.09667969 110221222100100221221000
0.09667969 110221221120100222221100
0.09667969 110221221120100221221110
0.09667969 110221221110100221121100
0.09667969 110221221102100221021100
0.09667969 110221221100102221221000
0.09667969 110221221100101221221120
0.09667969 110221221100101221221102
0.09667969 110221221100100222221200
0.09667969 110221221100100021221200
0.09667969 110221221000200221221100
0.09667969 110221220100100221221110
0.09667969 110221220100100221221101
0.09667969 110221220100000221221100
0.09667969 110221211100100221221102
0.09667969 110221201102100221221100
0.09667969 110221121120100221221100
0.09667969 110220221100110221221100
0.09667969 110220221100100201221100
0.09667969 110220211100100221221100
0.09667969 110220201100100221221100
0.09667969 110201121100100221221100
0.09667969 110201021100100221221100
0.09667969 110021221100110221221100
0.09667969 110021221100100222221100
0.09667969 102222221102100221221100
0.09667969 102221221120100211221100
0.09667969 102221221120100121221100
0.09667969 102221221110101221221100
0.09667969 102221221102101221221100
0.09667969 102221221101100221221200
0.09667969 102221221100102021221100
0.09667969 102221221100100221211102
0.09667969 102221221100100221201000
0.09667969 102221221100100221121110
0.09667969 102221221001100221221100
0.09667969 102221220100100221201100
0.09667969 102221211100100221221110
0.09667969 102221201100101221221100
0.09667969 102221201100100221211100
0.09667969 102221121100100221201100
0.09667969 102220221000100221221100
0.09667969 102021221100102221221100
0.09667969 102021221100000221221100
0.09667969 101222221100100221221000
0.09667969 101221222120100221221100
0.09667969 101221221120100221221102
0.09667969 101221221120100221221000
0.09667969 101221221100120221220100
0.09667969 101221221100102221221120
0.09667969 101221221100102211221100
0.09667969 101221221100101121221100
0.09667969 101221221100100211221101
0.09667969 101221221100100211121100
0.09667969 101221221100100201220100
0.09667969 101221221100100021211100
0.09667969 101221221100000211221100
0.09667969 101221221000101221221100
0.09667969 101221211100100221221110
0.09667969 101221211100100221221101
0.09667969 101221121100100221021100
0.09667969 101221021100100221021100
0.09667969 101221021100100211221100
0.09667969 101220221102100221221100
0.09667969 101220221000100221221100
0.09667969 101211221100120221221100
0.09667969 101201221101100221221100
0.09667969 101021221100102221221100
0.09667969 100222221200200221221100
0.09667969 100222221200100221220100
0.09667969 100222221110100221221200
0.09667969 100222221101110221221100
0.09667969 100222221100200201221100
0.09667969 100222221100120222221100
0.09667969 100222221100120221221110
0.09667969 100222221100110201221100
0.09667969 100222221100100221201110
0.09667969 100222221100100221121110
0.09667969 100222221100100221121000
0.09667969 100222221100100220221120
0.09667969 100222221100100220121100
0.09667969 100222221100100201211100
0.09667969 100222221100000221222100
0.09667969 100222221100000221221110
0.09667969 100222221000102221221100
0.09667969 100222220120100221221100
0.09667969 100222021100100221211100
0.09667969 100221222120120221221100
0.09667969 100221222120100221121100
0.09667969 100221222110100221121100
0.09667969 100221222110100021221100
0.09667969 100221222110000221221100
0.09667969 100221222102100211221100
0.09667969 100221222100110211221100
0.09667969 100221222100101021221100
0.09667969 100221222100100221201102
0.09667969 100221222100100221121000
0.09667969 100221222100100220021100
0.09667969 100221222100100121221101
0.09667969 100221222100100120221100
0.09667969 100221222100000221221120
0.09667969 100221221202100221201100
0.09667969 100221221202100121221100
0.09667969 100221221201100221220100
0.09667969 100221221200110221121100
0.09667969 100221221200100221221010
0.09667969 100221221200100211221200
0.09667969 100221221200100211221120
0.09667969 100221221200100211220100
0.09667969 100221221120200221222100
0.09667969 100221221120110220221100
0.09667969 100221221120102221021100
0.09667969 100221221120100222220100
0.09667969 100221221120100221222101
0.09667969 100221221120100221221001
0.09667969 100221221120100221121000
0.09667969 100221221120000021221100
0.09667969 100221221110120221221110
0.09667969 100221221110110221221120
0.09667969 100221221110102211221100
0.09667969 100221221110101221221110
0.09667969 100221221110100221220120
0.09667969 100221221110100221122100
0.09667969 100221221110100221022100
0.09667969 100221221110100221021120
0.09667969 100221221110100220221102
0.09667969 100221221102120121221100
0.09667969 100221221102110021221100
0.09667969 100221221102102221221200
0.09667969 100221221102100221221001
0.09667969 100221221101200221211100
0.09667969 100221221101200221121100
0.09667969 100221221101200021221100
0.09667969 100221221101120221221000
0.09667969 100221221101120221121100
0.09667969 100221221101110221222100
0.09667969 100221221101110221211100
0.09667969 100221221101100221222120
0.09667969 100221221101100221121120
0.09667969 100221221101100221021200
0.09667969 100221221101100122221100
0.09667969 100221221100200221220120
0.09667969 100221221100200221212100
0.09667969 100221221100200221202100
0.09667969 100221221100120222221000
0.09667969 100221221100120021221000
0.09667969 100221221100110221211110
0.09667969 100221221100110211221000
0.09667969 100221221100110201221101
0.09667969 100221221100102222221200
0.09667969 100221221100102222201100
0.09667969 100221221100102221221111
0.09667969 100221221100102221211110
0.09667969 100221221100102212221100
0.09667969 100221221100101221111100
0.09667969 100221221100101221021110
0.09667969 100221221100100222212100
0.09667969 100221221100100221020120
0.09667969 100221221100100221020110
0.09667969 100221221100100221001000
0.09667969 100221221100100212221101
0.09667969 100221221100100201221201
0.09667969 100221221100100201220102
0.09667969 100221221100100201211000
0.09667969 100221221100100120221102
0.09667969 100221221100100021121200
0.09667969 100221221100001221221110
0.09667969 100221221100000221211120
0.09667969 100221221100000201221101
0.09667969 100221221100000111221100
0.09667969 100221221020100201221100
0.09667969 100221221010100221221120
0.09667969 100221221002100221221102
0.09667969 100221221000200221211100
0.09667969 100221221000120221211100
0.09667969 100221221000100222221110
0.09667969 100221221000100222221000
0.09667969 100221221000100221221001
0.09667969 100221221000100201221120
0.09667969 100221221000100121221000
0.09667969 100221221000000221201100
0.09667969 100221220120100221221110
0.09667969 100221220110102221221100
0.09667969 100221220110100211221100
0.09667969 100221220102100221221102
0.09667969 100221220102100221221101
0.09667969 100221220100102221201100
0.09667969 100221220100102220221100
0.09667969 100221220100100221021000
0.09667969 100221220100100021221120
0.09667969 100221211122100221221100
0.09667969 100221211120100221221102
0.09667969 100221211110200221221100
0.09667969 100221211100200221211100
0.09667969 100221211100100221201102
0.09667969 100221211100100120221100
0.09667969 100221211100000221201100
0.09667969 100221202100100221221200
0.09667969 100221201200200221221100
0.09667969 100221201200110221221100
0.09667969 100221201200100021221100
0.09667969 100221201120101221221100
0.09667969 100221201120000221221100
0.09667969 100221201110110221221100
0.09667969 100221201100110221201100
0.09667969 100221201100102221221101
0.09667969 100221201100102221211100
0.09667969 100221201100100221021000
0.09667969 100221201100100121220100
0.09667969 100221201100000201221100
0.09667969 100221121110100222221100
0.09667969 100221121102100121221100
0.09667969 100221121100202221221100
0.09667969 100221121100120221221110
0.09667969 100221121100102021221100
0.09667969 100221121100101221221120
0.09667969 100221121100101221211100
0.09667969 100221121100100222211100
0.09667969 100221121100100221221111
0.09667969 100221121100002221221100
0.09667969 100221111000100221221100
0.09667969 100221022102100221221100
0.09667969 100221021120100221211100
0.09667969 100221021110100221221102
0.09667969 100221021102100121221100
0.09667969 100221021102000221221100
0.09667969 100221021100202221221100
0.09667969 100221021100200201221100
0.09667969 100221021100120222221100
0.09667969 100221021100110221201100
0.09667969 100221021100100222222100
0.09667969 100221021100100222221102
0.09667969 100221021100100221021102
0.09667969 100221021100100220221110
0.09667969 100221021100100201222100
0.09667969 100221021100000221121100
0.09667969 100221021000100222221100
0.09667969 100221020100100221221120
0.09667969 100220221110100211221100
0.09667969 100220221102100021221100
0.09667969 100220221100110221201100
0.09667969 100220221100100221220110
0.09667969 100220221100100221021120
0.09667969 100220221100100220221101
0.09667969 100220221000100222221100
0.09667969 100220211110100221221100
0.09667969 100220121102100221221100
0.09667969 100212221100120221221100
0.09667969 100211222100100221221000
0.09667969 100211221120100221222100
0.09667969 100211221120100201221100
0.09667969 100211221101100222221100
0.09667969 100211221100120221222100
0.09667969 100211221100100221120100
0.09667969 100211221000000221221100
0.09667969 100211210100100221221100
0.09667969 100211121000100221221100
0.09667969 100211011100100221221100
0.09667969 100210221100102221221100
0.09667969 100202221100100222221100
0.09667969 100201221100200221201100
0.09667969 100201221100110222221100
0.09667969 100201221100102221021100
0.09667969 100201221100100222220100
0.09667969 100201221100100221222110
0.09667969 100201221100100221221201
0.09667969 100201221100100221211110
0.09667969 100201221100100221021000
0.09667969 100201221100100211220100
0.09667969 100201220100100221222100
0.09667969 100201201100100221211100
0.09667969 100201201100100021221100
0.09667969 100201121100100221221102
0.09667969 100122221100120221221100
0.09667969 100122221100100221221120
0.09667969 100121222100100201221100
0.09667969 100121222100000221221100
0.09667969 100121221110100221221101
0.09667969 100121221110100021221100
0.09667969 100121221102100221021100
0.09667969 100121221100120222221100
0.09667969 100121221100102221221200
0.09667969 100121221100000221221000
0.09667969 100121221000110221221100
0.09667969 100121220110100221221100
0.09667969 100121211100100201221100
0.09667969 100121201110100221221100
0.09667969 100121201100102221221100
0.09667969 100121021102100221221100
0.09667969 100120221100110221221100
0.09667969 100120221100100221221000
0.09667969 100022221100000221221100
0.09667969 100021221120120221221100
0.09667969 100021221120100021221100
0.09667969 100021221102200221221100
0.09667969 100021221102100221021100
0.09667969 100021221100100221201102
0.09667969 100021221100100201021100
0.09667969 100021221100100021221120
0.09667969 100021221100000221221120
0.09667969 100021221100000221221110
0.09667969 100021220110100221221100
0.09667969 100021220100000221221100
0.09667969 100021212100100221221100
0.09667969 100021211100100221221120
0.09667969 100021211100100220221100
0.09667969 100021021102100221221100
0.09667969 100021021100100222221100
0.09667969 100020221200100221221100
0.09667969 100020221100100221221110
0.09667969 020221221100120221221100
0.09667969 002221201100100221221100
0.09667969 001221221110100221221100
0.09667969 000221221200100021221100
0.09667969 000221221110102221221100
0.09667969 000221221100110221021100
0.09667969 000221221100110201221100
0.09667969 000221221100100222021100
0.09667969 000221221100100221020100
0.09667969 000221221100100120221100
0.09667969 000221221100000221220100
0.09667969 000221221000100221222100
0.09667969 000221220100100221021100
0.09667969 000221201100100222221100
0.09667969 000221021100100221221200
0.09667969 000211221100100021221100
0.09667969 000201221101100221221100
0.09667969 000121221100100221221110
0.09667969 000121221100100221221102
0.09570312 202221221100100221221120
0.09570312 201221221100100221221110
0.09570312 201221221000100221221100
0.09570312 200221221120100221021100
0.09570312 200221221110100222221100
0.09570312 200221221110100221221101
0.09570312 200221221101200221221100
0.09570312 200221221100110221021100
0.09570312 200221221100102221221120
0.09570312 200221221100101201221100
0.09570312 200221221100100221211000
0.09570312 200221221100100221121102
0.09570312 200221221000100201221100
0.09570312 200221211100100221211100
0.09570312 200221211100100221201100
0.09570312 200221121100100221021100
0.09570312 200221121100100121221100
0.09570312 200211221100100221021100
0.09570312 200201221100100222221100
0.09570312 200201221100100221121100
0.09570312 200121221100110221221100
0.09570312 200121221100100221221120
0.09570312 200121221100100221211100
0.09570312 120222221120100221221100
0.09570312 120222221100100201221100
0.09570312 120222221100100121221100
0.09570312 120222221100100021221100
0.09570312 120221221200100121221100
0.09570312 120221221110100221221101
0.09570312 120221221102120221221100
0.09570312 120221221100200221121100
0.09570312 120221221100101221221120
0.09570312 120221221100100222221102
0.09570312 120221221100100221021102
0.09570312 120221221100100211021100
0.09570312 120221221100000021221100
0.09570312 120221201100200221221100
0.09570312 120221121100200221221100
0.09570312 120221021100100211221100
0.09570312 120221021100100021221100
0.09570312 120220221100100211221100
0.09570312 120212221100100221221100
0.09570312 120201221100100221221110
0.09570312 120201021100100221221100
0.09570312 120121221100100221211100
0.09570312 120121221100100221201100
0.09570312 120021221100100221222100
0.09570312 120021221100100221211100
0.09570312 120021221100100021221100
0.09570312 110222221100100021221100
0.09570312 110221222100100221221200
0.09570312 110221221110000221221100
0.09570312 110221221100200211221100
0.09570312 110221221100120221221200
0.09570312 110221221100102221221120
0.09570312 110221221100102221221110
0.09570312 110221221100100122221100
0.09570312 110221221100100021221101
0.09570312 110221220120100221221100
0.09570312 110221220100100220221100
0.09570312 110221201100100222221100
0.09570312 110221201100100221222100
0.09570312 110221201100100221221120
0.09570312 110221201100100121221100
0.09570312 110221201100000221221100
0.09570312 110221121100120221221100
0.09570312 110221121100100221021100
0.09570312 110221021100100221221200
0.09570312 110221021100100221021100
0.09570312 110220221100120221221100
0.09570312 110220221100000221221100
0.09570312 110211221100200221221100
0.09570312 110211021100100221221100
0.09570312 110021221100100220221100
0.09570312 110021121100100221221100
0.09570312 102222221100200221221100
0.09570312 102222221100100221221120
0.09570312 102222221100100021221100
0.09570312 102221221210100221221100
0.09570312 102221221200100221220100
0.09570312 102221221120100221121100
0.09570312 102221221110110221221100
0.09570312 102221221110102221221100
0.09570312 102221221110100221220100
0.09570312 102221221100202221221100
0.09570312 102221221100200221221102
0.09570312 102221221100200121221100
0.09570312 102221221100102221221000
0.09570312 102221221100101221201100
0.09570312 102221221100100222201100
0.09570312 102221221100100221201200
0.09570312 102221221100100201222100
0.09570312 102221221100100201220100
0.09570312 102221221100100020221100
0.09570312 102221221100000221221110
0.09570312 102221221100000201221100
0.09570312 102221221000101221221100
0.09570312 102221221000100221211100
0.09570312 102221221000100221121100
0.09570312 102221221000000221221100
0.09570312 102221211100100221221200
0.09570312 102221211100100221221000
0.09570312 102221021100102221221100
0.09570312 102220221102100221221100
0.09570312 102220221100100211221100
0.09570312 102211221100100221211100
0.09570312 102211221100100021221100
0.09570312 102201221100100211221100
0.09570312 102121221120100221221100
0.09570312 102121221100100021221100
0.09570312 101222221100110221221100
0.09570312 101221222100100221222100
0.09570312 101221221200120221221100
0.09570312 101221221200100221221101
0.09570312 101221221200100221220100
0.09570312 101221221110100222221100
0.09570312 101221221102100221221102
0.09570312 101221221101100221222100
0.09570312 101221221100110021221100
0.09570312 101221221100101201221100
0.09570312 101221221100100222211100
0.09570312 101221221100100221222110
0.09570312 101221221100100221220110
0.09570312 101221221100100211021100
0.09570312 101221221100100201221101
0.09570312 101221221100002221221100
0.09570312 101221221000100221021100
0.09570312 101221201100100221201100
0.09570312 101221121100200221221100
0.09570312 101221021100000221221100
0.09570312 101220221200100221221100
0.09570312 100222221110100220221100
0.09570312 100222221101101221221100
0.09570312 100222221100200211221100
0.09570312 100222221100110221221200
0.09570312 100222221100100221220000
0.09570312 100222221100100221021000
0.09570312 100222221100100220211100
0.09570312 100222221100000221220100
0.09570312 100222221000100221222100
0.09570312 100222212100100221221100
0.09570312 100222211110100221221100
0.09570312 100222021120100221221100
0.09570312 100221222102100221211100
0.09570312 100221222102100221021100
0.09570312 100221222101102221221100
0.09570312 100221222100110221222100
0.09570312 100221222100110221220100
0.09570312 100221222100102121221100
0.09570312 100221222100100221221210
0.09570312 100221222100100211221200
0.09570312 100221222100100121201100
0.09570312 100221221200200211221100
0.09570312 100221221200120221220100
0.09570312 100221221200110221201100
0.09570312 100221221200102221221101
0.09570312 100221221200100220221110
0.09570312 100221221200100210221100
0.09570312 100221221200100121021100
0.09570312 100221221200100022221100
0.09570312 100221221200000021221100
0.09570312 100221221120200221211100
0.09570312 100221221120120221222100
0.09570312 100221221120120221221110
0.09570312 100221221120110221201100
0.09570312 100221221120110221121100
0.09570312 100221221120102221221110
0.09570312 100221221120100221222200
0.09570312 100221221120100221221210
0.09570312 100221221120100221221122
0.09570312 100221221120100212221100
0.09570312 100221221120100201221200
0.09570312 100221221110110221121100
0.09570312 100221221110102221221110
0.09570312 100221221110100201222100
0.09570312 100221221110000201221100
0.09570312 100221221102100221121110
0.09570312 100221221102100221022100
0.09570312 100221221102000021221100
0.09570312 100221221101102221221200
0.09570312 100221221101100221222102
0.09570312 100221221101100221021101
0.09570312 100221221101100211021100
0.09570312 100221221101100121221120
0.09570312 100221221101100021221102
0.09570312 100221221101002221221100
0.09570312 100221221100200221121200
0.09570312 100221221100200221020100
0.09570312 100221221100200201221000
0.09570312 100221221100200121222100
0.09570312 100221221100120221121110
0.09570312 100221221100110221211200
0.09570312 100221221100110221201200
0.09570312 100221221100102221021000
0.09570312 100221221100102121221000
0.09570312 100221221100102022221100
0.09570312 100221221100101221121000
0.09570312 100221221100101201121100
0.09570312 100221221100100222220120
0.09570312 100221221100100211221201
0.09570312 100221221100100202221101
0.09570312 100221221100100201222102
0.09570312 100221221100100201211101
0.09570312 100221221100100122121100
0.09570312 100221221100100121211110
0.09570312 100221221100100111021100
0.09570312 100221221100000221221202
0.09570312 100221221100000211221000
0.09570312 100221221010100221221110
0.09570312 100221221002200221221100
0.09570312 100221221002110221221100
0.09570312 100221221002000221221100
0.09570312 100221221000120221221000
0.09570312 100221221000110221221200
0.09570312 100221221000101221221200
0.09570312 100221221000100221020100
0.09570312 100221221000100220221102
0.09570312 100221221000000121221100
0.09570312 100221220120100211221100
0.09570312 100221220110100221222100
0.09570312 100221220110100221221110
0.09570312 100221220101100221221000
0.09570312 100221220100202221221100
0.09570312 100221220100120221201100
0.09570312 100221220100102201221100
0.09570312 100221220100101221221000
0.09570312 100221220100101221021100
0.09570312 100221220100100211221101
0.09570312 100221220100100121221101
0.09570312 100221220100100021221102
0.09570312 100221220100100021221000
0.09570312 100221211110120221221100
0.09570312 100221211100200221220100
0.09570312 100221211100200221201100
0.09570312 100221211100200201221100
0.09570312 100221211100101021221100
0.09570312 100221211100100222221102
0.09570312 100221211100100221221002
0.09570312 100221211100100221221001
0.09570312 100221211100100221211102
0.09570312 100221211100100202221100
0.09570312 100221211100000221221000
0.09570312 100221210100100221221000
0.09570312 100221202100100221021100
0.09570312 100221202100100021221100
0.09570312 100221201110102221221100
0.09570312 100221201102100221221120
0.09570312 100221201101100221021100
0.09570312 100221201100120222221100
0.09570312 100221201100100221211101
0.09570312 100221201100100211221000
0.09570312 100221201100100201221000
0.09570312 100221201100100021221102
0.09570312 100221122100100222221100
0.09570312 100221121200101221221100
0.09570312 100221121101100221221101
0.09570312 100221121101100221121100
0.09570312 100221121100200221221110
0.09570312 100221121100200221211100
0.09570312 100221121100200201221100
0.09570312 100221121100100221211000
0.09570312 100221121100100221021120
0.09570312 100221121100100201221102
0.09570312 100221121000100222221100
0.09570312 100221111100100221121100
0.09570312 100221022100110221221100
0.09570312 100221021100200221222100
0.09570312 100221021100200221221000
0.09570312 100221021100120221121100
0.09570312 100221021100120201221100
0.09570312 100221021100110221221102
0.09570312 100221021100110201221100
0.09570312 100221021100100222121100
0.09570312 100221021100100221220120
0.09570312 100221021100100221211110
0.09570312 100221021100100221021101
0.09570312 100221021100100121222100
0.09570312 100221020100110221221100
0.09570312 100221020100100221211100
0.09570312 100220221120100221222100
0.09570312 100220221101100222221100
0.09570312 100220221100200221221120
0.09570312 100220221100200211221100
0.09570312 100220221100120221222100
0.09570312 100220221100101221221110
0.09570312 100220221100100221211110
0.09570312 100220221100100201220100
0.09570312 100220221100100121021100
0.09570312 100220221100000221220100
0.09570312 100220211120100221221100
0.09570312 100220121100100222221100
0.09570312 100220121100100221221102
0.09570312 100211221200000221221100
0.09570312 100211221120100221221110
0.09570312 100211221100100221221220
0.09570312 100211221100100220201100
0.09570312 100211221100100021221101
0.09570312 100211221100002221221100
0.09570312 100211221001100221221100
0.09570312 100211220100100221222100
0.09570312 100211121200100221221100
0.09570312 100211021100100221211100
0.09570312 100202221100102221221100
0.09570312 100201221120100221221200
0.09570312 100201221101100221221110
0.09570312 100201221100110221222100
0.09570312 100201221100110211221100
0.09570312 100201221100102121221100
0.09570312 100201221100100222201100
0.09570312 100201221100100222121100
0.09570312 100201221100100220221102
0.09570312 100201221000100221021100
0.09570312 100201211100100221021100
0.09570312 100201121100100222221100
0.09570312 100122201100100221221100
0.09570312 100121221110100201221100
0.09570312 100121221100110221222100
0.09570312 100121221100102221121100
0.09570312 100121221100100222221120
0.09570312 100121221100100221211120
0.09570312 100121221100100021221200
0.09570312 100121221100000221221200
0.09570312 100121221020100221221100
0.09570312 100121211100100221221200
0.09570312 100121122100100221221100
0.09570312 100121121100100220221100
0.09570312 100121021100100221221200
0.09570312 100120221102100221221100
0.09570312 100120221100100221221120
0.09570312 100101221100100121221100
0.09570312 100022221102100221221100
0.09570312 100022221100100221221110
0.09570312 100021221120100221220100
0.09570312 100021221110100221121100
0.09570312 100021221110100221021100
0.09570312 100021221110100220221100
0.09570312 100021221102100221201100
0.09570312 100021221101100221220100
0.09570312 100021221100200221221102
0.09570312 100021221100120221121100
0.09570312 100021221100102221221120
0.09570312 100021221100102220221100
0.09570312 100021221100101221221120
0.09570312 100021221100101221221110
0.09570312 100021221100100221201200
0.09570312 100021221100100221121110
0.09570312 100021221100100221111100
0.09570312 100021201100100221221102
0.09570312 100021201100100211221100
0.09570312 100020221000100221221100
0.09570312 020221220100100221221100
0.09570312 002201221100100221221100
0.09570312 001221221100200221221100
0.09570312 001221221100100221221102
0.09570312 001221221100100221221101
0.09570312 001221221100100221220100
0.09570312 001221221100100021221100
0.09570312 001211221100100221221100
0.09570312 000221221120100221221101
0.09570312 000221221110100220221100
0.09570312 000221221100120221221101
0.09570312 000221221100102221221120
0.09570312 000221221100102220221100
0.09570312 000221221100101201221100
0.09570312 000221221100100222220100
0.09570312 000221221100100221222110
0.09570312 000221221100100221221001
0.09570312 000221221100100221121120
0.09570312 000221221100100220021100
0.09570312 000221221100100201222100
0.09570312 000221221100100021221110
0.09570312 000221220100100221221120
0.09570312 000221220100100221221101
0.09570312 000221121100120221221100
0.09570312 000201221100100222221100
0.09570312 000201221100100221021100
0.09570312 000201121100100221221100
0.09570312 000121221100100221221101
0.09472656 200222222100100221221100
0.09472656 200222221100100121221100
0.09472656 200221221110100221121100
0.09472656 200221221100101221021100
0.09472656 200221221100100221222110
0.09472656 200221221100100221022100
0.09472656 200221221100100221021120
0.09472656 200221221100100122221100
0.09472656 200221021100100221121100
0.09472656 200221021100100221021100
0.09472656 200211221100101221221100
0.09472656 200021021100100221221100
0.09472656 120221221200100221221102
0.09472656 120221221200100201221100
0.09472656 120221221120100221021100
0.09472656 120221221120100211221100
0.09472656 120221221101000221221100
0.09472656 120221221100110221121100
0.09472656 120221221100102211221100
0.09472656 120221221100101221221101
0.09472656 120221221100100221222102
0.09472656 120221221100100221022100
0.09472656 120221221100100201221102
0.09472656 120221221100100021221102
0.09472656 120221221100000221221120
0.09472656 120221211100100221121100
0.09472656 120221121100100221021100
0.09472656 120221021100100221221101
0.09472656 120221021100100221121100
0.09472656 120220221100000221221100
0.09472656 120201221100100221121100
0.09472656 120020221100100221221100
0.09472656 110221222100100201221100
0.09472656 110221221200100221121100
0.09472656 110221221120100221121100
0.09472656 110221221110100220221100
0.09472656 110221221102100221221101
0.09472656 110221221102100221121100
0.09472656 110221221102000221221100
0.09472656 110221221100200121221100
0.09472656 110221221100120201221100
0.09472656 110221221100100222222100
0.09472656 110221221100100211221102
0.09472656 110221220100100121221100
0.09472656 110221220100100021221100
0.09472656 110221211100101221221100
0.09472656 110221201100100221121100
0.09472656 110221121100200221221100
0.09472656 110221121100100221221102
0.09472656 110221121100100021221100
0.09472656 110221021100100221221102
0.09472656 110220021100100221221100
0.09472656 110211221200100221221100
0.09472656 110211221100100221221101
0.09472656 110211221100100221021100
0.09472656 110211221100100021221100
0.09472656 110211220100100221221100
0.09472656 110201221100120221221100
0.09472656 110201221100102221221100
0.09472656 110021221100100221221102
0.09472656 110021201100100221221100
0.09472656 102222221100100220221100
0.09472656 102222221000100221221100
0.09472656 102221221120100221222100
0.09472656 102221221102100221221200
0.09472656 102221221102100221121100
0.09472656 102221221102100221021100
0.09472656 102221221102100021221100
0.09472656 102221221101100221201100
0.09472656 102221221100200221220100
0.09472656 102221221100200221201100
0.09472656 102221221100102221221120
0.09472656 102221221100102220221100
0.09472656 102221221100101221211100
0.09472656 102221221100100222121100
0.09472656 102221221100100221201110
0.09472656 102221221100100221120100
0.09472656 102221221100100221022100
0.09472656 102221221100100220222100
0.09472656 102221221100100220121100
0.09472656 102221221100100211121100
0.09472656 102221221100100201221102
0.09472656 102221221100001221221100
0.09472656 102221221100000221201100
0.09472656 102221221000100221220100
0.09472656 102221211102100221221100
0.09472656 102221211100100021221100
0.09472656 102221211000100221221100
0.09472656 102221121100100221220100
0.09472656 102221021100100221220100
0.09472656 102221021100100201221100
0.09472656 102220221100100221221120
0.09472656 102220221100100121221100
0.09472656 102220221100100021221100
0.09472656 102121121100100221221100
0.09472656 102121021100100221221100
0.09472656 102021221100100221201100
0.09472656 101222221100100201221100
0.09472656 101221222100100021221100
0.09472656 101221221200100221121100
0.09472656 101221221120120221221100
0.09472656 101221221120100220221100
0.09472656 101221221110100221201100
0.09472656 101221221102100221222100
0.09472656 101221221100200221220100
0.09472656 101221221100102221221200
0.09472656 101221221100100221220120
0.09472656 101221221100100221211102
0.09472656 101221221100100120221100
0.09472656 101221221100100021221110
0.09472656 101221221100100021221101
0.09472656 101221221100000221221200
0.09472656 101221221100000221221110
0.09472656 101221221000100221211100
0.09472656 101221220100100121221100
0.09472656 101221211100100221221000
0.09472656 101220221100100221221200
0.09472656 101220221100100221221120
0.09472656 100222222100100221021100
0.09472656 100222222100000221221100
0.09472656 100222221200110221221100
0.09472656 100222221120100221221110
0.09472656 100222221110100222221100
0.09472656 100222221102100211221100
0.09472656 100222221101100221222100
0.09472656 100222221100110221222100
0.09472656 100222221100101201221100
0.09472656 100222221100100221212100
0.09472656 100222221100100221211110
0.09472656 100222221100100220221000
0.09472656 100222221100100211221101
0.09472656 100222221100000211221100
0.09472656 100222221100000021221100
0.09472656 100222021110100221221100
0.09472656 100222021100100221021100
0.09472656 100221222120100021221100
0.09472656 100221222110100221222100
0.09472656 100221222102100221221120
0.09472656 100221222102100221221110
0.09472656 100221222101200221221100
0.09472656 100221222100120221201100
0.09472656 100221222100102021221100
0.09472656 100221222100101221222100
0.09472656 100221222100101221220100
0.09472656 100221222100100221220120
0.09472656 100221222100100221220101
0.09472656 100221222100100221201101
0.09472656 100221222100100220221102
0.09472656 100221222100100220220100
0.09472656 100221222100000221221000
0.09472656 100221221210100221221110
0.09472656 100221221202100201221100
0.09472656 100221221201100201221100
0.09472656 100221221200100211221000
0.09472656 100221221200100020221100
0.09472656 100221221120120211221100
0.09472656 100221221120102222221100
0.09472656 100221221120102201221100
0.09472656 100221221120100222221102
0.09472656 100221221120100222211100
0.09472656 100221221120100222201100
0.09472656 100221221120100221121110
0.09472656 100221221120100211121100
0.09472656 100221221120100211021100
0.09472656 100221221120002221221100
0.09472656 100221221110120211221100
0.09472656 100221221110110221221110
0.09472656 100221221110100221201110
0.09472656 100221221110100221121000
0.09472656 100221221110100211222100
0.09472656 100221221110100021221000
0.09472656 100221221102120021221100
0.09472656 100221221102110221221000
0.09472656 100221221102102221221000
0.09472656 100221221102101221121100
0.09472656 100221221102100221021000
0.09472656 100221221101120221222100
0.09472656 100221221101120221221200
0.09472656 100221221101110221221200
0.09472656 100221221101102221221000
0.09472656 100221221101100221221002
0.09472656 100221221101100221201000
0.09472656 100221221100200221222102
0.09472656 100221221100200211220100
0.09472656 100221221100200201201100
0.09472656 100221221100200121211100
0.09472656 100221221100200021201100
0.09472656 100221221100120201211100
0.09472656 100221221100120121220100
0.09472656 100221221100120021220100
0.09472656 100221221100110222222100
0.09472656 100221221100110222211100
0.09472656 100221221100110221211000
0.09472656 100221221100110211220100
0.09472656 100221221100110211021100
0.09472656 100221221100110021221200
0.09472656 100221221100110021221120
0.09472656 100221221100110021211100
0.09472656 100221221100102222221120
0.09472656 100221221100101222021100
0.09472656 100221221100101221201120
0.09472656 100221221100101201221000
0.09472656 100221221100100222221202
0.09472656 100221221100100222220102
0.09472656 100221221100100222211000
0.09472656 100221221100100221211001
0.09472656 100221221100100220222120
0.09472656 100221221100100220221202
0.09472656 100221221100100212021100
0.09472656 100221221100100211220101
0.09472656 100221221100100201121110
0.09472656 100221221100100201120100
0.09472656 100221221100100201020100
0.09472656 100221221100100121221020
0.09472656 100221221100100121121120
0.09472656 100221221100100120021100
0.09472656 100221221100100022221120
0.09472656 100221221100100021221002
0.09472656 100221221100000221201120
0.09472656 100221221100000221121200
0.09472656 100221221100000211121100
0.09472656 100221221100000021211100
0.09472656 100221221002100221221120
0.09472656 100221221002100221221110
0.09472656 100221221002100221221101
0.09472656 100221221001000221221100
0.09472656 100221221000200211221100
0.09472656 100221221000101221221000
0.09472656 100221221000100211221000
0.09472656 100221220120100221222100
0.09472656 100221220120100221021100
0.09472656 100221220120100121221100
0.09472656 100221220101100021221100
0.09472656 100221220100110211221100
0.09472656 100221220100102221221101
0.09472656 100221220100102221221000
0.09472656 100221220100100221221002
0.09472656 100221220100100221201102
0.09472656 100221220100000221211100
0.09472656 100221220100000211221100
0.09472656 100221211210100221221100
0.09472656 100221211102100221221110
0.09472656 100221211102100221221101
0.09472656 100221211100120221221200
0.09472656 100221211100102221121100
0.09472656 100221211100101221222100
0.09472656 100221211100100222221101
0.09472656 100221211100100220021100
0.09472656 100221211100100201221110
0.09472656 100221211100100001221100
0.09472656 100221211100000021221100
0.09472656 100221211000100221021100
0.09472656 100221210100100222221100
0.09472656 100221210100100221211100
0.09472656 100221202100100221221110
0.09472656 100221201200101221221100
0.09472656 100221201120102221221100
0.09472656 100221201110100021221100
0.09472656 100221201102102221221100
0.09472656 100221201101100221221102
0.09472656 100221201100102221221000
0.09472656 100221201100100221202100
0.09472656 100221201100100021221101
0.09472656 100221201020100221221100
0.09472656 100221201000000221221100
0.09472656 100221122100100221221200
0.09472656 100221121120100222221100
0.09472656 100221121100120221021100
0.09472656 100221121100110221221200
0.09472656 100221121100110221221120
0.09472656 100221121100110221221110
0.09472656 100221121100101211221100
0.09472656 100221121100101021221100
0.09472656 100221121100100220221102
0.09472656 100221121100100201021100
0.09472656 100221121100000221221120
0.09472656 100221121100000221201100
0.09472656 100221120100101221221100
0.09472656 100221111200100221221100
0.09472656 100221021200100021221100
0.09472656 100221021120100221201100
0.09472656 100221021102100221221102
0.09472656 100221021102100221221000
0.09472656 100221021100201221221100
0.09472656 100221021100200221201100
0.09472656 100221021100120221221110
0.09472656 100221021100102021221100
0.09472656 100221021100100220201100
0.09472656 100221021100010221221100
0.09472656 100221021100000221221120
0.09472656 100221021000100221222100
0.09472656 100221021000100221201100
0.09472656 100221020100100221021100
0.09472656 100220222100100221121100
0.09472656 100220221101100221021100
0.09472656 100220221101100201221100
0.09472656 100220221100200221211100
0.09472656 100220221100120222221100
0.09472656 100220221100110221220100
0.09472656 100220221100100221212100
0.09472656 100220221100100221211120
0.09472656 100220221100100211221200
0.09472656 100220221100100201201100
0.09472656 100220221100100121221110
0.09472656 100220221100100021221120
0.09472656 100220221001100221221100
0.09472656 100220201100100221021100
0.09472656 100211222100100221201100
0.09472656 100211222100100221121100
0.09472656 100211221200102221221100
0.09472656 100211221100201221221100
0.09472656 100211221100100221221010
0.09472656 100211221100100221201110
0.09472656 100211221100100201221102
0.09472656 100211221100100121221102
0.09472656 100211221100100121211100
0.09472656 100211221000100221211100
0.09472656 100211220100100221121100
0.09472656 100211211100120221221100
0.09472656 100211201100100221221000
0.09472656 100211201100000221221100
0.09472656 100211021100100221201100
0.09472656 100210021100100221221100
0.09472656 100202221100100201221100
0.09472656 100201221110100221221120
0.09472656 100201221110100221221110
0.09472656 100201221102101221221100
0.09472656 100201221100120222221100
0.09472656 100201221100120121221100
0.09472656 100201221100110121221100
0.09472656 100201221100101222221100
0.09472656 100201221100101221211100
0.09472656 100201221100100202221100
0.09472656 100201221100100201221101
0.09472656 100201221100100021221000
0.09472656 100201221100000221221110
0.09472656 100201211200100221221100
0.09472656 100201211100100221121100
0.09472656 100201211100100211221100
0.09472656 100201201102100221221100
0.09472656 100201021200100221221100
0.09472656 100122221110100221221100
0.09472656 100122221100200221221100
0.09472656 100121222102100221221100
0.09472656 100121221110100221021100
0.09472656 100121221101102221221100
0.09472656 100121221100110221221110
0.09472656 100121221100102221221102
0.09472656 100121221100100221211200
0.09472656 100121221100100021221120
0.09472656 100121221100100021221000
0.09472656 100121201100100221222100
0.09472656 100022222100100221221100
0.09472656 100021222110100221221100
0.09472656 100021221120100211221100
0.09472656 100021221110100221220100
0.09472656 100021221101100221201100
0.09472656 100021221100200221021100
0.09472656 100021221100102221221200
0.09472656 100021221100100220201100
0.09472656 100021221002100221221100
0.09472656 100021220101100221221100
0.09472656 100021220100100222221100
0.09472656 100021211100100222221100
0.09472656 100021201110100221221100
0.09472656 100021201100100222221100
0.09472656 100021201100100221021100
0.09472656 002221221100110221221100
0.09472656 002221221100100221221200
0.09472656 000221222100100221201100
0.09472656 000221221120100221220100
0.09472656 000221221120100221021100
0.09472656 000221221100200221201100
0.09472656 000221221100120221201100
0.09472656 000221221100110221121100
0.09472656 000221221100102021221100
0.09472656 000221221100100221022100
0.09472656 000221221100100211221000
0.09472656 000221221100100022221100
0.09472656 000221221100001221221100
0.09472656 000221220100100222221100
0.09472656 000221220100100221221110
0.09472656 000221211100100221221101
0.09472656 000221210100100221221100
0.09472656 000221201102100221221100
0.09472656 000221201101100221221100
0.09472656 000221121120100221221100
0.09472656 000220221100100221221200
0.09472656 000211221200100221221100
0.09472656 000211221100100221222100
0.09472656 000121221100100221121100
0.09472656 000121121100100221221100
0.09375 210221221100000221221100
0.09375 201221222100100221221100
0.09375 201221221100100222221100
0.09375 201221221100100021221100
0.09375 200222220100100221221100
0.09375 200221221120100221221102
0.09375 200221221120100211221100
0.09375 200221221110110221221100
0.09375 200221221110100221221120
0.09375 200221221110100220221100
0.09375 200221221110000221221100
0.09375 200221221102200221221100
0.09375 200221221100102220221100
0.09375 200221221100101221221110
0.09375 200221221100100222221101
0.09375 200221221100100021221102
0.09375 200221221100000221221120
0.09375 200221221100000221220100
0.09375 200221221000100221021100
0.09375 200221201100100221211100
0.09375 200221121000100221221100
0.09375 200221021100110221221100
0.09375 200221021100100121221100
0.09375 200201221100100221221110
0.09375 200121221100100221201100
0.09375 200021221110100221221100
0.09375 200021221100100221221110
0.09375 120222221100100221121100
0.09375 120221222101100221221100
0.09375 120221222100100221220100
0.09375 120221221200102221221100
0.09375 120221221120100221221102
0.09375 120221221110100211221100
0.09375 120221221100120221221102
0.09375 120221221100120221220100
0.09375 120221221100120220221100
0.09375 120221221100101221221110
0.09375 120221221100100211221000
0.09375 120221221000200221221100
0.09375 120221221000100220221100
0.09375 120221221000100201221100
0.09375 120221211100000221221100
0.09375 120221201100120221221100
0.09375 120221122100100221221100
0.09375 120221121100120221221100
0.09375 120221121100100021221100
0.09375 120221020100100221221100
0.09375 120220221100100201221100
0.09375 120211221102100221221100
0.09375 120211221100100221222100
0.09375 110222221000100221221100
0.09375 110221222101100221221100
0.09375 110221221120100211221100
0.09375 110221221120000221221100
0.09375 110221221110100221021100
0.09375 110221221100120121221100
0.09375 110221221100110021221100
0.09375 110221221100000121221100
0.09375 110221221000110221221100
0.09375 110221221000100221121100
0.09375 110221211100100221121100
0.09375 110221121100100221221000
0.09375 110220222100100221221100
0.09375 110220221100100221221120
0.09375 110211221100100221121100
0.09375 110211221000100221221100
0.09375 110121221100200221221100
0.09375 110121221100100222221100
0.09375 110121220100100221221100
0.09375 110111221100100221221100
0.09375 110021021100100221221100
0.09375 102222221100100222221100
0.09375 102222221100100221222100
0.09375 102222221100100221221110
0.09375 102221221200200221221100
0.09375 102221221120100221221102
0.09375 102221221110100221221110
0.09375 102221221110100221121100
0.09375 102221221101102221221100
0.09375 102221221100120221222100
0.09375 102221221100101221221102
0.09375 102221221100101221221101
0.09375 102221221100101221121100
0.09375 102221221100101220221100
0.09375 102221221100100221121200
0.09375 102221221100100211221101
0.09375 102221221100100201221101
0.09375 102221221100100201201100
0.09375 102221221000100221221102
0.09375 102221221000100221201100
0.09375 102221221000100221021100
0.09375 102221221000100220221100
0.09375 102221201100100221201100
0.09375 102221121100120221221100
0.09375 102221121100110221221100
0.09375 102211221100100221121100
0.09375 102121221100102221221100
0.09375 101222221102100221221100
0.09375 101222221100100221201100
0.09375 101221221120100201221100
0.09375 101221221110100221211100
0.09375 101221221102100221221101
0.09375 101221221100100222121100
0.09375 101221221100100221220101
0.09375 101221221100100220222100
0.09375 101221221100100220220100
0.09375 101221121100102221221100
0.09375 101221121100100221211100
0.09375 101211221100200221221100
0.09375 101211221100100221211100
0.09375 101211221100100221201100
0.09375 101211221100100221121100
0.09375 101201211100100221221100
0.09375 101021221100100221201100
0.09375 100222221200000221221100
0.09375 100222221120100221201100
0.09375 100222221102101221221100
0.09375 100222221102100021221100
0.09375 100222221101102221221100
0.09375 100222221100110121221100
0.09375 100222221100100222221200
0.09375 100222221100100222221110
0.09375 100222221100100221201120
0.09375 100222221100100212221100
0.09375 100222221100100211221200
0.09375 100222221100100211221120
0.09375 100222221100000221201100
0.09375 100222221002100221221100
0.09375 100222221000100221220100
0.09375 100222201120100221221100
0.09375 100222201100100221121100
0.09375 100222201100100221021100
0.09375 100222121100100222221100
0.09375 100222021100100221221120
0.09375 100221222100120211221100
0.09375 100221222100102221220100
0.09375 100221222100100221212100
0.09375 100221222100100121222100
0.09375 100221222100100121221000
0.09375 100221221220100221221200
0.09375 100221221210100221221000
0.09375 100221221210100201221100
0.09375 100221221201120221221100
0.09375 100221221201100221201100
0.09375 100221221200200221222100
0.09375 100221221200200121221100
0.09375 100221221200102221211100
0.09375 100221221200101222221100
0.09375 100221221200101221211100
0.09375 100221221200100221222200
0.09375 100221221200100221221001
0.09375 100221221200100201221110
0.09375 100221221200100120221100
0.09375 100221221120100221020100
0.09375 100221221120100220222100
0.09375 100221221120100220221000
0.09375 100221221120100211222100
0.09375 100221221120100021221120
0.09375 100221221120000211221100
0.09375 100221221110200221211100
0.09375 100221221110100221121200
0.09375 100221221110100221120100
0.09375 100221221110100201021100
0.09375 100221221110100121221000
0.09375 100221221110000211221100
0.09375 100221221102200221221200
0.09375 100221221102100221122100
0.09375 100221221102100221020100
0.09375 100221221102100211121100
0.09375 100221221102100121221102
0.09375 100221221102100021221000
0.09375 100221221101200221201100
0.09375 100221221101102211221100
0.09375 100221221101101211221100
0.09375 100221221101100221120100
0.09375 100221221101100021221200
0.09375 100221221101000221221000
0.09375 100221221100202201221100
0.09375 100221221100201221221110
0.09375 100221221100201211221100
0.09375 100221221100200221221202
0.09375 100221221100200221211110
0.09375 100221221100120221020100
0.09375 100221221100120211221000
0.09375 100221221100120201221000
0.09375 100221221100120201220100
0.09375 100221221100110221201110
0.09375 100221221100102222021100
0.09375 100221221100102221211200
0.09375 100221221100101221121120
0.09375 100221221100101221021200
0.09375 100221221100100220221001
0.09375 100221221100100211120100
0.09375 100221221100100211111100
0.09375 100221221100100201022100
0.09375 100221221100100122221101
0.09375 100221221100100121211120
0.09375 100221221100100021201200
0.09375 100221221100100021121000
0.09375 100221221100100020121100
0.09375 100221221100001211221100
0.09375 100221221100000221211200
0.09375 100221221100000211221200
0.09375 100221221100000201220100
0.09375 100221221100000201211100
0.09375 100221221100000021221120
0.09375 100221221001100221021100
0.09375 100221221000202221221100
0.09375 100221221000200221220100
0.09375 100221221000120221201100
0.09375 100221221000101222221100
0.09375 100221221000101221221110
0.09375 100221221000100222220100
0.09375 100221221000100221221020
0.09375 100221221000100220211100
0.09375 100221221000100201222100
0.09375 100221221000100201221110
0.09375 100221221000100122221100
0.09375 100221221000000221221120
0.09375 100221220110100201221100
0.09375 100221220101101221221100
0.09375 100221220100101220221100
0.09375 100221220100100222121100
0.09375 100221220100100221221202
0.09375 100221220100100221201120
0.09375 100221220100100221121200
0.09375 100221220100100221121110
0.09375 100221220100100201222100
0.09375 100221220100100121220100
0.09375 100221220100000221221110
0.09375 100221211102100221021100
0.09375 100221211100200221222100
0.09375 100221211100120221201100
0.09375 100221211100100222221120
0.09375 100221211100100221221202
0.09375 100221211100100220221102
0.09375 100221211100100021121100
0.09375 100221211000100121221100
0.09375 100221210100100121221100
0.09375 100221202120100221221100
0.09375 100221201200100221121100
0.09375 100221201200100221021100
0.09375 100221201120100221121100
0.09375 100221201101100221221000
0.09375 100221201100200221220100
0.09375 100221201100200121221100
0.09375 100221201100120221220100
0.09375 100221201100120221201100
0.09375 100221201100102201221100
0.09375 100221201100100221201101
0.09375 100221201100100221122100
0.09375 100221201100100221022100
0.09375 100221201100100121222100
0.09375 100221201100100021021100
0.09375 100221201000100221222100
0.09375 100221201000100221221000
0.09375 100221201000100121221100
0.09375 100221122100100221221110
0.09375 100221122100100221221000
0.09375 100221121110100221201100
0.09375 100221121100100222221101
0.09375 100221121100100221220102
0.09375 100221121100000221221110
0.09375 100221121100000221221101
0.09375 100221120100100211221100
0.09375 100221120100000221221100
0.09375 100221021210100221221100
0.09375 100221021202100221221100
0.09375 100221021120200221221100
0.09375 100221021120100222221100
0.09375 100221021110200221221100
0.09375 100221021100101221221110
0.09375 100221021100100221220102
0.09375 100221021100100221201200
0.09375 100221021100100121220100
0.09375 100221021100001221221100
0.09375 100221021000100220221100
0.09375 100221020100100221221200
0.09375 100220222120100221221100
0.09375 100220222100000221221100
0.09375 100220221102100221221200
0.09375 100220221101100220221100
0.09375 100220221100200121221100
0.09375 100220221100120221221120
0.09375 100220221100120121221100
0.09375 100220221100110121221100
0.09375 100220221100100222221000
0.09375 100220221100000221221110
0.09375 100220220100100021221100
0.09375 100220212100100221221100
0.09375 100220201100110221221100
0.09375 100220021100100221221101
0.09375 100212221100110221221100
0.09375 100211222100100221221101
0.09375 100211222100100201221100
0.09375 100211221102100211221100
0.09375 100211221101100201221100
0.09375 100211221100200222221100
0.09375 100211221100102221221101
0.09375 100211221100100221022100
0.09375 100211221100100211221200
0.09375 100211201100100221021100
0.09375 100210221101100221221100
0.09375 100202221101100221221100
0.09375 100201221200100201221100
0.09375 100201221120100220221100
0.09375 100201221110100220221100
0.09375 100201221100102221121100
0.09375 100201221100100220201100
0.09375 100201221100100201221200
0.09375 100201221100100121021100
0.09375 100201221100100021221200
0.09375 100201221100100021221110
0.09375 100201221100002221221100
0.09375 100201221100000021221100
0.09375 100201220102100221221100
0.09375 100201201000100221221100
0.09375 100201121000100221221100
0.09375 100122222100100221221100
0.09375 100121221102100221221101
0.09375 100121221102100221211100
0.09375 100121221100102221221110
0.09375 100121221100101221221200
0.09375 100121221100100221222110
0.09375 100121221100100221211000
0.09375 100121221100100201021100
0.09375 100121221000120221221100
0.09375 100121221000100221221200
0.09375 100121211100100221221110
0.09375 100121201120100221221100
0.09375 100121121100100221221120
0.09375 100120221101100221221100
0.09375 100022221100110221221100
0.09375 100021222102100221221100
0.09375 100021222100000221221100
0.09375 100021221110100221201100
0.09375 100021221110100211221100
0.09375 100021221101100221211100
0.09375 100021221100120211221100
0.09375 100021221100120201221100
0.09375 100021221100102221220100
0.09375 100021221100101021221100
0.09375 100021221100100220220100
0.09375 100021221100100211221102
0.09375 100021221100100201221102
0.09375 100021221100100201221101
0.09375 100021221100100201211100
0.09375 100021221100100201201100
0.09375 100021221100100121220100
0.09375 100021221100010221221100
0.09375 100021201100100221221200
0.09375 100021201100000221221100
0.09375 100021121100100221221120
0.09375 100021121100100221221110
0.09375 100020221100100221220100
0.09375 100020220100100221221100
0.09375 100020201100100221221100
0.09375 020221201100100221221100
0.09375 002221221100120221221100
0.09375 001221221120100221221100
0.09375 001221221100110221221100
0.09375 000221221120101221221100
0.09375 000221221110200221221100
0.09375 000221221110101221221100
0.09375 000221221100120221221120
0.09375 000221221100110221221110
0.09375 000221221100110221221101
0.09375 000221221100101220221100
0.09375 000221221100100222121100
0.09375 000221221100100221021110
0.09375 000221221100100201221102
0.09375 000221221100100021221120
0.09375 000221221000102221221100
0.09375 000221220100100221221102
0.09375 000221220100100201221100
0.09375 000221211100200221221100
0.09375 000221201100100221221101
0.09375 000121221100100221221000
0.09375 000121221100100220221100
0.09375 000121221100000221221100
0.09375 000021221100100222221100
0.09375 000021221100100221221110
0.09375 000021221100100220221100
0.09375 000021221100100201221100
0.09277344 210221221100120221221100
0.09277344 200221221200100021221100
0.09277344 200221221102100221221101
0.09277344 200221221102100221121100
0.09277344 200221221100120221201100
0.09277344 200221221100110221221110
0.09277344 200221221100102221221102
0.09277344 200221221100100222221102
0.09277344 200221221100100222220100
0.09277344 200221221100100220221102
0.09277344 200221221100000221221102
0.09277344 200221220102100221221100
0.09277344 200221220101100221221100
0.09277344 200221211100200221221100
0.09277344 200221121100000221221100
0.09277344 200221021100000221221100
0.09277344 200211221100102221221100
0.09277344 200211221100100221221102
0.09277344 200211021100100221221100
0.09277344 200201221100100021221100
0.09277344 120221221200100221221101
0.09277344 120221221120100220221100
0.09277344 120221221110100221021100
0.09277344 120221221102100221221101
0.09277344 120221221102000221221100
0.09277344 120221221100201221221100
0.09277344 120221221100200221221102
0.09277344 120221221100100221221001
0.09277344 120221221100100221120100
0.09277344 120221221100100221021110
0.09277344 120221221100100021221101
0.09277344 120221221100002221221100
0.09277344 120221221000100221221110
0.09277344 120221220101100221221100
0.09277344 120221211100100221221101
0.09277344 120221211100100221220100
0.09277344 120221021100100121221100
0.09277344 120220021100100221221100
0.09277344 120211221101100221221100
0.09277344 120211221100100221021100
0.09277344 120201221100100220221100
0.09277344 120201121100100221221100
0.09277344 120121221100100222221100
0.09277344 120121221100100221220100
0.09277344 120021221100101221221100
0.09277344 110222221100120221221100
0.09277344 110221222102100221221100
0.09277344 110221222100100221222100
0.09277344 110221221202100221221100
0.09277344 110221221120100221021100
0.09277344 110221221110120221221100
0.09277344 110221221110100221221200
0.09277344 110221221110100211221100
0.09277344 110221221100120221221110
0.09277344 110221221100100222221102
0.09277344 110221221100100221221202
0.09277344 110221221100100201221101
0.09277344 110221221100100121221120
0.09277344 110221221100100121021100
0.09277344 110221221100100020221100
0.09277344 110221221100000221221000
0.09277344 110221221000100220221100
0.09277344 110221220100102221221100
0.09277344 110221201100100221221102
0.09277344 110221121000100221221100
0.09277344 110221021100100221221000
0.09277344 110221021100100121221100
0.09277344 110211221100120221221100
0.09277344 110211221100110221221100
0.09277344 110211221100100221222100
0.09277344 110201221101100221221100
0.09277344 110201201100100221221100
0.09277344 110121222100100221221100
0.09277344 102222221100100201221100
0.09277344 102221221200101221221100
0.09277344 102221221120100220221100
0.09277344 102221221110100221221200
0.09277344 102221221110100211221100
0.09277344 102221221100110021221100
0.09277344 102221221100102221211100
0.09277344 102221221100101221221110
0.09277344 102221221100100222220100
0.09277344 102221221100100221222110
0.09277344 102221221100100121221110
0.09277344 102221221100100120221100
0.09277344 102221221100100021221200
0.09277344 102221221100100021221101
0.09277344 102221221100100021201100
0.09277344 102221221002100221221100
0.09277344 102221201200100221221100
0.09277344 102220221100100222221100
0.09277344 102220221100100221221200
0.09277344 102212221100100221221100
0.09277344 102211221102100221221100
0.09277344 102211221100102221221100
0.09277344 102201221100100221221200
0.09277344 102201221000100221221100
0.09277344 102121221100100221220100
0.09277344 102021221000100221221100
0.09277344 101221222100100121221100
0.09277344 101221221120100121221100
0.09277344 101221221101101221221100
0.09277344 101221221100101221211100
0.09277344 101221221100101021221100
0.09277344 101221221100100221120100
0.09277344 101221221100100211222100
0.09277344 101221221100100022221100
0.09277344 101221221100000201221100
0.09277344 101221220100100221201100
0.09277344 101221021100100221220100
0.09277344 101220221100100221201100
0.09277344 101220221100100021221100
0.09277344 100222222100200221221100
0.09277344 100222221200120221221100
0.09277344 100222221101100221220100
0.09277344 100222221100200221221110
0.09277344 100222221100110221221110
0.09277344 100222221100100222221000
0.09277344 100222221100100221220110
0.09277344 100222221100100201220100
0.09277344 100222221100000201221100
0.09277344 100222211100100221021100
0.09277344 100222201100110221221100
0.09277344 100222201100101221221100
0.09277344 100222121100100220221100
0.09277344 100222111100100221221100
0.09277344 100221222202100221221100
0.09277344 100221222120110221221100
0.09277344 100221222120100221221101
0.09277344 100221222110102221221100
0.09277344 100221222110100221221120
0.09277344 100221222102100221121100
0.09277344 100221222100200121221100
0.09277344 100221222100102220221100
0.09277344 100221222100100221121120
0.09277344 100221222100100221021200
0.09277344 100221222100100220201100
0.09277344 100221222100100202221100
0.09277344 100221221202120221221100
0.09277344 100221221202100221021100
0.09277344 100221221201110221221100
0.09277344 100221221201100221211100
0.09277344 100221221201100211221100
0.09277344 100221221201100121221100
0.09277344 100221221200200221220100
0.09277344 100221221200110221211100
0.09277344 100221221200100221022100
0.09277344 100221221200100221020100
0.09277344 100221221200100211221101
0.09277344 100221221120110221222100
0.09277344 100221221120100220220100
0.09277344 100221221120100201121100
0.09277344 100221221110200221201100
0.09277344 100221221110120221221000
0.09277344 100221221110100222221200
0.09277344 100221221110100222221120
0.09277344 100221221110100222201100
0.09277344 100221221110100221221202
0.09277344 100221221110100221121110
0.09277344 100221221110100221021200
0.09277344 100221221110100221020100
0.09277344 100221221110100201221000
0.09277344 100221221110100201121100
0.09277344 100221221110100121221120
0.09277344 100221221110100021221200
0.09277344 100221221110000221220100
0.09277344 100221221102200221221000
0.09277344 100221221102100221021200
0.09277344 100221221102002221221100
0.09277344 100221221101200221221000
0.09277344 100221221101120021221100
0.09277344 100221221100201201221100
0.09277344 100221221100120221211000
0.09277344 100221221100120211121100
0.09277344 100221221100120121221110
0.09277344 100221221100110222121100
0.09277344 100221221100110221121110
0.09277344 100221221100110121021100
0.09277344 100221221100102222221101
0.09277344 100221221100102222211100
0.09277344 100221221100102221201000
0.09277344 100221221100102220221102
0.09277344 100221221100102211221000
0.09277344 100221221100102201221000
0.09277344 100221221100102122221100
0.09277344 100221221100101221211120
0.09277344 100221221100101220221102
0.09277344 100221221100101211221101
0.09277344 100221221100100222220101
0.09277344 100221221100100220121120
0.09277344 100221221100100212222100
0.09277344 100221221100100121221210
0.09277344 100221221100100121211000
0.09277344 100221221100100022222100
0.09277344 100221221100100022121100
0.09277344 100221221100100021211000
0.09277344 100221221100100021021120
0.09277344 100221221100100020021100
0.09277344 100221221100000221201200
0.09277344 100221221100000201221200
0.09277344 100221221100000201201100
0.09277344 100221221002100221221000
0.09277344 100221221001200221221100
0.09277344 100221221000200221221120
0.09277344 100221221000120201221100
0.09277344 100221221000110221211100
0.09277344 100221221000100221222102
0.09277344 100221221000100221221201
0.09277344 100221221000100221211101
0.09277344 100221221000100221021000
0.09277344 100221221000100211222100
0.09277344 100221221000100201220100
0.09277344 100221221000100121221110
0.09277344 100221221000000221222100
0.09277344 100221221000000221220100
0.09277344 100221220120102221221100
0.09277344 100221220120101221221100
0.09277344 100221220120100221220100
0.09277344 100221220101100221221102
0.09277344 100221220100102221221200
0.09277344 100221220100101221221120
0.09277344 100221220100100212221100
0.09277344 100221220100100211221102
0.09277344 100221220100100021220100
0.09277344 100221220100001221221100
0.09277344 100221211200100221121100
0.09277344 100221211120100221021100
0.09277344 100221211102100221221120
0.09277344 100221211101100221021100
0.09277344 100221211100102121221100
0.09277344 100221211100101221220100
0.09277344 100221211100101221021100
0.09277344 100221211100100221202100
0.09277344 100221211100100221121000
0.09277344 100221211100100221022100
0.09277344 100221211100100221021110
0.09277344 100221211100100121221102
0.09277344 100221211100100021221102
0.09277344 100221211100100021021100
0.09277344 100221202110100221221100
0.09277344 100221202100100121221100
0.09277344 100221201210100221221100
0.09277344 100221201200100221221101
0.09277344 100221201102100221121100
0.09277344 100221201102100021221100
0.09277344 100221201101102221221100
0.09277344 100221201100102222221100
0.09277344 100221201100102221221120
0.09277344 100221201100100222221120
0.09277344 100221201100100222021100
0.09277344 100221201100100221221002
0.09277344 100221201100100211221102
0.09277344 100221201100001221221100
0.09277344 100221201100000221201100
0.09277344 100221201000102221221100
0.09277344 100221200100100221201100
0.09277344 100221121120100221221110
0.09277344 100221121110100220221100
0.09277344 100221121110100201221100
0.09277344 100221121100200221201100
0.09277344 100221121100110211221100
0.09277344 100221121100102221221120
0.09277344 100221121100101221021100
0.09277344 100221121100100221021110
0.09277344 100221121100100111221100
0.09277344 100221121100100021222100
0.09277344 100221121100001221221100
0.09277344 100221121100000221121100
0.09277344 100221121000100221222100
0.09277344 100221121000100221201100
0.09277344 100221120100100221021100
0.09277344 100221022100100220221100
0.09277344 100221021200101221221100
0.09277344 100221021120100221221102
0.09277344 100221021120100221220100
0.09277344 100221021120100021221100
0.09277344 100221021110100221221110
0.09277344 100221021110100221211100
0.09277344 100221021101100221121100
0.09277344 100221021100110221221200
0.09277344 100221021100101221121100
0.09277344 100221021100100222221101
0.09277344 100221021100100222021100
0.09277344 100221021100100221211101
0.09277344 100221021100100221022100
0.09277344 100221021100100221021120
0.09277344 100221021100100111221100
0.09277344 100221021000200221221100
0.09277344 100221021000120221221100
0.09277344 100221021000100221211100
0.09277344 100221020120100221221100
0.09277344 100221020100100220221100
0.09277344 100221020100000221221100
0.09277344 100220221202100221221100
0.09277344 100220221200100222221100
0.09277344 100220221102100121221100
0.09277344 100220221101200221221100
0.09277344 100220221101120221221100
0.09277344 100220221100200221220100
0.09277344 100220221100120221211100
0.09277344 100220221100101222221100
0.09277344 100220221100100222121100
0.09277344 100220221100100222021100
0.09277344 100220221100100221121200
0.09277344 100220221100100221121110
0.09277344 100220221100100211201100
0.09277344 100220221100100201211100
0.09277344 100220221100000211221100
0.09277344 100220221000100221221000
0.09277344 100220201100101221221100
0.09277344 100220021120100221221100
0.09277344 100220021110100221221100
0.09277344 100220021100102221221100
0.09277344 100220021100100222221100
0.09277344 100220021000100221221100
0.09277344 100212211100100221221100
0.09277344 100211222100100221222100
0.09277344 100211221200100221221000
0.09277344 100211221120100221221000
0.09277344 100211221120100220221100
0.09277344 100211221102200221221100
0.09277344 100211221102100221121100
0.09277344 100211221101100221201100
0.09277344 100211221100200211221100
0.09277344 100211221100120221221110
0.09277344 100211221100120221211100
0.09277344 100211221100102221021100
0.09277344 100211221100101221021100
0.09277344 100211221100100222221102
0.09277344 100211221100100221211110
0.09277344 100211221100100221021110
0.09277344 100211221100100221020100
0.09277344 100211221100100211201100
0.09277344 100211221100100201221110
0.09277344 100211221000100221221000
0.09277344 100211201100102221221100
0.09277344 100211121100100221221102
0.09277344 100210211100100221221100
0.09277344 100202221100100221221200
0.09277344 100202121100100221221100
0.09277344 100201222100100221222100
0.09277344 100201221100200221222100
0.09277344 100201221100101221221110
0.09277344 100201221100101211221100
0.09277344 100201220100100221220100
0.09277344 100201201100100221222100
0.09277344 100201201100100221221000
0.09277344 100201121100100221211100
0.09277344 100201021100200221221100
0.09277344 100201021100120221221100
0.09277344 100201021100100221221101
0.09277344 100201021000100221221100
0.09277344 100121222110100221221100
0.09277344 100121222100100221121100
0.09277344 100121221120120221221100
0.09277344 100121221120100221221102
0.09277344 100121221120100221221101
0.09277344 100121221120100021221100
0.09277344 100121221110200221221100
0.09277344 100121221110100221221000
0.09277344 100121221110000221221100
0.09277344 100121221102100221222100
0.09277344 100121221102100221121100
0.09277344 100121221100102221221101
0.09277344 100121221100102221221000
0.09277344 100121221100100222121100
0.09277344 100121221100100221221202
0.09277344 100121221100100221220110
0.09277344 100121221100100201121100
0.09277344 100121221100100021221110
0.09277344 100120221100102221221100
0.09277344 100120221100000221221100
0.09277344 100120211100100221221100
0.09277344 100022221101100221221100
0.09277344 100021222100100222221100
0.09277344 100021221200100221221101
0.09277344 100021221120110221221100
0.09277344 100021221110100221221110
0.09277344 100021221100200221121100
0.09277344 100021221100200201221100
0.09277344 100021221100120221021100
0.09277344 100021221100101221222100
0.09277344 100021221100100222221120
0.09277344 100021221100100222221102
0.09277344 100021221100100221222120
0.09277344 100021221100100221222101
0.09277344 100021221100100221121200
0.09277344 100021221100100201220100
0.09277344 100021221100000221221200
0.09277344 100021221000100221221101
0.09277344 100021220100102221221100
0.09277344 100021211100100201221100
0.09277344 100021211100000221221100
0.09277344 100021201100110221221100
0.09277344 001221221100100221222100
0.09277344 000221221110100121221100
0.09277344 000221221100200201221100
0.09277344 000221221100110221221120
0.09277344 000221221100100221221002
0.09277344 000221221100100211221102
0.09277344 000221221100100201121100
0.09277344 000221220100100221221200
0.09277344 000221211100100221221102
0.09277344 000221121100102221221100
0.09277344 000121221100120221221100
0.09277344 000121221100100221221200
0.09277344 000021221110100221221100
0.09277344 000021221100100221221200
0.09179688 202221221100100201221100
0.09179688 202221121100100221221100
0.09179688 201221221110100221221100
0.09179688 201221221100200221221100
0.09179688 201221221100100221222100
0.09179688 200222221100100221221000
0.09179688 200222211100100221221100
0.09179688 200221221200100221222100
0.09179688 200221221200100121221100
0.09179688 200221221120200221221100
0.09179688 200221221100101221221102
0.09179688 200221221100100221021110
0.09179688 200221221100100220021100
0.09179688 200221221100100121221102
0.09179688 200221221000100211221100
0.09179688 200221220100120221221100
0.09179688 200221121110100221221100
0.09179688 200201221100110221221100
0.09179688 200201221100100211221100
0.09179688 200201221100100121221100
0.09179688 200111221100100221221100
0.09179688 120222221200100221221100
0.09179688 120222221100100221221110
0.09179688 120222221000100221221100
0.09179688 120221222100100220221100
0.09179688 120221221200110221221100
0.09179688 120221221120102221221100
0.09179688 120221221110100222221100
0.09179688 120221221100101221021100
0.09179688 120221221100100222222100
0.09179688 120221221100100221222120
0.09179688 120221221100100121221101
0.09179688 120221221000100221221000
0.09179688 120221220102100221221100
0.09179688 120221220100120221221100
0.09179688 120221201100100221221101
0.09179688 120221022100100221221100
0.09179688 120220211100100221221100
0.09179688 120201221101100221221100
0.09179688 120201221100100211221100
0.09179688 120201221100100201221100
0.09179688 120121221100100221221102
0.09179688 120021221100102221221100
0.09179688 120021221100100221221102
0.09179688 110222221200100221221100
0.09179688 110221222100100221221101
0.09179688 110221221201100221221100
0.09179688 110221221120110221221100
0.09179688 110221221100100221221201
0.09179688 110221221100100221221002
0.09179688 110221221100100221221001
0.09179688 110221221100100121121100
0.09179688 110221221000100201221100
0.09179688 110221221000000221221100
0.09179688 110221201100100221221000
0.09179688 110221201100100021221100
0.09179688 110221121100100211221100
0.09179688 110221121100000221221100
0.09179688 110221021100100221121100
0.09179688 110221021100100021221100
0.09179688 110221021100000221221100
0.09179688 110221020100100221221100
0.09179688 110220221100100222221100
0.09179688 110220221100100221221200
0.09179688 110220221100100221221000
0.09179688 110211222100100221221100
0.09179688 110211221101100221221100
0.09179688 110211221100000221221100
0.09179688 110211201100100221221100
0.09179688 110121221100102221221100
0.09179688 110021221100000221221100
0.09179688 102221221110100220221100
0.09179688 102221221110100121221100
0.09179688 102221221102100221221101
0.09179688 102221221100120211221100
0.09179688 102221221100110221220100
0.09179688 102221221100110211221100
0.09179688 102221221100102201221100
0.09179688 102221221100101222221100
0.09179688 102221221100100221221201
0.09179688 102221221100100221220102
0.09179688 102221221000100221222100
0.09179688 102221201110100221221100
0.09179688 102221021100100221221200
0.09179688 102221021100100221221120
0.09179688 102221021100100220221100
0.09179688 101222221100100221222100
0.09179688 101221222100102221221100
0.09179688 101221221200100221222100
0.09179688 101221221200100221221000
0.09179688 101221221102100221201100
0.09179688 101221221100102222221100
0.09179688 101221221100102221221110
0.09179688 101221221100102221221102
0.09179688 101221221100101221221120
0.09179688 101221221100101221221101
0.09179688 101221221100100221201110
0.09179688 101221221100100201201100
0.09179688 101221221100100021220100
0.09179688 101221221000100201221100
0.09179688 101221121100100221201100
0.09179688 101221121100000221221100
0.09179688 101221021100100221121100
0.09179688 101220221101100221221100
0.09179688 101220221100100222221100
0.09179688 101211221100100221222100
0.09179688 101211221100100221221110
0.09179688 101201221100100201221100
0.09179688 101121221100101221221100
0.09179688 100222221200100121221100
0.09179688 100222221100200221211100
0.09179688 100222221100102220221100
0.09179688 100222221100101221211100
0.09179688 100222221100101220221100
0.09179688 100222221100100211021100
0.09179688 100222221100000221211100
0.09179688 100222220100100021221100
0.09179688 100222201110100221221100
0.09179688 100222021100100221220100
0.09179688 100222021100100221201100
0.09179688 100221222122100221221100
0.09179688 100221222110101221221100
0.09179688 100221222102102221221100
0.09179688 100221222102100221221200
0.09179688 100221222101100221221200
0.09179688 100221222100102221021100
0.09179688 100221222100101221221120
0.09179688 100221222100101221221101
0.09179688 100221222100100201222100
0.09179688 100221222100100021222100
0.09179688 100221222100100021211100
0.09179688 100221221202100211221100
0.09179688 100221221200100121221000
0.09179688 100221221200100021221110
0.09179688 100221221200000121221100
0.09179688 100221221120120221221000
0.09179688 100221221120120221211100
0.09179688 100221221120110221211100
0.09179688 100221221120100222222100
0.09179688 100221221120100221221220
0.09179688 100221221120100221021000
0.09179688 100221221120100220221200
0.09179688 100221221120100201222100
0.09179688 100221221120100201221101
0.09179688 100221221120100201220100
0.09179688 100221221110200221221120
0.09179688 100221221110120221211100
0.09179688 100221221110110222221100
0.09179688 100221221110101221221000
0.09179688 100221221110100221021000
0.09179688 100221221110100220211100
0.09179688 100221221110100211021100
0.09179688 100221221110100022221100
0.09179688 100221221110000221221000
0.09179688 100221221102100221121200
0.09179688 100221221101202221221100
0.09179688 100221221101100221020100
0.09179688 100221221101100121221102
0.09179688 100221221101000221220100
0.09179688 100221221100200222222100
0.09179688 100221221100200211201100
0.09179688 100221221100120221201120
0.09179688 100221221100120211220100
0.09179688 100221221100110021221110
0.09179688 100221221100102221121120
0.09179688 100221221100102221121000
0.09179688 100221221100102201121100
0.09179688 100221221100101222121100
0.09179688 100221221100101211221000
0.09179688 100221221100100222121120
0.09179688 100221221100100221222122
0.09179688 100221221100100221211201
0.09179688 100221221100100212221102
0.09179688 100221221100100201221001
0.09179688 100221221100100201121000
0.09179688 100221221100100122221000
0.09179688 100221221100100022221101
0.09179688 100221221100100022021100
0.09179688 100221221100100021020100
0.09179688 100221221100002221221120
0.09179688 100221221100000121211100
0.09179688 100221221000200221201100
0.09179688 100221221000120221221200
0.09179688 100221221000110221221120
0.09179688 100221221000110201221100
0.09179688 100221221000102221221102
0.09179688 100221221000100222221200
0.09179688 100221221000100221211200
0.09179688 100221221000100221211102
0.09179688 100221221000100221201200
0.09179688 100221221000100121221120
0.09179688 100221220110101221221100
0.09179688 100221220110100221221200
0.09179688 100221220102100221222100
0.09179688 100221220101100221121100
0.09179688 100221220100200221222100
0.09179688 100221220100101221221200
0.09179688 100221220100101221201100
0.09179688 100221220100100221212100
0.09179688 100221220100100221211101
0.09179688 100221220100100221201101
0.09179688 100221220100100221121000
0.09179688 100221220100100221021110
0.09179688 100221220100100220221102
0.09179688 100221220100100201221102
0.09179688 100221220100100021211100
0.09179688 100221220100100021201100
0.09179688 100221212110100221221100
0.09179688 100221212100102221221100
0.09179688 100221211200101221221100
0.09179688 100221211110100221021100
0.09179688 100221211110100021221100
0.09179688 100221211101100201221100
0.09179688 100221211100200221221200
0.09179688 100221211100200121221100
0.09179688 100221211100102220221100
0.09179688 100221211100100121220100
0.09179688 100221211100001221221100
0.09179688 100221201102100221221101
0.09179688 100221201100110221221110
0.09179688 100221201100100221211102
0.09179688 100221201100100221121200
0.09179688 100221201100100220221102
0.09179688 100221201100100220220100
0.09179688 100221201100100121221101
0.09179688 100221201100100021220100
0.09179688 100221201100100021121100
0.09179688 100221201100100020221100
0.09179688 100221201100000221211100
0.09179688 100221201010100221221100
0.09179688 100221201000101221221100
0.09179688 100221121120100221201100
0.09179688 100221121120100220221100
0.09179688 100221121102100221121100
0.09179688 100221121100120221221200
0.09179688 100221121100120221201100
0.09179688 100221121100100222121100
0.09179688 100221121100100221222110
0.09179688 100221121100100221201200
0.09179688 100221121100100121220100
0.09179688 100221121100100120221100
0.09179688 100221121000100221220100
0.09179688 100221121000100221211100
0.09179688 100221111100100021221100
0.09179688 100221022100100222221100
0.09179688 100221022100100221211100
0.09179688 100221022100100201221100
0.09179688 100221021120100221222100
0.09179688 100221021110101221221100
0.09179688 100221021110100221222100
0.09179688 100221021110100221201100
0.09179688 100221021110100021221100
0.09179688 100221021102100221021100
0.09179688 100221021100200221221200
0.09179688 100221021100120221201100
0.09179688 100221021100100221201101
0.09179688 100221021100100122221100
0.09179688 100221021100100021201100
0.09179688 100221021100000021221100
0.09179688 100220222100200221221100
0.09179688 100220221101102221221100
0.09179688 100220221100200221201100
0.09179688 100220221100200201221100
0.09179688 100220221100120221201100
0.09179688 100220221100120220221100
0.09179688 100220221100110221222100
0.09179688 100220221100101211221100
0.09179688 100220221100100221222200
0.09179688 100220221100100221222110
0.09179688 100220221100100221201200
0.09179688 100220221100100221021200
0.09179688 100220221100100220201100
0.09179688 100220220100102221221100
0.09179688 100220021100200221221100
0.09179688 100220021100100221221110
0.09179688 100212222100100221221100
0.09179688 100212221101100221221100
0.09179688 100212221100100221221110
0.09179688 100212221100100221220100
0.09179688 100212021100100221221100
0.09179688 100211221102100221221120
0.09179688 100211221100110221222100
0.09179688 100211221100100202221100
0.09179688 100211221100100121021100
0.09179688 100211221100100021221120
0.09179688 100211221100000221201100
0.09179688 100211221100000021221100
0.09179688 100211220102100221221100
0.09179688 100211211100100221221102
0.09179688 100211201102100221221100
0.09179688 100211121100100201221100
0.09179688 100211021200100221221100
0.09179688 100211021100100021221100
0.09179688 100210221100100222221100
0.09179688 100202221100100221221120
0.09179688 100201222120100221221100
0.09179688 100201222100000221221100
0.09179688 100201221201100221221100
0.09179688 100201221102100221221200
0.09179688 100201221101100221220100
0.09179688 100201221100100222221000
0.09179688 100201221100100211221120
0.09179688 100201221100100211221000
0.09179688 100201221100100201222100
0.09179688 100201221100100200221100
0.09179688 100201221100100021221120
0.09179688 100201220100100221221110
0.09179688 100201220100100211221100
0.09179688 100201220100100021221100
0.09179688 100201121200100221221100
0.09179688 100201021100100222221100
0.09179688 100121221110100221221110
0.09179688 100121221110100220221100
0.09179688 100121221102000221221100
0.09179688 100121221100120221222100
0.09179688 100121221100120021221100
0.09179688 100121221100110021221100
0.09179688 100121221100101221221000
0.09179688 100121221100100222221102
0.09179688 100121221100100221121110
0.09179688 100121221100100220201100
0.09179688 100121221002100221221100
0.09179688 100121220100101221221100
0.09179688 100121211100100221221000
0.09179688 100121021100100222221100
0.09179688 100120221120100221221100
0.09179688 100120221100200221221100
0.09179688 100022211100100221221100
0.09179688 100021222100100211221100
0.09179688 100021221120100221221200
0.09179688 100021221120100220221100
0.09179688 100021221120100201221100
0.09179688 100021221110100201221100
0.09179688 100021221102100021221100
0.09179688 100021221100200221221200
0.09179688 100021221100102221221102
0.09179688 100021221100102221201100
0.09179688 100021221100101221221101
0.09179688 100021221100101220221100
0.09179688 100021221100101201221100
0.09179688 100021221100100222221101
0.09179688 100021221100100221220102
0.09179688 100021221100100221201110
0.09179688 100021221100100220211100
0.09179688 100021221100000211221100
0.09179688 100021221100000201221100
0.09179688 100021211100100221221110
0.09179688 100021211100100221021100
0.09179688 100021201100100221221101
0.09179688 100020221120100221221100
0.09179688 100020221102100221221100
0.09179688 100020221100120221221100
0.09179688 100020221100100221221120
0.09179688 002221221100200221221100
0.09179688 000221221200101221221100
0.09179688 000221221100200211221100
0.09179688 000221221100120221221110
0.09179688 000221221100102221221101
0.09179688 000221221100102221021100
0.09179688 000221221100102211221100
0.09179688 000221221100100221201200
0.09179688 000221221100100220221101
0.09179688 000221221100100220121100
0.09179688 000221221100100121221101
0.09179688 000221221100100021121100
0.09179688 000221221100100021021100
0.09179688 000221221000100222221100
0.09179688 000221220100100221220100
0.09179688 000221220100100211221100
0.09179688 000221211100100221220100
0.09179688 000221201100100220221100
0.09179688 000220222100100221221100
0.09179688 000211221100100222221100
0.09179688 000211221100100221121100
0.09179688 000121220100100221221100
0.09179688 000021221100110221221100
0.09179688 000021201100100221221100
0.09082031 210221201100100221221100
0.09082031 202222221100100221221100
0.09082031 202221221100110221221100
0.09082031 202201221100100221221100
0.09082031 201221221100100221021100
0.09082031 201221221100100220221100
0.09082031 201211221100100221221100
0.09082031 200221222102100221221100
0.09082031 200221221102100221222100
0.09082031 200221221100210221221100
0.09082031 200221221100200221121100
0.09082031 200221221100200211221100
0.09082031 200221221100110222221100
0.09082031 200221221100110221221120
0.09082031 200221221100101222221100
0.09082031 200221221100101220221100
0.09082031 200221221100100211222100
0.09082031 200221221100100201221102
0.09082031 200221221000100220221100
0.09082031 200221220100100221201100
0.09082031 200221211100120221221100
0.09082031 200221211100100221021100
0.09082031 200221121120100221221100
0.09082031 200221121100100221221102
0.09082031 200221021100100221221102
0.09082031 200121221100100201221100
0.09082031 120222221100000221221100
0.09082031 120221221200100211221100
0.09082031 120221221120200221221100
0.09082031 120221221120110221221100
0.09082031 120221221120100221121100
0.09082031 120221221120000221221100
0.09082031 120221221102200221221100
0.09082031 120221221100102221221102
0.09082031 120221221100100221122100
0.09082031 120221221100100021121100
0.09082031 120221221100000221222100
0.09082031 120221221100000211221100
0.09082031 120221221000100221221101
0.09082031 120221221000100211221100
0.09082031 120221211100100221221102
0.09082031 120221201100100220221100
0.09082031 120221121200100221221100
0.09082031 120221121110100221221100
0.09082031 120221121100100221221101
0.09082031 120211221100100121221100
0.09082031 120201221100200221221100
0.09082031 120201221100100221221000
0.09082031 120021221100100221221101
0.09082031 120021221000100221221100
0.09082031 110221222100000221221100
0.09082031 110221221200110221221100
0.09082031 110221221200100221221102
0.09082031 110221221120120221221100
0.09082031 110221221101200221221100
0.09082031 110221221100120021221100
0.09082031 110221221100110221221000
0.09082031 110221221100100221021200
0.09082031 110221221100100220021100
0.09082031 110221221100100021221000
0.09082031 110221221100000221221110
0.09082031 110221221100000021221100
0.09082031 110221221000100221221200
0.09082031 110221220100100222221100
0.09082031 110221220100100221221102
0.09082031 110221211100102221221100
0.09082031 110221211100100222221100
0.09082031 110221201100100221221110
0.09082031 110221021000100221221100
0.09082031 110211221100100121221100
0.09082031 110201220100100221221100
0.09082031 110121221100100220221100
0.09082031 110121201100100221221100
0.09082031 110022221100100221221100
0.09082031 110021221110100221221100
0.09082031 110021221100100021221100
0.09082031 110021221000100221221100
0.09082031 102222221101100221221100
0.09082031 102222221100100221220100
0.09082031 102221221200100221221101
0.09082031 102221221200100221221000
0.09082031 102221221110120221221100
0.09082031 102221221110100221222100
0.09082031 102221221110100221221120
0.09082031 102221221102100221201100
0.09082031 102221221100120021221100
0.09082031 102221221100102121221100
0.09082031 102221221100101221021100
0.09082031 102221221100101201221100
0.09082031 102221221100100221221202
0.09082031 102221221100100221122100
0.09082031 102221221100100221020100
0.09082031 102221221100100220221102
0.09082031 102221221100100211221102
0.09082031 102221221100100211220100
0.09082031 102221221100002221221100
0.09082031 102221221100000221211100
0.09082031 102221211100100201221100
0.09082031 102221021100100221021100
0.09082031 102211221100100221221101
0.09082031 102021221200100221221100
0.09082031 101222221100100220221100
0.09082031 101222221000100221221100
0.09082031 101221221120110221221100
0.09082031 101221221120100221221200
0.09082031 101221221120000221221100
0.09082031 101221221102101221221100
0.09082031 101221221100101221221000
0.09082031 101221221100101221121100
0.09082031 101221221100100222201100
0.09082031 101221221100100121221101
0.09082031 101221221000100211221100
0.09082031 101221211100100221221200
0.09082031 101221201200100221221100
0.09082031 101221021100100221222100
0.09082031 101221021100100221221102
0.09082031 101221021000100221221100
0.09082031 101220221100100211221100
0.09082031 101211221100100221221200
0.09082031 101211221100100021221100
0.09082031 101021221200100221221100
0.09082031 100222222100100220221100
0.09082031 100222221102102221221100
0.09082031 100222221100120221220100
0.09082031 100222221100101222221100
0.09082031 100222221100100222201100
0.09082031 100222221100100221211120
0.09082031 100222221100100201221000
0.09082031 100222221100100201121100
0.09082031 100222221100100111221100
0.09082031 100222221001100221221100
0.09082031 100222221000100220221100
0.09082031 100222220101100221221100
0.09082031 100222211100101221221100
0.09082031 100222121120100221221100
0.09082031 100222121100100201221100
0.09082031 100222021100101221221100
0.09082031 100222021100100221221110
0.09082031 100221222120100221221000
0.09082031 100221222101101221221100
0.09082031 100221222101000221221100
0.09082031 100221222100201221221100
0.09082031 100221222100200221221200
0.09082031 100221222100100222221120
0.09082031 100221222100100222221101
0.09082031 100221222100100221222101
0.09082031 100221222100100221211101
0.09082031 100221222100100221021110
0.09082031 100221222100100212221100
0.09082031 100221222100100211221101
0.09082031 100221222100100121211100
0.09082031 100221222100100021121100
0.09082031 100221222100000221221110
0.09082031 100221222100000221201100
0.09082031 100221222100000201221100
0.09082031 100221221200120221211100
0.09082031 100221221200102221121100
0.09082031 100221221200101220221100
0.09082031 100221221200100221222101
0.09082031 100221221200100221221210
0.09082031 100221221200100221122100
0.09082031 100221221200100021221200
0.09082031 100221221200100021221120
0.09082031 100221221120200221221000
0.09082031 100221221120120222221100
0.09082031 100221221120100222221000
0.09082031 100221221120100202221100
0.09082031 100221221110110211221100
0.09082031 100221221110102222221100
0.09082031 100221221110100221211120
0.09082031 100221221110100221211110
0.09082031 100221221110100220021100
0.09082031 100221221110000221221110
0.09082031 100221221102202221221100
0.09082031 100221221102110121221100
0.09082031 100221221102100221221202
0.09082031 100221221102100221121000
0.09082031 100221221102100121221101
0.09082031 100221221102100121121100
0.09082031 100221221101110221221000
0.09082031 100221221101110021221100
0.09082031 100221221101101221121100
0.09082031 100221221101100021021100
0.09082031 100221221101000221221200
0.09082031 100221221101000221211100
0.09082031 100221221100202221201100
0.09082031 100221221100200221201120
0.09082031 100221221100200201220100
0.09082031 100221221100120221211200
0.09082031 100221221100110211222100
0.09082031 100221221100110211121100
0.09082031 100221221100102221221001
0.09082031 100221221100102221211000
0.09082031 100221221100101211221102
0.09082031 100221221100101211211100
0.09082031 100221221100100220120100
0.09082031 100221221100100220022100
0.09082031 100221221100100201220101
0.09082031 100221221100100121021110
0.09082031 100221221100100021221202
0.09082031 100221221100001221221200
0.09082031 100221221100000221222200
0.09082031 100221221100000221222110
0.09082031 100221221100000211220100
0.09082031 100221221100000201222100
0.09082031 100221221100000001221100
0.09082031 100221221020100221221200
0.09082031 100221221000120211221100
0.09082031 100221221000110222221100
0.09082031 100221221000102201221100
0.09082031 100221221000100222221102
0.09082031 100221221000100221201000
0.09082031 100221221000100221121000
0.09082031 100221221000100220021100
0.09082031 100221221000100211201100
0.09082031 100221221000100201211100
0.09082031 100221221000100201201100
0.09082031 100221221000100121221200
0.09082031 100221220110100221211100
0.09082031 100221220100200221220100
0.09082031 100221220100102221221120
0.09082031 100221220100100221122100
0.09082031 100221220100100201221101
0.09082031 100221220100100201021100
0.09082031 100221220100100121221000
0.09082031 100221220100100121021100
0.09082031 100221212100100121221100
0.09082031 100221211200100121221100
0.09082031 100221211101100221221120
0.09082031 100221211100100222221200
0.09082031 100221211100100221221201
0.09082031 100221211100100221220102
0.09082031 100221211100100220211100
0.09082031 100221211100100211221102
0.09082031 100221211100000221222100
0.09082031 100221211100000221211100
0.09082031 100221211000102221221100
0.09082031 100221210100100221221200
0.09082031 100221201200000221221100
0.09082031 100221201120100021221100
0.09082031 100221201110101221221100
0.09082031 100221201110100221222100
0.09082031 100221201102100221222100
0.09082031 100221201102100221021100
0.09082031 100221201100110211221100
0.09082031 100221201100101221201100
0.09082031 100221201100100221221202
0.09082031 100221201100100221210100
0.09082031 100221201100100220021100
0.09082031 100221201100100021221000
0.09082031 100221201100000221221200
0.09082031 100221122100100221211100
0.09082031 100221121210100221221100
0.09082031 100221121202100221221100
0.09082031 100221121200100222221100
0.09082031 100221121120100221220100
0.09082031 100221121110102221221100
0.09082031 100221121110100221221102
0.09082031 100221121100102221021100
0.09082031 100221121100100221021102
0.09082031 100221121100100211221000
0.09082031 100221121100100211211100
0.09082031 100221121100100122221100
0.09082031 100221121100100020221100
0.09082031 100221121100010221221100
0.09082031 100221121100000201221100
0.09082031 100221121000100201221100
0.09082031 100221120100100221221000
0.09082031 100221120100100221211100
0.09082031 100221120100100021221100
0.09082031 100221021120100221221110
0.09082031 100221021102100221121100
0.09082031 100221021100110221221101
0.09082031 100221021100110221220100
0.09082031 100221021100110221121100
0.09082031 100221021100101221221101
0.09082031 100221021100100221201120
0.09082031 100221021100100201220100
0.09082031 100221021100100201021100
0.09082031 100221021100100022221100
0.09082031 100221021100100021211100
0.09082031 100221021000100221021100
0.09082031 100220222100100221201100
0.09082031 100220221200100211221100
0.09082031 100220221120100201221100
0.09082031 100220221102100221222100
0.09082031 100220221101100221220100
0.09082031 100220221100102221221120
0.09082031 100220221100101201221100
0.09082031 100220221100100222201100
0.09082031 100220221100100211221000
0.09082031 100220221100100211211100
0.09082031 100220221100002221221100
0.09082031 100220221100000221221120
0.09082031 100220221100000201221100
0.09082031 100220202100100221221100
0.09082031 100220201102100221221100
0.09082031 100220201100102221221100
0.09082031 100220201100100021221100
0.09082031 100220121100000221221100
0.09082031 100220021200100221221100
0.09082031 100220021100100221221102
0.09082031 100212221100102221221100
0.09082031 100211221200100221222100
0.09082031 100211221200100221211100
0.09082031 100211221101120221221100
0.09082031 100211221101100221220100
0.09082031 100211221100110221211100
0.09082031 100211221100110220221100
0.09082031 100211221100102121221100
0.09082031 100211221100100221220110
0.09082031 100211221100100221201000
0.09082031 100211221100100211221102
0.09082031 100211221100100201221200
0.09082031 100211221100100201221120
0.09082031 100211221000100220221100
0.09082031 100211121100100221211100
0.09082031 100211121100100221201100
0.09082031 100210221100100221221000
0.09082031 100210221100100211221100
0.09082031 100210221100100201221100
0.09082031 100201222100100221221000
0.09082031 100201222100100221220100
0.09082031 100201221102100121221100
0.09082031 100201221101110221221100
0.09082031 100201221101100201221100
0.09082031 100201221100100222211100
0.09082031 100201221100100221201000
0.09082031 100201221100100221121200
0.09082031 100201211110100221221100
0.09082031 100201201100100222221100
0.09082031 100201121100100221220100
0.09082031 100201021100100221222100
0.09082031 100201021100100221220100
0.09082031 100201021100100221021100
0.09082031 100122221100100221221200
0.09082031 100121222100100211221100
0.09082031 100121221200100021221100
0.09082031 100121221102100221220100
0.09082031 100121221101100221021100
0.09082031 100121221101000221221100
0.09082031 100121221100102221021100
0.09082031 100121221100102201221100
0.09082031 100121221100101221222100
0.09082031 100121221100100222221101
0.09082031 100121221100100221220120
0.09082031 100121221100000221221110
0.09082031 100121221100000201221100
0.09082031 100121221000200221221100
0.09082031 100121211100100222221100
0.09082031 100121121100100221221110
0.09082031 100022221100200221221100
0.09082031 100022221100100221222100
0.09082031 100021222100100221121100
0.09082031 100021221200100221221102
0.09082031 100021221200100221220100
0.09082031 100021221200100021221100
0.09082031 100021221120100221221110
0.09082031 100021221110200221221100
0.09082031 100021221102100221121100
0.09082031 100021221101102221221100
0.09082031 100021221101101221221100
0.09082031 100021221100102221221110
0.09082031 100021221100101221221102
0.09082031 100021221100101221201100
0.09082031 100021221100100021221200
0.09082031 100021221100100021221102
0.09082031 100021221000110221221100
0.09082031 100021221000100220221100
0.09082031 100021211102100221221100
0.09082031 100021201120100221221100
0.09082031 100020222100100221221100
0.09082031 100020211100100221221100
0.09082031 002221221110100221221100
0.09082031 001221221000100221221100
0.09082031 000221222100100221221000
0.09082031 000221221200100221222100
0.09082031 000221221101100221221101
0.09082031 000221221100200221221120
0.09082031 000221221100200221221102
0.09082031 000221221100200021221100
0.09082031 000221221100120222221100
0.09082031 000221221100120221220100
0.09082031 000221221100102221221110
0.09082031 000221221100101221221110
0.09082031 000221221100101221221101
0.09082031 000221221100101221121100
0.09082031 000221221100101221021100
0.09082031 000221221100100221121200
0.09082031 000221221100100221120100
0.09082031 000221221100100211222100
0.09082031 000221211100120221221100
0.09082031 000221201100200221221100
0.09082031 000221121100110221221100
0.09082031 000211221100100221221110
0.09082031 000201221100100221222100
0.09082031 000121221100100221201100
0.09082031 000021221100100221221120
0.09082031 000021221100100021221100
0.08984375 202121221100100221221100
0.08984375 201221220100100221221100
0.08984375 200221221110200221221100
0.08984375 200221221102120221221100
0.08984375 200221221101100221121100
0.08984375 200221221100120201221100
0.08984375 200221221100100221201000
0.08984375 200221221100100211021100
0.08984375 200221221100100121221101
0.08984375 200221221100100022221100
0.08984375 200221221100100021121100
0.08984375 200221221100000221221110
0.08984375 200221221100000221121100
0.08984375 200221221000110221221100
0.08984375 200221121100100211221100
0.08984375 200221021100100021221100
0.08984375 200221021000100221221100
0.08984375 200211221100100121221100
0.08984375 200121221100100221221110
0.08984375 200021221100100221222100
0.08984375 200021121100100221221100
0.08984375 122222221100100221221100
0.08984375 120221221120100221221110
0.08984375 120221221120100221221000
0.08984375 120221221110100221221120
0.08984375 120221221110000221221100
0.08984375 120221221100200211221100
0.08984375 120221221100120221222100
0.08984375 120221221100102221021100
0.08984375 120221221100100222221200
0.08984375 120221221100100121221102
0.08984375 120221221100100121021100
0.08984375 120221221100000221221110
0.08984375 120221221000100221221120
0.08984375 120221220110100221221100
0.08984375 120221220100200221221100
0.08984375 120221220100100221021100
0.08984375 120221211100100220221100
0.08984375 120221210100100221221100
0.08984375 120221120100100221221100
0.08984375 120221021100120221221100
0.08984375 120221021100100221221000
0.08984375 120211221100100201221100
0.08984375 120121221100100221222100
0.08984375 120121221000100221221100
0.08984375 120121220100100221221100
0.08984375 120021221110100221221100
0.08984375 110222221100100221221200
0.08984375 110222221100100211221100
0.08984375 110221222100100221221110
0.08984375 110221222100100221021100
0.08984375 110221222100100220221100
0.08984375 110221221200200221221100
0.08984375 110221221200100221221110
0.08984375 110221221200100221021100
0.08984375 110221221101100221121100
0.08984375 110221221100110121221100
0.08984375 110221221100100222021100
0.08984375 110221221100100220221102
0.08984375 110221221100000221221200
0.08984375 110221221000100222221100
0.08984375 110221221000100221221000
0.08984375 110221211102100221221100
0.08984375 110221211100100221221120
0.08984375 110221211100100221021100
0.08984375 110221201100100201221100
0.08984375 110221122100100221221100
0.08984375 110221021100120221221100
0.08984375 110220220100100221221100
0.08984375 110211221100100221221110
0.08984375 110201221100100211221100
0.08984375 110121221100120221221100
0.08984375 110121221100100221222100
0.08984375 110021221200100221221100
0.08984375 110021221100120221221100
0.08984375 110021211100100221221100
0.08984375 102222221200100221221100
0.08984375 102222221100101221221100
0.08984375 102221221120100221021100
0.08984375 102221221100200221222100
0.08984375 102221221100120121221100
0.08984375 102221221100110221222100
0.08984375 102221221100101221221200
0.08984375 102221221100100222221101
0.08984375 102221221100100211201100
0.08984375 102221221100000221220100
0.08984375 102221221000100221221110
0.08984375 102221211110100221221100
0.08984375 102221201100100121221100
0.08984375 102221121100200221221100
0.08984375 102220221100100221222100
0.08984375 102211221100100221222100
0.08984375 102211221100100221221200
0.08984375 102211221100100221220100
0.08984375 102201221100100222221100
0.08984375 101222221100100222221100
0.08984375 101221221200100221021100
0.08984375 101221221200100121221100
0.08984375 101221221120102221221100
0.08984375 101221221120100221201100
0.08984375 101221221100200121221100
0.08984375 101221221100101221221200
0.08984375 101221221100101221201100
0.08984375 101221221100100211201100
0.08984375 101221221100100121121100
0.08984375 101221221100100021201100
0.08984375 101221221100000221201100
0.08984375 101221221000100221201100
0.08984375 101221211102100221221100
0.08984375 101221201100100121221100
0.08984375 101221121110100221221100
0.08984375 101221121000100221221100
0.08984375 101221021120100221221100
0.08984375 101221021100100221221101
0.08984375 101220221100100221220100
0.08984375 101220221100000221221100
0.08984375 101220021100100221221100
0.08984375 101211221101100221221100
0.08984375 101211221100110221221100
0.08984375 101201221100100220221100
0.08984375 100222222102100221221100
0.08984375 100222222100100221221120
0.08984375 100222221120100221222100
0.08984375 100222221100200121221100
0.08984375 100222221100101221221110
0.08984375 100222221100100221201200
0.08984375 100222221100100201222100
0.08984375 100222221100100021221110
0.08984375 100222220100100221221200
0.08984375 100222220100100221221120
0.08984375 100222211100100221221120
0.08984375 100222021100102221221100
0.08984375 100222021100100221222100
0.08984375 100221222120100221021100
0.08984375 100221222110100221221200
0.08984375 100221222110100211221100
0.08984375 100221222110100201221100
0.08984375 100221222102100221222100
0.08984375 100221222100202221221100
0.08984375 100221222100200221201100
0.08984375 100221222100102221211100
0.08984375 100221222100102221121100
0.08984375 100221222100101221221000
0.08984375 100221222100100221211120
0.08984375 100221222100100221211102
0.08984375 100221222100100201221101
0.08984375 100221222100100121221102
0.08984375 100221222100100021221120
0.08984375 100221221202100221221101
0.08984375 100221221202100221220100
0.08984375 100221221201100221221110
0.08984375 100221221201100221221102
0.08984375 100221221200102221221102
0.08984375 100221221200101211221100
0.08984375 100221221200100221211101
0.08984375 100221221200100220221120
0.08984375 100221221200100122221100
0.08984375 100221221120200221201100
0.08984375 100221221120100222121100
0.08984375 100221221120100221211110
0.08984375 100221221120100221022100
0.08984375 100221221120100220221102
0.08984375 100221221110200221220100
0.08984375 100221221110100222222100
0.08984375 100221221110100220221101
0.08984375 100221221110000221222100
0.08984375 100221221101200221221101
0.08984375 100221221101120221201100
0.08984375 100221221101120121221100
0.08984375 100221221101102221121100
0.08984375 100221221100201221221200
0.08984375 100221221100200221222120
0.08984375 100221221100200021221200
0.08984375 100221221100120221222120
0.08984375 100221221100120211211100
0.08984375 100221221100120211021100
0.08984375 100221221100120121211100
0.08984375 100221221100120021211100
0.08984375 100221221100120021201100
0.08984375 100221221100102221221002
0.08984375 100221221100102211021100
0.08984375 100221221100100222022100
0.08984375 100221221100100221211202
0.08984375 100221221100100221022120
0.08984375 100221221100100221022110
0.08984375 100221221100100210121100
0.08984375 100221221100100201221002
0.08984375 100221221100100201122100
0.08984375 100221221100100122021100
0.08984375 100221221100100121121110
0.08984375 100221221100100120121100
0.08984375 100221221100100021021200
0.08984375 100221221100002201221100
0.08984375 100221221100000221220120
0.08984375 100221221100000221211000
0.08984375 100221221000100222222100
0.08984375 100221221000100222221120
0.08984375 100221221000100221221002
0.08984375 100221221000100202221100
0.08984375 100221221000000221211100
0.08984375 100221220120100221221000
0.08984375 100221220120100220221100
0.08984375 100221220110100221221000
0.08984375 100221220100102221221102
0.08984375 100221220100102221211100
0.08984375 100221220100100222221101
0.08984375 100221220100100221220120
0.08984375 100221220100100220121100
0.08984375 100221220100100201201100
0.08984375 100221220100100201121100
0.08984375 100221220100100120221100
0.08984375 100221220100000221222100
0.08984375 100221212100100201221100
0.08984375 100221211200100221221101
0.08984375 100221211110100221221101
0.08984375 100221211110100221121100
0.08984375 100221211100102221220100
0.08984375 100221211100101221221101
0.08984375 100221211100100221222102
0.08984375 100221211100100201021100
0.08984375 100221211100100121021100
0.08984375 100221211100000221220100
0.08984375 100221211010100221221100
0.08984375 100221210100100221222100
0.08984375 100221210100100221221110
0.08984375 100221202100100221211100
0.08984375 100221202100100211221100
0.08984375 100221201100102221221110
0.08984375 100221201100101221021100
0.08984375 100221201100100201221102
0.08984375 100221201100100121221000
0.08984375 100221201100000221222100
0.08984375 100221201000100221121100
0.08984375 100221201000100221021100
0.08984375 100221121200100220221100
0.08984375 100221121102100221221101
0.08984375 100221121100200021221100
0.08984375 100221121100120121221100
0.08984375 100221121100110221221000
0.08984375 100221121100102221221102
0.08984375 100221121100100221121101
0.08984375 100221121100100121222100
0.08984375 100221121100100022221100
0.08984375 100221022100120221221100
0.08984375 100221022100100221221110
0.08984375 100221022100100221221000
0.08984375 100221021200100221201100
0.08984375 100221021100120221221000
0.08984375 100221021100110221222100
0.08984375 100221021100110221221120
0.08984375 100221021100110221221110
0.08984375 100221021100102221221120
0.08984375 100221021100102221221110
0.08984375 100221021100102221221101
0.08984375 100221021100101211221100
0.08984375 100221021100101021221100
0.08984375 100221021100100221222110
0.08984375 100221021100100220222100
0.08984375 100221021100100211221200
0.08984375 100220222100100221220100
0.08984375 100220221120100221221200
0.08984375 100220221120100220221100
0.08984375 100220221101100221211100
0.08984375 100220221100202221221100
0.08984375 100220221100120211221100
0.08984375 100220221100100221211200
0.08984375 100220221100100202221100
0.08984375 100220221100100201221200
0.08984375 100220221100100201021100
0.08984375 100220221100000221211100
0.08984375 100220220100100221221000
0.08984375 100220201100100222221100
0.08984375 100220121100100221221101
0.08984375 100211222100100021221100
0.08984375 100211221100200221211100
0.08984375 100211221100120221201100
0.08984375 100211221100110221221110
0.08984375 100211221100100221221202
0.08984375 100211221100100221221201
0.08984375 100211221100100221221020
0.08984375 100211221100100221211200
0.08984375 100211221100100211221101
0.08984375 100211221100100201211100
0.08984375 100211221100000221211100
0.08984375 100211221000100221222100
0.08984375 100211220101100221221100
0.08984375 100211220100102221221100
0.08984375 100211220100100221221120
0.08984375 100211220100100211221100
0.08984375 100211211200100221221100
0.08984375 100210121100100221221100
0.08984375 100201222100100221201100
0.08984375 100201221200100221221110
0.08984375 100201221102102221221100
0.08984375 100201221101100211221100
0.08984375 100201221100120211221100
0.08984375 100201221100110201221100
0.08984375 100201221100100222021100
0.08984375 100201221100100221211200
0.08984375 100201221100100201221120
0.08984375 100201221100100201121100
0.08984375 100201201100100221221110
0.08984375 100201121100100221201100
0.08984375 100201021100000221221100
0.08984375 100122221100100221221000
0.08984375 100121221210100221221100
0.08984375 100121221110100211221100
0.08984375 100121221100120211221100
0.08984375 100121221100100201222100
0.08984375 100121221100100201221101
0.08984375 100121221001100221221100
0.08984375 100121221000100221221120
0.08984375 100121221000100221221101
0.08984375 100121220100100221222100
0.08984375 100121121100102221221100
0.08984375 100121121100100221221000
0.08984375 100121021100100221221000
0.08984375 100120222100100221221100
0.08984375 100120221000100221221100
0.08984375 100022221100100220221100
0.08984375 100021222120100221221100
0.08984375 100021221120200221221100
0.08984375 100021221120101221221100
0.08984375 100021221102100221222100
0.08984375 100021221102100221221101
0.08984375 100021221100102201221100
0.08984375 100021221100101221021100
0.08984375 100021221100100211222100
0.08984375 100021221100100121221110
0.08984375 100021220100100221220100
0.08984375 100021021100100221221200
0.08984375 002221221100100221221101
0.08984375 002221221100100221121100
0.08984375 002221221100100221021100
0.08984375 002221221100100021221100
0.08984375 002211221100100221221100
0.08984375 001221221100100221201100
0.08984375 000221221200100221201100
0.08984375 000221221110120221221100
0.08984375 000221221102100221222100
0.08984375 000221221100110221222100
0.08984375 000221221100102221121100
0.08984375 000221221100101221221102
0.08984375 000221221100100221221201
0.08984375 000221221100100221122100
0.08984375 000221221100100211021100
0.08984375 000221221100100201221000
0.08984375 000221221100000221221110
0.08984375 000221221000110221221100
0.08984375 000221221000100221121100
0.08984375 000221220120100221221100
0.08984375 000221220100100221221000
0.08984375 000221211100100221201100
0.08984375 000221211100100221021100
0.08984375 000221211100100220221100
0.08984375 000221201100100221220100
0.08984375 000221121200100221221100
0.08984375 000221121100200221221100
0.08984375 000221121100100221121100
0.08984375 000221121100100121221100
0.08984375 000211221100102221221100
0.08984375 000211221100101221221100
0.08984375 000211221100100221221101
0.08984375 000201221100100211221100
0.08984375 000121221100100211221100
0.08984375 000111221100100221221100
0.08984375 000021221100000221221100
0.08984375 000021121100100221221100
0.08886719 202221221100100221221000
0.08886719 201221201100100221221100
0.08886719 200221222100100201221100
0.08886719 200221221202100221221100
0.08886719 200221221120110221221100
0.08886719 200221221120100221221110
0.08886719 200221221120100201221100
0.08886719 200221221120000221221100
0.08886719 200221221100200221221101
0.08886719 200221221100200221220100
0.08886719 200221221100100222021100
0.08886719 200221221100100221222120
0.08886719 200221221100100221222102
0.08886719 200221221100100201221000
0.08886719 200221221100100201121100
0.08886719 200221221100000021221100
0.08886719 200221221000100221221200
0.08886719 200221211100100222221100
0.08886719 200221121100100221221200
0.08886719 200211221100100222221100
0.08886719 200211221100100221221110
0.08886719 200211221100100201221100
0.08886719 200211121100100221221100
0.08886719 200201221100102221221100
0.08886719 200201221100100201221100
0.08886719 200201121100100221221100
0.08886719 200121221100100221221000
0.08886719 200021221100100220221100
0.08886719 120222221100100222221100
0.08886719 120222221100100220221100
0.08886719 120221221120100222221100
0.08886719 120221221120100201221100
0.08886719 120221221110200221221100
0.08886719 120221221100200221222100
0.08886719 120221221100200221221000
0.08886719 120221221100110221221200
0.08886719 120221221100100221222101
0.08886719 120221221100100022221100
0.08886719 120221211200100221221100
0.08886719 120221211100100222221100
0.08886719 120221211000100221221100
0.08886719 120221201100100221220100
0.08886719 120221121100100121221100
0.08886719 120220221100100222221100
0.08886719 120211221100100221221110
0.08886719 120201221100000221221100
0.08886719 120121221100100221221101
0.08886719 120121221100100211221100
0.08886719 120121021100100221221100
0.08886719 110222221100200221221100
0.08886719 110222221100110221221100
0.08886719 110221222100101221221100
0.08886719 110221221200000221221100
0.08886719 110221221120100220221100
0.08886719 110221221110100221221000
0.08886719 110221221100200221221200
0.08886719 110221221100100222121100
0.08886719 110221221100100221121110
0.08886719 110221221100100211021100
0.08886719 110221220100100221021100
0.08886719 110221220100100201221100
0.08886719 110221211100100221222100
0.08886719 110221211100100220221100
0.08886719 110221021200100221221100
0.08886719 110211221100100201221100
0.08886719 110211121100100221221100
0.08886719 110121221100100221220100
0.08886719 110121221100100211221100
0.08886719 110121121100100221221100
0.08886719 110021221120100221221100
0.08886719 102222221100110221221100
0.08886719 102221221200100221021100
0.08886719 102221221200100021221100
0.08886719 102221221120101221221100
0.08886719 102221221110100201221100
0.08886719 102221221100100211222100
0.08886719 102221221100100121221101
0.08886719 102221221100100121221000
0.08886719 102221221100100121121100
0.08886719 102221221000102221221100
0.08886719 102221021100120221221100
0.08886719 102221021100100221222100
0.08886719 102221021100100221221102
0.08886719 102221021100100221201100
0.08886719 102220221100120221221100
0.08886719 102211221200100221221100
0.08886719 102211221100120221221100
0.08886719 102211221100100221221120
0.08886719 102211221000100221221100
0.08886719 102211211100100221221100
0.08886719 102201211100100221221100
0.08886719 101221221200110221221100
0.08886719 101221221110100221220100
0.08886719 101221221101100221121100
0.08886719 101221221101100121221100
0.08886719 101221221100120221201100
0.08886719 101221221100120121221100
0.08886719 101221221100110221220100
0.08886719 101221221100102121221100
0.08886719 101221221100101221021100
0.08886719 101221221100100221222120
0.08886719 101221221100100221220102
0.08886719 101221221100100221201102
0.08886719 101221221100100121211100
0.08886719 101221221100100021221102
0.08886719 101221221100100021021100
0.08886719 101221221000100221221102
0.08886719 101221211101100221221100
0.08886719 101221211100100201221100
0.08886719 101221201100101221221100
0.08886719 101220221100100220221100
0.08886719 101211221100100221220100
0.08886719 101211221100100211221100
0.08886719 100222222100100221221000
0.08886719 100222222100100221121100
0.08886719 100222221120102221221100
0.08886719 100222221120100222221100
0.08886719 100222221120100201221100
0.08886719 100222221102100221221200
0.08886719 100222221102100221221000
0.08886719 100222221101100221221000
0.08886719 100222221100202221221100
0.08886719 100222221100120121221100
0.08886719 100222221100110221220100
0.08886719 100222221100102201221100
0.08886719 100222221100100222211100
0.08886719 100222221100100221222110
0.08886719 100222221100100211201100
0.08886719 100222221100000221221200
0.08886719 100222220100100221221000
0.08886719 100222220100100220221100
0.08886719 100222211100100221121100
0.08886719 100222202100100221221100
0.08886719 100222121100100221211100
0.08886719 100222121100100221021100
0.08886719 100222021102100221221100
0.08886719 100222021100100222221100
0.08886719 100222021100000221221100
0.08886719 100221222200100221221120
0.08886719 100221222120100221222100
0.08886719 100221222120100221221102
0.08886719 100221222120100121221100
0.08886719 100221222100101220221100
0.08886719 100221222100100222021100
0.08886719 100221222100100221201120
0.08886719 100221222100100221022100
0.08886719 100221222100100220211100
0.08886719 100221222100100201201100
0.08886719 100221222100000221211100
0.08886719 100221222100000211221100
0.08886719 100221221210100220221100
0.08886719 100221221202110221221100
0.08886719 100221221201100221221000
0.08886719 100221221200110221222100
0.08886719 100221221200101221221110
0.08886719 100221221200101201221100
0.08886719 100221221200100222201100
0.08886719 100221221200100221220110
0.08886719 100221221200100221211102
0.08886719 100221221200100221021000
0.08886719 100221221200100220221102
0.08886719 100221221200100220220100
0.08886719 100221221200100211222100
0.08886719 100221221200100211201100
0.08886719 100221221200100121221110
0.08886719 100221221200000221220100
0.08886719 100221221120120201221100
0.08886719 100221221120110221221110
0.08886719 100221221120100221222102
0.08886719 100221221120100221121200
0.08886719 100221221120100220221101
0.08886719 100221221120100201211100
0.08886719 100221221120100201201100
0.08886719 100221221120100121221120
0.08886719 100221221120000221201100
0.08886719 100221221110102221221120
0.08886719 100221221110102221221000
0.08886719 100221221110101221221120
0.08886719 100221221110100220222100
0.08886719 100221221110100122221100
0.08886719 100221221102200221222100
0.08886719 100221221102100121021100
0.08886719 100221221101120221221101
0.08886719 100221221101100221221202
0.08886719 100221221101100221201101
0.08886719 100221221101100221022100
0.08886719 100221221100200121221110
0.08886719 100221221100110221201000
0.08886719 100221221100110211211100
0.08886719 100221221100110211201100
0.08886719 100221221100102222221000
0.08886719 100221221100102222121100
0.08886719 100221221100101222221120
0.08886719 100221221100101221221202
0.08886719 100221221100101220221101
0.08886719 100221221100100222121110
0.08886719 100221221100100222120100
0.08886719 100221221100100211201000
0.08886719 100221221100100211020100
0.08886719 100221221100100201201000
0.08886719 100221221100100122221120
0.08886719 100221221100100121121000
0.08886719 100221221100100022221200
0.08886719 100221221100100022221000
0.08886719 100221221100100022220100
0.08886719 100221221100100021222120
0.08886719 100221221100100020221102
0.08886719 100221221100001221221000
0.08886719 100221221100000221201000
0.08886719 100221221100000201221000
0.08886719 100221221000200221221110
0.08886719 100221221000200221221000
0.08886719 100221221000100221222120
0.08886719 100221221000100221222110
0.08886719 100221221000100212221100
0.08886719 100221221000100211221101
0.08886719 100221221000100201221000
0.08886719 100221221000000221221110
0.08886719 100221220102100221201100
0.08886719 100221220102100121221100
0.08886719 100221220100200221201100
0.08886719 100221220100102221221110
0.08886719 100221220100101221221102
0.08886719 100221220100100221222101
0.08886719 100221220100100221210100
0.08886719 100221220100100221120100
0.08886719 100221220100100220211100
0.08886719 100221220100100121221102
0.08886719 100221220100100121121100
0.08886719 100221212101100221221100
0.08886719 100221211200102221221100
0.08886719 100221211200100221221102
0.08886719 100221211120101221221100
0.08886719 100221211110101221221100
0.08886719 100221211102100221121100
0.08886719 100221211102100211221100
0.08886719 100221211101100221221110
0.08886719 100221211100102222221100
0.08886719 100221211100102221201100
0.08886719 100221211100100221212100
0.08886719 100221211100100212221100
0.08886719 100221211100100201221102
0.08886719 100221211100100021222100
0.08886719 100221211000100220221100
0.08886719 100221210100100211221100
0.08886719 100221202100100221222100
0.08886719 100221201120100221021100
0.08886719 100221201110100221121100
0.08886719 100221201102100221220100
0.08886719 100221201101101221221100
0.08886719 100221201100101221221110
0.08886719 100221201100101220221100
0.08886719 100221201100100221222110
0.08886719 100221201100100221220101
0.08886719 100221201100100221021200
0.08886719 100221201100100021221120
0.08886719 100221201000100220221100
0.08886719 100221122100100221221102
0.08886719 100221121200100221221102
0.08886719 100221121120100221222100
0.08886719 100221121120100221211100
0.08886719 100221121100200221220100
0.08886719 100221121100110221220100
0.08886719 100221121100110221021100
0.08886719 100221121100102221221200
0.08886719 100221121100102221221110
0.08886719 100221121100101221221200
0.08886719 100221121100101221221102
0.08886719 100221121100100222222100
0.08886719 100221121100100222021100
0.08886719 100221121100100221022100
0.08886719 100221121100100211220100
0.08886719 100221121000100221021100
0.08886719 100221111100100221222100
0.08886719 100221022100000221221100
0.08886719 100221021102100221221101
0.08886719 100221021100200211221100
0.08886719 100221021100120221222100
0.08886719 100221021100101221221102
0.08886719 100221021100100211211100
0.08886719 100221021100100201221102
0.08886719 100221021100100021220100
0.08886719 100221021000110221221100
0.08886719 100221020100101221221100
0.08886719 100221020100100221221110
0.08886719 100220221201100221221100
0.08886719 100220221101100221222100
0.08886719 100220221100200221221000
0.08886719 100220221100100210221100
0.08886719 100220221100100201121100
0.08886719 100220221100100120221100
0.08886719 100220221000100221221200
0.08886719 100220221000100211221100
0.08886719 100220201000100221221100
0.08886719 100220021100100221211100
0.08886719 100220021100100221121100
0.08886719 100211222100100221221120
0.08886719 100211221200100201221100
0.08886719 100211221102102221221100
0.08886719 100211221102100121221100
0.08886719 100211221101101221221100
0.08886719 100211221101100221211100
0.08886719 100211221100200221221000
0.08886719 100211221100200121221100
0.08886719 100211221100110221220100
0.08886719 100211221100110201221100
0.08886719 100211221100110121221100
0.08886719 100211221100101221121100
0.08886719 100211221100100222201100
0.08886719 100211221100100221021000
0.08886719 100211221100100220221200
0.08886719 100211221100100220221000
0.08886719 100211221100100201121100
0.08886719 100211221100100022221100
0.08886719 100211220100101221221100
0.08886719 100211220100100221220100
0.08886719 100211211100000221221100
0.08886719 100201221200100221221000
0.08886719 100201221101100221211100
0.08886719 100201221100200221221000
0.08886719 100201221100110220221100
0.08886719 100201221100100222222100
0.08886719 100201221100100222221200
0.08886719 100201221100100221021200
0.08886719 100201221100100211222100
0.08886719 100201221100000201221100
0.08886719 100201220100100222221100
0.08886719 100201211120100221221100
0.08886719 100201201100101221221100
0.08886719 100201201100100211221100
0.08886719 100201121120100221221100
0.08886719 100122221102100221221100
0.08886719 100122221100100201221100
0.08886719 100121221120100221221200
0.08886719 100121221110102221221100
0.08886719 100121221102102221221100
0.08886719 100121221102100221201100
0.08886719 100121221102100021221100
0.08886719 100121221101200221221100
0.08886719 100121221100110221220100
0.08886719 100121221100102220221100
0.08886719 100121221100101221220100
0.08886719 100121221100100222021100
0.08886719 100121221100100221201120
0.08886719 100121221100100221120100
0.08886719 100121221100100221022100
0.08886719 100121221100100111221100
0.08886719 100121221000101221221100
0.08886719 100121221000100221221110
0.08886719 100121221000000221221100
0.08886719 100121211100102221221100
0.08886719 100121021100100201221100
0.08886719 100111221100101221221100
0.08886719 100022221200100221221100
0.08886719 100022221120100221221100
0.08886719 100022221100101221221100
0.08886719 100022221100100221211100
0.08886719 100022201100100221221100
0.08886719 100021221200110221221100
0.08886719 100021221120100221201100
0.08886719 100021221120100121221100
0.08886719 100021221110102221221100
0.08886719 100021221110000221221100
0.08886719 100021221100110221201100
0.08886719 100021221100102221221101
0.08886719 100021221100100221211110
0.08886719 100021221100100221201120
0.08886719 100021221100100201121100
0.08886719 100021211100100221221101
0.08886719 100021211100100221121100
0.08886719 100021122100100221221100
0.08886719 100021121100100211221100
0.08886719 100020221100110221221100
0.08886719 002221221100101221221100
0.08886719 002221221100100221222100
0.08886719 000221221200100221121100
0.08886719 000221221120200221221100
0.08886719 000221221100120221021100
0.08886719 000221221100102222221100
0.08886719 000221221100102221221102
0.08886719 000221221100100221222101
0.08886719 000221221100000221221120
0.08886719 000221221100000201221100
0.08886719 000221221100000021221100
0.08886719 000221220100100221222100
0.08886719 000221211100000221221100
0.08886719 000221121100000221221100
0.08886719 000211221100100211221100
0.08886719 000201221100101221221100
0.08886719 000201221100100021221100
0.08886719 000201221100000221221100
0.08886719 000121221100100221221120
0.08886719 000121221100100221220100
0.08886719 000121221100100221021100
0.08886719 000021221100100221121100
0.08886719 000021221100100221021100
0.08789062 201221221100100221121100
0.08789062 200222201100100221221100
0.08789062 200221221100200201221100
0.08789062 200221221100110221221200
0.08789062 200221221100110021221100
0.08789062 200221221100102221221110
0.08789062 200221221100101221221200
0.08789062 200221221100101221221120
0.08789062 200221221100100121221110
0.08789062 200221221100100121021100
0.08789062 200221221100100021221101
0.08789062 200221221100020221221100
0.08789062 200221221100010221221100
0.08789062 200221221100000221221101
0.08789062 200221220120100221221100
0.08789062 200221220100100221220100
0.08789062 200221201101100221221100
0.08789062 200221200100100221221100
0.08789062 200221121100200221221100
0.08789062 200221121100110221221100
0.08789062 200221021100100211221100
0.08789062 200211221100100221121100
0.08789062 200201221100100221221101
0.08789062 200201221100000221221100
0.08789062 200121221100100221221200
0.08789062 200121221100100220221100
0.08789062 120222221100100221221120
0.08789062 120221222100200221221100
0.08789062 120221222100100221221000
0.08789062 120221221200100221221110
0.08789062 120221221100202221221100
0.08789062 120221221100110221221000
0.08789062 120221221100100221221201
0.08789062 120221221100100021221000
0.08789062 120221221000100221221200
0.08789062 120221220100100221221120
0.08789062 120221220100100221220100
0.08789062 120221201100100221121100
0.08789062 120221201100100221021100
0.08789062 120221201100000221221100
0.08789062 120220221100200221221100
0.08789062 120220221100100221221120
0.08789062 120220221100100221221000
0.08789062 120121222100100221221100
0.08789062 120121221110100221221100
0.08789062 120121221100100221121100
0.08789062 120121221100100021221100
0.08789062 110222221100100220221100
0.08789062 110222121100100221221100
0.08789062 110221222100100221221102
0.08789062 110221222100100211221100
0.08789062 110221221200100221221000
0.08789062 110221221101000221221100
0.08789062 110221221100120221221000
0.08789062 110221221100100121221000
0.08789062 110221221100100021121100
0.08789062 110221221100000211221100
0.08789062 110221211100100221221000
0.08789062 110221211000100221221100
0.08789062 110221201101100221221100
0.08789062 110221021100100221221101
0.08789062 110221021100100211221100
0.08789062 110211221100100221221200
0.08789062 110201221100100220221100
0.08789062 110121221100101221221100
0.08789062 110021221100100221221101
0.08789062 102221221120100221221110
0.08789062 102221221120000221221100
0.08789062 102221221101100221221102
0.08789062 102221221100100220221101
0.08789062 102221221100100021021100
0.08789062 102221221000100221221200
0.08789062 102221221000100221221120
0.08789062 102221211200100221221100
0.08789062 102221211101100221221100
0.08789062 102221211100100211221100
0.08789062 102221121100102221221100
0.08789062 102221121100101221221100
0.08789062 102221121100100211221100
0.08789062 102221021100101221221100
0.08789062 102220021100100221221100
0.08789062 102211221100200221221100
0.08789062 102211221100101221221100
0.08789062 102211221100000221221100
0.08789062 101222221100100021221100
0.08789062 101222021100100221221100
0.08789062 101221221120100222221100
0.08789062 101221221100000021221100
0.08789062 101221211100102221221100
0.08789062 101221211100100221211100
0.08789062 101221201100100221220100
0.08789062 101221121120100221221100
0.08789062 101221121100100221121100
0.08789062 101220221100100221222100
0.08789062 101201221100100121221100
0.08789062 100222222120100221221100
0.08789062 100222221200102221221100
0.08789062 100222221200100221222100
0.08789062 100222221102100221222100
0.08789062 100222221102100121221100
0.08789062 100222221101100221221200
0.08789062 100222221101100021221100
0.08789062 100222221100200221221000
0.08789062 100222221100120211221100
0.08789062 100222221100110221201100
0.08789062 100222220100102221221100
0.08789062 100222220100100201221100
0.08789062 100222211200100221221100
0.08789062 100222211100100201221100
0.08789062 100222201102100221221100
0.08789062 100222121110100221221100
0.08789062 100222121100100221221120
0.08789062 100222121100000221221100
0.08789062 100222021100100221221101
0.08789062 100222021100100221121100
0.08789062 100222021100100201221100
0.08789062 100221222200102221221100
0.08789062 100221222120100221220100
0.08789062 100221222120000221221100
0.08789062 100221222110100221201100
0.08789062 100221222101100121221100
0.08789062 100221222100200221222100
0.08789062 100221222100102221221000
0.08789062 100221222100102201221100
0.08789062 100221222100101221221200
0.08789062 100221222100101221221102
0.08789062 100221222100101221021100
0.08789062 100221222100100221220102
0.08789062 100221222100100220222100
0.08789062 100221222100100201221102
0.08789062 100221222100100021221200
0.08789062 100221222100100021221102
0.08789062 100221222100100021221101
0.08789062 100221222100002221221100
0.08789062 100221221200120221222100
0.08789062 100221221200120221221000
0.08789062 100221221200120220221100
0.08789062 100221221200110201221100
0.08789062 100221221200101221221000
0.08789062 100221221200100222221102
0.08789062 100221221200100201221120
0.08789062 100221221200100201211100
0.08789062 100221221120120221201100
0.08789062 100221221120100222021100
0.08789062 100221221120100221211000
0.08789062 100221221120100211201100
0.08789062 100221221120100121221000
0.08789062 100221221120000221221110
0.08789062 100221221120000221221000
0.08789062 100221221110100222211100
0.08789062 100221221110100222121100
0.08789062 100221221110100222021100
0.08789062 100221221110100221211200
0.08789062 100221221110100221201000
0.08789062 100221221110100220121100
0.08789062 100221221110100211201100
0.08789062 100221221110100211121100
0.08789062 100221221110000221211100
0.08789062 100221221102120221201100
0.08789062 100221221101200221220100
0.08789062 100221221101100221211101
0.08789062 100221221101100221121200
0.08789062 100221221101100121221000
0.08789062 100221221101000021221100
0.08789062 100221221100200201222100
0.08789062 100221221100200121221120
0.08789062 100221221100200121201100
0.08789062 100221221100120222201100
0.08789062 100221221100120211222100
0.08789062 100221221100110121121100
0.08789062 100221221100102221221201
0.08789062 100221221100102221121200
0.08789062 100221221100102211121100
0.08789062 100221221100102201221101
0.08789062 100221221100102121221200
0.08789062 100221221100100222020100
0.08789062 100221221100100221201002
0.08789062 100221221100100221201001
0.08789062 100221221100100221122120
0.08789062 100221221100100220221201
0.08789062 100221221100100220201101
0.08789062 100221221100100201222101
0.08789062 100221221100100122221102
0.08789062 100221221100100121211200
0.08789062 100221221100100121021120
0.08789062 100221221100100120221101
0.08789062 100221221100000021221000
0.08789062 100221221000120222221100
0.08789062 100221221000110221221000
0.08789062 100221221000102221221120
0.08789062 100221221000102221221000
0.08789062 100221220120100221221200
0.08789062 100221220110100221201100
0.08789062 100221220100100221211200
0.08789062 100221220100100221020100
0.08789062 100221220100100220220100
0.08789062 100221212102100221221100
0.08789062 100221212100100021221100
0.08789062 100221211110102221221100
0.08789062 100221211102102221221100
0.08789062 100221211100120221220100
0.08789062 100221211100102221221101
0.08789062 100221211100100221221210
0.08789062 100221211100100221021200
0.08789062 100221211100100220201100
0.08789062 100221211100100021201100
0.08789062 100221211100000121221100
0.08789062 100221211000100221222100
0.08789062 100221201110100221221110
0.08789062 100221201100200221201100
0.08789062 100221201100102221221200
0.08789062 100221201100101221221000
0.08789062 100221201100101221121100
0.08789062 100221201100101201221100
0.08789062 100221201100100222220100
0.08789062 100221201100100221021110
0.08789062 100221201100100220222100
0.08789062 100221201100100220211100
0.08789062 100221201100100201021100
0.08789062 100221201100100121221102
0.08789062 100221201100100120221100
0.08789062 100221201000100221221200
0.08789062 100221122100102221221100
0.08789062 100221122100100221201100
0.08789062 100221121200100021221100
0.08789062 100221121120100221221102
0.08789062 100221121120000221221100
0.08789062 100221121100200221221102
0.08789062 100221121100120221221102
0.08789062 100221121100120221221000
0.08789062 100221121100120221220100
0.08789062 100221121100100121211100
0.08789062 100221121100100021211100
0.08789062 100221121000000221221100
0.08789062 100221120120100221221100
0.08789062 100221022100102221221100
0.08789062 100221021200100222221100
0.08789062 100221021200100221220100
0.08789062 100221021200100121221100
0.08789062 100221021110100220221100
0.08789062 100221021110100201221100
0.08789062 100221021100200121221100
0.08789062 100221021100120221221200
0.08789062 100221021100110221221000
0.08789062 100221021100102221221200
0.08789062 100221021100100221021110
0.08789062 100221021100100211201100
0.08789062 100221020100100211221100
0.08789062 100220222102100221221100
0.08789062 100220222100100221221000
0.08789062 100220221200100221221000
0.08789062 100220221101110221221100
0.08789062 100220221100110221221200
0.08789062 100220221100110201221100
0.08789062 100220220100100221221200
0.08789062 100220220100100221221110
0.08789062 100220211100102221221100
0.08789062 100220211000100221221100
0.08789062 100220201100100221221110
0.08789062 100220021102100221221100
0.08789062 100220021100100221021100
0.08789062 100211222101100221221100
0.08789062 100211222100102221221100
0.08789062 100211221200100211221100
0.08789062 100211221101100221021100
0.08789062 100211221100200221221110
0.08789062 100211221100120221220100
0.08789062 100211221100100222221101
0.08789062 100211221100100221201200
0.08789062 100211221100100221121000
0.08789062 100211221100100220221120
0.08789062 100211221100100210221100
0.08789062 100211221100100201221101
0.08789062 100211221100100021221110
0.08789062 100211221100000211221100
0.08789062 100211221100000121221100
0.08789062 100211221000100222221100
0.08789062 100211220100100221201100
0.08789062 100211220100100201221100
0.08789062 100211211100100221021100
0.08789062 100211201100100221222100
0.08789062 100211121100100222221100
0.08789062 100211001100100221221100
0.08789062 100201221100202221221100
0.08789062 100201221100110221221000
0.08789062 100201221100102221221110
0.08789062 100201221100100221211000
0.08789062 100201221100100220221101
0.08789062 100201221100100211121100
0.08789062 100201220100102221221100
0.08789062 100201220100100221221000
0.08789062 100201211100102221221100
0.08789062 100201201100100221220100
0.08789062 100201201100100221201100
0.08789062 100201021100100221121100
0.08789062 100122221120100221221100
0.08789062 100122221100100221222100
0.08789062 100122211100100221221100
0.08789062 100121222100100221222100
0.08789062 100121222100100221220100
0.08789062 100121221120200221221100
0.08789062 100121221110100221121100
0.08789062 100121221100110211221100
0.08789062 100121221100100221211102
0.08789062 100121221100100221201102
0.08789062 100121221100100221122100
0.08789062 100121221100100220211100
0.08789062 100121221100100201211100
0.08789062 100121221100100201201100
0.08789062 100121221000100221221000
0.08789062 100121220100100221220100
0.08789062 100121211102100221221100
0.08789062 100121201100100021221100
0.08789062 100121201000100221221100
0.08789062 100121021100102221221100
0.08789062 100111221100100221211100
0.08789062 100022221100100211221100
0.08789062 100021221201100221221100
0.08789062 100021221200100221221110
0.08789062 100021221200100221021100
0.08789062 100021221120100221121100
0.08789062 100021221110100222221100
0.08789062 100021221110100221222100
0.08789062 100021221100102221211100
0.08789062 100021221100102021221100
0.08789062 100021221100100221211120
0.08789062 100021221100100221120100
0.08789062 100021221100100201222100
0.08789062 100021221100100021021100
0.08789062 100021221100100020221100
0.08789062 100021221000101221221100
0.08789062 100021221000100221221200
0.08789062 100021221000100221221110
0.08789062 100021221000100221220100
0.08789062 100021221000100121221100
0.08789062 100021211100100221221200
0.08789062 100021211100100211221100
0.08789062 100021201100102221221100
0.08789062 100021201100100221222100
0.08789062 100021121100100221222100
0.08789062 100021121100100221221102
0.08789062 100021121100100221201100
0.08789062 100021021100102221221100
0.08789062 100021021100100221222100
0.08789062 100021021100100221221110
0.08789062 100021021100100221211100
0.08789062 100020221100101221221100
0.08789062 100020221100100221222100
0.08789062 002221221120100221221100
0.08789062 002221221100100221221102
0.08789062 000221222100120221221100
0.08789062 000221222100100221221101
0.08789062 000221222100100221220100
0.08789062 000221222100100221121100
0.08789062 000221221120100222221100
0.08789062 000221221120100220221100
0.08789062 000221221100100021221101
0.08789062 000221221100002221221100
0.08789062 000221221100000221222100
0.08789062 000221221100000211221100
0.08789062 000221221000120221221100
0.08789062 000221221000100221021100
0.08789062 000221211100100221121100
0.08789062 000221201100100221201100
0.08789062 000221121100100221221200
0.08789062 000221121100100221221102
0.08789062 000221121100100221221000
0.08789062 000201221100200221221100
0.08789062 000201221100100201221100
0.08691406 202221221100100222221100
0.08691406 202221221100100221221110
0.08691406 202211221100100221221100
0.08691406 200221221120100221221101
0.08691406 200221221101100221221101
0.08691406 200221221100200221221102
0.08691406 200221221100120220221100
0.08691406 200221221100101221221101
0.08691406 200221221100002221221100
0.08691406 200221221100000211221100
0.08691406 200221221000200221221100
0.08691406 200221221000100222221100
0.08691406 200221220100100221021100
0.08691406 200221220100100201221100
0.08691406 200221211100000221221100
0.08691406 200221021100100221221200
0.08691406 200221021100100221221101
0.08691406 200221021100100221221000
0.08691406 200211221100100211221100
0.08691406 200021221100100211221100
0.08691406 120222121100100221221100
0.08691406 120221221200200221221100
0.08691406 120221221200100221021100
0.08691406 120221221110100221221000
0.08691406 120221221110100221121100
0.08691406 120221221102100221121100
0.08691406 120221221101200221221100
0.08691406 120221221100120221021100
0.08691406 120221221100102221221120
0.08691406 120221221100102221221101
0.08691406 120221221100100222021100
0.08691406 120221221100100211221102
0.08691406 120221221100100121221120
0.08691406 120221221100100021221200
0.08691406 120221221100000221221000
0.08691406 120221221000000221221100
0.08691406 120221220100101221221100
0.08691406 120221220100100220221100
0.08691406 120221211101100221221100
0.08691406 120221201100102221221100
0.08691406 120221201100101221221100
0.08691406 120221021100100221221200
0.08691406 120220221100120221221100
0.08691406 120211221100101221221100
0.08691406 120211121100100221221100
0.08691406 120211021100100221221100
0.08691406 120121221200100221221100
0.08691406 120021222100100221221100
0.08691406 120021221100100222221100
0.08691406 120021221100100221021100
0.08691406 120021220100100221221100
0.08691406 110222021100100221221100
0.08691406 110221221120100201221100
0.08691406 110221221100100201121100
0.08691406 110221221100100022221100
0.08691406 110221221100100021021100
0.08691406 110221221000100221021100
0.08691406 110221221000100211221100
0.08691406 110221220100100221121100
0.08691406 110221211100100121221100
0.08691406 110211221100102221221100
0.08691406 110201221100100221221000
0.08691406 110121221100100221221102
0.08691406 110121221100100221221101
0.08691406 102222221100100211221100
0.08691406 102221221120100221201100
0.08691406 102221221110100222221100
0.08691406 102221221100102221221200
0.08691406 102221221100102221221110
0.08691406 102221221100102221221101
0.08691406 102221221100100022221100
0.08691406 102221221100100021221102
0.08691406 102221221100100021121100
0.08691406 102221221000100222221100
0.08691406 102221211100100221211100
0.08691406 102221121100100221221102
0.08691406 102211221100100221221110
0.08691406 102201221100101221221100
0.08691406 102201221100100201221100
0.08691406 102201121100100221221100
0.08691406 102021221100101221221100
0.08691406 101222121100100221221100
0.08691406 101221221200100221221200
0.08691406 101221221120100221220100
0.08691406 101221221100101221221110
0.08691406 101221221100100221020100
0.08691406 101221221100100220221102
0.08691406 101221221100100220221101
0.08691406 101221221100100121221110
0.08691406 101220221100100121221100
0.08691406 101211221100100201221100
0.08691406 101201121100100221221100
0.08691406 101121221100100121221100
0.08691406 100222221200100221211100
0.08691406 100222221101100211221100
0.08691406 100222221100200221201100
0.08691406 100222221100101221221120
0.08691406 100222221100100211221000
0.08691406 100222221000100222221100
0.08691406 100222220100100221211100
0.08691406 100222121100120221221100
0.08691406 100222021100200221221100
0.08691406 100221222110100121221100
0.08691406 100221222102101221221100
0.08691406 100221222102100221220100
0.08691406 100221222101100221201100
0.08691406 100221222100102221221101
0.08691406 100221222100100222221102
0.08691406 100221222100100222220100
0.08691406 100221222100100221211000
0.08691406 100221222100100221121110
0.08691406 100221222100100220221101
0.08691406 100221222100100211221102
0.08691406 100221222100100201220100
0.08691406 100221222100100021221000
0.08691406 100221222100000221221200
0.08691406 100221221202100221221102
0.08691406 100221221201102221221100
0.08691406 100221221200120221221110
0.08691406 100221221200110221221110
0.08691406 100221221200110211221100
0.08691406 100221221200100222221101
0.08691406 100221221200100222220100
0.08691406 100221221200100221221020
0.08691406 100221221200100221121000
0.08691406 100221221200100212221100
0.08691406 100221221200100202221100
0.08691406 100221221200100201220100
0.08691406 100221221200100021221000
0.08691406 100221221120120221221200
0.08691406 100221221120110221221000
0.08691406 100221221120110211221100
0.08691406 100221221120100220121100
0.08691406 100221221120100220021100
0.08691406 100221221120100201221000
0.08691406 100221221120100201021100
0.08691406 100221221110200221221000
0.08691406 100221221110120221201100
0.08691406 100221221102100221222102
0.08691406 100221221101200221222100
0.08691406 100221221101100221121110
0.08691406 100221221101100221121000
0.08691406 100221221101100201221101
0.08691406 100221221101100021121100
0.08691406 100221221100202221221120
0.08691406 100221221100202221221110
0.08691406 100221221100201221221000
0.08691406 100221221100120121221000
0.08691406 100221221100110221222120
0.08691406 100221221100102222221102
0.08691406 100221221100102211221102
0.08691406 100221221100101221211200
0.08691406 100221221100101221211000
0.08691406 100221221100100211222102
0.08691406 100221221100100121222120
0.08691406 100221221100100021201000
0.08691406 100221221100100020221101
0.08691406 100221221100000221201110
0.08691406 100221221000120221221110
0.08691406 100221221000110221221110
0.08691406 100221221000102221221200
0.08691406 100221221000102211221100
0.08691406 100221221000100222221101
0.08691406 100221221000100220221101
0.08691406 100221221000100211221102
0.08691406 100221221000000221221000
0.08691406 100221220120100201221100
0.08691406 100221220102101221221100
0.08691406 100221220102100221220100
0.08691406 100221220101100221220100
0.08691406 100221220100101221221110
0.08691406 100221220100100221202100
0.08691406 100221220100100221201110
0.08691406 100221212100100221201100
0.08691406 100221211120102221221100
0.08691406 100221211120100221121100
0.08691406 100221211100100222121100
0.08691406 100221211100100221222110
0.08691406 100221211100100221201101
0.08691406 100221211100100121201100
0.08691406 100221211000101221221100
0.08691406 100221211000100221121100
0.08691406 100221202100100221201100
0.08691406 100221201120100221221000
0.08691406 100221201101100221221200
0.08691406 100221201100101222221100
0.08691406 100221201100100222121100
0.08691406 100221201100100221222101
0.08691406 100221201100100221211120
0.08691406 100221201100100221211000
0.08691406 100221201100100221120100
0.08691406 100221201100100211221101
0.08691406 100221201100100021221110
0.08691406 100221201100100021201100
0.08691406 100221122100200221221100
0.08691406 100221122100101221221100
0.08691406 100221122100000221221100
0.08691406 100221121200100221201100
0.08691406 100221121110101221221100
0.08691406 100221121110100221222100
0.08691406 100221121110100221211100
0.08691406 100221121100200221221101
0.08691406 100221121100200211221100
0.08691406 100221121100110221221102
0.08691406 100221121100100221021101
0.08691406 100221121100100220021100
0.08691406 100221121100100021221120
0.08691406 100221121100000221220100
0.08691406 100221120100100221221110
0.08691406 100221022100100221221102
0.08691406 100221021110120221221100
0.08691406 100221021100120221220100
0.08691406 100221021100100221222120
0.08691406 100221021100100221220101
0.08691406 100221021100100221121120
0.08691406 100221021100100221020100
0.08691406 100221021100100220221102
0.08691406 100221021100100120221100
0.08691406 100221021100000221221000
0.08691406 100221021000100221220100
0.08691406 100221020100100221221000
0.08691406 100221020100100221121100
0.08691406 100220221100110221211100
0.08691406 100220221100110220221100
0.08691406 100220221100110211221100
0.08691406 100220221100102220221100
0.08691406 100220221100100222220100
0.08691406 100220221100100221201000
0.08691406 100220221100100220221120
0.08691406 100220221100100212221100
0.08691406 100220221100100211021100
0.08691406 100220221100000221222100
0.08691406 100220221100000221221000
0.08691406 100220220100100221221120
0.08691406 100220211100101221221100
0.08691406 100220201100100221221120
0.08691406 100220201100100221221000
0.08691406 100220121100100220221100
0.08691406 100220021101100221221100
0.08691406 100220021100101221221100
0.08691406 100220021100100221201100
0.08691406 100211222100101221221100
0.08691406 100211222100100221221110
0.08691406 100211222100100211221100
0.08691406 100211221120100221221200
0.08691406 100211221101110221221100
0.08691406 100211221100120220221100
0.08691406 100211221100110222221100
0.08691406 100211221100110211221100
0.08691406 100211221100100222221000
0.08691406 100211221100100221221210
0.08691406 100211221100100221211000
0.08691406 100211221100100221122100
0.08691406 100211221100100221021120
0.08691406 100211221100100201222100
0.08691406 100211221100100201220100
0.08691406 100211221100100021221000
0.08691406 100211221100000221222100
0.08691406 100211220100100221221110
0.08691406 100211220100100121221100
0.08691406 100211201100100221211100
0.08691406 100211022100100221221100
0.08691406 100210221100100221221200
0.08691406 100201221100120220221100
0.08691406 100201221100110221221200
0.08691406 100201221100101201221100
0.08691406 100201221100100221221202
0.08691406 100201221100100211211100
0.08691406 100201221100100201211100
0.08691406 100201221100100022221100
0.08691406 100201221000100221221000
0.08691406 100201220100100201221100
0.08691406 100201201100100201221100
0.08691406 100122221100102221221100
0.08691406 100121222100102221221100
0.08691406 100121221120110221221100
0.08691406 100121221120100221221000
0.08691406 100121221100102211221100
0.08691406 100121221100101221221120
0.08691406 100121221100101221221102
0.08691406 100121221100100221222101
0.08691406 100121221100100211221101
0.08691406 100121221000100220221100
0.08691406 100121221000100121221100
0.08691406 100121220120100221221100
0.08691406 100121211100100220221100
0.08691406 100121121100100221222100
0.08691406 100121121100100211221100
0.08691406 100120221100100221211100
0.08691406 100120221100100201221100
0.08691406 100022221100100221220100
0.08691406 100022221100100201221100
0.08691406 100021222100100221201100
0.08691406 100021221200100221221200
0.08691406 100021221200100211221100
0.08691406 100021221120100221021100
0.08691406 100021221110100221221120
0.08691406 100021221110100121221100
0.08691406 100021221101200221221100
0.08691406 100021221100110221222100
0.08691406 100021221100110221220100
0.08691406 100021221100110221211100
0.08691406 100021221100102221121100
0.08691406 100021221100102121221100
0.08691406 100021221100100221222102
0.08691406 100021221100100221201101
0.08691406 100021221100100220221101
0.08691406 100021220100101221221100
0.08691406 100021211100102221221100
0.08691406 100021121100100221211100
0.08691406 100021021100100221201100
0.08691406 100020221100100211221100
0.08691406 002221221100000221221100
0.08691406 002221211100100221221100
0.08691406 001221211100100221221100
0.08691406 000221221120100221222100
0.08691406 000221221120100221221110
0.08691406 000221221100200221222100
0.08691406 000221221100200221221110
0.08691406 000221221100200221220100
0.08691406 000221221100120211221100
0.08691406 000221221100102221221000
0.08691406 000221221100100222222100
0.08691406 000221221000100221221200
0.08691406 000221221000100220221100
0.08691406 000221220110100221221100
0.08691406 000221220100102221221100
0.08691406 000221220100100221201100
0.08691406 000221202100100221221100
0.08691406 000221201100120221221100
0.08691406 000221201100100221221102
0.08691406 000221121100100211221100
0.08691406 000211221100100221021100
0.08691406 000211221100000221221100
0.08691406 000211220100100221221100
0.08691406 000201221100120221221100
0.08691406 000201221100100121221100
0.08691406 000121221100100221222100
0.08691406 000021221000100221221100
0.0859375 202221221110100221221100
0.0859375 202221221100100221021100
0.0859375 200221222100100221222100
0.0859375 200221221200102221221100
0.0859375 200221221120100221121100
0.0859375 200221221100120221222100
0.0859375 200221221100120221221110
0.0859375 200221221100100121221120
0.0859375 200221221100000201221100
0.0859375 200221221000100221221102
0.0859375 200221221000000221221100
0.0859375 200221211100100221220100
0.0859375 200221201100100221221101
0.0859375 200221021100120221221100
0.0859375 200211221100000221221100
0.0859375 200211220100100221221100
0.0859375 200021222100100221221100
0.0859375 200021220100100221221100
0.0859375 120222221100102221221100
0.0859375 120222021100100221221100
0.0859375 120221222110100221221100
0.0859375 120221222102100221221100
0.0859375 120221221101100221121100
0.0859375 120221221100120221221101
0.0859375 120221221100120201221100
0.0859375 120221221100102221221110
0.0859375 120221221100100221221202
0.0859375 120221221100100220121100
0.0859375 120221221100100122221100
0.0859375 120221221000120221221100
0.0859375 120221220100102221221100
0.0859375 120221220100100201221100
0.0859375 120221220100000221221100
0.0859375 120221212100100221221100
0.0859375 120211221100100220221100
0.0859375 120201221100102221221100
0.0859375 120121221100100221021100
0.0859375 120022221100100221221100
0.0859375 120021221200100221221100
0.0859375 110221222100100121221100
0.0859375 110221221200100201221100
0.0859375 110221221100100221121200
0.0859375 110221221000100221221110
0.0859375 110221121200100221221100
0.0859375 110211221100101221221100
0.0859375 110211221100100221221120
0.0859375 110211221100100221221000
0.0859375 110211221100100211221100
0.0859375 110201222100100221221100
0.0859375 110201221100100221221200
0.0859375 110122221100100221221100
0.0859375 110121221100100221121100
0.0859375 110121221100000221221100
0.0859375 110121211100100221221100
0.0859375 110021221100100221021100
0.0859375 102222221100120221221100
0.0859375 102222021100100221221100
0.0859375 102221221200110221221100
0.0859375 102221221200100221222100
0.0859375 102221221200100221121100
0.0859375 102221221120120221221100
0.0859375 102221221120100221211100
0.0859375 102221221102100221221102
0.0859375 102221221100102221221102
0.0859375 102221221100102211221100
0.0859375 102221221100000021221100
0.0859375 102221221000100121221100
0.0859375 102221211120100221221100
0.0859375 102221021110100221221100
0.0859375 102221021100100211221100
0.0859375 102121221100100221201100
0.0859375 101222221200100221221100
0.0859375 101221221200100211221100
0.0859375 101221221100100222222100
0.0859375 101221121100100221222100
0.0859375 101221021100101221221100
0.0859375 101221021100100221201100
0.0859375 101211221100100221221120
0.0859375 101211221000100221221100
0.0859375 101201221100101221221100
0.0859375 100222222100100221221200
0.0859375 100222221200100221201100
0.0859375 100222221120100220221100
0.0859375 100222221120100211221100
0.0859375 100222221101100121221100
0.0859375 100222221100200221222100
0.0859375 100222221100120221221200
0.0859375 100222221100110222221100
0.0859375 100222221100110221211100
0.0859375 100222221100102221221120
0.0859375 100222221100102221221110
0.0859375 100222221100101221221000
0.0859375 100222221100100221211200
0.0859375 100222221100100220220100
0.0859375 100222221100100121221120
0.0859375 100222221100000221221000
0.0859375 100222201101100221221100
0.0859375 100222201100100221221120
0.0859375 100222201100100220221100
0.0859375 100222021000100221221100
0.0859375 100221222110100221221110
0.0859375 100221222102100221221101
0.0859375 100221222101100221222100
0.0859375 100221222101100221221102
0.0859375 100221222101100221220100
0.0859375 100221222100102221221200
0.0859375 100221222100100222201100
0.0859375 100221222100100221220110
0.0859375 100221222100100201021100
0.0859375 100221222100100121221110
0.0859375 100221222100100121121100
0.0859375 100221222100100121021100
0.0859375 100221222100100021201100
0.0859375 100221222100000021221100
0.0859375 100221221202102221221100
0.0859375 100221221202100221221110
0.0859375 100221221202000221221100
0.0859375 100221221200200221211100
0.0859375 100221221200100211221102
0.0859375 100221221200100201221200
0.0859375 100221221200100201221000
0.0859375 100221221120101221221120
0.0859375 100221221120000201221100
0.0859375 100221221110200221221200
0.0859375 100221221110101221221200
0.0859375 100221221102100221221201
0.0859375 100221221102000221222100
0.0859375 100221221101102221221101
0.0859375 100221221100200221201110
0.0859375 100221221100120222222100
0.0859375 100221221100120222220100
0.0859375 100221221100120222211100
0.0859375 100221221100120121221120
0.0859375 100221221100120121201100
0.0859375 100221221100102221021200
0.0859375 100221221100101221211110
0.0859375 100221221100101211121100
0.0859375 100221221100100222122100
0.0859375 100221221100100221222202
0.0859375 100221221100100221111110
0.0859375 100221221100100121201000
0.0859375 100221221100000121221110
0.0859375 100221221000200201221100
0.0859375 100221221000100222201100
0.0859375 100221221000100221211000
0.0859375 100221220120100221211100
0.0859375 100221220110100222221100
0.0859375 100221220101100221222100
0.0859375 100221220101100221201100
0.0859375 100221220101100121221100
0.0859375 100221220100100221222102
0.0859375 100221220100100121221120
0.0859375 100221220100100121201100
0.0859375 100221220100100021221110
0.0859375 100221212100100221221200
0.0859375 100221212100100221221110
0.0859375 100221211120100121221100
0.0859375 100221211102100221211100
0.0859375 100221211101102221221100
0.0859375 100221211101101221221100
0.0859375 100221211101100221221102
0.0859375 100221211101100221211100
0.0859375 100221211100101221201100
0.0859375 100221211100101221121100
0.0859375 100221211100100222211100
0.0859375 100221211100100221210100
0.0859375 100221211100100221121110
0.0859375 100221211100100221021000
0.0859375 100221211100100220220100
0.0859375 100221211100100220121100
0.0859375 100221211100100211221200
0.0859375 100221211100100211221000
0.0859375 100221211100100021221110
0.0859375 100221201200102221221100
0.0859375 100221201120100221220100
0.0859375 100221201110100121221100
0.0859375 100221201100100221121110
0.0859375 100221201100100121201100
0.0859375 100221201100100121121100
0.0859375 100221122100120221221100
0.0859375 100221121120120221221100
0.0859375 100221121120100021221100
0.0859375 100221121110120221221100
0.0859375 100221121110100221221110
0.0859375 100221121100100221222120
0.0859375 100221121100100221221202
0.0859375 100221121100100221021200
0.0859375 100221121100100221020100
0.0859375 100221121100100211221102
0.0859375 100221121100000221221000
0.0859375 100221121000120221221100
0.0859375 100221022100100221021100
0.0859375 100221021200100221211100
0.0859375 100221021120100121221100
0.0859375 100221021110110221221100
0.0859375 100221021110100221221120
0.0859375 100221021100101221221120
0.0859375 100221021100100221222102
0.0859375 100221021100100211221102
0.0859375 100221021100100121221102
0.0859375 100221021100000201221100
0.0859375 100221021000100221121100
0.0859375 100221021000000221221100
0.0859375 100221020110100221221100
0.0859375 100220222100102221221100
0.0859375 100220222100100021221100
0.0859375 100220221101100211221100
0.0859375 100220221100102211221100
0.0859375 100220221100102201221100
0.0859375 100220221100100222211100
0.0859375 100220221100100221220120
0.0859375 100220221100100220221000
0.0859375 100220221100100220021100
0.0859375 100220221100100211222100
0.0859375 100220221100100211121100
0.0859375 100220221100100201222100
0.0859375 100220211100100221221120
0.0859375 100220121120100221221100
0.0859375 100212221100100201221100
0.0859375 100212121100100221221100
0.0859375 100211222102100221221100
0.0859375 100211221200100221221110
0.0859375 100211221101100211221100
0.0859375 100211221100200221201100
0.0859375 100211221100120222221100
0.0859375 100211221100120221221000
0.0859375 100211221100120121221100
0.0859375 100211221100110221221120
0.0859375 100211221100100222220100
0.0859375 100211221100100222121100
0.0859375 100211221100100222021100
0.0859375 100211221100100221121110
0.0859375 100211221100100211221120
0.0859375 100211221100100211220100
0.0859375 100211221100100211021100
0.0859375 100211221100100020221100
0.0859375 100211221000100221221200
0.0859375 100211220100100221211100
0.0859375 100211211100200221221100
0.0859375 100211211100102221221100
0.0859375 100211201100100221220100
0.0859375 100201222100102221221100
0.0859375 100201221101120221221100
0.0859375 100201221101100221221120
0.0859375 100201221100120221221000
0.0859375 100201221100100221201200
0.0859375 100201221100100221121120
0.0859375 100201221100100212221100
0.0859375 100201221100100211021100
0.0859375 100201221100100210221100
0.0859375 100201221000100222221100
0.0859375 100201221000100221221110
0.0859375 100201211102100221221100
0.0859375 100201211100100221221110
0.0859375 100201021100100221221110
0.0859375 100201021100100021221100
0.0859375 100122221000100221221100
0.0859375 100121221120100211221100
0.0859375 100121221120100201221100
0.0859375 100121221120000221221100
0.0859375 100121221110100222221100
0.0859375 100121221110100221222100
0.0859375 100121221110100221221120
0.0859375 100121221101100221222100
0.0859375 100121221100120221201100
0.0859375 100121221100110221211100
0.0859375 100121221100101201221100
0.0859375 100121221100100221222120
0.0859375 100121221100100221211110
0.0859375 100121221100100221201200
0.0859375 100121221100100220121100
0.0859375 100121221100100211221102
0.0859375 100121221100100201221102
0.0859375 100121221100100201220100
0.0859375 100121221100100020221100
0.0859375 100121221100002221221100
0.0859375 100121221000100221222100
0.0859375 100121021100100221221110
0.0859375 100120221100100211221100
0.0859375 100111221100100222221100
0.0859375 100111021100100221221100
0.0859375 100022220100100221221100
0.0859375 100021222100101221221100
0.0859375 100021221200101221221100
0.0859375 100021221120102221221100
0.0859375 100021221120000221221100
0.0859375 100021221110100221211100
0.0859375 100021221102102221221100
0.0859375 100021221100120221220100
0.0859375 100021221100110021221100
0.0859375 100021221100102221021100
0.0859375 100021221100102211221100
0.0859375 100021221100101221121100
0.0859375 100021221100100221122100
0.0859375 100021221100100221022100
0.0859375 100021221100100211121100
0.0859375 100021221100100121222100
0.0859375 100021221100100021220100
0.0859375 100021221100100021121100
0.0859375 100021221100000221220100
0.0859375 100021221000120221221100
0.0859375 100021220100100021221100
0.0859375 100021211101100221221100
0.0859375 100021120100100221221100
0.0859375 100021021110100221221100
0.0859375 100021021100100201221100
0.0859375 100021020100100221221100
0.0859375 100020221100102221221100
0.0859375 000221222110100221221100
0.0859375 000221222100100221221110
0.0859375 000221222100100221221102
0.0859375 000221221200100221221101
0.0859375 000221221200100121221100
0.0859375 000221221100110221221200
0.0859375 000221221100101211221100
0.0859375 000221221100100221201000
0.0859375 000221221100100221121000
0.0859375 000221221100100221021200
0.0859375 000221221100100211121100
0.0859375 000221221100100201221101
0.0859375 000221221100100121121100
0.0859375 000221221000100221221101
0.0859375 000221221000100221221000
0.0859375 000221211102100221221100
0.0859375 000211221100100201221100
0.0859375 000201201100100221221100
0.0859375 000021221200100221221100
0.0859375 000021221100101221221100
0.08496094 202221221100100221222100
0.08496094 202221221100100221221200
0.08496094 201221221100120221221100
0.08496094 201221221100100221221102
0.08496094 200221222100100221221120
0.08496094 200221221100200021221100
0.08496094 200221221100110221221102
0.08496094 200221221100102221221101
0.08496094 200221221100102221121100
0.08496094 200221221100100221121120
0.08496094 200221221100000221222100
0.08496094 200221220110100221221100
0.08496094 200221220100200221221100
0.08496094 200221220100000221221100
0.08496094 200221211100100221221120
0.08496094 200221211100100221121100
0.08496094 200221201100100221021100
0.08496094 200221121200100221221100
0.08496094 200221121100120221221100
0.08496094 200201221100200221221100
0.08496094 200021221100110221221100
0.08496094 200021221100100221221102
0.08496094 200021221100100221021100
0.08496094 120222221100110221221100
0.08496094 120221222100100221021100
0.08496094 120221222100100201221100
0.08496094 120221221200100221221000
0.08496094 120221221200100220221100
0.08496094 120221221200000221221100
0.08496094 120221221100120221221120
0.08496094 120221221100120221121100
0.08496094 120221221100102221121100
0.08496094 120221221100101221121100
0.08496094 120221221100100220221101
0.08496094 120221221100100121221000
0.08496094 120221221100000221221200
0.08496094 120221221000100221021100
0.08496094 120221220100100222221100
0.08496094 120221211100100221221120
0.08496094 120221211100100211221100
0.08496094 120221121100100221121100
0.08496094 120220221100100221221200
0.08496094 120220201100100221221100
0.08496094 120211221100110221221100
0.08496094 120211221100102221221100
0.08496094 120211221100100221121100
0.08496094 120122221100100221221100
0.08496094 120121221100102221221100
0.08496094 120121211100100221221100
0.08496094 120121201100100221221100
0.08496094 120021221100100221121100
0.08496094 110221211101100221221100
0.08496094 110221201120100221221100
0.08496094 110221201100100221021100
0.08496094 110221201100100211221100
0.08496094 110221201000100221221100
0.08496094 110221121100100221121100
0.08496094 110201211100100221221100
0.08496094 102222221100102221221100
0.08496094 102222221100100121221100
0.08496094 102221221201100221221100
0.08496094 102221221100102222221100
0.08496094 102221221100100121221102
0.08496094 102221221100100121021100
0.08496094 102221211100102221221100
0.08496094 102221121100100221222100
0.08496094 102221121100000221221100
0.08496094 102221021100100221121100
0.08496094 102221021100000221221100
0.08496094 102220221101100221221100
0.08496094 102220221100102221221100
0.08496094 102220221100101221221100
0.08496094 102211221100100121221100
0.08496094 102201221100100221221120
0.08496094 102021221100100121221100
0.08496094 101221222100101221221100
0.08496094 101221221201100221221100
0.08496094 101221221101100221221101
0.08496094 101221221101100221201100
0.08496094 101221221100100222221102
0.08496094 101221221100100221222102
0.08496094 101221221100100220121100
0.08496094 101221221100001221221100
0.08496094 101221221100000221220100
0.08496094 101221211200100221221100
0.08496094 101221121100100221221102
0.08496094 101211221100000221221100
0.08496094 101201221100100221221120
0.08496094 101021221100101221221100
0.08496094 100222222100101221221100
0.08496094 100222222100100221222100
0.08496094 100222221202100221221100
0.08496094 100222221200100222221100
0.08496094 100222221100200221221200
0.08496094 100222221100200221220100
0.08496094 100222221100110211221100
0.08496094 100222221100100222220100
0.08496094 100222221100100211220100
0.08496094 100222221100100211211100
0.08496094 100222220100101221221100
0.08496094 100222211100100220221100
0.08496094 100222211100100021221100
0.08496094 100222211000100221221100
0.08496094 100222201100100201221100
0.08496094 100222121100100221221101
0.08496094 100222121100100221201100
0.08496094 100221222102100121221100
0.08496094 100221222102100021221100
0.08496094 100221222101100221121100
0.08496094 100221222100200221220100
0.08496094 100221222100101221121100
0.08496094 100221222100101201221100
0.08496094 100221222100100221222102
0.08496094 100221222100100221201200
0.08496094 100221222100100021220100
0.08496094 100221222100001221221100
0.08496094 100221222100000121221100
0.08496094 100221221220100221221120
0.08496094 100221221202200221221100
0.08496094 100221221202100221121100
0.08496094 100221221201200221221100
0.08496094 100221221200200221221110
0.08496094 100221221200100222221110
0.08496094 100221221200100221201110
0.08496094 100221221200100220211100
0.08496094 100221221200000221201100
0.08496094 100221221120100221211200
0.08496094 100221221120000221222100
0.08496094 100221221110100221201200
0.08496094 100221221102200221201100
0.08496094 100221221102100221222101
0.08496094 100221221102000121221100
0.08496094 100221221101200221221200
0.08496094 100221221101110221221101
0.08496094 100221221100202222221100
0.08496094 100221221100202221221000
0.08496094 100221221100202211221100
0.08496094 100221221100200221222110
0.08496094 100221221100120122221100
0.08496094 100221221100110122221100
0.08496094 100221221100110121221110
0.08496094 100221221100102221021120
0.08496094 100221221100101221121200
0.08496094 100221221100101211021100
0.08496094 100221221100100222222120
0.08496094 100221221100100221122110
0.08496094 100221221100100220222102
0.08496094 100221221100100220211101
0.08496094 100221221100100211022100
0.08496094 100221221100100202121100
0.08496094 100221221100100120221200
0.08496094 100221221100002221221110
0.08496094 100221221100002221221000
0.08496094 100221221100000221211110
0.08496094 100221221100000211201100
0.08496094 100221221100000121221120
0.08496094 100221221000120221221120
0.08496094 100221221000100222121100
0.08496094 100221221000100221121200
0.08496094 100221221000100221121120
0.08496094 100221220120100221201100
0.08496094 100221220110100221220100
0.08496094 100221220100101222221100
0.08496094 100221220100101201221100
0.08496094 100221220100100221222110
0.08496094 100221220100100221220101
0.08496094 100221212100100221211100
0.08496094 100221211111100221221100
0.08496094 100221211110100221221110
0.08496094 100221211110100121221100
0.08496094 100221211100102221221110
0.08496094 100221211100102221211100
0.08496094 100221211100100221220101
0.08496094 100221211100100221122100
0.08496094 100221211100100201221200
0.08496094 100221211100100111221100
0.08496094 100221211100100021221120
0.08496094 100221211100100021221101
0.08496094 100221211100100020221100
0.08496094 100221211100000221221200
0.08496094 100221211020100221221100
0.08496094 100221211000100221221102
0.08496094 100221210100101221221100
0.08496094 100221210100100221201100
0.08496094 100221202100101221221100
0.08496094 100221202100100221220100
0.08496094 100221201200100221221000
0.08496094 100221201200100121221100
0.08496094 100221201120100211221100
0.08496094 100221201110100221221000
0.08496094 100221201110100221021100
0.08496094 100221201102100221211100
0.08496094 100221201101100211221100
0.08496094 100221201100100221222120
0.08496094 100221201100100221222102
0.08496094 100221201100100221220120
0.08496094 100221201100100221220110
0.08496094 100221201100100221220102
0.08496094 100221201100100221201102
0.08496094 100221201100100201121100
0.08496094 100221201100100111221100
0.08496094 100221201100100022221100
0.08496094 100221201100100021221200
0.08496094 100221201100000121221100
0.08496094 100221201000100221220100
0.08496094 100221122100100121221100
0.08496094 100221121200100221220100
0.08496094 100221121200100221211100
0.08496094 100221121200100201221100
0.08496094 100221121120200221221100
0.08496094 100221121120100201221100
0.08496094 100221121110000221221100
0.08496094 100221121100110221222100
0.08496094 100221121100100221221002
0.08496094 100221121100100221220101
0.08496094 100221121100100121221102
0.08496094 100221121100100021221102
0.08496094 100221121100100021220100
0.08496094 100221121100000121221100
0.08496094 100221121100000021221100
0.08496094 100221121000200221221100
0.08496094 100221121000100221221120
0.08496094 100221121000100221221000
0.08496094 100221022100100221221200
0.08496094 100221022100100221221120
0.08496094 100221021200102221221100
0.08496094 100221021120120221221100
0.08496094 100221021110000221221100
0.08496094 100221021100100221201000
0.08496094 100221021100100221021200
0.08496094 100221021100100220021100
0.08496094 100221021100100211220100
0.08496094 100221021100100021221102
0.08496094 100221021100100020221100
0.08496094 100221021100000221222100
0.08496094 100221021100000221221200
0.08496094 100221021100000121221100
0.08496094 100221021000100211221100
0.08496094 100221021000100201221100
0.08496094 100221021000100121221100
0.08496094 100220222100100221222100
0.08496094 100220221101101221221100
0.08496094 100220221101100021221100
0.08496094 100220221100120201221100
0.08496094 100220221100101221221120
0.08496094 100220221100100222221200
0.08496094 100220221100100220121100
0.08496094 100220221100100022221100
0.08496094 100220221000100220221100
0.08496094 100220221000100201221100
0.08496094 100220220101100221221100
0.08496094 100220220100100221211100
0.08496094 100220220100100211221100
0.08496094 100220211100100221221110
0.08496094 100220201100100211221100
0.08496094 100220121100100221221110
0.08496094 100220121000100221221100
0.08496094 100220111100100221221100
0.08496094 100212221100100211221100
0.08496094 100211222100100221221200
0.08496094 100211221200100221221200
0.08496094 100211221102100221221200
0.08496094 100211221102100221221000
0.08496094 100211221100200221220100
0.08496094 100211221100120221221120
0.08496094 100211221100102221121100
0.08496094 100211221100101221211100
0.08496094 100211221100100221121120
0.08496094 100211221100100221021200
0.08496094 100211221100100220021100
0.08496094 100211221100100211221000
0.08496094 100211221100100201021100
0.08496094 100211221100000221220100
0.08496094 100211221000100201221100
0.08496094 100211211100101221221100
0.08496094 100211211100100021221100
0.08496094 100211201100101221221100
0.08496094 100211121100100221220100
0.08496094 100211121100100021221100
0.08496094 100211021100120221221100
0.08496094 100211021100110221221100
0.08496094 100211021100100221221102
0.08496094 100201222100100221221110
0.08496094 100201222100100211221100
0.08496094 100201221101200221221100
0.08496094 100201221100100221221020
0.08496094 100201221100100221021120
0.08496094 100201221100100220220100
0.08496094 100201221100000221221000
0.08496094 100201221000100211221100
0.08496094 100201220100100221211100
0.08496094 100122221100100221211100
0.08496094 100121221120100220221100
0.08496094 100121221101100221221101
0.08496094 100121221100110221201100
0.08496094 100121221100101221221110
0.08496094 100121221100101221221101
0.08496094 100121221100100221210100
0.08496094 100121221100100220221101
0.08496094 100121221100100021222100
0.08496094 100121221000100221121100
0.08496094 100121221000100221021100
0.08496094 100121221000100211221100
0.08496094 100121211101100221221100
0.08496094 100121211100100221221101
0.08496094 100121211100100021221100
0.08496094 100121201100100221211100
0.08496094 100121121110100221221100
0.08496094 100121121100120221221100
0.08496094 100121121100100221221102
0.08496094 100121021100100221221120
0.08496094 100121021100100220221100
0.08496094 100120221100100221201100
0.08496094 100111221100100121221100
0.08496094 100022221100102221221100
0.08496094 100022221000100221221100
0.08496094 100021222100100121221100
0.08496094 100021221200100201221100
0.08496094 100021221101100021221100
0.08496094 100021221101000221221100
0.08496094 100021221100101211221100
0.08496094 100021221100100121201100
0.08496094 100021221100100021201100
0.08496094 100021221000100221222100
0.08496094 100021221000100221221120
0.08496094 100021220100100221222100
0.08496094 100021201100100221220100
0.08496094 100021121100102221221100
0.08496094 100021021100100221221120
0.08496094 100020221101100221221100
0.08496094 100020221100100221221200
0.08496094 001221221100100121221100
0.08496094 000221222100200221221100
0.08496094 000221222100100201221100
0.08496094 000221221200100221021100
0.08496094 000221221120102221221100
0.08496094 000221221120100201221100
0.08496094 000221221120000221221100
0.08496094 000221221100201221221100
0.08496094 000221221100100221222120
0.08496094 000221221100100221222102
0.08496094 000221221100100221221202
0.08496094 000221221100100211221101
0.08496094 000221221000200221221100
0.08496094 000221201100100221221110
0.08496094 000221201100100221121100
0.08496094 000221201100100221021100
0.08496094 000221201100000221221100
0.08496094 000221122100100221221100
0.08496094 000211221100120221221100
0.08496094 000211221100100221221120
0.08496094 000211221100100121221100
0.08496094 000201221100110221221100
0.08496094 000201220100100221221100
0.08496094 000021221120100221221100
0.08398438 202221221100100211221100
0.08398438 201221221100102221221100
0.08398438 201221221100100221221101
0.08398438 200221221120100220221100
0.08398438 200221221100201221221100
0.08398438 200221221100120221021100
0.08398438 200221221100102222221100
0.08398438 200221221100102221221200
0.08398438 200221221100101211221100
0.08398438 200221221000120221221100
0.08398438 200221221000100221121100
0.08398438 200221220100100221222100
0.08398438 200221220100100221221200
0.08398438 200221201100110221221100
0.08398438 200221201100100221221120
0.08398438 200221201100100221201100
0.08398438 200221022100100221221100
0.08398438 200221020100100221221100
0.08398438 200211222100100221221100
0.08398438 200211221100110221221100
0.08398438 200211221100100220221100
0.08398438 200121221100120221221100
0.08398438 200121221100100221220100
0.08398438 120221222100120221221100
0.08398438 120221221200100221121100
0.08398438 120221221100102222221100
0.08398438 120221221100101221221000
0.08398438 120221221100100221121120
0.08398438 120221221100100221121000
0.08398438 120221221100100201221101
0.08398438 120221221100000121221100
0.08398438 120221220120100221221100
0.08398438 120221220100100221222100
0.08398438 120221220100100221221110
0.08398438 120221220100100221221101
0.08398438 120221211102100221221100
0.08398438 120221211100101221221100
0.08398438 120221211100100221221110
0.08398438 120221201102100221221100
0.08398438 120221201101100221221100
0.08398438 120221201100100021221100
0.08398438 120211221100100221221120
0.08398438 120211221100100211221100
0.08398438 120201222100100221221100
0.08398438 110222221100100221221000
0.08398438 110221222100102221221100
0.08398438 110221222100100222221100
0.08398438 110221221120100221221000
0.08398438 110221221000100221221120
0.08398438 110221221000100221221102
0.08398438 110221220100100211221100
0.08398438 110221121100100121221100
0.08398438 110201221100100201221100
0.08398438 110121021100100221221100
0.08398438 110021221100100221121100
0.08398438 102221221200120221221100
0.08398438 102221221200100221221102
0.08398438 102221221200000221221100
0.08398438 102221221100100222222100
0.08398438 102221221100100222221102
0.08398438 102221221100100221222120
0.08398438 102221221100000221222100
0.08398438 102221221100000121221100
0.08398438 102221211100100221201100
0.08398438 102221121000100221221100
0.08398438 102221021120100221221100
0.08398438 102221021000100221221100
0.08398438 102201221101100221221100
0.08398438 102201221100100220221100
0.08398438 102201221100100121221100
0.08398438 101221221100101221221102
0.08398438 101221221100101220221100
0.08398438 101221221100100121221200
0.08398438 101221221100100121201100
0.08398438 101221221100000221222100
0.08398438 101221211110100221221100
0.08398438 101221211100100021221100
0.08398438 101221121100101221221100
0.08398438 101221121100100221220100
0.08398438 100222222100100221201100
0.08398438 100222222100100201221100
0.08398438 100222222100100021221100
0.08398438 100222221200100221221110
0.08398438 100222221120100221221200
0.08398438 100222221100100221201000
0.08398438 100222221100100120221100
0.08398438 100222221000100221201100
0.08398438 100222220100100221222100
0.08398438 100222201100100222221100
0.08398438 100222201100100221221200
0.08398438 100222201100100021221100
0.08398438 100222121200100221221100
0.08398438 100222121100100221220100
0.08398438 100222121100100221121100
0.08398438 100222021200100221221100
0.08398438 100222020100100221221100
0.08398438 100221222200100222221100
0.08398438 100221222110100221220100
0.08398438 100221222110100221211100
0.08398438 100221222100102221221102
0.08398438 100221222100101222221100
0.08398438 100221222100101221211100
0.08398438 100221222100100221221202
0.08398438 100221222100100221201110
0.08398438 100221222100100211220100
0.08398438 100221222100100211201100
0.08398438 100221222100100021021100
0.08398438 100221221201100221021100
0.08398438 100221221201000221221100
0.08398438 100221221200200201221100
0.08398438 100221221200120211221100
0.08398438 100221221200102220221100
0.08398438 100221221200100221221002
0.08398438 100221221200100201201100
0.08398438 100221221200100201021100
0.08398438 100221221120200221221200
0.08398438 100221221120101221221000
0.08398438 100221221120100221121120
0.08398438 100221221110102221221200
0.08398438 100221221110000221221200
0.08398438 100221221102100121221200
0.08398438 100221221101101221221101
0.08398438 100221221101100221220101
0.08398438 100221221101100221122100
0.08398438 100221221101100021221000
0.08398438 100221221101000221222100
0.08398438 100221221101000121221100
0.08398438 100221221100200221201200
0.08398438 100221221100200211222100
0.08398438 100221221100200121221000
0.08398438 100221221100120221201110
0.08398438 100221221100120022221100
0.08398438 100221221100110121221000
0.08398438 100221221100110022221100
0.08398438 100221221100102221021110
0.08398438 100221221100100211211101
0.08398438 100221221100100021021000
0.08398438 100221221100000221222120
0.08398438 100221221001100221121100
0.08398438 100221221000102222221100
0.08398438 100221221000100222021100
0.08398438 100221221000100201121100
0.08398438 100221221000000211221100
0.08398438 100221220100100220222100
0.08398438 100221220100100220201100
0.08398438 100221220100100211121100
0.08398438 100221220100100211021100
0.08398438 100221220100100121221110
0.08398438 100221220100100121211100
0.08398438 100221220100100022221100
0.08398438 100221212100100221222100
0.08398438 100221211200100221220100
0.08398438 100221211100101220221100
0.08398438 100221211100100222201100
0.08398438 100221211100100221222200
0.08398438 100221211100100221220110
0.08398438 100221211100100221211101
0.08398438 100221211100100211221101
0.08398438 100221211100100211121100
0.08398438 100221211100100211021100
0.08398438 100221211100100201221000
0.08398438 100221211100100121221110
0.08398438 100221211000100221220100
0.08398438 100221211000100221201100
0.08398438 100221201200100221222100
0.08398438 100221201200100221221102
0.08398438 100221201101100221222100
0.08398438 100221201101100221121100
0.08398438 100221201100102211221100
0.08398438 100221201100101221221120
0.08398438 100221201100100220221101
0.08398438 100221201100100201221101
0.08398438 100221201100100201211100
0.08398438 100221201100100021211100
0.08398438 100221201100000221220100
0.08398438 100221122100100221220100
0.08398438 100221122100100221021100
0.08398438 100221122100100211221100
0.08398438 100221121200100221021100
0.08398438 100221121120100121221100
0.08398438 100221121110100021221100
0.08398438 100221121100200221121100
0.08398438 100221121100120221222100
0.08398438 100221121100120211221100
0.08398438 100221121100102221221000
0.08398438 100221121100100221222102
0.08398438 100221121100100221121102
0.08398438 100221121100000221222100
0.08398438 100221121100000221221200
0.08398438 100221121100000211221100
0.08398438 100221022100100221201100
0.08398438 100221021200100221222100
0.08398438 100221021120100201221100
0.08398438 100221021110100221221101
0.08398438 100221021100100211222100
0.08398438 100221021100100021221120
0.08398438 100221021100000221220100
0.08398438 100221021000100221221120
0.08398438 100220222100100221211100
0.08398438 100220221200100220221100
0.08398438 100220221120100221221120
0.08398438 100220221101100221221000
0.08398438 100220221100101221221000
0.08398438 100220221100101220221100
0.08398438 100220221100100122221100
0.08398438 100220221100100121221120
0.08398438 100220211100100211221100
0.08398438 100220201100100121221100
0.08398438 100220021100100221221120
0.08398438 100212221100100221221000
0.08398438 100211221200100221221120
0.08398438 100211221101100021221100
0.08398438 100211221100200201221100
0.08398438 100211221100120211221100
0.08398438 100211221100110221221200
0.08398438 100211221100102221221110
0.08398438 100211221100101222221100
0.08398438 100211221100101221221120
0.08398438 100211221100101211221100
0.08398438 100211221100101201221100
0.08398438 100211221100100221222110
0.08398438 100211221100100212221100
0.08398438 100211221100100211222100
0.08398438 100211221000100211221100
0.08398438 100211220100100221221000
0.08398438 100211211000100221221100
0.08398438 100211201100100121221100
0.08398438 100211121100100221221120
0.08398438 100211021100100221021100
0.08398438 100201221101100221221200
0.08398438 100201221100120201221100
0.08398438 100201221100100201021100
0.08398438 100201221100100121221110
0.08398438 100201221100100121221000
0.08398438 100201211100100221211100
0.08398438 100201211100100221201100
0.08398438 100201211100100201221100
0.08398438 100201121100100221221110
0.08398438 100201020100100221221100
0.08398438 100121222100101221221100
0.08398438 100121222100100221201100
0.08398438 100121222100100021221100
0.08398438 100121221200100221221101
0.08398438 100121221120100221221110
0.08398438 100121221110100221201100
0.08398438 100121221100102021221100
0.08398438 100121221100100221212100
0.08398438 100121221100100211121100
0.08398438 100121221000102221221100
0.08398438 100121221000100222221100
0.08398438 100121211100100211221100
0.08398438 100121201100101221221100
0.08398438 100121020100100221221100
0.08398438 100120221100100221221200
0.08398438 100022221100120221221100
0.08398438 100021222100100221220100
0.08398438 100021222100100021221100
0.08398438 100021221200100221121100
0.08398438 100021221120100222221100
0.08398438 100021221102000221221100
0.08398438 100021221100120021221100
0.08398438 100021221100102222221100
0.08398438 100021221100101222221100
0.08398438 100021221000100221021100
0.08398438 100021121100101221221100
0.08398438 100021121100100221220100
0.08398438 100020221100200221221100
0.08398438 100020221100100021221100
0.08398438 002221221000100221221100
0.08398438 001221221100102221221100
0.08398438 000221222100100222221100
0.08398438 000221222100100221222100
0.08398438 000221222100100221221120
0.08398438 000221222100100220221100
0.08398438 000221222100000221221100
0.08398438 000221221120110221221100
0.08398438 000221221110100221221200
0.08398438 000221221110100221221000
0.08398438 000221221100120221222100
0.08398438 000221221100101221221200
0.08398438 000221221100100221121110
0.08398438 000221221100100121021100
0.08398438 000221220100101221221100
0.08398438 000221211101100221221100
0.08398438 000221211100100221221120
0.08398438 000221201100102221221100
0.08398438 000201221100100221221120
0.08398438 000121221100200221221100
0.08300781 202221221000100221221100
0.08300781 201221221100000221221100
0.08300781 200221222110100221221100
0.08300781 200221222100101221221100
0.08300781 200221222100100221221000
0.08300781 200221221200100221021100
0.08300781 200221221200100211221100
0.08300781 200221221200100201221100
0.08300781 200221221100200221221120
0.08300781 200221221100102211221100
0.08300781 200221221100100221222101
0.08300781 200221221100100221221202
0.08300781 200221221100100221021200
0.08300781 200221221100100220221101
0.08300781 200221221100100211221102
0.08300781 200221221000100221221101
0.08300781 200221211100100221221101
0.08300781 200221122100100221221100
0.08300781 200221121100100221221000
0.08300781 200221121100100221121100
0.08300781 200221120100100221221100
0.08300781 200221021200100221221100
0.08300781 200211221100200221221100
0.08300781 200211221100100221221120
0.08300781 200201222100100221221100
0.08300781 200121021100100221221100
0.08300781 200021221100100222221100
0.08300781 200021221100100021221100
0.08300781 120222221100100211221100
0.08300781 120221222100100221222100
0.08300781 120221222100100221221120
0.08300781 120221221110120221221100
0.08300781 120221221100200121221100
0.08300781 120221221100120222221100
0.08300781 120221221100102221221000
0.08300781 120221221100101221221200
0.08300781 120221221100100221021200
0.08300781 120221221100100221021000
0.08300781 120221221100100121121100
0.08300781 120221221000100222221100
0.08300781 120221220100100221221000
0.08300781 120221220100100021221100
0.08300781 120221201100100221222100
0.08300781 120220121100100221221100
0.08300781 120211222100100221221100
0.08300781 120211221100200221221100
0.08300781 120211221100100221221101
0.08300781 120201211100100221221100
0.08300781 120201201100100221221100
0.08300781 120021221120100221221100
0.08300781 120021221100120221221100
0.08300781 110221222120100221221100
0.08300781 110221222100100221121100
0.08300781 110221222100100021221100
0.08300781 110221221200100222221100
0.08300781 110221221100120211221100
0.08300781 110221221100110211221100
0.08300781 110221211100100221221110
0.08300781 110221201200100221221100
0.08300781 110221201100100221221200
0.08300781 110221022100100221221100
0.08300781 110220121100100221221100
0.08300781 110211221100100222221100
0.08300781 110211221100100220221100
0.08300781 102221221200100221211100
0.08300781 102221221101100221121100
0.08300781 102221221101100021221100
0.08300781 102221221100100221222102
0.08300781 102221221100100121221120
0.08300781 102221211100101221221100
0.08300781 102221211100100221220100
0.08300781 102221021200100221221100
0.08300781 102221021100100221221101
0.08300781 102221021100100021221100
0.08300781 102220221100100201221100
0.08300781 102211221101100221221100
0.08300781 102211221100100211221100
0.08300781 102121221200100221221100
0.08300781 101221221200101221221100
0.08300781 101221221200100221221110
0.08300781 101221221200100221221102
0.08300781 101221221200000221221100
0.08300781 101221221102100121221100
0.08300781 101221221100101222221100
0.08300781 101221211100100211221100
0.08300781 101221121100100021221100
0.08300781 100222222101100221221100
0.08300781 100222222100100221211100
0.08300781 100222221201100221221100
0.08300781 100222221100110221221000
0.08300781 100222221100100222221120
0.08300781 100222221100100221220120
0.08300781 100222221100100121221110
0.08300781 100222221000100221221120
0.08300781 100222221000100221211100
0.08300781 100222220100100221221110
0.08300781 100222211120100221221100
0.08300781 100222211100100221221000
0.08300781 100222211100100211221100
0.08300781 100222211100100121221100
0.08300781 100222201100102221221100
0.08300781 100222201100100221211100
0.08300781 100222121100100221221110
0.08300781 100221222120102221221100
0.08300781 100221222100102221221120
0.08300781 100221222100101221221110
0.08300781 100221222100100221201000
0.08300781 100221222100100221122100
0.08300781 100221222100100220121100
0.08300781 100221222100100201121100
0.08300781 100221222100100121221120
0.08300781 100221221201100221221200
0.08300781 100221221200200221201100
0.08300781 100221221200110220221100
0.08300781 100221221200100221221201
0.08300781 100221221200100221220120
0.08300781 100221221200100221201200
0.08300781 100221221200100221021110
0.08300781 100221221200100201121100
0.08300781 100221221200100121221120
0.08300781 100221221200000221221110
0.08300781 100221221200000211221100
0.08300781 100221221120110222221100
0.08300781 100221221120110221221200
0.08300781 100221221120100221221020
0.08300781 100221221120100221201120
0.08300781 100221221120100211211100
0.08300781 100221221101110221121100
0.08300781 100221221101100221221001
0.08300781 100221221101100211221101
0.08300781 100221221101100121021100
0.08300781 100221221100120221201200
0.08300781 100221221100102220221101
0.08300781 100221221100102220121100
0.08300781 100221221100100220220101
0.08300781 100221221100100220122100
0.08300781 100221221100000211211100
0.08300781 100221221020100221221120
0.08300781 100221221001100221221101
0.08300781 100221221000200221221200
0.08300781 100221221000100221221202
0.08300781 100221221000100221021120
0.08300781 100221221000100201221102
0.08300781 100221220100101221211100
0.08300781 100221220100100222221102
0.08300781 100221220100100221211110
0.08300781 100221220100100220221101
0.08300781 100221220100000221220100
0.08300781 100221211200100221201100
0.08300781 100221211200100021221100
0.08300781 100221211120100221211100
0.08300781 100221211110100221222100
0.08300781 100221211110100220221100
0.08300781 100221211100102221221120
0.08300781 100221211100102201221100
0.08300781 100221211100100221222101
0.08300781 100221211100100221211120
0.08300781 100221211100100221121200
0.08300781 100221211100100220221101
0.08300781 100221211100100121222100
0.08300781 100221211000100221221000
0.08300781 100221210100100221220100
0.08300781 100221201120100221221110
0.08300781 100221201110100222221100
0.08300781 100221201110100220221100
0.08300781 100221201100100220121100
0.08300781 100221201100100211121100
0.08300781 100221201100100121021100
0.08300781 100221201002100221221100
0.08300781 100221201000100221221101
0.08300781 100221121110100221221120
0.08300781 100221121100110021221100
0.08300781 100221121100101221221000
0.08300781 100221121100100211021100
0.08300781 100221121100100021221110
0.08300781 100221121000100221221200
0.08300781 100221121000100221221102
0.08300781 100221121000100121221100
0.08300781 100221120100100221121100
0.08300781 100221021120110221221100
0.08300781 100221021120100221221101
0.08300781 100221021100102221221000
0.08300781 100221021100102211221100
0.08300781 100221021100100221221001
0.08300781 100221021100100201221000
0.08300781 100220221101100121221100
0.08300781 100220221100110222221100
0.08300781 100220221100100220211100
0.08300781 100220221100100201221000
0.08300781 100220220100100121221100
0.08300781 100220211100100121221100
0.08300781 100220201101100221221100
0.08300781 100220201100100221222100
0.08300781 100220201100100221211100
0.08300781 100220121110100221221100
0.08300781 100220021100100221220100
0.08300781 100220020100100221221100
0.08300781 100212221100100222221100
0.08300781 100211222100100221211100
0.08300781 100211221101102221221100
0.08300781 100211221101100221221110
0.08300781 100211221101000221221100
0.08300781 100211221100202221221100
0.08300781 100211221100200221221200
0.08300781 100211221100120221221200
0.08300781 100211221100110221221000
0.08300781 100211221100100222221200
0.08300781 100211221100100221121200
0.08300781 100211221100100220221110
0.08300781 100211221100100211121100
0.08300781 100211221100100201221000
0.08300781 100211221000100221221110
0.08300781 100211220100100220221100
0.08300781 100211201100100221221200
0.08300781 100211201100100221221110
0.08300781 100211201100100211221100
0.08300781 100211121100102221221100
0.08300781 100211121100100221222100
0.08300781 100211121100100220221100
0.08300781 100211121100000221221100
0.08300781 100211111100100221221100
0.08300781 100211021100100221222100
0.08300781 100201222100100201221100
0.08300781 100201221102100221221000
0.08300781 100201221100101221221000
0.08300781 100201221100100220121100
0.08300781 100201221000100201221100
0.08300781 100201220100101221221100
0.08300781 100201220100100221201100
0.08300781 100201211100101221221100
0.08300781 100201211100100222221100
0.08300781 100201211000100221221100
0.08300781 100201121100100201221100
0.08300781 100201021100102221221100
0.08300781 100122221100100221201100
0.08300781 100122021100100221221100
0.08300781 100121221120100221220100
0.08300781 100121221120100221021100
0.08300781 100121221101100221220100
0.08300781 100121221101100221211100
0.08300781 100121221101100221201100
0.08300781 100121221100200221222100
0.08300781 100121221100200221211100
0.08300781 100121221100102221201100
0.08300781 100121221100101220221100
0.08300781 100121221100100221202100
0.08300781 100121221100100221201101
0.08300781 100121221100100220220100
0.08300781 100121221100100211211100
0.08300781 100121221100100121220100
0.08300781 100121221000100221221102
0.08300781 100121221000100221220100
0.08300781 100121220100100221211100
0.08300781 100121211100100221222100
0.08300781 100121121100110221221100
0.08300781 100121022100100221221100
0.08300781 100021221202100221221100
0.08300781 100021221200120221221100
0.08300781 100021221200100121221100
0.08300781 100021221120100221211100
0.08300781 100021221101100221222100
0.08300781 100021221100120221222100
0.08300781 100021221100100222021100
0.08300781 100021221100100221211101
0.08300781 100021221100100021221101
0.08300781 100021221000200221221100
0.08300781 100021221000100221221102
0.08300781 100021221000100221121100
0.08300781 100021201100100221211100
0.08300781 100021021120100221221100
0.08300781 100021021100100221220100
0.08300781 100020221100100221201100
0.08300781 100020221100000221221100
0.08300781 001221221100000221221100
0.08300781 000221222200100221221100
0.08300781 000221222100100221021100
0.08300781 000221221200100222221100
0.08300781 000221221100100021221200
0.08300781 000221221100100021221000
0.08300781 000221221100000221221200
0.08300781 000221221000100221221102
0.08300781 000221221000100201221100
0.08300781 000201221100102221221100
0.08300781 000121222100100221221100
0.08300781 000021221100120221221100
0.08300781 000021221100102221221100
0.08203125 202221221100100221121100
0.08203125 202221220100100221221100
0.08203125 201221221120100221221100
0.08203125 201221221100101221221100
0.08203125 200221221120120221221100
0.08203125 200221221120100222221100
0.08203125 200221221120100221221000
0.08203125 200221221100200221222100
0.08203125 200221221100120221221120
0.08203125 200221221100110221121100
0.08203125 200221221100100222222100
0.08203125 200221221100100221122100
0.08203125 200221221100100221120100
0.08203125 200221221100100021221200
0.08203125 200221221100000221221200
0.08203125 200221221000100221221110
0.08203125 200221220100100221221120
0.08203125 200221211100100221221102
0.08203125 200221201102100221221100
0.08203125 200221201100200221221100
0.08203125 200201201100100221221100
0.08203125 120222221100100221221000
0.08203125 120221222100101221221100
0.08203125 120221222100100222221100
0.08203125 120221222100100221221200
0.08203125 120221221110100221221200
0.08203125 120221221100100201121100
0.08203125 120221211100102221221100
0.08203125 120221211100100201221100
0.08203125 120221211100100021221100
0.08203125 120221201100100222221100
0.08203125 120221201100100221221110
0.08203125 120221201100100221221000
0.08203125 120201220100100221221100
0.08203125 120121221100101221221100
0.08203125 120021221100200221221100
0.08203125 110222211100100221221100
0.08203125 110221221100100220121100
0.08203125 110221211120100221221100
0.08203125 110221211110100221221100
0.08203125 110121221100100021221100
0.08203125 110021221100100121221100
0.08203125 102221221120110221221100
0.08203125 102221221120102221221100
0.08203125 102221221120100221221000
0.08203125 102221221100100122221100
0.08203125 102221221000100201221100
0.08203125 102221121100100221121100
0.08203125 102221121100100021221100
0.08203125 102211021100100221221100
0.08203125 101222221100100221220100
0.08203125 101221221200100221211100
0.08203125 101221221200100221201100
0.08203125 101221221100100121221102
0.08203125 101221211100100221222100
0.08203125 101221021200100221221100
0.08203125 101220221100100201221100
0.08203125 101220121100100221221100
0.08203125 101211221200100221221100
0.08203125 101211211100100221221100
0.08203125 101211021100100221221100
0.08203125 100222221200100220221100
0.08203125 100222221110100211221100
0.08203125 100222221100120221211100
0.08203125 100222221100102222221100
0.08203125 100222221100100211222100
0.08203125 100222221100100021221200
0.08203125 100222221000100221221200
0.08203125 100222221000100221221110
0.08203125 100222221000100201221100
0.08203125 100222201200100221221100
0.08203125 100222201100100221221110
0.08203125 100222201100100221221000
0.08203125 100222021100120221221100
0.08203125 100221222120100220221100
0.08203125 100221222102100221201100
0.08203125 100221222101100021221100
0.08203125 100221222100100222211100
0.08203125 100221222100100222121100
0.08203125 100221222100100221222120
0.08203125 100221222100100221211200
0.08203125 100221222100100221120100
0.08203125 100221222100100201211100
0.08203125 100221222100100121221200
0.08203125 100221222100100022221100
0.08203125 100221222100000221222100
0.08203125 100221221210100221221120
0.08203125 100221221201100221221101
0.08203125 100221221200110221221000
0.08203125 100221221200101221221120
0.08203125 100221221200100221211110
0.08203125 100221221200100201222100
0.08203125 100221221200100201221101
0.08203125 100221221120100221221002
0.08203125 100221221120100221021200
0.08203125 100221221120100021221200
0.08203125 100221221120100021221000
0.08203125 100221221120000221211100
0.08203125 100221221110100211211100
0.08203125 100221221110100121221200
0.08203125 100221221102200121221100
0.08203125 100221221102100121221000
0.08203125 100221221101100121121100
0.08203125 100221221100120211201100
0.08203125 100221221100120201201100
0.08203125 100221221100110111221100
0.08203125 100221221100100222222101
0.08203125 100221221100100220121110
0.08203125 100221221100100211222101
0.08203125 100221221100100211122100
0.08203125 100221221100100121021000
0.08203125 100221221000100221211120
0.08203125 100221221000100221021200
0.08203125 100221221000100220121100
0.08203125 100221221000100211211100
0.08203125 100221221000100201221101
0.08203125 100221221000100201021100
0.08203125 100221220100102211221100
0.08203125 100221220100100222220100
0.08203125 100221220100100221222120
0.08203125 100221220100100221201200
0.08203125 100221220100100201220100
0.08203125 100221220100100121221200
0.08203125 100221212100100221220100
0.08203125 100221211200100221211100
0.08203125 100221211110100221211100
0.08203125 100221211102101221221100
0.08203125 100221211102100221221200
0.08203125 100221211100101222221100
0.08203125 100221211100100221120100
0.08203125 100221211100100201121100
0.08203125 100221211100100121221101
0.08203125 100221211100100121121100
0.08203125 100221211100100021211100
0.08203125 100221211000100221221101
0.08203125 100221201200100221220100
0.08203125 100221201120100221222100
0.08203125 100221201120100221211100
0.08203125 100221201110100221201100
0.08203125 100221201102101221221100
0.08203125 100221121200102221221100
0.08203125 100221121120100211221100
0.08203125 100221121100110121221100
0.08203125 100221121100102221121100
0.08203125 100221121100100220221101
0.08203125 100221121000100211221100
0.08203125 100221120100100221222100
0.08203125 100221022110100221221100
0.08203125 100221021200200221221100
0.08203125 100221021120100211221100
0.08203125 100221021110100221121100
0.08203125 100221021101100221221101
0.08203125 100221021100110021221100
0.08203125 100221020100100021221100
0.08203125 100220222100100121221100
0.08203125 100220221100200221221200
0.08203125 100220221100110221221000
0.08203125 100220221100100121221000
0.08203125 100220221100100021221200
0.08203125 100220221100100021221000
0.08203125 100220221100000221221200
0.08203125 100220220100100221222100
0.08203125 100220220100100221201100
0.08203125 100220220100100201221100
0.08203125 100220211102100221221100
0.08203125 100220211100100221221000
0.08203125 100220211100100221220100
0.08203125 100220211100100021221100
0.08203125 100220201100100221220100
0.08203125 100220021100100201221100
0.08203125 100220021100100021221100
0.08203125 100220021100000221221100
0.08203125 100212221100100221221200
0.08203125 100211222100100220221100
0.08203125 100211221200100220221100
0.08203125 100211221101100221222100
0.08203125 100211221101100221221120
0.08203125 100211221100200221222100
0.08203125 100211221100102221221120
0.08203125 100211221100101221221110
0.08203125 100211221100100222221110
0.08203125 100211221100100221201120
0.08203125 100211221100100220220100
0.08203125 100211221100100211211100
0.08203125 100211221100000201221100
0.08203125 100211220100100221221200
0.08203125 100211211100100221121100
0.08203125 100211122100100221221100
0.08203125 100211021000100221221100
0.08203125 100201222102100221221100
0.08203125 100201222100100221211100
0.08203125 100201221120100221221120
0.08203125 100201221101100221222100
0.08203125 100201221101100021221100
0.08203125 100201221100100220221120
0.08203125 100201221100100220221000
0.08203125 100201221100100122221100
0.08203125 100201221100100120221100
0.08203125 100201221000100221221200
0.08203125 100201220100100221221200
0.08203125 100201220100100121221100
0.08203125 100201121100100221222100
0.08203125 100201021100100201221100
0.08203125 100122221100100220221100
0.08203125 100122221100100211221100
0.08203125 100121221200100221221120
0.08203125 100121221200100221221110
0.08203125 100121221200100221221102
0.08203125 100121221200100221221000
0.08203125 100121221200000221221100
0.08203125 100121221120100221222100
0.08203125 100121221102101221221100
0.08203125 100121221100120221220100
0.08203125 100121221100101221021100
0.08203125 100121221100100211201100
0.08203125 100121221100100211021100
0.08203125 100121221100100121222100
0.08203125 100121221100100021220100
0.08203125 100121221100100021021100
0.08203125 100121221100000221222100
0.08203125 100121221100000211221100
0.08203125 100121221000100201221100
0.08203125 100121211110100221221100
0.08203125 100121201100100221220100
0.08203125 100121021110100221221100
0.08203125 100120221200100221221100
0.08203125 100120221100100222221100
0.08203125 100022221100100222221100
0.08203125 100022021100100221221100
0.08203125 100021222100102221221100
0.08203125 100021221120100221221120
0.08203125 100021221102100121221100
0.08203125 100021221101100221221101
0.08203125 100021221101100221121100
0.08203125 100021221100120221211100
0.08203125 100021221100101221211100
0.08203125 100021221100100222220100
0.08203125 100021221100100222201100
0.08203125 100021221100100222121100
0.08203125 100021221100100221020100
0.08203125 100021221100100220121100
0.08203125 100021221100100121221120
0.08203125 100021221100100121211100
0.08203125 100021221100100120221100
0.08203125 100021221100100021222100
0.08203125 100021221100100021211100
0.08203125 100021221000100222221100
0.08203125 100021221000100211221100
0.08203125 100021220100100221211100
0.08203125 100021121110100221221100
0.08203125 100021021100100220221100
0.08203125 100021021000100221221100
0.08203125 100020221100100221211100
0.08203125 100020221100100201221100
0.08203125 001221221100101221221100
0.08203125 000221221110100221221120
0.08203125 000221221100110211221100
0.08203125 000221221100110021221100
0.08203125 000221221100101221221120
0.08203125 000221221100101221221000
0.08203125 000221221100100221021000
0.08203125 000221221100100121221110
0.08203125 000221221000000221221100
0.08203125 000221211100100221221110
0.08203125 000221201100101221221100
0.08203125 000221201100100221222100
0.08203125 000221201100100221221000
0.08203125 000221121100100221221101
0.08203125 000211222100100221221100
0.08203125 000211221100200221221100
0.08203125 000211221100100220221100
0.08203125 000121221100100021221100
0.08203125 000121211100100221221100
0.08105469 202221221100101221221100
0.08105469 202221221100100221221101
0.08105469 202221221100100220221100
0.08105469 201221221100100121221100
0.08105469 200221222100200221221100
0.08105469 200221222100100220221100
0.08105469 200221221200100221221110
0.08105469 200221221110120221221100
0.08105469 200221221110100221221000
0.08105469 200221221100202221221100
0.08105469 200221221100100222121100
0.08105469 200221221100100211221000
0.08105469 200221221000100221221120
0.08105469 200221221000100221221000
0.08105469 200221220100100221121100
0.08105469 200221201120100221221100
0.08105469 200221201100100222221100
0.08105469 200201220100100221221100
0.08105469 200121222100100221221100
0.08105469 200121221110100221221100
0.08105469 200121221100100222221100
0.08105469 200121221100100221222100
0.08105469 200121220100100221221100
0.08105469 200021221120100221221100
0.08105469 200021221100102221221100
0.08105469 200021221100101221221100
0.08105469 120221221200120221221100
0.08105469 120221221200100222221100
0.08105469 120221221120100221221200
0.08105469 120221221000100221121100
0.08105469 120221220100100221221102
0.08105469 120221211100100221221000
0.08105469 120221201200100221221100
0.08105469 120221201100100221221102
0.08105469 120220221100100220221100
0.08105469 120211221100000221221100
0.08105469 120121221100200221221100
0.08105469 120121221100120221221100
0.08105469 120121221100000221221100
0.08105469 110221221120100221221200
0.08105469 110221221101100221221101
0.08105469 110221221100100211221101
0.08105469 110221211100100221221200
0.08105469 110221201110100221221100
0.08105469 110220221100100220221100
0.08105469 110121221100100221021100
0.08105469 102222121100100221221100
0.08105469 102221221120100201221100
0.08105469 102221211100100221222100
0.08105469 102221211100100121221100
0.08105469 102211221100100201221100
0.08105469 102121221100101221221100
0.08105469 101221221200100222221100
0.08105469 101221221110101221221100
0.08105469 101221221100100222220100
0.08105469 101221221100100121221120
0.08105469 101221221100100121021100
0.08105469 101221211100100121221100
0.08105469 101220221100102221221100
0.08105469 100222221100120221221000
0.08105469 100222221100102221221000
0.08105469 100222221100101211221100
0.08105469 100222201000100221221100
0.08105469 100222121100100221222100
0.08105469 100222121000100221221100
0.08105469 100222022100100221221100
0.08105469 100222021100110221221100
0.08105469 100221222102100221221102
0.08105469 100221222100100221222110
0.08105469 100221222100100021221110
0.08105469 100221221202100221222100
0.08105469 100221221201100221222100
0.08105469 100221221200120221201100
0.08105469 100221221200120201221100
0.08105469 100221221200100221211200
0.08105469 100221221200100221201000
0.08105469 100221221200100220221200
0.08105469 100221221200100201221102
0.08105469 100221221200002221221100
0.08105469 100221221120100222221200
0.08105469 100221221120100221221201
0.08105469 100221221110100221222120
0.08105469 100221221100200221201000
0.08105469 100221221100101221121110
0.08105469 100221221100100121221201
0.08105469 100221221100100121201200
0.08105469 100221221100100022221102
0.08105469 100221221100000211222100
0.08105469 100221221000110211221100
0.08105469 100221221000102221221110
0.08105469 100221221000100221201120
0.08105469 100221221000000221221200
0.08105469 100221220100100221220102
0.08105469 100221220100100221211000
0.08105469 100221220100100211220100
0.08105469 100221220100100211211100
0.08105469 100221212120100221221100
0.08105469 100221212100101221221100
0.08105469 100221211202100221221100
0.08105469 100221211120100021221100
0.08105469 100221211110100221201100
0.08105469 100221211100100221222120
0.08105469 100221211100100221201120
0.08105469 100221211100100221020100
0.08105469 100221211000100222221100
0.08105469 100221201110100221220100
0.08105469 100221201101100221221101
0.08105469 100221201100100222222100
0.08105469 100221201100100221211200
0.08105469 100221201100100221201120
0.08105469 100221201100100221201000
0.08105469 100221201100100121221110
0.08105469 100221201000100221221102
0.08105469 100221201000100221201100
0.08105469 100221122100100221222100
0.08105469 100221121110200221221100
0.08105469 100221121110100221221101
0.08105469 100221121110100211221100
0.08105469 100221121100200221221200
0.08105469 100221121100200221221000
0.08105469 100221121100101221121100
0.08105469 100221121100100221211101
0.08105469 100221121100100221201101
0.08105469 100221121100100221121120
0.08105469 100221120100100221220100
0.08105469 100221022100100221221101
0.08105469 100221021200100221221102
0.08105469 100221021200100221021100
0.08105469 100221021120100221021100
0.08105469 100221021120000221221100
0.08105469 100221021110100221021100
0.08105469 100221021100120121221100
0.08105469 100221021100100221121200
0.08105469 100221021100100211221000
0.08105469 100221021100100121221110
0.08105469 100221021100100021221110
0.08105469 100221021100100021221101
0.08105469 100221021000100221221102
0.08105469 100221020100100221221102
0.08105469 100220222100100221221200
0.08105469 100220221200100221221120
0.08105469 100220221200100201221100
0.08105469 100220221100200221222100
0.08105469 100220221100120221221000
0.08105469 100220221100100221211000
0.08105469 100220221100100220221200
0.08105469 100220221100100220220100
0.08105469 100220220100101221221100
0.08105469 100220211101100221221100
0.08105469 100220211100100201221100
0.08105469 100220121200100221221100
0.08105469 100220121100200221221100
0.08105469 100220121100120221221100
0.08105469 100220121100101221221100
0.08105469 100220121100100221021100
0.08105469 100220121100100201221100
0.08105469 100220021100120221221100
0.08105469 100220021100110221221100
0.08105469 100220021100100221222100
0.08105469 100220021100100221221000
0.08105469 100211221200100222221100
0.08105469 100211221120100221221120
0.08105469 100211221101200221221100
0.08105469 100211221100120201221100
0.08105469 100211221100101220221100
0.08105469 100211221100100222222100
0.08105469 100211221100100221220120
0.08105469 100211221100000221221110
0.08105469 100211211120100221221100
0.08105469 100211201100100222221100
0.08105469 100211201100100221201100
0.08105469 100211201100100201221100
0.08105469 100211021100200221221100
0.08105469 100211021100102221221100
0.08105469 100211021100100222221100
0.08105469 100211021100100221220100
0.08105469 100211021100100201221100
0.08105469 100202221100100220221100
0.08105469 100201222100100021221100
0.08105469 100201221101100221021100
0.08105469 100201221101000221221100
0.08105469 100201221100200201221100
0.08105469 100201221100120221221200
0.08105469 100201221100102211221100
0.08105469 100201221100100220221200
0.08105469 100201221100100020221100
0.08105469 100201220100100221221120
0.08105469 100201220100100220221100
0.08105469 100201201100100121221100
0.08105469 100201121100100221221101
0.08105469 100201121100000221221100
0.08105469 100201021100101221221100
0.08105469 100121222100100221211100
0.08105469 100121221200200221221100
0.08105469 100121221200120221221100
0.08105469 100121221120100221121100
0.08105469 100121221100102222221100
0.08105469 100121221100100221222102
0.08105469 100121221100100221220101
0.08105469 100121221100100221201000
0.08105469 100121221100100220222100
0.08105469 100121221100100211220100
0.08105469 100121221100100021221102
0.08105469 100121221100100021121100
0.08105469 100121221100001221221100
0.08105469 100121221100000021221100
0.08105469 100121121100000221221100
0.08105469 100121021100100221222100
0.08105469 100021222100100221222100
0.08105469 100021222100100221211100
0.08105469 100021221200200221221100
0.08105469 100021221200100221221120
0.08105469 100021221200000221221100
0.08105469 100021221120100221222100
0.08105469 100021221100100220222100
0.08105469 100021221000000221221100
0.08105469 100021211100100021221100
0.08105469 100021121120100221221100
0.08105469 100021121100110221221100
0.08105469 002221221100102221221100
0.08105469 002221221100100121221100
0.08105469 000221222100100211221100
0.08105469 000221222100100121221100
0.08105469 000221221200200221221100
0.08105469 000221221100200221221000
0.08105469 000221221100120221221200
0.08105469 000221221100120021221100
0.08105469 000221221100110221221000
0.08105469 000221221000100211221100
0.08105469 000221220100100021221100
0.08105469 000221211100101221221100
0.08105469 000221201100110221221100
0.08105469 000221201100100221221120
0.08105469 000201211100100221221100
0.08105469 000021211100100221221100
0.08007812 202221221120100221221100
0.08007812 202221221100100021221100
0.08007812 202221201100100221221100
0.08007812 200221222100120221221100
0.08007812 200221222100100221021100
0.08007812 200221222100100211221100
0.08007812 200221222100100121221100
0.08007812 200221222100100021221100
0.08007812 200221221100120222221100
0.08007812 200221221100120221221200
0.08007812 200221221100120221221102
0.08007812 200221221100110221221000
0.08007812 200221221100101221121100
0.08007812 200221220100101221221100
0.08007812 200221211110100221221100
0.08007812 200221211100101221221100
0.08007812 200221201100120221221100
0.08007812 200211221100100221221101
0.08007812 200201221100100220221100
0.08007812 200121221100000221221100
0.08007812 200121121100100221221100
0.08007812 120221222100100221221101
0.08007812 120221221100120221221110
0.08007812 120221221100120121221100
0.08007812 120221211100100221222100
0.08007812 120221202100100221221100
0.08007812 120221201100100221221120
0.08007812 120221201100100211221100
0.08007812 120221201100100201221100
0.08007812 120221201000100221221100
0.08007812 120220222100100221221100
0.08007812 120211221100100221221000
0.08007812 120211220100100221221100
0.08007812 120121221120100221221100
0.08007812 120021221100100121221100
0.08007812 120021201100100221221100
0.08007812 110222222100100221221100
0.08007812 110222201100100221221100
0.08007812 110221221200100221221200
0.08007812 110221221200100220221100
0.08007812 110221221200100211221100
0.08007812 110221221100100220221101
0.08007812 110221211200100221221100
0.08007812 110221211100100021221100
0.08007812 110221121100100221221101
0.08007812 110121221000100221221100
0.08007812 102221221200100221221110
0.08007812 102221221200100221201100
0.08007812 102220221100100220221100
0.08007812 102211221100100220221100
0.08007812 102211121100100221221100
0.08007812 101222221100102221221100
0.08007812 101222221100101221221100
0.08007812 101222221100100211221100
0.08007812 101221221202100221221100
0.08007812 101221221200100220221100
0.08007812 101221221120100221221120
0.08007812 101221021100100021221100
0.08007812 100222221200100221221120
0.08007812 100222221200100201221100
0.08007812 100222211100102221221100
0.08007812 100222211100100222221100
0.08007812 100222211100100221221200
0.08007812 100222211100100221221110
0.08007812 100222211100100221211100
0.08007812 100222021100100221221200
0.08007812 100221222120100221201100
0.08007812 100221222100100211121100
0.08007812 100221221202100221221000
0.08007812 100221221200202221221100
0.08007812 100221221200100222021100
0.08007812 100221221200100211211100
0.08007812 100221221200100121221200
0.08007812 100221221200000221222100
0.08007812 100221221120102221221120
0.08007812 100221221120100221211120
0.08007812 100221221120100220221120
0.08007812 100221221120100121221200
0.08007812 100221221101100121221200
0.08007812 100221221100202221221200
0.08007812 100221221100110121221120
0.08007812 100221221100100212121100
0.08007812 100221221100002211221100
0.08007812 100221221100000021221110
0.08007812 100221221000100222211100
0.08007812 100221221000100221201110
0.08007812 100221220100100211201100
0.08007812 100221212100100211221100
0.08007812 100221211201100221221100
0.08007812 100221211200100220221100
0.08007812 100221211120100221221110
0.08007812 100221211102100021221100
0.08007812 100221211101100211221100
0.08007812 100221211100100222220100
0.08007812 100221211100100121221120
0.08007812 100221211000100221211100
0.08007812 100221201200100211221100
0.08007812 100221201110100221221120
0.08007812 100221201101100221211100
0.08007812 100221201101100021221100
0.08007812 100221201100100221211110
0.08007812 100221201100100221020100
0.08007812 100221201100100201220100
0.08007812 100221122100100021221100
0.08007812 100221121200000221221100
0.08007812 100221121100120221121100
0.08007812 100221121100120021221100
0.08007812 100221121100100121221000
0.08007812 100221121100100021221200
0.08007812 100221121000110221221100
0.08007812 100221022100100221222100
0.08007812 100221022100100121221100
0.08007812 100221021200100220221100
0.08007812 100221021110100221220100
0.08007812 100221021110100211221100
0.08007812 100221021110100121221100
0.08007812 100221021100110211221100
0.08007812 100221021100101221221200
0.08007812 100221021100100221221202
0.08007812 100221021100100221120100
0.08007812 100221021000100221221200
0.08007812 100221021000100221221000
0.08007812 100221020100100221221101
0.08007812 100220221100102222221100
0.08007812 100220221100100020221100
0.08007812 100220220100100221220100
0.08007812 100220211100100222221100
0.08007812 100220211100100221221200
0.08007812 100220211100100221201100
0.08007812 100220201100100201221100
0.08007812 100212221100100221221120
0.08007812 100211222100100121221100
0.08007812 100211221100100222221120
0.08007812 100211221100000221221000
0.08007812 100211221000100221221120
0.08007812 100211211100100211221100
0.08007812 100211201100100221221120
0.08007812 100211201100100220221100
0.08007812 100211121100100211221100
0.08007812 100211021100100221121100
0.08007812 100201221200100220221100
0.08007812 100201221101101221221100
0.08007812 100201221101100221221101
0.08007812 100201221100200221221200
0.08007812 100201221100101221221120
0.08007812 100201221100100220021100
0.08007812 100201221000100220221100
0.08007812 100201201100100221221200
0.08007812 100201201100100220221100
0.08007812 100201121100100221221200
0.08007812 100201121100100221221000
0.08007812 100201121100100220221100
0.08007812 100122221200100221221100
0.08007812 100121221200110221221100
0.08007812 100121221200100201221100
0.08007812 100121221120100121221100
0.08007812 100121221101100221121100
0.08007812 100121221101100021221100
0.08007812 100121221100201221221100
0.08007812 100121221100200021221100
0.08007812 100121221100102221211100
0.08007812 100121221100101121221100
0.08007812 100121221100101021221100
0.08007812 100121221100100221220102
0.08007812 100121221100100221201110
0.08007812 100121221100100120221100
0.08007812 100121220100100221201100
0.08007812 100121220100100121221100
0.08007812 100121021120100221221100
0.08007812 100121021100120221221100
0.08007812 100121021100110221221100
0.08007812 100121021100100221221101
0.08007812 100022221100100221201100
0.08007812 100021221200100220221100
0.08007812 100021221100201221221100
0.08007812 100021221100200221211100
0.08007812 100021221100100121221200
0.08007812 100021221100100121121100
0.08007812 100021221100001221221100
0.08007812 100021221000100221201100
0.08007812 100021211110100221221100
0.08007812 100021201100101221221100
0.08007812 100021201100100021221100
0.08007812 001221221200100221221100
0.08007812 000221222100100221221200
0.08007812 000221221200102221221100
0.08007812 000221221200100221221110
0.08007812 000221221100120221221000
0.08007812 000221221100102221221200
0.08007812 000221221100000221221000
0.08007812 000221212100100221221100
0.08007812 000221211100100221222100
0.08007812 000221201100100221221200
0.08007812 000221201100100201221100
0.08007812 000211201100100221221100
0.08007812 000121221100102221221100
0.07910156 201221211100100221221100
0.07910156 200221221110100221221200
0.07910156 200221221100110221221101
0.07910156 200221221100110211221100
0.07910156 200221221100102221221000
0.07910156 200221221100100220121100
0.07910156 200221221100100201221101
0.07910156 200221220100100211221100
0.07910156 200221220100100021221100
0.07910156 200221211120100221221100
0.07910156 200221201100100221220100
0.07910156 200201211100100221221100
0.07910156 120222211100100221221100
0.07910156 120221222100102221221100
0.07910156 120221222100100221221110
0.07910156 120221221200100221221120
0.07910156 120221221101100221221101
0.07910156 120221221100102221221200
0.07910156 120221221100100222121100
0.07910156 120221220100100221221200
0.07910156 120211221100100222221100
0.07910156 120201221100120221221100
0.07910156 120201221100100221221120
0.07910156 120021211100100221221100
0.07910156 110221211100100211221100
0.07910156 110201221100100221221120
0.07910156 102221221200100220221100
0.07910156 102221221200100121221100
0.07910156 102221221120100222221100
0.07910156 102221221102100121221100
0.07910156 102221221100110121221100
0.07910156 102221221000100211221100
0.07910156 102221121200100221221100
0.07910156 101221221100100122221100
0.07910156 101211221100100222221100
0.07910156 100222221200100221221000
0.07910156 100222221200100211221100
0.07910156 100222221100100022221100
0.07910156 100222221000100221221000
0.07910156 100222211101100221221100
0.07910156 100222121100100211221100
0.07910156 100221222120101221221100
0.07910156 100221222100100222222100
0.07910156 100221222100100221121200
0.07910156 100221222100100221020100
0.07910156 100221222100000221220100
0.07910156 100221221201100221221120
0.07910156 100221221200200221221000
0.07910156 100221221200100222221000
0.07910156 100221221200100221222102
0.07910156 100221221200100221201120
0.07910156 100221221200100211021100
0.07910156 100221221200000221221120
0.07910156 100221221120102221221200
0.07910156 100221221120102221221000
0.07910156 100221221120100221201000
0.07910156 100221221101200121221100
0.07910156 100221221100120221201000
0.07910156 100221221100120121221200
0.07910156 100221221100102211221101
0.07910156 100221221100002221221200
0.07910156 100221220101100221221101
0.07910156 100221220100102222221100
0.07910156 100221220100100222211100
0.07910156 100221220100100221220110
0.07910156 100221220100100211222100
0.07910156 100221211110100221221120
0.07910156 100221211110100221220100
0.07910156 100221211102100221201100
0.07910156 100221211101100221221000
0.07910156 100221211100102221221000
0.07910156 100221211100102211221100
0.07910156 100221211100101221221120
0.07910156 100221211100101201221100
0.07910156 100221211100100122221100
0.07910156 100221211100100121211100
0.07910156 100221201200100221211100
0.07910156 100221201110100221211100
0.07910156 100221201110100201221100
0.07910156 100221201101100221220100
0.07910156 100221201100100211222100
0.07910156 100221201100100201222100
0.07910156 100221201100100121221120
0.07910156 100221201100100121211100
0.07910156 100221201000100201221100
0.07910156 100221121200100221222100
0.07910156 100221121200100121221100
0.07910156 100221121100200221222100
0.07910156 100221121100120221221101
0.07910156 100221121100102211221100
0.07910156 100221121100100220121100
0.07910156 100221121100100211222100
0.07910156 100221121100100021221000
0.07910156 100221121000100221221110
0.07910156 100221120110100221221100
0.07910156 100221120100100221221102
0.07910156 100221022100101221221100
0.07910156 100221022100100221121100
0.07910156 100221021200110221221100
0.07910156 100221021200100221221110
0.07910156 100221021200100201221100
0.07910156 100221021120100221121100
0.07910156 100221021100101221221000
0.07910156 100221021100100221222101
0.07910156 100221021100100221221201
0.07910156 100221021100100221122100
0.07910156 100221021100100221021000
0.07910156 100220221101100221221200
0.07910156 100220221100102221221000
0.07910156 100220221100100222222100
0.07910156 100220221100100222221120
0.07910156 100220221000100221221120
0.07910156 100220201100100221201100
0.07910156 100220121100102221221100
0.07910156 100220121100100221221120
0.07910156 100220121100100221220100
0.07910156 100220121100100221211100
0.07910156 100220121100100211221100
0.07910156 100211221100200221221120
0.07910156 100211221100100222211100
0.07910156 100211221100100221211120
0.07910156 100211221100100220221101
0.07910156 100211221100100220211100
0.07910156 100211221100100121221120
0.07910156 100211221100100121221101
0.07910156 100211221100100121221000
0.07910156 100211220100100222221100
0.07910156 100211121100120221221100
0.07910156 100211121100110221221100
0.07910156 100211021100100221221120
0.07910156 100211021100000221221100
0.07910156 100211020100100221221100
0.07910156 100210221100100221221120
0.07910156 100201222100100222221100
0.07910156 100201221101102221221100
0.07910156 100201221100102222221100
0.07910156 100201221100101220221100
0.07910156 100201221100100221201120
0.07910156 100201221100100220211100
0.07910156 100201221100100201221000
0.07910156 100201022100100221221100
0.07910156 100201021100100121221100
0.07910156 100121222100100121221100
0.07910156 100121221200100221221200
0.07910156 100121221110101221221100
0.07910156 100121221100202221221100
0.07910156 100121221100102121221100
0.07910156 100121221100101222221100
0.07910156 100121221100100222211100
0.07910156 100121221100100221211101
0.07910156 100121221100100211222100
0.07910156 100121221100100121221000
0.07910156 100121221000100221211100
0.07910156 100121221000100221201100
0.07910156 100121121100100221211100
0.07910156 100121121000100221221100
0.07910156 100121021100100221221102
0.07910156 100120221100100221222100
0.07910156 100120221100100021221100
0.07910156 100021221100200221220100
0.07910156 100021221100100121221102
0.07910156 100021221000100221211100
0.07910156 100021211120100221221100
0.07910156 100021121000100221221100
0.07910156 100021022100100221221100
0.07910156 100021021100110221221100
0.07910156 100021021100101221221100
0.07910156 100021021100100221221102
0.07910156 100021021100100211221100
0.07910156 002221221200100221221100
0.07910156 000221222100102221221100
0.07910156 000221222100101221221100
0.07910156 000221221200110221221100
0.07910156 000221221120120221221100
0.07910156 000221221000100221221110
0.07910156 000121221000100221221100
0.078125 202221221100120221221100
0.078125 200221222100102221221100
0.078125 200221222100100221221200
0.078125 200221222100100221221110
0.078125 200221221200110221221100
0.078125 200221221200100222221100
0.078125 200221221200100221121100
0.078125 200221221100101221221000
0.078125 200221221100100221121200
0.078125 200221221100100121121100
0.078125 200221220100102221221100
0.078125 200221220100100221221000
0.078125 200221211101100221221100
0.078125 200221201100101221221100
0.078125 200221201100100220221100
0.078125 200201221100100221221120
0.078125 200121221100100221221102
0.078125 200121201100100221221100
0.078125 200021221200100221221100
0.078125 200021221100100221221101
0.078125 200021221100100221121100
0.078125 120221221100120211221100
0.078125 120221221100100221121200
0.078125 120221221100100211221101
0.078125 120221201100100121221100
0.078125 120220220100100221221100
0.078125 120021221100000221221100
0.078125 110211211100100221221100
0.078125 110121221200100221221100
0.078125 102221121120100221221100
0.078125 102221021100100121221100
0.078125 102211221100100222221100
0.078125 102121221100100121221100
0.078125 101221221200102221221100
0.078125 101221221100101211221100
0.078125 101221211120100221221100
0.078125 101220221100101221221100
0.078125 101211221100100220221100
0.078125 100222222100102221221100
0.078125 100222222100100221220100
0.078125 100222221100101221221200
0.078125 100222221100100221222120
0.078125 100222221100100122221100
0.078125 100222221100100121221000
0.078125 100222211100100221201100
0.078125 100222201100100221222100
0.078125 100222121100200221221100
0.078125 100222121100110221221100
0.078125 100222121100101221221100
0.078125 100222021100100221221000
0.078125 100222021100100220221100
0.078125 100222021100100211221100
0.078125 100222021100100021221100
0.078125 100221222120100221221110
0.078125 100221222120100211221100
0.078125 100221222110100222221100
0.078125 100221222100100211021100
0.078125 100221222100100122221100
0.078125 100221221200120221221200
0.078125 100221221200100222211100
0.078125 100221221200100220221000
0.078125 100221221200100220021100
0.078125 100221221120120221221120
0.078125 100221221120101221221200
0.078125 100221221101100221222101
0.078125 100221221101100211121100
0.078125 100221221101100021221101
0.078125 100221221100101220121100
0.078125 100221221100100222222102
0.078125 100221221000100221021110
0.078125 100221220120100222221100
0.078125 100221211200100221222100
0.078125 100221211120100211221100
0.078125 100221211110100221221000
0.078125 100221211110100211221100
0.078125 100221211102100221221000
0.078125 100221211100101221221110
0.078125 100221211100100221211110
0.078125 100221211100100220222100
0.078125 100221211100100211220100
0.078125 100221211100100201220100
0.078125 100221211100100021220100
0.078125 100221211001100221221100
0.078125 100221201202100221221100
0.078125 100221201200100221201100
0.078125 100221201102100121221100
0.078125 100221201100101221221200
0.078125 100221201100101211221100
0.078125 100221201100100222211100
0.078125 100221201100100222201100
0.078125 100221201100100220201100
0.078125 100221201100100211220100
0.078125 100221201100100211201100
0.078125 100221201100100122221100
0.078125 100221201001100221221100
0.078125 100221121200200221221100
0.078125 100221121200100221221110
0.078125 100221121200100211221100
0.078125 100221121120100221021100
0.078125 100221121110100221021100
0.078125 100221121100110221221101
0.078125 100221121100102221221101
0.078125 100221121100101221221101
0.078125 100221121100100221221001
0.078125 100221121100100221201000
0.078125 100221121100100221021000
0.078125 100221121100100201121100
0.078125 100221121100100121221110
0.078125 100221021200100221221101
0.078125 100221021200100221121100
0.078125 100221021120100220221100
0.078125 100221021100100221221002
0.078125 100221021100100220121100
0.078125 100221020100100221222100
0.078125 100220222100101221221100
0.078125 100220221100120221221200
0.078125 100220220100100222221100
0.078125 100220211100100221211100
0.078125 100220201100100221221200
0.078125 100220121100100221121100
0.078125 100211221101100221221200
0.078125 100211221101100221221101
0.078125 100211221101100221221000
0.078125 100211221100102201221100
0.078125 100211221100100220121100
0.078125 100211221100100121221200
0.078125 100211221100100121221110
0.078125 100211211100100221221101
0.078125 100211201101100221221100
0.078125 100201222100100121221100
0.078125 100201221200100222221100
0.078125 100201221200100221221200
0.078125 100201221101100221221000
0.078125 100201221101100221121100
0.078125 100201221100200221221120
0.078125 100201221100102221221120
0.078125 100201221100102221221000
0.078125 100201221100100221220120
0.078125 100201221100000221221120
0.078125 100201211100100221221000
0.078125 100201211100100021221100
0.078125 100122221100100222221100
0.078125 100122221100100221220100
0.078125 100121221200100211221100
0.078125 100121221120102221221100
0.078125 100121221110100221220100
0.078125 100121221100101221121100
0.078125 100121221100100222201100
0.078125 100121221100100121221110
0.078125 100121221100100021201100
0.078125 100121221100000221220100
0.078125 100121211100101221221100
0.078125 100121211100100221220100
0.078125 100121021100100211221100
0.078125 100120221100100220221100
0.078125 100120021100100221221100
0.078125 100022221100100021221100
0.078125 100021221200100221222100
0.078125 100021221200100221201100
0.078125 100021221100120221201100
0.078125 100021221100100121221101
0.078125 100021221000102221221100
0.078125 100021220100100121221100
0.078125 100021201000100221221100
0.078125 100021121100100221021100
0.078125 100021021100100221021100
0.078125 000221221200100221221102
0.078125 000221221200100220221100
0.078125 000221221100200221221200
0.078125 000221221100110121221100
0.078125 000221221100100121221120
0.078125 000221221100100121221000
0.078125 000221221000100221221120
0.078125 000211221100110221221100
0.078125 000201222100100221221100
0.078125 000121221110100221221100
0.07714844 200221221200100221221101
0.07714844 200221221100110121221100
0.07714844 200221221100100221221001
0.07714844 200221221100100211221101
0.07714844 200221221100000221221000
0.07714844 200221220100100222221100
0.07714844 200221220100100221221110
0.07714844 200221220100100220221100
0.07714844 200221211100100220221100
0.07714844 200221211000100221221100
0.07714844 200221210100100221221100
0.07714844 200221201110100221221100
0.07714844 200021221000100221221100
0.07714844 200021201100100221221100
0.07714844 120222221100100221221200
0.07714844 120221222100000221221100
0.07714844 120221221100200221221200
0.07714844 120221211120100221221100
0.07714844 120201221100100221221200
0.07714844 110121221120100221221100
0.07714844 102221221200100211221100
0.07714844 101221221100110121221100
0.07714844 101221211100101221221100
0.07714844 101221211100100221201100
0.07714844 101221121200100221221100
0.07714844 101221121100100221221101
0.07714844 101221021100100121221100
0.07714844 101021221100100121221100
0.07714844 100222222100100121221100
0.07714844 100222221100102211221100
0.07714844 100222221100100221211000
0.07714844 100222221100100211121100
0.07714844 100222221100100021221000
0.07714844 100222221100100020221100
0.07714844 100222220100100222221100
0.07714844 100222220100100121221100
0.07714844 100222211102100221221100
0.07714844 100222201100100211221100
0.07714844 100222122100100221221100
0.07714844 100221222100102222221100
0.07714844 100221222100102221221110
0.07714844 100221221210100221221200
0.07714844 100221221200110222221100
0.07714844 100221221200110221221200
0.07714844 100221221200100222121100
0.07714844 100221221200100221121110
0.07714844 100221221200100220221101
0.07714844 100221221200100211121100
0.07714844 100221221200000221211100
0.07714844 100221221120200221221120
0.07714844 100221221120110201221100
0.07714844 100221221120100221021120
0.07714844 100221221110100221211000
0.07714844 100221221110000221221120
0.07714844 100221221101100121221101
0.07714844 100221221100000121221000
0.07714844 100221221100000021221200
0.07714844 100221221000000201221100
0.07714844 100221220120100221221120
0.07714844 100221220100100222201100
0.07714844 100221211200100222221100
0.07714844 100221211110100201221100
0.07714844 100221211102100221220100
0.07714844 100221211101100221221101
0.07714844 100221211100101221221000
0.07714844 100221211100101221211100
0.07714844 100221211100100221220120
0.07714844 100221211100100201221101
0.07714844 100221211100100201211100
0.07714844 100221211100100021221000
0.07714844 100221211002100221221100
0.07714844 100221201201100221221100
0.07714844 100221201200100201221100
0.07714844 100221201110100221221200
0.07714844 100221201110100211221100
0.07714844 100221201101100221201100
0.07714844 100221201100101221211100
0.07714844 100221201100100221201200
0.07714844 100221201100100221201110
0.07714844 100221201000100222221100
0.07714844 100221201000100221211100
0.07714844 100221121200120221221100
0.07714844 100221121200100221221101
0.07714844 100221121100200121221100
0.07714844 100221120100100121221100
0.07714844 100221022120100221221100
0.07714844 100221021200000221221100
0.07714844 100221021100120021221100
0.07714844 100221021100100221121000
0.07714844 100221021100100211021100
0.07714844 100221021100100201121100
0.07714844 100221021100100021221000
0.07714844 100220221100102221221200
0.07714844 100211221100102220221100
0.07714844 100211221100100220222100
0.07714844 100211221100100120221100
0.07714844 100211211102100221221100
0.07714844 100211121100100221021100
0.07714844 100211021100100211221100
0.07714844 100201222100100221221120
0.07714844 100201221100120221221120
0.07714844 100201221100102220221100
0.07714844 100201221100100222221120
0.07714844 100201221100100121221120
0.07714844 100201220101100221221100
0.07714844 100201122100100221221100
0.07714844 100201121100200221221100
0.07714844 100201121100110221221100
0.07714844 100201121100100221021100
0.07714844 100201121100100211221100
0.07714844 100122221100101221221100
0.07714844 100122121100100221221100
0.07714844 100121222120100221221100
0.07714844 100121221200101221221100
0.07714844 100121221200100221021100
0.07714844 100121221120100221221120
0.07714844 100121221101101221221100
0.07714844 100121221100100022221100
0.07714844 100121221100100021221101
0.07714844 100121221100000221211100
0.07714844 100121221100000221201100
0.07714844 100121211100100221211100
0.07714844 100121201200100221221100
0.07714844 100121121100100221220100
0.07714844 100121021100200221221100
0.07714844 100022121100100221221100
0.07714844 100021221200100221211100
0.07714844 100021221100100222211100
0.07714844 100021121100120221221100
0.07714844 000221222100100021221100
0.07714844 000221221200120221221100
0.07714844 000221221100000121221100
0.07714844 000221211100100201221100
0.07714844 000221201110100221221100
0.07714844 000221201100100021221100
0.07714844 000021221100200221221100
0.07617188 200221222100100221221101
0.07617188 200221221200100220221100
0.07617188 200221221200000221221100
0.07617188 200221221120100221221200
0.07617188 200221221100200221221110
0.07617188 200221221100120221221101
0.07617188 200221221100120221121100
0.07617188 200221221100120021221100
0.07617188 200221221100100211121100
0.07617188 200221201100102221221100
0.07617188 200221201100100221121100
0.07617188 200021221100120221221100
0.07617188 120222221100200221221100
0.07617188 120222201100100221221100
0.07617188 120221222120100221221100
0.07617188 120221221100120021221100
0.07617188 120221221100100211121100
0.07617188 120221211100100121221100
0.07617188 110221221120100221221120
0.07617188 110221221100100211121100
0.07617188 110221211100100201221100
0.07617188 102221221202100221221100
0.07617188 102221221101100221221101
0.07617188 102221221101100121221100
0.07617188 102221221100101211221100
0.07617188 102221121100100121221100
0.07617188 101221211100100221220100
0.07617188 101211221100100121221100
0.07617188 100222222100100222221100
0.07617188 100222221000100211221100
0.07617188 100222121100100221221200
0.07617188 100221222101100221221101
0.07617188 100221222100102211221100
0.07617188 100221222100101211221100
0.07617188 100221221200120222221100
0.07617188 100221221200120221221120
0.07617188 100221221200102201221100
0.07617188 100221221200100221121120
0.07617188 100221221200100221021120
0.07617188 100221221200000221221000
0.07617188 100221221120000221221200
0.07617188 100221221100102221221202
0.07617188 100221211200100211221100
0.07617188 100221211120100221220100
0.07617188 100221211110100222221100
0.07617188 100221211101100221220100
0.07617188 100221211101100221201100
0.07617188 100221211100100221201110
0.07617188 100221211100100022221100
0.07617188 100221211000100221221200
0.07617188 100221201200100222221100
0.07617188 100221201120100221221200
0.07617188 100221201120100221201100
0.07617188 100221201120100201221100
0.07617188 100221201100100211021100
0.07617188 100221201100100201201100
0.07617188 100221201000100221221120
0.07617188 100221122110100221221100
0.07617188 100221122100100221221101
0.07617188 100221121120100221221101
0.07617188 100221121110100221220100
0.07617188 100221121100100021021100
0.07617188 100221120100100221201100
0.07617188 100221022100100211221100
0.07617188 100221021200120221221100
0.07617188 100221021100100221121110
0.07617188 100221021100100121221101
0.07617188 100221021100100121121100
0.07617188 100221021100100021021100
0.07617188 100221021100000211221100
0.07617188 100221021000100221221110
0.07617188 100221020100100221201100
0.07617188 100220221200100221221200
0.07617188 100220220100100220221100
0.07617188 100220201100100220221100
0.07617188 100220121100100221201100
0.07617188 100220021100100211221100
0.07617188 100220021100100121221100
0.07617188 100212221100100220221100
0.07617188 100211221101100221121100
0.07617188 100211221100102211221100
0.07617188 100211221100100122221100
0.07617188 100211211100100221221000
0.07617188 100211121100100221221200
0.07617188 100210221100100220221100
0.07617188 100201222100101221221100
0.07617188 100201222100100221221200
0.07617188 100201221100110221221120
0.07617188 100201221100100220222100
0.07617188 100201211100100221220100
0.07617188 100201211100100220221100
0.07617188 100201211100100121221100
0.07617188 100201201100100221221120
0.07617188 100201021100100221221200
0.07617188 100122221100100021221100
0.07617188 100121221202100221221100
0.07617188 100121221200100121221100
0.07617188 100121221100101211221100
0.07617188 100121221100100222222100
0.07617188 100121211120100221221100
0.07617188 100121121120100221221100
0.07617188 100121121100200221221100
0.07617188 100121121100100221221101
0.07617188 100121021100100221211100
0.07617188 100021221200102221221100
0.07617188 100021221101100121221100
0.07617188 100021221100200021221100
0.07617188 100021220100100221201100
0.07617188 100021211100101221221100
0.07617188 100021121100100021221100
0.07617188 100021021200100221221100
0.07617188 100021021100200221221100
0.07617188 000221221120100221221000
0.07617188 000221221100120121221100
0.07617188 000221211110100221221100
0.07617188 000221211100100021221100
0.07617188 000221201120100221221100
0.07519531 201221221200100221221100
0.07519531 200221221120100221221120
0.07519531 200221221100120211221100
0.07519531 200221221100100221221201
0.07519531 200221221100100221021000
0.07519531 200221221100000121221100
0.07519531 200221211102100221221100
0.07519531 200221211100100221221110
0.07519531 200221211100100021221100
0.07519531 200221121100100221221101
0.07519531 200211221100100221221000
0.07519531 200211201100100221221100
0.07519531 200201221100100221221200
0.07519531 200201221100100221221000
0.07519531 200121221100200221221100
0.07519531 200121221100100221121100
0.07519531 200021221100000221221100
0.07519531 120222221100120221221100
0.07519531 120221222100100211221100
0.07519531 120221221120100221221120
0.07519531 120221221100100221121110
0.07519531 120221211110100221221100
0.07519531 110222220100100221221100
0.07519531 110221221100100121221200
0.07519531 102221221100100121221200
0.07519531 102220121100100221221100
0.07519531 101221221200100221221120
0.07519531 101221221200100201221100
0.07519531 101211221100102221221100
0.07519531 100222222100100221221110
0.07519531 100222221100120221201100
0.07519531 100222221100100220222100
0.07519531 100222220100100221201100
0.07519531 100222220100100211221100
0.07519531 100222201100100121221100
0.07519531 100222121100102221221100
0.07519531 100222120100100221221100
0.07519531 100222021100100121221100
0.07519531 100221222120100221221200
0.07519531 100221222100100221211110
0.07519531 100221222100100211222100
0.07519531 100221221202100221221200
0.07519531 100221221200102221221120
0.07519531 100221221200102221221000
0.07519531 100221221200101221221200
0.07519531 100221221200100222221120
0.07519531 100221221200100221222110
0.07519531 100221221120100221201200
0.07519531 100221221101100221221201
0.07519531 100221221100100121121200
0.07519531 100221221000100221211110
0.07519531 100221221000100221121110
0.07519531 100221221000100211121100
0.07519531 100221221000100211021100
0.07519531 100221220100101211221100
0.07519531 100221220100100222222100
0.07519531 100221220100100122221100
0.07519531 100221211120100221222100
0.07519531 100221211110100221221200
0.07519531 100221211102100121221100
0.07519531 100221211100100121221000
0.07519531 100221211100100021221200
0.07519531 100221201102100221201100
0.07519531 100221201100100211211100
0.07519531 100221201000100221221110
0.07519531 100221121200110221221100
0.07519531 100221021100120211221100
0.07519531 100221021100110121221100
0.07519531 100221021100100121021100
0.07519531 100221021100100021121100
0.07519531 100221021000100221221101
0.07519531 100220222101100221221100
0.07519531 100220222100100221221120
0.07519531 100220222100100221221110
0.07519531 100220221100101221221200
0.07519531 100220221100100221222120
0.07519531 100220121100110221221100
0.07519531 100220121100100221222100
0.07519531 100220121100100021221100
0.07519531 100220022100100221221100
0.07519531 100220021100100221221200
0.07519531 100220021100100220221100
0.07519531 100211221100100221222120
0.07519531 100211221100000221221120
0.07519531 100211211100100221222100
0.07519531 100211211100100221221110
0.07519531 100211211100100201221100
0.07519531 100211211100100121221100
0.07519531 100211121100101221221100
0.07519531 100211021100100221221110
0.07519531 100201222101100221221100
0.07519531 100201222100100220221100
0.07519531 100201221200100221221120
0.07519531 100201221100101221221200
0.07519531 100201221100100221222120
0.07519531 100201221100100221211120
0.07519531 100201201101100221221100
0.07519531 100201021100100221221000
0.07519531 100121221201100221221100
0.07519531 100121221200102221221100
0.07519531 100121221200100220221100
0.07519531 100121221120100221211100
0.07519531 100121221110100221211100
0.07519531 100121221102100121221100
0.07519531 100121221100200221220100
0.07519531 100121221100120121221100
0.07519531 100121221100101221201100
0.07519531 100121221100100221020100
0.07519531 100121211000100221221100
0.07519531 100121121100101221221100
0.07519531 100121121100100021221100
0.07519531 100121021100100221121100
0.07519531 100120221100101221221100
0.07519531 100120221100100221220100
0.07519531 100021221100100022221100
0.07519531 100021221100000221222100
0.07519531 100021221100000221211100
0.07519531 100021211200100221221100
0.07519531 100021201100100221201100
0.07519531 100021021100100221221101
0.07519531 100020221100100222221100
0.07519531 100020221100100220221100
0.07519531 000221221200100221221000
0.07519531 000221221100202221221100
0.07519531 000221220100100121221100
0.07519531 000221211100102221221100
0.07519531 000221211100100211221100
0.07519531 000221201100100211221100
0.07519531 000221201100100121221100
0.07519531 000211221100100221221000
0.07519531 000201221100100221221200
0.07421875 202221221100102221221100
0.07421875 202221221100100221221102
0.07421875 200221222100100222221100
0.07421875 200221222100000221221100
0.07421875 200221221200100221221102
0.07421875 200221221100100221221002
0.07421875 200221221100100021221000
0.07421875 200221220100100221221102
0.07421875 200221211200100221221100
0.07421875 200221211100100221222100
0.07421875 200221211100100121221100
0.07421875 200221201100100221222100
0.07421875 200221201100100221221110
0.07421875 200221201100100021221100
0.07421875 200211221100100221221200
0.07421875 200201221100120221221100
0.07421875 200121221100100211221100
0.07421875 200121221000100221221100
0.07421875 120221222100100221121100
0.07421875 120221222100100121221100
0.07421875 120221221120120221221100
0.07421875 120221221100100121221200
0.07421875 120211221100120221221100
0.07421875 120211221100100221221200
0.07421875 120211201100100221221100
0.07421875 110221221200100221221120
0.07421875 102221221200100222221100
0.07421875 102221121110100221221100
0.07421875 102221121100100221221101
0.07421875 101221221120101221221100
0.07421875 101211121100100221221100
0.07421875 100222221100102221221200
0.07421875 100222121100100021221100
0.07421875 100221221200200221221120
0.07421875 100221221200110221221120
0.07421875 100221221200102211221100
0.07421875 100221221120100222221120
0.07421875 100221221120100221220120
0.07421875 100221221100110121221200
0.07421875 100221221100102221121110
0.07421875 100221211200100221221000
0.07421875 100221211200100201221100
0.07421875 100221211120100221201100
0.07421875 100221211101100221222100
0.07421875 100221211101100021221100
0.07421875 100221211000100221221120
0.07421875 100221211000100201221100
0.07421875 100221121120100221221000
0.07421875 100221121110100121221100
0.07421875 100221121100100221221201
0.07421875 100221121100100221121200
0.07421875 100221121100100221120100
0.07421875 100221121100100021221101
0.07421875 100221021200100211221100
0.07421875 100221021100100021221200
0.07421875 100220222100100222221100
0.07421875 100220222100100220221100
0.07421875 100220211100100221222100
0.07421875 100220120100100221221100
0.07421875 100211221100102222221100
0.07421875 100211221100101221221200
0.07421875 100211211100100221211100
0.07421875 100211211100100221201100
0.07421875 100211121100200221221100
0.07421875 100211121100100221221110
0.07421875 100211120100100221221100
0.07421875 100201211100100221222100
0.07421875 100201121100100221221120
0.07421875 100201021100100211221100
0.07421875 100121221200100221222100
0.07421875 100121221120100221201100
0.07421875 100121221100100121221200
0.07421875 100121221100100121201100
0.07421875 100121221100000121221100
0.07421875 100121211200100221221100
0.07421875 100121121100100221021100
0.07421875 100121021100100221021100
0.07421875 100121021100000221221100
0.07421875 100021221100202221221100
0.07421875 100021211100100221220100
0.07421875 100021211100100121221100
0.07421875 100021201200100221221100
0.07421875 100021121100000221221100
0.07421875 100021021100100221121100
0.07421875 100020021100100221221100
0.07421875 000221221200000221221100
0.07421875 000221221100200121221100
0.07421875 000221211100100221221200
0.07421875 000221211100100121221100
0.07421875 000211221100100221221200
0.07324219 202221221200100221221100
0.07324219 202221221100200221221100
0.07324219 202221221100100121221100
0.07324219 202221211100100221221100
0.07324219 200221221200200221221100
0.07324219 200221221100120221221000
0.07324219 200221220100100221221101
0.07324219 200221201100100201221100
0.07324219 200221201100000221221100
0.07324219 200121221100102221221100
0.07324219 200121221100100221021100
0.07324219 120221221200100221221200
0.07324219 120221220100100221121100
0.07324219 102221221200102221221100
0.07324219 102221221120100221221120
0.07324219 101221221100000121221100
0.07324219 100222221100100222222100
0.07324219 100222220100100221220100
0.07324219 100222211100100221222100
0.07324219 100221222120100201221100
0.07324219 100221221200102222221100
0.07324219 100221221200102221221110
0.07324219 100221221200100221211120
0.07324219 100221221100100121021200
0.07324219 100221211101100221221200
0.07324219 100221211101100221121100
0.07324219 100221211100100221211200
0.07324219 100221211100100221211000
0.07324219 100221211100100211201100
0.07324219 100221211100100201201100
0.07324219 100221201200100220221100
0.07324219 100221201120100222221100
0.07324219 100221201101100121221100
0.07324219 100221201000100211221100
0.07324219 100221122120100221221100
0.07324219 100221121200100221121100
0.07324219 100221121120100221121100
0.07324219 100221121110100221221200
0.07324219 100221121100100221122100
0.07324219 100221121100100201221101
0.07324219 100221121000100221221101
0.07324219 100221121000100221121100
0.07324219 100221022100100221220100
0.07324219 100221022100100021221100
0.07324219 100221021100100121221120
0.07324219 100220222100100201221100
0.07324219 100220121100100221221200
0.07324219 100211222100100222221100
0.07324219 100211221100101221221000
0.07324219 100211221100000221221200
0.07324219 100211021100100121221100
0.07324219 100201221100102201221100
0.07324219 100201221100100121221200
0.07324219 100201221100000221221200
0.07324219 100201221000100221221120
0.07324219 100201121100101221221100
0.07324219 100201121100100221121100
0.07324219 100201121100100021221100
0.07324219 100201120100100221221100
0.07324219 100201021100100221221120
0.07324219 100201021100100220221100
0.07324219 100121221200100221211100
0.07324219 100121221200100221121100
0.07324219 100121221120100222221100
0.07324219 100121221100110121221100
0.07324219 100121221100100222220100
0.07324219 100121221100100121221120
0.07324219 100121221100100021211100
0.07324219 100121121100100221201100
0.07324219 100021221100110121221100
0.07324219 100021221100100222222100
0.07324219 100021221100100121021100
0.07324219 100021221100000121221100
0.07324219 100021221100000021221100
0.07324219 100021221000100201221100
0.07324219 100021211100100221222100
0.07324219 100020221100100121221100
0.07324219 000221211200100221221100
0.07324219 000221211100100221221000
0.07324219 000201221100100220221100
0.07324219 000121221200100221221100
0.07324219 000121221120100221221100
0.07324219 000121221100101221221100
0.07226562 202221221100000221221100
0.07226562 200221222120100221221100
0.07226562 200221222100100221121100
0.07226562 200221221100120121221100
0.07226562 200221212100100221221100
0.07226562 200221211100102221221100
0.07226562 200221201100100221221102
0.07226562 200221201100100221221000
0.07226562 120221222100100021221100
0.07226562 120221220100100121221100
0.07226562 120221201120100221221100
0.07226562 110121221100100121221100
0.07226562 102221221200100221221200
0.07226562 102221221200100201221100
0.07226562 101221121100100121221100
0.07226562 100222211100100221220100
0.07226562 100221222120100221211100
0.07226562 100221222100100211211100
0.07226562 100221221202100221221120
0.07226562 100221221200100221221202
0.07226562 100221221200100221211000
0.07226562 100221221120100221222120
0.07226562 100221221100100220222101
0.07226562 100221221100100121221202
0.07226562 100221220100100221201000
0.07226562 100221211200100221221110
0.07226562 100221211120100201221100
0.07226562 100221211102100221222100
0.07226562 100221211100100221201000
0.07226562 100221211000100211221100
0.07226562 100221201120100220221100
0.07226562 100221201100100121221200
0.07226562 100221121120100221221200
0.07226562 100221121100100021121100
0.07226562 100221120100100221221101
0.07226562 100221021110100221221200
0.07226562 100221021100100201221101
0.07226562 100221021100100121221000
0.07226562 100221020100100121221100
0.07226562 100211221100102221221000
0.07226562 100211211100100221220100
0.07226562 100211021100101221221100
0.07226562 100201121100120221221100
0.07226562 100121221200100221220100
0.07226562 100121201100100221201100
0.07226562 100121021100101221221100
0.07226562 100121021100100221201100
0.07226562 100121021000100221221100
0.07226562 100021221100000221201100
0.07226562 100021121200100221221100
0.07226562 000221221200100201221100
0.07226562 000221211000100221221100
0.07128906 200221222100100221221102
0.07128906 200221221100100221121110
0.07128906 200221221100100221121000
0.07128906 200221211100100201221100
0.07128906 200221202100100221221100
0.07128906 200221201100100121221100
0.07128906 200121221100100221221101
0.07128906 120221220100100211221100
0.07128906 120121221100100121221100
0.07128906 110121221110100221221100
0.07128906 102221221120100221221200
0.07128906 101222221100100121221100
0.07128906 101211221100101221221100
0.07128906 100222221200100221221200
0.07128906 100222221120100221221120
0.07128906 100222201100100221220100
0.07128906 100222201100100221201100
0.07128906 100222121100100221221000
0.07128906 100221221200100222222100
0.07128906 100221221200100220222100
0.07128906 100221221100200121221200
0.07128906 100221201200100221221200
0.07128906 100221201200100221221110
0.07128906 100221121120110221221100
0.07128906 100221121120100221221120
0.07128906 100221121100100221121110
0.07128906 100221121100100121021100
0.07128906 100221021100100220221101
0.07128906 100220222100100211221100
0.07128906 100220221100100220222100
0.07128906 100220211100100220221100
0.07128906 100211221100102221221200
0.07128906 100211211100100222221100
0.07128906 100211211100100221221120
0.07128906 100201221101100121221100
0.07128906 100201221100102221221200
0.07128906 100201121100102221221100
0.07128906 100121221110100121221100
0.07128906 100121221100200221201100
0.07128906 100121221100200121221100
0.07128906 100121221100100121211100
0.07128906 100121211100100221201100
0.07128906 100121201100100121221100
0.07128906 100021221100120121221100
0.07128906 100021221100002221221100
0.07128906 100021211000100221221100
0.07128906 100021021100120221221100
0.07128906 100021021100000221221100
0.07128906 000221222120100221221100
0.07128906 000211211100100221221100
0.0703125 200221221200100221221000
0.0703125 200221221100200221221200
0.0703125 200221221100100121221000
0.0703125 200211221100120221221100
0.0703125 200121221100100021221100
0.0703125 200021221100200221221100
0.0703125 120221221100120221221000
0.0703125 120211211100100221221100
0.0703125 100221221200100222221200
0.0703125 100221221200100221121200
0.0703125 100221221200100221021200
0.0703125 100221221200000201221100
0.0703125 100221211120100220221100
0.0703125 100221211100102221221200
0.0703125 100221211100101221221200
0.0703125 100221211100100222222100
0.0703125 100221122100100221121100
0.0703125 100221121110110221221100
0.0703125 100221121110100221121100
0.0703125 100221121100110221121100
0.0703125 100221121100100221222101
0.0703125 100221121100100121221120
0.0703125 100221111110100221221100
0.0703125 100211221101100121221100
0.0703125 100211121100100221221000
0.0703125 100211021100100221221101
0.0703125 100211021100100221221000
0.0703125 100201211100100221221120
0.0703125 100121221120101221221100
0.0703125 100121221101100121221100
0.0703125 100121211100100121221100
0.0703125 100121021100100221220100
0.0703125 100021221100200221222100
0.0703125 100021211100100221211100
0.0703125 100021201100100121221100
0.0703125 000221221200100211221100
0.0703125 000221221120100221221200
0.0703125 000221211120100221221100
0.0703125 000021221100100121221100
0.06933594 200221220100100121221100
0.06933594 200221211100100221221200
0.06933594 200221201100100211221100
0.06933594 200121221100101221221100
0.06933594 200121211100100221221100
0.06933594 200021211100100221221100
0.06933594 120221222100100221221102
0.06933594 120221211100100221221200
0.06933594 120221201110100221221100
0.06933594 100222121100100121221100
0.06933594 100221222120100221221120
0.06933594 100221221201100221121100
0.06933594 100221221200200221221200
0.06933594 100221221200100220121100
0.06933594 100221221120110221221120
0.06933594 100221211100100221201200
0.06933594 100221211000100221221110
0.06933594 100221121200100221221000
0.06933594 100221121110100221221000
0.06933594 100221121100100121221200
0.06933594 100221121100100121121100
0.06933594 100221021120100221221200
0.06933594 100221021120100221221120
0.06933594 100221021120100221221000
0.06933594 100221020100100221220100
0.06933594 100211211100100220221100
0.06933594 100211021100100220221100
0.06933594 100201211100100221221200
0.06933594 100121121100100221121100
0.06933594 100021121100200221221100
0.06933594 100021121100100221221101
0.06933594 100021021100100021221100
0.06933594 100020121100100221221100
0.06933594 000201221100100221221000
0.06835938 200211211100100221221100
0.06835938 120221221100120221221200
0.06835938 100222222100100211221100
0.06835938 100221211101100121221100
0.06835938 100221211100100211222100
0.06835938 100221211100100201222100
0.06835938 100221121100100221121000
0.06835938 100221121100100121221101
0.06835938 100221021200100221221120
0.06835938 100220122100100221221100
0.06835938 100211121100100221121100
0.06835938 100211121100100121221100
0.06835938 100211021100100221221200
0.06835938 100201211101100221221100
0.06835938 100121221200100221201100
0.06835938 100121021100100021221100
0.06835938 100021221200100222221100
0.06835938 100021221100200221201100
0.06738281 200221221100200121221100
0.06738281 200121221120100221221100
0.06738281 200021221100100121221100
0.06738281 100221222120100222221100
0.06738281 100221221200100221222120
0.06738281 100221221120100221221202
0.06738281 100221211120100221221000
0.06738281 100221121100100211121100
0.06738281 100221021110100221221000
0.06738281 100220121100100221221000
0.06738281 100220121100100121221100
0.06738281 100211211100100221221200
0.06738281 100211121100100221221101
0.06738281 100121221100100121121100
0.06738281 100121021200100221221100
0.06738281 100120121100100221221100
0.06640625 200221221200100221221120
0.06640625 200221221100200221221000
0.06640625 200221201100100221221200
0.06640625 100221221200102221221200
0.06640625 100221211120100222221100
0.06640625 100221211100101211221100
0.06640625 100221201120100221221120
0.06640625 100221021200100221221000
0.06640625 100221021100100211121100
0.06640625 100201121100100121221100
0.06640625 100121221100101221211100
0.06640625 100121121200100221221100
0.06640625 100022221100100121221100
0.06640625 100021221100200121221100
0.06640625 100021121100100221121100
0.06640625 000221221200100221221120
0.06640625 000221221120100221221120
0.06640625 000221201000100221221100
0.06542969 200221221200120221221100
0.06542969 200221201000100221221100
0.06542969 120222222100100221221100
0.06542969 120221201100100221221200
0.06542969 102221221200100221221120
0.06542969 100221221200000221221200
0.06542969 100221221100100122221200
0.06542969 100221221100000121221200
0.06542969 100221211100100211211100
0.06542969 100221211100100121221200
0.06542969 100220221100100121221200
0.06542969 100021211100100221201100
0.06542969 100021121100100121221100
0.06542969 000221221200100221221200
0.06445312 200221221200100221221200
0.06445312 120222220100100221221100
0.06445312 100222221100100121221200
0.06445312 100221211200100221221120
0.06445312 100221121200100221221120
0.06445312 100221021100100211221101
0.06445312 000221201200100221221100
0.06347656 200221211100100211221100
0.06347656 200221201200100221221100
0.06347656 100221211120100221221120
0.06347656 100221121100100211221101
0.06347656 100121221100100121221102
0.06347656 100021221100100122221100
0.06347656 100021021100100121221100
0.0625 200121221200100221221100
0.0625 100221211200100221221200
0.0625 100221021200100221221200
0.0625 100121221200100222221100
0.0625 100121221100100122221100
0.0625 100121221100100121021100
0.0625 000221221100100121221200
0.06152344 100221211120100221221200
0.06152344 100221201200100221221120
0.06152344 100221121200100221221200
0.06152344 100121221100100121221101
0.06054688 200221221100100121221200
0.06054688 100221021100100121221200
0.06054688 100211211101100221221100
0.06054688 100120221100100121221100
0.05957031 200221211100100221221000
0.05957031 100221221120000221221120
0.05957031 000121221100100121221100
0.05664062 100122221100100121221100
0.05664062 100121121100100121221100
0.0546875 100121021100100121221100
0.05078125 200121221100100121221100
