2744 7644
0.095 0.055 0.063 0.0 0.0 0.0 0.026
0.0 0.055 0.063 0.0 0.0 0.0 0.026
0.0 0.055 0.063 0.0 0.0 0.0 0.026
0.0 0.055 0.063 0.0 0.0 0.0 0.026
0.0 0.055 0.063 0.0 0.0 0.0 0.026
0.0 0.055 0.063 0.0 0.0 0.0 0.026
0.0 0.055 0.063 0.0 0.0 0.0 0.026
0.0 0.055 0.063 0.0 0.0 0.0 0.026
0.0 0.055 0.063 0.0 0.0 0.0 0.026
0.0 0.055 0.063 0.0 0.0 0.0 0.026
0.0 0.055 0.063 0.0 0.0 0.0 0.026
0.0 0.055 0.063 0.0 0.0 0.0 0.026
0.0 0.055 0.063 0.0 0.0 0.0 0.026
0.095 0.055 0.063 0.0 0.0 0.0 0.026
0.095 0.0 0.063 0.0 0.0 0.0 0.026
0.0 0.0 0.063 0.0 0.0 0.0 0.026
0.0 0.0 0.063 0.0 0.0 0.0 0.026
0.0 0.0 0.063 0.0 0.0 0.0 0.026
0.0 0.0 0.063 0.0 0.0 0.0 0.026
0.0 0.0 0.063 0.0 0.0 0.0 0.026
0.0 0.0 0.063 0.0 0.0 0.0 0.026
0.0 0.0 0.063 0.0 0.0 0.0 0.026
0.0 0.0 0.063 0.0 0.0 0.0 0.026
0.0 0.0 0.063 0.0 0.0 0.0 0.026
0.0 0.0 0.063 0.0 0.0 0.0 0.026
0.0 0.0 0.063 0.0 0.0 0.0 0.026
0.0 0.0 0.063 0.0 0.0 0.0 0.026
0.095 0.0 0.063 0.0 0.0 0.0 0.026
0.095 0.0 0.063 0.0 0.0 0.0 0.026
0.0 0.0 0.063 0.0 0.0 0.0 0.026
0.0 0.0 0.063 0.0 0.0 0.0 0.026
0.0 0.0 0.063 0.0 0.0 0.0 0.026
0.0 0.0 0.063 0.0 0.0 0.0 0.026
0.0 0.0 0.063 0.0 0.0 0.0 0.026
0.0 0.0 0.063 0.0 0.0 0.0 0.026
0.0 0.0 0.063 0.0 0.0 0.0 0.026
0.0 0.0 0.063 0.0 0.0 0.0 0.026
0.0 0.0 0.063 0.0 0.0 0.0 0.026
0.0 0.0 0.063 0.0 0.0 0.0 0.026
0.0 0.0 0.063 0.0 0.0 0.0 0.026
0.0 0.0 0.063 0.0 0.0 0.0 0.026
0.095 0.0 0.063 0.0 0.0 0.0 0.026
0.095 0.0 0.063 0.0 0.0 0.0 0.026
0.0 0.0 0.063 0.0 0.0 0.0 0.026
0.0 0.0 0.063 0.0 0.0 0.0 0.026
0.0 0.0 0.063 0.0 0.0 0.0 0.026
0.0 0.0 0.063 0.0 0.0 0.0 0.026
0.0 0.0 0.063 0.0 0.0 0.0 0.026
0.0 0.0 0.063 0.0 0.0 0.0 0.026
0.0 0.0 0.063 0.0 0.0 0.0 0.026
0.0 0.0 0.063 0.0 0.0 0.0 0.026
0.0 0.0 0.063 0.0 0.0 0.0 0.026
0.0 0.0 0.063 0.0 0.0 0.0 0.026
0.0 0.0 0.063 0.0 0.0 0.0 0.026
0.0 0.0 0.063 0.0 0.0 0.0 0.026
0.095 0.0 0.063 0.0 0.0 0.0 0.026
0.095 0.0 0.063 0.0 0.0 0.0 0.026
0.0 0.0 0.063 0.0 0.0 0.0 0.026
0.0 0.0 0.063 0.0 0.0 0.0 0.026
0.0 0.0 0.063 0.0 0.0 0.0 0.026
0.0 0.0 0.063 0.0 0.0 0.0 0.026
0.0 0.0 0.063 0.0 0.0 0.0 0.026
0.0 0.0 0.063 0.0 0.0 0.0 0.026
0.0 0.0 0.063 0.0 0.0 0.0 0.026
0.0 0.0 0.063 0.0 0.0 0.0 0.026
0.0 0.0 0.063 0.0 0.0 0.0 0.026
0.0 0.0 0.063 0.0 0.0 0.0 0.026
0.0 0.0 0.063 0.0 0.0 0.0 0.026
0.0 0.0 0.063 0.0 0.0 0.0 0.026
0.095 0.0 0.063 0.0 0.0 0.0 0.026
0.095 0.0 0.063 0.0 0.0 0.0 0.026
0.0 0.0 0.063 0.0 0.0 0.0 0.026
0.0 0.0 0.063 0.0 0.0 0.0 0.026
0.0 0.0 0.063 0.0 0.0 0.0 0.026
0.0 0.0 0.063 0.0 0.0 0.0 0.026
0.0 0.0 0.063 0.0 0.0 0.0 0.026
0.0 0.0 0.063 0.0 0.0 0.0 0.026
0.0 0.0 0.063 0.0 0.0 0.0 0.026
0.0 0.0 0.063 0.0 0.0 0.0 0.026
0.0 0.0 0.063 0.0 0.0 0.0 0.026
0.0 0.0 0.063 0.0 0.0 0.0 0.026
0.0 0.0 0.063 0.0 0.0 0.0 0.026
0.0 0.0 0.063 0.0 0.0 0.0 0.026
0.095 0.0 0.063 0.0 0.0 0.0 0.026
0.095 0.0 0.063 0.0 0.0 0.0 0.026
0.0 0.0 0.063 0.0 0.0 0.0 0.026
0.0 0.0 0.063 0.0 0.0 0.0 0.026
0.0 0.0 0.063 0.0 0.0 0.0 0.026
0.0 0.0 0.063 0.0 0.0 0.0 0.026
0.0 0.0 0.063 0.0 0.0 0.0 0.026
0.0 0.0 0.063 0.0 0.0 0.0 0.026
0.0 0.0 0.063 0.0 0.0 0.0 0.026
0.0 0.0 0.063 0.0 0.0 0.0 0.026
0.0 0.0 0.063 0.0 0.0 0.0 0.026
0.0 0.0 0.063 0.0 0.0 0.0 0.026
0.0 0.0 0.063 0.0 0.0 0.0 0.026
0.0 0.0 0.063 0.0 0.0 0.0 0.026
0.095 0.0 0.063 0.0 0.0 0.0 0.026
0.095 0.0 0.063 0.0 0.0 0.0 0.026
0.0 0.0 0.063 0.0 0.0 0.0 0.026
0.0 0.0 0.063 0.0 0.0 0.0 0.026
0.0 0.0 0.063 0.0 0.0 0.0 0.026
0.0 0.0 0.063 0.0 0.0 0.0 0.026
0.0 0.0 0.063 0.0 0.0 0.0 0.026
0.0 0.0 0.063 0.0 0.0 0.0 0.026
0.0 0.0 0.063 0.0 0.0 0.0 0.026
0.0 0.0 0.063 0.0 0.0 0.0 0.026
0.0 0.0 0.063 0.0 0.0 0.0 0.026
0.0 0.0 0.063 0.0 0.0 0.0 0.026
0.0 0.0 0.063 0.0 0.0 0.0 0.026
0.0 0.0 0.063 0.0 0.0 0.0 0.026
0.095 0.0 0.063 0.0 0.0 0.0 0.026
0.095 0.0 0.063 0.0 0.0 0.0 0.026
0.0 0.0 0.063 0.0 0.0 0.0 0.026
0.0 0.0 0.063 0.0 0.0 0.0 0.026
0.0 0.0 0.063 0.0 0.0 0.0 0.026
0.0 0.0 0.063 0.0 0.0 0.0 0.026
0.0 0.0 0.063 0.0 0.0 0.0 0.026
0.0 0.0 0.063 0.0 0.0 0.0 0.026
0.0 0.0 0.063 0.0 0.0 0.0 0.026
0.0 0.0 0.063 0.0 0.0 0.0 0.026
0.0 0.0 0.063 0.0 0.0 0.0 0.026
0.0 0.0 0.063 0.0 0.0 0.0 0.026
0.0 0.0 0.063 0.0 0.0 0.0 0.026
0.0 0.0 0.063 0.0 0.0 0.0 0.026
0.095 0.0 0.063 0.0 0.0 0.0 0.026
0.095 0.0 0.063 0.0 0.0 0.0 0.026
0.0 0.0 0.063 0.0 0.0 0.0 0.026
0.0 0.0 0.063 0.0 0.0 0.0 0.026
0.0 0.0 0.063 0.0 0.0 0.0 0.026
0.0 0.0 0.063 0.0 0.0 0.0 0.026
0.0 0.0 0.063 0.0 0.0 0.0 0.026
0.0 0.0 0.063 0.0 0.0 0.0 0.026
0.0 0.0 0.063 0.0 0.0 0.0 0.026
0.0 0.0 0.063 0.0 0.0 0.0 0.026
0.0 0.0 0.063 0.0 0.0 0.0 0.026
0.0 0.0 0.063 0.0 0.0 0.0 0.026
0.0 0.0 0.063 0.0 0.0 0.0 0.026
0.0 0.0 0.063 0.0 0.0 0.0 0.026
0.095 0.0 0.063 0.0 0.0 0.0 0.026
0.095 0.0 0.063 0.0 0.0 0.0 0.026
0.0 0.0 0.063 0.0 0.0 0.0 0.026
0.0 0.0 0.063 0.0 0.0 0.0 0.026
0.0 0.0 0.063 0.0 0.0 0.0 0.026
0.0 0.0 0.063 0.0 0.0 0.0 0.026
0.0 0.0 0.063 0.0 0.0 0.0 0.026
0.0 0.0 0.063 0.0 0.0 0.0 0.026
0.0 0.0 0.063 0.0 0.0 0.0 0.026
0.0 0.0 0.063 0.0 0.0 0.0 0.026
0.0 0.0 0.063 0.0 0.0 0.0 0.026
0.0 0.0 0.063 0.0 0.0 0.0 0.026
0.0 0.0 0.063 0.0 0.0 0.0 0.026
0.0 0.0 0.063 0.0 0.0 0.0 0.026
0.095 0.0 0.063 0.0 0.0 0.0 0.026
0.095 0.0 0.063 0.0 0.0 0.0 0.026
0.0 0.0 0.063 0.0 0.0 0.0 0.026
0.0 0.0 0.063 0.0 0.0 0.0 0.026
0.0 0.0 0.063 0.0 0.0 0.0 0.026
0.0 0.0 0.063 0.0 0.0 0.0 0.026
0.0 0.0 0.063 0.0 0.0 0.0 0.026
0.0 0.0 0.063 0.0 0.0 0.0 0.026
0.0 0.0 0.063 0.0 0.0 0.0 0.026
0.0 0.0 0.063 0.0 0.0 0.0 0.026
0.0 0.0 0.063 0.0 0.0 0.0 0.026
0.0 0.0 0.063 0.0 0.0 0.0 0.026
0.0 0.0 0.063 0.0 0.0 0.0 0.026
0.0 0.0 0.063 0.0 0.0 0.0 0.026
0.095 0.0 0.063 0.0 0.0 0.0 0.026
0.095 0.0 0.063 0.0 0.0 0.0 0.026
0.0 0.0 0.063 0.0 0.0 0.0 0.026
0.0 0.0 0.063 0.0 0.0 0.0 0.026
0.0 0.0 0.063 0.0 0.0 0.0 0.026
0.0 0.0 0.063 0.0 0.0 0.0 0.026
0.0 0.0 0.063 0.0 0.0 0.0 0.026
0.0 0.0 0.063 0.0 0.0 0.0 0.026
0.0 0.0 0.063 0.0 0.0 0.0 0.026
0.0 0.0 0.063 0.0 0.0 0.0 0.026
0.0 0.0 0.063 0.0 0.0 0.0 0.026
0.0 0.0 0.063 0.0 0.0 0.0 0.026
0.0 0.0 0.063 0.0 0.0 0.0 0.026
0.0 0.0 0.063 0.0 0.0 0.0 0.026
0.095 0.0 0.063 0.0 0.0 0.0 0.026
0.095 0.055 0.063 0.0 0.0 0.0 0.026
0.0 0.055 0.063 0.0 0.0 0.0 0.026
0.0 0.055 0.063 0.0 0.0 0.0 0.026
0.0 0.055 0.063 0.0 0.0 0.0 0.026
0.0 0.055 0.063 0.0 0.0 0.0 0.026
0.0 0.055 0.063 0.0 0.0 0.0 0.026
0.0 0.055 0.063 0.0 0.0 0.0 0.026
0.0 0.055 0.063 0.0 0.0 0.0 0.026
0.0 0.055 0.063 0.0 0.0 0.0 0.026
0.0 0.055 0.063 0.0 0.0 0.0 0.026
0.0 0.055 0.063 0.0 0.0 0.0 0.026
0.0 0.055 0.063 0.0 0.0 0.0 0.026
0.0 0.055 0.063 0.0 0.0 0.0 0.026
0.095 0.055 0.063 0.0 0.0 0.0 0.026
0.095 0.055 0.008 0.0 0.0 0.0 0.026
0.0 0.055 0.008 0.0 0.0 0.0 0.026
0.0 0.055 0.008 0.0 0.0 0.0 0.026
0.0 0.055 0.008 0.0 0.0 0.0 0.026
0.0 0.055 0.008 0.0 0.0 0.0 0.026
0.0 0.055 0.008 0.0 0.0 0.0 0.026
0.0 0.055 0.008 0.0 0.0 0.0 0.026
0.0 0.055 0.008 0.0 0.0 0.0 0.026
0.0 0.055 0.008 0.0 0.0 0.0 0.026
0.0 0.055 0.008 0.0 0.0 0.0 0.026
0.0 0.055 0.008 0.0 0.0 0.0 0.026
0.0 0.055 0.008 0.0 0.0 0.0 0.026
0.0 0.055 0.008 0.0 0.0 0.0 0.026
0.095 0.055 0.008 0.0 0.0 0.0 0.026
0.095 0.0 0.008 0.0 0.0 0.0 0.026
0.0 0.0 0.008 0.0 0.0 0.0 0.026
0.0 0.0 0.008 0.0 0.0 0.0 0.026
0.0 0.0 0.008 0.0 0.0 0.0 0.026
0.0 0.0 0.008 0.0 0.0 0.0 0.026
0.0 0.0 0.008 0.0 0.0 0.0 0.026
0.0 0.0 0.008 0.0 0.0 0.0 0.026
0.0 0.0 0.008 0.0 0.0 0.0 0.026
0.0 0.0 0.008 0.0 0.0 0.0 0.026
0.0 0.0 0.008 0.0 0.0 0.0 0.026
0.0 0.0 0.008 0.0 0.0 0.0 0.026
0.0 0.0 0.008 0.0 0.0 0.0 0.026
0.0 0.0 0.008 0.0 0.0 0.0 0.026
0.095 0.0 0.008 0.0 0.0 0.0 0.026
0.095 0.0 0.008 0.0 0.0 0.0 0.026
0.0 0.0 0.008 0.0 0.0 0.0 0.026
0.0 0.0 0.008 0.0 0.0 0.0 0.026
0.0 0.0 0.008 0.0 0.0 0.0 0.026
0.0 0.0 0.008 0.0 0.0 0.0 0.026
0.0 0.0 0.008 0.0 0.0 0.0 0.026
0.0 0.0 0.008 0.0 0.0 0.0 0.026
0.0 0.0 0.008 0.0 0.0 0.0 0.026
0.0 0.0 0.008 0.0 0.0 0.0 0.026
0.0 0.0 0.008 0.0 0.0 0.0 0.026
0.0 0.0 0.008 0.0 0.0 0.0 0.026
0.0 0.0 0.008 0.0 0.0 0.0 0.026
0.0 0.0 0.008 0.0 0.0 0.0 0.026
0.095 0.0 0.008 0.0 0.0 0.0 0.026
0.095 0.0 0.008 0.0 0.0 0.0 0.026
0.0 0.0 0.008 0.0 0.0 0.0 0.026
0.0 0.0 0.008 0.0 0.0 0.0 0.026
0.0 0.0 0.008 0.0 0.0 0.0 0.026
0.0 0.0 0.008 0.0 0.0 0.0 0.026
0.0 0.0 0.008 0.0 0.0 0.0 0.026
0.0 0.0 0.008 0.0 0.0 0.0 0.026
0.0 0.0 0.008 0.0 0.0 0.0 0.026
0.0 0.0 0.008 0.0 0.0 0.0 0.026
0.0 0.0 0.008 0.0 0.0 0.0 0.026
0.0 0.0 0.008 0.0 0.0 0.0 0.026
0.0 0.0 0.008 0.0 0.0 0.0 0.026
0.0 0.0 0.008 0.0 0.0 0.0 0.026
0.095 0.0 0.008 0.0 0.0 0.0 0.026
0.095 0.0 0.008 0.0 0.0 0.0 0.026
0.0 0.0 0.008 0.0 0.0 0.0 0.026
0.0 0.0 0.008 0.0 0.0 0.0 0.026
0.0 0.0 0.008 0.0 0.0 0.0 0.026
0.0 0.0 0.008 0.0 0.0 0.0 0.026
0.0 0.0 0.008 0.0 0.0 0.0 0.026
0.0 0.0 0.008 0.0 0.0 0.0 0.026
0.0 0.0 0.008 0.0 0.0 0.0 0.026
0.0 0.0 0.008 0.0 0.0 0.0 0.026
0.0 0.0 0.008 0.0 0.0 0.0 0.026
0.0 0.0 0.008 0.0 0.0 0.0 0.026
0.0 0.0 0.008 0.0 0.0 0.0 0.026
0.0 0.0 0.008 0.0 0.0 0.0 0.026
0.095 0.0 0.008 0.0 0.0 0.0 0.026
0.095 0.0 0.008 0.0 0.0 0.0 0.026
0.0 0.0 0.008 0.0 0.0 0.0 0.026
0.0 0.0 0.008 0.0 0.0 0.0 0.026
0.0 0.0 0.008 0.0 0.0 0.0 0.026
0.0 0.0 0.008 0.0 0.0 0.0 0.026
0.0 0.0 0.008 0.0 0.0 0.0 0.026
0.0 0.0 0.008 0.0 0.0 0.0 0.026
0.0 0.0 0.008 0.0 0.0 0.0 0.026
0.0 0.0 0.008 0.0 0.0 0.0 0.026
0.0 0.0 0.008 0.0 0.0 0.0 0.026
0.0 0.0 0.008 0.0 0.0 0.0 0.026
0.0 0.0 0.008 0.0 0.0 0.0 0.026
0.0 0.0 0.008 0.0 0.0 0.0 0.026
0.095 0.0 0.008 0.0 0.0 0.0 0.026
0.095 0.0 0.008 0.0 0.0 0.0 0.026
0.0 0.0 0.008 0.0 0.0 0.0 0.026
0.0 0.0 0.008 0.0 0.0 0.0 0.026
0.0 0.0 0.008 0.0 0.0 0.0 0.026
0.0 0.0 0.008 0.0 0.0 0.0 0.026
0.0 0.0 0.008 0.0 0.0 0.0 0.026
0.0 0.0 0.008 0.0 0.0 0.0 0.026
0.0 0.0 0.008 0.0 0.0 0.0 0.026
0.0 0.0 0.008 0.0 0.0 0.0 0.026
0.0 0.0 0.008 0.0 0.0 0.0 0.026
0.0 0.0 0.008 0.0 0.0 0.0 0.026
0.0 0.0 0.008 0.0 0.0 0.0 0.026
0.0 0.0 0.008 0.0 0.0 0.0 0.026
0.095 0.0 0.008 0.0 0.0 0.0 0.026
0.095 0.0 0.008 0.0 0.0 0.0 0.026
0.0 0.0 0.008 0.0 0.0 0.0 0.026
0.0 0.0 0.008 0.0 0.0 0.0 0.026
0.0 0.0 0.008 0.0 0.0 0.0 0.026
0.0 0.0 0.008 0.0 0.0 0.0 0.026
0.0 0.0 0.008 0.0 0.0 0.0 0.026
0.0 0.0 0.008 0.0 0.0 0.0 0.026
0.0 0.0 0.008 0.0 0.0 0.0 0.026
0.0 0.0 0.008 0.0 0.0 0.0 0.026
0.0 0.0 0.008 0.0 0.0 0.0 0.026
0.0 0.0 0.008 0.0 0.0 0.0 0.026
0.0 0.0 0.008 0.0 0.0 0.0 0.026
0.0 0.0 0.008 0.0 0.0 0.0 0.026
0.095 0.0 0.008 0.0 0.0 0.0 0.026
0.095 0.0 0.008 0.0 0.0 0.0 0.026
0.0 0.0 0.008 0.0 0.0 0.0 0.026
0.0 0.0 0.008 0.0 0.0 0.0 0.026
0.0 0.0 0.008 0.0 0.0 0.0 0.026
0.0 0.0 0.008 0.0 0.0 0.0 0.026
0.0 0.0 0.008 0.0 0.0 0.0 0.026
0.0 0.0 0.008 0.0 0.0 0.0 0.026
0.0 0.0 0.008 0.0 0.0 0.0 0.026
0.0 0.0 0.008 0.0 0.0 0.0 0.026
0.0 0.0 0.008 0.0 0.0 0.0 0.026
0.0 0.0 0.008 0.0 0.0 0.0 0.026
0.0 0.0 0.008 0.0 0.0 0.0 0.026
0.0 0.0 0.008 0.0 0.0 0.0 0.026
0.095 0.0 0.008 0.0 0.0 0.0 0.026
0.095 0.0 0.008 0.0 0.0 0.0 0.026
0.0 0.0 0.008 0.0 0.0 0.0 0.026
0.0 0.0 0.008 0.0 0.0 0.0 0.026
0.0 0.0 0.008 0.0 0.0 0.0 0.026
0.0 0.0 0.008 0.0 0.0 0.0 0.026
0.0 0.0 0.008 0.0 0.0 0.0 0.026
0.0 0.0 0.008 0.0 0.0 0.0 0.026
0.0 0.0 0.008 0.0 0.0 0.0 0.026
0.0 0.0 0.008 0.0 0.0 0.0 0.026
0.0 0.0 0.008 0.0 0.0 0.0 0.026
0.0 0.0 0.008 0.0 0.0 0.0 0.026
0.0 0.0 0.008 0.0 0.0 0.0 0.026
0.0 0.0 0.008 0.0 0.0 0.0 0.026
0.095 0.0 0.008 0.0 0.0 0.0 0.026
0.095 0.0 0.008 0.0 0.0 0.0 0.026
0.0 0.0 0.008 0.0 0.0 0.0 0.026
0.0 0.0 0.008 0.0 0.0 0.0 0.026
0.0 0.0 0.008 0.0 0.0 0.0 0.026
0.0 0.0 0.008 0.0 0.0 0.0 0.026
0.0 0.0 0.008 0.0 0.0 0.0 0.026
0.0 0.0 0.008 0.0 0.0 0.0 0.026
0.0 0.0 0.008 0.0 0.0 0.0 0.026
0.0 0.0 0.008 0.0 0.0 0.0 0.026
0.0 0.0 0.008 0.0 0.0 0.0 0.026
0.0 0.0 0.008 0.0 0.0 0.0 0.026
0.0 0.0 0.008 0.0 0.0 0.0 0.026
0.0 0.0 0.008 0.0 0.0 0.0 0.026
0.095 0.0 0.008 0.0 0.0 0.0 0.026
0.095 0.0 0.008 0.0 0.0 0.0 0.026
0.0 0.0 0.008 0.0 0.0 0.0 0.026
0.0 0.0 0.008 0.0 0.0 0.0 0.026
0.0 0.0 0.008 0.0 0.0 0.0 0.026
0.0 0.0 0.008 0.0 0.0 0.0 0.026
0.0 0.0 0.008 0.0 0.0 0.0 0.026
0.0 0.0 0.008 0.0 0.0 0.0 0.026
0.0 0.0 0.008 0.0 0.0 0.0 0.026
0.0 0.0 0.008 0.0 0.0 0.0 0.026
0.0 0.0 0.008 0.0 0.0 0.0 0.026
0.0 0.0 0.008 0.0 0.0 0.0 0.026
0.0 0.0 0.008 0.0 0.0 0.0 0.026
0.0 0.0 0.008 0.0 0.0 0.0 0.026
0.095 0.0 0.008 0.0 0.0 0.0 0.026
0.095 0.0 0.008 0.0 0.0 0.0 0.026
0.0 0.0 0.008 0.0 0.0 0.0 0.026
0.0 0.0 0.008 0.0 0.0 0.0 0.026
0.0 0.0 0.008 0.0 0.0 0.0 0.026
0.0 0.0 0.008 0.0 0.0 0.0 0.026
0.0 0.0 0.008 0.0 0.0 0.0 0.026
0.0 0.0 0.008 0.0 0.0 0.0 0.026
0.0 0.0 0.008 0.0 0.0 0.0 0.026
0.0 0.0 0.008 0.0 0.0 0.0 0.026
0.0 0.0 0.008 0.0 0.0 0.0 0.026
0.0 0.0 0.008 0.0 0.0 0.0 0.026
0.0 0.0 0.008 0.0 0.0 0.0 0.026
0.0 0.0 0.008 0.0 0.0 0.0 0.026
0.095 0.0 0.008 0.0 0.0 0.0 0.026
0.095 0.055 0.008 0.0 0.0 0.0 0.026
0.0 0.055 0.008 0.0 0.0 0.0 0.026
0.0 0.055 0.008 0.0 0.0 0.0 0.026
0.0 0.055 0.008 0.0 0.0 0.0 0.026
0.0 0.055 0.008 0.0 0.0 0.0 0.026
0.0 0.055 0.008 0.0 0.0 0.0 0.026
0.0 0.055 0.008 0.0 0.0 0.0 0.026
0.0 0.055 0.008 0.0 0.0 0.0 0.026
0.0 0.055 0.008 0.0 0.0 0.0 0.026
0.0 0.055 0.008 0.0 0.0 0.0 0.026
0.0 0.055 0.008 0.0 0.0 0.0 0.026
0.0 0.055 0.008 0.0 0.0 0.0 0.026
0.0 0.055 0.008 0.0 0.0 0.0 0.026
0.095 0.055 0.008 0.0 0.0 0.0 0.026
0.095 0.055 0.008 0.0 0.0 0.0 0.026
0.0 0.055 0.008 0.0 0.0 0.0 0.026
0.0 0.055 0.008 0.0 0.0 0.0 0.026
0.0 0.055 0.008 0.0 0.0 0.0 0.026
0.0 0.055 0.008 0.0 0.0 0.0 0.026
0.0 0.055 0.008 0.0 0.0 0.0 0.026
0.0 0.055 0.008 0.0 0.0 0.0 0.026
0.0 0.055 0.008 0.0 0.0 0.0 0.026
0.0 0.055 0.008 0.0 0.0 0.0 0.026
0.0 0.055 0.008 0.0 0.0 0.0 0.026
0.0 0.055 0.008 0.0 0.0 0.0 0.026
0.0 0.055 0.008 0.0 0.0 0.0 0.026
0.0 0.055 0.008 0.0 0.0 0.0 0.026
0.095 0.055 0.008 0.0 0.0 0.0 0.026
0.095 0.0 0.008 0.0 0.0 0.0 0.026
0.0 0.0 0.008 0.0 0.0 0.0 0.026
0.0 0.0 0.008 0.0 0.0 0.0 0.026
0.0 0.0 0.008 0.0 0.0 0.0 0.026
0.0 0.0 0.008 0.0 0.0 0.0 0.026
0.0 0.0 0.008 0.0 0.0 0.0 0.026
0.0 0.0 0.008 0.0 0.0 0.0 0.026
0.0 0.0 0.008 0.0 0.0 0.0 0.026
0.0 0.0 0.008 0.0 0.0 0.0 0.026
0.0 0.0 0.008 0.0 0.0 0.0 0.026
0.0 0.0 0.008 0.0 0.0 0.0 0.026
0.0 0.0 0.008 0.0 0.0 0.0 0.026
0.0 0.0 0.008 0.0 0.0 0.0 0.026
0.095 0.0 0.008 0.0 0.0 0.0 0.026
0.095 0.0 0.008 0.0 0.0 0.0 0.026
0.0 0.0 0.008 0.0 0.0 0.0 0.026
0.0 0.0 0.008 0.0 0.0 0.0 0.026
0.0 0.0 0.008 0.0 0.0 0.0 0.026
0.0 0.0 0.008 0.0 0.0 0.0 0.026
0.0 0.0 0.008 0.0 0.0 0.0 0.026
0.0 0.0 0.008 0.0 0.0 0.0 0.026
0.0 0.0 0.008 0.0 0.0 0.0 0.026
0.0 0.0 0.008 0.0 0.0 0.0 0.026
0.0 0.0 0.008 0.0 0.0 0.0 0.026
0.0 0.0 0.008 0.0 0.0 0.0 0.026
0.0 0.0 0.008 0.0 0.0 0.0 0.026
0.0 0.0 0.008 0.0 0.0 0.0 0.026
0.095 0.0 0.008 0.0 0.0 0.0 0.026
0.095 0.0 0.008 0.0 0.0 0.0 0.026
0.0 0.0 0.008 0.0 0.0 0.0 0.026
0.0 0.0 0.008 0.0 0.0 0.0 0.026
0.0 0.0 0.008 0.0 0.0 0.0 0.026
0.0 0.0 0.008 0.0 0.0 0.0 0.026
0.0 0.0 0.008 0.0 0.0 0.0 0.026
0.0 0.0 0.008 0.0 0.0 0.0 0.026
0.0 0.0 0.008 0.0 0.0 0.0 0.026
0.0 0.0 0.008 0.0 0.0 0.0 0.026
0.0 0.0 0.008 0.0 0.0 0.0 0.026
0.0 0.0 0.008 0.0 0.0 0.0 0.026
0.0 0.0 0.008 0.0 0.0 0.0 0.026
0.0 0.0 0.008 0.0 0.0 0.0 0.026
0.095 0.0 0.008 0.0 0.0 0.0 0.026
0.095 0.0 0.008 0.0 0.0 0.0 0.026
0.0 0.0 0.008 0.0 0.0 0.0 0.026
0.0 0.0 0.008 0.0 0.0 0.0 0.026
0.0 0.0 0.008 0.0 0.0 0.0 0.026
0.0 0.0 0.008 0.0 0.0 0.0 0.026
0.0 0.0 0.008 0.0 0.0 0.0 0.026
0.0 0.0 0.008 0.0 0.0 0.0 0.026
0.0 0.0 0.008 0.0 0.0 0.0 0.026
0.0 0.0 0.008 0.0 0.0 0.0 0.026
0.0 0.0 0.008 0.0 0.0 0.0 0.026
0.0 0.0 0.008 0.0 0.0 0.0 0.026
0.0 0.0 0.008 0.0 0.0 0.0 0.026
0.0 0.0 0.008 0.0 0.0 0.0 0.026
0.095 0.0 0.008 0.0 0.0 0.0 0.026
0.095 0.0 0.008 0.0 0.0 0.0 0.026
0.0 0.0 0.008 0.0 0.0 0.0 0.026
0.0 0.0 0.008 0.0 0.0 0.0 0.026
0.0 0.0 0.008 0.0 0.0 0.0 0.026
0.0 0.0 0.008 0.0 0.0 0.0 0.026
0.0 0.0 0.008 0.0 0.0 0.0 0.026
0.0 0.0 0.008 0.0 0.0 0.0 0.026
0.0 0.0 0.008 0.0 0.0 0.0 0.026
0.0 0.0 0.008 0.0 0.0 0.0 0.026
0.0 0.0 0.008 0.0 0.0 0.0 0.026
0.0 0.0 0.008 0.0 0.0 0.0 0.026
0.0 0.0 0.008 0.0 0.0 0.0 0.026
0.0 0.0 0.008 0.0 0.0 0.0 0.026
0.095 0.0 0.008 0.0 0.0 0.0 0.026
0.095 0.0 0.008 0.0 0.0 0.0 0.026
0.0 0.0 0.008 0.0 0.0 0.0 0.026
0.0 0.0 0.008 0.0 0.0 0.0 0.026
0.0 0.0 0.008 0.0 0.0 0.0 0.026
0.0 0.0 0.008 0.0 0.0 0.0 0.026
0.0 0.0 0.008 0.0 0.0 0.0 0.026
0.0 0.0 0.008 0.0 0.0 0.0 0.026
0.0 0.0 0.008 0.0 0.0 0.0 0.026
0.0 0.0 0.008 0.0 0.0 0.0 0.026
0.0 0.0 0.008 0.0 0.0 0.0 0.026
0.0 0.0 0.008 0.0 0.0 0.0 0.026
0.0 0.0 0.008 0.0 0.0 0.0 0.026
0.0 0.0 0.008 0.0 0.0 0.0 0.026
0.095 0.0 0.008 0.0 0.0 0.0 0.026
0.095 0.0 0.008 0.0 0.0 0.0 0.026
0.0 0.0 0.008 0.0 0.0 0.0 0.026
0.0 0.0 0.008 0.0 0.0 0.0 0.026
0.0 0.0 0.008 0.0 0.0 0.0 0.026
0.0 0.0 0.008 0.0 0.0 0.0 0.026
0.0 0.0 0.008 0.0 0.0 0.0 0.026
0.0 0.0 0.008 0.0 0.0 0.0 0.026
0.0 0.0 0.008 0.0 0.0 0.0 0.026
0.0 0.0 0.008 0.0 0.0 0.0 0.026
0.0 0.0 0.008 0.0 0.0 0.0 0.026
0.0 0.0 0.008 0.0 0.0 0.0 0.026
0.0 0.0 0.008 0.0 0.0 0.0 0.026
0.0 0.0 0.008 0.0 0.0 0.0 0.026
0.095 0.0 0.008 0.0 0.0 0.0 0.026
0.095 0.0 0.008 0.0 0.0 0.0 0.026
0.0 0.0 0.008 0.0 0.0 0.0 0.026
0.0 0.0 0.008 0.0 0.0 0.0 0.026
0.0 0.0 0.008 0.0 0.0 0.0 0.026
0.0 0.0 0.008 0.0 0.0 0.0 0.026
0.0 0.0 0.008 0.0 0.0 0.0 0.026
0.0 0.0 0.008 0.0 0.0 0.0 0.026
0.0 0.0 0.008 0.0 0.0 0.0 0.026
0.0 0.0 0.008 0.0 0.0 0.0 0.026
0.0 0.0 0.008 0.0 0.0 0.0 0.026
0.0 0.0 0.008 0.0 0.0 0.0 0.026
0.0 0.0 0.008 0.0 0.0 0.0 0.026
0.0 0.0 0.008 0.0 0.0 0.0 0.026
0.095 0.0 0.008 0.0 0.0 0.0 0.026
0.095 0.0 0.008 0.0 0.0 0.0 0.026
0.0 0.0 0.008 0.0 0.0 0.0 0.026
0.0 0.0 0.008 0.0 0.0 0.0 0.026
0.0 0.0 0.008 0.0 0.0 0.0 0.026
0.0 0.0 0.008 0.0 0.0 0.0 0.026
0.0 0.0 0.008 0.0 0.0 0.0 0.026
0.0 0.0 0.008 0.0 0.0 0.0 0.026
0.0 0.0 0.008 0.0 0.0 0.0 0.026
0.0 0.0 0.008 0.0 0.0 0.0 0.026
0.0 0.0 0.008 0.0 0.0 0.0 0.026
0.0 0.0 0.008 0.0 0.0 0.0 0.026
0.0 0.0 0.008 0.0 0.0 0.0 0.026
0.0 0.0 0.008 0.0 0.0 0.0 0.026
0.095 0.0 0.008 0.0 0.0 0.0 0.026
0.095 0.0 0.008 0.0 0.0 0.0 0.026
0.0 0.0 0.008 0.0 0.0 0.0 0.026
0.0 0.0 0.008 0.0 0.0 0.0 0.026
0.0 0.0 0.008 0.0 0.0 0.0 0.026
0.0 0.0 0.008 0.0 0.0 0.0 0.026
0.0 0.0 0.008 0.0 0.0 0.0 0.026
0.0 0.0 0.008 0.0 0.0 0.0 0.026
0.0 0.0 0.008 0.0 0.0 0.0 0.026
0.0 0.0 0.008 0.0 0.0 0.0 0.026
0.0 0.0 0.008 0.0 0.0 0.0 0.026
0.0 0.0 0.008 0.0 0.0 0.0 0.026
0.0 0.0 0.008 0.0 0.0 0.0 0.026
0.0 0.0 0.008 0.0 0.0 0.0 0.026
0.095 0.0 0.008 0.0 0.0 0.0 0.026
0.095 0.0 0.008 0.0 0.0 0.0 0.026
0.0 0.0 0.008 0.0 0.0 0.0 0.026
0.0 0.0 0.008 0.0 0.0 0.0 0.026
0.0 0.0 0.008 0.0 0.0 0.0 0.026
0.0 0.0 0.008 0.0 0.0 0.0 0.026
0.0 0.0 0.008 0.0 0.0 0.0 0.026
0.0 0.0 0.008 0.0 0.0 0.0 0.026
0.0 0.0 0.008 0.0 0.0 0.0 0.026
0.0 0.0 0.008 0.0 0.0 0.0 0.026
0.0 0.0 0.008 0.0 0.0 0.0 0.026
0.0 0.0 0.008 0.0 0.0 0.0 0.026
0.0 0.0 0.008 0.0 0.0 0.0 0.026
0.0 0.0 0.008 0.0 0.0 0.0 0.026
0.095 0.0 0.008 0.0 0.0 0.0 0.026
0.095 0.0 0.008 0.0 0.0 0.0 0.026
0.0 0.0 0.008 0.0 0.0 0.0 0.026
0.0 0.0 0.008 0.0 0.0 0.0 0.026
0.0 0.0 0.008 0.0 0.0 0.0 0.026
0.0 0.0 0.008 0.0 0.0 0.0 0.026
0.0 0.0 0.008 0.0 0.0 0.0 0.026
0.0 0.0 0.008 0.0 0.0 0.0 0.026
0.0 0.0 0.008 0.0 0.0 0.0 0.026
0.0 0.0 0.008 0.0 0.0 0.0 0.026
0.0 0.0 0.008 0.0 0.0 0.0 0.026
0.0 0.0 0.008 0.0 0.0 0.0 0.026
0.0 0.0 0.008 0.0 0.0 0.0 0.026
0.0 0.0 0.008 0.0 0.0 0.0 0.026
0.095 0.0 0.008 0.0 0.0 0.0 0.026
0.095 0.055 0.008 0.0 0.0 0.0 0.026
0.0 0.055 0.008 0.0 0.0 0.0 0.026
0.0 0.055 0.008 0.0 0.0 0.0 0.026
0.0 0.055 0.008 0.0 0.0 0.0 0.026
0.0 0.055 0.008 0.0 0.0 0.0 0.026
0.0 0.055 0.008 0.0 0.0 0.0 0.026
0.0 0.055 0.008 0.0 0.0 0.0 0.026
0.0 0.055 0.008 0.0 0.0 0.0 0.026
0.0 0.055 0.008 0.0 0.0 0.0 0.026
0.0 0.055 0.008 0.0 0.0 0.0 0.026
0.0 0.055 0.008 0.0 0.0 0.0 0.026
0.0 0.055 0.008 0.0 0.0 0.0 0.026
0.0 0.055 0.008 0.0 0.0 0.0 0.026
0.095 0.055 0.008 0.0 0.0 0.0 0.026
0.095 0.055 0.008 0.0 0.0 0.0 0.026
0.0 0.055 0.008 0.0 0.0 0.0 0.026
0.0 0.055 0.008 0.0 0.0 0.0 0.026
0.0 0.055 0.008 0.0 0.0 0.0 0.026
0.0 0.055 0.008 0.0 0.0 0.0 0.026
0.0 0.055 0.008 0.0 0.0 0.0 0.026
0.0 0.055 0.008 0.0 0.0 0.0 0.026
0.0 0.055 0.008 0.0 0.0 0.0 0.026
0.0 0.055 0.008 0.0 0.0 0.0 0.026
0.0 0.055 0.008 0.0 0.0 0.0 0.026
0.0 0.055 0.008 0.0 0.0 0.0 0.026
0.0 0.055 0.008 0.0 0.0 0.0 0.026
0.0 0.055 0.008 0.0 0.0 0.0 0.026
0.095 0.055 0.008 0.0 0.0 0.0 0.026
0.095 0.0 0.008 0.0 0.0 0.0 0.026
0.0 0.0 0.008 0.0 0.0 0.0 0.026
0.0 0.0 0.008 0.0 0.0 0.0 0.026
0.0 0.0 0.008 0.0 0.0 0.0 0.026
0.0 0.0 0.008 0.0 0.0 0.0 0.026
0.0 0.0 0.008 0.0 0.0 0.0 0.026
0.0 0.0 0.008 0.0 0.0 0.0 0.026
0.0 0.0 0.008 0.0 0.0 0.0 0.026
0.0 0.0 0.008 0.0 0.0 0.0 0.026
0.0 0.0 0.008 0.0 0.0 0.0 0.026
0.0 0.0 0.008 0.0 0.0 0.0 0.026
0.0 0.0 0.008 0.0 0.0 0.0 0.026
0.0 0.0 0.008 0.0 0.0 0.0 0.026
0.095 0.0 0.008 0.0 0.0 0.0 0.026
0.095 0.0 0.008 0.0 0.0 0.0 0.026
0.0 0.0 0.008 0.0 0.0 0.0 0.026
0.0 0.0 0.008 0.0 0.0 0.0 0.026
0.0 0.0 0.008 0.0 0.0 0.0 0.026
0.0 0.0 0.008 0.0 0.0 0.0 0.026
0.0 0.0 0.008 0.0 0.0 0.0 0.026
0.0 0.0 0.008 0.0 0.0 0.0 0.026
0.0 0.0 0.008 0.0 0.0 0.0 0.026
0.0 0.0 0.008 0.0 0.0 0.0 0.026
0.0 0.0 0.008 0.0 0.0 0.0 0.026
0.0 0.0 0.008 0.0 0.0 0.0 0.026
0.0 0.0 0.008 0.0 0.0 0.0 0.026
0.0 0.0 0.008 0.0 0.0 0.0 0.026
0.095 0.0 0.008 0.0 0.0 0.0 0.026
0.095 0.0 0.008 0.0 0.0 0.0 0.026
0.0 0.0 0.008 0.0 0.0 0.0 0.026
0.0 0.0 0.008 0.0 0.0 0.0 0.026
0.0 0.0 0.008 0.0 0.0 0.0 0.026
0.0 0.0 0.008 0.0 0.0 0.0 0.026
0.0 0.0 0.008 0.0 0.0 0.0 0.026
0.0 0.0 0.008 0.0 0.0 0.0 0.026
0.0 0.0 0.008 0.0 0.0 0.0 0.026
0.0 0.0 0.008 0.0 0.0 0.0 0.026
0.0 0.0 0.008 0.0 0.0 0.0 0.026
0.0 0.0 0.008 0.0 0.0 0.0 0.026
0.0 0.0 0.008 0.0 0.0 0.0 0.026
0.0 0.0 0.008 0.0 0.0 0.0 0.026
0.095 0.0 0.008 0.0 0.0 0.0 0.026
0.095 0.0 0.008 0.0 0.0 0.0 0.026
0.0 0.0 0.008 0.0 0.0 0.0 0.026
0.0 0.0 0.008 0.0 0.0 0.0 0.026
0.0 0.0 0.008 0.0 0.0 0.0 0.026
0.0 0.0 0.008 0.0 0.0 0.0 0.026
0.0 0.0 0.008 0.0 0.0 0.0 0.026
0.0 0.0 0.008 0.0 0.0 0.0 0.026
0.0 0.0 0.008 0.0 0.0 0.0 0.026
0.0 0.0 0.008 0.0 0.0 0.0 0.026
0.0 0.0 0.008 0.0 0.0 0.0 0.026
0.0 0.0 0.008 0.0 0.0 0.0 0.026
0.0 0.0 0.008 0.0 0.0 0.0 0.026
0.0 0.0 0.008 0.0 0.0 0.0 0.026
0.095 0.0 0.008 0.0 0.0 0.0 0.026
0.095 0.0 0.008 0.0 0.0 0.0 0.026
0.0 0.0 0.008 0.0 0.0 0.0 0.026
0.0 0.0 0.008 0.0 0.0 0.0 0.026
0.0 0.0 0.008 0.0 0.0 0.0 0.026
0.0 0.0 0.008 0.0 0.0 0.0 0.026
0.0 0.0 0.008 0.0 0.0 0.0 0.026
0.0 0.0 0.008 0.0 0.0 0.0 0.026
0.0 0.0 0.008 0.0 0.0 0.0 0.026
0.0 0.0 0.008 0.0 0.0 0.0 0.026
0.0 0.0 0.008 0.0 0.0 0.0 0.026
0.0 0.0 0.008 0.0 0.0 0.0 0.026
0.0 0.0 0.008 0.0 0.0 0.0 0.026
0.0 0.0 0.008 0.0 0.0 0.0 0.026
0.095 0.0 0.008 0.0 0.0 0.0 0.026
0.095 0.0 0.008 0.0 0.0 0.0 0.026
0.0 0.0 0.008 0.0 0.0 0.0 0.026
0.0 0.0 0.008 0.0 0.0 0.0 0.026
0.0 0.0 0.008 0.0 0.0 0.0 0.026
0.0 0.0 0.008 0.0 0.0 0.0 0.026
0.0 0.0 0.008 0.0 0.0 0.0 0.026
0.0 0.0 0.008 0.0 0.0 0.0 0.026
0.0 0.0 0.008 0.0 0.0 0.0 0.026
0.0 0.0 0.008 0.0 0.0 0.0 0.026
0.0 0.0 0.008 0.0 0.0 0.0 0.026
0.0 0.0 0.008 0.0 0.0 0.0 0.026
0.0 0.0 0.008 0.0 0.0 0.0 0.026
0.0 0.0 0.008 0.0 0.0 0.0 0.026
0.095 0.0 0.008 0.0 0.0 0.0 0.026
0.095 0.0 0.008 0.0 0.0 0.0 0.026
0.0 0.0 0.008 0.0 0.0 0.0 0.026
0.0 0.0 0.008 0.0 0.0 0.0 0.026
0.0 0.0 0.008 0.0 0.0 0.0 0.026
0.0 0.0 0.008 0.0 0.0 0.0 0.026
0.0 0.0 0.008 0.0 0.0 0.0 0.026
0.0 0.0 0.008 0.0 0.0 0.0 0.026
0.0 0.0 0.008 0.0 0.0 0.0 0.026
0.0 0.0 0.008 0.0 0.0 0.0 0.026
0.0 0.0 0.008 0.0 0.0 0.0 0.026
0.0 0.0 0.008 0.0 0.0 0.0 0.026
0.0 0.0 0.008 0.0 0.0 0.0 0.026
0.0 0.0 0.008 0.0 0.0 0.0 0.026
0.095 0.0 0.008 0.0 0.0 0.0 0.026
0.095 0.0 0.008 0.0 0.0 0.0 0.026
0.0 0.0 0.008 0.0 0.0 0.0 0.026
0.0 0.0 0.008 0.0 0.0 0.0 0.026
0.0 0.0 0.008 0.0 0.0 0.0 0.026
0.0 0.0 0.008 0.0 0.0 0.0 0.026
0.0 0.0 0.008 0.0 0.0 0.0 0.026
0.0 0.0 0.008 0.0 0.0 0.0 0.026
0.0 0.0 0.008 0.0 0.0 0.0 0.026
0.0 0.0 0.008 0.0 0.0 0.0 0.026
0.0 0.0 0.008 0.0 0.0 0.0 0.026
0.0 0.0 0.008 0.0 0.0 0.0 0.026
0.0 0.0 0.008 0.0 0.0 0.0 0.026
0.0 0.0 0.008 0.0 0.0 0.0 0.026
0.095 0.0 0.008 0.0 0.0 0.0 0.026
0.095 0.0 0.008 0.0 0.0 0.0 0.026
0.0 0.0 0.008 0.0 0.0 0.0 0.026
0.0 0.0 0.008 0.0 0.0 0.0 0.026
0.0 0.0 0.008 0.0 0.0 0.0 0.026
0.0 0.0 0.008 0.0 0.0 0.0 0.026
0.0 0.0 0.008 0.0 0.0 0.0 0.026
0.0 0.0 0.008 0.0 0.0 0.0 0.026
0.0 0.0 0.008 0.0 0.0 0.0 0.026
0.0 0.0 0.008 0.0 0.0 0.0 0.026
0.0 0.0 0.008 0.0 0.0 0.0 0.026
0.0 0.0 0.008 0.0 0.0 0.0 0.026
0.0 0.0 0.008 0.0 0.0 0.0 0.026
0.0 0.0 0.008 0.0 0.0 0.0 0.026
0.095 0.0 0.008 0.0 0.0 0.0 0.026
0.095 0.0 0.008 0.0 0.0 0.0 0.026
0.0 0.0 0.008 0.0 0.0 0.0 0.026
0.0 0.0 0.008 0.0 0.0 0.0 0.026
0.0 0.0 0.008 0.0 0.0 0.0 0.026
0.0 0.0 0.008 0.0 0.0 0.0 0.026
0.0 0.0 0.008 0.0 0.0 0.0 0.026
0.0 0.0 0.008 0.0 0.0 0.0 0.026
0.0 0.0 0.008 0.0 0.0 0.0 0.026
0.0 0.0 0.008 0.0 0.0 0.0 0.026
0.0 0.0 0.008 0.0 0.0 0.0 0.026
0.0 0.0 0.008 0.0 0.0 0.0 0.026
0.0 0.0 0.008 0.0 0.0 0.0 0.026
0.0 0.0 0.008 0.0 0.0 0.0 0.026
0.095 0.0 0.008 0.0 0.0 0.0 0.026
0.095 0.0 0.008 0.0 0.0 0.0 0.026
0.0 0.0 0.008 0.0 0.0 0.0 0.026
0.0 0.0 0.008 0.0 0.0 0.0 0.026
0.0 0.0 0.008 0.0 0.0 0.0 0.026
0.0 0.0 0.008 0.0 0.0 0.0 0.026
0.0 0.0 0.008 0.0 0.0 0.0 0.026
0.0 0.0 0.008 0.0 0.0 0.0 0.026
0.0 0.0 0.008 0.0 0.0 0.0 0.026
0.0 0.0 0.008 0.0 0.0 0.0 0.026
0.0 0.0 0.008 0.0 0.0 0.0 0.026
0.0 0.0 0.008 0.0 0.0 0.0 0.026
0.0 0.0 0.008 0.0 0.0 0.0 0.026
0.0 0.0 0.008 0.0 0.0 0.0 0.026
0.095 0.0 0.008 0.0 0.0 0.0 0.026
0.095 0.0 0.008 0.0 0.0 0.0 0.026
0.0 0.0 0.008 0.0 0.0 0.0 0.026
0.0 0.0 0.008 0.0 0.0 0.0 0.026
0.0 0.0 0.008 0.0 0.0 0.0 0.026
0.0 0.0 0.008 0.0 0.0 0.0 0.026
0.0 0.0 0.008 0.0 0.0 0.0 0.026
0.0 0.0 0.008 0.0 0.0 0.0 0.026
0.0 0.0 0.008 0.0 0.0 0.0 0.026
0.0 0.0 0.008 0.0 0.0 0.0 0.026
0.0 0.0 0.008 0.0 0.0 0.0 0.026
0.0 0.0 0.008 0.0 0.0 0.0 0.026
0.0 0.0 0.008 0.0 0.0 0.0 0.026
0.0 0.0 0.008 0.0 0.0 0.0 0.026
0.095 0.0 0.008 0.0 0.0 0.0 0.026
0.095 0.055 0.008 0.0 0.0 0.0 0.026
0.0 0.055 0.008 0.0 0.0 0.0 0.026
0.0 0.055 0.008 0.0 0.0 0.0 0.026
0.0 0.055 0.008 0.0 0.0 0.0 0.026
0.0 0.055 0.008 0.0 0.0 0.0 0.026
0.0 0.055 0.008 0.0 0.0 0.0 0.026
0.0 0.055 0.008 0.0 0.0 0.0 0.026
0.0 0.055 0.008 0.0 0.0 0.0 0.026
0.0 0.055 0.008 0.0 0.0 0.0 0.026
0.0 0.055 0.008 0.0 0.0 0.0 0.026
0.0 0.055 0.008 0.0 0.0 0.0 0.026
0.0 0.055 0.008 0.0 0.0 0.0 0.026
0.0 0.055 0.008 0.0 0.0 0.0 0.026
0.095 0.055 0.008 0.0 0.0 0.0 0.026
0.095 0.055 0.008 0.0 0.0 0.0 0.026
0.0 0.055 0.008 0.0 0.0 0.0 0.026
0.0 0.055 0.008 0.0 0.0 0.0 0.026
0.0 0.055 0.008 0.0 0.0 0.0 0.026
0.0 0.055 0.008 0.0 0.0 0.0 0.026
0.0 0.055 0.008 0.0 0.0 0.0 0.026
0.0 0.055 0.008 0.0 0.0 0.0 0.026
0.0 0.055 0.008 0.0 0.0 0.0 0.026
0.0 0.055 0.008 0.0 0.0 0.0 0.026
0.0 0.055 0.008 0.0 0.0 0.0 0.026
0.0 0.055 0.008 0.0 0.0 0.0 0.026
0.0 0.055 0.008 0.0 0.0 0.0 0.026
0.0 0.055 0.008 0.0 0.0 0.0 0.026
0.095 0.055 0.008 0.0 0.0 0.0 0.026
0.095 0.0 0.008 0.0 0.0 0.0 0.026
0.0 0.0 0.008 0.0 0.0 0.0 0.026
0.0 0.0 0.008 0.0 0.0 0.0 0.026
0.0 0.0 0.008 0.0 0.0 0.0 0.026
0.0 0.0 0.008 0.0 0.0 0.0 0.026
0.0 0.0 0.008 0.0 0.0 0.0 0.026
0.0 0.0 0.008 0.0 0.0 0.0 0.026
0.0 0.0 0.008 0.0 0.0 0.0 0.026
0.0 0.0 0.008 0.0 0.0 0.0 0.026
0.0 0.0 0.008 0.0 0.0 0.0 0.026
0.0 0.0 0.008 0.0 0.0 0.0 0.026
0.0 0.0 0.008 0.0 0.0 0.0 0.026
0.0 0.0 0.008 0.0 0.0 0.0 0.026
0.095 0.0 0.008 0.0 0.0 0.0 0.026
0.095 0.0 0.008 0.0 0.0 0.0 0.026
0.0 0.0 0.008 0.0 0.0 0.0 0.026
0.0 0.0 0.008 0.0 0.0 0.0 0.026
0.0 0.0 0.008 0.0 0.0 0.0 0.026
0.0 0.0 0.008 0.0 0.0 0.0 0.026
0.0 0.0 0.008 0.0 0.0 0.0 0.026
0.0 0.0 0.008 0.0 0.0 0.0 0.026
0.0 0.0 0.008 0.0 0.0 0.0 0.026
0.0 0.0 0.008 0.0 0.0 0.0 0.026
0.0 0.0 0.008 0.0 0.0 0.0 0.026
0.0 0.0 0.008 0.0 0.0 0.0 0.026
0.0 0.0 0.008 0.0 0.0 0.0 0.026
0.0 0.0 0.008 0.0 0.0 0.0 0.026
0.095 0.0 0.008 0.0 0.0 0.0 0.026
0.095 0.0 0.008 0.0 0.0 0.0 0.026
0.0 0.0 0.008 0.0 0.0 0.0 0.026
0.0 0.0 0.008 0.0 0.0 0.0 0.026
0.0 0.0 0.008 0.0 0.0 0.0 0.026
0.0 0.0 0.008 0.0 0.0 0.0 0.026
0.0 0.0 0.008 0.0 0.0 0.0 0.026
0.0 0.0 0.008 0.0 0.0 0.0 0.026
0.0 0.0 0.008 0.0 0.0 0.0 0.026
0.0 0.0 0.008 0.0 0.0 0.0 0.026
0.0 0.0 0.008 0.0 0.0 0.0 0.026
0.0 0.0 0.008 0.0 0.0 0.0 0.026
0.0 0.0 0.008 0.0 0.0 0.0 0.026
0.0 0.0 0.008 0.0 0.0 0.0 0.026
0.095 0.0 0.008 0.0 0.0 0.0 0.026
0.095 0.0 0.008 0.0 0.0 0.0 0.026
0.0 0.0 0.008 0.0 0.0 0.0 0.026
0.0 0.0 0.008 0.0 0.0 0.0 0.026
0.0 0.0 0.008 0.0 0.0 0.0 0.026
0.0 0.0 0.008 0.0 0.0 0.0 0.026
0.0 0.0 0.008 0.0 0.0 0.0 0.026
0.0 0.0 0.008 0.0 0.0 0.0 0.026
0.0 0.0 0.008 0.0 0.0 0.0 0.026
0.0 0.0 0.008 0.0 0.0 0.0 0.026
0.0 0.0 0.008 0.0 0.0 0.0 0.026
0.0 0.0 0.008 0.0 0.0 0.0 0.026
0.0 0.0 0.008 0.0 0.0 0.0 0.026
0.0 0.0 0.008 0.0 0.0 0.0 0.026
0.095 0.0 0.008 0.0 0.0 0.0 0.026
0.095 0.0 0.008 0.0 0.0 0.0 0.026
0.0 0.0 0.008 0.0 0.0 0.0 0.026
0.0 0.0 0.008 0.0 0.0 0.0 0.026
0.0 0.0 0.008 0.0 0.0 0.0 0.026
0.0 0.0 0.008 0.0 0.0 0.0 0.026
0.0 0.0 0.008 0.0 0.0 0.0 0.026
0.0 0.0 0.008 0.0 0.0 0.0 0.026
0.0 0.0 0.008 0.0 0.0 0.0 0.026
0.0 0.0 0.008 0.0 0.0 0.0 0.026
0.0 0.0 0.008 0.0 0.0 0.0 0.026
0.0 0.0 0.008 0.0 0.0 0.0 0.026
0.0 0.0 0.008 0.0 0.0 0.0 0.026
0.0 0.0 0.008 0.0 0.0 0.0 0.026
0.095 0.0 0.008 0.0 0.0 0.0 0.026
0.095 0.0 0.008 0.0 0.0 0.0 0.026
0.0 0.0 0.008 0.0 0.0 0.0 0.026
0.0 0.0 0.008 0.0 0.0 0.0 0.026
0.0 0.0 0.008 0.0 0.0 0.0 0.026
0.0 0.0 0.008 0.0 0.0 0.0 0.026
0.0 0.0 0.008 0.0 0.0 0.0 0.026
0.0 0.0 0.008 0.0 0.0 0.0 0.026
0.0 0.0 0.008 0.0 0.0 0.0 0.026
0.0 0.0 0.008 0.0 0.0 0.0 0.026
0.0 0.0 0.008 0.0 0.0 0.0 0.026
0.0 0.0 0.008 0.0 0.0 0.0 0.026
0.0 0.0 0.008 0.0 0.0 0.0 0.026
0.0 0.0 0.008 0.0 0.0 0.0 0.026
0.095 0.0 0.008 0.0 0.0 0.0 0.026
0.095 0.0 0.008 0.0 0.0 0.0 0.026
0.0 0.0 0.008 0.0 0.0 0.0 0.026
0.0 0.0 0.008 0.0 0.0 0.0 0.026
0.0 0.0 0.008 0.0 0.0 0.0 0.026
0.0 0.0 0.008 0.0 0.0 0.0 0.026
0.0 0.0 0.008 0.0 0.0 0.0 0.026
0.0 0.0 0.008 0.0 0.0 0.0 0.026
0.0 0.0 0.008 0.0 0.0 0.0 0.026
0.0 0.0 0.008 0.0 0.0 0.0 0.026
0.0 0.0 0.008 0.0 0.0 0.0 0.026
0.0 0.0 0.008 0.0 0.0 0.0 0.026
0.0 0.0 0.008 0.0 0.0 0.0 0.026
0.0 0.0 0.008 0.0 0.0 0.0 0.026
0.095 0.0 0.008 0.0 0.0 0.0 0.026
0.095 0.0 0.008 0.0 0.0 0.0 0.026
0.0 0.0 0.008 0.0 0.0 0.0 0.026
0.0 0.0 0.008 0.0 0.0 0.0 0.026
0.0 0.0 0.008 0.0 0.0 0.0 0.026
0.0 0.0 0.008 0.0 0.0 0.0 0.026
0.0 0.0 0.008 0.0 0.0 0.0 0.026
0.0 0.0 0.008 0.0 0.0 0.0 0.026
0.0 0.0 0.008 0.0 0.0 0.0 0.026
0.0 0.0 0.008 0.0 0.0 0.0 0.026
0.0 0.0 0.008 0.0 0.0 0.0 0.026
0.0 0.0 0.008 0.0 0.0 0.0 0.026
0.0 0.0 0.008 0.0 0.0 0.0 0.026
0.0 0.0 0.008 0.0 0.0 0.0 0.026
0.095 0.0 0.008 0.0 0.0 0.0 0.026
0.095 0.0 0.008 0.0 0.0 0.0 0.026
0.0 0.0 0.008 0.0 0.0 0.0 0.026
0.0 0.0 0.008 0.0 0.0 0.0 0.026
0.0 0.0 0.008 0.0 0.0 0.0 0.026
0.0 0.0 0.008 0.0 0.0 0.0 0.026
0.0 0.0 0.008 0.0 0.0 0.0 0.026
0.0 0.0 0.008 0.0 0.0 0.0 0.026
0.0 0.0 0.008 0.0 0.0 0.0 0.026
0.0 0.0 0.008 0.0 0.0 0.0 0.026
0.0 0.0 0.008 0.0 0.0 0.0 0.026
0.0 0.0 0.008 0.0 0.0 0.0 0.026
0.0 0.0 0.008 0.0 0.0 0.0 0.026
0.0 0.0 0.008 0.0 0.0 0.0 0.026
0.095 0.0 0.008 0.0 0.0 0.0 0.026
0.095 0.0 0.008 0.0 0.0 0.0 0.026
0.0 0.0 0.008 0.0 0.0 0.0 0.026
0.0 0.0 0.008 0.0 0.0 0.0 0.026
0.0 0.0 0.008 0.0 0.0 0.0 0.026
0.0 0.0 0.008 0.0 0.0 0.0 0.026
0.0 0.0 0.008 0.0 0.0 0.0 0.026
0.0 0.0 0.008 0.0 0.0 0.0 0.026
0.0 0.0 0.008 0.0 0.0 0.0 0.026
0.0 0.0 0.008 0.0 0.0 0.0 0.026
0.0 0.0 0.008 0.0 0.0 0.0 0.026
0.0 0.0 0.008 0.0 0.0 0.0 0.026
0.0 0.0 0.008 0.0 0.0 0.0 0.026
0.0 0.0 0.008 0.0 0.0 0.0 0.026
0.095 0.0 0.008 0.0 0.0 0.0 0.026
0.095 0.0 0.008 0.0 0.0 0.0 0.026
0.0 0.0 0.008 0.0 0.0 0.0 0.026
0.0 0.0 0.008 0.0 0.0 0.0 0.026
0.0 0.0 0.008 0.0 0.0 0.0 0.026
0.0 0.0 0.008 0.0 0.0 0.0 0.026
0.0 0.0 0.008 0.0 0.0 0.0 0.026
0.0 0.0 0.008 0.0 0.0 0.0 0.026
0.0 0.0 0.008 0.0 0.0 0.0 0.026
0.0 0.0 0.008 0.0 0.0 0.0 0.026
0.0 0.0 0.008 0.0 0.0 0.0 0.026
0.0 0.0 0.008 0.0 0.0 0.0 0.026
0.0 0.0 0.008 0.0 0.0 0.0 0.026
0.0 0.0 0.008 0.0 0.0 0.0 0.026
0.095 0.0 0.008 0.0 0.0 0.0 0.026
0.095 0.0 0.008 0.0 0.0 0.0 0.026
0.0 0.0 0.008 0.0 0.0 0.0 0.026
0.0 0.0 0.008 0.0 0.0 0.0 0.026
0.0 0.0 0.008 0.0 0.0 0.0 0.026
0.0 0.0 0.008 0.0 0.0 0.0 0.026
0.0 0.0 0.008 0.0 0.0 0.0 0.026
0.0 0.0 0.008 0.0 0.0 0.0 0.026
0.0 0.0 0.008 0.0 0.0 0.0 0.026
0.0 0.0 0.008 0.0 0.0 0.0 0.026
0.0 0.0 0.008 0.0 0.0 0.0 0.026
0.0 0.0 0.008 0.0 0.0 0.0 0.026
0.0 0.0 0.008 0.0 0.0 0.0 0.026
0.0 0.0 0.008 0.0 0.0 0.0 0.026
0.095 0.0 0.008 0.0 0.0 0.0 0.026
0.095 0.055 0.008 0.0 0.0 0.0 0.026
0.0 0.055 0.008 0.0 0.0 0.0 0.026
0.0 0.055 0.008 0.0 0.0 0.0 0.026
0.0 0.055 0.008 0.0 0.0 0.0 0.026
0.0 0.055 0.008 0.0 0.0 0.0 0.026
0.0 0.055 0.008 0.0 0.0 0.0 0.026
0.0 0.055 0.008 0.0 0.0 0.0 0.026
0.0 0.055 0.008 0.0 0.0 0.0 0.026
0.0 0.055 0.008 0.0 0.0 0.0 0.026
0.0 0.055 0.008 0.0 0.0 0.0 0.026
0.0 0.055 0.008 0.0 0.0 0.0 0.026
0.0 0.055 0.008 0.0 0.0 0.0 0.026
0.0 0.055 0.008 0.0 0.0 0.0 0.026
0.095 0.055 0.008 0.0 0.0 0.0 0.026
0.095 0.055 0.008 0.0 0.0 0.0 0.026
0.0 0.055 0.008 0.0 0.0 0.0 0.026
0.0 0.055 0.008 0.0 0.0 0.0 0.026
0.0 0.055 0.008 0.0 0.0 0.0 0.026
0.0 0.055 0.008 0.0 0.0 0.0 0.026
0.0 0.055 0.008 0.0 0.0 0.0 0.026
0.0 0.055 0.008 0.0 0.0 0.0 0.026
0.0 0.055 0.008 0.0 0.0 0.0 0.026
0.0 0.055 0.008 0.0 0.0 0.0 0.026
0.0 0.055 0.008 0.0 0.0 0.0 0.026
0.0 0.055 0.008 0.0 0.0 0.0 0.026
0.0 0.055 0.008 0.0 0.0 0.0 0.026
0.0 0.055 0.008 0.0 0.0 0.0 0.026
0.095 0.055 0.008 0.0 0.0 0.0 0.026
0.095 0.0 0.008 0.0 0.0 0.0 0.026
0.0 0.0 0.008 0.0 0.0 0.0 0.026
0.0 0.0 0.008 0.0 0.0 0.0 0.026
0.0 0.0 0.008 0.0 0.0 0.0 0.026
0.0 0.0 0.008 0.0 0.0 0.0 0.026
0.0 0.0 0.008 0.0 0.0 0.0 0.026
0.0 0.0 0.008 0.0 0.0 0.0 0.026
0.0 0.0 0.008 0.0 0.0 0.0 0.026
0.0 0.0 0.008 0.0 0.0 0.0 0.026
0.0 0.0 0.008 0.0 0.0 0.0 0.026
0.0 0.0 0.008 0.0 0.0 0.0 0.026
0.0 0.0 0.008 0.0 0.0 0.0 0.026
0.0 0.0 0.008 0.0 0.0 0.0 0.026
0.095 0.0 0.008 0.0 0.0 0.0 0.026
0.095 0.0 0.008 0.0 0.0 0.0 0.026
0.0 0.0 0.008 0.0 0.0 0.0 0.026
0.0 0.0 0.008 0.0 0.0 0.0 0.026
0.0 0.0 0.008 0.0 0.0 0.0 0.026
0.0 0.0 0.008 0.0 0.0 0.0 0.026
0.0 0.0 0.008 0.0 0.0 0.0 0.026
0.0 0.0 0.008 0.0 0.0 0.0 0.026
0.0 0.0 0.008 0.0 0.0 0.0 0.026
0.0 0.0 0.008 0.0 0.0 0.0 0.026
0.0 0.0 0.008 0.0 0.0 0.0 0.026
0.0 0.0 0.008 0.0 0.0 0.0 0.026
0.0 0.0 0.008 0.0 0.0 0.0 0.026
0.0 0.0 0.008 0.0 0.0 0.0 0.026
0.095 0.0 0.008 0.0 0.0 0.0 0.026
0.095 0.0 0.008 0.0 0.0 0.0 0.026
0.0 0.0 0.008 0.0 0.0 0.0 0.026
0.0 0.0 0.008 0.0 0.0 0.0 0.026
0.0 0.0 0.008 0.0 0.0 0.0 0.026
0.0 0.0 0.008 0.0 0.0 0.0 0.026
0.0 0.0 0.008 0.0 0.0 0.0 0.026
0.0 0.0 0.008 0.0 0.0 0.0 0.026
0.0 0.0 0.008 0.0 0.0 0.0 0.026
0.0 0.0 0.008 0.0 0.0 0.0 0.026
0.0 0.0 0.008 0.0 0.0 0.0 0.026
0.0 0.0 0.008 0.0 0.0 0.0 0.026
0.0 0.0 0.008 0.0 0.0 0.0 0.026
0.0 0.0 0.008 0.0 0.0 0.0 0.026
0.095 0.0 0.008 0.0 0.0 0.0 0.026
0.095 0.0 0.008 0.0 0.0 0.0 0.026
0.0 0.0 0.008 0.0 0.0 0.0 0.026
0.0 0.0 0.008 0.0 0.0 0.0 0.026
0.0 0.0 0.008 0.0 0.0 0.0 0.026
0.0 0.0 0.008 0.0 0.0 0.0 0.026
0.0 0.0 0.008 0.0 0.0 0.0 0.026
0.0 0.0 0.008 0.0 0.0 0.0 0.026
0.0 0.0 0.008 0.0 0.0 0.0 0.026
0.0 0.0 0.008 0.0 0.0 0.0 0.026
0.0 0.0 0.008 0.0 0.0 0.0 0.026
0.0 0.0 0.008 0.0 0.0 0.0 0.026
0.0 0.0 0.008 0.0 0.0 0.0 0.026
0.0 0.0 0.008 0.0 0.0 0.0 0.026
0.095 0.0 0.008 0.0 0.0 0.0 0.026
0.095 0.0 0.008 0.0 0.0 0.0 0.026
0.0 0.0 0.008 0.0 0.0 0.0 0.026
0.0 0.0 0.008 0.0 0.0 0.0 0.026
0.0 0.0 0.008 0.0 0.0 0.0 0.026
0.0 0.0 0.008 0.0 0.0 0.0 0.026
0.0 0.0 0.008 0.0 0.0 0.0 0.026
0.0 0.0 0.008 0.0 0.0 0.0 0.026
0.0 0.0 0.008 0.0 0.0 0.0 0.026
0.0 0.0 0.008 0.0 0.0 0.0 0.026
0.0 0.0 0.008 0.0 0.0 0.0 0.026
0.0 0.0 0.008 0.0 0.0 0.0 0.026
0.0 0.0 0.008 0.0 0.0 0.0 0.026
0.0 0.0 0.008 0.0 0.0 0.0 0.026
0.095 0.0 0.008 0.0 0.0 0.0 0.026
0.095 0.0 0.008 0.0 0.0 0.0 0.026
0.0 0.0 0.008 0.0 0.0 0.0 0.026
0.0 0.0 0.008 0.0 0.0 0.0 0.026
0.0 0.0 0.008 0.0 0.0 0.0 0.026
0.0 0.0 0.008 0.0 0.0 0.0 0.026
0.0 0.0 0.008 0.0 0.0 0.0 0.026
0.0 0.0 0.008 0.0 0.0 0.0 0.026
0.0 0.0 0.008 0.0 0.0 0.0 0.026
0.0 0.0 0.008 0.0 0.0 0.0 0.026
0.0 0.0 0.008 0.0 0.0 0.0 0.026
0.0 0.0 0.008 0.0 0.0 0.0 0.026
0.0 0.0 0.008 0.0 0.0 0.0 0.026
0.0 0.0 0.008 0.0 0.0 0.0 0.026
0.095 0.0 0.008 0.0 0.0 0.0 0.026
0.095 0.0 0.008 0.0 0.0 0.0 0.026
0.0 0.0 0.008 0.0 0.0 0.0 0.026
0.0 0.0 0.008 0.0 0.0 0.0 0.026
0.0 0.0 0.008 0.0 0.0 0.0 0.026
0.0 0.0 0.008 0.0 0.0 0.0 0.026
0.0 0.0 0.008 0.0 0.0 0.0 0.026
0.0 0.0 0.008 0.0 0.0 0.0 0.026
0.0 0.0 0.008 0.0 0.0 0.0 0.026
0.0 0.0 0.008 0.0 0.0 0.0 0.026
0.0 0.0 0.008 0.0 0.0 0.0 0.026
0.0 0.0 0.008 0.0 0.0 0.0 0.026
0.0 0.0 0.008 0.0 0.0 0.0 0.026
0.0 0.0 0.008 0.0 0.0 0.0 0.026
0.095 0.0 0.008 0.0 0.0 0.0 0.026
0.095 0.0 0.008 0.0 0.0 0.0 0.026
0.0 0.0 0.008 0.0 0.0 0.0 0.026
0.0 0.0 0.008 0.0 0.0 0.0 0.026
0.0 0.0 0.008 0.0 0.0 0.0 0.026
0.0 0.0 0.008 0.0 0.0 0.0 0.026
0.0 0.0 0.008 0.0 0.0 0.0 0.026
0.0 0.0 0.008 0.0 0.0 0.0 0.026
0.0 0.0 0.008 0.0 0.0 0.0 0.026
0.0 0.0 0.008 0.0 0.0 0.0 0.026
0.0 0.0 0.008 0.0 0.0 0.0 0.026
0.0 0.0 0.008 0.0 0.0 0.0 0.026
0.0 0.0 0.008 0.0 0.0 0.0 0.026
0.0 0.0 0.008 0.0 0.0 0.0 0.026
0.095 0.0 0.008 0.0 0.0 0.0 0.026
0.095 0.0 0.008 0.0 0.0 0.0 0.026
0.0 0.0 0.008 0.0 0.0 0.0 0.026
0.0 0.0 0.008 0.0 0.0 0.0 0.026
0.0 0.0 0.008 0.0 0.0 0.0 0.026
0.0 0.0 0.008 0.0 0.0 0.0 0.026
0.0 0.0 0.008 0.0 0.0 0.0 0.026
0.0 0.0 0.008 0.0 0.0 0.0 0.026
0.0 0.0 0.008 0.0 0.0 0.0 0.026
0.0 0.0 0.008 0.0 0.0 0.0 0.026
0.0 0.0 0.008 0.0 0.0 0.0 0.026
0.0 0.0 0.008 0.0 0.0 0.0 0.026
0.0 0.0 0.008 0.0 0.0 0.0 0.026
0.0 0.0 0.008 0.0 0.0 0.0 0.026
0.095 0.0 0.008 0.0 0.0 0.0 0.026
0.095 0.0 0.008 0.0 0.0 0.0 0.026
0.0 0.0 0.008 0.0 0.0 0.0 0.026
0.0 0.0 0.008 0.0 0.0 0.0 0.026
0.0 0.0 0.008 0.0 0.0 0.0 0.026
0.0 0.0 0.008 0.0 0.0 0.0 0.026
0.0 0.0 0.008 0.0 0.0 0.0 0.026
0.0 0.0 0.008 0.0 0.0 0.0 0.026
0.0 0.0 0.008 0.0 0.0 0.0 0.026
0.0 0.0 0.008 0.0 0.0 0.0 0.026
0.0 0.0 0.008 0.0 0.0 0.0 0.026
0.0 0.0 0.008 0.0 0.0 0.0 0.026
0.0 0.0 0.008 0.0 0.0 0.0 0.026
0.0 0.0 0.008 0.0 0.0 0.0 0.026
0.095 0.0 0.008 0.0 0.0 0.0 0.026
0.095 0.0 0.008 0.0 0.0 0.0 0.026
0.0 0.0 0.008 0.0 0.0 0.0 0.026
0.0 0.0 0.008 0.0 0.0 0.0 0.026
0.0 0.0 0.008 0.0 0.0 0.0 0.026
0.0 0.0 0.008 0.0 0.0 0.0 0.026
0.0 0.0 0.008 0.0 0.0 0.0 0.026
0.0 0.0 0.008 0.0 0.0 0.0 0.026
0.0 0.0 0.008 0.0 0.0 0.0 0.026
0.0 0.0 0.008 0.0 0.0 0.0 0.026
0.0 0.0 0.008 0.0 0.0 0.0 0.026
0.0 0.0 0.008 0.0 0.0 0.0 0.026
0.0 0.0 0.008 0.0 0.0 0.0 0.026
0.0 0.0 0.008 0.0 0.0 0.0 0.026
0.095 0.0 0.008 0.0 0.0 0.0 0.026
0.095 0.0 0.008 0.0 0.0 0.0 0.026
0.0 0.0 0.008 0.0 0.0 0.0 0.026
0.0 0.0 0.008 0.0 0.0 0.0 0.026
0.0 0.0 0.008 0.0 0.0 0.0 0.026
0.0 0.0 0.008 0.0 0.0 0.0 0.026
0.0 0.0 0.008 0.0 0.0 0.0 0.026
0.0 0.0 0.008 0.0 0.0 0.0 0.026
0.0 0.0 0.008 0.0 0.0 0.0 0.026
0.0 0.0 0.008 0.0 0.0 0.0 0.026
0.0 0.0 0.008 0.0 0.0 0.0 0.026
0.0 0.0 0.008 0.0 0.0 0.0 0.026
0.0 0.0 0.008 0.0 0.0 0.0 0.026
0.0 0.0 0.008 0.0 0.0 0.0 0.026
0.095 0.0 0.008 0.0 0.0 0.0 0.026
0.095 0.055 0.008 0.0 0.0 0.0 0.026
0.0 0.055 0.008 0.0 0.0 0.0 0.026
0.0 0.055 0.008 0.0 0.0 0.0 0.026
0.0 0.055 0.008 0.0 0.0 0.0 0.026
0.0 0.055 0.008 0.0 0.0 0.0 0.026
0.0 0.055 0.008 0.0 0.0 0.0 0.026
0.0 0.055 0.008 0.0 0.0 0.0 0.026
0.0 0.055 0.008 0.0 0.0 0.0 0.026
0.0 0.055 0.008 0.0 0.0 0.0 0.026
0.0 0.055 0.008 0.0 0.0 0.0 0.026
0.0 0.055 0.008 0.0 0.0 0.0 0.026
0.0 0.055 0.008 0.0 0.0 0.0 0.026
0.0 0.055 0.008 0.0 0.0 0.0 0.026
0.095 0.055 0.008 0.0 0.0 0.0 0.026
0.095 0.055 0.008 0.0 0.0 0.0 0.026
0.0 0.055 0.008 0.0 0.0 0.0 0.026
0.0 0.055 0.008 0.0 0.0 0.0 0.026
0.0 0.055 0.008 0.0 0.0 0.0 0.026
0.0 0.055 0.008 0.0 0.0 0.0 0.026
0.0 0.055 0.008 0.0 0.0 0.0 0.026
0.0 0.055 0.008 0.0 0.0 0.0 0.026
0.0 0.055 0.008 0.0 0.0 0.0 0.026
0.0 0.055 0.008 0.0 0.0 0.0 0.026
0.0 0.055 0.008 0.0 0.0 0.0 0.026
0.0 0.055 0.008 0.0 0.0 0.0 0.026
0.0 0.055 0.008 0.0 0.0 0.0 0.026
0.0 0.055 0.008 0.0 0.0 0.0 0.026
0.095 0.055 0.008 0.0 0.0 0.0 0.026
0.095 0.0 0.008 0.0 0.0 0.0 0.026
0.0 0.0 0.008 0.0 0.0 0.0 0.026
0.0 0.0 0.008 0.0 0.0 0.0 0.026
0.0 0.0 0.008 0.0 0.0 0.0 0.026
0.0 0.0 0.008 0.0 0.0 0.0 0.026
0.0 0.0 0.008 0.0 0.0 0.0 0.026
0.0 0.0 0.008 0.0 0.0 0.0 0.026
0.0 0.0 0.008 0.0 0.0 0.0 0.026
0.0 0.0 0.008 0.0 0.0 0.0 0.026
0.0 0.0 0.008 0.0 0.0 0.0 0.026
0.0 0.0 0.008 0.0 0.0 0.0 0.026
0.0 0.0 0.008 0.0 0.0 0.0 0.026
0.0 0.0 0.008 0.0 0.0 0.0 0.026
0.095 0.0 0.008 0.0 0.0 0.0 0.026
0.095 0.0 0.008 0.0 0.0 0.0 0.026
0.0 0.0 0.008 0.0 0.0 0.0 0.026
0.0 0.0 0.008 0.0 0.0 0.0 0.026
0.0 0.0 0.008 0.0 0.0 0.0 0.026
0.0 0.0 0.008 0.0 0.0 0.0 0.026
0.0 0.0 0.008 0.0 0.0 0.0 0.026
0.0 0.0 0.008 0.0 0.0 0.0 0.026
0.0 0.0 0.008 0.0 0.0 0.0 0.026
0.0 0.0 0.008 0.0 0.0 0.0 0.026
0.0 0.0 0.008 0.0 0.0 0.0 0.026
0.0 0.0 0.008 0.0 0.0 0.0 0.026
0.0 0.0 0.008 0.0 0.0 0.0 0.026
0.0 0.0 0.008 0.0 0.0 0.0 0.026
0.095 0.0 0.008 0.0 0.0 0.0 0.026
0.095 0.0 0.008 0.0 0.0 0.0 0.026
0.0 0.0 0.008 0.0 0.0 0.0 0.026
0.0 0.0 0.008 0.0 0.0 0.0 0.026
0.0 0.0 0.008 0.0 0.0 0.0 0.026
0.0 0.0 0.008 0.0 0.0 0.0 0.026
0.0 0.0 0.008 0.0 0.0 0.0 0.026
0.0 0.0 0.008 0.0 0.0 0.0 0.026
0.0 0.0 0.008 0.0 0.0 0.0 0.026
0.0 0.0 0.008 0.0 0.0 0.0 0.026
0.0 0.0 0.008 0.0 0.0 0.0 0.026
0.0 0.0 0.008 0.0 0.0 0.0 0.026
0.0 0.0 0.008 0.0 0.0 0.0 0.026
0.0 0.0 0.008 0.0 0.0 0.0 0.026
0.095 0.0 0.008 0.0 0.0 0.0 0.026
0.095 0.0 0.008 0.0 0.0 0.0 0.026
0.0 0.0 0.008 0.0 0.0 0.0 0.026
0.0 0.0 0.008 0.0 0.0 0.0 0.026
0.0 0.0 0.008 0.0 0.0 0.0 0.026
0.0 0.0 0.008 0.0 0.0 0.0 0.026
0.0 0.0 0.008 0.0 0.0 0.0 0.026
0.0 0.0 0.008 0.0 0.0 0.0 0.026
0.0 0.0 0.008 0.0 0.0 0.0 0.026
0.0 0.0 0.008 0.0 0.0 0.0 0.026
0.0 0.0 0.008 0.0 0.0 0.0 0.026
0.0 0.0 0.008 0.0 0.0 0.0 0.026
0.0 0.0 0.008 0.0 0.0 0.0 0.026
0.0 0.0 0.008 0.0 0.0 0.0 0.026
0.095 0.0 0.008 0.0 0.0 0.0 0.026
0.095 0.0 0.008 0.0 0.0 0.0 0.026
0.0 0.0 0.008 0.0 0.0 0.0 0.026
0.0 0.0 0.008 0.0 0.0 0.0 0.026
0.0 0.0 0.008 0.0 0.0 0.0 0.026
0.0 0.0 0.008 0.0 0.0 0.0 0.026
0.0 0.0 0.008 0.0 0.0 0.0 0.026
0.0 0.0 0.008 0.0 0.0 0.0 0.026
0.0 0.0 0.008 0.0 0.0 0.0 0.026
0.0 0.0 0.008 0.0 0.0 0.0 0.026
0.0 0.0 0.008 0.0 0.0 0.0 0.026
0.0 0.0 0.008 0.0 0.0 0.0 0.026
0.0 0.0 0.008 0.0 0.0 0.0 0.026
0.0 0.0 0.008 0.0 0.0 0.0 0.026
0.095 0.0 0.008 0.0 0.0 0.0 0.026
0.095 0.0 0.008 0.0 0.0 0.0 0.026
0.0 0.0 0.008 0.0 0.0 0.0 0.026
0.0 0.0 0.008 0.0 0.0 0.0 0.026
0.0 0.0 0.008 0.0 0.0 0.0 0.026
0.0 0.0 0.008 0.0 0.0 0.0 0.026
0.0 0.0 0.008 0.0 0.0 0.0 0.026
0.0 0.0 0.008 0.0 0.0 0.0 0.026
0.0 0.0 0.008 0.0 0.0 0.0 0.026
0.0 0.0 0.008 0.0 0.0 0.0 0.026
0.0 0.0 0.008 0.0 0.0 0.0 0.026
0.0 0.0 0.008 0.0 0.0 0.0 0.026
0.0 0.0 0.008 0.0 0.0 0.0 0.026
0.0 0.0 0.008 0.0 0.0 0.0 0.026
0.095 0.0 0.008 0.0 0.0 0.0 0.026
0.095 0.0 0.008 0.0 0.0 0.0 0.026
0.0 0.0 0.008 0.0 0.0 0.0 0.026
0.0 0.0 0.008 0.0 0.0 0.0 0.026
0.0 0.0 0.008 0.0 0.0 0.0 0.026
0.0 0.0 0.008 0.0 0.0 0.0 0.026
0.0 0.0 0.008 0.0 0.0 0.0 0.026
0.0 0.0 0.008 0.0 0.0 0.0 0.026
0.0 0.0 0.008 0.0 0.0 0.0 0.026
0.0 0.0 0.008 0.0 0.0 0.0 0.026
0.0 0.0 0.008 0.0 0.0 0.0 0.026
0.0 0.0 0.008 0.0 0.0 0.0 0.026
0.0 0.0 0.008 0.0 0.0 0.0 0.026
0.0 0.0 0.008 0.0 0.0 0.0 0.026
0.095 0.0 0.008 0.0 0.0 0.0 0.026
0.095 0.0 0.008 0.0 0.0 0.0 0.026
0.0 0.0 0.008 0.0 0.0 0.0 0.026
0.0 0.0 0.008 0.0 0.0 0.0 0.026
0.0 0.0 0.008 0.0 0.0 0.0 0.026
0.0 0.0 0.008 0.0 0.0 0.0 0.026
0.0 0.0 0.008 0.0 0.0 0.0 0.026
0.0 0.0 0.008 0.0 0.0 0.0 0.026
0.0 0.0 0.008 0.0 0.0 0.0 0.026
0.0 0.0 0.008 0.0 0.0 0.0 0.026
0.0 0.0 0.008 0.0 0.0 0.0 0.026
0.0 0.0 0.008 0.0 0.0 0.0 0.026
0.0 0.0 0.008 0.0 0.0 0.0 0.026
0.0 0.0 0.008 0.0 0.0 0.0 0.026
0.095 0.0 0.008 0.0 0.0 0.0 0.026
0.095 0.0 0.008 0.0 0.0 0.0 0.026
0.0 0.0 0.008 0.0 0.0 0.0 0.026
0.0 0.0 0.008 0.0 0.0 0.0 0.026
0.0 0.0 0.008 0.0 0.0 0.0 0.026
0.0 0.0 0.008 0.0 0.0 0.0 0.026
0.0 0.0 0.008 0.0 0.0 0.0 0.026
0.0 0.0 0.008 0.0 0.0 0.0 0.026
0.0 0.0 0.008 0.0 0.0 0.0 0.026
0.0 0.0 0.008 0.0 0.0 0.0 0.026
0.0 0.0 0.008 0.0 0.0 0.0 0.026
0.0 0.0 0.008 0.0 0.0 0.0 0.026
0.0 0.0 0.008 0.0 0.0 0.0 0.026
0.0 0.0 0.008 0.0 0.0 0.0 0.026
0.095 0.0 0.008 0.0 0.0 0.0 0.026
0.095 0.0 0.008 0.0 0.0 0.0 0.026
0.0 0.0 0.008 0.0 0.0 0.0 0.026
0.0 0.0 0.008 0.0 0.0 0.0 0.026
0.0 0.0 0.008 0.0 0.0 0.0 0.026
0.0 0.0 0.008 0.0 0.0 0.0 0.026
0.0 0.0 0.008 0.0 0.0 0.0 0.026
0.0 0.0 0.008 0.0 0.0 0.0 0.026
0.0 0.0 0.008 0.0 0.0 0.0 0.026
0.0 0.0 0.008 0.0 0.0 0.0 0.026
0.0 0.0 0.008 0.0 0.0 0.0 0.026
0.0 0.0 0.008 0.0 0.0 0.0 0.026
0.0 0.0 0.008 0.0 0.0 0.0 0.026
0.0 0.0 0.008 0.0 0.0 0.0 0.026
0.095 0.0 0.008 0.0 0.0 0.0 0.026
0.095 0.0 0.008 0.0 0.0 0.0 0.026
0.0 0.0 0.008 0.0 0.0 0.0 0.026
0.0 0.0 0.008 0.0 0.0 0.0 0.026
0.0 0.0 0.008 0.0 0.0 0.0 0.026
0.0 0.0 0.008 0.0 0.0 0.0 0.026
0.0 0.0 0.008 0.0 0.0 0.0 0.026
0.0 0.0 0.008 0.0 0.0 0.0 0.026
0.0 0.0 0.008 0.0 0.0 0.0 0.026
0.0 0.0 0.008 0.0 0.0 0.0 0.026
0.0 0.0 0.008 0.0 0.0 0.0 0.026
0.0 0.0 0.008 0.0 0.0 0.0 0.026
0.0 0.0 0.008 0.0 0.0 0.0 0.026
0.0 0.0 0.008 0.0 0.0 0.0 0.026
0.095 0.0 0.008 0.0 0.0 0.0 0.026
0.095 0.0 0.008 0.0 0.0 0.0 0.026
0.0 0.0 0.008 0.0 0.0 0.0 0.026
0.0 0.0 0.008 0.0 0.0 0.0 0.026
0.0 0.0 0.008 0.0 0.0 0.0 0.026
0.0 0.0 0.008 0.0 0.0 0.0 0.026
0.0 0.0 0.008 0.0 0.0 0.0 0.026
0.0 0.0 0.008 0.0 0.0 0.0 0.026
0.0 0.0 0.008 0.0 0.0 0.0 0.026
0.0 0.0 0.008 0.0 0.0 0.0 0.026
0.0 0.0 0.008 0.0 0.0 0.0 0.026
0.0 0.0 0.008 0.0 0.0 0.0 0.026
0.0 0.0 0.008 0.0 0.0 0.0 0.026
0.0 0.0 0.008 0.0 0.0 0.0 0.026
0.095 0.0 0.008 0.0 0.0 0.0 0.026
0.095 0.055 0.008 0.0 0.0 0.0 0.026
0.0 0.055 0.008 0.0 0.0 0.0 0.026
0.0 0.055 0.008 0.0 0.0 0.0 0.026
0.0 0.055 0.008 0.0 0.0 0.0 0.026
0.0 0.055 0.008 0.0 0.0 0.0 0.026
0.0 0.055 0.008 0.0 0.0 0.0 0.026
0.0 0.055 0.008 0.0 0.0 0.0 0.026
0.0 0.055 0.008 0.0 0.0 0.0 0.026
0.0 0.055 0.008 0.0 0.0 0.0 0.026
0.0 0.055 0.008 0.0 0.0 0.0 0.026
0.0 0.055 0.008 0.0 0.0 0.0 0.026
0.0 0.055 0.008 0.0 0.0 0.0 0.026
0.0 0.055 0.008 0.0 0.0 0.0 0.026
0.095 0.055 0.008 0.0 0.0 0.0 0.026
0.095 0.055 0.008 0.0 0.0 0.0 0.026
0.0 0.055 0.008 0.0 0.0 0.0 0.026
0.0 0.055 0.008 0.0 0.0 0.0 0.026
0.0 0.055 0.008 0.0 0.0 0.0 0.026
0.0 0.055 0.008 0.0 0.0 0.0 0.026
0.0 0.055 0.008 0.0 0.0 0.0 0.026
0.0 0.055 0.008 0.0 0.0 0.0 0.026
0.0 0.055 0.008 0.0 0.0 0.0 0.026
0.0 0.055 0.008 0.0 0.0 0.0 0.026
0.0 0.055 0.008 0.0 0.0 0.0 0.026
0.0 0.055 0.008 0.0 0.0 0.0 0.026
0.0 0.055 0.008 0.0 0.0 0.0 0.026
0.0 0.055 0.008 0.0 0.0 0.0 0.026
0.095 0.055 0.008 0.0 0.0 0.0 0.026
0.095 0.0 0.008 0.0 0.0 0.0 0.026
0.0 0.0 0.008 0.0 0.0 0.0 0.026
0.0 0.0 0.008 0.0 0.0 0.0 0.026
0.0 0.0 0.008 0.0 0.0 0.0 0.026
0.0 0.0 0.008 0.0 0.0 0.0 0.026
0.0 0.0 0.008 0.0 0.0 0.0 0.026
0.0 0.0 0.008 0.0 0.0 0.0 0.026
0.0 0.0 0.008 0.0 0.0 0.0 0.026
0.0 0.0 0.008 0.0 0.0 0.0 0.026
0.0 0.0 0.008 0.0 0.0 0.0 0.026
0.0 0.0 0.008 0.0 0.0 0.0 0.026
0.0 0.0 0.008 0.0 0.0 0.0 0.026
0.0 0.0 0.008 0.0 0.0 0.0 0.026
0.095 0.0 0.008 0.0 0.0 0.0 0.026
0.095 0.0 0.008 0.0 0.0 0.0 0.026
0.0 0.0 0.008 0.0 0.0 0.0 0.026
0.0 0.0 0.008 0.0 0.0 0.0 0.026
0.0 0.0 0.008 0.0 0.0 0.0 0.026
0.0 0.0 0.008 0.0 0.0 0.0 0.026
0.0 0.0 0.008 0.0 0.0 0.0 0.026
0.0 0.0 0.008 0.0 0.0 0.0 0.026
0.0 0.0 0.008 0.0 0.0 0.0 0.026
0.0 0.0 0.008 0.0 0.0 0.0 0.026
0.0 0.0 0.008 0.0 0.0 0.0 0.026
0.0 0.0 0.008 0.0 0.0 0.0 0.026
0.0 0.0 0.008 0.0 0.0 0.0 0.026
0.0 0.0 0.008 0.0 0.0 0.0 0.026
0.095 0.0 0.008 0.0 0.0 0.0 0.026
0.095 0.0 0.008 0.0 0.0 0.0 0.026
0.0 0.0 0.008 0.0 0.0 0.0 0.026
0.0 0.0 0.008 0.0 0.0 0.0 0.026
0.0 0.0 0.008 0.0 0.0 0.0 0.026
0.0 0.0 0.008 0.0 0.0 0.0 0.026
0.0 0.0 0.008 0.0 0.0 0.0 0.026
0.0 0.0 0.008 0.0 0.0 0.0 0.026
0.0 0.0 0.008 0.0 0.0 0.0 0.026
0.0 0.0 0.008 0.0 0.0 0.0 0.026
0.0 0.0 0.008 0.0 0.0 0.0 0.026
0.0 0.0 0.008 0.0 0.0 0.0 0.026
0.0 0.0 0.008 0.0 0.0 0.0 0.026
0.0 0.0 0.008 0.0 0.0 0.0 0.026
0.095 0.0 0.008 0.0 0.0 0.0 0.026
0.095 0.0 0.008 0.0 0.0 0.0 0.026
0.0 0.0 0.008 0.0 0.0 0.0 0.026
0.0 0.0 0.008 0.0 0.0 0.0 0.026
0.0 0.0 0.008 0.0 0.0 0.0 0.026
0.0 0.0 0.008 0.0 0.0 0.0 0.026
0.0 0.0 0.008 0.0 0.0 0.0 0.026
0.0 0.0 0.008 0.0 0.0 0.0 0.026
0.0 0.0 0.008 0.0 0.0 0.0 0.026
0.0 0.0 0.008 0.0 0.0 0.0 0.026
0.0 0.0 0.008 0.0 0.0 0.0 0.026
0.0 0.0 0.008 0.0 0.0 0.0 0.026
0.0 0.0 0.008 0.0 0.0 0.0 0.026
0.0 0.0 0.008 0.0 0.0 0.0 0.026
0.095 0.0 0.008 0.0 0.0 0.0 0.026
0.095 0.0 0.008 0.0 0.0 0.0 0.026
0.0 0.0 0.008 0.0 0.0 0.0 0.026
0.0 0.0 0.008 0.0 0.0 0.0 0.026
0.0 0.0 0.008 0.0 0.0 0.0 0.026
0.0 0.0 0.008 0.0 0.0 0.0 0.026
0.0 0.0 0.008 0.0 0.0 0.0 0.026
0.0 0.0 0.008 0.0 0.0 0.0 0.026
0.0 0.0 0.008 0.0 0.0 0.0 0.026
0.0 0.0 0.008 0.0 0.0 0.0 0.026
0.0 0.0 0.008 0.0 0.0 0.0 0.026
0.0 0.0 0.008 0.0 0.0 0.0 0.026
0.0 0.0 0.008 0.0 0.0 0.0 0.026
0.0 0.0 0.008 0.0 0.0 0.0 0.026
0.095 0.0 0.008 0.0 0.0 0.0 0.026
0.095 0.0 0.008 0.0 0.0 0.0 0.026
0.0 0.0 0.008 0.0 0.0 0.0 0.026
0.0 0.0 0.008 0.0 0.0 0.0 0.026
0.0 0.0 0.008 0.0 0.0 0.0 0.026
0.0 0.0 0.008 0.0 0.0 0.0 0.026
0.0 0.0 0.008 0.0 0.0 0.0 0.026
0.0 0.0 0.008 0.0 0.0 0.0 0.026
0.0 0.0 0.008 0.0 0.0 0.0 0.026
0.0 0.0 0.008 0.0 0.0 0.0 0.026
0.0 0.0 0.008 0.0 0.0 0.0 0.026
0.0 0.0 0.008 0.0 0.0 0.0 0.026
0.0 0.0 0.008 0.0 0.0 0.0 0.026
0.0 0.0 0.008 0.0 0.0 0.0 0.026
0.095 0.0 0.008 0.0 0.0 0.0 0.026
0.095 0.0 0.008 0.0 0.0 0.0 0.026
0.0 0.0 0.008 0.0 0.0 0.0 0.026
0.0 0.0 0.008 0.0 0.0 0.0 0.026
0.0 0.0 0.008 0.0 0.0 0.0 0.026
0.0 0.0 0.008 0.0 0.0 0.0 0.026
0.0 0.0 0.008 0.0 0.0 0.0 0.026
0.0 0.0 0.008 0.0 0.0 0.0 0.026
0.0 0.0 0.008 0.0 0.0 0.0 0.026
0.0 0.0 0.008 0.0 0.0 0.0 0.026
0.0 0.0 0.008 0.0 0.0 0.0 0.026
0.0 0.0 0.008 0.0 0.0 0.0 0.026
0.0 0.0 0.008 0.0 0.0 0.0 0.026
0.0 0.0 0.008 0.0 0.0 0.0 0.026
0.095 0.0 0.008 0.0 0.0 0.0 0.026
0.095 0.0 0.008 0.0 0.0 0.0 0.026
0.0 0.0 0.008 0.0 0.0 0.0 0.026
0.0 0.0 0.008 0.0 0.0 0.0 0.026
0.0 0.0 0.008 0.0 0.0 0.0 0.026
0.0 0.0 0.008 0.0 0.0 0.0 0.026
0.0 0.0 0.008 0.0 0.0 0.0 0.026
0.0 0.0 0.008 0.0 0.0 0.0 0.026
0.0 0.0 0.008 0.0 0.0 0.0 0.026
0.0 0.0 0.008 0.0 0.0 0.0 0.026
0.0 0.0 0.008 0.0 0.0 0.0 0.026
0.0 0.0 0.008 0.0 0.0 0.0 0.026
0.0 0.0 0.008 0.0 0.0 0.0 0.026
0.0 0.0 0.008 0.0 0.0 0.0 0.026
0.095 0.0 0.008 0.0 0.0 0.0 0.026
0.095 0.0 0.008 0.0 0.0 0.0 0.026
0.0 0.0 0.008 0.0 0.0 0.0 0.026
0.0 0.0 0.008 0.0 0.0 0.0 0.026
0.0 0.0 0.008 0.0 0.0 0.0 0.026
0.0 0.0 0.008 0.0 0.0 0.0 0.026
0.0 0.0 0.008 0.0 0.0 0.0 0.026
0.0 0.0 0.008 0.0 0.0 0.0 0.026
0.0 0.0 0.008 0.0 0.0 0.0 0.026
0.0 0.0 0.008 0.0 0.0 0.0 0.026
0.0 0.0 0.008 0.0 0.0 0.0 0.026
0.0 0.0 0.008 0.0 0.0 0.0 0.026
0.0 0.0 0.008 0.0 0.0 0.0 0.026
0.0 0.0 0.008 0.0 0.0 0.0 0.026
0.095 0.0 0.008 0.0 0.0 0.0 0.026
0.095 0.0 0.008 0.0 0.0 0.0 0.026
0.0 0.0 0.008 0.0 0.0 0.0 0.026
0.0 0.0 0.008 0.0 0.0 0.0 0.026
0.0 0.0 0.008 0.0 0.0 0.0 0.026
0.0 0.0 0.008 0.0 0.0 0.0 0.026
0.0 0.0 0.008 0.0 0.0 0.0 0.026
0.0 0.0 0.008 0.0 0.0 0.0 0.026
0.0 0.0 0.008 0.0 0.0 0.0 0.026
0.0 0.0 0.008 0.0 0.0 0.0 0.026
0.0 0.0 0.008 0.0 0.0 0.0 0.026
0.0 0.0 0.008 0.0 0.0 0.0 0.026
0.0 0.0 0.008 0.0 0.0 0.0 0.026
0.0 0.0 0.008 0.0 0.0 0.0 0.026
0.095 0.0 0.008 0.0 0.0 0.0 0.026
0.095 0.0 0.008 0.0 0.0 0.0 0.026
0.0 0.0 0.008 0.0 0.0 0.0 0.026
0.0 0.0 0.008 0.0 0.0 0.0 0.026
0.0 0.0 0.008 0.0 0.0 0.0 0.026
0.0 0.0 0.008 0.0 0.0 0.0 0.026
0.0 0.0 0.008 0.0 0.0 0.0 0.026
0.0 0.0 0.008 0.0 0.0 0.0 0.026
0.0 0.0 0.008 0.0 0.0 0.0 0.026
0.0 0.0 0.008 0.0 0.0 0.0 0.026
0.0 0.0 0.008 0.0 0.0 0.0 0.026
0.0 0.0 0.008 0.0 0.0 0.0 0.026
0.0 0.0 0.008 0.0 0.0 0.0 0.026
0.0 0.0 0.008 0.0 0.0 0.0 0.026
0.095 0.0 0.008 0.0 0.0 0.0 0.026
0.095 0.0 0.008 0.0 0.0 0.0 0.026
0.0 0.0 0.008 0.0 0.0 0.0 0.026
0.0 0.0 0.008 0.0 0.0 0.0 0.026
0.0 0.0 0.008 0.0 0.0 0.0 0.026
0.0 0.0 0.008 0.0 0.0 0.0 0.026
0.0 0.0 0.008 0.0 0.0 0.0 0.026
0.0 0.0 0.008 0.0 0.0 0.0 0.026
0.0 0.0 0.008 0.0 0.0 0.0 0.026
0.0 0.0 0.008 0.0 0.0 0.0 0.026
0.0 0.0 0.008 0.0 0.0 0.0 0.026
0.0 0.0 0.008 0.0 0.0 0.0 0.026
0.0 0.0 0.008 0.0 0.0 0.0 0.026
0.0 0.0 0.008 0.0 0.0 0.0 0.026
0.095 0.0 0.008 0.0 0.0 0.0 0.026
0.095 0.055 0.008 0.0 0.0 0.0 0.026
0.0 0.055 0.008 0.0 0.0 0.0 0.026
0.0 0.055 0.008 0.0 0.0 0.0 0.026
0.0 0.055 0.008 0.0 0.0 0.0 0.026
0.0 0.055 0.008 0.0 0.0 0.0 0.026
0.0 0.055 0.008 0.0 0.0 0.0 0.026
0.0 0.055 0.008 0.0 0.0 0.0 0.026
0.0 0.055 0.008 0.0 0.0 0.0 0.026
0.0 0.055 0.008 0.0 0.0 0.0 0.026
0.0 0.055 0.008 0.0 0.0 0.0 0.026
0.0 0.055 0.008 0.0 0.0 0.0 0.026
0.0 0.055 0.008 0.0 0.0 0.0 0.026
0.0 0.055 0.008 0.0 0.0 0.0 0.026
0.095 0.055 0.008 0.0 0.0 0.0 0.026
0.095 0.055 0.008 0.0 0.0 0.0 0.026
0.0 0.055 0.008 0.0 0.0 0.0 0.026
0.0 0.055 0.008 0.0 0.0 0.0 0.026
0.0 0.055 0.008 0.0 0.0 0.0 0.026
0.0 0.055 0.008 0.0 0.0 0.0 0.026
0.0 0.055 0.008 0.0 0.0 0.0 0.026
0.0 0.055 0.008 0.0 0.0 0.0 0.026
0.0 0.055 0.008 0.0 0.0 0.0 0.026
0.0 0.055 0.008 0.0 0.0 0.0 0.026
0.0 0.055 0.008 0.0 0.0 0.0 0.026
0.0 0.055 0.008 0.0 0.0 0.0 0.026
0.0 0.055 0.008 0.0 0.0 0.0 0.026
0.0 0.055 0.008 0.0 0.0 0.0 0.026
0.095 0.055 0.008 0.0 0.0 0.0 0.026
0.095 0.0 0.008 0.0 0.0 0.0 0.026
0.0 0.0 0.008 0.0 0.0 0.0 0.026
0.0 0.0 0.008 0.0 0.0 0.0 0.026
0.0 0.0 0.008 0.0 0.0 0.0 0.026
0.0 0.0 0.008 0.0 0.0 0.0 0.026
0.0 0.0 0.008 0.0 0.0 0.0 0.026
0.0 0.0 0.008 0.0 0.0 0.0 0.026
0.0 0.0 0.008 0.0 0.0 0.0 0.026
0.0 0.0 0.008 0.0 0.0 0.0 0.026
0.0 0.0 0.008 0.0 0.0 0.0 0.026
0.0 0.0 0.008 0.0 0.0 0.0 0.026
0.0 0.0 0.008 0.0 0.0 0.0 0.026
0.0 0.0 0.008 0.0 0.0 0.0 0.026
0.095 0.0 0.008 0.0 0.0 0.0 0.026
0.095 0.0 0.008 0.0 0.0 0.0 0.026
0.0 0.0 0.008 0.0 0.0 0.0 0.026
0.0 0.0 0.008 0.0 0.0 0.0 0.026
0.0 0.0 0.008 0.0 0.0 0.0 0.026
0.0 0.0 0.008 0.0 0.0 0.0 0.026
0.0 0.0 0.008 0.0 0.0 0.0 0.026
0.0 0.0 0.008 0.0 0.0 0.0 0.026
0.0 0.0 0.008 0.0 0.0 0.0 0.026
0.0 0.0 0.008 0.0 0.0 0.0 0.026
0.0 0.0 0.008 0.0 0.0 0.0 0.026
0.0 0.0 0.008 0.0 0.0 0.0 0.026
0.0 0.0 0.008 0.0 0.0 0.0 0.026
0.0 0.0 0.008 0.0 0.0 0.0 0.026
0.095 0.0 0.008 0.0 0.0 0.0 0.026
0.095 0.0 0.008 0.0 0.0 0.0 0.026
0.0 0.0 0.008 0.0 0.0 0.0 0.026
0.0 0.0 0.008 0.0 0.0 0.0 0.026
0.0 0.0 0.008 0.0 0.0 0.0 0.026
0.0 0.0 0.008 0.0 0.0 0.0 0.026
0.0 0.0 0.008 0.0 0.0 0.0 0.026
0.0 0.0 0.008 0.0 0.0 0.0 0.026
0.0 0.0 0.008 0.0 0.0 0.0 0.026
0.0 0.0 0.008 0.0 0.0 0.0 0.026
0.0 0.0 0.008 0.0 0.0 0.0 0.026
0.0 0.0 0.008 0.0 0.0 0.0 0.026
0.0 0.0 0.008 0.0 0.0 0.0 0.026
0.0 0.0 0.008 0.0 0.0 0.0 0.026
0.095 0.0 0.008 0.0 0.0 0.0 0.026
0.095 0.0 0.008 0.0 0.0 0.0 0.026
0.0 0.0 0.008 0.0 0.0 0.0 0.026
0.0 0.0 0.008 0.0 0.0 0.0 0.026
0.0 0.0 0.008 0.0 0.0 0.0 0.026
0.0 0.0 0.008 0.0 0.0 0.0 0.026
0.0 0.0 0.008 0.0 0.0 0.0 0.026
0.0 0.0 0.008 0.0 0.0 0.0 0.026
0.0 0.0 0.008 0.0 0.0 0.0 0.026
0.0 0.0 0.008 0.0 0.0 0.0 0.026
0.0 0.0 0.008 0.0 0.0 0.0 0.026
0.0 0.0 0.008 0.0 0.0 0.0 0.026
0.0 0.0 0.008 0.0 0.0 0.0 0.026
0.0 0.0 0.008 0.0 0.0 0.0 0.026
0.095 0.0 0.008 0.0 0.0 0.0 0.026
0.095 0.0 0.008 0.0 0.0 0.0 0.026
0.0 0.0 0.008 0.0 0.0 0.0 0.026
0.0 0.0 0.008 0.0 0.0 0.0 0.026
0.0 0.0 0.008 0.0 0.0 0.0 0.026
0.0 0.0 0.008 0.0 0.0 0.0 0.026
0.0 0.0 0.008 0.0 0.0 0.0 0.026
0.0 0.0 0.008 0.0 0.0 0.0 0.026
0.0 0.0 0.008 0.0 0.0 0.0 0.026
0.0 0.0 0.008 0.0 0.0 0.0 0.026
0.0 0.0 0.008 0.0 0.0 0.0 0.026
0.0 0.0 0.008 0.0 0.0 0.0 0.026
0.0 0.0 0.008 0.0 0.0 0.0 0.026
0.0 0.0 0.008 0.0 0.0 0.0 0.026
0.095 0.0 0.008 0.0 0.0 0.0 0.026
0.095 0.0 0.008 0.0 0.0 0.0 0.026
0.0 0.0 0.008 0.0 0.0 0.0 0.026
0.0 0.0 0.008 0.0 0.0 0.0 0.026
0.0 0.0 0.008 0.0 0.0 0.0 0.026
0.0 0.0 0.008 0.0 0.0 0.0 0.026
0.0 0.0 0.008 0.0 0.0 0.0 0.026
0.0 0.0 0.008 0.0 0.0 0.0 0.026
0.0 0.0 0.008 0.0 0.0 0.0 0.026
0.0 0.0 0.008 0.0 0.0 0.0 0.026
0.0 0.0 0.008 0.0 0.0 0.0 0.026
0.0 0.0 0.008 0.0 0.0 0.0 0.026
0.0 0.0 0.008 0.0 0.0 0.0 0.026
0.0 0.0 0.008 0.0 0.0 0.0 0.026
0.095 0.0 0.008 0.0 0.0 0.0 0.026
0.095 0.0 0.008 0.0 0.0 0.0 0.026
0.0 0.0 0.008 0.0 0.0 0.0 0.026
0.0 0.0 0.008 0.0 0.0 0.0 0.026
0.0 0.0 0.008 0.0 0.0 0.0 0.026
0.0 0.0 0.008 0.0 0.0 0.0 0.026
0.0 0.0 0.008 0.0 0.0 0.0 0.026
0.0 0.0 0.008 0.0 0.0 0.0 0.026
0.0 0.0 0.008 0.0 0.0 0.0 0.026
0.0 0.0 0.008 0.0 0.0 0.0 0.026
0.0 0.0 0.008 0.0 0.0 0.0 0.026
0.0 0.0 0.008 0.0 0.0 0.0 0.026
0.0 0.0 0.008 0.0 0.0 0.0 0.026
0.0 0.0 0.008 0.0 0.0 0.0 0.026
0.095 0.0 0.008 0.0 0.0 0.0 0.026
0.095 0.0 0.008 0.0 0.0 0.0 0.026
0.0 0.0 0.008 0.0 0.0 0.0 0.026
0.0 0.0 0.008 0.0 0.0 0.0 0.026
0.0 0.0 0.008 0.0 0.0 0.0 0.026
0.0 0.0 0.008 0.0 0.0 0.0 0.026
0.0 0.0 0.008 0.0 0.0 0.0 0.026
0.0 0.0 0.008 0.0 0.0 0.0 0.026
0.0 0.0 0.008 0.0 0.0 0.0 0.026
0.0 0.0 0.008 0.0 0.0 0.0 0.026
0.0 0.0 0.008 0.0 0.0 0.0 0.026
0.0 0.0 0.008 0.0 0.0 0.0 0.026
0.0 0.0 0.008 0.0 0.0 0.0 0.026
0.0 0.0 0.008 0.0 0.0 0.0 0.026
0.095 0.0 0.008 0.0 0.0 0.0 0.026
0.095 0.0 0.008 0.0 0.0 0.0 0.026
0.0 0.0 0.008 0.0 0.0 0.0 0.026
0.0 0.0 0.008 0.0 0.0 0.0 0.026
0.0 0.0 0.008 0.0 0.0 0.0 0.026
0.0 0.0 0.008 0.0 0.0 0.0 0.026
0.0 0.0 0.008 0.0 0.0 0.0 0.026
0.0 0.0 0.008 0.0 0.0 0.0 0.026
0.0 0.0 0.008 0.0 0.0 0.0 0.026
0.0 0.0 0.008 0.0 0.0 0.0 0.026
0.0 0.0 0.008 0.0 0.0 0.0 0.026
0.0 0.0 0.008 0.0 0.0 0.0 0.026
0.0 0.0 0.008 0.0 0.0 0.0 0.026
0.0 0.0 0.008 0.0 0.0 0.0 0.026
0.095 0.0 0.008 0.0 0.0 0.0 0.026
0.095 0.0 0.008 0.0 0.0 0.0 0.026
0.0 0.0 0.008 0.0 0.0 0.0 0.026
0.0 0.0 0.008 0.0 0.0 0.0 0.026
0.0 0.0 0.008 0.0 0.0 0.0 0.026
0.0 0.0 0.008 0.0 0.0 0.0 0.026
0.0 0.0 0.008 0.0 0.0 0.0 0.026
0.0 0.0 0.008 0.0 0.0 0.0 0.026
0.0 0.0 0.008 0.0 0.0 0.0 0.026
0.0 0.0 0.008 0.0 0.0 0.0 0.026
0.0 0.0 0.008 0.0 0.0 0.0 0.026
0.0 0.0 0.008 0.0 0.0 0.0 0.026
0.0 0.0 0.008 0.0 0.0 0.0 0.026
0.0 0.0 0.008 0.0 0.0 0.0 0.026
0.095 0.0 0.008 0.0 0.0 0.0 0.026
0.095 0.0 0.008 0.0 0.0 0.0 0.026
0.0 0.0 0.008 0.0 0.0 0.0 0.026
0.0 0.0 0.008 0.0 0.0 0.0 0.026
0.0 0.0 0.008 0.0 0.0 0.0 0.026
0.0 0.0 0.008 0.0 0.0 0.0 0.026
0.0 0.0 0.008 0.0 0.0 0.0 0.026
0.0 0.0 0.008 0.0 0.0 0.0 0.026
0.0 0.0 0.008 0.0 0.0 0.0 0.026
0.0 0.0 0.008 0.0 0.0 0.0 0.026
0.0 0.0 0.008 0.0 0.0 0.0 0.026
0.0 0.0 0.008 0.0 0.0 0.0 0.026
0.0 0.0 0.008 0.0 0.0 0.0 0.026
0.0 0.0 0.008 0.0 0.0 0.0 0.026
0.095 0.0 0.008 0.0 0.0 0.0 0.026
0.095 0.0 0.008 0.0 0.0 0.0 0.026
0.0 0.0 0.008 0.0 0.0 0.0 0.026
0.0 0.0 0.008 0.0 0.0 0.0 0.026
0.0 0.0 0.008 0.0 0.0 0.0 0.026
0.0 0.0 0.008 0.0 0.0 0.0 0.026
0.0 0.0 0.008 0.0 0.0 0.0 0.026
0.0 0.0 0.008 0.0 0.0 0.0 0.026
0.0 0.0 0.008 0.0 0.0 0.0 0.026
0.0 0.0 0.008 0.0 0.0 0.0 0.026
0.0 0.0 0.008 0.0 0.0 0.0 0.026
0.0 0.0 0.008 0.0 0.0 0.0 0.026
0.0 0.0 0.008 0.0 0.0 0.0 0.026
0.0 0.0 0.008 0.0 0.0 0.0 0.026
0.095 0.0 0.008 0.0 0.0 0.0 0.026
0.095 0.055 0.008 0.0 0.0 0.0 0.026
0.0 0.055 0.008 0.0 0.0 0.0 0.026
0.0 0.055 0.008 0.0 0.0 0.0 0.026
0.0 0.055 0.008 0.0 0.0 0.0 0.026
0.0 0.055 0.008 0.0 0.0 0.0 0.026
0.0 0.055 0.008 0.0 0.0 0.0 0.026
0.0 0.055 0.008 0.0 0.0 0.0 0.026
0.0 0.055 0.008 0.0 0.0 0.0 0.026
0.0 0.055 0.008 0.0 0.0 0.0 0.026
0.0 0.055 0.008 0.0 0.0 0.0 0.026
0.0 0.055 0.008 0.0 0.0 0.0 0.026
0.0 0.055 0.008 0.0 0.0 0.0 0.026
0.0 0.055 0.008 0.0 0.0 0.0 0.026
0.095 0.055 0.008 0.0 0.0 0.0 0.026
0.095 0.055 0.008 0.0 0.0 0.0 0.026
0.0 0.055 0.008 0.0 0.0 0.0 0.026
0.0 0.055 0.008 0.0 0.0 0.0 0.026
0.0 0.055 0.008 0.0 0.0 0.0 0.026
0.0 0.055 0.008 0.0 0.0 0.0 0.026
0.0 0.055 0.008 0.0 0.0 0.0 0.026
0.0 0.055 0.008 0.0 0.0 0.0 0.026
0.0 0.055 0.008 0.0 0.0 0.0 0.026
0.0 0.055 0.008 0.0 0.0 0.0 0.026
0.0 0.055 0.008 0.0 0.0 0.0 0.026
0.0 0.055 0.008 0.0 0.0 0.0 0.026
0.0 0.055 0.008 0.0 0.0 0.0 0.026
0.0 0.055 0.008 0.0 0.0 0.0 0.026
0.095 0.055 0.008 0.0 0.0 0.0 0.026
0.095 0.0 0.008 0.0 0.0 0.0 0.026
0.0 0.0 0.008 0.0 0.0 0.0 0.026
0.0 0.0 0.008 0.0 0.0 0.0 0.026
0.0 0.0 0.008 0.0 0.0 0.0 0.026
0.0 0.0 0.008 0.0 0.0 0.0 0.026
0.0 0.0 0.008 0.0 0.0 0.0 0.026
0.0 0.0 0.008 0.0 0.0 0.0 0.026
0.0 0.0 0.008 0.0 0.0 0.0 0.026
0.0 0.0 0.008 0.0 0.0 0.0 0.026
0.0 0.0 0.008 0.0 0.0 0.0 0.026
0.0 0.0 0.008 0.0 0.0 0.0 0.026
0.0 0.0 0.008 0.0 0.0 0.0 0.026
0.0 0.0 0.008 0.0 0.0 0.0 0.026
0.095 0.0 0.008 0.0 0.0 0.0 0.026
0.095 0.0 0.008 0.0 0.0 0.0 0.026
0.0 0.0 0.008 0.0 0.0 0.0 0.026
0.0 0.0 0.008 0.0 0.0 0.0 0.026
0.0 0.0 0.008 0.0 0.0 0.0 0.026
0.0 0.0 0.008 0.0 0.0 0.0 0.026
0.0 0.0 0.008 0.0 0.0 0.0 0.026
0.0 0.0 0.008 0.0 0.0 0.0 0.026
0.0 0.0 0.008 0.0 0.0 0.0 0.026
0.0 0.0 0.008 0.0 0.0 0.0 0.026
0.0 0.0 0.008 0.0 0.0 0.0 0.026
0.0 0.0 0.008 0.0 0.0 0.0 0.026
0.0 0.0 0.008 0.0 0.0 0.0 0.026
0.0 0.0 0.008 0.0 0.0 0.0 0.026
0.095 0.0 0.008 0.0 0.0 0.0 0.026
0.095 0.0 0.008 0.0 0.0 0.0 0.026
0.0 0.0 0.008 0.0 0.0 0.0 0.026
0.0 0.0 0.008 0.0 0.0 0.0 0.026
0.0 0.0 0.008 0.0 0.0 0.0 0.026
0.0 0.0 0.008 0.0 0.0 0.0 0.026
0.0 0.0 0.008 0.0 0.0 0.0 0.026
0.0 0.0 0.008 0.0 0.0 0.0 0.026
0.0 0.0 0.008 0.0 0.0 0.0 0.026
0.0 0.0 0.008 0.0 0.0 0.0 0.026
0.0 0.0 0.008 0.0 0.0 0.0 0.026
0.0 0.0 0.008 0.0 0.0 0.0 0.026
0.0 0.0 0.008 0.0 0.0 0.0 0.026
0.0 0.0 0.008 0.0 0.0 0.0 0.026
0.095 0.0 0.008 0.0 0.0 0.0 0.026
0.095 0.0 0.008 0.0 0.0 0.0 0.026
0.0 0.0 0.008 0.0 0.0 0.0 0.026
0.0 0.0 0.008 0.0 0.0 0.0 0.026
0.0 0.0 0.008 0.0 0.0 0.0 0.026
0.0 0.0 0.008 0.0 0.0 0.0 0.026
0.0 0.0 0.008 0.0 0.0 0.0 0.026
0.0 0.0 0.008 0.0 0.0 0.0 0.026
0.0 0.0 0.008 0.0 0.0 0.0 0.026
0.0 0.0 0.008 0.0 0.0 0.0 0.026
0.0 0.0 0.008 0.0 0.0 0.0 0.026
0.0 0.0 0.008 0.0 0.0 0.0 0.026
0.0 0.0 0.008 0.0 0.0 0.0 0.026
0.0 0.0 0.008 0.0 0.0 0.0 0.026
0.095 0.0 0.008 0.0 0.0 0.0 0.026
0.095 0.0 0.008 0.0 0.0 0.0 0.026
0.0 0.0 0.008 0.0 0.0 0.0 0.026
0.0 0.0 0.008 0.0 0.0 0.0 0.026
0.0 0.0 0.008 0.0 0.0 0.0 0.026
0.0 0.0 0.008 0.0 0.0 0.0 0.026
0.0 0.0 0.008 0.0 0.0 0.0 0.026
0.0 0.0 0.008 0.0 0.0 0.0 0.026
0.0 0.0 0.008 0.0 0.0 0.0 0.026
0.0 0.0 0.008 0.0 0.0 0.0 0.026
0.0 0.0 0.008 0.0 0.0 0.0 0.026
0.0 0.0 0.008 0.0 0.0 0.0 0.026
0.0 0.0 0.008 0.0 0.0 0.0 0.026
0.0 0.0 0.008 0.0 0.0 0.0 0.026
0.095 0.0 0.008 0.0 0.0 0.0 0.026
0.095 0.0 0.008 0.0 0.0 0.0 0.026
0.0 0.0 0.008 0.0 0.0 0.0 0.026
0.0 0.0 0.008 0.0 0.0 0.0 0.026
0.0 0.0 0.008 0.0 0.0 0.0 0.026
0.0 0.0 0.008 0.0 0.0 0.0 0.026
0.0 0.0 0.008 0.0 0.0 0.0 0.026
0.0 0.0 0.008 0.0 0.0 0.0 0.026
0.0 0.0 0.008 0.0 0.0 0.0 0.026
0.0 0.0 0.008 0.0 0.0 0.0 0.026
0.0 0.0 0.008 0.0 0.0 0.0 0.026
0.0 0.0 0.008 0.0 0.0 0.0 0.026
0.0 0.0 0.008 0.0 0.0 0.0 0.026
0.0 0.0 0.008 0.0 0.0 0.0 0.026
0.095 0.0 0.008 0.0 0.0 0.0 0.026
0.095 0.0 0.008 0.0 0.0 0.0 0.026
0.0 0.0 0.008 0.0 0.0 0.0 0.026
0.0 0.0 0.008 0.0 0.0 0.0 0.026
0.0 0.0 0.008 0.0 0.0 0.0 0.026
0.0 0.0 0.008 0.0 0.0 0.0 0.026
0.0 0.0 0.008 0.0 0.0 0.0 0.026
0.0 0.0 0.008 0.0 0.0 0.0 0.026
0.0 0.0 0.008 0.0 0.0 0.0 0.026
0.0 0.0 0.008 0.0 0.0 0.0 0.026
0.0 0.0 0.008 0.0 0.0 0.0 0.026
0.0 0.0 0.008 0.0 0.0 0.0 0.026
0.0 0.0 0.008 0.0 0.0 0.0 0.026
0.0 0.0 0.008 0.0 0.0 0.0 0.026
0.095 0.0 0.008 0.0 0.0 0.0 0.026
0.095 0.0 0.008 0.0 0.0 0.0 0.026
0.0 0.0 0.008 0.0 0.0 0.0 0.026
0.0 0.0 0.008 0.0 0.0 0.0 0.026
0.0 0.0 0.008 0.0 0.0 0.0 0.026
0.0 0.0 0.008 0.0 0.0 0.0 0.026
0.0 0.0 0.008 0.0 0.0 0.0 0.026
0.0 0.0 0.008 0.0 0.0 0.0 0.026
0.0 0.0 0.008 0.0 0.0 0.0 0.026
0.0 0.0 0.008 0.0 0.0 0.0 0.026
0.0 0.0 0.008 0.0 0.0 0.0 0.026
0.0 0.0 0.008 0.0 0.0 0.0 0.026
0.0 0.0 0.008 0.0 0.0 0.0 0.026
0.0 0.0 0.008 0.0 0.0 0.0 0.026
0.095 0.0 0.008 0.0 0.0 0.0 0.026
0.095 0.0 0.008 0.0 0.0 0.0 0.026
0.0 0.0 0.008 0.0 0.0 0.0 0.026
0.0 0.0 0.008 0.0 0.0 0.0 0.026
0.0 0.0 0.008 0.0 0.0 0.0 0.026
0.0 0.0 0.008 0.0 0.0 0.0 0.026
0.0 0.0 0.008 0.0 0.0 0.0 0.026
0.0 0.0 0.008 0.0 0.0 0.0 0.026
0.0 0.0 0.008 0.0 0.0 0.0 0.026
0.0 0.0 0.008 0.0 0.0 0.0 0.026
0.0 0.0 0.008 0.0 0.0 0.0 0.026
0.0 0.0 0.008 0.0 0.0 0.0 0.026
0.0 0.0 0.008 0.0 0.0 0.0 0.026
0.0 0.0 0.008 0.0 0.0 0.0 0.026
0.095 0.0 0.008 0.0 0.0 0.0 0.026
0.095 0.0 0.008 0.0 0.0 0.0 0.026
0.0 0.0 0.008 0.0 0.0 0.0 0.026
0.0 0.0 0.008 0.0 0.0 0.0 0.026
0.0 0.0 0.008 0.0 0.0 0.0 0.026
0.0 0.0 0.008 0.0 0.0 0.0 0.026
0.0 0.0 0.008 0.0 0.0 0.0 0.026
0.0 0.0 0.008 0.0 0.0 0.0 0.026
0.0 0.0 0.008 0.0 0.0 0.0 0.026
0.0 0.0 0.008 0.0 0.0 0.0 0.026
0.0 0.0 0.008 0.0 0.0 0.0 0.026
0.0 0.0 0.008 0.0 0.0 0.0 0.026
0.0 0.0 0.008 0.0 0.0 0.0 0.026
0.0 0.0 0.008 0.0 0.0 0.0 0.026
0.095 0.0 0.008 0.0 0.0 0.0 0.026
0.095 0.0 0.008 0.0 0.0 0.0 0.026
0.0 0.0 0.008 0.0 0.0 0.0 0.026
0.0 0.0 0.008 0.0 0.0 0.0 0.026
0.0 0.0 0.008 0.0 0.0 0.0 0.026
0.0 0.0 0.008 0.0 0.0 0.0 0.026
0.0 0.0 0.008 0.0 0.0 0.0 0.026
0.0 0.0 0.008 0.0 0.0 0.0 0.026
0.0 0.0 0.008 0.0 0.0 0.0 0.026
0.0 0.0 0.008 0.0 0.0 0.0 0.026
0.0 0.0 0.008 0.0 0.0 0.0 0.026
0.0 0.0 0.008 0.0 0.0 0.0 0.026
0.0 0.0 0.008 0.0 0.0 0.0 0.026
0.0 0.0 0.008 0.0 0.0 0.0 0.026
0.095 0.0 0.008 0.0 0.0 0.0 0.026
0.095 0.0 0.008 0.0 0.0 0.0 0.026
0.0 0.0 0.008 0.0 0.0 0.0 0.026
0.0 0.0 0.008 0.0 0.0 0.0 0.026
0.0 0.0 0.008 0.0 0.0 0.0 0.026
0.0 0.0 0.008 0.0 0.0 0.0 0.026
0.0 0.0 0.008 0.0 0.0 0.0 0.026
0.0 0.0 0.008 0.0 0.0 0.0 0.026
0.0 0.0 0.008 0.0 0.0 0.0 0.026
0.0 0.0 0.008 0.0 0.0 0.0 0.026
0.0 0.0 0.008 0.0 0.0 0.0 0.026
0.0 0.0 0.008 0.0 0.0 0.0 0.026
0.0 0.0 0.008 0.0 0.0 0.0 0.026
0.0 0.0 0.008 0.0 0.0 0.0 0.026
0.095 0.0 0.008 0.0 0.0 0.0 0.026
0.095 0.055 0.008 0.0 0.0 0.0 0.026
0.0 0.055 0.008 0.0 0.0 0.0 0.026
0.0 0.055 0.008 0.0 0.0 0.0 0.026
0.0 0.055 0.008 0.0 0.0 0.0 0.026
0.0 0.055 0.008 0.0 0.0 0.0 0.026
0.0 0.055 0.008 0.0 0.0 0.0 0.026
0.0 0.055 0.008 0.0 0.0 0.0 0.026
0.0 0.055 0.008 0.0 0.0 0.0 0.026
0.0 0.055 0.008 0.0 0.0 0.0 0.026
0.0 0.055 0.008 0.0 0.0 0.0 0.026
0.0 0.055 0.008 0.0 0.0 0.0 0.026
0.0 0.055 0.008 0.0 0.0 0.0 0.026
0.0 0.055 0.008 0.0 0.0 0.0 0.026
0.095 0.055 0.008 0.0 0.0 0.0 0.026
0.095 0.055 0.008 0.0 0.0 0.0 0.026
0.0 0.055 0.008 0.0 0.0 0.0 0.026
0.0 0.055 0.008 0.0 0.0 0.0 0.026
0.0 0.055 0.008 0.0 0.0 0.0 0.026
0.0 0.055 0.008 0.0 0.0 0.0 0.026
0.0 0.055 0.008 0.0 0.0 0.0 0.026
0.0 0.055 0.008 0.0 0.0 0.0 0.026
0.0 0.055 0.008 0.0 0.0 0.0 0.026
0.0 0.055 0.008 0.0 0.0 0.0 0.026
0.0 0.055 0.008 0.0 0.0 0.0 0.026
0.0 0.055 0.008 0.0 0.0 0.0 0.026
0.0 0.055 0.008 0.0 0.0 0.0 0.026
0.0 0.055 0.008 0.0 0.0 0.0 0.026
0.095 0.055 0.008 0.0 0.0 0.0 0.026
0.095 0.0 0.008 0.0 0.0 0.0 0.026
0.0 0.0 0.008 0.0 0.0 0.0 0.026
0.0 0.0 0.008 0.0 0.0 0.0 0.026
0.0 0.0 0.008 0.0 0.0 0.0 0.026
0.0 0.0 0.008 0.0 0.0 0.0 0.026
0.0 0.0 0.008 0.0 0.0 0.0 0.026
0.0 0.0 0.008 0.0 0.0 0.0 0.026
0.0 0.0 0.008 0.0 0.0 0.0 0.026
0.0 0.0 0.008 0.0 0.0 0.0 0.026
0.0 0.0 0.008 0.0 0.0 0.0 0.026
0.0 0.0 0.008 0.0 0.0 0.0 0.026
0.0 0.0 0.008 0.0 0.0 0.0 0.026
0.0 0.0 0.008 0.0 0.0 0.0 0.026
0.095 0.0 0.008 0.0 0.0 0.0 0.026
0.095 0.0 0.008 0.0 0.0 0.0 0.026
0.0 0.0 0.008 0.0 0.0 0.0 0.026
0.0 0.0 0.008 0.0 0.0 0.0 0.026
0.0 0.0 0.008 0.0 0.0 0.0 0.026
0.0 0.0 0.008 0.0 0.0 0.0 0.026
0.0 0.0 0.008 0.0 0.0 0.0 0.026
0.0 0.0 0.008 0.0 0.0 0.0 0.026
0.0 0.0 0.008 0.0 0.0 0.0 0.026
0.0 0.0 0.008 0.0 0.0 0.0 0.026
0.0 0.0 0.008 0.0 0.0 0.0 0.026
0.0 0.0 0.008 0.0 0.0 0.0 0.026
0.0 0.0 0.008 0.0 0.0 0.0 0.026
0.0 0.0 0.008 0.0 0.0 0.0 0.026
0.095 0.0 0.008 0.0 0.0 0.0 0.026
0.095 0.0 0.008 0.0 0.0 0.0 0.026
0.0 0.0 0.008 0.0 0.0 0.0 0.026
0.0 0.0 0.008 0.0 0.0 0.0 0.026
0.0 0.0 0.008 0.0 0.0 0.0 0.026
0.0 0.0 0.008 0.0 0.0 0.0 0.026
0.0 0.0 0.008 0.0 0.0 0.0 0.026
0.0 0.0 0.008 0.0 0.0 0.0 0.026
0.0 0.0 0.008 0.0 0.0 0.0 0.026
0.0 0.0 0.008 0.0 0.0 0.0 0.026
0.0 0.0 0.008 0.0 0.0 0.0 0.026
0.0 0.0 0.008 0.0 0.0 0.0 0.026
0.0 0.0 0.008 0.0 0.0 0.0 0.026
0.0 0.0 0.008 0.0 0.0 0.0 0.026
0.095 0.0 0.008 0.0 0.0 0.0 0.026
0.095 0.0 0.008 0.0 0.0 0.0 0.026
0.0 0.0 0.008 0.0 0.0 0.0 0.026
0.0 0.0 0.008 0.0 0.0 0.0 0.026
0.0 0.0 0.008 0.0 0.0 0.0 0.026
0.0 0.0 0.008 0.0 0.0 0.0 0.026
0.0 0.0 0.008 0.0 0.0 0.0 0.026
0.0 0.0 0.008 0.0 0.0 0.0 0.026
0.0 0.0 0.008 0.0 0.0 0.0 0.026
0.0 0.0 0.008 0.0 0.0 0.0 0.026
0.0 0.0 0.008 0.0 0.0 0.0 0.026
0.0 0.0 0.008 0.0 0.0 0.0 0.026
0.0 0.0 0.008 0.0 0.0 0.0 0.026
0.0 0.0 0.008 0.0 0.0 0.0 0.026
0.095 0.0 0.008 0.0 0.0 0.0 0.026
0.095 0.0 0.008 0.0 0.0 0.0 0.026
0.0 0.0 0.008 0.0 0.0 0.0 0.026
0.0 0.0 0.008 0.0 0.0 0.0 0.026
0.0 0.0 0.008 0.0 0.0 0.0 0.026
0.0 0.0 0.008 0.0 0.0 0.0 0.026
0.0 0.0 0.008 0.0 0.0 0.0 0.026
0.0 0.0 0.008 0.0 0.0 0.0 0.026
0.0 0.0 0.008 0.0 0.0 0.0 0.026
0.0 0.0 0.008 0.0 0.0 0.0 0.026
0.0 0.0 0.008 0.0 0.0 0.0 0.026
0.0 0.0 0.008 0.0 0.0 0.0 0.026
0.0 0.0 0.008 0.0 0.0 0.0 0.026
0.0 0.0 0.008 0.0 0.0 0.0 0.026
0.095 0.0 0.008 0.0 0.0 0.0 0.026
0.095 0.0 0.008 0.0 0.0 0.0 0.026
0.0 0.0 0.008 0.0 0.0 0.0 0.026
0.0 0.0 0.008 0.0 0.0 0.0 0.026
0.0 0.0 0.008 0.0 0.0 0.0 0.026
0.0 0.0 0.008 0.0 0.0 0.0 0.026
0.0 0.0 0.008 0.0 0.0 0.0 0.026
0.0 0.0 0.008 0.0 0.0 0.0 0.026
0.0 0.0 0.008 0.0 0.0 0.0 0.026
0.0 0.0 0.008 0.0 0.0 0.0 0.026
0.0 0.0 0.008 0.0 0.0 0.0 0.026
0.0 0.0 0.008 0.0 0.0 0.0 0.026
0.0 0.0 0.008 0.0 0.0 0.0 0.026
0.0 0.0 0.008 0.0 0.0 0.0 0.026
0.095 0.0 0.008 0.0 0.0 0.0 0.026
0.095 0.0 0.008 0.0 0.0 0.0 0.026
0.0 0.0 0.008 0.0 0.0 0.0 0.026
0.0 0.0 0.008 0.0 0.0 0.0 0.026
0.0 0.0 0.008 0.0 0.0 0.0 0.026
0.0 0.0 0.008 0.0 0.0 0.0 0.026
0.0 0.0 0.008 0.0 0.0 0.0 0.026
0.0 0.0 0.008 0.0 0.0 0.0 0.026
0.0 0.0 0.008 0.0 0.0 0.0 0.026
0.0 0.0 0.008 0.0 0.0 0.0 0.026
0.0 0.0 0.008 0.0 0.0 0.0 0.026
0.0 0.0 0.008 0.0 0.0 0.0 0.026
0.0 0.0 0.008 0.0 0.0 0.0 0.026
0.0 0.0 0.008 0.0 0.0 0.0 0.026
0.095 0.0 0.008 0.0 0.0 0.0 0.026
0.095 0.0 0.008 0.0 0.0 0.0 0.026
0.0 0.0 0.008 0.0 0.0 0.0 0.026
0.0 0.0 0.008 0.0 0.0 0.0 0.026
0.0 0.0 0.008 0.0 0.0 0.0 0.026
0.0 0.0 0.008 0.0 0.0 0.0 0.026
0.0 0.0 0.008 0.0 0.0 0.0 0.026
0.0 0.0 0.008 0.0 0.0 0.0 0.026
0.0 0.0 0.008 0.0 0.0 0.0 0.026
0.0 0.0 0.008 0.0 0.0 0.0 0.026
0.0 0.0 0.008 0.0 0.0 0.0 0.026
0.0 0.0 0.008 0.0 0.0 0.0 0.026
0.0 0.0 0.008 0.0 0.0 0.0 0.026
0.0 0.0 0.008 0.0 0.0 0.0 0.026
0.095 0.0 0.008 0.0 0.0 0.0 0.026
0.095 0.0 0.008 0.0 0.0 0.0 0.026
0.0 0.0 0.008 0.0 0.0 0.0 0.026
0.0 0.0 0.008 0.0 0.0 0.0 0.026
0.0 0.0 0.008 0.0 0.0 0.0 0.026
0.0 0.0 0.008 0.0 0.0 0.0 0.026
0.0 0.0 0.008 0.0 0.0 0.0 0.026
0.0 0.0 0.008 0.0 0.0 0.0 0.026
0.0 0.0 0.008 0.0 0.0 0.0 0.026
0.0 0.0 0.008 0.0 0.0 0.0 0.026
0.0 0.0 0.008 0.0 0.0 0.0 0.026
0.0 0.0 0.008 0.0 0.0 0.0 0.026
0.0 0.0 0.008 0.0 0.0 0.0 0.026
0.0 0.0 0.008 0.0 0.0 0.0 0.026
0.095 0.0 0.008 0.0 0.0 0.0 0.026
0.095 0.0 0.008 0.0 0.0 0.0 0.026
0.0 0.0 0.008 0.0 0.0 0.0 0.026
0.0 0.0 0.008 0.0 0.0 0.0 0.026
0.0 0.0 0.008 0.0 0.0 0.0 0.026
0.0 0.0 0.008 0.0 0.0 0.0 0.026
0.0 0.0 0.008 0.0 0.0 0.0 0.026
0.0 0.0 0.008 0.0 0.0 0.0 0.026
0.0 0.0 0.008 0.0 0.0 0.0 0.026
0.0 0.0 0.008 0.0 0.0 0.0 0.026
0.0 0.0 0.008 0.0 0.0 0.0 0.026
0.0 0.0 0.008 0.0 0.0 0.0 0.026
0.0 0.0 0.008 0.0 0.0 0.0 0.026
0.0 0.0 0.008 0.0 0.0 0.0 0.026
0.095 0.0 0.008 0.0 0.0 0.0 0.026
0.095 0.0 0.008 0.0 0.0 0.0 0.026
0.0 0.0 0.008 0.0 0.0 0.0 0.026
0.0 0.0 0.008 0.0 0.0 0.0 0.026
0.0 0.0 0.008 0.0 0.0 0.0 0.026
0.0 0.0 0.008 0.0 0.0 0.0 0.026
0.0 0.0 0.008 0.0 0.0 0.0 0.026
0.0 0.0 0.008 0.0 0.0 0.0 0.026
0.0 0.0 0.008 0.0 0.0 0.0 0.026
0.0 0.0 0.008 0.0 0.0 0.0 0.026
0.0 0.0 0.008 0.0 0.0 0.0 0.026
0.0 0.0 0.008 0.0 0.0 0.0 0.026
0.0 0.0 0.008 0.0 0.0 0.0 0.026
0.0 0.0 0.008 0.0 0.0 0.0 0.026
0.095 0.0 0.008 0.0 0.0 0.0 0.026
0.095 0.0 0.008 0.0 0.0 0.0 0.026
0.0 0.0 0.008 0.0 0.0 0.0 0.026
0.0 0.0 0.008 0.0 0.0 0.0 0.026
0.0 0.0 0.008 0.0 0.0 0.0 0.026
0.0 0.0 0.008 0.0 0.0 0.0 0.026
0.0 0.0 0.008 0.0 0.0 0.0 0.026
0.0 0.0 0.008 0.0 0.0 0.0 0.026
0.0 0.0 0.008 0.0 0.0 0.0 0.026
0.0 0.0 0.008 0.0 0.0 0.0 0.026
0.0 0.0 0.008 0.0 0.0 0.0 0.026
0.0 0.0 0.008 0.0 0.0 0.0 0.026
0.0 0.0 0.008 0.0 0.0 0.0 0.026
0.0 0.0 0.008 0.0 0.0 0.0 0.026
0.095 0.0 0.008 0.0 0.0 0.0 0.026
0.095 0.055 0.008 0.0 0.0 0.0 0.026
0.0 0.055 0.008 0.0 0.0 0.0 0.026
0.0 0.055 0.008 0.0 0.0 0.0 0.026
0.0 0.055 0.008 0.0 0.0 0.0 0.026
0.0 0.055 0.008 0.0 0.0 0.0 0.026
0.0 0.055 0.008 0.0 0.0 0.0 0.026
0.0 0.055 0.008 0.0 0.0 0.0 0.026
0.0 0.055 0.008 0.0 0.0 0.0 0.026
0.0 0.055 0.008 0.0 0.0 0.0 0.026
0.0 0.055 0.008 0.0 0.0 0.0 0.026
0.0 0.055 0.008 0.0 0.0 0.0 0.026
0.0 0.055 0.008 0.0 0.0 0.0 0.026
0.0 0.055 0.008 0.0 0.0 0.0 0.026
0.095 0.055 0.008 0.0 0.0 0.0 0.026
0.095 0.055 0.008 0.0 0.0 0.0 0.026
0.0 0.055 0.008 0.0 0.0 0.0 0.026
0.0 0.055 0.008 0.0 0.0 0.0 0.026
0.0 0.055 0.008 0.0 0.0 0.0 0.026
0.0 0.055 0.008 0.0 0.0 0.0 0.026
0.0 0.055 0.008 0.0 0.0 0.0 0.026
0.0 0.055 0.008 0.0 0.0 0.0 0.026
0.0 0.055 0.008 0.0 0.0 0.0 0.026
0.0 0.055 0.008 0.0 0.0 0.0 0.026
0.0 0.055 0.008 0.0 0.0 0.0 0.026
0.0 0.055 0.008 0.0 0.0 0.0 0.026
0.0 0.055 0.008 0.0 0.0 0.0 0.026
0.0 0.055 0.008 0.0 0.0 0.0 0.026
0.095 0.055 0.008 0.0 0.0 0.0 0.026
0.095 0.0 0.008 0.0 0.0 0.0 0.026
0.0 0.0 0.008 0.0 0.0 0.0 0.026
0.0 0.0 0.008 0.0 0.0 0.0 0.026
0.0 0.0 0.008 0.0 0.0 0.0 0.026
0.0 0.0 0.008 0.0 0.0 0.0 0.026
0.0 0.0 0.008 0.0 0.0 0.0 0.026
0.0 0.0 0.008 0.0 0.0 0.0 0.026
0.0 0.0 0.008 0.0 0.0 0.0 0.026
0.0 0.0 0.008 0.0 0.0 0.0 0.026
0.0 0.0 0.008 0.0 0.0 0.0 0.026
0.0 0.0 0.008 0.0 0.0 0.0 0.026
0.0 0.0 0.008 0.0 0.0 0.0 0.026
0.0 0.0 0.008 0.0 0.0 0.0 0.026
0.095 0.0 0.008 0.0 0.0 0.0 0.026
0.095 0.0 0.008 0.0 0.0 0.0 0.026
0.0 0.0 0.008 0.0 0.0 0.0 0.026
0.0 0.0 0.008 0.0 0.0 0.0 0.026
0.0 0.0 0.008 0.0 0.0 0.0 0.026
0.0 0.0 0.008 0.0 0.0 0.0 0.026
0.0 0.0 0.008 0.0 0.0 0.0 0.026
0.0 0.0 0.008 0.0 0.0 0.0 0.026
0.0 0.0 0.008 0.0 0.0 0.0 0.026
0.0 0.0 0.008 0.0 0.0 0.0 0.026
0.0 0.0 0.008 0.0 0.0 0.0 0.026
0.0 0.0 0.008 0.0 0.0 0.0 0.026
0.0 0.0 0.008 0.0 0.0 0.0 0.026
0.0 0.0 0.008 0.0 0.0 0.0 0.026
0.095 0.0 0.008 0.0 0.0 0.0 0.026
0.095 0.0 0.008 0.0 0.0 0.0 0.026
0.0 0.0 0.008 0.0 0.0 0.0 0.026
0.0 0.0 0.008 0.0 0.0 0.0 0.026
0.0 0.0 0.008 0.0 0.0 0.0 0.026
0.0 0.0 0.008 0.0 0.0 0.0 0.026
0.0 0.0 0.008 0.0 0.0 0.0 0.026
0.0 0.0 0.008 0.0 0.0 0.0 0.026
0.0 0.0 0.008 0.0 0.0 0.0 0.026
0.0 0.0 0.008 0.0 0.0 0.0 0.026
0.0 0.0 0.008 0.0 0.0 0.0 0.026
0.0 0.0 0.008 0.0 0.0 0.0 0.026
0.0 0.0 0.008 0.0 0.0 0.0 0.026
0.0 0.0 0.008 0.0 0.0 0.0 0.026
0.095 0.0 0.008 0.0 0.0 0.0 0.026
0.095 0.0 0.008 0.0 0.0 0.0 0.026
0.0 0.0 0.008 0.0 0.0 0.0 0.026
0.0 0.0 0.008 0.0 0.0 0.0 0.026
0.0 0.0 0.008 0.0 0.0 0.0 0.026
0.0 0.0 0.008 0.0 0.0 0.0 0.026
0.0 0.0 0.008 0.0 0.0 0.0 0.026
0.0 0.0 0.008 0.0 0.0 0.0 0.026
0.0 0.0 0.008 0.0 0.0 0.0 0.026
0.0 0.0 0.008 0.0 0.0 0.0 0.026
0.0 0.0 0.008 0.0 0.0 0.0 0.026
0.0 0.0 0.008 0.0 0.0 0.0 0.026
0.0 0.0 0.008 0.0 0.0 0.0 0.026
0.0 0.0 0.008 0.0 0.0 0.0 0.026
0.095 0.0 0.008 0.0 0.0 0.0 0.026
0.095 0.0 0.008 0.0 0.0 0.0 0.026
0.0 0.0 0.008 0.0 0.0 0.0 0.026
0.0 0.0 0.008 0.0 0.0 0.0 0.026
0.0 0.0 0.008 0.0 0.0 0.0 0.026
0.0 0.0 0.008 0.0 0.0 0.0 0.026
0.0 0.0 0.008 0.0 0.0 0.0 0.026
0.0 0.0 0.008 0.0 0.0 0.0 0.026
0.0 0.0 0.008 0.0 0.0 0.0 0.026
0.0 0.0 0.008 0.0 0.0 0.0 0.026
0.0 0.0 0.008 0.0 0.0 0.0 0.026
0.0 0.0 0.008 0.0 0.0 0.0 0.026
0.0 0.0 0.008 0.0 0.0 0.0 0.026
0.0 0.0 0.008 0.0 0.0 0.0 0.026
0.095 0.0 0.008 0.0 0.0 0.0 0.026
0.095 0.0 0.008 0.0 0.0 0.0 0.026
0.0 0.0 0.008 0.0 0.0 0.0 0.026
0.0 0.0 0.008 0.0 0.0 0.0 0.026
0.0 0.0 0.008 0.0 0.0 0.0 0.026
0.0 0.0 0.008 0.0 0.0 0.0 0.026
0.0 0.0 0.008 0.0 0.0 0.0 0.026
0.0 0.0 0.008 0.0 0.0 0.0 0.026
0.0 0.0 0.008 0.0 0.0 0.0 0.026
0.0 0.0 0.008 0.0 0.0 0.0 0.026
0.0 0.0 0.008 0.0 0.0 0.0 0.026
0.0 0.0 0.008 0.0 0.0 0.0 0.026
0.0 0.0 0.008 0.0 0.0 0.0 0.026
0.0 0.0 0.008 0.0 0.0 0.0 0.026
0.095 0.0 0.008 0.0 0.0 0.0 0.026
0.095 0.0 0.008 0.0 0.0 0.0 0.026
0.0 0.0 0.008 0.0 0.0 0.0 0.026
0.0 0.0 0.008 0.0 0.0 0.0 0.026
0.0 0.0 0.008 0.0 0.0 0.0 0.026
0.0 0.0 0.008 0.0 0.0 0.0 0.026
0.0 0.0 0.008 0.0 0.0 0.0 0.026
0.0 0.0 0.008 0.0 0.0 0.0 0.026
0.0 0.0 0.008 0.0 0.0 0.0 0.026
0.0 0.0 0.008 0.0 0.0 0.0 0.026
0.0 0.0 0.008 0.0 0.0 0.0 0.026
0.0 0.0 0.008 0.0 0.0 0.0 0.026
0.0 0.0 0.008 0.0 0.0 0.0 0.026
0.0 0.0 0.008 0.0 0.0 0.0 0.026
0.095 0.0 0.008 0.0 0.0 0.0 0.026
0.095 0.0 0.008 0.0 0.0 0.0 0.026
0.0 0.0 0.008 0.0 0.0 0.0 0.026
0.0 0.0 0.008 0.0 0.0 0.0 0.026
0.0 0.0 0.008 0.0 0.0 0.0 0.026
0.0 0.0 0.008 0.0 0.0 0.0 0.026
0.0 0.0 0.008 0.0 0.0 0.0 0.026
0.0 0.0 0.008 0.0 0.0 0.0 0.026
0.0 0.0 0.008 0.0 0.0 0.0 0.026
0.0 0.0 0.008 0.0 0.0 0.0 0.026
0.0 0.0 0.008 0.0 0.0 0.0 0.026
0.0 0.0 0.008 0.0 0.0 0.0 0.026
0.0 0.0 0.008 0.0 0.0 0.0 0.026
0.0 0.0 0.008 0.0 0.0 0.0 0.026
0.095 0.0 0.008 0.0 0.0 0.0 0.026
0.095 0.0 0.008 0.0 0.0 0.0 0.026
0.0 0.0 0.008 0.0 0.0 0.0 0.026
0.0 0.0 0.008 0.0 0.0 0.0 0.026
0.0 0.0 0.008 0.0 0.0 0.0 0.026
0.0 0.0 0.008 0.0 0.0 0.0 0.026
0.0 0.0 0.008 0.0 0.0 0.0 0.026
0.0 0.0 0.008 0.0 0.0 0.0 0.026
0.0 0.0 0.008 0.0 0.0 0.0 0.026
0.0 0.0 0.008 0.0 0.0 0.0 0.026
0.0 0.0 0.008 0.0 0.0 0.0 0.026
0.0 0.0 0.008 0.0 0.0 0.0 0.026
0.0 0.0 0.008 0.0 0.0 0.0 0.026
0.0 0.0 0.008 0.0 0.0 0.0 0.026
0.095 0.0 0.008 0.0 0.0 0.0 0.026
0.095 0.0 0.008 0.0 0.0 0.0 0.026
0.0 0.0 0.008 0.0 0.0 0.0 0.026
0.0 0.0 0.008 0.0 0.0 0.0 0.026
0.0 0.0 0.008 0.0 0.0 0.0 0.026
0.0 0.0 0.008 0.0 0.0 0.0 0.026
0.0 0.0 0.008 0.0 0.0 0.0 0.026
0.0 0.0 0.008 0.0 0.0 0.0 0.026
0.0 0.0 0.008 0.0 0.0 0.0 0.026
0.0 0.0 0.008 0.0 0.0 0.0 0.026
0.0 0.0 0.008 0.0 0.0 0.0 0.026
0.0 0.0 0.008 0.0 0.0 0.0 0.026
0.0 0.0 0.008 0.0 0.0 0.0 0.026
0.0 0.0 0.008 0.0 0.0 0.0 0.026
0.095 0.0 0.008 0.0 0.0 0.0 0.026
0.095 0.0 0.008 0.0 0.0 0.0 0.026
0.0 0.0 0.008 0.0 0.0 0.0 0.026
0.0 0.0 0.008 0.0 0.0 0.0 0.026
0.0 0.0 0.008 0.0 0.0 0.0 0.026
0.0 0.0 0.008 0.0 0.0 0.0 0.026
0.0 0.0 0.008 0.0 0.0 0.0 0.026
0.0 0.0 0.008 0.0 0.0 0.0 0.026
0.0 0.0 0.008 0.0 0.0 0.0 0.026
0.0 0.0 0.008 0.0 0.0 0.0 0.026
0.0 0.0 0.008 0.0 0.0 0.0 0.026
0.0 0.0 0.008 0.0 0.0 0.0 0.026
0.0 0.0 0.008 0.0 0.0 0.0 0.026
0.0 0.0 0.008 0.0 0.0 0.0 0.026
0.095 0.0 0.008 0.0 0.0 0.0 0.026
0.095 0.0 0.008 0.0 0.0 0.0 0.026
0.0 0.0 0.008 0.0 0.0 0.0 0.026
0.0 0.0 0.008 0.0 0.0 0.0 0.026
0.0 0.0 0.008 0.0 0.0 0.0 0.026
0.0 0.0 0.008 0.0 0.0 0.0 0.026
0.0 0.0 0.008 0.0 0.0 0.0 0.026
0.0 0.0 0.008 0.0 0.0 0.0 0.026
0.0 0.0 0.008 0.0 0.0 0.0 0.026
0.0 0.0 0.008 0.0 0.0 0.0 0.026
0.0 0.0 0.008 0.0 0.0 0.0 0.026
0.0 0.0 0.008 0.0 0.0 0.0 0.026
0.0 0.0 0.008 0.0 0.0 0.0 0.026
0.0 0.0 0.008 0.0 0.0 0.0 0.026
0.095 0.0 0.008 0.0 0.0 0.0 0.026
0.095 0.055 0.008 0.0 0.0 0.0 0.026
0.0 0.055 0.008 0.0 0.0 0.0 0.026
0.0 0.055 0.008 0.0 0.0 0.0 0.026
0.0 0.055 0.008 0.0 0.0 0.0 0.026
0.0 0.055 0.008 0.0 0.0 0.0 0.026
0.0 0.055 0.008 0.0 0.0 0.0 0.026
0.0 0.055 0.008 0.0 0.0 0.0 0.026
0.0 0.055 0.008 0.0 0.0 0.0 0.026
0.0 0.055 0.008 0.0 0.0 0.0 0.026
0.0 0.055 0.008 0.0 0.0 0.0 0.026
0.0 0.055 0.008 0.0 0.0 0.0 0.026
0.0 0.055 0.008 0.0 0.0 0.0 0.026
0.0 0.055 0.008 0.0 0.0 0.0 0.026
0.095 0.055 0.008 0.0 0.0 0.0 0.026
0.095 0.055 0.008 0.0 0.0 0.0 0.026
0.0 0.055 0.008 0.0 0.0 0.0 0.026
0.0 0.055 0.008 0.0 0.0 0.0 0.026
0.0 0.055 0.008 0.0 0.0 0.0 0.026
0.0 0.055 0.008 0.0 0.0 0.0 0.026
0.0 0.055 0.008 0.0 0.0 0.0 0.026
0.0 0.055 0.008 0.0 0.0 0.0 0.026
0.0 0.055 0.008 0.0 0.0 0.0 0.026
0.0 0.055 0.008 0.0 0.0 0.0 0.026
0.0 0.055 0.008 0.0 0.0 0.0 0.026
0.0 0.055 0.008 0.0 0.0 0.0 0.026
0.0 0.055 0.008 0.0 0.0 0.0 0.026
0.0 0.055 0.008 0.0 0.0 0.0 0.026
0.095 0.055 0.008 0.0 0.0 0.0 0.026
0.095 0.0 0.008 0.0 0.0 0.0 0.026
0.0 0.0 0.008 0.0 0.0 0.0 0.026
0.0 0.0 0.008 0.0 0.0 0.0 0.026
0.0 0.0 0.008 0.0 0.0 0.0 0.026
0.0 0.0 0.008 0.0 0.0 0.0 0.026
0.0 0.0 0.008 0.0 0.0 0.0 0.026
0.0 0.0 0.008 0.0 0.0 0.0 0.026
0.0 0.0 0.008 0.0 0.0 0.0 0.026
0.0 0.0 0.008 0.0 0.0 0.0 0.026
0.0 0.0 0.008 0.0 0.0 0.0 0.026
0.0 0.0 0.008 0.0 0.0 0.0 0.026
0.0 0.0 0.008 0.0 0.0 0.0 0.026
0.0 0.0 0.008 0.0 0.0 0.0 0.026
0.095 0.0 0.008 0.0 0.0 0.0 0.026
0.095 0.0 0.008 0.0 0.0 0.0 0.026
0.0 0.0 0.008 0.0 0.0 0.0 0.026
0.0 0.0 0.008 0.0 0.0 0.0 0.026
0.0 0.0 0.008 0.0 0.0 0.0 0.026
0.0 0.0 0.008 0.0 0.0 0.0 0.026
0.0 0.0 0.008 0.0 0.0 0.0 0.026
0.0 0.0 0.008 0.0 0.0 0.0 0.026
0.0 0.0 0.008 0.0 0.0 0.0 0.026
0.0 0.0 0.008 0.0 0.0 0.0 0.026
0.0 0.0 0.008 0.0 0.0 0.0 0.026
0.0 0.0 0.008 0.0 0.0 0.0 0.026
0.0 0.0 0.008 0.0 0.0 0.0 0.026
0.0 0.0 0.008 0.0 0.0 0.0 0.026
0.095 0.0 0.008 0.0 0.0 0.0 0.026
0.095 0.0 0.008 0.0 0.0 0.0 0.026
0.0 0.0 0.008 0.0 0.0 0.0 0.026
0.0 0.0 0.008 0.0 0.0 0.0 0.026
0.0 0.0 0.008 0.0 0.0 0.0 0.026
0.0 0.0 0.008 0.0 0.0 0.0 0.026
0.0 0.0 0.008 0.0 0.0 0.0 0.026
0.0 0.0 0.008 0.0 0.0 0.0 0.026
0.0 0.0 0.008 0.0 0.0 0.0 0.026
0.0 0.0 0.008 0.0 0.0 0.0 0.026
0.0 0.0 0.008 0.0 0.0 0.0 0.026
0.0 0.0 0.008 0.0 0.0 0.0 0.026
0.0 0.0 0.008 0.0 0.0 0.0 0.026
0.0 0.0 0.008 0.0 0.0 0.0 0.026
0.095 0.0 0.008 0.0 0.0 0.0 0.026
0.095 0.0 0.008 0.0 0.0 0.0 0.026
0.0 0.0 0.008 0.0 0.0 0.0 0.026
0.0 0.0 0.008 0.0 0.0 0.0 0.026
0.0 0.0 0.008 0.0 0.0 0.0 0.026
0.0 0.0 0.008 0.0 0.0 0.0 0.026
0.0 0.0 0.008 0.0 0.0 0.0 0.026
0.0 0.0 0.008 0.0 0.0 0.0 0.026
0.0 0.0 0.008 0.0 0.0 0.0 0.026
0.0 0.0 0.008 0.0 0.0 0.0 0.026
0.0 0.0 0.008 0.0 0.0 0.0 0.026
0.0 0.0 0.008 0.0 0.0 0.0 0.026
0.0 0.0 0.008 0.0 0.0 0.0 0.026
0.0 0.0 0.008 0.0 0.0 0.0 0.026
0.095 0.0 0.008 0.0 0.0 0.0 0.026
0.095 0.0 0.008 0.0 0.0 0.0 0.026
0.0 0.0 0.008 0.0 0.0 0.0 0.026
0.0 0.0 0.008 0.0 0.0 0.0 0.026
0.0 0.0 0.008 0.0 0.0 0.0 0.026
0.0 0.0 0.008 0.0 0.0 0.0 0.026
0.0 0.0 0.008 0.0 0.0 0.0 0.026
0.0 0.0 0.008 0.0 0.0 0.0 0.026
0.0 0.0 0.008 0.0 0.0 0.0 0.026
0.0 0.0 0.008 0.0 0.0 0.0 0.026
0.0 0.0 0.008 0.0 0.0 0.0 0.026
0.0 0.0 0.008 0.0 0.0 0.0 0.026
0.0 0.0 0.008 0.0 0.0 0.0 0.026
0.0 0.0 0.008 0.0 0.0 0.0 0.026
0.095 0.0 0.008 0.0 0.0 0.0 0.026
0.095 0.0 0.008 0.0 0.0 0.0 0.026
0.0 0.0 0.008 0.0 0.0 0.0 0.026
0.0 0.0 0.008 0.0 0.0 0.0 0.026
0.0 0.0 0.008 0.0 0.0 0.0 0.026
0.0 0.0 0.008 0.0 0.0 0.0 0.026
0.0 0.0 0.008 0.0 0.0 0.0 0.026
0.0 0.0 0.008 0.0 0.0 0.0 0.026
0.0 0.0 0.008 0.0 0.0 0.0 0.026
0.0 0.0 0.008 0.0 0.0 0.0 0.026
0.0 0.0 0.008 0.0 0.0 0.0 0.026
0.0 0.0 0.008 0.0 0.0 0.0 0.026
0.0 0.0 0.008 0.0 0.0 0.0 0.026
0.0 0.0 0.008 0.0 0.0 0.0 0.026
0.095 0.0 0.008 0.0 0.0 0.0 0.026
0.095 0.0 0.008 0.0 0.0 0.0 0.026
0.0 0.0 0.008 0.0 0.0 0.0 0.026
0.0 0.0 0.008 0.0 0.0 0.0 0.026
0.0 0.0 0.008 0.0 0.0 0.0 0.026
0.0 0.0 0.008 0.0 0.0 0.0 0.026
0.0 0.0 0.008 0.0 0.0 0.0 0.026
0.0 0.0 0.008 0.0 0.0 0.0 0.026
0.0 0.0 0.008 0.0 0.0 0.0 0.026
0.0 0.0 0.008 0.0 0.0 0.0 0.026
0.0 0.0 0.008 0.0 0.0 0.0 0.026
0.0 0.0 0.008 0.0 0.0 0.0 0.026
0.0 0.0 0.008 0.0 0.0 0.0 0.026
0.0 0.0 0.008 0.0 0.0 0.0 0.026
0.095 0.0 0.008 0.0 0.0 0.0 0.026
0.095 0.0 0.008 0.0 0.0 0.0 0.026
0.0 0.0 0.008 0.0 0.0 0.0 0.026
0.0 0.0 0.008 0.0 0.0 0.0 0.026
0.0 0.0 0.008 0.0 0.0 0.0 0.026
0.0 0.0 0.008 0.0 0.0 0.0 0.026
0.0 0.0 0.008 0.0 0.0 0.0 0.026
0.0 0.0 0.008 0.0 0.0 0.0 0.026
0.0 0.0 0.008 0.0 0.0 0.0 0.026
0.0 0.0 0.008 0.0 0.0 0.0 0.026
0.0 0.0 0.008 0.0 0.0 0.0 0.026
0.0 0.0 0.008 0.0 0.0 0.0 0.026
0.0 0.0 0.008 0.0 0.0 0.0 0.026
0.0 0.0 0.008 0.0 0.0 0.0 0.026
0.095 0.0 0.008 0.0 0.0 0.0 0.026
0.095 0.0 0.008 0.0 0.0 0.0 0.026
0.0 0.0 0.008 0.0 0.0 0.0 0.026
0.0 0.0 0.008 0.0 0.0 0.0 0.026
0.0 0.0 0.008 0.0 0.0 0.0 0.026
0.0 0.0 0.008 0.0 0.0 0.0 0.026
0.0 0.0 0.008 0.0 0.0 0.0 0.026
0.0 0.0 0.008 0.0 0.0 0.0 0.026
0.0 0.0 0.008 0.0 0.0 0.0 0.026
0.0 0.0 0.008 0.0 0.0 0.0 0.026
0.0 0.0 0.008 0.0 0.0 0.0 0.026
0.0 0.0 0.008 0.0 0.0 0.0 0.026
0.0 0.0 0.008 0.0 0.0 0.0 0.026
0.0 0.0 0.008 0.0 0.0 0.0 0.026
0.095 0.0 0.008 0.0 0.0 0.0 0.026
0.095 0.0 0.008 0.0 0.0 0.0 0.026
0.0 0.0 0.008 0.0 0.0 0.0 0.026
0.0 0.0 0.008 0.0 0.0 0.0 0.026
0.0 0.0 0.008 0.0 0.0 0.0 0.026
0.0 0.0 0.008 0.0 0.0 0.0 0.026
0.0 0.0 0.008 0.0 0.0 0.0 0.026
0.0 0.0 0.008 0.0 0.0 0.0 0.026
0.0 0.0 0.008 0.0 0.0 0.0 0.026
0.0 0.0 0.008 0.0 0.0 0.0 0.026
0.0 0.0 0.008 0.0 0.0 0.0 0.026
0.0 0.0 0.008 0.0 0.0 0.0 0.026
0.0 0.0 0.008 0.0 0.0 0.0 0.026
0.0 0.0 0.008 0.0 0.0 0.0 0.026
0.095 0.0 0.008 0.0 0.0 0.0 0.026
0.095 0.0 0.008 0.0 0.0 0.0 0.026
0.0 0.0 0.008 0.0 0.0 0.0 0.026
0.0 0.0 0.008 0.0 0.0 0.0 0.026
0.0 0.0 0.008 0.0 0.0 0.0 0.026
0.0 0.0 0.008 0.0 0.0 0.0 0.026
0.0 0.0 0.008 0.0 0.0 0.0 0.026
0.0 0.0 0.008 0.0 0.0 0.0 0.026
0.0 0.0 0.008 0.0 0.0 0.0 0.026
0.0 0.0 0.008 0.0 0.0 0.0 0.026
0.0 0.0 0.008 0.0 0.0 0.0 0.026
0.0 0.0 0.008 0.0 0.0 0.0 0.026
0.0 0.0 0.008 0.0 0.0 0.0 0.026
0.0 0.0 0.008 0.0 0.0 0.0 0.026
0.095 0.0 0.008 0.0 0.0 0.0 0.026
0.095 0.0 0.008 0.0 0.0 0.0 0.026
0.0 0.0 0.008 0.0 0.0 0.0 0.026
0.0 0.0 0.008 0.0 0.0 0.0 0.026
0.0 0.0 0.008 0.0 0.0 0.0 0.026
0.0 0.0 0.008 0.0 0.0 0.0 0.026
0.0 0.0 0.008 0.0 0.0 0.0 0.026
0.0 0.0 0.008 0.0 0.0 0.0 0.026
0.0 0.0 0.008 0.0 0.0 0.0 0.026
0.0 0.0 0.008 0.0 0.0 0.0 0.026
0.0 0.0 0.008 0.0 0.0 0.0 0.026
0.0 0.0 0.008 0.0 0.0 0.0 0.026
0.0 0.0 0.008 0.0 0.0 0.0 0.026
0.0 0.0 0.008 0.0 0.0 0.0 0.026
0.095 0.0 0.008 0.0 0.0 0.0 0.026
0.095 0.055 0.008 0.0 0.0 0.0 0.026
0.0 0.055 0.008 0.0 0.0 0.0 0.026
0.0 0.055 0.008 0.0 0.0 0.0 0.026
0.0 0.055 0.008 0.0 0.0 0.0 0.026
0.0 0.055 0.008 0.0 0.0 0.0 0.026
0.0 0.055 0.008 0.0 0.0 0.0 0.026
0.0 0.055 0.008 0.0 0.0 0.0 0.026
0.0 0.055 0.008 0.0 0.0 0.0 0.026
0.0 0.055 0.008 0.0 0.0 0.0 0.026
0.0 0.055 0.008 0.0 0.0 0.0 0.026
0.0 0.055 0.008 0.0 0.0 0.0 0.026
0.0 0.055 0.008 0.0 0.0 0.0 0.026
0.0 0.055 0.008 0.0 0.0 0.0 0.026
0.095 0.055 0.008 0.0 0.0 0.0 0.026
0.095 0.055 0.063 0.0 0.0 0.0 0.026
0.0 0.055 0.063 0.0 0.0 0.0 0.026
0.0 0.055 0.063 0.0 0.0 0.0 0.026
0.0 0.055 0.063 0.0 0.0 0.0 0.026
0.0 0.055 0.063 0.0 0.0 0.0 0.026
0.0 0.055 0.063 0.0 0.0 0.0 0.026
0.0 0.055 0.063 0.0 0.0 0.0 0.026
0.0 0.055 0.063 0.0 0.0 0.0 0.026
0.0 0.055 0.063 0.0 0.0 0.0 0.026
0.0 0.055 0.063 0.0 0.0 0.0 0.026
0.0 0.055 0.063 0.0 0.0 0.0 0.026
0.0 0.055 0.063 0.0 0.0 0.0 0.026
0.0 0.055 0.063 0.0 0.0 0.0 0.026
0.095 0.055 0.063 0.0 0.0 0.0 0.026
0.095 0.0 0.063 0.0 0.0 0.0 0.026
0.0 0.0 0.063 0.0 0.0 0.0 0.026
0.0 0.0 0.063 0.0 0.0 0.0 0.026
0.0 0.0 0.063 0.0 0.0 0.0 0.026
0.0 0.0 0.063 0.0 0.0 0.0 0.026
0.0 0.0 0.063 0.0 0.0 0.0 0.026
0.0 0.0 0.063 0.0 0.0 0.0 0.026
0.0 0.0 0.063 0.0 0.0 0.0 0.026
0.0 0.0 0.063 0.0 0.0 0.0 0.026
0.0 0.0 0.063 0.0 0.0 0.0 0.026
0.0 0.0 0.063 0.0 0.0 0.0 0.026
0.0 0.0 0.063 0.0 0.0 0.0 0.026
0.0 0.0 0.063 0.0 0.0 0.0 0.026
0.095 0.0 0.063 0.0 0.0 0.0 0.026
0.095 0.0 0.063 0.0 0.0 0.0 0.026
0.0 0.0 0.063 0.0 0.0 0.0 0.026
0.0 0.0 0.063 0.0 0.0 0.0 0.026
0.0 0.0 0.063 0.0 0.0 0.0 0.026
0.0 0.0 0.063 0.0 0.0 0.0 0.026
0.0 0.0 0.063 0.0 0.0 0.0 0.026
0.0 0.0 0.063 0.0 0.0 0.0 0.026
0.0 0.0 0.063 0.0 0.0 0.0 0.026
0.0 0.0 0.063 0.0 0.0 0.0 0.026
0.0 0.0 0.063 0.0 0.0 0.0 0.026
0.0 0.0 0.063 0.0 0.0 0.0 0.026
0.0 0.0 0.063 0.0 0.0 0.0 0.026
0.0 0.0 0.063 0.0 0.0 0.0 0.026
0.095 0.0 0.063 0.0 0.0 0.0 0.026
0.095 0.0 0.063 0.0 0.0 0.0 0.026
0.0 0.0 0.063 0.0 0.0 0.0 0.026
0.0 0.0 0.063 0.0 0.0 0.0 0.026
0.0 0.0 0.063 0.0 0.0 0.0 0.026
0.0 0.0 0.063 0.0 0.0 0.0 0.026
0.0 0.0 0.063 0.0 0.0 0.0 0.026
0.0 0.0 0.063 0.0 0.0 0.0 0.026
0.0 0.0 0.063 0.0 0.0 0.0 0.026
0.0 0.0 0.063 0.0 0.0 0.0 0.026
0.0 0.0 0.063 0.0 0.0 0.0 0.026
0.0 0.0 0.063 0.0 0.0 0.0 0.026
0.0 0.0 0.063 0.0 0.0 0.0 0.026
0.0 0.0 0.063 0.0 0.0 0.0 0.026
0.095 0.0 0.063 0.0 0.0 0.0 0.026
0.095 0.0 0.063 0.0 0.0 0.0 0.026
0.0 0.0 0.063 0.0 0.0 0.0 0.026
0.0 0.0 0.063 0.0 0.0 0.0 0.026
0.0 0.0 0.063 0.0 0.0 0.0 0.026
0.0 0.0 0.063 0.0 0.0 0.0 0.026
0.0 0.0 0.063 0.0 0.0 0.0 0.026
0.0 0.0 0.063 0.0 0.0 0.0 0.026
0.0 0.0 0.063 0.0 0.0 0.0 0.026
0.0 0.0 0.063 0.0 0.0 0.0 0.026
0.0 0.0 0.063 0.0 0.0 0.0 0.026
0.0 0.0 0.063 0.0 0.0 0.0 0.026
0.0 0.0 0.063 0.0 0.0 0.0 0.026
0.0 0.0 0.063 0.0 0.0 0.0 0.026
0.095 0.0 0.063 0.0 0.0 0.0 0.026
0.095 0.0 0.063 0.0 0.0 0.0 0.026
0.0 0.0 0.063 0.0 0.0 0.0 0.026
0.0 0.0 0.063 0.0 0.0 0.0 0.026
0.0 0.0 0.063 0.0 0.0 0.0 0.026
0.0 0.0 0.063 0.0 0.0 0.0 0.026
0.0 0.0 0.063 0.0 0.0 0.0 0.026
0.0 0.0 0.063 0.0 0.0 0.0 0.026
0.0 0.0 0.063 0.0 0.0 0.0 0.026
0.0 0.0 0.063 0.0 0.0 0.0 0.026
0.0 0.0 0.063 0.0 0.0 0.0 0.026
0.0 0.0 0.063 0.0 0.0 0.0 0.026
0.0 0.0 0.063 0.0 0.0 0.0 0.026
0.0 0.0 0.063 0.0 0.0 0.0 0.026
0.095 0.0 0.063 0.0 0.0 0.0 0.026
0.095 0.0 0.063 0.0 0.0 0.0 0.026
0.0 0.0 0.063 0.0 0.0 0.0 0.026
0.0 0.0 0.063 0.0 0.0 0.0 0.026
0.0 0.0 0.063 0.0 0.0 0.0 0.026
0.0 0.0 0.063 0.0 0.0 0.0 0.026
0.0 0.0 0.063 0.0 0.0 0.0 0.026
0.0 0.0 0.063 0.0 0.0 0.0 0.026
0.0 0.0 0.063 0.0 0.0 0.0 0.026
0.0 0.0 0.063 0.0 0.0 0.0 0.026
0.0 0.0 0.063 0.0 0.0 0.0 0.026
0.0 0.0 0.063 0.0 0.0 0.0 0.026
0.0 0.0 0.063 0.0 0.0 0.0 0.026
0.0 0.0 0.063 0.0 0.0 0.0 0.026
0.095 0.0 0.063 0.0 0.0 0.0 0.026
0.095 0.0 0.063 0.0 0.0 0.0 0.026
0.0 0.0 0.063 0.0 0.0 0.0 0.026
0.0 0.0 0.063 0.0 0.0 0.0 0.026
0.0 0.0 0.063 0.0 0.0 0.0 0.026
0.0 0.0 0.063 0.0 0.0 0.0 0.026
0.0 0.0 0.063 0.0 0.0 0.0 0.026
0.0 0.0 0.063 0.0 0.0 0.0 0.026
0.0 0.0 0.063 0.0 0.0 0.0 0.026
0.0 0.0 0.063 0.0 0.0 0.0 0.026
0.0 0.0 0.063 0.0 0.0 0.0 0.026
0.0 0.0 0.063 0.0 0.0 0.0 0.026
0.0 0.0 0.063 0.0 0.0 0.0 0.026
0.0 0.0 0.063 0.0 0.0 0.0 0.026
0.095 0.0 0.063 0.0 0.0 0.0 0.026
0.095 0.0 0.063 0.0 0.0 0.0 0.026
0.0 0.0 0.063 0.0 0.0 0.0 0.026
0.0 0.0 0.063 0.0 0.0 0.0 0.026
0.0 0.0 0.063 0.0 0.0 0.0 0.026
0.0 0.0 0.063 0.0 0.0 0.0 0.026
0.0 0.0 0.063 0.0 0.0 0.0 0.026
0.0 0.0 0.063 0.0 0.0 0.0 0.026
0.0 0.0 0.063 0.0 0.0 0.0 0.026
0.0 0.0 0.063 0.0 0.0 0.0 0.026
0.0 0.0 0.063 0.0 0.0 0.0 0.026
0.0 0.0 0.063 0.0 0.0 0.0 0.026
0.0 0.0 0.063 0.0 0.0 0.0 0.026
0.0 0.0 0.063 0.0 0.0 0.0 0.026
0.095 0.0 0.063 0.0 0.0 0.0 0.026
0.095 0.0 0.063 0.0 0.0 0.0 0.026
0.0 0.0 0.063 0.0 0.0 0.0 0.026
0.0 0.0 0.063 0.0 0.0 0.0 0.026
0.0 0.0 0.063 0.0 0.0 0.0 0.026
0.0 0.0 0.063 0.0 0.0 0.0 0.026
0.0 0.0 0.063 0.0 0.0 0.0 0.026
0.0 0.0 0.063 0.0 0.0 0.0 0.026
0.0 0.0 0.063 0.0 0.0 0.0 0.026
0.0 0.0 0.063 0.0 0.0 0.0 0.026
0.0 0.0 0.063 0.0 0.0 0.0 0.026
0.0 0.0 0.063 0.0 0.0 0.0 0.026
0.0 0.0 0.063 0.0 0.0 0.0 0.026
0.0 0.0 0.063 0.0 0.0 0.0 0.026
0.095 0.0 0.063 0.0 0.0 0.0 0.026
0.095 0.0 0.063 0.0 0.0 0.0 0.026
0.0 0.0 0.063 0.0 0.0 0.0 0.026
0.0 0.0 0.063 0.0 0.0 0.0 0.026
0.0 0.0 0.063 0.0 0.0 0.0 0.026
0.0 0.0 0.063 0.0 0.0 0.0 0.026
0.0 0.0 0.063 0.0 0.0 0.0 0.026
0.0 0.0 0.063 0.0 0.0 0.0 0.026
0.0 0.0 0.063 0.0 0.0 0.0 0.026
0.0 0.0 0.063 0.0 0.0 0.0 0.026
0.0 0.0 0.063 0.0 0.0 0.0 0.026
0.0 0.0 0.063 0.0 0.0 0.0 0.026
0.0 0.0 0.063 0.0 0.0 0.0 0.026
0.0 0.0 0.063 0.0 0.0 0.0 0.026
0.095 0.0 0.063 0.0 0.0 0.0 0.026
0.095 0.0 0.063 0.0 0.0 0.0 0.026
0.0 0.0 0.063 0.0 0.0 0.0 0.026
0.0 0.0 0.063 0.0 0.0 0.0 0.026
0.0 0.0 0.063 0.0 0.0 0.0 0.026
0.0 0.0 0.063 0.0 0.0 0.0 0.026
0.0 0.0 0.063 0.0 0.0 0.0 0.026
0.0 0.0 0.063 0.0 0.0 0.0 0.026
0.0 0.0 0.063 0.0 0.0 0.0 0.026
0.0 0.0 0.063 0.0 0.0 0.0 0.026
0.0 0.0 0.063 0.0 0.0 0.0 0.026
0.0 0.0 0.063 0.0 0.0 0.0 0.026
0.0 0.0 0.063 0.0 0.0 0.0 0.026
0.0 0.0 0.063 0.0 0.0 0.0 0.026
0.095 0.0 0.063 0.0 0.0 0.0 0.026
0.095 0.0 0.063 0.0 0.0 0.0 0.026
0.0 0.0 0.063 0.0 0.0 0.0 0.026
0.0 0.0 0.063 0.0 0.0 0.0 0.026
0.0 0.0 0.063 0.0 0.0 0.0 0.026
0.0 0.0 0.063 0.0 0.0 0.0 0.026
0.0 0.0 0.063 0.0 0.0 0.0 0.026
0.0 0.0 0.063 0.0 0.0 0.0 0.026
0.0 0.0 0.063 0.0 0.0 0.0 0.026
0.0 0.0 0.063 0.0 0.0 0.0 0.026
0.0 0.0 0.063 0.0 0.0 0.0 0.026
0.0 0.0 0.063 0.0 0.0 0.0 0.026
0.0 0.0 0.063 0.0 0.0 0.0 0.026
0.0 0.0 0.063 0.0 0.0 0.0 0.026
0.095 0.0 0.063 0.0 0.0 0.0 0.026
0.095 0.055 0.063 0.0 0.0 0.0 0.026
0.0 0.055 0.063 0.0 0.0 0.0 0.026
0.0 0.055 0.063 0.0 0.0 0.0 0.026
0.0 0.055 0.063 0.0 0.0 0.0 0.026
0.0 0.055 0.063 0.0 0.0 0.0 0.026
0.0 0.055 0.063 0.0 0.0 0.0 0.026
0.0 0.055 0.063 0.0 0.0 0.0 0.026
0.0 0.055 0.063 0.0 0.0 0.0 0.026
0.0 0.055 0.063 0.0 0.0 0.0 0.026
0.0 0.055 0.063 0.0 0.0 0.0 0.026
0.0 0.055 0.063 0.0 0.0 0.0 0.026
0.0 0.055 0.063 0.0 0.0 0.0 0.026
0.0 0.055 0.063 0.0 0.0 0.0 0.026
0.095 0.055 0.063 0.0 0.0 0.0 0.026
0 1 1.0 0.0
0 14 1.0 0.0
0 196 1.0 0.0
1 2 1.0 0.0
1 15 1.0 0.0
1 197 1.0 0.0
2 3 1.0 0.0
2 16 1.0 0.0
2 198 1.0 0.0
3 4 1.0 0.0
3 17 1.0 0.0
3 199 1.0 0.0
4 5 1.0 0.0
4 18 1.0 0.0
4 200 1.0 0.0
5 6 1.0 0.0
5 19 1.0 0.0
5 201 1.0 0.0
6 7 1.0 0.0
6 20 1.0 0.0
6 202 1.0 0.0
7 8 1.0 0.0
7 21 1.0 0.0
7 203 1.0 0.0
8 9 1.0 0.0
8 22 1.0 0.0
8 204 1.0 0.0
9 10 1.0 0.0
9 23 1.0 0.0
9 205 1.0 0.0
10 11 1.0 0.0
10 24 1.0 0.0
10 206 1.0 0.0
11 12 1.0 0.0
11 25 1.0 0.0
11 207 1.0 0.0
12 13 1.0 0.0
12 26 1.0 0.0
12 208 1.0 0.0
13 27 1.0 0.0
13 209 1.0 0.0
14 15 1.0 0.0
14 28 1.0 0.0
14 210 1.0 0.0
15 16 1.0 0.0
15 29 1.0 0.0
15 211 1.0 0.0
16 17 1.0 0.0
16 30 1.0 0.0
16 212 1.0 0.0
17 18 1.0 0.0
17 31 1.0 0.0
17 213 1.0 0.0
18 19 1.0 0.0
18 32 1.0 0.0
18 214 1.0 0.0
19 20 1.0 0.0
19 33 1.0 0.0
19 215 1.0 0.0
20 21 1.0 0.0
20 34 1.0 0.0
20 216 1.0 0.0
21 22 1.0 0.0
21 35 1.0 0.0
21 217 1.0 0.0
22 23 1.0 0.0
22 36 1.0 0.0
22 218 1.0 0.0
23 24 1.0 0.0
23 37 1.0 0.0
23 219 1.0 0.0
24 25 1.0 0.0
24 38 1.0 0.0
24 220 1.0 0.0
25 26 1.0 0.0
25 39 1.0 0.0
25 221 1.0 0.0
26 27 1.0 0.0
26 40 1.0 0.0
26 222 1.0 0.0
27 41 1.0 0.0
27 223 1.0 0.0
28 29 1.0 0.0
28 42 1.0 0.0
28 224 1.0 0.0
29 30 1.0 0.0
29 43 1.0 0.0
29 225 1.0 0.0
30 31 1.0 0.0
30 44 1.0 0.0
30 226 1.0 0.0
31 32 1.0 0.0
31 45 1.0 0.0
31 227 1.0 0.0
32 33 1.0 0.0
32 46 1.0 0.0
32 228 1.0 0.0
33 34 1.0 0.0
33 47 1.0 0.0
33 229 1.0 0.0
34 35 1.0 0.0
34 48 1.0 0.0
34 230 1.0 0.0
35 36 1.0 0.0
35 49 1.0 0.0
35 231 1.0 0.0
36 37 1.0 0.0
36 50 1.0 0.0
36 232 1.0 0.0
37 38 1.0 0.0
37 51 1.0 0.0
37 233 1.0 0.0
38 39 1.0 0.0
38 52 1.0 0.0
38 234 1.0 0.0
39 40 1.0 0.0
39 53 1.0 0.0
39 235 1.0 0.0
40 41 1.0 0.0
40 54 1.0 0.0
40 236 1.0 0.0
41 55 1.0 0.0
41 237 1.0 0.0
42 43 1.0 0.0
42 56 1.0 0.0
42 238 1.0 0.0
43 44 1.0 0.0
43 57 1.0 0.0
43 239 1.0 0.0
44 45 1.0 0.0
44 58 1.0 0.0
44 240 1.0 0.0
45 46 1.0 0.0
45 59 1.0 0.0
45 241 1.0 0.0
46 47 1.0 0.0
46 60 1.0 0.0
46 242 1.0 0.0
47 48 1.0 0.0
47 61 1.0 0.0
47 243 1.0 0.0
48 49 1.0 0.0
48 62 1.0 0.0
48 244 1.0 0.0
49 50 1.0 0.0
49 63 1.0 0.0
49 245 1.0 0.0
50 51 1.0 0.0
50 64 1.0 0.0
50 246 1.0 0.0
51 52 1.0 0.0
51 65 1.0 0.0
51 247 1.0 0.0
52 53 1.0 0.0
52 66 1.0 0.0
52 248 1.0 0.0
53 54 1.0 0.0
53 67 1.0 0.0
53 249 1.0 0.0
54 55 1.0 0.0
54 68 1.0 0.0
54 250 1.0 0.0
55 69 1.0 0.0
55 251 1.0 0.0
56 57 1.0 0.0
56 70 1.0 0.0
56 252 1.0 0.0
57 58 1.0 0.0
57 71 1.0 0.0
57 253 1.0 0.0
58 59 1.0 0.0
58 72 1.0 0.0
58 254 1.0 0.0
59 60 1.0 0.0
59 73 1.0 0.0
59 255 1.0 0.0
60 61 1.0 0.0
60 74 1.0 0.0
60 256 1.0 0.0
61 62 1.0 0.0
61 75 1.0 0.0
61 257 1.0 0.0
62 63 1.0 0.0
62 76 1.0 0.0
62 258 1.0 0.0
63 64 1.0 0.0
63 77 1.0 0.0
63 259 1.0 0.0
64 65 1.0 0.0
64 78 1.0 0.0
64 260 1.0 0.0
65 66 1.0 0.0
65 79 1.0 0.0
65 261 1.0 0.0
66 67 1.0 0.0
66 80 1.0 0.0
66 262 1.0 0.0
67 68 1.0 0.0
67 81 1.0 0.0
67 263 1.0 0.0
68 69 1.0 0.0
68 82 1.0 0.0
68 264 1.0 0.0
69 83 1.0 0.0
69 265 1.0 0.0
70 71 1.0 0.0
70 84 1.0 0.0
70 266 1.0 0.0
71 72 1.0 0.0
71 85 1.0 0.0
71 267 1.0 0.0
72 73 1.0 0.0
72 86 1.0 0.0
72 268 1.0 0.0
73 74 1.0 0.0
73 87 1.0 0.0
73 269 1.0 0.0
74 75 1.0 0.0
74 88 1.0 0.0
74 270 1.0 0.0
75 76 1.0 0.0
75 89 1.0 0.0
75 271 1.0 0.0
76 77 1.0 0.0
76 90 1.0 0.0
76 272 1.0 0.0
77 78 1.0 0.0
77 91 1.0 0.0
77 273 1.0 0.0
78 79 1.0 0.0
78 92 1.0 0.0
78 274 1.0 0.0
79 80 1.0 0.0
79 93 1.0 0.0
79 275 1.0 0.0
80 81 1.0 0.0
80 94 1.0 0.0
80 276 1.0 0.0
81 82 1.0 0.0
81 95 1.0 0.0
81 277 1.0 0.0
82 83 1.0 0.0
82 96 1.0 0.0
82 278 1.0 0.0
83 97 1.0 0.0
83 279 1.0 0.0
84 85 1.0 0.0
84 98 1.0 0.0
84 280 1.0 0.0
85 86 1.0 0.0
85 99 1.0 0.0
85 281 1.0 0.0
86 87 1.0 0.0
86 100 1.0 0.0
86 282 1.0 0.0
87 88 1.0 0.0
87 101 1.0 0.0
87 283 1.0 0.0
88 89 1.0 0.0
88 102 1.0 0.0
88 284 1.0 0.0
89 90 1.0 0.0
89 103 1.0 0.0
89 285 1.0 0.0
90 91 1.0 0.0
90 104 1.0 0.0
90 286 1.0 0.0
91 92 1.0 0.0
91 105 1.0 0.0
91 287 1.0 0.0
92 93 1.0 0.0
92 106 1.0 0.0
92 288 1.0 0.0
93 94 1.0 0.0
93 107 1.0 0.0
93 289 1.0 0.0
94 95 1.0 0.0
94 108 1.0 0.0
94 290 1.0 0.0
95 96 1.0 0.0
95 109 1.0 0.0
95 291 1.0 0.0
96 97 1.0 0.0
96 110 1.0 0.0
96 292 1.0 0.0
97 111 1.0 0.0
97 293 1.0 0.0
98 99 1.0 0.0
98 112 1.0 0.0
98 294 1.0 0.0
99 100 1.0 0.0
99 113 1.0 0.0
99 295 1.0 0.0
100 101 1.0 0.0
100 114 1.0 0.0
100 296 1.0 0.0
101 102 1.0 0.0
101 115 1.0 0.0
101 297 1.0 0.0
102 103 1.0 0.0
102 116 1.0 0.0
102 298 1.0 0.0
103 104 1.0 0.0
103 117 1.0 0.0
103 299 1.0 0.0
104 105 1.0 0.0
104 118 1.0 0.0
104 300 1.0 0.0
105 106 1.0 0.0
105 119 1.0 0.0
105 301 1.0 0.0
106 107 1.0 0.0
106 120 1.0 0.0
106 302 1.0 0.0
107 108 1.0 0.0
107 121 1.0 0.0
107 303 1.0 0.0
108 109 1.0 0.0
108 122 1.0 0.0
108 304 1.0 0.0
109 110 1.0 0.0
109 123 1.0 0.0
109 305 1.0 0.0
110 111 1.0 0.0
110 124 1.0 0.0
110 306 1.0 0.0
111 125 1.0 0.0
111 307 1.0 0.0
112 113 1.0 0.0
112 126 1.0 0.0
112 308 1.0 0.0
113 114 1.0 0.0
113 127 1.0 0.0
113 309 1.0 0.0
114 115 1.0 0.0
114 128 1.0 0.0
114 310 1.0 0.0
115 116 1.0 0.0
115 129 1.0 0.0
115 311 1.0 0.0
116 117 1.0 0.0
116 130 1.0 0.0
116 312 1.0 0.0
117 118 1.0 0.0
117 131 1.0 0.0
117 313 1.0 0.0
118 119 1.0 0.0
118 132 1.0 0.0
118 314 1.0 0.0
119 120 1.0 0.0
119 133 1.0 0.0
119 315 1.0 0.0
120 121 1.0 0.0
120 134 1.0 0.0
120 316 1.0 0.0
121 122 1.0 0.0
121 135 1.0 0.0
121 317 1.0 0.0
122 123 1.0 0.0
122 136 1.0 0.0
122 318 1.0 0.0
123 124 1.0 0.0
123 137 1.0 0.0
123 319 1.0 0.0
124 125 1.0 0.0
124 138 1.0 0.0
124 320 1.0 0.0
125 139 1.0 0.0
125 321 1.0 0.0
126 127 1.0 0.0
126 140 1.0 0.0
126 322 1.0 0.0
127 128 1.0 0.0
127 141 1.0 0.0
127 323 1.0 0.0
128 129 1.0 0.0
128 142 1.0 0.0
128 324 1.0 0.0
129 130 1.0 0.0
129 143 1.0 0.0
129 325 1.0 0.0
130 131 1.0 0.0
130 144 1.0 0.0
130 326 1.0 0.0
131 132 1.0 0.0
131 145 1.0 0.0
131 327 1.0 0.0
132 133 1.0 0.0
132 146 1.0 0.0
132 328 1.0 0.0
133 134 1.0 0.0
133 147 1.0 0.0
133 329 1.0 0.0
134 135 1.0 0.0
134 148 1.0 0.0
134 330 1.0 0.0
135 136 1.0 0.0
135 149 1.0 0.0
135 331 1.0 0.0
136 137 1.0 0.0
136 150 1.0 0.0
136 332 1.0 0.0
137 138 1.0 0.0
137 151 1.0 0.0
137 333 1.0 0.0
138 139 1.0 0.0
138 152 1.0 0.0
138 334 1.0 0.0
139 153 1.0 0.0
139 335 1.0 0.0
140 141 1.0 0.0
140 154 1.0 0.0
140 336 1.0 0.0
141 142 1.0 0.0
141 155 1.0 0.0
141 337 1.0 0.0
142 143 1.0 0.0
142 156 1.0 0.0
142 338 1.0 0.0
143 144 1.0 0.0
143 157 1.0 0.0
143 339 1.0 0.0
144 145 1.0 0.0
144 158 1.0 0.0
144 340 1.0 0.0
145 146 1.0 0.0
145 159 1.0 0.0
145 341 1.0 0.0
146 147 1.0 0.0
146 160 1.0 0.0
146 342 1.0 0.0
147 148 1.0 0.0
147 161 1.0 0.0
147 343 1.0 0.0
148 149 1.0 0.0
148 162 1.0 0.0
148 344 1.0 0.0
149 150 1.0 0.0
149 163 1.0 0.0
149 345 1.0 0.0
150 151 1.0 0.0
150 164 1.0 0.0
150 346 1.0 0.0
151 152 1.0 0.0
151 165 1.0 0.0
151 347 1.0 0.0
152 153 1.0 0.0
152 166 1.0 0.0
152 348 1.0 0.0
153 167 1.0 0.0
153 349 1.0 0.0
154 155 1.0 0.0
154 168 1.0 0.0
154 350 1.0 0.0
155 156 1.0 0.0
155 169 1.0 0.0
155 351 1.0 0.0
156 157 1.0 0.0
156 170 1.0 0.0
156 352 1.0 0.0
157 158 1.0 0.0
157 171 1.0 0.0
157 353 1.0 0.0
158 159 1.0 0.0
158 172 1.0 0.0
158 354 1.0 0.0
159 160 1.0 0.0
159 173 1.0 0.0
159 355 1.0 0.0
160 161 1.0 0.0
160 174 1.0 0.0
160 356 1.0 0.0
161 162 1.0 0.0
161 175 1.0 0.0
161 357 1.0 0.0
162 163 1.0 0.0
162 176 1.0 0.0
162 358 1.0 0.0
163 164 1.0 0.0
163 177 1.0 0.0
163 359 1.0 0.0
164 165 1.0 0.0
164 178 1.0 0.0
164 360 1.0 0.0
165 166 1.0 0.0
165 179 1.0 0.0
165 361 1.0 0.0
166 167 1.0 0.0
166 180 1.0 0.0
166 362 1.0 0.0
167 181 1.0 0.0
167 363 1.0 0.0
168 169 1.0 0.0
168 182 1.0 0.0
168 364 1.0 0.0
169 170 1.0 0.0
169 183 1.0 0.0
169 365 1.0 0.0
170 171 1.0 0.0
170 184 1.0 0.0
170 366 1.0 0.0
171 172 1.0 0.0
171 185 1.0 0.0
171 367 1.0 0.0
172 173 1.0 0.0
172 186 1.0 0.0
172 368 1.0 0.0
173 174 1.0 0.0
173 187 1.0 0.0
173 369 1.0 0.0
174 175 1.0 0.0
174 188 1.0 0.0
174 370 1.0 0.0
175 176 1.0 0.0
175 189 1.0 0.0
175 371 1.0 0.0
176 177 1.0 0.0
176 190 1.0 0.0
176 372 1.0 0.0
177 178 1.0 0.0
177 191 1.0 0.0
177 373 1.0 0.0
178 179 1.0 0.0
178 192 1.0 0.0
178 374 1.0 0.0
179 180 1.0 0.0
179 193 1.0 0.0
179 375 1.0 0.0
180 181 1.0 0.0
180 194 1.0 0.0
180 376 1.0 0.0
181 195 1.0 0.0
181 377 1.0 0.0
182 183 1.0 0.0
182 378 1.0 0.0
183 184 1.0 0.0
183 379 1.0 0.0
184 185 1.0 0.0
184 380 1.0 0.0
185 186 1.0 0.0
185 381 1.0 0.0
186 187 1.0 0.0
186 382 1.0 0.0
187 188 1.0 0.0
187 383 1.0 0.0
188 189 1.0 0.0
188 384 1.0 0.0
189 190 1.0 0.0
189 385 1.0 0.0
190 191 1.0 0.0
190 386 1.0 0.0
191 192 1.0 0.0
191 387 1.0 0.0
192 193 1.0 0.0
192 388 1.0 0.0
193 194 1.0 0.0
193 389 1.0 0.0
194 195 1.0 0.0
194 390 1.0 0.0
195 391 1.0 0.0
196 197 1.0 0.0
196 210 1.0 0.0
196 392 1.0 0.0
197 198 1.0 0.0
197 211 1.0 0.0
197 393 1.0 0.0
198 199 1.0 0.0
198 212 1.0 0.0
198 394 1.0 0.0
199 200 1.0 0.0
199 213 1.0 0.0
199 395 1.0 0.0
200 201 1.0 0.0
200 214 1.0 0.0
200 396 1.0 0.0
201 202 1.0 0.0
201 215 1.0 0.0
201 397 1.0 0.0
202 203 1.0 0.0
202 216 1.0 0.0
202 398 1.0 0.0
203 204 1.0 0.0
203 217 1.0 0.0
203 399 1.0 0.0
204 205 1.0 0.0
204 218 1.0 0.0
204 400 1.0 0.0
205 206 1.0 0.0
205 219 1.0 0.0
205 401 1.0 0.0
206 207 1.0 0.0
206 220 1.0 0.0
206 402 1.0 0.0
207 208 1.0 0.0
207 221 1.0 0.0
207 403 1.0 0.0
208 209 1.0 0.0
208 222 1.0 0.0
208 404 1.0 0.0
209 223 1.0 0.0
209 405 1.0 0.0
210 211 1.0 0.0
210 224 1.0 0.0
210 406 1.0 0.0
211 212 1.0 0.0
211 225 1.0 0.0
211 407 1.0 0.0
212 213 1.0 0.0
212 226 1.0 0.0
212 408 1.0 0.0
213 214 1.0 0.0
213 227 1.0 0.0
213 409 1.0 0.0
214 215 1.0 0.0
214 228 1.0 0.0
214 410 1.0 0.0
215 216 1.0 0.0
215 229 1.0 0.0
215 411 1.0 0.0
216 217 1.0 0.0
216 230 1.0 0.0
216 412 1.0 0.0
217 218 1.0 0.0
217 231 1.0 0.0
217 413 1.0 0.0
218 219 1.0 0.0
218 232 1.0 0.0
218 414 1.0 0.0
219 220 1.0 0.0
219 233 1.0 0.0
219 415 1.0 0.0
220 221 1.0 0.0
220 234 1.0 0.0
220 416 1.0 0.0
221 222 1.0 0.0
221 235 1.0 0.0
221 417 1.0 0.0
222 223 1.0 0.0
222 236 1.0 0.0
222 418 1.0 0.0
223 237 1.0 0.0
223 419 1.0 0.0
224 225 1.0 0.0
224 238 1.0 0.0
224 420 1.0 0.0
225 226 1.0 0.0
225 239 1.0 0.0
225 421 1.0 0.0
226 227 1.0 0.0
226 240 1.0 0.0
226 422 1.0 0.0
227 228 1.0 0.0
227 241 1.0 0.0
227 423 1.0 0.0
228 229 1.0 0.0
228 242 1.0 0.0
228 424 1.0 0.0
229 230 1.0 0.0
229 243 1.0 0.0
229 425 1.0 0.0
230 231 1.0 0.0
230 244 1.0 0.0
230 426 1.0 0.0
231 232 1.0 0.0
231 245 1.0 0.0
231 427 1.0 0.0
232 233 1.0 0.0
232 246 1.0 0.0
232 428 1.0 0.0
233 234 1.0 0.0
233 247 1.0 0.0
233 429 1.0 0.0
234 235 1.0 0.0
234 248 1.0 0.0
234 430 1.0 0.0
235 236 1.0 0.0
235 249 1.0 0.0
235 431 1.0 0.0
236 237 1.0 0.0
236 250 1.0 0.0
236 432 1.0 0.0
237 251 1.0 0.0
237 433 1.0 0.0
238 239 1.0 0.0
238 252 1.0 0.0
238 434 1.0 0.0
239 240 1.0 0.0
239 253 1.0 0.0
239 435 1.0 0.0
240 241 1.0 0.0
240 254 1.0 0.0
240 436 1.0 0.0
241 242 1.0 0.0
241 255 1.0 0.0
241 437 1.0 0.0
242 243 1.0 0.0
242 256 1.0 0.0
242 438 1.0 0.0
243 244 1.0 0.0
243 257 1.0 0.0
243 439 1.0 0.0
244 245 1.0 0.0
244 258 1.0 0.0
244 440 1.0 0.0
245 246 1.0 0.0
245 259 1.0 0.0
245 441 1.0 0.0
246 247 1.0 0.0
246 260 1.0 0.0
246 442 1.0 0.0
247 248 1.0 0.0
247 261 1.0 0.0
247 443 1.0 0.0
248 249 1.0 0.0
248 262 1.0 0.0
248 444 1.0 0.0
249 250 1.0 0.0
249 263 1.0 0.0
249 445 1.0 0.0
250 251 1.0 0.0
250 264 1.0 0.0
250 446 1.0 0.0
251 265 1.0 0.0
251 447 1.0 0.0
252 253 1.0 0.0
252 266 1.0 0.0
252 448 1.0 0.0
253 254 1.0 0.0
253 267 1.0 0.0
253 449 1.0 0.0
254 255 1.0 0.0
254 268 1.0 0.0
254 450 1.0 0.0
255 256 1.0 0.0
255 269 1.0 0.0
255 451 1.0 0.0
256 257 1.0 0.0
256 270 1.0 0.0
256 452 1.0 0.0
257 258 1.0 0.0
257 271 1.0 0.0
257 453 1.0 0.0
258 259 1.0 0.0
258 272 1.0 0.0
258 454 1.0 0.0
259 260 1.0 0.0
259 273 1.0 0.0
259 455 1.0 0.0
260 261 1.0 0.0
260 274 1.0 0.0
260 456 1.0 0.0
261 262 1.0 0.0
261 275 1.0 0.0
261 457 1.0 0.0
262 263 1.0 0.0
262 276 1.0 0.0
262 458 1.0 0.0
263 264 1.0 0.0
263 277 1.0 0.0
263 459 1.0 0.0
264 265 1.0 0.0
264 278 1.0 0.0
264 460 1.0 0.0
265 279 1.0 0.0
265 461 1.0 0.0
266 267 1.0 0.0
266 280 1.0 0.0
266 462 1.0 0.0
267 268 1.0 0.0
267 281 1.0 0.0
267 463 1.0 0.0
268 269 1.0 0.0
268 282 1.0 0.0
268 464 1.0 0.0
269 270 1.0 0.0
269 283 1.0 0.0
269 465 1.0 0.0
270 271 1.0 0.0
270 284 1.0 0.0
270 466 1.0 0.0
271 272 1.0 0.0
271 285 1.0 0.0
271 467 1.0 0.0
272 273 1.0 0.0
272 286 1.0 0.0
272 468 1.0 0.0
273 274 1.0 0.0
273 287 1.0 0.0
273 469 1.0 0.0
274 275 1.0 0.0
274 288 1.0 0.0
274 470 1.0 0.0
275 276 1.0 0.0
275 289 1.0 0.0
275 471 1.0 0.0
276 277 1.0 0.0
276 290 1.0 0.0
276 472 1.0 0.0
277 278 1.0 0.0
277 291 1.0 0.0
277 473 1.0 0.0
278 279 1.0 0.0
278 292 1.0 0.0
278 474 1.0 0.0
279 293 1.0 0.0
279 475 1.0 0.0
280 281 1.0 0.0
280 294 1.0 0.0
280 476 1.0 0.0
281 282 1.0 0.0
281 295 1.0 0.0
281 477 1.0 0.0
282 283 1.0 0.0
282 296 1.0 0.0
282 478 1.0 0.0
283 284 1.0 0.0
283 297 1.0 0.0
283 479 1.0 0.0
284 285 1.0 0.0
284 298 1.0 0.0
284 480 1.0 0.0
285 286 1.0 0.0
285 299 1.0 0.0
285 481 1.0 0.0
286 287 1.0 0.0
286 300 1.0 0.0
286 482 1.0 0.0
287 288 1.0 0.0
287 301 1.0 0.0
287 483 1.0 0.0
288 289 1.0 0.0
288 302 1.0 0.0
288 484 1.0 0.0
289 290 1.0 0.0
289 303 1.0 0.0
289 485 1.0 0.0
290 291 1.0 0.0
290 304 1.0 0.0
290 486 1.0 0.0
291 292 1.0 0.0
291 305 1.0 0.0
291 487 1.0 0.0
292 293 1.0 0.0
292 306 1.0 0.0
292 488 1.0 0.0
293 307 1.0 0.0
293 489 1.0 0.0
294 295 1.0 0.0
294 308 1.0 0.0
294 490 1.0 0.0
295 296 1.0 0.0
295 309 1.0 0.0
295 491 1.0 0.0
296 297 1.0 0.0
296 310 1.0 0.0
296 492 1.0 0.0
297 298 1.0 0.0
297 311 1.0 0.0
297 493 1.0 0.0
298 299 1.0 0.0
298 312 1.0 0.0
298 494 1.0 0.0
299 300 1.0 0.0
299 313 1.0 0.0
299 495 1.0 0.0
300 301 1.0 0.0
300 314 1.0 0.0
300 496 1.0 0.0
301 302 1.0 0.0
301 315 1.0 0.0
301 497 1.0 0.0
302 303 1.0 0.0
302 316 1.0 0.0
302 498 1.0 0.0
303 304 1.0 0.0
303 317 1.0 0.0
303 499 1.0 0.0
304 305 1.0 0.0
304 318 1.0 0.0
304 500 1.0 0.0
305 306 1.0 0.0
305 319 1.0 0.0
305 501 1.0 0.0
306 307 1.0 0.0
306 320 1.0 0.0
306 502 1.0 0.0
307 321 1.0 0.0
307 503 1.0 0.0
308 309 1.0 0.0
308 322 1.0 0.0
308 504 1.0 0.0
309 310 1.0 0.0
309 323 1.0 0.0
309 505 1.0 0.0
310 311 1.0 0.0
310 324 1.0 0.0
310 506 1.0 0.0
311 312 1.0 0.0
311 325 1.0 0.0
311 507 1.0 0.0
312 313 1.0 0.0
312 326 1.0 0.0
312 508 1.0 0.0
313 314 1.0 0.0
313 327 1.0 0.0
313 509 1.0 0.0
314 315 1.0 0.0
314 328 1.0 0.0
314 510 1.0 0.0
315 316 1.0 0.0
315 329 1.0 0.0
315 511 1.0 0.0
316 317 1.0 0.0
316 330 1.0 0.0
316 512 1.0 0.0
317 318 1.0 0.0
317 331 1.0 0.0
317 513 1.0 0.0
318 319 1.0 0.0
318 332 1.0 0.0
318 514 1.0 0.0
319 320 1.0 0.0
319 333 1.0 0.0
319 515 1.0 0.0
320 321 1.0 0.0
320 334 1.0 0.0
320 516 1.0 0.0
321 335 1.0 0.0
321 517 1.0 0.0
322 323 1.0 0.0
322 336 1.0 0.0
322 518 1.0 0.0
323 324 1.0 0.0
323 337 1.0 0.0
323 519 1.0 0.0
324 325 1.0 0.0
324 338 1.0 0.0
324 520 1.0 0.0
325 326 1.0 0.0
325 339 1.0 0.0
325 521 1.0 0.0
326 327 1.0 0.0
326 340 1.0 0.0
326 522 1.0 0.0
327 328 1.0 0.0
327 341 1.0 0.0
327 523 1.0 0.0
328 329 1.0 0.0
328 342 1.0 0.0
328 524 1.0 0.0
329 330 1.0 0.0
329 343 1.0 0.0
329 525 1.0 0.0
330 331 1.0 0.0
330 344 1.0 0.0
330 526 1.0 0.0
331 332 1.0 0.0
331 345 1.0 0.0
331 527 1.0 0.0
332 333 1.0 0.0
332 346 1.0 0.0
332 528 1.0 0.0
333 334 1.0 0.0
333 347 1.0 0.0
333 529 1.0 0.0
334 335 1.0 0.0
334 348 1.0 0.0
334 530 1.0 0.0
335 349 1.0 0.0
335 531 1.0 0.0
336 337 1.0 0.0
336 350 1.0 0.0
336 532 1.0 0.0
337 338 1.0 0.0
337 351 1.0 0.0
337 533 1.0 0.0
338 339 1.0 0.0
338 352 1.0 0.0
338 534 1.0 0.0
339 340 1.0 0.0
339 353 1.0 0.0
339 535 1.0 0.0
340 341 1.0 0.0
340 354 1.0 0.0
340 536 1.0 0.0
341 342 1.0 0.0
341 355 1.0 0.0
341 537 1.0 0.0
342 343 1.0 0.0
342 356 1.0 0.0
342 538 1.0 0.0
343 344 1.0 0.0
343 357 1.0 0.0
343 539 1.0 0.0
344 345 1.0 0.0
344 358 1.0 0.0
344 540 1.0 0.0
345 346 1.0 0.0
345 359 1.0 0.0
345 541 1.0 0.0
346 347 1.0 0.0
346 360 1.0 0.0
346 542 1.0 0.0
347 348 1.0 0.0
347 361 1.0 0.0
347 543 1.0 0.0
348 349 1.0 0.0
348 362 1.0 0.0
348 544 1.0 0.0
349 363 1.0 0.0
349 545 1.0 0.0
350 351 1.0 0.0
350 364 1.0 0.0
350 546 1.0 0.0
351 352 1.0 0.0
351 365 1.0 0.0
351 547 1.0 0.0
352 353 1.0 0.0
352 366 1.0 0.0
352 548 1.0 0.0
353 354 1.0 0.0
353 367 1.0 0.0
353 549 1.0 0.0
354 355 1.0 0.0
354 368 1.0 0.0
354 550 1.0 0.0
355 356 1.0 0.0
355 369 1.0 0.0
355 551 1.0 0.0
356 357 1.0 0.0
356 370 1.0 0.0
356 552 1.0 0.0
357 358 1.0 0.0
357 371 1.0 0.0
357 553 1.0 0.0
358 359 1.0 0.0
358 372 1.0 0.0
358 554 1.0 0.0
359 360 1.0 0.0
359 373 1.0 0.0
359 555 1.0 0.0
360 361 1.0 0.0
360 374 1.0 0.0
360 556 1.0 0.0
361 362 1.0 0.0
361 375 1.0 0.0
361 557 1.0 0.0
362 363 1.0 0.0
362 376 1.0 0.0
362 558 1.0 0.0
363 377 1.0 0.0
363 559 1.0 0.0
364 365 1.0 0.0
364 378 1.0 0.0
364 560 1.0 0.0
365 366 1.0 0.0
365 379 1.0 0.0
365 561 1.0 0.0
366 367 1.0 0.0
366 380 1.0 0.0
366 562 1.0 0.0
367 368 1.0 0.0
367 381 1.0 0.0
367 563 1.0 0.0
368 369 1.0 0.0
368 382 1.0 0.0
368 564 1.0 0.0
369 370 1.0 0.0
369 383 1.0 0.0
369 565 1.0 0.0
370 371 1.0 0.0
370 384 1.0 0.0
370 566 1.0 0.0
371 372 1.0 0.0
371 385 1.0 0.0
371 567 1.0 0.0
372 373 1.0 0.0
372 386 1.0 0.0
372 568 1.0 0.0
373 374 1.0 0.0
373 387 1.0 0.0
373 569 1.0 0.0
374 375 1.0 0.0
374 388 1.0 0.0
374 570 1.0 0.0
375 376 1.0 0.0
375 389 1.0 0.0
375 571 1.0 0.0
376 377 1.0 0.0
376 390 1.0 0.0
376 572 1.0 0.0
377 391 1.0 0.0
377 573 1.0 0.0
378 379 1.0 0.0
378 574 1.0 0.0
379 380 1.0 0.0
379 575 1.0 0.0
380 381 1.0 0.0
380 576 1.0 0.0
381 382 1.0 0.0
381 577 1.0 0.0
382 383 1.0 0.0
382 578 1.0 0.0
383 384 1.0 0.0
383 579 1.0 0.0
384 385 1.0 0.0
384 580 1.0 0.0
385 386 1.0 0.0
385 581 1.0 0.0
386 387 1.0 0.0
386 582 1.0 0.0
387 388 1.0 0.0
387 583 1.0 0.0
388 389 1.0 0.0
388 584 1.0 0.0
389 390 1.0 0.0
389 585 1.0 0.0
390 391 1.0 0.0
390 586 1.0 0.0
391 587 1.0 0.0
392 393 1.0 0.0
392 406 1.0 0.0
392 588 1.0 0.0
393 394 1.0 0.0
393 407 1.0 0.0
393 589 1.0 0.0
394 395 1.0 0.0
394 408 1.0 0.0
394 590 1.0 0.0
395 396 1.0 0.0
395 409 1.0 0.0
395 591 1.0 0.0
396 397 1.0 0.0
396 410 1.0 0.0
396 592 1.0 0.0
397 398 1.0 0.0
397 411 1.0 0.0
397 593 1.0 0.0
398 399 1.0 0.0
398 412 1.0 0.0
398 594 1.0 0.0
399 400 1.0 0.0
399 413 1.0 0.0
399 595 1.0 0.0
400 401 1.0 0.0
400 414 1.0 0.0
400 596 1.0 0.0
401 402 1.0 0.0
401 415 1.0 0.0
401 597 1.0 0.0
402 403 1.0 0.0
402 416 1.0 0.0
402 598 1.0 0.0
403 404 1.0 0.0
403 417 1.0 0.0
403 599 1.0 0.0
404 405 1.0 0.0
404 418 1.0 0.0
404 600 1.0 0.0
405 419 1.0 0.0
405 601 1.0 0.0
406 407 1.0 0.0
406 420 1.0 0.0
406 602 1.0 0.0
407 408 1.0 0.0
407 421 1.0 0.0
407 603 1.0 0.0
408 409 1.0 0.0
408 422 1.0 0.0
408 604 1.0 0.0
409 410 1.0 0.0
409 423 1.0 0.0
409 605 1.0 0.0
410 411 1.0 0.0
410 424 1.0 0.0
410 606 1.0 0.0
411 412 1.0 0.0
411 425 1.0 0.0
411 607 1.0 0.0
412 413 1.0 0.0
412 426 1.0 0.0
412 608 1.0 0.0
413 414 1.0 0.0
413 427 1.0 0.0
413 609 1.0 0.0
414 415 1.0 0.0
414 428 1.0 0.0
414 610 1.0 0.0
415 416 1.0 0.0
415 429 1.0 0.0
415 611 1.0 0.0
416 417 1.0 0.0
416 430 1.0 0.0
416 612 1.0 0.0
417 418 1.0 0.0
417 431 1.0 0.0
417 613 1.0 0.0
418 419 1.0 0.0
418 432 1.0 0.0
418 614 1.0 0.0
419 433 1.0 0.0
419 615 1.0 0.0
420 421 1.0 0.0
420 434 1.0 0.0
420 616 1.0 0.0
421 422 1.0 0.0
421 435 1.0 0.0
421 617 1.0 0.0
422 423 1.0 0.0
422 436 1.0 0.0
422 618 1.0 0.0
423 424 1.0 0.0
423 437 1.0 0.0
423 619 1.0 0.0
424 425 1.0 0.0
424 438 1.0 0.0
424 620 1.0 0.0
425 426 1.0 0.0
425 439 1.0 0.0
425 621 1.0 0.0
426 427 1.0 0.0
426 440 1.0 0.0
426 622 1.0 0.0
427 428 1.0 0.0
427 441 1.0 0.0
427 623 1.0 0.0
428 429 1.0 0.0
428 442 1.0 0.0
428 624 1.0 0.0
429 430 1.0 0.0
429 443 1.0 0.0
429 625 1.0 0.0
430 431 1.0 0.0
430 444 1.0 0.0
430 626 1.0 0.0
431 432 1.0 0.0
431 445 1.0 0.0
431 627 1.0 0.0
432 433 1.0 0.0
432 446 1.0 0.0
432 628 1.0 0.0
433 447 1.0 0.0
433 629 1.0 0.0
434 435 1.0 0.0
434 448 1.0 0.0
434 630 1.0 0.0
435 436 1.0 0.0
435 449 1.0 0.0
435 631 1.0 0.0
436 437 1.0 0.0
436 450 1.0 0.0
436 632 1.0 0.0
437 438 1.0 0.0
437 451 1.0 0.0
437 633 1.0 0.0
438 439 1.0 0.0
438 452 1.0 0.0
438 634 1.0 0.0
439 440 1.0 0.0
439 453 1.0 0.0
439 635 1.0 0.0
440 441 1.0 0.0
440 454 1.0 0.0
440 636 1.0 0.0
441 442 1.0 0.0
441 455 1.0 0.0
441 637 1.0 0.0
442 443 1.0 0.0
442 456 1.0 0.0
442 638 1.0 0.0
443 444 1.0 0.0
443 457 1.0 0.0
443 639 1.0 0.0
444 445 1.0 0.0
444 458 1.0 0.0
444 640 1.0 0.0
445 446 1.0 0.0
445 459 1.0 0.0
445 641 1.0 0.0
446 447 1.0 0.0
446 460 1.0 0.0
446 642 1.0 0.0
447 461 1.0 0.0
447 643 1.0 0.0
448 449 1.0 0.0
448 462 1.0 0.0
448 644 1.0 0.0
449 450 1.0 0.0
449 463 1.0 0.0
449 645 1.0 0.0
450 451 1.0 0.0
450 464 1.0 0.0
450 646 1.0 0.0
451 452 1.0 0.0
451 465 1.0 0.0
451 647 1.0 0.0
452 453 1.0 0.0
452 466 1.0 0.0
452 648 1.0 0.0
453 454 1.0 0.0
453 467 1.0 0.0
453 649 1.0 0.0
454 455 1.0 0.0
454 468 1.0 0.0
454 650 1.0 0.0
455 456 1.0 0.0
455 469 1.0 0.0
455 651 1.0 0.0
456 457 1.0 0.0
456 470 1.0 0.0
456 652 1.0 0.0
457 458 1.0 0.0
457 471 1.0 0.0
457 653 1.0 0.0
458 459 1.0 0.0
458 472 1.0 0.0
458 654 1.0 0.0
459 460 1.0 0.0
459 473 1.0 0.0
459 655 1.0 0.0
460 461 1.0 0.0
460 474 1.0 0.0
460 656 1.0 0.0
461 475 1.0 0.0
461 657 1.0 0.0
462 463 1.0 0.0
462 476 1.0 0.0
462 658 1.0 0.0
463 464 1.0 0.0
463 477 1.0 0.0
463 659 1.0 0.0
464 465 1.0 0.0
464 478 1.0 0.0
464 660 1.0 0.0
465 466 1.0 0.0
465 479 1.0 0.0
465 661 1.0 0.0
466 467 1.0 0.0
466 480 1.0 0.0
466 662 1.0 0.0
467 468 1.0 0.0
467 481 1.0 0.0
467 663 1.0 0.0
468 469 1.0 0.0
468 482 1.0 0.0
468 664 1.0 0.0
469 470 1.0 0.0
469 483 1.0 0.0
469 665 1.0 0.0
470 471 1.0 0.0
470 484 1.0 0.0
470 666 1.0 0.0
471 472 1.0 0.0
471 485 1.0 0.0
471 667 1.0 0.0
472 473 1.0 0.0
472 486 1.0 0.0
472 668 1.0 0.0
473 474 1.0 0.0
473 487 1.0 0.0
473 669 1.0 0.0
474 475 1.0 0.0
474 488 1.0 0.0
474 670 1.0 0.0
475 489 1.0 0.0
475 671 1.0 0.0
476 477 1.0 0.0
476 490 1.0 0.0
476 672 1.0 0.0
477 478 1.0 0.0
477 491 1.0 0.0
477 673 1.0 0.0
478 479 1.0 0.0
478 492 1.0 0.0
478 674 1.0 0.0
479 480 1.0 0.0
479 493 1.0 0.0
479 675 1.0 0.0
480 481 1.0 0.0
480 494 1.0 0.0
480 676 1.0 0.0
481 482 1.0 0.0
481 495 1.0 0.0
481 677 1.0 0.0
482 483 1.0 0.0
482 496 1.0 0.0
482 678 1.0 0.0
483 484 1.0 0.0
483 497 1.0 0.0
483 679 1.0 0.0
484 485 1.0 0.0
484 498 1.0 0.0
484 680 1.0 0.0
485 486 1.0 0.0
485 499 1.0 0.0
485 681 1.0 0.0
486 487 1.0 0.0
486 500 1.0 0.0
486 682 1.0 0.0
487 488 1.0 0.0
487 501 1.0 0.0
487 683 1.0 0.0
488 489 1.0 0.0
488 502 1.0 0.0
488 684 1.0 0.0
489 503 1.0 0.0
489 685 1.0 0.0
490 491 1.0 0.0
490 504 1.0 0.0
490 686 1.0 0.0
491 492 1.0 0.0
491 505 1.0 0.0
491 687 1.0 0.0
492 493 1.0 0.0
492 506 1.0 0.0
492 688 1.0 0.0
493 494 1.0 0.0
493 507 1.0 0.0
493 689 1.0 0.0
494 495 1.0 0.0
494 508 1.0 0.0
494 690 1.0 0.0
495 496 1.0 0.0
495 509 1.0 0.0
495 691 1.0 0.0
496 497 1.0 0.0
496 510 1.0 0.0
496 692 1.0 0.0
497 498 1.0 0.0
497 511 1.0 0.0
497 693 1.0 0.0
498 499 1.0 0.0
498 512 1.0 0.0
498 694 1.0 0.0
499 500 1.0 0.0
499 513 1.0 0.0
499 695 1.0 0.0
500 501 1.0 0.0
500 514 1.0 0.0
500 696 1.0 0.0
501 502 1.0 0.0
501 515 1.0 0.0
501 697 1.0 0.0
502 503 1.0 0.0
502 516 1.0 0.0
502 698 1.0 0.0
503 517 1.0 0.0
503 699 1.0 0.0
504 505 1.0 0.0
504 518 1.0 0.0
504 700 1.0 0.0
505 506 1.0 0.0
505 519 1.0 0.0
505 701 1.0 0.0
506 507 1.0 0.0
506 520 1.0 0.0
506 702 1.0 0.0
507 508 1.0 0.0
507 521 1.0 0.0
507 703 1.0 0.0
508 509 1.0 0.0
508 522 1.0 0.0
508 704 1.0 0.0
509 510 1.0 0.0
509 523 1.0 0.0
509 705 1.0 0.0
510 511 1.0 0.0
510 524 1.0 0.0
510 706 1.0 0.0
511 512 1.0 0.0
511 525 1.0 0.0
511 707 1.0 0.0
512 513 1.0 0.0
512 526 1.0 0.0
512 708 1.0 0.0
513 514 1.0 0.0
513 527 1.0 0.0
513 709 1.0 0.0
514 515 1.0 0.0
514 528 1.0 0.0
514 710 1.0 0.0
515 516 1.0 0.0
515 529 1.0 0.0
515 711 1.0 0.0
516 517 1.0 0.0
516 530 1.0 0.0
516 712 1.0 0.0
517 531 1.0 0.0
517 713 1.0 0.0
518 519 1.0 0.0
518 532 1.0 0.0
518 714 1.0 0.0
519 520 1.0 0.0
519 533 1.0 0.0
519 715 1.0 0.0
520 521 1.0 0.0
520 534 1.0 0.0
520 716 1.0 0.0
521 522 1.0 0.0
521 535 1.0 0.0
521 717 1.0 0.0
522 523 1.0 0.0
522 536 1.0 0.0
522 718 1.0 0.0
523 524 1.0 0.0
523 537 1.0 0.0
523 719 1.0 0.0
524 525 1.0 0.0
524 538 1.0 0.0
524 720 1.0 0.0
525 526 1.0 0.0
525 539 1.0 0.0
525 721 1.0 0.0
526 527 1.0 0.0
526 540 1.0 0.0
526 722 1.0 0.0
527 528 1.0 0.0
527 541 1.0 0.0
527 723 1.0 0.0
528 529 1.0 0.0
528 542 1.0 0.0
528 724 1.0 0.0
529 530 1.0 0.0
529 543 1.0 0.0
529 725 1.0 0.0
530 531 1.0 0.0
530 544 1.0 0.0
530 726 1.0 0.0
531 545 1.0 0.0
531 727 1.0 0.0
532 533 1.0 0.0
532 546 1.0 0.0
532 728 1.0 0.0
533 534 1.0 0.0
533 547 1.0 0.0
533 729 1.0 0.0
534 535 1.0 0.0
534 548 1.0 0.0
534 730 1.0 0.0
535 536 1.0 0.0
535 549 1.0 0.0
535 731 1.0 0.0
536 537 1.0 0.0
536 550 1.0 0.0
536 732 1.0 0.0
537 538 1.0 0.0
537 551 1.0 0.0
537 733 1.0 0.0
538 539 1.0 0.0
538 552 1.0 0.0
538 734 1.0 0.0
539 540 1.0 0.0
539 553 1.0 0.0
539 735 1.0 0.0
540 541 1.0 0.0
540 554 1.0 0.0
540 736 1.0 0.0
541 542 1.0 0.0
541 555 1.0 0.0
541 737 1.0 0.0
542 543 1.0 0.0
542 556 1.0 0.0
542 738 1.0 0.0
543 544 1.0 0.0
543 557 1.0 0.0
543 739 1.0 0.0
544 545 1.0 0.0
544 558 1.0 0.0
544 740 1.0 0.0
545 559 1.0 0.0
545 741 1.0 0.0
546 547 1.0 0.0
546 560 1.0 0.0
546 742 1.0 0.0
547 548 1.0 0.0
547 561 1.0 0.0
547 743 1.0 0.0
548 549 1.0 0.0
548 562 1.0 0.0
548 744 1.0 0.0
549 550 1.0 0.0
549 563 1.0 0.0
549 745 1.0 0.0
550 551 1.0 0.0
550 564 1.0 0.0
550 746 1.0 0.0
551 552 1.0 0.0
551 565 1.0 0.0
551 747 1.0 0.0
552 553 1.0 0.0
552 566 1.0 0.0
552 748 1.0 0.0
553 554 1.0 0.0
553 567 1.0 0.0
553 749 1.0 0.0
554 555 1.0 0.0
554 568 1.0 0.0
554 750 1.0 0.0
555 556 1.0 0.0
555 569 1.0 0.0
555 751 1.0 0.0
556 557 1.0 0.0
556 570 1.0 0.0
556 752 1.0 0.0
557 558 1.0 0.0
557 571 1.0 0.0
557 753 1.0 0.0
558 559 1.0 0.0
558 572 1.0 0.0
558 754 1.0 0.0
559 573 1.0 0.0
559 755 1.0 0.0
560 561 1.0 0.0
560 574 1.0 0.0
560 756 1.0 0.0
561 562 1.0 0.0
561 575 1.0 0.0
561 757 1.0 0.0
562 563 1.0 0.0
562 576 1.0 0.0
562 758 1.0 0.0
563 564 1.0 0.0
563 577 1.0 0.0
563 759 1.0 0.0
564 565 1.0 0.0
564 578 1.0 0.0
564 760 1.0 0.0
565 566 1.0 0.0
565 579 1.0 0.0
565 761 1.0 0.0
566 567 1.0 0.0
566 580 1.0 0.0
566 762 1.0 0.0
567 568 1.0 0.0
567 581 1.0 0.0
567 763 1.0 0.0
568 569 1.0 0.0
568 582 1.0 0.0
568 764 1.0 0.0
569 570 1.0 0.0
569 583 1.0 0.0
569 765 1.0 0.0
570 571 1.0 0.0
570 584 1.0 0.0
570 766 1.0 0.0
571 572 1.0 0.0
571 585 1.0 0.0
571 767 1.0 0.0
572 573 1.0 0.0
572 586 1.0 0.0
572 768 1.0 0.0
573 587 1.0 0.0
573 769 1.0 0.0
574 575 1.0 0.0
574 770 1.0 0.0
575 576 1.0 0.0
575 771 1.0 0.0
576 577 1.0 0.0
576 772 1.0 0.0
577 578 1.0 0.0
577 773 1.0 0.0
578 579 1.0 0.0
578 774 1.0 0.0
579 580 1.0 0.0
579 775 1.0 0.0
580 581 1.0 0.0
580 776 1.0 0.0
581 582 1.0 0.0
581 777 1.0 0.0
582 583 1.0 0.0
582 778 1.0 0.0
583 584 1.0 0.0
583 779 1.0 0.0
584 585 1.0 0.0
584 780 1.0 0.0
585 586 1.0 0.0
585 781 1.0 0.0
586 587 1.0 0.0
586 782 1.0 0.0
587 783 1.0 0.0
588 589 1.0 0.0
588 602 1.0 0.0
588 784 1.0 0.0
589 590 1.0 0.0
589 603 1.0 0.0
589 785 1.0 0.0
590 591 1.0 0.0
590 604 1.0 0.0
590 786 1.0 0.0
591 592 1.0 0.0
591 605 1.0 0.0
591 787 1.0 0.0
592 593 1.0 0.0
592 606 1.0 0.0
592 788 1.0 0.0
593 594 1.0 0.0
593 607 1.0 0.0
593 789 1.0 0.0
594 595 1.0 0.0
594 608 1.0 0.0
594 790 1.0 0.0
595 596 1.0 0.0
595 609 1.0 0.0
595 791 1.0 0.0
596 597 1.0 0.0
596 610 1.0 0.0
596 792 1.0 0.0
597 598 1.0 0.0
597 611 1.0 0.0
597 793 1.0 0.0
598 599 1.0 0.0
598 612 1.0 0.0
598 794 1.0 0.0
599 600 1.0 0.0
599 613 1.0 0.0
599 795 1.0 0.0
600 601 1.0 0.0
600 614 1.0 0.0
600 796 1.0 0.0
601 615 1.0 0.0
601 797 1.0 0.0
602 603 1.0 0.0
602 616 1.0 0.0
602 798 1.0 0.0
603 604 1.0 0.0
603 617 1.0 0.0
603 799 1.0 0.0
604 605 1.0 0.0
604 618 1.0 0.0
604 800 1.0 0.0
605 606 1.0 0.0
605 619 1.0 0.0
605 801 1.0 0.0
606 607 1.0 0.0
606 620 1.0 0.0
606 802 1.0 0.0
607 608 1.0 0.0
607 621 1.0 0.0
607 803 1.0 0.0
608 609 1.0 0.0
608 622 1.0 0.0
608 804 1.0 0.0
609 610 1.0 0.0
609 623 1.0 0.0
609 805 1.0 0.0
610 611 1.0 0.0
610 624 1.0 0.0
610 806 1.0 0.0
611 612 1.0 0.0
611 625 1.0 0.0
611 807 1.0 0.0
612 613 1.0 0.0
612 626 1.0 0.0
612 808 1.0 0.0
613 614 1.0 0.0
613 627 1.0 0.0
613 809 1.0 0.0
614 615 1.0 0.0
614 628 1.0 0.0
614 810 1.0 0.0
615 629 1.0 0.0
615 811 1.0 0.0
616 617 1.0 0.0
616 630 1.0 0.0
616 812 1.0 0.0
617 618 1.0 0.0
617 631 1.0 0.0
617 813 1.0 0.0
618 619 1.0 0.0
618 632 1.0 0.0
618 814 1.0 0.0
619 620 1.0 0.0
619 633 1.0 0.0
619 815 1.0 0.0
620 621 1.0 0.0
620 634 1.0 0.0
620 816 1.0 0.0
621 622 1.0 0.0
621 635 1.0 0.0
621 817 1.0 0.0
622 623 1.0 0.0
622 636 1.0 0.0
622 818 1.0 0.0
623 624 1.0 0.0
623 637 1.0 0.0
623 819 1.0 0.0
624 625 1.0 0.0
624 638 1.0 0.0
624 820 1.0 0.0
625 626 1.0 0.0
625 639 1.0 0.0
625 821 1.0 0.0
626 627 1.0 0.0
626 640 1.0 0.0
626 822 1.0 0.0
627 628 1.0 0.0
627 641 1.0 0.0
627 823 1.0 0.0
628 629 1.0 0.0
628 642 1.0 0.0
628 824 1.0 0.0
629 643 1.0 0.0
629 825 1.0 0.0
630 631 1.0 0.0
630 644 1.0 0.0
630 826 1.0 0.0
631 632 1.0 0.0
631 645 1.0 0.0
631 827 1.0 0.0
632 633 1.0 0.0
632 646 1.0 0.0
632 828 1.0 0.0
633 634 1.0 0.0
633 647 1.0 0.0
633 829 1.0 0.0
634 635 1.0 0.0
634 648 1.0 0.0
634 830 1.0 0.0
635 636 1.0 0.0
635 649 1.0 0.0
635 831 1.0 0.0
636 637 1.0 0.0
636 650 1.0 0.0
636 832 1.0 0.0
637 638 1.0 0.0
637 651 1.0 0.0
637 833 1.0 0.0
638 639 1.0 0.0
638 652 1.0 0.0
638 834 1.0 0.0
639 640 1.0 0.0
639 653 1.0 0.0
639 835 1.0 0.0
640 641 1.0 0.0
640 654 1.0 0.0
640 836 1.0 0.0
641 642 1.0 0.0
641 655 1.0 0.0
641 837 1.0 0.0
642 643 1.0 0.0
642 656 1.0 0.0
642 838 1.0 0.0
643 657 1.0 0.0
643 839 1.0 0.0
644 645 1.0 0.0
644 658 1.0 0.0
644 840 1.0 0.0
645 646 1.0 0.0
645 659 1.0 0.0
645 841 1.0 0.0
646 647 1.0 0.0
646 660 1.0 0.0
646 842 1.0 0.0
647 648 1.0 0.0
647 661 1.0 0.0
647 843 1.0 0.0
648 649 1.0 0.0
648 662 1.0 0.0
648 844 1.0 0.0
649 650 1.0 0.0
649 663 1.0 0.0
649 845 1.0 0.0
650 651 1.0 0.0
650 664 1.0 0.0
650 846 1.0 0.0
651 652 1.0 0.0
651 665 1.0 0.0
651 847 1.0 0.0
652 653 1.0 0.0
652 666 1.0 0.0
652 848 1.0 0.0
653 654 1.0 0.0
653 667 1.0 0.0
653 849 1.0 0.0
654 655 1.0 0.0
654 668 1.0 0.0
654 850 1.0 0.0
655 656 1.0 0.0
655 669 1.0 0.0
655 851 1.0 0.0
656 657 1.0 0.0
656 670 1.0 0.0
656 852 1.0 0.0
657 671 1.0 0.0
657 853 1.0 0.0
658 659 1.0 0.0
658 672 1.0 0.0
658 854 1.0 0.0
659 660 1.0 0.0
659 673 1.0 0.0
659 855 1.0 0.0
660 661 1.0 0.0
660 674 1.0 0.0
660 856 1.0 0.0
661 662 1.0 0.0
661 675 1.0 0.0
661 857 1.0 0.0
662 663 1.0 0.0
662 676 1.0 0.0
662 858 1.0 0.0
663 664 1.0 0.0
663 677 1.0 0.0
663 859 1.0 0.0
664 665 1.0 0.0
664 678 1.0 0.0
664 860 1.0 0.0
665 666 1.0 0.0
665 679 1.0 0.0
665 861 1.0 0.0
666 667 1.0 0.0
666 680 1.0 0.0
666 862 1.0 0.0
667 668 1.0 0.0
667 681 1.0 0.0
667 863 1.0 0.0
668 669 1.0 0.0
668 682 1.0 0.0
668 864 1.0 0.0
669 670 1.0 0.0
669 683 1.0 0.0
669 865 1.0 0.0
670 671 1.0 0.0
670 684 1.0 0.0
670 866 1.0 0.0
671 685 1.0 0.0
671 867 1.0 0.0
672 673 1.0 0.0
672 686 1.0 0.0
672 868 1.0 0.0
673 674 1.0 0.0
673 687 1.0 0.0
673 869 1.0 0.0
674 675 1.0 0.0
674 688 1.0 0.0
674 870 1.0 0.0
675 676 1.0 0.0
675 689 1.0 0.0
675 871 1.0 0.0
676 677 1.0 0.0
676 690 1.0 0.0
676 872 1.0 0.0
677 678 1.0 0.0
677 691 1.0 0.0
677 873 1.0 0.0
678 679 1.0 0.0
678 692 1.0 0.0
678 874 1.0 0.0
679 680 1.0 0.0
679 693 1.0 0.0
679 875 1.0 0.0
680 681 1.0 0.0
680 694 1.0 0.0
680 876 1.0 0.0
681 682 1.0 0.0
681 695 1.0 0.0
681 877 1.0 0.0
682 683 1.0 0.0
682 696 1.0 0.0
682 878 1.0 0.0
683 684 1.0 0.0
683 697 1.0 0.0
683 879 1.0 0.0
684 685 1.0 0.0
684 698 1.0 0.0
684 880 1.0 0.0
685 699 1.0 0.0
685 881 1.0 0.0
686 687 1.0 0.0
686 700 1.0 0.0
686 882 1.0 0.0
687 688 1.0 0.0
687 701 1.0 0.0
687 883 1.0 0.0
688 689 1.0 0.0
688 702 1.0 0.0
688 884 1.0 0.0
689 690 1.0 0.0
689 703 1.0 0.0
689 885 1.0 0.0
690 691 1.0 0.0
690 704 1.0 0.0
690 886 1.0 0.0
691 692 1.0 0.0
691 705 1.0 0.0
691 887 1.0 0.0
692 693 1.0 0.0
692 706 1.0 0.0
692 888 1.0 0.0
693 694 1.0 0.0
693 707 1.0 0.0
693 889 1.0 0.0
694 695 1.0 0.0
694 708 1.0 0.0
694 890 1.0 0.0
695 696 1.0 0.0
695 709 1.0 0.0
695 891 1.0 0.0
696 697 1.0 0.0
696 710 1.0 0.0
696 892 1.0 0.0
697 698 1.0 0.0
697 711 1.0 0.0
697 893 1.0 0.0
698 699 1.0 0.0
698 712 1.0 0.0
698 894 1.0 0.0
699 713 1.0 0.0
699 895 1.0 0.0
700 701 1.0 0.0
700 714 1.0 0.0
700 896 1.0 0.0
701 702 1.0 0.0
701 715 1.0 0.0
701 897 1.0 0.0
702 703 1.0 0.0
702 716 1.0 0.0
702 898 1.0 0.0
703 704 1.0 0.0
703 717 1.0 0.0
703 899 1.0 0.0
704 705 1.0 0.0
704 718 1.0 0.0
704 900 1.0 0.0
705 706 1.0 0.0
705 719 1.0 0.0
705 901 1.0 0.0
706 707 1.0 0.0
706 720 1.0 0.0
706 902 1.0 0.0
707 708 1.0 0.0
707 721 1.0 0.0
707 903 1.0 0.0
708 709 1.0 0.0
708 722 1.0 0.0
708 904 1.0 0.0
709 710 1.0 0.0
709 723 1.0 0.0
709 905 1.0 0.0
710 711 1.0 0.0
710 724 1.0 0.0
710 906 1.0 0.0
711 712 1.0 0.0
711 725 1.0 0.0
711 907 1.0 0.0
712 713 1.0 0.0
712 726 1.0 0.0
712 908 1.0 0.0
713 727 1.0 0.0
713 909 1.0 0.0
714 715 1.0 0.0
714 728 1.0 0.0
714 910 1.0 0.0
715 716 1.0 0.0
715 729 1.0 0.0
715 911 1.0 0.0
716 717 1.0 0.0
716 730 1.0 0.0
716 912 1.0 0.0
717 718 1.0 0.0
717 731 1.0 0.0
717 913 1.0 0.0
718 719 1.0 0.0
718 732 1.0 0.0
718 914 1.0 0.0
719 720 1.0 0.0
719 733 1.0 0.0
719 915 1.0 0.0
720 721 1.0 0.0
720 734 1.0 0.0
720 916 1.0 0.0
721 722 1.0 0.0
721 735 1.0 0.0
721 917 1.0 0.0
722 723 1.0 0.0
722 736 1.0 0.0
722 918 1.0 0.0
723 724 1.0 0.0
723 737 1.0 0.0
723 919 1.0 0.0
724 725 1.0 0.0
724 738 1.0 0.0
724 920 1.0 0.0
725 726 1.0 0.0
725 739 1.0 0.0
725 921 1.0 0.0
726 727 1.0 0.0
726 740 1.0 0.0
726 922 1.0 0.0
727 741 1.0 0.0
727 923 1.0 0.0
728 729 1.0 0.0
728 742 1.0 0.0
728 924 1.0 0.0
729 730 1.0 0.0
729 743 1.0 0.0
729 925 1.0 0.0
730 731 1.0 0.0
730 744 1.0 0.0
730 926 1.0 0.0
731 732 1.0 0.0
731 745 1.0 0.0
731 927 1.0 0.0
732 733 1.0 0.0
732 746 1.0 0.0
732 928 1.0 0.0
733 734 1.0 0.0
733 747 1.0 0.0
733 929 1.0 0.0
734 735 1.0 0.0
734 748 1.0 0.0
734 930 1.0 0.0
735 736 1.0 0.0
735 749 1.0 0.0
735 931 1.0 0.0
736 737 1.0 0.0
736 750 1.0 0.0
736 932 1.0 0.0
737 738 1.0 0.0
737 751 1.0 0.0
737 933 1.0 0.0
738 739 1.0 0.0
738 752 1.0 0.0
738 934 1.0 0.0
739 740 1.0 0.0
739 753 1.0 0.0
739 935 1.0 0.0
740 741 1.0 0.0
740 754 1.0 0.0
740 936 1.0 0.0
741 755 1.0 0.0
741 937 1.0 0.0
742 743 1.0 0.0
742 756 1.0 0.0
742 938 1.0 0.0
743 744 1.0 0.0
743 757 1.0 0.0
743 939 1.0 0.0
744 745 1.0 0.0
744 758 1.0 0.0
744 940 1.0 0.0
745 746 1.0 0.0
745 759 1.0 0.0
745 941 1.0 0.0
746 747 1.0 0.0
746 760 1.0 0.0
746 942 1.0 0.0
747 748 1.0 0.0
747 761 1.0 0.0
747 943 1.0 0.0
748 749 1.0 0.0
748 762 1.0 0.0
748 944 1.0 0.0
749 750 1.0 0.0
749 763 1.0 0.0
749 945 1.0 0.0
750 751 1.0 0.0
750 764 1.0 0.0
750 946 1.0 0.0
751 752 1.0 0.0
751 765 1.0 0.0
751 947 1.0 0.0
752 753 1.0 0.0
752 766 1.0 0.0
752 948 1.0 0.0
753 754 1.0 0.0
753 767 1.0 0.0
753 949 1.0 0.0
754 755 1.0 0.0
754 768 1.0 0.0
754 950 1.0 0.0
755 769 1.0 0.0
755 951 1.0 0.0
756 757 1.0 0.0
756 770 1.0 0.0
756 952 1.0 0.0
757 758 1.0 0.0
757 771 1.0 0.0
757 953 1.0 0.0
758 759 1.0 0.0
758 772 1.0 0.0
758 954 1.0 0.0
759 760 1.0 0.0
759 773 1.0 0.0
759 955 1.0 0.0
760 761 1.0 0.0
760 774 1.0 0.0
760 956 1.0 0.0
761 762 1.0 0.0
761 775 1.0 0.0
761 957 1.0 0.0
762 763 1.0 0.0
762 776 1.0 0.0
762 958 1.0 0.0
763 764 1.0 0.0
763 777 1.0 0.0
763 959 1.0 0.0
764 765 1.0 0.0
764 778 1.0 0.0
764 960 1.0 0.0
765 766 1.0 0.0
765 779 1.0 0.0
765 961 1.0 0.0
766 767 1.0 0.0
766 780 1.0 0.0
766 962 1.0 0.0
767 768 1.0 0.0
767 781 1.0 0.0
767 963 1.0 0.0
768 769 1.0 0.0
768 782 1.0 0.0
768 964 1.0 0.0
769 783 1.0 0.0
769 965 1.0 0.0
770 771 1.0 0.0
770 966 1.0 0.0
771 772 1.0 0.0
771 967 1.0 0.0
772 773 1.0 0.0
772 968 1.0 0.0
773 774 1.0 0.0
773 969 1.0 0.0
774 775 1.0 0.0
774 970 1.0 0.0
775 776 1.0 0.0
775 971 1.0 0.0
776 777 1.0 0.0
776 972 1.0 0.0
777 778 1.0 0.0
777 973 1.0 0.0
778 779 1.0 0.0
778 974 1.0 0.0
779 780 1.0 0.0
779 975 1.0 0.0
780 781 1.0 0.0
780 976 1.0 0.0
781 782 1.0 0.0
781 977 1.0 0.0
782 783 1.0 0.0
782 978 1.0 0.0
783 979 1.0 0.0
784 785 1.0 0.0
784 798 1.0 0.0
784 980 1.0 0.0
785 786 1.0 0.0
785 799 1.0 0.0
785 981 1.0 0.0
786 787 1.0 0.0
786 800 1.0 0.0
786 982 1.0 0.0
787 788 1.0 0.0
787 801 1.0 0.0
787 983 1.0 0.0
788 789 1.0 0.0
788 802 1.0 0.0
788 984 1.0 0.0
789 790 1.0 0.0
789 803 1.0 0.0
789 985 1.0 0.0
790 791 1.0 0.0
790 804 1.0 0.0
790 986 1.0 0.0
791 792 1.0 0.0
791 805 1.0 0.0
791 987 1.0 0.0
792 793 1.0 0.0
792 806 1.0 0.0
792 988 1.0 0.0
793 794 1.0 0.0
793 807 1.0 0.0
793 989 1.0 0.0
794 795 1.0 0.0
794 808 1.0 0.0
794 990 1.0 0.0
795 796 1.0 0.0
795 809 1.0 0.0
795 991 1.0 0.0
796 797 1.0 0.0
796 810 1.0 0.0
796 992 1.0 0.0
797 811 1.0 0.0
797 993 1.0 0.0
798 799 1.0 0.0
798 812 1.0 0.0
798 994 1.0 0.0
799 800 1.0 0.0
799 813 1.0 0.0
799 995 1.0 0.0
800 801 1.0 0.0
800 814 1.0 0.0
800 996 1.0 0.0
801 802 1.0 0.0
801 815 1.0 0.0
801 997 1.0 0.0
802 803 1.0 0.0
802 816 1.0 0.0
802 998 1.0 0.0
803 804 1.0 0.0
803 817 1.0 0.0
803 999 1.0 0.0
804 805 1.0 0.0
804 818 1.0 0.0
804 1000 1.0 0.0
805 806 1.0 0.0
805 819 1.0 0.0
805 1001 1.0 0.0
806 807 1.0 0.0
806 820 1.0 0.0
806 1002 1.0 0.0
807 808 1.0 0.0
807 821 1.0 0.0
807 1003 1.0 0.0
808 809 1.0 0.0
808 822 1.0 0.0
808 1004 1.0 0.0
809 810 1.0 0.0
809 823 1.0 0.0
809 1005 1.0 0.0
810 811 1.0 0.0
810 824 1.0 0.0
810 1006 1.0 0.0
811 825 1.0 0.0
811 1007 1.0 0.0
812 813 1.0 0.0
812 826 1.0 0.0
812 1008 1.0 0.0
813 814 1.0 0.0
813 827 1.0 0.0
813 1009 1.0 0.0
814 815 1.0 0.0
814 828 1.0 0.0
814 1010 1.0 0.0
815 816 1.0 0.0
815 829 1.0 0.0
815 1011 1.0 0.0
816 817 1.0 0.0
816 830 1.0 0.0
816 1012 1.0 0.0
817 818 1.0 0.0
817 831 1.0 0.0
817 1013 1.0 0.0
818 819 1.0 0.0
818 832 1.0 0.0
818 1014 1.0 0.0
819 820 1.0 0.0
819 833 1.0 0.0
819 1015 1.0 0.0
820 821 1.0 0.0
820 834 1.0 0.0
820 1016 1.0 0.0
821 822 1.0 0.0
821 835 1.0 0.0
821 1017 1.0 0.0
822 823 1.0 0.0
822 836 1.0 0.0
822 1018 1.0 0.0
823 824 1.0 0.0
823 837 1.0 0.0
823 1019 1.0 0.0
824 825 1.0 0.0
824 838 1.0 0.0
824 1020 1.0 0.0
825 839 1.0 0.0
825 1021 1.0 0.0
826 827 1.0 0.0
826 840 1.0 0.0
826 1022 1.0 0.0
827 828 1.0 0.0
827 841 1.0 0.0
827 1023 1.0 0.0
828 829 1.0 0.0
828 842 1.0 0.0
828 1024 1.0 0.0
829 830 1.0 0.0
829 843 1.0 0.0
829 1025 1.0 0.0
830 831 1.0 0.0
830 844 1.0 0.0
830 1026 1.0 0.0
831 832 1.0 0.0
831 845 1.0 0.0
831 1027 1.0 0.0
832 833 1.0 0.0
832 846 1.0 0.0
832 1028 1.0 0.0
833 834 1.0 0.0
833 847 1.0 0.0
833 1029 1.0 0.0
834 835 1.0 0.0
834 848 1.0 0.0
834 1030 1.0 0.0
835 836 1.0 0.0
835 849 1.0 0.0
835 1031 1.0 0.0
836 837 1.0 0.0
836 850 1.0 0.0
836 1032 1.0 0.0
837 838 1.0 0.0
837 851 1.0 0.0
837 1033 1.0 0.0
838 839 1.0 0.0
838 852 1.0 0.0
838 1034 1.0 0.0
839 853 1.0 0.0
839 1035 1.0 0.0
840 841 1.0 0.0
840 854 1.0 0.0
840 1036 1.0 0.0
841 842 1.0 0.0
841 855 1.0 0.0
841 1037 1.0 0.0
842 843 1.0 0.0
842 856 1.0 0.0
842 1038 1.0 0.0
843 844 1.0 0.0
843 857 1.0 0.0
843 1039 1.0 0.0
844 845 1.0 0.0
844 858 1.0 0.0
844 1040 1.0 0.0
845 846 1.0 0.0
845 859 1.0 0.0
845 1041 1.0 0.0
846 847 1.0 0.0
846 860 1.0 0.0
846 1042 1.0 0.0
847 848 1.0 0.0
847 861 1.0 0.0
847 1043 1.0 0.0
848 849 1.0 0.0
848 862 1.0 0.0
848 1044 1.0 0.0
849 850 1.0 0.0
849 863 1.0 0.0
849 1045 1.0 0.0
850 851 1.0 0.0
850 864 1.0 0.0
850 1046 1.0 0.0
851 852 1.0 0.0
851 865 1.0 0.0
851 1047 1.0 0.0
852 853 1.0 0.0
852 866 1.0 0.0
852 1048 1.0 0.0
853 867 1.0 0.0
853 1049 1.0 0.0
854 855 1.0 0.0
854 868 1.0 0.0
854 1050 1.0 0.0
855 856 1.0 0.0
855 869 1.0 0.0
855 1051 1.0 0.0
856 857 1.0 0.0
856 870 1.0 0.0
856 1052 1.0 0.0
857 858 1.0 0.0
857 871 1.0 0.0
857 1053 1.0 0.0
858 859 1.0 0.0
858 872 1.0 0.0
858 1054 1.0 0.0
859 860 1.0 0.0
859 873 1.0 0.0
859 1055 1.0 0.0
860 861 1.0 0.0
860 874 1.0 0.0
860 1056 1.0 0.0
861 862 1.0 0.0
861 875 1.0 0.0
861 1057 1.0 0.0
862 863 1.0 0.0
862 876 1.0 0.0
862 1058 1.0 0.0
863 864 1.0 0.0
863 877 1.0 0.0
863 1059 1.0 0.0
864 865 1.0 0.0
864 878 1.0 0.0
864 1060 1.0 0.0
865 866 1.0 0.0
865 879 1.0 0.0
865 1061 1.0 0.0
866 867 1.0 0.0
866 880 1.0 0.0
866 1062 1.0 0.0
867 881 1.0 0.0
867 1063 1.0 0.0
868 869 1.0 0.0
868 882 1.0 0.0
868 1064 1.0 0.0
869 870 1.0 0.0
869 883 1.0 0.0
869 1065 1.0 0.0
870 871 1.0 0.0
870 884 1.0 0.0
870 1066 1.0 0.0
871 872 1.0 0.0
871 885 1.0 0.0
871 1067 1.0 0.0
872 873 1.0 0.0
872 886 1.0 0.0
872 1068 1.0 0.0
873 874 1.0 0.0
873 887 1.0 0.0
873 1069 1.0 0.0
874 875 1.0 0.0
874 888 1.0 0.0
874 1070 1.0 0.0
875 876 1.0 0.0
875 889 1.0 0.0
875 1071 1.0 0.0
876 877 1.0 0.0
876 890 1.0 0.0
876 1072 1.0 0.0
877 878 1.0 0.0
877 891 1.0 0.0
877 1073 1.0 0.0
878 879 1.0 0.0
878 892 1.0 0.0
878 1074 1.0 0.0
879 880 1.0 0.0
879 893 1.0 0.0
879 1075 1.0 0.0
880 881 1.0 0.0
880 894 1.0 0.0
880 1076 1.0 0.0
881 895 1.0 0.0
881 1077 1.0 0.0
882 883 1.0 0.0
882 896 1.0 0.0
882 1078 1.0 0.0
883 884 1.0 0.0
883 897 1.0 0.0
883 1079 1.0 0.0
884 885 1.0 0.0
884 898 1.0 0.0
884 1080 1.0 0.0
885 886 1.0 0.0
885 899 1.0 0.0
885 1081 1.0 0.0
886 887 1.0 0.0
886 900 1.0 0.0
886 1082 1.0 0.0
887 888 1.0 0.0
887 901 1.0 0.0
887 1083 1.0 0.0
888 889 1.0 0.0
888 902 1.0 0.0
888 1084 1.0 0.0
889 890 1.0 0.0
889 903 1.0 0.0
889 1085 1.0 0.0
890 891 1.0 0.0
890 904 1.0 0.0
890 1086 1.0 0.0
891 892 1.0 0.0
891 905 1.0 0.0
891 1087 1.0 0.0
892 893 1.0 0.0
892 906 1.0 0.0
892 1088 1.0 0.0
893 894 1.0 0.0
893 907 1.0 0.0
893 1089 1.0 0.0
894 895 1.0 0.0
894 908 1.0 0.0
894 1090 1.0 0.0
895 909 1.0 0.0
895 1091 1.0 0.0
896 897 1.0 0.0
896 910 1.0 0.0
896 1092 1.0 0.0
897 898 1.0 0.0
897 911 1.0 0.0
897 1093 1.0 0.0
898 899 1.0 0.0
898 912 1.0 0.0
898 1094 1.0 0.0
899 900 1.0 0.0
899 913 1.0 0.0
899 1095 1.0 0.0
900 901 1.0 0.0
900 914 1.0 0.0
900 1096 1.0 0.0
901 902 1.0 0.0
901 915 1.0 0.0
901 1097 1.0 0.0
902 903 1.0 0.0
902 916 1.0 0.0
902 1098 1.0 0.0
903 904 1.0 0.0
903 917 1.0 0.0
903 1099 1.0 0.0
904 905 1.0 0.0
904 918 1.0 0.0
904 1100 1.0 0.0
905 906 1.0 0.0
905 919 1.0 0.0
905 1101 1.0 0.0
906 907 1.0 0.0
906 920 1.0 0.0
906 1102 1.0 0.0
907 908 1.0 0.0
907 921 1.0 0.0
907 1103 1.0 0.0
908 909 1.0 0.0
908 922 1.0 0.0
908 1104 1.0 0.0
909 923 1.0 0.0
909 1105 1.0 0.0
910 911 1.0 0.0
910 924 1.0 0.0
910 1106 1.0 0.0
911 912 1.0 0.0
911 925 1.0 0.0
911 1107 1.0 0.0
912 913 1.0 0.0
912 926 1.0 0.0
912 1108 1.0 0.0
913 914 1.0 0.0
913 927 1.0 0.0
913 1109 1.0 0.0
914 915 1.0 0.0
914 928 1.0 0.0
914 1110 1.0 0.0
915 916 1.0 0.0
915 929 1.0 0.0
915 1111 1.0 0.0
916 917 1.0 0.0
916 930 1.0 0.0
916 1112 1.0 0.0
917 918 1.0 0.0
917 931 1.0 0.0
917 1113 1.0 0.0
918 919 1.0 0.0
918 932 1.0 0.0
918 1114 1.0 0.0
919 920 1.0 0.0
919 933 1.0 0.0
919 1115 1.0 0.0
920 921 1.0 0.0
920 934 1.0 0.0
920 1116 1.0 0.0
921 922 1.0 0.0
921 935 1.0 0.0
921 1117 1.0 0.0
922 923 1.0 0.0
922 936 1.0 0.0
922 1118 1.0 0.0
923 937 1.0 0.0
923 1119 1.0 0.0
924 925 1.0 0.0
924 938 1.0 0.0
924 1120 1.0 0.0
925 926 1.0 0.0
925 939 1.0 0.0
925 1121 1.0 0.0
926 927 1.0 0.0
926 940 1.0 0.0
926 1122 1.0 0.0
927 928 1.0 0.0
927 941 1.0 0.0
927 1123 1.0 0.0
928 929 1.0 0.0
928 942 1.0 0.0
928 1124 1.0 0.0
929 930 1.0 0.0
929 943 1.0 0.0
929 1125 1.0 0.0
930 931 1.0 0.0
930 944 1.0 0.0
930 1126 1.0 0.0
931 932 1.0 0.0
931 945 1.0 0.0
931 1127 1.0 0.0
932 933 1.0 0.0
932 946 1.0 0.0
932 1128 1.0 0.0
933 934 1.0 0.0
933 947 1.0 0.0
933 1129 1.0 0.0
934 935 1.0 0.0
934 948 1.0 0.0
934 1130 1.0 0.0
935 936 1.0 0.0
935 949 1.0 0.0
935 1131 1.0 0.0
936 937 1.0 0.0
936 950 1.0 0.0
936 1132 1.0 0.0
937 951 1.0 0.0
937 1133 1.0 0.0
938 939 1.0 0.0
938 952 1.0 0.0
938 1134 1.0 0.0
939 940 1.0 0.0
939 953 1.0 0.0
939 1135 1.0 0.0
940 941 1.0 0.0
940 954 1.0 0.0
940 1136 1.0 0.0
941 942 1.0 0.0
941 955 1.0 0.0
941 1137 1.0 0.0
942 943 1.0 0.0
942 956 1.0 0.0
942 1138 1.0 0.0
943 944 1.0 0.0
943 957 1.0 0.0
943 1139 1.0 0.0
944 945 1.0 0.0
944 958 1.0 0.0
944 1140 1.0 0.0
945 946 1.0 0.0
945 959 1.0 0.0
945 1141 1.0 0.0
946 947 1.0 0.0
946 960 1.0 0.0
946 1142 1.0 0.0
947 948 1.0 0.0
947 961 1.0 0.0
947 1143 1.0 0.0
948 949 1.0 0.0
948 962 1.0 0.0
948 1144 1.0 0.0
949 950 1.0 0.0
949 963 1.0 0.0
949 1145 1.0 0.0
950 951 1.0 0.0
950 964 1.0 0.0
950 1146 1.0 0.0
951 965 1.0 0.0
951 1147 1.0 0.0
952 953 1.0 0.0
952 966 1.0 0.0
952 1148 1.0 0.0
953 954 1.0 0.0
953 967 1.0 0.0
953 1149 1.0 0.0
954 955 1.0 0.0
954 968 1.0 0.0
954 1150 1.0 0.0
955 956 1.0 0.0
955 969 1.0 0.0
955 1151 1.0 0.0
956 957 1.0 0.0
956 970 1.0 0.0
956 1152 1.0 0.0
957 958 1.0 0.0
957 971 1.0 0.0
957 1153 1.0 0.0
958 959 1.0 0.0
958 972 1.0 0.0
958 1154 1.0 0.0
959 960 1.0 0.0
959 973 1.0 0.0
959 1155 1.0 0.0
960 961 1.0 0.0
960 974 1.0 0.0
960 1156 1.0 0.0
961 962 1.0 0.0
961 975 1.0 0.0
961 1157 1.0 0.0
962 963 1.0 0.0
962 976 1.0 0.0
962 1158 1.0 0.0
963 964 1.0 0.0
963 977 1.0 0.0
963 1159 1.0 0.0
964 965 1.0 0.0
964 978 1.0 0.0
964 1160 1.0 0.0
965 979 1.0 0.0
965 1161 1.0 0.0
966 967 1.0 0.0
966 1162 1.0 0.0
967 968 1.0 0.0
967 1163 1.0 0.0
968 969 1.0 0.0
968 1164 1.0 0.0
969 970 1.0 0.0
969 1165 1.0 0.0
970 971 1.0 0.0
970 1166 1.0 0.0
971 972 1.0 0.0
971 1167 1.0 0.0
972 973 1.0 0.0
972 1168 1.0 0.0
973 974 1.0 0.0
973 1169 1.0 0.0
974 975 1.0 0.0
974 1170 1.0 0.0
975 976 1.0 0.0
975 1171 1.0 0.0
976 977 1.0 0.0
976 1172 1.0 0.0
977 978 1.0 0.0
977 1173 1.0 0.0
978 979 1.0 0.0
978 1174 1.0 0.0
979 1175 1.0 0.0
980 981 1.0 0.0
980 994 1.0 0.0
980 1176 1.0 0.0
981 982 1.0 0.0
981 995 1.0 0.0
981 1177 1.0 0.0
982 983 1.0 0.0
982 996 1.0 0.0
982 1178 1.0 0.0
983 984 1.0 0.0
983 997 1.0 0.0
983 1179 1.0 0.0
984 985 1.0 0.0
984 998 1.0 0.0
984 1180 1.0 0.0
985 986 1.0 0.0
985 999 1.0 0.0
985 1181 1.0 0.0
986 987 1.0 0.0
986 1000 1.0 0.0
986 1182 1.0 0.0
987 988 1.0 0.0
987 1001 1.0 0.0
987 1183 1.0 0.0
988 989 1.0 0.0
988 1002 1.0 0.0
988 1184 1.0 0.0
989 990 1.0 0.0
989 1003 1.0 0.0
989 1185 1.0 0.0
990 991 1.0 0.0
990 1004 1.0 0.0
990 1186 1.0 0.0
991 992 1.0 0.0
991 1005 1.0 0.0
991 1187 1.0 0.0
992 993 1.0 0.0
992 1006 1.0 0.0
992 1188 1.0 0.0
993 1007 1.0 0.0
993 1189 1.0 0.0
994 995 1.0 0.0
994 1008 1.0 0.0
994 1190 1.0 0.0
995 996 1.0 0.0
995 1009 1.0 0.0
995 1191 1.0 0.0
996 997 1.0 0.0
996 1010 1.0 0.0
996 1192 1.0 0.0
997 998 1.0 0.0
997 1011 1.0 0.0
997 1193 1.0 0.0
998 999 1.0 0.0
998 1012 1.0 0.0
998 1194 1.0 0.0
999 1000 1.0 0.0
999 1013 1.0 0.0
999 1195 1.0 0.0
1000 1001 1.0 0.0
1000 1014 1.0 0.0
1000 1196 1.0 0.0
1001 1002 1.0 0.0
1001 1015 1.0 0.0
1001 1197 1.0 0.0
1002 1003 1.0 0.0
1002 1016 1.0 0.0
1002 1198 1.0 0.0
1003 1004 1.0 0.0
1003 1017 1.0 0.0
1003 1199 1.0 0.0
1004 1005 1.0 0.0
1004 1018 1.0 0.0
1004 1200 1.0 0.0
1005 1006 1.0 0.0
1005 1019 1.0 0.0
1005 1201 1.0 0.0
1006 1007 1.0 0.0
1006 1020 1.0 0.0
1006 1202 1.0 0.0
1007 1021 1.0 0.0
1007 1203 1.0 0.0
1008 1009 1.0 0.0
1008 1022 1.0 0.0
1008 1204 1.0 0.0
1009 1010 1.0 0.0
1009 1023 1.0 0.0
1009 1205 1.0 0.0
1010 1011 1.0 0.0
1010 1024 1.0 0.0
1010 1206 1.0 0.0
1011 1012 1.0 0.0
1011 1025 1.0 0.0
1011 1207 1.0 0.0
1012 1013 1.0 0.0
1012 1026 1.0 0.0
1012 1208 1.0 0.0
1013 1014 1.0 0.0
1013 1027 1.0 0.0
1013 1209 1.0 0.0
1014 1015 1.0 0.0
1014 1028 1.0 0.0
1014 1210 1.0 0.0
1015 1016 1.0 0.0
1015 1029 1.0 0.0
1015 1211 1.0 0.0
1016 1017 1.0 0.0
1016 1030 1.0 0.0
1016 1212 1.0 0.0
1017 1018 1.0 0.0
1017 1031 1.0 0.0
1017 1213 1.0 0.0
1018 1019 1.0 0.0
1018 1032 1.0 0.0
1018 1214 1.0 0.0
1019 1020 1.0 0.0
1019 1033 1.0 0.0
1019 1215 1.0 0.0
1020 1021 1.0 0.0
1020 1034 1.0 0.0
1020 1216 1.0 0.0
1021 1035 1.0 0.0
1021 1217 1.0 0.0
1022 1023 1.0 0.0
1022 1036 1.0 0.0
1022 1218 1.0 0.0
1023 1024 1.0 0.0
1023 1037 1.0 0.0
1023 1219 1.0 0.0
1024 1025 1.0 0.0
1024 1038 1.0 0.0
1024 1220 1.0 0.0
1025 1026 1.0 0.0
1025 1039 1.0 0.0
1025 1221 1.0 0.0
1026 1027 1.0 0.0
1026 1040 1.0 0.0
1026 1222 1.0 0.0
1027 1028 1.0 0.0
1027 1041 1.0 0.0
1027 1223 1.0 0.0
1028 1029 1.0 0.0
1028 1042 1.0 0.0
1028 1224 1.0 0.0
1029 1030 1.0 0.0
1029 1043 1.0 0.0
1029 1225 1.0 0.0
1030 1031 1.0 0.0
1030 1044 1.0 0.0
1030 1226 1.0 0.0
1031 1032 1.0 0.0
1031 1045 1.0 0.0
1031 1227 1.0 0.0
1032 1033 1.0 0.0
1032 1046 1.0 0.0
1032 1228 1.0 0.0
1033 1034 1.0 0.0
1033 1047 1.0 0.0
1033 1229 1.0 0.0
1034 1035 1.0 0.0
1034 1048 1.0 0.0
1034 1230 1.0 0.0
1035 1049 1.0 0.0
1035 1231 1.0 0.0
1036 1037 1.0 0.0
1036 1050 1.0 0.0
1036 1232 1.0 0.0
1037 1038 1.0 0.0
1037 1051 1.0 0.0
1037 1233 1.0 0.0
1038 1039 1.0 0.0
1038 1052 1.0 0.0
1038 1234 1.0 0.0
1039 1040 1.0 0.0
1039 1053 1.0 0.0
1039 1235 1.0 0.0
1040 1041 1.0 0.0
1040 1054 1.0 0.0
1040 1236 1.0 0.0
1041 1042 1.0 0.0
1041 1055 1.0 0.0
1041 1237 1.0 0.0
1042 1043 1.0 0.0
1042 1056 1.0 0.0
1042 1238 1.0 0.0
1043 1044 1.0 0.0
1043 1057 1.0 0.0
1043 1239 1.0 0.0
1044 1045 1.0 0.0
1044 1058 1.0 0.0
1044 1240 1.0 0.0
1045 1046 1.0 0.0
1045 1059 1.0 0.0
1045 1241 1.0 0.0
1046 1047 1.0 0.0
1046 1060 1.0 0.0
1046 1242 1.0 0.0
1047 1048 1.0 0.0
1047 1061 1.0 0.0
1047 1243 1.0 0.0
1048 1049 1.0 0.0
1048 1062 1.0 0.0
1048 1244 1.0 0.0
1049 1063 1.0 0.0
1049 1245 1.0 0.0
1050 1051 1.0 0.0
1050 1064 1.0 0.0
1050 1246 1.0 0.0
1051 1052 1.0 0.0
1051 1065 1.0 0.0
1051 1247 1.0 0.0
1052 1053 1.0 0.0
1052 1066 1.0 0.0
1052 1248 1.0 0.0
1053 1054 1.0 0.0
1053 1067 1.0 0.0
1053 1249 1.0 0.0
1054 1055 1.0 0.0
1054 1068 1.0 0.0
1054 1250 1.0 0.0
1055 1056 1.0 0.0
1055 1069 1.0 0.0
1055 1251 1.0 0.0
1056 1057 1.0 0.0
1056 1070 1.0 0.0
1056 1252 1.0 0.0
1057 1058 1.0 0.0
1057 1071 1.0 0.0
1057 1253 1.0 0.0
1058 1059 1.0 0.0
1058 1072 1.0 0.0
1058 1254 1.0 0.0
1059 1060 1.0 0.0
1059 1073 1.0 0.0
1059 1255 1.0 0.0
1060 1061 1.0 0.0
1060 1074 1.0 0.0
1060 1256 1.0 0.0
1061 1062 1.0 0.0
1061 1075 1.0 0.0
1061 1257 1.0 0.0
1062 1063 1.0 0.0
1062 1076 1.0 0.0
1062 1258 1.0 0.0
1063 1077 1.0 0.0
1063 1259 1.0 0.0
1064 1065 1.0 0.0
1064 1078 1.0 0.0
1064 1260 1.0 0.0
1065 1066 1.0 0.0
1065 1079 1.0 0.0
1065 1261 1.0 0.0
1066 1067 1.0 0.0
1066 1080 1.0 0.0
1066 1262 1.0 0.0
1067 1068 1.0 0.0
1067 1081 1.0 0.0
1067 1263 1.0 0.0
1068 1069 1.0 0.0
1068 1082 1.0 0.0
1068 1264 1.0 0.0
1069 1070 1.0 0.0
1069 1083 1.0 0.0
1069 1265 1.0 0.0
1070 1071 1.0 0.0
1070 1084 1.0 0.0
1070 1266 1.0 0.0
1071 1072 1.0 0.0
1071 1085 1.0 0.0
1071 1267 1.0 0.0
1072 1073 1.0 0.0
1072 1086 1.0 0.0
1072 1268 1.0 0.0
1073 1074 1.0 0.0
1073 1087 1.0 0.0
1073 1269 1.0 0.0
1074 1075 1.0 0.0
1074 1088 1.0 0.0
1074 1270 1.0 0.0
1075 1076 1.0 0.0
1075 1089 1.0 0.0
1075 1271 1.0 0.0
1076 1077 1.0 0.0
1076 1090 1.0 0.0
1076 1272 1.0 0.0
1077 1091 1.0 0.0
1077 1273 1.0 0.0
1078 1079 1.0 0.0
1078 1092 1.0 0.0
1078 1274 1.0 0.0
1079 1080 1.0 0.0
1079 1093 1.0 0.0
1079 1275 1.0 0.0
1080 1081 1.0 0.0
1080 1094 1.0 0.0
1080 1276 1.0 0.0
1081 1082 1.0 0.0
1081 1095 1.0 0.0
1081 1277 1.0 0.0
1082 1083 1.0 0.0
1082 1096 1.0 0.0
1082 1278 1.0 0.0
1083 1084 1.0 0.0
1083 1097 1.0 0.0
1083 1279 1.0 0.0
1084 1085 1.0 0.0
1084 1098 1.0 0.0
1084 1280 1.0 0.0
1085 1086 1.0 0.0
1085 1099 1.0 0.0
1085 1281 1.0 0.0
1086 1087 1.0 0.0
1086 1100 1.0 0.0
1086 1282 1.0 0.0
1087 1088 1.0 0.0
1087 1101 1.0 0.0
1087 1283 1.0 0.0
1088 1089 1.0 0.0
1088 1102 1.0 0.0
1088 1284 1.0 0.0
1089 1090 1.0 0.0
1089 1103 1.0 0.0
1089 1285 1.0 0.0
1090 1091 1.0 0.0
1090 1104 1.0 0.0
1090 1286 1.0 0.0
1091 1105 1.0 0.0
1091 1287 1.0 0.0
1092 1093 1.0 0.0
1092 1106 1.0 0.0
1092 1288 1.0 0.0
1093 1094 1.0 0.0
1093 1107 1.0 0.0
1093 1289 1.0 0.0
1094 1095 1.0 0.0
1094 1108 1.0 0.0
1094 1290 1.0 0.0
1095 1096 1.0 0.0
1095 1109 1.0 0.0
1095 1291 1.0 0.0
1096 1097 1.0 0.0
1096 1110 1.0 0.0
1096 1292 1.0 0.0
1097 1098 1.0 0.0
1097 1111 1.0 0.0
1097 1293 1.0 0.0
1098 1099 1.0 0.0
1098 1112 1.0 0.0
1098 1294 1.0 0.0
1099 1100 1.0 0.0
1099 1113 1.0 0.0
1099 1295 1.0 0.0
1100 1101 1.0 0.0
1100 1114 1.0 0.0
1100 1296 1.0 0.0
1101 1102 1.0 0.0
1101 1115 1.0 0.0
1101 1297 1.0 0.0
1102 1103 1.0 0.0
1102 1116 1.0 0.0
1102 1298 1.0 0.0
1103 1104 1.0 0.0
1103 1117 1.0 0.0
1103 1299 1.0 0.0
1104 1105 1.0 0.0
1104 1118 1.0 0.0
1104 1300 1.0 0.0
1105 1119 1.0 0.0
1105 1301 1.0 0.0
1106 1107 1.0 0.0
1106 1120 1.0 0.0
1106 1302 1.0 0.0
1107 1108 1.0 0.0
1107 1121 1.0 0.0
1107 1303 1.0 0.0
1108 1109 1.0 0.0
1108 1122 1.0 0.0
1108 1304 1.0 0.0
1109 1110 1.0 0.0
1109 1123 1.0 0.0
1109 1305 1.0 0.0
1110 1111 1.0 0.0
1110 1124 1.0 0.0
1110 1306 1.0 0.0
1111 1112 1.0 0.0
1111 1125 1.0 0.0
1111 1307 1.0 0.0
1112 1113 1.0 0.0
1112 1126 1.0 0.0
1112 1308 1.0 0.0
1113 1114 1.0 0.0
1113 1127 1.0 0.0
1113 1309 1.0 0.0
1114 1115 1.0 0.0
1114 1128 1.0 0.0
1114 1310 1.0 0.0
1115 1116 1.0 0.0
1115 1129 1.0 0.0
1115 1311 1.0 0.0
1116 1117 1.0 0.0
1116 1130 1.0 0.0
1116 1312 1.0 0.0
1117 1118 1.0 0.0
1117 1131 1.0 0.0
1117 1313 1.0 0.0
1118 1119 1.0 0.0
1118 1132 1.0 0.0
1118 1314 1.0 0.0
1119 1133 1.0 0.0
1119 1315 1.0 0.0
1120 1121 1.0 0.0
1120 1134 1.0 0.0
1120 1316 1.0 0.0
1121 1122 1.0 0.0
1121 1135 1.0 0.0
1121 1317 1.0 0.0
1122 1123 1.0 0.0
1122 1136 1.0 0.0
1122 1318 1.0 0.0
1123 1124 1.0 0.0
1123 1137 1.0 0.0
1123 1319 1.0 0.0
1124 1125 1.0 0.0
1124 1138 1.0 0.0
1124 1320 1.0 0.0
1125 1126 1.0 0.0
1125 1139 1.0 0.0
1125 1321 1.0 0.0
1126 1127 1.0 0.0
1126 1140 1.0 0.0
1126 1322 1.0 0.0
1127 1128 1.0 0.0
1127 1141 1.0 0.0
1127 1323 1.0 0.0
1128 1129 1.0 0.0
1128 1142 1.0 0.0
1128 1324 1.0 0.0
1129 1130 1.0 0.0
1129 1143 1.0 0.0
1129 1325 1.0 0.0
1130 1131 1.0 0.0
1130 1144 1.0 0.0
1130 1326 1.0 0.0
1131 1132 1.0 0.0
1131 1145 1.0 0.0
1131 1327 1.0 0.0
1132 1133 1.0 0.0
1132 1146 1.0 0.0
1132 1328 1.0 0.0
1133 1147 1.0 0.0
1133 1329 1.0 0.0
1134 1135 1.0 0.0
1134 1148 1.0 0.0
1134 1330 1.0 0.0
1135 1136 1.0 0.0
1135 1149 1.0 0.0
1135 1331 1.0 0.0
1136 1137 1.0 0.0
1136 1150 1.0 0.0
1136 1332 1.0 0.0
1137 1138 1.0 0.0
1137 1151 1.0 0.0
1137 1333 1.0 0.0
1138 1139 1.0 0.0
1138 1152 1.0 0.0
1138 1334 1.0 0.0
1139 1140 1.0 0.0
1139 1153 1.0 0.0
1139 1335 1.0 0.0
1140 1141 1.0 0.0
1140 1154 1.0 0.0
1140 1336 1.0 0.0
1141 1142 1.0 0.0
1141 1155 1.0 0.0
1141 1337 1.0 0.0
1142 1143 1.0 0.0
1142 1156 1.0 0.0
1142 1338 1.0 0.0
1143 1144 1.0 0.0
1143 1157 1.0 0.0
1143 1339 1.0 0.0
1144 1145 1.0 0.0
1144 1158 1.0 0.0
1144 1340 1.0 0.0
1145 1146 1.0 0.0
1145 1159 1.0 0.0
1145 1341 1.0 0.0
1146 1147 1.0 0.0
1146 1160 1.0 0.0
1146 1342 1.0 0.0
1147 1161 1.0 0.0
1147 1343 1.0 0.0
1148 1149 1.0 0.0
1148 1162 1.0 0.0
1148 1344 1.0 0.0
1149 1150 1.0 0.0
1149 1163 1.0 0.0
1149 1345 1.0 0.0
1150 1151 1.0 0.0
1150 1164 1.0 0.0
1150 1346 1.0 0.0
1151 1152 1.0 0.0
1151 1165 1.0 0.0
1151 1347 1.0 0.0
1152 1153 1.0 0.0
1152 1166 1.0 0.0
1152 1348 1.0 0.0
1153 1154 1.0 0.0
1153 1167 1.0 0.0
1153 1349 1.0 0.0
1154 1155 1.0 0.0
1154 1168 1.0 0.0
1154 1350 1.0 0.0
1155 1156 1.0 0.0
1155 1169 1.0 0.0
1155 1351 1.0 0.0
1156 1157 1.0 0.0
1156 1170 1.0 0.0
1156 1352 1.0 0.0
1157 1158 1.0 0.0
1157 1171 1.0 0.0
1157 1353 1.0 0.0
1158 1159 1.0 0.0
1158 1172 1.0 0.0
1158 1354 1.0 0.0
1159 1160 1.0 0.0
1159 1173 1.0 0.0
1159 1355 1.0 0.0
1160 1161 1.0 0.0
1160 1174 1.0 0.0
1160 1356 1.0 0.0
1161 1175 1.0 0.0
1161 1357 1.0 0.0
1162 1163 1.0 0.0
1162 1358 1.0 0.0
1163 1164 1.0 0.0
1163 1359 1.0 0.0
1164 1165 1.0 0.0
1164 1360 1.0 0.0
1165 1166 1.0 0.0
1165 1361 1.0 0.0
1166 1167 1.0 0.0
1166 1362 1.0 0.0
1167 1168 1.0 0.0
1167 1363 1.0 0.0
1168 1169 1.0 0.0
1168 1364 1.0 0.0
1169 1170 1.0 0.0
1169 1365 1.0 0.0
1170 1171 1.0 0.0
1170 1366 1.0 0.0
1171 1172 1.0 0.0
1171 1367 1.0 0.0
1172 1173 1.0 0.0
1172 1368 1.0 0.0
1173 1174 1.0 0.0
1173 1369 1.0 0.0
1174 1175 1.0 0.0
1174 1370 1.0 0.0
1175 1371 1.0 0.0
1176 1177 1.0 0.0
1176 1190 1.0 0.0
1176 1372 1.0 0.0
1177 1178 1.0 0.0
1177 1191 1.0 0.0
1177 1373 1.0 0.0
1178 1179 1.0 0.0
1178 1192 1.0 0.0
1178 1374 1.0 0.0
1179 1180 1.0 0.0
1179 1193 1.0 0.0
1179 1375 1.0 0.0
1180 1181 1.0 0.0
1180 1194 1.0 0.0
1180 1376 1.0 0.0
1181 1182 1.0 0.0
1181 1195 1.0 0.0
1181 1377 1.0 0.0
1182 1183 1.0 0.0
1182 1196 1.0 0.0
1182 1378 1.0 0.0
1183 1184 1.0 0.0
1183 1197 1.0 0.0
1183 1379 1.0 0.0
1184 1185 1.0 0.0
1184 1198 1.0 0.0
1184 1380 1.0 0.0
1185 1186 1.0 0.0
1185 1199 1.0 0.0
1185 1381 1.0 0.0
1186 1187 1.0 0.0
1186 1200 1.0 0.0
1186 1382 1.0 0.0
1187 1188 1.0 0.0
1187 1201 1.0 0.0
1187 1383 1.0 0.0
1188 1189 1.0 0.0
1188 1202 1.0 0.0
1188 1384 1.0 0.0
1189 1203 1.0 0.0
1189 1385 1.0 0.0
1190 1191 1.0 0.0
1190 1204 1.0 0.0
1190 1386 1.0 0.0
1191 1192 1.0 0.0
1191 1205 1.0 0.0
1191 1387 1.0 0.0
1192 1193 1.0 0.0
1192 1206 1.0 0.0
1192 1388 1.0 0.0
1193 1194 1.0 0.0
1193 1207 1.0 0.0
1193 1389 1.0 0.0
1194 1195 1.0 0.0
1194 1208 1.0 0.0
1194 1390 1.0 0.0
1195 1196 1.0 0.0
1195 1209 1.0 0.0
1195 1391 1.0 0.0
1196 1197 1.0 0.0
1196 1210 1.0 0.0
1196 1392 1.0 0.0
1197 1198 1.0 0.0
1197 1211 1.0 0.0
1197 1393 1.0 0.0
1198 1199 1.0 0.0
1198 1212 1.0 0.0
1198 1394 1.0 0.0
1199 1200 1.0 0.0
1199 1213 1.0 0.0
1199 1395 1.0 0.0
1200 1201 1.0 0.0
1200 1214 1.0 0.0
1200 1396 1.0 0.0
1201 1202 1.0 0.0
1201 1215 1.0 0.0
1201 1397 1.0 0.0
1202 1203 1.0 0.0
1202 1216 1.0 0.0
1202 1398 1.0 0.0
1203 1217 1.0 0.0
1203 1399 1.0 0.0
1204 1205 1.0 0.0
1204 1218 1.0 0.0
1204 1400 1.0 0.0
1205 1206 1.0 0.0
1205 1219 1.0 0.0
1205 1401 1.0 0.0
1206 1207 1.0 0.0
1206 1220 1.0 0.0
1206 1402 1.0 0.0
1207 1208 1.0 0.0
1207 1221 1.0 0.0
1207 1403 1.0 0.0
1208 1209 1.0 0.0
1208 1222 1.0 0.0
1208 1404 1.0 0.0
1209 1210 1.0 0.0
1209 1223 1.0 0.0
1209 1405 1.0 0.0
1210 1211 1.0 0.0
1210 1224 1.0 0.0
1210 1406 1.0 0.0
1211 1212 1.0 0.0
1211 1225 1.0 0.0
1211 1407 1.0 0.0
1212 1213 1.0 0.0
1212 1226 1.0 0.0
1212 1408 1.0 0.0
1213 1214 1.0 0.0
1213 1227 1.0 0.0
1213 1409 1.0 0.0
1214 1215 1.0 0.0
1214 1228 1.0 0.0
1214 1410 1.0 0.0
1215 1216 1.0 0.0
1215 1229 1.0 0.0
1215 1411 1.0 0.0
1216 1217 1.0 0.0
1216 1230 1.0 0.0
1216 1412 1.0 0.0
1217 1231 1.0 0.0
1217 1413 1.0 0.0
1218 1219 1.0 0.0
1218 1232 1.0 0.0
1218 1414 1.0 0.0
1219 1220 1.0 0.0
1219 1233 1.0 0.0
1219 1415 1.0 0.0
1220 1221 1.0 0.0
1220 1234 1.0 0.0
1220 1416 1.0 0.0
1221 1222 1.0 0.0
1221 1235 1.0 0.0
1221 1417 1.0 0.0
1222 1223 1.0 0.0
1222 1236 1.0 0.0
1222 1418 1.0 0.0
1223 1224 1.0 0.0
1223 1237 1.0 0.0
1223 1419 1.0 0.0
1224 1225 1.0 0.0
1224 1238 1.0 0.0
1224 1420 1.0 0.0
1225 1226 1.0 0.0
1225 1239 1.0 0.0
1225 1421 1.0 0.0
1226 1227 1.0 0.0
1226 1240 1.0 0.0
1226 1422 1.0 0.0
1227 1228 1.0 0.0
1227 1241 1.0 0.0
1227 1423 1.0 0.0
1228 1229 1.0 0.0
1228 1242 1.0 0.0
1228 1424 1.0 0.0
1229 1230 1.0 0.0
1229 1243 1.0 0.0
1229 1425 1.0 0.0
1230 1231 1.0 0.0
1230 1244 1.0 0.0
1230 1426 1.0 0.0
1231 1245 1.0 0.0
1231 1427 1.0 0.0
1232 1233 1.0 0.0
1232 1246 1.0 0.0
1232 1428 1.0 0.0
1233 1234 1.0 0.0
1233 1247 1.0 0.0
1233 1429 1.0 0.0
1234 1235 1.0 0.0
1234 1248 1.0 0.0
1234 1430 1.0 0.0
1235 1236 1.0 0.0
1235 1249 1.0 0.0
1235 1431 1.0 0.0
1236 1237 1.0 0.0
1236 1250 1.0 0.0
1236 1432 1.0 0.0
1237 1238 1.0 0.0
1237 1251 1.0 0.0
1237 1433 1.0 0.0
1238 1239 1.0 0.0
1238 1252 1.0 0.0
1238 1434 1.0 0.0
1239 1240 1.0 0.0
1239 1253 1.0 0.0
1239 1435 1.0 0.0
1240 1241 1.0 0.0
1240 1254 1.0 0.0
1240 1436 1.0 0.0
1241 1242 1.0 0.0
1241 1255 1.0 0.0
1241 1437 1.0 0.0
1242 1243 1.0 0.0
1242 1256 1.0 0.0
1242 1438 1.0 0.0
1243 1244 1.0 0.0
1243 1257 1.0 0.0
1243 1439 1.0 0.0
1244 1245 1.0 0.0
1244 1258 1.0 0.0
1244 1440 1.0 0.0
1245 1259 1.0 0.0
1245 1441 1.0 0.0
1246 1247 1.0 0.0
1246 1260 1.0 0.0
1246 1442 1.0 0.0
1247 1248 1.0 0.0
1247 1261 1.0 0.0
1247 1443 1.0 0.0
1248 1249 1.0 0.0
1248 1262 1.0 0.0
1248 1444 1.0 0.0
1249 1250 1.0 0.0
1249 1263 1.0 0.0
1249 1445 1.0 0.0
1250 1251 1.0 0.0
1250 1264 1.0 0.0
1250 1446 1.0 0.0
1251 1252 1.0 0.0
1251 1265 1.0 0.0
1251 1447 1.0 0.0
1252 1253 1.0 0.0
1252 1266 1.0 0.0
1252 1448 1.0 0.0
1253 1254 1.0 0.0
1253 1267 1.0 0.0
1253 1449 1.0 0.0
1254 1255 1.0 0.0
1254 1268 1.0 0.0
1254 1450 1.0 0.0
1255 1256 1.0 0.0
1255 1269 1.0 0.0
1255 1451 1.0 0.0
1256 1257 1.0 0.0
1256 1270 1.0 0.0
1256 1452 1.0 0.0
1257 1258 1.0 0.0
1257 1271 1.0 0.0
1257 1453 1.0 0.0
1258 1259 1.0 0.0
1258 1272 1.0 0.0
1258 1454 1.0 0.0
1259 1273 1.0 0.0
1259 1455 1.0 0.0
1260 1261 1.0 0.0
1260 1274 1.0 0.0
1260 1456 1.0 0.0
1261 1262 1.0 0.0
1261 1275 1.0 0.0
1261 1457 1.0 0.0
1262 1263 1.0 0.0
1262 1276 1.0 0.0
1262 1458 1.0 0.0
1263 1264 1.0 0.0
1263 1277 1.0 0.0
1263 1459 1.0 0.0
1264 1265 1.0 0.0
1264 1278 1.0 0.0
1264 1460 1.0 0.0
1265 1266 1.0 0.0
1265 1279 1.0 0.0
1265 1461 1.0 0.0
1266 1267 1.0 0.0
1266 1280 1.0 0.0
1266 1462 1.0 0.0
1267 1268 1.0 0.0
1267 1281 1.0 0.0
1267 1463 1.0 0.0
1268 1269 1.0 0.0
1268 1282 1.0 0.0
1268 1464 1.0 0.0
1269 1270 1.0 0.0
1269 1283 1.0 0.0
1269 1465 1.0 0.0
1270 1271 1.0 0.0
1270 1284 1.0 0.0
1270 1466 1.0 0.0
1271 1272 1.0 0.0
1271 1285 1.0 0.0
1271 1467 1.0 0.0
1272 1273 1.0 0.0
1272 1286 1.0 0.0
1272 1468 1.0 0.0
1273 1287 1.0 0.0
1273 1469 1.0 0.0
1274 1275 1.0 0.0
1274 1288 1.0 0.0
1274 1470 1.0 0.0
1275 1276 1.0 0.0
1275 1289 1.0 0.0
1275 1471 1.0 0.0
1276 1277 1.0 0.0
1276 1290 1.0 0.0
1276 1472 1.0 0.0
1277 1278 1.0 0.0
1277 1291 1.0 0.0
1277 1473 1.0 0.0
1278 1279 1.0 0.0
1278 1292 1.0 0.0
1278 1474 1.0 0.0
1279 1280 1.0 0.0
1279 1293 1.0 0.0
1279 1475 1.0 0.0
1280 1281 1.0 0.0
1280 1294 1.0 0.0
1280 1476 1.0 0.0
1281 1282 1.0 0.0
1281 1295 1.0 0.0
1281 1477 1.0 0.0
1282 1283 1.0 0.0
1282 1296 1.0 0.0
1282 1478 1.0 0.0
1283 1284 1.0 0.0
1283 1297 1.0 0.0
1283 1479 1.0 0.0
1284 1285 1.0 0.0
1284 1298 1.0 0.0
1284 1480 1.0 0.0
1285 1286 1.0 0.0
1285 1299 1.0 0.0
1285 1481 1.0 0.0
1286 1287 1.0 0.0
1286 1300 1.0 0.0
1286 1482 1.0 0.0
1287 1301 1.0 0.0
1287 1483 1.0 0.0
1288 1289 1.0 0.0
1288 1302 1.0 0.0
1288 1484 1.0 0.0
1289 1290 1.0 0.0
1289 1303 1.0 0.0
1289 1485 1.0 0.0
1290 1291 1.0 0.0
1290 1304 1.0 0.0
1290 1486 1.0 0.0
1291 1292 1.0 0.0
1291 1305 1.0 0.0
1291 1487 1.0 0.0
1292 1293 1.0 0.0
1292 1306 1.0 0.0
1292 1488 1.0 0.0
1293 1294 1.0 0.0
1293 1307 1.0 0.0
1293 1489 1.0 0.0
1294 1295 1.0 0.0
1294 1308 1.0 0.0
1294 1490 1.0 0.0
1295 1296 1.0 0.0
1295 1309 1.0 0.0
1295 1491 1.0 0.0
1296 1297 1.0 0.0
1296 1310 1.0 0.0
1296 1492 1.0 0.0
1297 1298 1.0 0.0
1297 1311 1.0 0.0
1297 1493 1.0 0.0
1298 1299 1.0 0.0
1298 1312 1.0 0.0
1298 1494 1.0 0.0
1299 1300 1.0 0.0
1299 1313 1.0 0.0
1299 1495 1.0 0.0
1300 1301 1.0 0.0
1300 1314 1.0 0.0
1300 1496 1.0 0.0
1301 1315 1.0 0.0
1301 1497 1.0 0.0
1302 1303 1.0 0.0
1302 1316 1.0 0.0
1302 1498 1.0 0.0
1303 1304 1.0 0.0
1303 1317 1.0 0.0
1303 1499 1.0 0.0
1304 1305 1.0 0.0
1304 1318 1.0 0.0
1304 1500 1.0 0.0
1305 1306 1.0 0.0
1305 1319 1.0 0.0
1305 1501 1.0 0.0
1306 1307 1.0 0.0
1306 1320 1.0 0.0
1306 1502 1.0 0.0
1307 1308 1.0 0.0
1307 1321 1.0 0.0
1307 1503 1.0 0.0
1308 1309 1.0 0.0
1308 1322 1.0 0.0
1308 1504 1.0 0.0
1309 1310 1.0 0.0
1309 1323 1.0 0.0
1309 1505 1.0 0.0
1310 1311 1.0 0.0
1310 1324 1.0 0.0
1310 1506 1.0 0.0
1311 1312 1.0 0.0
1311 1325 1.0 0.0
1311 1507 1.0 0.0
1312 1313 1.0 0.0
1312 1326 1.0 0.0
1312 1508 1.0 0.0
1313 1314 1.0 0.0
1313 1327 1.0 0.0
1313 1509 1.0 0.0
1314 1315 1.0 0.0
1314 1328 1.0 0.0
1314 1510 1.0 0.0
1315 1329 1.0 0.0
1315 1511 1.0 0.0
1316 1317 1.0 0.0
1316 1330 1.0 0.0
1316 1512 1.0 0.0
1317 1318 1.0 0.0
1317 1331 1.0 0.0
1317 1513 1.0 0.0
1318 1319 1.0 0.0
1318 1332 1.0 0.0
1318 1514 1.0 0.0
1319 1320 1.0 0.0
1319 1333 1.0 0.0
1319 1515 1.0 0.0
1320 1321 1.0 0.0
1320 1334 1.0 0.0
1320 1516 1.0 0.0
1321 1322 1.0 0.0
1321 1335 1.0 0.0
1321 1517 1.0 0.0
1322 1323 1.0 0.0
1322 1336 1.0 0.0
1322 1518 1.0 0.0
1323 1324 1.0 0.0
1323 1337 1.0 0.0
1323 1519 1.0 0.0
1324 1325 1.0 0.0
1324 1338 1.0 0.0
1324 1520 1.0 0.0
1325 1326 1.0 0.0
1325 1339 1.0 0.0
1325 1521 1.0 0.0
1326 1327 1.0 0.0
1326 1340 1.0 0.0
1326 1522 1.0 0.0
1327 1328 1.0 0.0
1327 1341 1.0 0.0
1327 1523 1.0 0.0
1328 1329 1.0 0.0
1328 1342 1.0 0.0
1328 1524 1.0 0.0
1329 1343 1.0 0.0
1329 1525 1.0 0.0
1330 1331 1.0 0.0
1330 1344 1.0 0.0
1330 1526 1.0 0.0
1331 1332 1.0 0.0
1331 1345 1.0 0.0
1331 1527 1.0 0.0
1332 1333 1.0 0.0
1332 1346 1.0 0.0
1332 1528 1.0 0.0
1333 1334 1.0 0.0
1333 1347 1.0 0.0
1333 1529 1.0 0.0
1334 1335 1.0 0.0
1334 1348 1.0 0.0
1334 1530 1.0 0.0
1335 1336 1.0 0.0
1335 1349 1.0 0.0
1335 1531 1.0 0.0
1336 1337 1.0 0.0
1336 1350 1.0 0.0
1336 1532 1.0 0.0
1337 1338 1.0 0.0
1337 1351 1.0 0.0
1337 1533 1.0 0.0
1338 1339 1.0 0.0
1338 1352 1.0 0.0
1338 1534 1.0 0.0
1339 1340 1.0 0.0
1339 1353 1.0 0.0
1339 1535 1.0 0.0
1340 1341 1.0 0.0
1340 1354 1.0 0.0
1340 1536 1.0 0.0
1341 1342 1.0 0.0
1341 1355 1.0 0.0
1341 1537 1.0 0.0
1342 1343 1.0 0.0
1342 1356 1.0 0.0
1342 1538 1.0 0.0
1343 1357 1.0 0.0
1343 1539 1.0 0.0
1344 1345 1.0 0.0
1344 1358 1.0 0.0
1344 1540 1.0 0.0
1345 1346 1.0 0.0
1345 1359 1.0 0.0
1345 1541 1.0 0.0
1346 1347 1.0 0.0
1346 1360 1.0 0.0
1346 1542 1.0 0.0
1347 1348 1.0 0.0
1347 1361 1.0 0.0
1347 1543 1.0 0.0
1348 1349 1.0 0.0
1348 1362 1.0 0.0
1348 1544 1.0 0.0
1349 1350 1.0 0.0
1349 1363 1.0 0.0
1349 1545 1.0 0.0
1350 1351 1.0 0.0
1350 1364 1.0 0.0
1350 1546 1.0 0.0
1351 1352 1.0 0.0
1351 1365 1.0 0.0
1351 1547 1.0 0.0
1352 1353 1.0 0.0
1352 1366 1.0 0.0
1352 1548 1.0 0.0
1353 1354 1.0 0.0
1353 1367 1.0 0.0
1353 1549 1.0 0.0
1354 1355 1.0 0.0
1354 1368 1.0 0.0
1354 1550 1.0 0.0
1355 1356 1.0 0.0
1355 1369 1.0 0.0
1355 1551 1.0 0.0
1356 1357 1.0 0.0
1356 1370 1.0 0.0
1356 1552 1.0 0.0
1357 1371 1.0 0.0
1357 1553 1.0 0.0
1358 1359 1.0 0.0
1358 1554 1.0 0.0
1359 1360 1.0 0.0
1359 1555 1.0 0.0
1360 1361 1.0 0.0
1360 1556 1.0 0.0
1361 1362 1.0 0.0
1361 1557 1.0 0.0
1362 1363 1.0 0.0
1362 1558 1.0 0.0
1363 1364 1.0 0.0
1363 1559 1.0 0.0
1364 1365 1.0 0.0
1364 1560 1.0 0.0
1365 1366 1.0 0.0
1365 1561 1.0 0.0
1366 1367 1.0 0.0
1366 1562 1.0 0.0
1367 1368 1.0 0.0
1367 1563 1.0 0.0
1368 1369 1.0 0.0
1368 1564 1.0 0.0
1369 1370 1.0 0.0
1369 1565 1.0 0.0
1370 1371 1.0 0.0
1370 1566 1.0 0.0
1371 1567 1.0 0.0
1372 1373 1.0 0.0
1372 1386 1.0 0.0
1372 1568 1.0 0.0
1373 1374 1.0 0.0
1373 1387 1.0 0.0
1373 1569 1.0 0.0
1374 1375 1.0 0.0
1374 1388 1.0 0.0
1374 1570 1.0 0.0
1375 1376 1.0 0.0
1375 1389 1.0 0.0
1375 1571 1.0 0.0
1376 1377 1.0 0.0
1376 1390 1.0 0.0
1376 1572 1.0 0.0
1377 1378 1.0 0.0
1377 1391 1.0 0.0
1377 1573 1.0 0.0
1378 1379 1.0 0.0
1378 1392 1.0 0.0
1378 1574 1.0 0.0
1379 1380 1.0 0.0
1379 1393 1.0 0.0
1379 1575 1.0 0.0
1380 1381 1.0 0.0
1380 1394 1.0 0.0
1380 1576 1.0 0.0
1381 1382 1.0 0.0
1381 1395 1.0 0.0
1381 1577 1.0 0.0
1382 1383 1.0 0.0
1382 1396 1.0 0.0
1382 1578 1.0 0.0
1383 1384 1.0 0.0
1383 1397 1.0 0.0
1383 1579 1.0 0.0
1384 1385 1.0 0.0
1384 1398 1.0 0.0
1384 1580 1.0 0.0
1385 1399 1.0 0.0
1385 1581 1.0 0.0
1386 1387 1.0 0.0
1386 1400 1.0 0.0
1386 1582 1.0 0.0
1387 1388 1.0 0.0
1387 1401 1.0 0.0
1387 1583 1.0 0.0
1388 1389 1.0 0.0
1388 1402 1.0 0.0
1388 1584 1.0 0.0
1389 1390 1.0 0.0
1389 1403 1.0 0.0
1389 1585 1.0 0.0
1390 1391 1.0 0.0
1390 1404 1.0 0.0
1390 1586 1.0 0.0
1391 1392 1.0 0.0
1391 1405 1.0 0.0
1391 1587 1.0 0.0
1392 1393 1.0 0.0
1392 1406 1.0 0.0
1392 1588 1.0 0.0
1393 1394 1.0 0.0
1393 1407 1.0 0.0
1393 1589 1.0 0.0
1394 1395 1.0 0.0
1394 1408 1.0 0.0
1394 1590 1.0 0.0
1395 1396 1.0 0.0
1395 1409 1.0 0.0
1395 1591 1.0 0.0
1396 1397 1.0 0.0
1396 1410 1.0 0.0
1396 1592 1.0 0.0
1397 1398 1.0 0.0
1397 1411 1.0 0.0
1397 1593 1.0 0.0
1398 1399 1.0 0.0
1398 1412 1.0 0.0
1398 1594 1.0 0.0
1399 1413 1.0 0.0
1399 1595 1.0 0.0
1400 1401 1.0 0.0
1400 1414 1.0 0.0
1400 1596 1.0 0.0
1401 1402 1.0 0.0
1401 1415 1.0 0.0
1401 1597 1.0 0.0
1402 1403 1.0 0.0
1402 1416 1.0 0.0
1402 1598 1.0 0.0
1403 1404 1.0 0.0
1403 1417 1.0 0.0
1403 1599 1.0 0.0
1404 1405 1.0 0.0
1404 1418 1.0 0.0
1404 1600 1.0 0.0
1405 1406 1.0 0.0
1405 1419 1.0 0.0
1405 1601 1.0 0.0
1406 1407 1.0 0.0
1406 1420 1.0 0.0
1406 1602 1.0 0.0
1407 1408 1.0 0.0
1407 1421 1.0 0.0
1407 1603 1.0 0.0
1408 1409 1.0 0.0
1408 1422 1.0 0.0
1408 1604 1.0 0.0
1409 1410 1.0 0.0
1409 1423 1.0 0.0
1409 1605 1.0 0.0
1410 1411 1.0 0.0
1410 1424 1.0 0.0
1410 1606 1.0 0.0
1411 1412 1.0 0.0
1411 1425 1.0 0.0
1411 1607 1.0 0.0
1412 1413 1.0 0.0
1412 1426 1.0 0.0
1412 1608 1.0 0.0
1413 1427 1.0 0.0
1413 1609 1.0 0.0
1414 1415 1.0 0.0
1414 1428 1.0 0.0
1414 1610 1.0 0.0
1415 1416 1.0 0.0
1415 1429 1.0 0.0
1415 1611 1.0 0.0
1416 1417 1.0 0.0
1416 1430 1.0 0.0
1416 1612 1.0 0.0
1417 1418 1.0 0.0
1417 1431 1.0 0.0
1417 1613 1.0 0.0
1418 1419 1.0 0.0
1418 1432 1.0 0.0
1418 1614 1.0 0.0
1419 1420 1.0 0.0
1419 1433 1.0 0.0
1419 1615 1.0 0.0
1420 1421 1.0 0.0
1420 1434 1.0 0.0
1420 1616 1.0 0.0
1421 1422 1.0 0.0
1421 1435 1.0 0.0
1421 1617 1.0 0.0
1422 1423 1.0 0.0
1422 1436 1.0 0.0
1422 1618 1.0 0.0
1423 1424 1.0 0.0
1423 1437 1.0 0.0
1423 1619 1.0 0.0
1424 1425 1.0 0.0
1424 1438 1.0 0.0
1424 1620 1.0 0.0
1425 1426 1.0 0.0
1425 1439 1.0 0.0
1425 1621 1.0 0.0
1426 1427 1.0 0.0
1426 1440 1.0 0.0
1426 1622 1.0 0.0
1427 1441 1.0 0.0
1427 1623 1.0 0.0
1428 1429 1.0 0.0
1428 1442 1.0 0.0
1428 1624 1.0 0.0
1429 1430 1.0 0.0
1429 1443 1.0 0.0
1429 1625 1.0 0.0
1430 1431 1.0 0.0
1430 1444 1.0 0.0
1430 1626 1.0 0.0
1431 1432 1.0 0.0
1431 1445 1.0 0.0
1431 1627 1.0 0.0
1432 1433 1.0 0.0
1432 1446 1.0 0.0
1432 1628 1.0 0.0
1433 1434 1.0 0.0
1433 1447 1.0 0.0
1433 1629 1.0 0.0
1434 1435 1.0 0.0
1434 1448 1.0 0.0
1434 1630 1.0 0.0
1435 1436 1.0 0.0
1435 1449 1.0 0.0
1435 1631 1.0 0.0
1436 1437 1.0 0.0
1436 1450 1.0 0.0
1436 1632 1.0 0.0
1437 1438 1.0 0.0
1437 1451 1.0 0.0
1437 1633 1.0 0.0
1438 1439 1.0 0.0
1438 1452 1.0 0.0
1438 1634 1.0 0.0
1439 1440 1.0 0.0
1439 1453 1.0 0.0
1439 1635 1.0 0.0
1440 1441 1.0 0.0
1440 1454 1.0 0.0
1440 1636 1.0 0.0
1441 1455 1.0 0.0
1441 1637 1.0 0.0
1442 1443 1.0 0.0
1442 1456 1.0 0.0
1442 1638 1.0 0.0
1443 1444 1.0 0.0
1443 1457 1.0 0.0
1443 1639 1.0 0.0
1444 1445 1.0 0.0
1444 1458 1.0 0.0
1444 1640 1.0 0.0
1445 1446 1.0 0.0
1445 1459 1.0 0.0
1445 1641 1.0 0.0
1446 1447 1.0 0.0
1446 1460 1.0 0.0
1446 1642 1.0 0.0
1447 1448 1.0 0.0
1447 1461 1.0 0.0
1447 1643 1.0 0.0
1448 1449 1.0 0.0
1448 1462 1.0 0.0
1448 1644 1.0 0.0
1449 1450 1.0 0.0
1449 1463 1.0 0.0
1449 1645 1.0 0.0
1450 1451 1.0 0.0
1450 1464 1.0 0.0
1450 1646 1.0 0.0
1451 1452 1.0 0.0
1451 1465 1.0 0.0
1451 1647 1.0 0.0
1452 1453 1.0 0.0
1452 1466 1.0 0.0
1452 1648 1.0 0.0
1453 1454 1.0 0.0
1453 1467 1.0 0.0
1453 1649 1.0 0.0
1454 1455 1.0 0.0
1454 1468 1.0 0.0
1454 1650 1.0 0.0
1455 1469 1.0 0.0
1455 1651 1.0 0.0
1456 1457 1.0 0.0
1456 1470 1.0 0.0
1456 1652 1.0 0.0
1457 1458 1.0 0.0
1457 1471 1.0 0.0
1457 1653 1.0 0.0
1458 1459 1.0 0.0
1458 1472 1.0 0.0
1458 1654 1.0 0.0
1459 1460 1.0 0.0
1459 1473 1.0 0.0
1459 1655 1.0 0.0
1460 1461 1.0 0.0
1460 1474 1.0 0.0
1460 1656 1.0 0.0
1461 1462 1.0 0.0
1461 1475 1.0 0.0
1461 1657 1.0 0.0
1462 1463 1.0 0.0
1462 1476 1.0 0.0
1462 1658 1.0 0.0
1463 1464 1.0 0.0
1463 1477 1.0 0.0
1463 1659 1.0 0.0
1464 1465 1.0 0.0
1464 1478 1.0 0.0
1464 1660 1.0 0.0
1465 1466 1.0 0.0
1465 1479 1.0 0.0
1465 1661 1.0 0.0
1466 1467 1.0 0.0
1466 1480 1.0 0.0
1466 1662 1.0 0.0
1467 1468 1.0 0.0
1467 1481 1.0 0.0
1467 1663 1.0 0.0
1468 1469 1.0 0.0
1468 1482 1.0 0.0
1468 1664 1.0 0.0
1469 1483 1.0 0.0
1469 1665 1.0 0.0
1470 1471 1.0 0.0
1470 1484 1.0 0.0
1470 1666 1.0 0.0
1471 1472 1.0 0.0
1471 1485 1.0 0.0
1471 1667 1.0 0.0
1472 1473 1.0 0.0
1472 1486 1.0 0.0
1472 1668 1.0 0.0
1473 1474 1.0 0.0
1473 1487 1.0 0.0
1473 1669 1.0 0.0
1474 1475 1.0 0.0
1474 1488 1.0 0.0
1474 1670 1.0 0.0
1475 1476 1.0 0.0
1475 1489 1.0 0.0
1475 1671 1.0 0.0
1476 1477 1.0 0.0
1476 1490 1.0 0.0
1476 1672 1.0 0.0
1477 1478 1.0 0.0
1477 1491 1.0 0.0
1477 1673 1.0 0.0
1478 1479 1.0 0.0
1478 1492 1.0 0.0
1478 1674 1.0 0.0
1479 1480 1.0 0.0
1479 1493 1.0 0.0
1479 1675 1.0 0.0
1480 1481 1.0 0.0
1480 1494 1.0 0.0
1480 1676 1.0 0.0
1481 1482 1.0 0.0
1481 1495 1.0 0.0
1481 1677 1.0 0.0
1482 1483 1.0 0.0
1482 1496 1.0 0.0
1482 1678 1.0 0.0
1483 1497 1.0 0.0
1483 1679 1.0 0.0
1484 1485 1.0 0.0
1484 1498 1.0 0.0
1484 1680 1.0 0.0
1485 1486 1.0 0.0
1485 1499 1.0 0.0
1485 1681 1.0 0.0
1486 1487 1.0 0.0
1486 1500 1.0 0.0
1486 1682 1.0 0.0
1487 1488 1.0 0.0
1487 1501 1.0 0.0
1487 1683 1.0 0.0
1488 1489 1.0 0.0
1488 1502 1.0 0.0
1488 1684 1.0 0.0
1489 1490 1.0 0.0
1489 1503 1.0 0.0
1489 1685 1.0 0.0
1490 1491 1.0 0.0
1490 1504 1.0 0.0
1490 1686 1.0 0.0
1491 1492 1.0 0.0
1491 1505 1.0 0.0
1491 1687 1.0 0.0
1492 1493 1.0 0.0
1492 1506 1.0 0.0
1492 1688 1.0 0.0
1493 1494 1.0 0.0
1493 1507 1.0 0.0
1493 1689 1.0 0.0
1494 1495 1.0 0.0
1494 1508 1.0 0.0
1494 1690 1.0 0.0
1495 1496 1.0 0.0
1495 1509 1.0 0.0
1495 1691 1.0 0.0
1496 1497 1.0 0.0
1496 1510 1.0 0.0
1496 1692 1.0 0.0
1497 1511 1.0 0.0
1497 1693 1.0 0.0
1498 1499 1.0 0.0
1498 1512 1.0 0.0
1498 1694 1.0 0.0
1499 1500 1.0 0.0
1499 1513 1.0 0.0
1499 1695 1.0 0.0
1500 1501 1.0 0.0
1500 1514 1.0 0.0
1500 1696 1.0 0.0
1501 1502 1.0 0.0
1501 1515 1.0 0.0
1501 1697 1.0 0.0
1502 1503 1.0 0.0
1502 1516 1.0 0.0
1502 1698 1.0 0.0
1503 1504 1.0 0.0
1503 1517 1.0 0.0
1503 1699 1.0 0.0
1504 1505 1.0 0.0
1504 1518 1.0 0.0
1504 1700 1.0 0.0
1505 1506 1.0 0.0
1505 1519 1.0 0.0
1505 1701 1.0 0.0
1506 1507 1.0 0.0
1506 1520 1.0 0.0
1506 1702 1.0 0.0
1507 1508 1.0 0.0
1507 1521 1.0 0.0
1507 1703 1.0 0.0
1508 1509 1.0 0.0
1508 1522 1.0 0.0
1508 1704 1.0 0.0
1509 1510 1.0 0.0
1509 1523 1.0 0.0
1509 1705 1.0 0.0
1510 1511 1.0 0.0
1510 1524 1.0 0.0
1510 1706 1.0 0.0
1511 1525 1.0 0.0
1511 1707 1.0 0.0
1512 1513 1.0 0.0
1512 1526 1.0 0.0
1512 1708 1.0 0.0
1513 1514 1.0 0.0
1513 1527 1.0 0.0
1513 1709 1.0 0.0
1514 1515 1.0 0.0
1514 1528 1.0 0.0
1514 1710 1.0 0.0
1515 1516 1.0 0.0
1515 1529 1.0 0.0
1515 1711 1.0 0.0
1516 1517 1.0 0.0
1516 1530 1.0 0.0
1516 1712 1.0 0.0
1517 1518 1.0 0.0
1517 1531 1.0 0.0
1517 1713 1.0 0.0
1518 1519 1.0 0.0
1518 1532 1.0 0.0
1518 1714 1.0 0.0
1519 1520 1.0 0.0
1519 1533 1.0 0.0
1519 1715 1.0 0.0
1520 1521 1.0 0.0
1520 1534 1.0 0.0
1520 1716 1.0 0.0
1521 1522 1.0 0.0
1521 1535 1.0 0.0
1521 1717 1.0 0.0
1522 1523 1.0 0.0
1522 1536 1.0 0.0
1522 1718 1.0 0.0
1523 1524 1.0 0.0
1523 1537 1.0 0.0
1523 1719 1.0 0.0
1524 1525 1.0 0.0
1524 1538 1.0 0.0
1524 1720 1.0 0.0
1525 1539 1.0 0.0
1525 1721 1.0 0.0
1526 1527 1.0 0.0
1526 1540 1.0 0.0
1526 1722 1.0 0.0
1527 1528 1.0 0.0
1527 1541 1.0 0.0
1527 1723 1.0 0.0
1528 1529 1.0 0.0
1528 1542 1.0 0.0
1528 1724 1.0 0.0
1529 1530 1.0 0.0
1529 1543 1.0 0.0
1529 1725 1.0 0.0
1530 1531 1.0 0.0
1530 1544 1.0 0.0
1530 1726 1.0 0.0
1531 1532 1.0 0.0
1531 1545 1.0 0.0
1531 1727 1.0 0.0
1532 1533 1.0 0.0
1532 1546 1.0 0.0
1532 1728 1.0 0.0
1533 1534 1.0 0.0
1533 1547 1.0 0.0
1533 1729 1.0 0.0
1534 1535 1.0 0.0
1534 1548 1.0 0.0
1534 1730 1.0 0.0
1535 1536 1.0 0.0
1535 1549 1.0 0.0
1535 1731 1.0 0.0
1536 1537 1.0 0.0
1536 1550 1.0 0.0
1536 1732 1.0 0.0
1537 1538 1.0 0.0
1537 1551 1.0 0.0
1537 1733 1.0 0.0
1538 1539 1.0 0.0
1538 1552 1.0 0.0
1538 1734 1.0 0.0
1539 1553 1.0 0.0
1539 1735 1.0 0.0
1540 1541 1.0 0.0
1540 1554 1.0 0.0
1540 1736 1.0 0.0
1541 1542 1.0 0.0
1541 1555 1.0 0.0
1541 1737 1.0 0.0
1542 1543 1.0 0.0
1542 1556 1.0 0.0
1542 1738 1.0 0.0
1543 1544 1.0 0.0
1543 1557 1.0 0.0
1543 1739 1.0 0.0
1544 1545 1.0 0.0
1544 1558 1.0 0.0
1544 1740 1.0 0.0
1545 1546 1.0 0.0
1545 1559 1.0 0.0
1545 1741 1.0 0.0
1546 1547 1.0 0.0
1546 1560 1.0 0.0
1546 1742 1.0 0.0
1547 1548 1.0 0.0
1547 1561 1.0 0.0
1547 1743 1.0 0.0
1548 1549 1.0 0.0
1548 1562 1.0 0.0
1548 1744 1.0 0.0
1549 1550 1.0 0.0
1549 1563 1.0 0.0
1549 1745 1.0 0.0
1550 1551 1.0 0.0
1550 1564 1.0 0.0
1550 1746 1.0 0.0
1551 1552 1.0 0.0
1551 1565 1.0 0.0
1551 1747 1.0 0.0
1552 1553 1.0 0.0
1552 1566 1.0 0.0
1552 1748 1.0 0.0
1553 1567 1.0 0.0
1553 1749 1.0 0.0
1554 1555 1.0 0.0
1554 1750 1.0 0.0
1555 1556 1.0 0.0
1555 1751 1.0 0.0
1556 1557 1.0 0.0
1556 1752 1.0 0.0
1557 1558 1.0 0.0
1557 1753 1.0 0.0
1558 1559 1.0 0.0
1558 1754 1.0 0.0
1559 1560 1.0 0.0
1559 1755 1.0 0.0
1560 1561 1.0 0.0
1560 1756 1.0 0.0
1561 1562 1.0 0.0
1561 1757 1.0 0.0
1562 1563 1.0 0.0
1562 1758 1.0 0.0
1563 1564 1.0 0.0
1563 1759 1.0 0.0
1564 1565 1.0 0.0
1564 1760 1.0 0.0
1565 1566 1.0 0.0
1565 1761 1.0 0.0
1566 1567 1.0 0.0
1566 1762 1.0 0.0
1567 1763 1.0 0.0
1568 1569 1.0 0.0
1568 1582 1.0 0.0
1568 1764 1.0 0.0
1569 1570 1.0 0.0
1569 1583 1.0 0.0
1569 1765 1.0 0.0
1570 1571 1.0 0.0
1570 1584 1.0 0.0
1570 1766 1.0 0.0
1571 1572 1.0 0.0
1571 1585 1.0 0.0
1571 1767 1.0 0.0
1572 1573 1.0 0.0
1572 1586 1.0 0.0
1572 1768 1.0 0.0
1573 1574 1.0 0.0
1573 1587 1.0 0.0
1573 1769 1.0 0.0
1574 1575 1.0 0.0
1574 1588 1.0 0.0
1574 1770 1.0 0.0
1575 1576 1.0 0.0
1575 1589 1.0 0.0
1575 1771 1.0 0.0
1576 1577 1.0 0.0
1576 1590 1.0 0.0
1576 1772 1.0 0.0
1577 1578 1.0 0.0
1577 1591 1.0 0.0
1577 1773 1.0 0.0
1578 1579 1.0 0.0
1578 1592 1.0 0.0
1578 1774 1.0 0.0
1579 1580 1.0 0.0
1579 1593 1.0 0.0
1579 1775 1.0 0.0
1580 1581 1.0 0.0
1580 1594 1.0 0.0
1580 1776 1.0 0.0
1581 1595 1.0 0.0
1581 1777 1.0 0.0
1582 1583 1.0 0.0
1582 1596 1.0 0.0
1582 1778 1.0 0.0
1583 1584 1.0 0.0
1583 1597 1.0 0.0
1583 1779 1.0 0.0
1584 1585 1.0 0.0
1584 1598 1.0 0.0
1584 1780 1.0 0.0
1585 1586 1.0 0.0
1585 1599 1.0 0.0
1585 1781 1.0 0.0
1586 1587 1.0 0.0
1586 1600 1.0 0.0
1586 1782 1.0 0.0
1587 1588 1.0 0.0
1587 1601 1.0 0.0
1587 1783 1.0 0.0
1588 1589 1.0 0.0
1588 1602 1.0 0.0
1588 1784 1.0 0.0
1589 1590 1.0 0.0
1589 1603 1.0 0.0
1589 1785 1.0 0.0
1590 1591 1.0 0.0
1590 1604 1.0 0.0
1590 1786 1.0 0.0
1591 1592 1.0 0.0
1591 1605 1.0 0.0
1591 1787 1.0 0.0
1592 1593 1.0 0.0
1592 1606 1.0 0.0
1592 1788 1.0 0.0
1593 1594 1.0 0.0
1593 1607 1.0 0.0
1593 1789 1.0 0.0
1594 1595 1.0 0.0
1594 1608 1.0 0.0
1594 1790 1.0 0.0
1595 1609 1.0 0.0
1595 1791 1.0 0.0
1596 1597 1.0 0.0
1596 1610 1.0 0.0
1596 1792 1.0 0.0
1597 1598 1.0 0.0
1597 1611 1.0 0.0
1597 1793 1.0 0.0
1598 1599 1.0 0.0
1598 1612 1.0 0.0
1598 1794 1.0 0.0
1599 1600 1.0 0.0
1599 1613 1.0 0.0
1599 1795 1.0 0.0
1600 1601 1.0 0.0
1600 1614 1.0 0.0
1600 1796 1.0 0.0
1601 1602 1.0 0.0
1601 1615 1.0 0.0
1601 1797 1.0 0.0
1602 1603 1.0 0.0
1602 1616 1.0 0.0
1602 1798 1.0 0.0
1603 1604 1.0 0.0
1603 1617 1.0 0.0
1603 1799 1.0 0.0
1604 1605 1.0 0.0
1604 1618 1.0 0.0
1604 1800 1.0 0.0
1605 1606 1.0 0.0
1605 1619 1.0 0.0
1605 1801 1.0 0.0
1606 1607 1.0 0.0
1606 1620 1.0 0.0
1606 1802 1.0 0.0
1607 1608 1.0 0.0
1607 1621 1.0 0.0
1607 1803 1.0 0.0
1608 1609 1.0 0.0
1608 1622 1.0 0.0
1608 1804 1.0 0.0
1609 1623 1.0 0.0
1609 1805 1.0 0.0
1610 1611 1.0 0.0
1610 1624 1.0 0.0
1610 1806 1.0 0.0
1611 1612 1.0 0.0
1611 1625 1.0 0.0
1611 1807 1.0 0.0
1612 1613 1.0 0.0
1612 1626 1.0 0.0
1612 1808 1.0 0.0
1613 1614 1.0 0.0
1613 1627 1.0 0.0
1613 1809 1.0 0.0
1614 1615 1.0 0.0
1614 1628 1.0 0.0
1614 1810 1.0 0.0
1615 1616 1.0 0.0
1615 1629 1.0 0.0
1615 1811 1.0 0.0
1616 1617 1.0 0.0
1616 1630 1.0 0.0
1616 1812 1.0 0.0
1617 1618 1.0 0.0
1617 1631 1.0 0.0
1617 1813 1.0 0.0
1618 1619 1.0 0.0
1618 1632 1.0 0.0
1618 1814 1.0 0.0
1619 1620 1.0 0.0
1619 1633 1.0 0.0
1619 1815 1.0 0.0
1620 1621 1.0 0.0
1620 1634 1.0 0.0
1620 1816 1.0 0.0
1621 1622 1.0 0.0
1621 1635 1.0 0.0
1621 1817 1.0 0.0
1622 1623 1.0 0.0
1622 1636 1.0 0.0
1622 1818 1.0 0.0
1623 1637 1.0 0.0
1623 1819 1.0 0.0
1624 1625 1.0 0.0
1624 1638 1.0 0.0
1624 1820 1.0 0.0
1625 1626 1.0 0.0
1625 1639 1.0 0.0
1625 1821 1.0 0.0
1626 1627 1.0 0.0
1626 1640 1.0 0.0
1626 1822 1.0 0.0
1627 1628 1.0 0.0
1627 1641 1.0 0.0
1627 1823 1.0 0.0
1628 1629 1.0 0.0
1628 1642 1.0 0.0
1628 1824 1.0 0.0
1629 1630 1.0 0.0
1629 1643 1.0 0.0
1629 1825 1.0 0.0
1630 1631 1.0 0.0
1630 1644 1.0 0.0
1630 1826 1.0 0.0
1631 1632 1.0 0.0
1631 1645 1.0 0.0
1631 1827 1.0 0.0
1632 1633 1.0 0.0
1632 1646 1.0 0.0
1632 1828 1.0 0.0
1633 1634 1.0 0.0
1633 1647 1.0 0.0
1633 1829 1.0 0.0
1634 1635 1.0 0.0
1634 1648 1.0 0.0
1634 1830 1.0 0.0
1635 1636 1.0 0.0
1635 1649 1.0 0.0
1635 1831 1.0 0.0
1636 1637 1.0 0.0
1636 1650 1.0 0.0
1636 1832 1.0 0.0
1637 1651 1.0 0.0
1637 1833 1.0 0.0
1638 1639 1.0 0.0
1638 1652 1.0 0.0
1638 1834 1.0 0.0
1639 1640 1.0 0.0
1639 1653 1.0 0.0
1639 1835 1.0 0.0
1640 1641 1.0 0.0
1640 1654 1.0 0.0
1640 1836 1.0 0.0
1641 1642 1.0 0.0
1641 1655 1.0 0.0
1641 1837 1.0 0.0
1642 1643 1.0 0.0
1642 1656 1.0 0.0
1642 1838 1.0 0.0
1643 1644 1.0 0.0
1643 1657 1.0 0.0
1643 1839 1.0 0.0
1644 1645 1.0 0.0
1644 1658 1.0 0.0
1644 1840 1.0 0.0
1645 1646 1.0 0.0
1645 1659 1.0 0.0
1645 1841 1.0 0.0
1646 1647 1.0 0.0
1646 1660 1.0 0.0
1646 1842 1.0 0.0
1647 1648 1.0 0.0
1647 1661 1.0 0.0
1647 1843 1.0 0.0
1648 1649 1.0 0.0
1648 1662 1.0 0.0
1648 1844 1.0 0.0
1649 1650 1.0 0.0
1649 1663 1.0 0.0
1649 1845 1.0 0.0
1650 1651 1.0 0.0
1650 1664 1.0 0.0
1650 1846 1.0 0.0
1651 1665 1.0 0.0
1651 1847 1.0 0.0
1652 1653 1.0 0.0
1652 1666 1.0 0.0
1652 1848 1.0 0.0
1653 1654 1.0 0.0
1653 1667 1.0 0.0
1653 1849 1.0 0.0
1654 1655 1.0 0.0
1654 1668 1.0 0.0
1654 1850 1.0 0.0
1655 1656 1.0 0.0
1655 1669 1.0 0.0
1655 1851 1.0 0.0
1656 1657 1.0 0.0
1656 1670 1.0 0.0
1656 1852 1.0 0.0
1657 1658 1.0 0.0
1657 1671 1.0 0.0
1657 1853 1.0 0.0
1658 1659 1.0 0.0
1658 1672 1.0 0.0
1658 1854 1.0 0.0
1659 1660 1.0 0.0
1659 1673 1.0 0.0
1659 1855 1.0 0.0
1660 1661 1.0 0.0
1660 1674 1.0 0.0
1660 1856 1.0 0.0
1661 1662 1.0 0.0
1661 1675 1.0 0.0
1661 1857 1.0 0.0
1662 1663 1.0 0.0
1662 1676 1.0 0.0
1662 1858 1.0 0.0
1663 1664 1.0 0.0
1663 1677 1.0 0.0
1663 1859 1.0 0.0
1664 1665 1.0 0.0
1664 1678 1.0 0.0
1664 1860 1.0 0.0
1665 1679 1.0 0.0
1665 1861 1.0 0.0
1666 1667 1.0 0.0
1666 1680 1.0 0.0
1666 1862 1.0 0.0
1667 1668 1.0 0.0
1667 1681 1.0 0.0
1667 1863 1.0 0.0
1668 1669 1.0 0.0
1668 1682 1.0 0.0
1668 1864 1.0 0.0
1669 1670 1.0 0.0
1669 1683 1.0 0.0
1669 1865 1.0 0.0
1670 1671 1.0 0.0
1670 1684 1.0 0.0
1670 1866 1.0 0.0
1671 1672 1.0 0.0
1671 1685 1.0 0.0
1671 1867 1.0 0.0
1672 1673 1.0 0.0
1672 1686 1.0 0.0
1672 1868 1.0 0.0
1673 1674 1.0 0.0
1673 1687 1.0 0.0
1673 1869 1.0 0.0
1674 1675 1.0 0.0
1674 1688 1.0 0.0
1674 1870 1.0 0.0
1675 1676 1.0 0.0
1675 1689 1.0 0.0
1675 1871 1.0 0.0
1676 1677 1.0 0.0
1676 1690 1.0 0.0
1676 1872 1.0 0.0
1677 1678 1.0 0.0
1677 1691 1.0 0.0
1677 1873 1.0 0.0
1678 1679 1.0 0.0
1678 1692 1.0 0.0
1678 1874 1.0 0.0
1679 1693 1.0 0.0
1679 1875 1.0 0.0
1680 1681 1.0 0.0
1680 1694 1.0 0.0
1680 1876 1.0 0.0
1681 1682 1.0 0.0
1681 1695 1.0 0.0
1681 1877 1.0 0.0
1682 1683 1.0 0.0
1682 1696 1.0 0.0
1682 1878 1.0 0.0
1683 1684 1.0 0.0
1683 1697 1.0 0.0
1683 1879 1.0 0.0
1684 1685 1.0 0.0
1684 1698 1.0 0.0
1684 1880 1.0 0.0
1685 1686 1.0 0.0
1685 1699 1.0 0.0
1685 1881 1.0 0.0
1686 1687 1.0 0.0
1686 1700 1.0 0.0
1686 1882 1.0 0.0
1687 1688 1.0 0.0
1687 1701 1.0 0.0
1687 1883 1.0 0.0
1688 1689 1.0 0.0
1688 1702 1.0 0.0
1688 1884 1.0 0.0
1689 1690 1.0 0.0
1689 1703 1.0 0.0
1689 1885 1.0 0.0
1690 1691 1.0 0.0
1690 1704 1.0 0.0
1690 1886 1.0 0.0
1691 1692 1.0 0.0
1691 1705 1.0 0.0
1691 1887 1.0 0.0
1692 1693 1.0 0.0
1692 1706 1.0 0.0
1692 1888 1.0 0.0
1693 1707 1.0 0.0
1693 1889 1.0 0.0
1694 1695 1.0 0.0
1694 1708 1.0 0.0
1694 1890 1.0 0.0
1695 1696 1.0 0.0
1695 1709 1.0 0.0
1695 1891 1.0 0.0
1696 1697 1.0 0.0
1696 1710 1.0 0.0
1696 1892 1.0 0.0
1697 1698 1.0 0.0
1697 1711 1.0 0.0
1697 1893 1.0 0.0
1698 1699 1.0 0.0
1698 1712 1.0 0.0
1698 1894 1.0 0.0
1699 1700 1.0 0.0
1699 1713 1.0 0.0
1699 1895 1.0 0.0
1700 1701 1.0 0.0
1700 1714 1.0 0.0
1700 1896 1.0 0.0
1701 1702 1.0 0.0
1701 1715 1.0 0.0
1701 1897 1.0 0.0
1702 1703 1.0 0.0
1702 1716 1.0 0.0
1702 1898 1.0 0.0
1703 1704 1.0 0.0
1703 1717 1.0 0.0
1703 1899 1.0 0.0
1704 1705 1.0 0.0
1704 1718 1.0 0.0
1704 1900 1.0 0.0
1705 1706 1.0 0.0
1705 1719 1.0 0.0
1705 1901 1.0 0.0
1706 1707 1.0 0.0
1706 1720 1.0 0.0
1706 1902 1.0 0.0
1707 1721 1.0 0.0
1707 1903 1.0 0.0
1708 1709 1.0 0.0
1708 1722 1.0 0.0
1708 1904 1.0 0.0
1709 1710 1.0 0.0
1709 1723 1.0 0.0
1709 1905 1.0 0.0
1710 1711 1.0 0.0
1710 1724 1.0 0.0
1710 1906 1.0 0.0
1711 1712 1.0 0.0
1711 1725 1.0 0.0
1711 1907 1.0 0.0
1712 1713 1.0 0.0
1712 1726 1.0 0.0
1712 1908 1.0 0.0
1713 1714 1.0 0.0
1713 1727 1.0 0.0
1713 1909 1.0 0.0
1714 1715 1.0 0.0
1714 1728 1.0 0.0
1714 1910 1.0 0.0
1715 1716 1.0 0.0
1715 1729 1.0 0.0
1715 1911 1.0 0.0
1716 1717 1.0 0.0
1716 1730 1.0 0.0
1716 1912 1.0 0.0
1717 1718 1.0 0.0
1717 1731 1.0 0.0
1717 1913 1.0 0.0
1718 1719 1.0 0.0
1718 1732 1.0 0.0
1718 1914 1.0 0.0
1719 1720 1.0 0.0
1719 1733 1.0 0.0
1719 1915 1.0 0.0
1720 1721 1.0 0.0
1720 1734 1.0 0.0
1720 1916 1.0 0.0
1721 1735 1.0 0.0
1721 1917 1.0 0.0
1722 1723 1.0 0.0
1722 1736 1.0 0.0
1722 1918 1.0 0.0
1723 1724 1.0 0.0
1723 1737 1.0 0.0
1723 1919 1.0 0.0
1724 1725 1.0 0.0
1724 1738 1.0 0.0
1724 1920 1.0 0.0
1725 1726 1.0 0.0
1725 1739 1.0 0.0
1725 1921 1.0 0.0
1726 1727 1.0 0.0
1726 1740 1.0 0.0
1726 1922 1.0 0.0
1727 1728 1.0 0.0
1727 1741 1.0 0.0
1727 1923 1.0 0.0
1728 1729 1.0 0.0
1728 1742 1.0 0.0
1728 1924 1.0 0.0
1729 1730 1.0 0.0
1729 1743 1.0 0.0
1729 1925 1.0 0.0
1730 1731 1.0 0.0
1730 1744 1.0 0.0
1730 1926 1.0 0.0
1731 1732 1.0 0.0
1731 1745 1.0 0.0
1731 1927 1.0 0.0
1732 1733 1.0 0.0
1732 1746 1.0 0.0
1732 1928 1.0 0.0
1733 1734 1.0 0.0
1733 1747 1.0 0.0
1733 1929 1.0 0.0
1734 1735 1.0 0.0
1734 1748 1.0 0.0
1734 1930 1.0 0.0
1735 1749 1.0 0.0
1735 1931 1.0 0.0
1736 1737 1.0 0.0
1736 1750 1.0 0.0
1736 1932 1.0 0.0
1737 1738 1.0 0.0
1737 1751 1.0 0.0
1737 1933 1.0 0.0
1738 1739 1.0 0.0
1738 1752 1.0 0.0
1738 1934 1.0 0.0
1739 1740 1.0 0.0
1739 1753 1.0 0.0
1739 1935 1.0 0.0
1740 1741 1.0 0.0
1740 1754 1.0 0.0
1740 1936 1.0 0.0
1741 1742 1.0 0.0
1741 1755 1.0 0.0
1741 1937 1.0 0.0
1742 1743 1.0 0.0
1742 1756 1.0 0.0
1742 1938 1.0 0.0
1743 1744 1.0 0.0
1743 1757 1.0 0.0
1743 1939 1.0 0.0
1744 1745 1.0 0.0
1744 1758 1.0 0.0
1744 1940 1.0 0.0
1745 1746 1.0 0.0
1745 1759 1.0 0.0
1745 1941 1.0 0.0
1746 1747 1.0 0.0
1746 1760 1.0 0.0
1746 1942 1.0 0.0
1747 1748 1.0 0.0
1747 1761 1.0 0.0
1747 1943 1.0 0.0
1748 1749 1.0 0.0
1748 1762 1.0 0.0
1748 1944 1.0 0.0
1749 1763 1.0 0.0
1749 1945 1.0 0.0
1750 1751 1.0 0.0
1750 1946 1.0 0.0
1751 1752 1.0 0.0
1751 1947 1.0 0.0
1752 1753 1.0 0.0
1752 1948 1.0 0.0
1753 1754 1.0 0.0
1753 1949 1.0 0.0
1754 1755 1.0 0.0
1754 1950 1.0 0.0
1755 1756 1.0 0.0
1755 1951 1.0 0.0
1756 1757 1.0 0.0
1756 1952 1.0 0.0
1757 1758 1.0 0.0
1757 1953 1.0 0.0
1758 1759 1.0 0.0
1758 1954 1.0 0.0
1759 1760 1.0 0.0
1759 1955 1.0 0.0
1760 1761 1.0 0.0
1760 1956 1.0 0.0
1761 1762 1.0 0.0
1761 1957 1.0 0.0
1762 1763 1.0 0.0
1762 1958 1.0 0.0
1763 1959 1.0 0.0
1764 1765 1.0 0.0
1764 1778 1.0 0.0
1764 1960 1.0 0.0
1765 1766 1.0 0.0
1765 1779 1.0 0.0
1765 1961 1.0 0.0
1766 1767 1.0 0.0
1766 1780 1.0 0.0
1766 1962 1.0 0.0
1767 1768 1.0 0.0
1767 1781 1.0 0.0
1767 1963 1.0 0.0
1768 1769 1.0 0.0
1768 1782 1.0 0.0
1768 1964 1.0 0.0
1769 1770 1.0 0.0
1769 1783 1.0 0.0
1769 1965 1.0 0.0
1770 1771 1.0 0.0
1770 1784 1.0 0.0
1770 1966 1.0 0.0
1771 1772 1.0 0.0
1771 1785 1.0 0.0
1771 1967 1.0 0.0
1772 1773 1.0 0.0
1772 1786 1.0 0.0
1772 1968 1.0 0.0
1773 1774 1.0 0.0
1773 1787 1.0 0.0
1773 1969 1.0 0.0
1774 1775 1.0 0.0
1774 1788 1.0 0.0
1774 1970 1.0 0.0
1775 1776 1.0 0.0
1775 1789 1.0 0.0
1775 1971 1.0 0.0
1776 1777 1.0 0.0
1776 1790 1.0 0.0
1776 1972 1.0 0.0
1777 1791 1.0 0.0
1777 1973 1.0 0.0
1778 1779 1.0 0.0
1778 1792 1.0 0.0
1778 1974 1.0 0.0
1779 1780 1.0 0.0
1779 1793 1.0 0.0
1779 1975 1.0 0.0
1780 1781 1.0 0.0
1780 1794 1.0 0.0
1780 1976 1.0 0.0
1781 1782 1.0 0.0
1781 1795 1.0 0.0
1781 1977 1.0 0.0
1782 1783 1.0 0.0
1782 1796 1.0 0.0
1782 1978 1.0 0.0
1783 1784 1.0 0.0
1783 1797 1.0 0.0
1783 1979 1.0 0.0
1784 1785 1.0 0.0
1784 1798 1.0 0.0
1784 1980 1.0 0.0
1785 1786 1.0 0.0
1785 1799 1.0 0.0
1785 1981 1.0 0.0
1786 1787 1.0 0.0
1786 1800 1.0 0.0
1786 1982 1.0 0.0
1787 1788 1.0 0.0
1787 1801 1.0 0.0
1787 1983 1.0 0.0
1788 1789 1.0 0.0
1788 1802 1.0 0.0
1788 1984 1.0 0.0
1789 1790 1.0 0.0
1789 1803 1.0 0.0
1789 1985 1.0 0.0
1790 1791 1.0 0.0
1790 1804 1.0 0.0
1790 1986 1.0 0.0
1791 1805 1.0 0.0
1791 1987 1.0 0.0
1792 1793 1.0 0.0
1792 1806 1.0 0.0
1792 1988 1.0 0.0
1793 1794 1.0 0.0
1793 1807 1.0 0.0
1793 1989 1.0 0.0
1794 1795 1.0 0.0
1794 1808 1.0 0.0
1794 1990 1.0 0.0
1795 1796 1.0 0.0
1795 1809 1.0 0.0
1795 1991 1.0 0.0
1796 1797 1.0 0.0
1796 1810 1.0 0.0
1796 1992 1.0 0.0
1797 1798 1.0 0.0
1797 1811 1.0 0.0
1797 1993 1.0 0.0
1798 1799 1.0 0.0
1798 1812 1.0 0.0
1798 1994 1.0 0.0
1799 1800 1.0 0.0
1799 1813 1.0 0.0
1799 1995 1.0 0.0
1800 1801 1.0 0.0
1800 1814 1.0 0.0
1800 1996 1.0 0.0
1801 1802 1.0 0.0
1801 1815 1.0 0.0
1801 1997 1.0 0.0
1802 1803 1.0 0.0
1802 1816 1.0 0.0
1802 1998 1.0 0.0
1803 1804 1.0 0.0
1803 1817 1.0 0.0
1803 1999 1.0 0.0
1804 1805 1.0 0.0
1804 1818 1.0 0.0
1804 2000 1.0 0.0
1805 1819 1.0 0.0
1805 2001 1.0 0.0
1806 1807 1.0 0.0
1806 1820 1.0 0.0
1806 2002 1.0 0.0
1807 1808 1.0 0.0
1807 1821 1.0 0.0
1807 2003 1.0 0.0
1808 1809 1.0 0.0
1808 1822 1.0 0.0
1808 2004 1.0 0.0
1809 1810 1.0 0.0
1809 1823 1.0 0.0
1809 2005 1.0 0.0
1810 1811 1.0 0.0
1810 1824 1.0 0.0
1810 2006 1.0 0.0
1811 1812 1.0 0.0
1811 1825 1.0 0.0
1811 2007 1.0 0.0
1812 1813 1.0 0.0
1812 1826 1.0 0.0
1812 2008 1.0 0.0
1813 1814 1.0 0.0
1813 1827 1.0 0.0
1813 2009 1.0 0.0
1814 1815 1.0 0.0
1814 1828 1.0 0.0
1814 2010 1.0 0.0
1815 1816 1.0 0.0
1815 1829 1.0 0.0
1815 2011 1.0 0.0
1816 1817 1.0 0.0
1816 1830 1.0 0.0
1816 2012 1.0 0.0
1817 1818 1.0 0.0
1817 1831 1.0 0.0
1817 2013 1.0 0.0
1818 1819 1.0 0.0
1818 1832 1.0 0.0
1818 2014 1.0 0.0
1819 1833 1.0 0.0
1819 2015 1.0 0.0
1820 1821 1.0 0.0
1820 1834 1.0 0.0
1820 2016 1.0 0.0
1821 1822 1.0 0.0
1821 1835 1.0 0.0
1821 2017 1.0 0.0
1822 1823 1.0 0.0
1822 1836 1.0 0.0
1822 2018 1.0 0.0
1823 1824 1.0 0.0
1823 1837 1.0 0.0
1823 2019 1.0 0.0
1824 1825 1.0 0.0
1824 1838 1.0 0.0
1824 2020 1.0 0.0
1825 1826 1.0 0.0
1825 1839 1.0 0.0
1825 2021 1.0 0.0
1826 1827 1.0 0.0
1826 1840 1.0 0.0
1826 2022 1.0 0.0
1827 1828 1.0 0.0
1827 1841 1.0 0.0
1827 2023 1.0 0.0
1828 1829 1.0 0.0
1828 1842 1.0 0.0
1828 2024 1.0 0.0
1829 1830 1.0 0.0
1829 1843 1.0 0.0
1829 2025 1.0 0.0
1830 1831 1.0 0.0
1830 1844 1.0 0.0
1830 2026 1.0 0.0
1831 1832 1.0 0.0
1831 1845 1.0 0.0
1831 2027 1.0 0.0
1832 1833 1.0 0.0
1832 1846 1.0 0.0
1832 2028 1.0 0.0
1833 1847 1.0 0.0
1833 2029 1.0 0.0
1834 1835 1.0 0.0
1834 1848 1.0 0.0
1834 2030 1.0 0.0
1835 1836 1.0 0.0
1835 1849 1.0 0.0
1835 2031 1.0 0.0
1836 1837 1.0 0.0
1836 1850 1.0 0.0
1836 2032 1.0 0.0
1837 1838 1.0 0.0
1837 1851 1.0 0.0
1837 2033 1.0 0.0
1838 1839 1.0 0.0
1838 1852 1.0 0.0
1838 2034 1.0 0.0
1839 1840 1.0 0.0
1839 1853 1.0 0.0
1839 2035 1.0 0.0
1840 1841 1.0 0.0
1840 1854 1.0 0.0
1840 2036 1.0 0.0
1841 1842 1.0 0.0
1841 1855 1.0 0.0
1841 2037 1.0 0.0
1842 1843 1.0 0.0
1842 1856 1.0 0.0
1842 2038 1.0 0.0
1843 1844 1.0 0.0
1843 1857 1.0 0.0
1843 2039 1.0 0.0
1844 1845 1.0 0.0
1844 1858 1.0 0.0
1844 2040 1.0 0.0
1845 1846 1.0 0.0
1845 1859 1.0 0.0
1845 2041 1.0 0.0
1846 1847 1.0 0.0
1846 1860 1.0 0.0
1846 2042 1.0 0.0
1847 1861 1.0 0.0
1847 2043 1.0 0.0
1848 1849 1.0 0.0
1848 1862 1.0 0.0
1848 2044 1.0 0.0
1849 1850 1.0 0.0
1849 1863 1.0 0.0
1849 2045 1.0 0.0
1850 1851 1.0 0.0
1850 1864 1.0 0.0
1850 2046 1.0 0.0
1851 1852 1.0 0.0
1851 1865 1.0 0.0
1851 2047 1.0 0.0
1852 1853 1.0 0.0
1852 1866 1.0 0.0
1852 2048 1.0 0.0
1853 1854 1.0 0.0
1853 1867 1.0 0.0
1853 2049 1.0 0.0
1854 1855 1.0 0.0
1854 1868 1.0 0.0
1854 2050 1.0 0.0
1855 1856 1.0 0.0
1855 1869 1.0 0.0
1855 2051 1.0 0.0
1856 1857 1.0 0.0
1856 1870 1.0 0.0
1856 2052 1.0 0.0
1857 1858 1.0 0.0
1857 1871 1.0 0.0
1857 2053 1.0 0.0
1858 1859 1.0 0.0
1858 1872 1.0 0.0
1858 2054 1.0 0.0
1859 1860 1.0 0.0
1859 1873 1.0 0.0
1859 2055 1.0 0.0
1860 1861 1.0 0.0
1860 1874 1.0 0.0
1860 2056 1.0 0.0
1861 1875 1.0 0.0
1861 2057 1.0 0.0
1862 1863 1.0 0.0
1862 1876 1.0 0.0
1862 2058 1.0 0.0
1863 1864 1.0 0.0
1863 1877 1.0 0.0
1863 2059 1.0 0.0
1864 1865 1.0 0.0
1864 1878 1.0 0.0
1864 2060 1.0 0.0
1865 1866 1.0 0.0
1865 1879 1.0 0.0
1865 2061 1.0 0.0
1866 1867 1.0 0.0
1866 1880 1.0 0.0
1866 2062 1.0 0.0
1867 1868 1.0 0.0
1867 1881 1.0 0.0
1867 2063 1.0 0.0
1868 1869 1.0 0.0
1868 1882 1.0 0.0
1868 2064 1.0 0.0
1869 1870 1.0 0.0
1869 1883 1.0 0.0
1869 2065 1.0 0.0
1870 1871 1.0 0.0
1870 1884 1.0 0.0
1870 2066 1.0 0.0
1871 1872 1.0 0.0
1871 1885 1.0 0.0
1871 2067 1.0 0.0
1872 1873 1.0 0.0
1872 1886 1.0 0.0
1872 2068 1.0 0.0
1873 1874 1.0 0.0
1873 1887 1.0 0.0
1873 2069 1.0 0.0
1874 1875 1.0 0.0
1874 1888 1.0 0.0
1874 2070 1.0 0.0
1875 1889 1.0 0.0
1875 2071 1.0 0.0
1876 1877 1.0 0.0
1876 1890 1.0 0.0
1876 2072 1.0 0.0
1877 1878 1.0 0.0
1877 1891 1.0 0.0
1877 2073 1.0 0.0
1878 1879 1.0 0.0
1878 1892 1.0 0.0
1878 2074 1.0 0.0
1879 1880 1.0 0.0
1879 1893 1.0 0.0
1879 2075 1.0 0.0
1880 1881 1.0 0.0
1880 1894 1.0 0.0
1880 2076 1.0 0.0
1881 1882 1.0 0.0
1881 1895 1.0 0.0
1881 2077 1.0 0.0
1882 1883 1.0 0.0
1882 1896 1.0 0.0
1882 2078 1.0 0.0
1883 1884 1.0 0.0
1883 1897 1.0 0.0
1883 2079 1.0 0.0
1884 1885 1.0 0.0
1884 1898 1.0 0.0
1884 2080 1.0 0.0
1885 1886 1.0 0.0
1885 1899 1.0 0.0
1885 2081 1.0 0.0
1886 1887 1.0 0.0
1886 1900 1.0 0.0
1886 2082 1.0 0.0
1887 1888 1.0 0.0
1887 1901 1.0 0.0
1887 2083 1.0 0.0
1888 1889 1.0 0.0
1888 1902 1.0 0.0
1888 2084 1.0 0.0
1889 1903 1.0 0.0
1889 2085 1.0 0.0
1890 1891 1.0 0.0
1890 1904 1.0 0.0
1890 2086 1.0 0.0
1891 1892 1.0 0.0
1891 1905 1.0 0.0
1891 2087 1.0 0.0
1892 1893 1.0 0.0
1892 1906 1.0 0.0
1892 2088 1.0 0.0
1893 1894 1.0 0.0
1893 1907 1.0 0.0
1893 2089 1.0 0.0
1894 1895 1.0 0.0
1894 1908 1.0 0.0
1894 2090 1.0 0.0
1895 1896 1.0 0.0
1895 1909 1.0 0.0
1895 2091 1.0 0.0
1896 1897 1.0 0.0
1896 1910 1.0 0.0
1896 2092 1.0 0.0
1897 1898 1.0 0.0
1897 1911 1.0 0.0
1897 2093 1.0 0.0
1898 1899 1.0 0.0
1898 1912 1.0 0.0
1898 2094 1.0 0.0
1899 1900 1.0 0.0
1899 1913 1.0 0.0
1899 2095 1.0 0.0
1900 1901 1.0 0.0
1900 1914 1.0 0.0
1900 2096 1.0 0.0
1901 1902 1.0 0.0
1901 1915 1.0 0.0
1901 2097 1.0 0.0
1902 1903 1.0 0.0
1902 1916 1.0 0.0
1902 2098 1.0 0.0
1903 1917 1.0 0.0
1903 2099 1.0 0.0
1904 1905 1.0 0.0
1904 1918 1.0 0.0
1904 2100 1.0 0.0
1905 1906 1.0 0.0
1905 1919 1.0 0.0
1905 2101 1.0 0.0
1906 1907 1.0 0.0
1906 1920 1.0 0.0
1906 2102 1.0 0.0
1907 1908 1.0 0.0
1907 1921 1.0 0.0
1907 2103 1.0 0.0
1908 1909 1.0 0.0
1908 1922 1.0 0.0
1908 2104 1.0 0.0
1909 1910 1.0 0.0
1909 1923 1.0 0.0
1909 2105 1.0 0.0
1910 1911 1.0 0.0
1910 1924 1.0 0.0
1910 2106 1.0 0.0
1911 1912 1.0 0.0
1911 1925 1.0 0.0
1911 2107 1.0 0.0
1912 1913 1.0 0.0
1912 1926 1.0 0.0
1912 2108 1.0 0.0
1913 1914 1.0 0.0
1913 1927 1.0 0.0
1913 2109 1.0 0.0
1914 1915 1.0 0.0
1914 1928 1.0 0.0
1914 2110 1.0 0.0
1915 1916 1.0 0.0
1915 1929 1.0 0.0
1915 2111 1.0 0.0
1916 1917 1.0 0.0
1916 1930 1.0 0.0
1916 2112 1.0 0.0
1917 1931 1.0 0.0
1917 2113 1.0 0.0
1918 1919 1.0 0.0
1918 1932 1.0 0.0
1918 2114 1.0 0.0
1919 1920 1.0 0.0
1919 1933 1.0 0.0
1919 2115 1.0 0.0
1920 1921 1.0 0.0
1920 1934 1.0 0.0
1920 2116 1.0 0.0
1921 1922 1.0 0.0
1921 1935 1.0 0.0
1921 2117 1.0 0.0
1922 1923 1.0 0.0
1922 1936 1.0 0.0
1922 2118 1.0 0.0
1923 1924 1.0 0.0
1923 1937 1.0 0.0
1923 2119 1.0 0.0
1924 1925 1.0 0.0
1924 1938 1.0 0.0
1924 2120 1.0 0.0
1925 1926 1.0 0.0
1925 1939 1.0 0.0
1925 2121 1.0 0.0
1926 1927 1.0 0.0
1926 1940 1.0 0.0
1926 2122 1.0 0.0
1927 1928 1.0 0.0
1927 1941 1.0 0.0
1927 2123 1.0 0.0
1928 1929 1.0 0.0
1928 1942 1.0 0.0
1928 2124 1.0 0.0
1929 1930 1.0 0.0
1929 1943 1.0 0.0
1929 2125 1.0 0.0
1930 1931 1.0 0.0
1930 1944 1.0 0.0
1930 2126 1.0 0.0
1931 1945 1.0 0.0
1931 2127 1.0 0.0
1932 1933 1.0 0.0
1932 1946 1.0 0.0
1932 2128 1.0 0.0
1933 1934 1.0 0.0
1933 1947 1.0 0.0
1933 2129 1.0 0.0
1934 1935 1.0 0.0
1934 1948 1.0 0.0
1934 2130 1.0 0.0
1935 1936 1.0 0.0
1935 1949 1.0 0.0
1935 2131 1.0 0.0
1936 1937 1.0 0.0
1936 1950 1.0 0.0
1936 2132 1.0 0.0
1937 1938 1.0 0.0
1937 1951 1.0 0.0
1937 2133 1.0 0.0
1938 1939 1.0 0.0
1938 1952 1.0 0.0
1938 2134 1.0 0.0
1939 1940 1.0 0.0
1939 1953 1.0 0.0
1939 2135 1.0 0.0
1940 1941 1.0 0.0
1940 1954 1.0 0.0
1940 2136 1.0 0.0
1941 1942 1.0 0.0
1941 1955 1.0 0.0
1941 2137 1.0 0.0
1942 1943 1.0 0.0
1942 1956 1.0 0.0
1942 2138 1.0 0.0
1943 1944 1.0 0.0
1943 1957 1.0 0.0
1943 2139 1.0 0.0
1944 1945 1.0 0.0
1944 1958 1.0 0.0
1944 2140 1.0 0.0
1945 1959 1.0 0.0
1945 2141 1.0 0.0
1946 1947 1.0 0.0
1946 2142 1.0 0.0
1947 1948 1.0 0.0
1947 2143 1.0 0.0
1948 1949 1.0 0.0
1948 2144 1.0 0.0
1949 1950 1.0 0.0
1949 2145 1.0 0.0
1950 1951 1.0 0.0
1950 2146 1.0 0.0
1951 1952 1.0 0.0
1951 2147 1.0 0.0
1952 1953 1.0 0.0
1952 2148 1.0 0.0
1953 1954 1.0 0.0
1953 2149 1.0 0.0
1954 1955 1.0 0.0
1954 2150 1.0 0.0
1955 1956 1.0 0.0
1955 2151 1.0 0.0
1956 1957 1.0 0.0
1956 2152 1.0 0.0
1957 1958 1.0 0.0
1957 2153 1.0 0.0
1958 1959 1.0 0.0
1958 2154 1.0 0.0
1959 2155 1.0 0.0
1960 1961 1.0 0.0
1960 1974 1.0 0.0
1960 2156 1.0 0.0
1961 1962 1.0 0.0
1961 1975 1.0 0.0
1961 2157 1.0 0.0
1962 1963 1.0 0.0
1962 1976 1.0 0.0
1962 2158 1.0 0.0
1963 1964 1.0 0.0
1963 1977 1.0 0.0
1963 2159 1.0 0.0
1964 1965 1.0 0.0
1964 1978 1.0 0.0
1964 2160 1.0 0.0
1965 1966 1.0 0.0
1965 1979 1.0 0.0
1965 2161 1.0 0.0
1966 1967 1.0 0.0
1966 1980 1.0 0.0
1966 2162 1.0 0.0
1967 1968 1.0 0.0
1967 1981 1.0 0.0
1967 2163 1.0 0.0
1968 1969 1.0 0.0
1968 1982 1.0 0.0
1968 2164 1.0 0.0
1969 1970 1.0 0.0
1969 1983 1.0 0.0
1969 2165 1.0 0.0
1970 1971 1.0 0.0
1970 1984 1.0 0.0
1970 2166 1.0 0.0
1971 1972 1.0 0.0
1971 1985 1.0 0.0
1971 2167 1.0 0.0
1972 1973 1.0 0.0
1972 1986 1.0 0.0
1972 2168 1.0 0.0
1973 1987 1.0 0.0
1973 2169 1.0 0.0
1974 1975 1.0 0.0
1974 1988 1.0 0.0
1974 2170 1.0 0.0
1975 1976 1.0 0.0
1975 1989 1.0 0.0
1975 2171 1.0 0.0
1976 1977 1.0 0.0
1976 1990 1.0 0.0
1976 2172 1.0 0.0
1977 1978 1.0 0.0
1977 1991 1.0 0.0
1977 2173 1.0 0.0
1978 1979 1.0 0.0
1978 1992 1.0 0.0
1978 2174 1.0 0.0
1979 1980 1.0 0.0
1979 1993 1.0 0.0
1979 2175 1.0 0.0
1980 1981 1.0 0.0
1980 1994 1.0 0.0
1980 2176 1.0 0.0
1981 1982 1.0 0.0
1981 1995 1.0 0.0
1981 2177 1.0 0.0
1982 1983 1.0 0.0
1982 1996 1.0 0.0
1982 2178 1.0 0.0
1983 1984 1.0 0.0
1983 1997 1.0 0.0
1983 2179 1.0 0.0
1984 1985 1.0 0.0
1984 1998 1.0 0.0
1984 2180 1.0 0.0
1985 1986 1.0 0.0
1985 1999 1.0 0.0
1985 2181 1.0 0.0
1986 1987 1.0 0.0
1986 2000 1.0 0.0
1986 2182 1.0 0.0
1987 2001 1.0 0.0
1987 2183 1.0 0.0
1988 1989 1.0 0.0
1988 2002 1.0 0.0
1988 2184 1.0 0.0
1989 1990 1.0 0.0
1989 2003 1.0 0.0
1989 2185 1.0 0.0
1990 1991 1.0 0.0
1990 2004 1.0 0.0
1990 2186 1.0 0.0
1991 1992 1.0 0.0
1991 2005 1.0 0.0
1991 2187 1.0 0.0
1992 1993 1.0 0.0
1992 2006 1.0 0.0
1992 2188 1.0 0.0
1993 1994 1.0 0.0
1993 2007 1.0 0.0
1993 2189 1.0 0.0
1994 1995 1.0 0.0
1994 2008 1.0 0.0
1994 2190 1.0 0.0
1995 1996 1.0 0.0
1995 2009 1.0 0.0
1995 2191 1.0 0.0
1996 1997 1.0 0.0
1996 2010 1.0 0.0
1996 2192 1.0 0.0
1997 1998 1.0 0.0
1997 2011 1.0 0.0
1997 2193 1.0 0.0
1998 1999 1.0 0.0
1998 2012 1.0 0.0
1998 2194 1.0 0.0
1999 2000 1.0 0.0
1999 2013 1.0 0.0
1999 2195 1.0 0.0
2000 2001 1.0 0.0
2000 2014 1.0 0.0
2000 2196 1.0 0.0
2001 2015 1.0 0.0
2001 2197 1.0 0.0
2002 2003 1.0 0.0
2002 2016 1.0 0.0
2002 2198 1.0 0.0
2003 2004 1.0 0.0
2003 2017 1.0 0.0
2003 2199 1.0 0.0
2004 2005 1.0 0.0
2004 2018 1.0 0.0
2004 2200 1.0 0.0
2005 2006 1.0 0.0
2005 2019 1.0 0.0
2005 2201 1.0 0.0
2006 2007 1.0 0.0
2006 2020 1.0 0.0
2006 2202 1.0 0.0
2007 2008 1.0 0.0
2007 2021 1.0 0.0
2007 2203 1.0 0.0
2008 2009 1.0 0.0
2008 2022 1.0 0.0
2008 2204 1.0 0.0
2009 2010 1.0 0.0
2009 2023 1.0 0.0
2009 2205 1.0 0.0
2010 2011 1.0 0.0
2010 2024 1.0 0.0
2010 2206 1.0 0.0
2011 2012 1.0 0.0
2011 2025 1.0 0.0
2011 2207 1.0 0.0
2012 2013 1.0 0.0
2012 2026 1.0 0.0
2012 2208 1.0 0.0
2013 2014 1.0 0.0
2013 2027 1.0 0.0
2013 2209 1.0 0.0
2014 2015 1.0 0.0
2014 2028 1.0 0.0
2014 2210 1.0 0.0
2015 2029 1.0 0.0
2015 2211 1.0 0.0
2016 2017 1.0 0.0
2016 2030 1.0 0.0
2016 2212 1.0 0.0
2017 2018 1.0 0.0
2017 2031 1.0 0.0
2017 2213 1.0 0.0
2018 2019 1.0 0.0
2018 2032 1.0 0.0
2018 2214 1.0 0.0
2019 2020 1.0 0.0
2019 2033 1.0 0.0
2019 2215 1.0 0.0
2020 2021 1.0 0.0
2020 2034 1.0 0.0
2020 2216 1.0 0.0
2021 2022 1.0 0.0
2021 2035 1.0 0.0
2021 2217 1.0 0.0
2022 2023 1.0 0.0
2022 2036 1.0 0.0
2022 2218 1.0 0.0
2023 2024 1.0 0.0
2023 2037 1.0 0.0
2023 2219 1.0 0.0
2024 2025 1.0 0.0
2024 2038 1.0 0.0
2024 2220 1.0 0.0
2025 2026 1.0 0.0
2025 2039 1.0 0.0
2025 2221 1.0 0.0
2026 2027 1.0 0.0
2026 2040 1.0 0.0
2026 2222 1.0 0.0
2027 2028 1.0 0.0
2027 2041 1.0 0.0
2027 2223 1.0 0.0
2028 2029 1.0 0.0
2028 2042 1.0 0.0
2028 2224 1.0 0.0
2029 2043 1.0 0.0
2029 2225 1.0 0.0
2030 2031 1.0 0.0
2030 2044 1.0 0.0
2030 2226 1.0 0.0
2031 2032 1.0 0.0
2031 2045 1.0 0.0
2031 2227 1.0 0.0
2032 2033 1.0 0.0
2032 2046 1.0 0.0
2032 2228 1.0 0.0
2033 2034 1.0 0.0
2033 2047 1.0 0.0
2033 2229 1.0 0.0
2034 2035 1.0 0.0
2034 2048 1.0 0.0
2034 2230 1.0 0.0
2035 2036 1.0 0.0
2035 2049 1.0 0.0
2035 2231 1.0 0.0
2036 2037 1.0 0.0
2036 2050 1.0 0.0
2036 2232 1.0 0.0
2037 2038 1.0 0.0
2037 2051 1.0 0.0
2037 2233 1.0 0.0
2038 2039 1.0 0.0
2038 2052 1.0 0.0
2038 2234 1.0 0.0
2039 2040 1.0 0.0
2039 2053 1.0 0.0
2039 2235 1.0 0.0
2040 2041 1.0 0.0
2040 2054 1.0 0.0
2040 2236 1.0 0.0
2041 2042 1.0 0.0
2041 2055 1.0 0.0
2041 2237 1.0 0.0
2042 2043 1.0 0.0
2042 2056 1.0 0.0
2042 2238 1.0 0.0
2043 2057 1.0 0.0
2043 2239 1.0 0.0
2044 2045 1.0 0.0
2044 2058 1.0 0.0
2044 2240 1.0 0.0
2045 2046 1.0 0.0
2045 2059 1.0 0.0
2045 2241 1.0 0.0
2046 2047 1.0 0.0
2046 2060 1.0 0.0
2046 2242 1.0 0.0
2047 2048 1.0 0.0
2047 2061 1.0 0.0
2047 2243 1.0 0.0
2048 2049 1.0 0.0
2048 2062 1.0 0.0
2048 2244 1.0 0.0
2049 2050 1.0 0.0
2049 2063 1.0 0.0
2049 2245 1.0 0.0
2050 2051 1.0 0.0
2050 2064 1.0 0.0
2050 2246 1.0 0.0
2051 2052 1.0 0.0
2051 2065 1.0 0.0
2051 2247 1.0 0.0
2052 2053 1.0 0.0
2052 2066 1.0 0.0
2052 2248 1.0 0.0
2053 2054 1.0 0.0
2053 2067 1.0 0.0
2053 2249 1.0 0.0
2054 2055 1.0 0.0
2054 2068 1.0 0.0
2054 2250 1.0 0.0
2055 2056 1.0 0.0
2055 2069 1.0 0.0
2055 2251 1.0 0.0
2056 2057 1.0 0.0
2056 2070 1.0 0.0
2056 2252 1.0 0.0
2057 2071 1.0 0.0
2057 2253 1.0 0.0
2058 2059 1.0 0.0
2058 2072 1.0 0.0
2058 2254 1.0 0.0
2059 2060 1.0 0.0
2059 2073 1.0 0.0
2059 2255 1.0 0.0
2060 2061 1.0 0.0
2060 2074 1.0 0.0
2060 2256 1.0 0.0
2061 2062 1.0 0.0
2061 2075 1.0 0.0
2061 2257 1.0 0.0
2062 2063 1.0 0.0
2062 2076 1.0 0.0
2062 2258 1.0 0.0
2063 2064 1.0 0.0
2063 2077 1.0 0.0
2063 2259 1.0 0.0
2064 2065 1.0 0.0
2064 2078 1.0 0.0
2064 2260 1.0 0.0
2065 2066 1.0 0.0
2065 2079 1.0 0.0
2065 2261 1.0 0.0
2066 2067 1.0 0.0
2066 2080 1.0 0.0
2066 2262 1.0 0.0
2067 2068 1.0 0.0
2067 2081 1.0 0.0
2067 2263 1.0 0.0
2068 2069 1.0 0.0
2068 2082 1.0 0.0
2068 2264 1.0 0.0
2069 2070 1.0 0.0
2069 2083 1.0 0.0
2069 2265 1.0 0.0
2070 2071 1.0 0.0
2070 2084 1.0 0.0
2070 2266 1.0 0.0
2071 2085 1.0 0.0
2071 2267 1.0 0.0
2072 2073 1.0 0.0
2072 2086 1.0 0.0
2072 2268 1.0 0.0
2073 2074 1.0 0.0
2073 2087 1.0 0.0
2073 2269 1.0 0.0
2074 2075 1.0 0.0
2074 2088 1.0 0.0
2074 2270 1.0 0.0
2075 2076 1.0 0.0
2075 2089 1.0 0.0
2075 2271 1.0 0.0
2076 2077 1.0 0.0
2076 2090 1.0 0.0
2076 2272 1.0 0.0
2077 2078 1.0 0.0
2077 2091 1.0 0.0
2077 2273 1.0 0.0
2078 2079 1.0 0.0
2078 2092 1.0 0.0
2078 2274 1.0 0.0
2079 2080 1.0 0.0
2079 2093 1.0 0.0
2079 2275 1.0 0.0
2080 2081 1.0 0.0
2080 2094 1.0 0.0
2080 2276 1.0 0.0
2081 2082 1.0 0.0
2081 2095 1.0 0.0
2081 2277 1.0 0.0
2082 2083 1.0 0.0
2082 2096 1.0 0.0
2082 2278 1.0 0.0
2083 2084 1.0 0.0
2083 2097 1.0 0.0
2083 2279 1.0 0.0
2084 2085 1.0 0.0
2084 2098 1.0 0.0
2084 2280 1.0 0.0
2085 2099 1.0 0.0
2085 2281 1.0 0.0
2086 2087 1.0 0.0
2086 2100 1.0 0.0
2086 2282 1.0 0.0
2087 2088 1.0 0.0
2087 2101 1.0 0.0
2087 2283 1.0 0.0
2088 2089 1.0 0.0
2088 2102 1.0 0.0
2088 2284 1.0 0.0
2089 2090 1.0 0.0
2089 2103 1.0 0.0
2089 2285 1.0 0.0
2090 2091 1.0 0.0
2090 2104 1.0 0.0
2090 2286 1.0 0.0
2091 2092 1.0 0.0
2091 2105 1.0 0.0
2091 2287 1.0 0.0
2092 2093 1.0 0.0
2092 2106 1.0 0.0
2092 2288 1.0 0.0
2093 2094 1.0 0.0
2093 2107 1.0 0.0
2093 2289 1.0 0.0
2094 2095 1.0 0.0
2094 2108 1.0 0.0
2094 2290 1.0 0.0
2095 2096 1.0 0.0
2095 2109 1.0 0.0
2095 2291 1.0 0.0
2096 2097 1.0 0.0
2096 2110 1.0 0.0
2096 2292 1.0 0.0
2097 2098 1.0 0.0
2097 2111 1.0 0.0
2097 2293 1.0 0.0
2098 2099 1.0 0.0
2098 2112 1.0 0.0
2098 2294 1.0 0.0
2099 2113 1.0 0.0
2099 2295 1.0 0.0
2100 2101 1.0 0.0
2100 2114 1.0 0.0
2100 2296 1.0 0.0
2101 2102 1.0 0.0
2101 2115 1.0 0.0
2101 2297 1.0 0.0
2102 2103 1.0 0.0
2102 2116 1.0 0.0
2102 2298 1.0 0.0
2103 2104 1.0 0.0
2103 2117 1.0 0.0
2103 2299 1.0 0.0
2104 2105 1.0 0.0
2104 2118 1.0 0.0
2104 2300 1.0 0.0
2105 2106 1.0 0.0
2105 2119 1.0 0.0
2105 2301 1.0 0.0
2106 2107 1.0 0.0
2106 2120 1.0 0.0
2106 2302 1.0 0.0
2107 2108 1.0 0.0
2107 2121 1.0 0.0
2107 2303 1.0 0.0
2108 2109 1.0 0.0
2108 2122 1.0 0.0
2108 2304 1.0 0.0
2109 2110 1.0 0.0
2109 2123 1.0 0.0
2109 2305 1.0 0.0
2110 2111 1.0 0.0
2110 2124 1.0 0.0
2110 2306 1.0 0.0
2111 2112 1.0 0.0
2111 2125 1.0 0.0
2111 2307 1.0 0.0
2112 2113 1.0 0.0
2112 2126 1.0 0.0
2112 2308 1.0 0.0
2113 2127 1.0 0.0
2113 2309 1.0 0.0
2114 2115 1.0 0.0
2114 2128 1.0 0.0
2114 2310 1.0 0.0
2115 2116 1.0 0.0
2115 2129 1.0 0.0
2115 2311 1.0 0.0
2116 2117 1.0 0.0
2116 2130 1.0 0.0
2116 2312 1.0 0.0
2117 2118 1.0 0.0
2117 2131 1.0 0.0
2117 2313 1.0 0.0
2118 2119 1.0 0.0
2118 2132 1.0 0.0
2118 2314 1.0 0.0
2119 2120 1.0 0.0
2119 2133 1.0 0.0
2119 2315 1.0 0.0
2120 2121 1.0 0.0
2120 2134 1.0 0.0
2120 2316 1.0 0.0
2121 2122 1.0 0.0
2121 2135 1.0 0.0
2121 2317 1.0 0.0
2122 2123 1.0 0.0
2122 2136 1.0 0.0
2122 2318 1.0 0.0
2123 2124 1.0 0.0
2123 2137 1.0 0.0
2123 2319 1.0 0.0
2124 2125 1.0 0.0
2124 2138 1.0 0.0
2124 2320 1.0 0.0
2125 2126 1.0 0.0
2125 2139 1.0 0.0
2125 2321 1.0 0.0
2126 2127 1.0 0.0
2126 2140 1.0 0.0
2126 2322 1.0 0.0
2127 2141 1.0 0.0
2127 2323 1.0 0.0
2128 2129 1.0 0.0
2128 2142 1.0 0.0
2128 2324 1.0 0.0
2129 2130 1.0 0.0
2129 2143 1.0 0.0
2129 2325 1.0 0.0
2130 2131 1.0 0.0
2130 2144 1.0 0.0
2130 2326 1.0 0.0
2131 2132 1.0 0.0
2131 2145 1.0 0.0
2131 2327 1.0 0.0
2132 2133 1.0 0.0
2132 2146 1.0 0.0
2132 2328 1.0 0.0
2133 2134 1.0 0.0
2133 2147 1.0 0.0
2133 2329 1.0 0.0
2134 2135 1.0 0.0
2134 2148 1.0 0.0
2134 2330 1.0 0.0
2135 2136 1.0 0.0
2135 2149 1.0 0.0
2135 2331 1.0 0.0
2136 2137 1.0 0.0
2136 2150 1.0 0.0
2136 2332 1.0 0.0
2137 2138 1.0 0.0
2137 2151 1.0 0.0
2137 2333 1.0 0.0
2138 2139 1.0 0.0
2138 2152 1.0 0.0
2138 2334 1.0 0.0
2139 2140 1.0 0.0
2139 2153 1.0 0.0
2139 2335 1.0 0.0
2140 2141 1.0 0.0
2140 2154 1.0 0.0
2140 2336 1.0 0.0
2141 2155 1.0 0.0
2141 2337 1.0 0.0
2142 2143 1.0 0.0
2142 2338 1.0 0.0
2143 2144 1.0 0.0
2143 2339 1.0 0.0
2144 2145 1.0 0.0
2144 2340 1.0 0.0
2145 2146 1.0 0.0
2145 2341 1.0 0.0
2146 2147 1.0 0.0
2146 2342 1.0 0.0
2147 2148 1.0 0.0
2147 2343 1.0 0.0
2148 2149 1.0 0.0
2148 2344 1.0 0.0
2149 2150 1.0 0.0
2149 2345 1.0 0.0
2150 2151 1.0 0.0
2150 2346 1.0 0.0
2151 2152 1.0 0.0
2151 2347 1.0 0.0
2152 2153 1.0 0.0
2152 2348 1.0 0.0
2153 2154 1.0 0.0
2153 2349 1.0 0.0
2154 2155 1.0 0.0
2154 2350 1.0 0.0
2155 2351 1.0 0.0
2156 2157 1.0 0.0
2156 2170 1.0 0.0
2156 2352 1.0 0.0
2157 2158 1.0 0.0
2157 2171 1.0 0.0
2157 2353 1.0 0.0
2158 2159 1.0 0.0
2158 2172 1.0 0.0
2158 2354 1.0 0.0
2159 2160 1.0 0.0
2159 2173 1.0 0.0
2159 2355 1.0 0.0
2160 2161 1.0 0.0
2160 2174 1.0 0.0
2160 2356 1.0 0.0
2161 2162 1.0 0.0
2161 2175 1.0 0.0
2161 2357 1.0 0.0
2162 2163 1.0 0.0
2162 2176 1.0 0.0
2162 2358 1.0 0.0
2163 2164 1.0 0.0
2163 2177 1.0 0.0
2163 2359 1.0 0.0
2164 2165 1.0 0.0
2164 2178 1.0 0.0
2164 2360 1.0 0.0
2165 2166 1.0 0.0
2165 2179 1.0 0.0
2165 2361 1.0 0.0
2166 2167 1.0 0.0
2166 2180 1.0 0.0
2166 2362 1.0 0.0
2167 2168 1.0 0.0
2167 2181 1.0 0.0
2167 2363 1.0 0.0
2168 2169 1.0 0.0
2168 2182 1.0 0.0
2168 2364 1.0 0.0
2169 2183 1.0 0.0
2169 2365 1.0 0.0
2170 2171 1.0 0.0
2170 2184 1.0 0.0
2170 2366 1.0 0.0
2171 2172 1.0 0.0
2171 2185 1.0 0.0
2171 2367 1.0 0.0
2172 2173 1.0 0.0
2172 2186 1.0 0.0
2172 2368 1.0 0.0
2173 2174 1.0 0.0
2173 2187 1.0 0.0
2173 2369 1.0 0.0
2174 2175 1.0 0.0
2174 2188 1.0 0.0
2174 2370 1.0 0.0
2175 2176 1.0 0.0
2175 2189 1.0 0.0
2175 2371 1.0 0.0
2176 2177 1.0 0.0
2176 2190 1.0 0.0
2176 2372 1.0 0.0
2177 2178 1.0 0.0
2177 2191 1.0 0.0
2177 2373 1.0 0.0
2178 2179 1.0 0.0
2178 2192 1.0 0.0
2178 2374 1.0 0.0
2179 2180 1.0 0.0
2179 2193 1.0 0.0
2179 2375 1.0 0.0
2180 2181 1.0 0.0
2180 2194 1.0 0.0
2180 2376 1.0 0.0
2181 2182 1.0 0.0
2181 2195 1.0 0.0
2181 2377 1.0 0.0
2182 2183 1.0 0.0
2182 2196 1.0 0.0
2182 2378 1.0 0.0
2183 2197 1.0 0.0
2183 2379 1.0 0.0
2184 2185 1.0 0.0
2184 2198 1.0 0.0
2184 2380 1.0 0.0
2185 2186 1.0 0.0
2185 2199 1.0 0.0
2185 2381 1.0 0.0
2186 2187 1.0 0.0
2186 2200 1.0 0.0
2186 2382 1.0 0.0
2187 2188 1.0 0.0
2187 2201 1.0 0.0
2187 2383 1.0 0.0
2188 2189 1.0 0.0
2188 2202 1.0 0.0
2188 2384 1.0 0.0
2189 2190 1.0 0.0
2189 2203 1.0 0.0
2189 2385 1.0 0.0
2190 2191 1.0 0.0
2190 2204 1.0 0.0
2190 2386 1.0 0.0
2191 2192 1.0 0.0
2191 2205 1.0 0.0
2191 2387 1.0 0.0
2192 2193 1.0 0.0
2192 2206 1.0 0.0
2192 2388 1.0 0.0
2193 2194 1.0 0.0
2193 2207 1.0 0.0
2193 2389 1.0 0.0
2194 2195 1.0 0.0
2194 2208 1.0 0.0
2194 2390 1.0 0.0
2195 2196 1.0 0.0
2195 2209 1.0 0.0
2195 2391 1.0 0.0
2196 2197 1.0 0.0
2196 2210 1.0 0.0
2196 2392 1.0 0.0
2197 2211 1.0 0.0
2197 2393 1.0 0.0
2198 2199 1.0 0.0
2198 2212 1.0 0.0
2198 2394 1.0 0.0
2199 2200 1.0 0.0
2199 2213 1.0 0.0
2199 2395 1.0 0.0
2200 2201 1.0 0.0
2200 2214 1.0 0.0
2200 2396 1.0 0.0
2201 2202 1.0 0.0
2201 2215 1.0 0.0
2201 2397 1.0 0.0
2202 2203 1.0 0.0
2202 2216 1.0 0.0
2202 2398 1.0 0.0
2203 2204 1.0 0.0
2203 2217 1.0 0.0
2203 2399 1.0 0.0
2204 2205 1.0 0.0
2204 2218 1.0 0.0
2204 2400 1.0 0.0
2205 2206 1.0 0.0
2205 2219 1.0 0.0
2205 2401 1.0 0.0
2206 2207 1.0 0.0
2206 2220 1.0 0.0
2206 2402 1.0 0.0
2207 2208 1.0 0.0
2207 2221 1.0 0.0
2207 2403 1.0 0.0
2208 2209 1.0 0.0
2208 2222 1.0 0.0
2208 2404 1.0 0.0
2209 2210 1.0 0.0
2209 2223 1.0 0.0
2209 2405 1.0 0.0
2210 2211 1.0 0.0
2210 2224 1.0 0.0
2210 2406 1.0 0.0
2211 2225 1.0 0.0
2211 2407 1.0 0.0
2212 2213 1.0 0.0
2212 2226 1.0 0.0
2212 2408 1.0 0.0
2213 2214 1.0 0.0
2213 2227 1.0 0.0
2213 2409 1.0 0.0
2214 2215 1.0 0.0
2214 2228 1.0 0.0
2214 2410 1.0 0.0
2215 2216 1.0 0.0
2215 2229 1.0 0.0
2215 2411 1.0 0.0
2216 2217 1.0 0.0
2216 2230 1.0 0.0
2216 2412 1.0 0.0
2217 2218 1.0 0.0
2217 2231 1.0 0.0
2217 2413 1.0 0.0
2218 2219 1.0 0.0
2218 2232 1.0 0.0
2218 2414 1.0 0.0
2219 2220 1.0 0.0
2219 2233 1.0 0.0
2219 2415 1.0 0.0
2220 2221 1.0 0.0
2220 2234 1.0 0.0
2220 2416 1.0 0.0
2221 2222 1.0 0.0
2221 2235 1.0 0.0
2221 2417 1.0 0.0
2222 2223 1.0 0.0
2222 2236 1.0 0.0
2222 2418 1.0 0.0
2223 2224 1.0 0.0
2223 2237 1.0 0.0
2223 2419 1.0 0.0
2224 2225 1.0 0.0
2224 2238 1.0 0.0
2224 2420 1.0 0.0
2225 2239 1.0 0.0
2225 2421 1.0 0.0
2226 2227 1.0 0.0
2226 2240 1.0 0.0
2226 2422 1.0 0.0
2227 2228 1.0 0.0
2227 2241 1.0 0.0
2227 2423 1.0 0.0
2228 2229 1.0 0.0
2228 2242 1.0 0.0
2228 2424 1.0 0.0
2229 2230 1.0 0.0
2229 2243 1.0 0.0
2229 2425 1.0 0.0
2230 2231 1.0 0.0
2230 2244 1.0 0.0
2230 2426 1.0 0.0
2231 2232 1.0 0.0
2231 2245 1.0 0.0
2231 2427 1.0 0.0
2232 2233 1.0 0.0
2232 2246 1.0 0.0
2232 2428 1.0 0.0
2233 2234 1.0 0.0
2233 2247 1.0 0.0
2233 2429 1.0 0.0
2234 2235 1.0 0.0
2234 2248 1.0 0.0
2234 2430 1.0 0.0
2235 2236 1.0 0.0
2235 2249 1.0 0.0
2235 2431 1.0 0.0
2236 2237 1.0 0.0
2236 2250 1.0 0.0
2236 2432 1.0 0.0
2237 2238 1.0 0.0
2237 2251 1.0 0.0
2237 2433 1.0 0.0
2238 2239 1.0 0.0
2238 2252 1.0 0.0
2238 2434 1.0 0.0
2239 2253 1.0 0.0
2239 2435 1.0 0.0
2240 2241 1.0 0.0
2240 2254 1.0 0.0
2240 2436 1.0 0.0
2241 2242 1.0 0.0
2241 2255 1.0 0.0
2241 2437 1.0 0.0
2242 2243 1.0 0.0
2242 2256 1.0 0.0
2242 2438 1.0 0.0
2243 2244 1.0 0.0
2243 2257 1.0 0.0
2243 2439 1.0 0.0
2244 2245 1.0 0.0
2244 2258 1.0 0.0
2244 2440 1.0 0.0
2245 2246 1.0 0.0
2245 2259 1.0 0.0
2245 2441 1.0 0.0
2246 2247 1.0 0.0
2246 2260 1.0 0.0
2246 2442 1.0 0.0
2247 2248 1.0 0.0
2247 2261 1.0 0.0
2247 2443 1.0 0.0
2248 2249 1.0 0.0
2248 2262 1.0 0.0
2248 2444 1.0 0.0
2249 2250 1.0 0.0
2249 2263 1.0 0.0
2249 2445 1.0 0.0
2250 2251 1.0 0.0
2250 2264 1.0 0.0
2250 2446 1.0 0.0
2251 2252 1.0 0.0
2251 2265 1.0 0.0
2251 2447 1.0 0.0
2252 2253 1.0 0.0
2252 2266 1.0 0.0
2252 2448 1.0 0.0
2253 2267 1.0 0.0
2253 2449 1.0 0.0
2254 2255 1.0 0.0
2254 2268 1.0 0.0
2254 2450 1.0 0.0
2255 2256 1.0 0.0
2255 2269 1.0 0.0
2255 2451 1.0 0.0
2256 2257 1.0 0.0
2256 2270 1.0 0.0
2256 2452 1.0 0.0
2257 2258 1.0 0.0
2257 2271 1.0 0.0
2257 2453 1.0 0.0
2258 2259 1.0 0.0
2258 2272 1.0 0.0
2258 2454 1.0 0.0
2259 2260 1.0 0.0
2259 2273 1.0 0.0
2259 2455 1.0 0.0
2260 2261 1.0 0.0
2260 2274 1.0 0.0
2260 2456 1.0 0.0
2261 2262 1.0 0.0
2261 2275 1.0 0.0
2261 2457 1.0 0.0
2262 2263 1.0 0.0
2262 2276 1.0 0.0
2262 2458 1.0 0.0
2263 2264 1.0 0.0
2263 2277 1.0 0.0
2263 2459 1.0 0.0
2264 2265 1.0 0.0
2264 2278 1.0 0.0
2264 2460 1.0 0.0
2265 2266 1.0 0.0
2265 2279 1.0 0.0
2265 2461 1.0 0.0
2266 2267 1.0 0.0
2266 2280 1.0 0.0
2266 2462 1.0 0.0
2267 2281 1.0 0.0
2267 2463 1.0 0.0
2268 2269 1.0 0.0
2268 2282 1.0 0.0
2268 2464 1.0 0.0
2269 2270 1.0 0.0
2269 2283 1.0 0.0
2269 2465 1.0 0.0
2270 2271 1.0 0.0
2270 2284 1.0 0.0
2270 2466 1.0 0.0
2271 2272 1.0 0.0
2271 2285 1.0 0.0
2271 2467 1.0 0.0
2272 2273 1.0 0.0
2272 2286 1.0 0.0
2272 2468 1.0 0.0
2273 2274 1.0 0.0
2273 2287 1.0 0.0
2273 2469 1.0 0.0
2274 2275 1.0 0.0
2274 2288 1.0 0.0
2274 2470 1.0 0.0
2275 2276 1.0 0.0
2275 2289 1.0 0.0
2275 2471 1.0 0.0
2276 2277 1.0 0.0
2276 2290 1.0 0.0
2276 2472 1.0 0.0
2277 2278 1.0 0.0
2277 2291 1.0 0.0
2277 2473 1.0 0.0
2278 2279 1.0 0.0
2278 2292 1.0 0.0
2278 2474 1.0 0.0
2279 2280 1.0 0.0
2279 2293 1.0 0.0
2279 2475 1.0 0.0
2280 2281 1.0 0.0
2280 2294 1.0 0.0
2280 2476 1.0 0.0
2281 2295 1.0 0.0
2281 2477 1.0 0.0
2282 2283 1.0 0.0
2282 2296 1.0 0.0
2282 2478 1.0 0.0
2283 2284 1.0 0.0
2283 2297 1.0 0.0
2283 2479 1.0 0.0
2284 2285 1.0 0.0
2284 2298 1.0 0.0
2284 2480 1.0 0.0
2285 2286 1.0 0.0
2285 2299 1.0 0.0
2285 2481 1.0 0.0
2286 2287 1.0 0.0
2286 2300 1.0 0.0
2286 2482 1.0 0.0
2287 2288 1.0 0.0
2287 2301 1.0 0.0
2287 2483 1.0 0.0
2288 2289 1.0 0.0
2288 2302 1.0 0.0
2288 2484 1.0 0.0
2289 2290 1.0 0.0
2289 2303 1.0 0.0
2289 2485 1.0 0.0
2290 2291 1.0 0.0
2290 2304 1.0 0.0
2290 2486 1.0 0.0
2291 2292 1.0 0.0
2291 2305 1.0 0.0
2291 2487 1.0 0.0
2292 2293 1.0 0.0
2292 2306 1.0 0.0
2292 2488 1.0 0.0
2293 2294 1.0 0.0
2293 2307 1.0 0.0
2293 2489 1.0 0.0
2294 2295 1.0 0.0
2294 2308 1.0 0.0
2294 2490 1.0 0.0
2295 2309 1.0 0.0
2295 2491 1.0 0.0
2296 2297 1.0 0.0
2296 2310 1.0 0.0
2296 2492 1.0 0.0
2297 2298 1.0 0.0
2297 2311 1.0 0.0
2297 2493 1.0 0.0
2298 2299 1.0 0.0
2298 2312 1.0 0.0
2298 2494 1.0 0.0
2299 2300 1.0 0.0
2299 2313 1.0 0.0
2299 2495 1.0 0.0
2300 2301 1.0 0.0
2300 2314 1.0 0.0
2300 2496 1.0 0.0
2301 2302 1.0 0.0
2301 2315 1.0 0.0
2301 2497 1.0 0.0
2302 2303 1.0 0.0
2302 2316 1.0 0.0
2302 2498 1.0 0.0
2303 2304 1.0 0.0
2303 2317 1.0 0.0
2303 2499 1.0 0.0
2304 2305 1.0 0.0
2304 2318 1.0 0.0
2304 2500 1.0 0.0
2305 2306 1.0 0.0
2305 2319 1.0 0.0
2305 2501 1.0 0.0
2306 2307 1.0 0.0
2306 2320 1.0 0.0
2306 2502 1.0 0.0
2307 2308 1.0 0.0
2307 2321 1.0 0.0
2307 2503 1.0 0.0
2308 2309 1.0 0.0
2308 2322 1.0 0.0
2308 2504 1.0 0.0
2309 2323 1.0 0.0
2309 2505 1.0 0.0
2310 2311 1.0 0.0
2310 2324 1.0 0.0
2310 2506 1.0 0.0
2311 2312 1.0 0.0
2311 2325 1.0 0.0
2311 2507 1.0 0.0
2312 2313 1.0 0.0
2312 2326 1.0 0.0
2312 2508 1.0 0.0
2313 2314 1.0 0.0
2313 2327 1.0 0.0
2313 2509 1.0 0.0
2314 2315 1.0 0.0
2314 2328 1.0 0.0
2314 2510 1.0 0.0
2315 2316 1.0 0.0
2315 2329 1.0 0.0
2315 2511 1.0 0.0
2316 2317 1.0 0.0
2316 2330 1.0 0.0
2316 2512 1.0 0.0
2317 2318 1.0 0.0
2317 2331 1.0 0.0
2317 2513 1.0 0.0
2318 2319 1.0 0.0
2318 2332 1.0 0.0
2318 2514 1.0 0.0
2319 2320 1.0 0.0
2319 2333 1.0 0.0
2319 2515 1.0 0.0
2320 2321 1.0 0.0
2320 2334 1.0 0.0
2320 2516 1.0 0.0
2321 2322 1.0 0.0
2321 2335 1.0 0.0
2321 2517 1.0 0.0
2322 2323 1.0 0.0
2322 2336 1.0 0.0
2322 2518 1.0 0.0
2323 2337 1.0 0.0
2323 2519 1.0 0.0
2324 2325 1.0 0.0
2324 2338 1.0 0.0
2324 2520 1.0 0.0
2325 2326 1.0 0.0
2325 2339 1.0 0.0
2325 2521 1.0 0.0
2326 2327 1.0 0.0
2326 2340 1.0 0.0
2326 2522 1.0 0.0
2327 2328 1.0 0.0
2327 2341 1.0 0.0
2327 2523 1.0 0.0
2328 2329 1.0 0.0
2328 2342 1.0 0.0
2328 2524 1.0 0.0
2329 2330 1.0 0.0
2329 2343 1.0 0.0
2329 2525 1.0 0.0
2330 2331 1.0 0.0
2330 2344 1.0 0.0
2330 2526 1.0 0.0
2331 2332 1.0 0.0
2331 2345 1.0 0.0
2331 2527 1.0 0.0
2332 2333 1.0 0.0
2332 2346 1.0 0.0
2332 2528 1.0 0.0
2333 2334 1.0 0.0
2333 2347 1.0 0.0
2333 2529 1.0 0.0
2334 2335 1.0 0.0
2334 2348 1.0 0.0
2334 2530 1.0 0.0
2335 2336 1.0 0.0
2335 2349 1.0 0.0
2335 2531 1.0 0.0
2336 2337 1.0 0.0
2336 2350 1.0 0.0
2336 2532 1.0 0.0
2337 2351 1.0 0.0
2337 2533 1.0 0.0
2338 2339 1.0 0.0
2338 2534 1.0 0.0
2339 2340 1.0 0.0
2339 2535 1.0 0.0
2340 2341 1.0 0.0
2340 2536 1.0 0.0
2341 2342 1.0 0.0
2341 2537 1.0 0.0
2342 2343 1.0 0.0
2342 2538 1.0 0.0
2343 2344 1.0 0.0
2343 2539 1.0 0.0
2344 2345 1.0 0.0
2344 2540 1.0 0.0
2345 2346 1.0 0.0
2345 2541 1.0 0.0
2346 2347 1.0 0.0
2346 2542 1.0 0.0
2347 2348 1.0 0.0
2347 2543 1.0 0.0
2348 2349 1.0 0.0
2348 2544 1.0 0.0
2349 2350 1.0 0.0
2349 2545 1.0 0.0
2350 2351 1.0 0.0
2350 2546 1.0 0.0
2351 2547 1.0 0.0
2352 2353 1.0 0.0
2352 2366 1.0 0.0
2352 2548 1.0 0.0
2353 2354 1.0 0.0
2353 2367 1.0 0.0
2353 2549 1.0 0.0
2354 2355 1.0 0.0
2354 2368 1.0 0.0
2354 2550 1.0 0.0
2355 2356 1.0 0.0
2355 2369 1.0 0.0
2355 2551 1.0 0.0
2356 2357 1.0 0.0
2356 2370 1.0 0.0
2356 2552 1.0 0.0
2357 2358 1.0 0.0
2357 2371 1.0 0.0
2357 2553 1.0 0.0
2358 2359 1.0 0.0
2358 2372 1.0 0.0
2358 2554 1.0 0.0
2359 2360 1.0 0.0
2359 2373 1.0 0.0
2359 2555 1.0 0.0
2360 2361 1.0 0.0
2360 2374 1.0 0.0
2360 2556 1.0 0.0
2361 2362 1.0 0.0
2361 2375 1.0 0.0
2361 2557 1.0 0.0
2362 2363 1.0 0.0
2362 2376 1.0 0.0
2362 2558 1.0 0.0
2363 2364 1.0 0.0
2363 2377 1.0 0.0
2363 2559 1.0 0.0
2364 2365 1.0 0.0
2364 2378 1.0 0.0
2364 2560 1.0 0.0
2365 2379 1.0 0.0
2365 2561 1.0 0.0
2366 2367 1.0 0.0
2366 2380 1.0 0.0
2366 2562 1.0 0.0
2367 2368 1.0 0.0
2367 2381 1.0 0.0
2367 2563 1.0 0.0
2368 2369 1.0 0.0
2368 2382 1.0 0.0
2368 2564 1.0 0.0
2369 2370 1.0 0.0
2369 2383 1.0 0.0
2369 2565 1.0 0.0
2370 2371 1.0 0.0
2370 2384 1.0 0.0
2370 2566 1.0 0.0
2371 2372 1.0 0.0
2371 2385 1.0 0.0
2371 2567 1.0 0.0
2372 2373 1.0 0.0
2372 2386 1.0 0.0
2372 2568 1.0 0.0
2373 2374 1.0 0.0
2373 2387 1.0 0.0
2373 2569 1.0 0.0
2374 2375 1.0 0.0
2374 2388 1.0 0.0
2374 2570 1.0 0.0
2375 2376 1.0 0.0
2375 2389 1.0 0.0
2375 2571 1.0 0.0
2376 2377 1.0 0.0
2376 2390 1.0 0.0
2376 2572 1.0 0.0
2377 2378 1.0 0.0
2377 2391 1.0 0.0
2377 2573 1.0 0.0
2378 2379 1.0 0.0
2378 2392 1.0 0.0
2378 2574 1.0 0.0
2379 2393 1.0 0.0
2379 2575 1.0 0.0
2380 2381 1.0 0.0
2380 2394 1.0 0.0
2380 2576 1.0 0.0
2381 2382 1.0 0.0
2381 2395 1.0 0.0
2381 2577 1.0 0.0
2382 2383 1.0 0.0
2382 2396 1.0 0.0
2382 2578 1.0 0.0
2383 2384 1.0 0.0
2383 2397 1.0 0.0
2383 2579 1.0 0.0
2384 2385 1.0 0.0
2384 2398 1.0 0.0
2384 2580 1.0 0.0
2385 2386 1.0 0.0
2385 2399 1.0 0.0
2385 2581 1.0 0.0
2386 2387 1.0 0.0
2386 2400 1.0 0.0
2386 2582 1.0 0.0
2387 2388 1.0 0.0
2387 2401 1.0 0.0
2387 2583 1.0 0.0
2388 2389 1.0 0.0
2388 2402 1.0 0.0
2388 2584 1.0 0.0
2389 2390 1.0 0.0
2389 2403 1.0 0.0
2389 2585 1.0 0.0
2390 2391 1.0 0.0
2390 2404 1.0 0.0
2390 2586 1.0 0.0
2391 2392 1.0 0.0
2391 2405 1.0 0.0
2391 2587 1.0 0.0
2392 2393 1.0 0.0
2392 2406 1.0 0.0
2392 2588 1.0 0.0
2393 2407 1.0 0.0
2393 2589 1.0 0.0
2394 2395 1.0 0.0
2394 2408 1.0 0.0
2394 2590 1.0 0.0
2395 2396 1.0 0.0
2395 2409 1.0 0.0
2395 2591 1.0 0.0
2396 2397 1.0 0.0
2396 2410 1.0 0.0
2396 2592 1.0 0.0
2397 2398 1.0 0.0
2397 2411 1.0 0.0
2397 2593 1.0 0.0
2398 2399 1.0 0.0
2398 2412 1.0 0.0
2398 2594 1.0 0.0
2399 2400 1.0 0.0
2399 2413 1.0 0.0
2399 2595 1.0 0.0
2400 2401 1.0 0.0
2400 2414 1.0 0.0
2400 2596 1.0 0.0
2401 2402 1.0 0.0
2401 2415 1.0 0.0
2401 2597 1.0 0.0
2402 2403 1.0 0.0
2402 2416 1.0 0.0
2402 2598 1.0 0.0
2403 2404 1.0 0.0
2403 2417 1.0 0.0
2403 2599 1.0 0.0
2404 2405 1.0 0.0
2404 2418 1.0 0.0
2404 2600 1.0 0.0
2405 2406 1.0 0.0
2405 2419 1.0 0.0
2405 2601 1.0 0.0
2406 2407 1.0 0.0
2406 2420 1.0 0.0
2406 2602 1.0 0.0
2407 2421 1.0 0.0
2407 2603 1.0 0.0
2408 2409 1.0 0.0
2408 2422 1.0 0.0
2408 2604 1.0 0.0
2409 2410 1.0 0.0
2409 2423 1.0 0.0
2409 2605 1.0 0.0
2410 2411 1.0 0.0
2410 2424 1.0 0.0
2410 2606 1.0 0.0
2411 2412 1.0 0.0
2411 2425 1.0 0.0
2411 2607 1.0 0.0
2412 2413 1.0 0.0
2412 2426 1.0 0.0
2412 2608 1.0 0.0
2413 2414 1.0 0.0
2413 2427 1.0 0.0
2413 2609 1.0 0.0
2414 2415 1.0 0.0
2414 2428 1.0 0.0
2414 2610 1.0 0.0
2415 2416 1.0 0.0
2415 2429 1.0 0.0
2415 2611 1.0 0.0
2416 2417 1.0 0.0
2416 2430 1.0 0.0
2416 2612 1.0 0.0
2417 2418 1.0 0.0
2417 2431 1.0 0.0
2417 2613 1.0 0.0
2418 2419 1.0 0.0
2418 2432 1.0 0.0
2418 2614 1.0 0.0
2419 2420 1.0 0.0
2419 2433 1.0 0.0
2419 2615 1.0 0.0
2420 2421 1.0 0.0
2420 2434 1.0 0.0
2420 2616 1.0 0.0
2421 2435 1.0 0.0
2421 2617 1.0 0.0
2422 2423 1.0 0.0
2422 2436 1.0 0.0
2422 2618 1.0 0.0
2423 2424 1.0 0.0
2423 2437 1.0 0.0
2423 2619 1.0 0.0
2424 2425 1.0 0.0
2424 2438 1.0 0.0
2424 2620 1.0 0.0
2425 2426 1.0 0.0
2425 2439 1.0 0.0
2425 2621 1.0 0.0
2426 2427 1.0 0.0
2426 2440 1.0 0.0
2426 2622 1.0 0.0
2427 2428 1.0 0.0
2427 2441 1.0 0.0
2427 2623 1.0 0.0
2428 2429 1.0 0.0
2428 2442 1.0 0.0
2428 2624 1.0 0.0
2429 2430 1.0 0.0
2429 2443 1.0 0.0
2429 2625 1.0 0.0
2430 2431 1.0 0.0
2430 2444 1.0 0.0
2430 2626 1.0 0.0
2431 2432 1.0 0.0
2431 2445 1.0 0.0
2431 2627 1.0 0.0
2432 2433 1.0 0.0
2432 2446 1.0 0.0
2432 2628 1.0 0.0
2433 2434 1.0 0.0
2433 2447 1.0 0.0
2433 2629 1.0 0.0
2434 2435 1.0 0.0
2434 2448 1.0 0.0
2434 2630 1.0 0.0
2435 2449 1.0 0.0
2435 2631 1.0 0.0
2436 2437 1.0 0.0
2436 2450 1.0 0.0
2436 2632 1.0 0.0
2437 2438 1.0 0.0
2437 2451 1.0 0.0
2437 2633 1.0 0.0
2438 2439 1.0 0.0
2438 2452 1.0 0.0
2438 2634 1.0 0.0
2439 2440 1.0 0.0
2439 2453 1.0 0.0
2439 2635 1.0 0.0
2440 2441 1.0 0.0
2440 2454 1.0 0.0
2440 2636 1.0 0.0
2441 2442 1.0 0.0
2441 2455 1.0 0.0
2441 2637 1.0 0.0
2442 2443 1.0 0.0
2442 2456 1.0 0.0
2442 2638 1.0 0.0
2443 2444 1.0 0.0
2443 2457 1.0 0.0
2443 2639 1.0 0.0
2444 2445 1.0 0.0
2444 2458 1.0 0.0
2444 2640 1.0 0.0
2445 2446 1.0 0.0
2445 2459 1.0 0.0
2445 2641 1.0 0.0
2446 2447 1.0 0.0
2446 2460 1.0 0.0
2446 2642 1.0 0.0
2447 2448 1.0 0.0
2447 2461 1.0 0.0
2447 2643 1.0 0.0
2448 2449 1.0 0.0
2448 2462 1.0 0.0
2448 2644 1.0 0.0
2449 2463 1.0 0.0
2449 2645 1.0 0.0
2450 2451 1.0 0.0
2450 2464 1.0 0.0
2450 2646 1.0 0.0
2451 2452 1.0 0.0
2451 2465 1.0 0.0
2451 2647 1.0 0.0
2452 2453 1.0 0.0
2452 2466 1.0 0.0
2452 2648 1.0 0.0
2453 2454 1.0 0.0
2453 2467 1.0 0.0
2453 2649 1.0 0.0
2454 2455 1.0 0.0
2454 2468 1.0 0.0
2454 2650 1.0 0.0
2455 2456 1.0 0.0
2455 2469 1.0 0.0
2455 2651 1.0 0.0
2456 2457 1.0 0.0
2456 2470 1.0 0.0
2456 2652 1.0 0.0
2457 2458 1.0 0.0
2457 2471 1.0 0.0
2457 2653 1.0 0.0
2458 2459 1.0 0.0
2458 2472 1.0 0.0
2458 2654 1.0 0.0
2459 2460 1.0 0.0
2459 2473 1.0 0.0
2459 2655 1.0 0.0
2460 2461 1.0 0.0
2460 2474 1.0 0.0
2460 2656 1.0 0.0
2461 2462 1.0 0.0
2461 2475 1.0 0.0
2461 2657 1.0 0.0
2462 2463 1.0 0.0
2462 2476 1.0 0.0
2462 2658 1.0 0.0
2463 2477 1.0 0.0
2463 2659 1.0 0.0
2464 2465 1.0 0.0
2464 2478 1.0 0.0
2464 2660 1.0 0.0
2465 2466 1.0 0.0
2465 2479 1.0 0.0
2465 2661 1.0 0.0
2466 2467 1.0 0.0
2466 2480 1.0 0.0
2466 2662 1.0 0.0
2467 2468 1.0 0.0
2467 2481 1.0 0.0
2467 2663 1.0 0.0
2468 2469 1.0 0.0
2468 2482 1.0 0.0
2468 2664 1.0 0.0
2469 2470 1.0 0.0
2469 2483 1.0 0.0
2469 2665 1.0 0.0
2470 2471 1.0 0.0
2470 2484 1.0 0.0
2470 2666 1.0 0.0
2471 2472 1.0 0.0
2471 2485 1.0 0.0
2471 2667 1.0 0.0
2472 2473 1.0 0.0
2472 2486 1.0 0.0
2472 2668 1.0 0.0
2473 2474 1.0 0.0
2473 2487 1.0 0.0
2473 2669 1.0 0.0
2474 2475 1.0 0.0
2474 2488 1.0 0.0
2474 2670 1.0 0.0
2475 2476 1.0 0.0
2475 2489 1.0 0.0
2475 2671 1.0 0.0
2476 2477 1.0 0.0
2476 2490 1.0 0.0
2476 2672 1.0 0.0
2477 2491 1.0 0.0
2477 2673 1.0 0.0
2478 2479 1.0 0.0
2478 2492 1.0 0.0
2478 2674 1.0 0.0
2479 2480 1.0 0.0
2479 2493 1.0 0.0
2479 2675 1.0 0.0
2480 2481 1.0 0.0
2480 2494 1.0 0.0
2480 2676 1.0 0.0
2481 2482 1.0 0.0
2481 2495 1.0 0.0
2481 2677 1.0 0.0
2482 2483 1.0 0.0
2482 2496 1.0 0.0
2482 2678 1.0 0.0
2483 2484 1.0 0.0
2483 2497 1.0 0.0
2483 2679 1.0 0.0
2484 2485 1.0 0.0
2484 2498 1.0 0.0
2484 2680 1.0 0.0
2485 2486 1.0 0.0
2485 2499 1.0 0.0
2485 2681 1.0 0.0
2486 2487 1.0 0.0
2486 2500 1.0 0.0
2486 2682 1.0 0.0
2487 2488 1.0 0.0
2487 2501 1.0 0.0
2487 2683 1.0 0.0
2488 2489 1.0 0.0
2488 2502 1.0 0.0
2488 2684 1.0 0.0
2489 2490 1.0 0.0
2489 2503 1.0 0.0
2489 2685 1.0 0.0
2490 2491 1.0 0.0
2490 2504 1.0 0.0
2490 2686 1.0 0.0
2491 2505 1.0 0.0
2491 2687 1.0 0.0
2492 2493 1.0 0.0
2492 2506 1.0 0.0
2492 2688 1.0 0.0
2493 2494 1.0 0.0
2493 2507 1.0 0.0
2493 2689 1.0 0.0
2494 2495 1.0 0.0
2494 2508 1.0 0.0
2494 2690 1.0 0.0
2495 2496 1.0 0.0
2495 2509 1.0 0.0
2495 2691 1.0 0.0
2496 2497 1.0 0.0
2496 2510 1.0 0.0
2496 2692 1.0 0.0
2497 2498 1.0 0.0
2497 2511 1.0 0.0
2497 2693 1.0 0.0
2498 2499 1.0 0.0
2498 2512 1.0 0.0
2498 2694 1.0 0.0
2499 2500 1.0 0.0
2499 2513 1.0 0.0
2499 2695 1.0 0.0
2500 2501 1.0 0.0
2500 2514 1.0 0.0
2500 2696 1.0 0.0
2501 2502 1.0 0.0
2501 2515 1.0 0.0
2501 2697 1.0 0.0
2502 2503 1.0 0.0
2502 2516 1.0 0.0
2502 2698 1.0 0.0
2503 2504 1.0 0.0
2503 2517 1.0 0.0
2503 2699 1.0 0.0
2504 2505 1.0 0.0
2504 2518 1.0 0.0
2504 2700 1.0 0.0
2505 2519 1.0 0.0
2505 2701 1.0 0.0
2506 2507 1.0 0.0
2506 2520 1.0 0.0
2506 2702 1.0 0.0
2507 2508 1.0 0.0
2507 2521 1.0 0.0
2507 2703 1.0 0.0
2508 2509 1.0 0.0
2508 2522 1.0 0.0
2508 2704 1.0 0.0
2509 2510 1.0 0.0
2509 2523 1.0 0.0
2509 2705 1.0 0.0
2510 2511 1.0 0.0
2510 2524 1.0 0.0
2510 2706 1.0 0.0
2511 2512 1.0 0.0
2511 2525 1.0 0.0
2511 2707 1.0 0.0
2512 2513 1.0 0.0
2512 2526 1.0 0.0
2512 2708 1.0 0.0
2513 2514 1.0 0.0
2513 2527 1.0 0.0
2513 2709 1.0 0.0
2514 2515 1.0 0.0
2514 2528 1.0 0.0
2514 2710 1.0 0.0
2515 2516 1.0 0.0
2515 2529 1.0 0.0
2515 2711 1.0 0.0
2516 2517 1.0 0.0
2516 2530 1.0 0.0
2516 2712 1.0 0.0
2517 2518 1.0 0.0
2517 2531 1.0 0.0
2517 2713 1.0 0.0
2518 2519 1.0 0.0
2518 2532 1.0 0.0
2518 2714 1.0 0.0
2519 2533 1.0 0.0
2519 2715 1.0 0.0
2520 2521 1.0 0.0
2520 2534 1.0 0.0
2520 2716 1.0 0.0
2521 2522 1.0 0.0
2521 2535 1.0 0.0
2521 2717 1.0 0.0
2522 2523 1.0 0.0
2522 2536 1.0 0.0
2522 2718 1.0 0.0
2523 2524 1.0 0.0
2523 2537 1.0 0.0
2523 2719 1.0 0.0
2524 2525 1.0 0.0
2524 2538 1.0 0.0
2524 2720 1.0 0.0
2525 2526 1.0 0.0
2525 2539 1.0 0.0
2525 2721 1.0 0.0
2526 2527 1.0 0.0
2526 2540 1.0 0.0
2526 2722 1.0 0.0
2527 2528 1.0 0.0
2527 2541 1.0 0.0
2527 2723 1.0 0.0
2528 2529 1.0 0.0
2528 2542 1.0 0.0
2528 2724 1.0 0.0
2529 2530 1.0 0.0
2529 2543 1.0 0.0
2529 2725 1.0 0.0
2530 2531 1.0 0.0
2530 2544 1.0 0.0
2530 2726 1.0 0.0
2531 2532 1.0 0.0
2531 2545 1.0 0.0
2531 2727 1.0 0.0
2532 2533 1.0 0.0
2532 2546 1.0 0.0
2532 2728 1.0 0.0
2533 2547 1.0 0.0
2533 2729 1.0 0.0
2534 2535 1.0 0.0
2534 2730 1.0 0.0
2535 2536 1.0 0.0
2535 2731 1.0 0.0
2536 2537 1.0 0.0
2536 2732 1.0 0.0
2537 2538 1.0 0.0
2537 2733 1.0 0.0
2538 2539 1.0 0.0
2538 2734 1.0 0.0
2539 2540 1.0 0.0
2539 2735 1.0 0.0
2540 2541 1.0 0.0
2540 2736 1.0 0.0
2541 2542 1.0 0.0
2541 2737 1.0 0.0
2542 2543 1.0 0.0
2542 2738 1.0 0.0
2543 2544 1.0 0.0
2543 2739 1.0 0.0
2544 2545 1.0 0.0
2544 2740 1.0 0.0
2545 2546 1.0 0.0
2545 2741 1.0 0.0
2546 2547 1.0 0.0
2546 2742 1.0 0.0
2547 2743 1.0 0.0
2548 2549 1.0 0.0
2548 2562 1.0 0.0
2549 2550 1.0 0.0
2549 2563 1.0 0.0
2550 2551 1.0 0.0
2550 2564 1.0 0.0
2551 2552 1.0 0.0
2551 2565 1.0 0.0
2552 2553 1.0 0.0
2552 2566 1.0 0.0
2553 2554 1.0 0.0
2553 2567 1.0 0.0
2554 2555 1.0 0.0
2554 2568 1.0 0.0
2555 2556 1.0 0.0
2555 2569 1.0 0.0
2556 2557 1.0 0.0
2556 2570 1.0 0.0
2557 2558 1.0 0.0
2557 2571 1.0 0.0
2558 2559 1.0 0.0
2558 2572 1.0 0.0
2559 2560 1.0 0.0
2559 2573 1.0 0.0
2560 2561 1.0 0.0
2560 2574 1.0 0.0
2561 2575 1.0 0.0
2562 2563 1.0 0.0
2562 2576 1.0 0.0
2563 2564 1.0 0.0
2563 2577 1.0 0.0
2564 2565 1.0 0.0
2564 2578 1.0 0.0
2565 2566 1.0 0.0
2565 2579 1.0 0.0
2566 2567 1.0 0.0
2566 2580 1.0 0.0
2567 2568 1.0 0.0
2567 2581 1.0 0.0
2568 2569 1.0 0.0
2568 2582 1.0 0.0
2569 2570 1.0 0.0
2569 2583 1.0 0.0
2570 2571 1.0 0.0
2570 2584 1.0 0.0
2571 2572 1.0 0.0
2571 2585 1.0 0.0
2572 2573 1.0 0.0
2572 2586 1.0 0.0
2573 2574 1.0 0.0
2573 2587 1.0 0.0
2574 2575 1.0 0.0
2574 2588 1.0 0.0
2575 2589 1.0 0.0
2576 2577 1.0 0.0
2576 2590 1.0 0.0
2577 2578 1.0 0.0
2577 2591 1.0 0.0
2578 2579 1.0 0.0
2578 2592 1.0 0.0
2579 2580 1.0 0.0
2579 2593 1.0 0.0
2580 2581 1.0 0.0
2580 2594 1.0 0.0
2581 2582 1.0 0.0
2581 2595 1.0 0.0
2582 2583 1.0 0.0
2582 2596 1.0 0.0
2583 2584 1.0 0.0
2583 2597 1.0 0.0
2584 2585 1.0 0.0
2584 2598 1.0 0.0
2585 2586 1.0 0.0
2585 2599 1.0 0.0
2586 2587 1.0 0.0
2586 2600 1.0 0.0
2587 2588 1.0 0.0
2587 2601 1.0 0.0
2588 2589 1.0 0.0
2588 2602 1.0 0.0
2589 2603 1.0 0.0
2590 2591 1.0 0.0
2590 2604 1.0 0.0
2591 2592 1.0 0.0
2591 2605 1.0 0.0
2592 2593 1.0 0.0
2592 2606 1.0 0.0
2593 2594 1.0 0.0
2593 2607 1.0 0.0
2594 2595 1.0 0.0
2594 2608 1.0 0.0
2595 2596 1.0 0.0
2595 2609 1.0 0.0
2596 2597 1.0 0.0
2596 2610 1.0 0.0
2597 2598 1.0 0.0
2597 2611 1.0 0.0
2598 2599 1.0 0.0
2598 2612 1.0 0.0
2599 2600 1.0 0.0
2599 2613 1.0 0.0
2600 2601 1.0 0.0
2600 2614 1.0 0.0
2601 2602 1.0 0.0
2601 2615 1.0 0.0
2602 2603 1.0 0.0
2602 2616 1.0 0.0
2603 2617 1.0 0.0
2604 2605 1.0 0.0
2604 2618 1.0 0.0
2605 2606 1.0 0.0
2605 2619 1.0 0.0
2606 2607 1.0 0.0
2606 2620 1.0 0.0
2607 2608 1.0 0.0
2607 2621 1.0 0.0
2608 2609 1.0 0.0
2608 2622 1.0 0.0
2609 2610 1.0 0.0
2609 2623 1.0 0.0
2610 2611 1.0 0.0
2610 2624 1.0 0.0
2611 2612 1.0 0.0
2611 2625 1.0 0.0
2612 2613 1.0 0.0
2612 2626 1.0 0.0
2613 2614 1.0 0.0
2613 2627 1.0 0.0
2614 2615 1.0 0.0
2614 2628 1.0 0.0
2615 2616 1.0 0.0
2615 2629 1.0 0.0
2616 2617 1.0 0.0
2616 2630 1.0 0.0
2617 2631 1.0 0.0
2618 2619 1.0 0.0
2618 2632 1.0 0.0
2619 2620 1.0 0.0
2619 2633 1.0 0.0
2620 2621 1.0 0.0
2620 2634 1.0 0.0
2621 2622 1.0 0.0
2621 2635 1.0 0.0
2622 2623 1.0 0.0
2622 2636 1.0 0.0
2623 2624 1.0 0.0
2623 2637 1.0 0.0
2624 2625 1.0 0.0
2624 2638 1.0 0.0
2625 2626 1.0 0.0
2625 2639 1.0 0.0
2626 2627 1.0 0.0
2626 2640 1.0 0.0
2627 2628 1.0 0.0
2627 2641 1.0 0.0
2628 2629 1.0 0.0
2628 2642 1.0 0.0
2629 2630 1.0 0.0
2629 2643 1.0 0.0
2630 2631 1.0 0.0
2630 2644 1.0 0.0
2631 2645 1.0 0.0
2632 2633 1.0 0.0
2632 2646 1.0 0.0
2633 2634 1.0 0.0
2633 2647 1.0 0.0
2634 2635 1.0 0.0
2634 2648 1.0 0.0
2635 2636 1.0 0.0
2635 2649 1.0 0.0
2636 2637 1.0 0.0
2636 2650 1.0 0.0
2637 2638 1.0 0.0
2637 2651 1.0 0.0
2638 2639 1.0 0.0
2638 2652 1.0 0.0
2639 2640 1.0 0.0
2639 2653 1.0 0.0
2640 2641 1.0 0.0
2640 2654 1.0 0.0
2641 2642 1.0 0.0
2641 2655 1.0 0.0
2642 2643 1.0 0.0
2642 2656 1.0 0.0
2643 2644 1.0 0.0
2643 2657 1.0 0.0
2644 2645 1.0 0.0
2644 2658 1.0 0.0
2645 2659 1.0 0.0
2646 2647 1.0 0.0
2646 2660 1.0 0.0
2647 2648 1.0 0.0
2647 2661 1.0 0.0
2648 2649 1.0 0.0
2648 2662 1.0 0.0
2649 2650 1.0 0.0
2649 2663 1.0 0.0
2650 2651 1.0 0.0
2650 2664 1.0 0.0
2651 2652 1.0 0.0
2651 2665 1.0 0.0
2652 2653 1.0 0.0
2652 2666 1.0 0.0
2653 2654 1.0 0.0
2653 2667 1.0 0.0
2654 2655 1.0 0.0
2654 2668 1.0 0.0
2655 2656 1.0 0.0
2655 2669 1.0 0.0
2656 2657 1.0 0.0
2656 2670 1.0 0.0
2657 2658 1.0 0.0
2657 2671 1.0 0.0
2658 2659 1.0 0.0
2658 2672 1.0 0.0
2659 2673 1.0 0.0
2660 2661 1.0 0.0
2660 2674 1.0 0.0
2661 2662 1.0 0.0
2661 2675 1.0 0.0
2662 2663 1.0 0.0
2662 2676 1.0 0.0
2663 2664 1.0 0.0
2663 2677 1.0 0.0
2664 2665 1.0 0.0
2664 2678 1.0 0.0
2665 2666 1.0 0.0
2665 2679 1.0 0.0
2666 2667 1.0 0.0
2666 2680 1.0 0.0
2667 2668 1.0 0.0
2667 2681 1.0 0.0
2668 2669 1.0 0.0
2668 2682 1.0 0.0
2669 2670 1.0 0.0
2669 2683 1.0 0.0
2670 2671 1.0 0.0
2670 2684 1.0 0.0
2671 2672 1.0 0.0
2671 2685 1.0 0.0
2672 2673 1.0 0.0
2672 2686 1.0 0.0
2673 2687 1.0 0.0
2674 2675 1.0 0.0
2674 2688 1.0 0.0
2675 2676 1.0 0.0
2675 2689 1.0 0.0
2676 2677 1.0 0.0
2676 2690 1.0 0.0
2677 2678 1.0 0.0
2677 2691 1.0 0.0
2678 2679 1.0 0.0
2678 2692 1.0 0.0
2679 2680 1.0 0.0
2679 2693 1.0 0.0
2680 2681 1.0 0.0
2680 2694 1.0 0.0
2681 2682 1.0 0.0
2681 2695 1.0 0.0
2682 2683 1.0 0.0
2682 2696 1.0 0.0
2683 2684 1.0 0.0
2683 2697 1.0 0.0
2684 2685 1.0 0.0
2684 2698 1.0 0.0
2685 2686 1.0 0.0
2685 2699 1.0 0.0
2686 2687 1.0 0.0
2686 2700 1.0 0.0
2687 2701 1.0 0.0
2688 2689 1.0 0.0
2688 2702 1.0 0.0
2689 2690 1.0 0.0
2689 2703 1.0 0.0
2690 2691 1.0 0.0
2690 2704 1.0 0.0
2691 2692 1.0 0.0
2691 2705 1.0 0.0
2692 2693 1.0 0.0
2692 2706 1.0 0.0
2693 2694 1.0 0.0
2693 2707 1.0 0.0
2694 2695 1.0 0.0
2694 2708 1.0 0.0
2695 2696 1.0 0.0
2695 2709 1.0 0.0
2696 2697 1.0 0.0
2696 2710 1.0 0.0
2697 2698 1.0 0.0
2697 2711 1.0 0.0
2698 2699 1.0 0.0
2698 2712 1.0 0.0
2699 2700 1.0 0.0
2699 2713 1.0 0.0
2700 2701 1.0 0.0
2700 2714 1.0 0.0
2701 2715 1.0 0.0
2702 2703 1.0 0.0
2702 2716 1.0 0.0
2703 2704 1.0 0.0
2703 2717 1.0 0.0
2704 2705 1.0 0.0
2704 2718 1.0 0.0
2705 2706 1.0 0.0
2705 2719 1.0 0.0
2706 2707 1.0 0.0
2706 2720 1.0 0.0
2707 2708 1.0 0.0
2707 2721 1.0 0.0
2708 2709 1.0 0.0
2708 2722 1.0 0.0
2709 2710 1.0 0.0
2709 2723 1.0 0.0
2710 2711 1.0 0.0
2710 2724 1.0 0.0
2711 2712 1.0 0.0
2711 2725 1.0 0.0
2712 2713 1.0 0.0
2712 2726 1.0 0.0
2713 2714 1.0 0.0
2713 2727 1.0 0.0
2714 2715 1.0 0.0
2714 2728 1.0 0.0
2715 2729 1.0 0.0
2716 2717 1.0 0.0
2716 2730 1.0 0.0
2717 2718 1.0 0.0
2717 2731 1.0 0.0
2718 2719 1.0 0.0
2718 2732 1.0 0.0
2719 2720 1.0 0.0
2719 2733 1.0 0.0
2720 2721 1.0 0.0
2720 2734 1.0 0.0
2721 2722 1.0 0.0
2721 2735 1.0 0.0
2722 2723 1.0 0.0
2722 2736 1.0 0.0
2723 2724 1.0 0.0
2723 2737 1.0 0.0
2724 2725 1.0 0.0
2724 2738 1.0 0.0
2725 2726 1.0 0.0
2725 2739 1.0 0.0
2726 2727 1.0 0.0
2726 2740 1.0 0.0
2727 2728 1.0 0.0
2727 2741 1.0 0.0
2728 2729 1.0 0.0
2728 2742 1.0 0.0
2729 2743 1.0 0.0
2730 2731 1.0 0.0
2731 2732 1.0 0.0
2732 2733 1.0 0.0
2733 2734 1.0 0.0
2734 2735 1.0 0.0
2735 2736 1.0 0.0
2736 2737 1.0 0.0
2737 2738 1.0 0.0
2738 2739 1.0 0.0
2739 2740 1.0 0.0
2740 2741 1.0 0.0
2741 2742 1.0 0.0
2742 2743 1.0 0.0
