case_id,family,integral_id,order,profile,config_hash,seconds,work,estimated_error,trace_residual,strategy,uv_re,uv_im,ir2_re,ir2_im,ir1_re,ir1_im,finite_re,finite_im,relative_to_direct
weighted_release,massive_weighted_tensor,weighted,base,production,eae314d6bd8726ed9a1776e17d2c8162a72f2f6f4f98a7d695395db491ffc7a7,0.004367605957668275,9728,1.6078722687417021e-12,0.0,real-simplex;analytic-Laurent-and-jets;Gauss=20;lambda=0.0;refined,0.0,0.0,0.0,0.0,0.0,0.0,0.00045940648052375727,0.0,2.124005639024701e-15
weighted_release,massive_weighted_tensor,metric,base,production,eae314d6bd8726ed9a1776e17d2c8162a72f2f6f4f98a7d695395db491ffc7a7,0.0018497559940442443,9728,1.0754809582901336e-14,0.0,real-simplex;analytic-Laurent-and-jets;Gauss=20;lambda=0.0;refined,-0.0,0.0,-0.0,0.0,-0.0,0.0,-0.0001121521406392704,0.0,2.0542894708912623e-15
cut_release,massive_physical_cut,scalar,base,production,eae314d6bd8726ed9a1776e17d2c8162a72f2f6f4f98a7d695395db491ffc7a7,0.14390871598152444,205184,1.2445747189455517e-11,0.0,causal-simplex-contour;analytic-Laurent-and-jets;Gauss=52;lambda=3.0;refined,0.0,0.0,0.0,0.0,0.0,0.0,0.07286146991699459,0.2409113909755935,2.649846636866319e-15
cut_release,massive_physical_cut,metric,base,production,eae314d6bd8726ed9a1776e17d2c8162a72f2f6f4f98a7d695395db491ffc7a7,0.14522144198417664,205184,7.714515811064777e-14,0.0,causal-simplex-contour;analytic-Laurent-and-jets;Gauss=52;lambda=3.0;refined,-0.0,0.0,-0.0,0.0,-0.0,0.0,-0.10767132264674985,-0.0578547158432185,1.804464034929981e-15
cut_release,massive_physical_cut,tensor,base,production,eae314d6bd8726ed9a1776e17d2c8162a72f2f6f4f98a7d695395db491ffc7a7,0.15573461900930852,205184,1.9461642957874437e-13,0.0,causal-simplex-contour;analytic-Laurent-and-jets;Gauss=52;lambda=3.0;refined,0.0,0.0,0.0,0.0,0.0,0.0,0.009071328996861229,0.004000587066875804,1.1473887519085939e-15
ultraviolet_release,uv_dimensional_trace,scalar,base,production,eae314d6bd8726ed9a1776e17d2c8162a72f2f6f4f98a7d695395db491ffc7a7,0.0024439780390821397,32,2.1052271037547143e-11,3.265361837132813e-16,real-simplex;analytic-Laurent-and-jets;Gauss=20;lambda=0.0;refined,1.0,0.0,0.0,0.0,0.0,0.0,0.4118145938798755,0.0,3.3306690738754696e-16
ultraviolet_release,uv_dimensional_trace,metric,base,production,eae314d6bd8726ed9a1776e17d2c8162a72f2f6f4f98a7d695395db491ffc7a7,0.0003113659913651645,32,1.7974946484071532e-12,3.265361837132813e-16,real-simplex;analytic-Laurent-and-jets;Gauss=20;lambda=0.0;refined,0.5833333333333336,0.0,-0.0,0.0,-0.0,0.0,0.7811422751593032,0.0,4.2638443466604405e-16
ultraviolet_release,uv_dimensional_trace,longitudinal,base,production,eae314d6bd8726ed9a1776e17d2c8162a72f2f6f4f98a7d695395db491ffc7a7,0.0009773600031621754,64,5.412337245047638e-16,3.265361837132813e-16,real-simplex;analytic-Laurent-and-jets;Gauss=32;lambda=0.0;refined,0.3333333333333333,0.0,0.0,0.0,0.0,0.0,0.07303357542879935,0.0,0.0
ultraviolet_release,uv_dimensional_trace,pinch,base,production,eae314d6bd8726ed9a1776e17d2c8162a72f2f6f4f98a7d695395db491ffc7a7,0.0001801630132831633,2,0.0,3.265361837132813e-16,real-simplex;analytic-Laurent-and-jets;Gauss=20;lambda=0.0;refined,2.1,0.0,-0.0,0.0,-0.0,0.0,1.6562509032988653,0.0,0.0
collinear_release,soft_collinear_triangle,scalar_jet,0,production,eae314d6bd8726ed9a1776e17d2c8162a72f2f6f4f98a7d695395db491ffc7a7,0.0001417929888702929,3,4e-15,0.0,analytic-dirichlet-IR-triangle-and-jets,0.0,0.0,-0.29411764705882354,0.0,0.20386681781174862,0.0,0.17124721366618018,0.0,0.0
collinear_release,soft_collinear_triangle,scalar_jet,1,production,eae314d6bd8726ed9a1776e17d2c8162a72f2f6f4f98a7d695395db491ffc7a7,0.0001417929888702929,3,4e-15,0.0,analytic-dirichlet-IR-triangle-and-jets,0.0,0.0,-0.08650519031141869,0.0,-0.02654436154325733,0.0,0.11032765631703788,0.0,0.0
collinear_release,soft_collinear_triangle,scalar_jet,2,production,eae314d6bd8726ed9a1776e17d2c8162a72f2f6f4f98a7d695395db491ffc7a7,0.0001417929888702929,3,4e-15,0.0,analytic-dirichlet-IR-triangle-and-jets,0.0,0.0,-0.025442703032770204,0.0,-0.020528516676166668,0.0,0.028545728101590943,0.0,0.0
collinear_release,soft_collinear_triangle,single_pole,base,production,eae314d6bd8726ed9a1776e17d2c8162a72f2f6f4f98a7d695395db491ffc7a7,5.1820999942719936e-05,1,4e-15,0.0,analytic-dirichlet-IR-triangle-and-jets,0.0,0.0,0.0,0.0,-0.29411764705882354,0.0,-0.38436847630589843,0.0,0.0
collinear_release,soft_collinear_triangle,finite_tensor,base,production,eae314d6bd8726ed9a1776e17d2c8162a72f2f6f4f98a7d695395db491ffc7a7,4.461995558813214e-05,1,4e-15,0.0,analytic-dirichlet-IR-triangle-and-jets,0.0,0.0,0.0,0.0,0.0,0.0,-0.14705882352941177,0.0,0.0
massless_box_release,massless_box_infrared,one_mass,base,production,eae314d6bd8726ed9a1776e17d2c8162a72f2f6f4f98a7d695395db491ffc7a7,0.004687701992224902,1,4e-15,0.0,analytic-causal-zero-or-one-mass-IR-box,0.0,0.0,0.16666666666666666,0.0,-0.28198568904305643,0.0,-0.5903345523736558,0.0,0.0
massless_box_release,massless_box_infrared,on_shell,base,production,eae314d6bd8726ed9a1776e17d2c8162a72f2f6f4f98a7d695395db491ffc7a7,4.7271023504436016e-05,1,4e-15,0.0,analytic-causal-zero-or-one-mass-IR-box,0.0,0.0,0.4,0.0,-0.248265718173941,0.0,-1.2808818552189765,0.0,0.0
matching_release,exceptional_gram_mixed_jets,mixed_jet,"0,0",production,eae314d6bd8726ed9a1776e17d2c8162a72f2f6f4f98a7d695395db491ffc7a7,0.006593180005438626,9728,3.4218220585218574e-12,0.0,real-simplex;analytic-Laurent-and-jets;Gauss=20;lambda=0.0;refined,-0.0,0.0,-0.0,0.0,-0.0,0.0,-0.06079795460293747,0.0,2.282607679559e-16
matching_release,exceptional_gram_mixed_jets,mixed_jet,"0,1",production,eae314d6bd8726ed9a1776e17d2c8162a72f2f6f4f98a7d695395db491ffc7a7,0.006593180005438626,9728,3.4218220585218574e-12,0.0,real-simplex;analytic-Laurent-and-jets;Gauss=20;lambda=0.0;refined,-0.0,0.0,-0.0,0.0,-0.0,0.0,0.004755883208895596,0.0,1.6413892644155998e-15
matching_release,exceptional_gram_mixed_jets,mixed_jet,"0,2",production,eae314d6bd8726ed9a1776e17d2c8162a72f2f6f4f98a7d695395db491ffc7a7,0.006593180005438626,9728,3.4218220585218574e-12,0.0,real-simplex;analytic-Laurent-and-jets;Gauss=20;lambda=0.0;refined,-0.0,0.0,-0.0,0.0,-0.0,0.0,-0.0005577214883993524,0.0,2.9159774054890975e-15
matching_release,exceptional_gram_mixed_jets,mixed_jet,"0,3",production,eae314d6bd8726ed9a1776e17d2c8162a72f2f6f4f98a7d695395db491ffc7a7,0.006593180005438626,9728,3.4218220585218574e-12,0.0,real-simplex;analytic-Laurent-and-jets;Gauss=20;lambda=0.0;refined,-0.0,0.0,-0.0,0.0,-0.0,0.0,5.974291752453352e-05,0.0,4.763795979005772e-15
matching_release,exceptional_gram_mixed_jets,mixed_jet,"1,0",production,eae314d6bd8726ed9a1776e17d2c8162a72f2f6f4f98a7d695395db491ffc7a7,0.006593180005438626,9728,3.4218220585218574e-12,0.0,real-simplex;analytic-Laurent-and-jets;Gauss=20;lambda=0.0;refined,-0.0,0.0,-0.0,0.0,-0.0,0.0,0.00930934029445498,0.0,2.7951338458592228e-15
matching_release,exceptional_gram_mixed_jets,mixed_jet,"1,1",production,eae314d6bd8726ed9a1776e17d2c8162a72f2f6f4f98a7d695395db491ffc7a7,0.006593180005438626,9728,3.4218220585218574e-12,0.0,real-simplex;analytic-Laurent-and-jets;Gauss=20;lambda=0.0;refined,-0.0,0.0,-0.0,0.0,-0.0,0.0,-0.0017769138797905316,0.0,3.2948652143523767e-15
matching_release,exceptional_gram_mixed_jets,mixed_jet,"1,2",production,eae314d6bd8726ed9a1776e17d2c8162a72f2f6f4f98a7d695395db491ffc7a7,0.006593180005438626,9728,3.4218220585218574e-12,0.0,real-simplex;analytic-Laurent-and-jets;Gauss=20;lambda=0.0;refined,-0.0,0.0,-0.0,0.0,-0.0,0.0,0.0002631394973782569,0.0,4.944307562890847e-15
matching_release,exceptional_gram_mixed_jets,mixed_jet,"2,0",production,eae314d6bd8726ed9a1776e17d2c8162a72f2f6f4f98a7d695395db491ffc7a7,0.006593180005438626,9728,3.4218220585218574e-12,0.0,real-simplex;analytic-Laurent-and-jets;Gauss=20;lambda=0.0;refined,-0.0,0.0,-0.0,0.0,-0.0,0.0,-0.002819882183559979,0.0,2.6144974481146207e-15
matching_release,exceptional_gram_mixed_jets,mixed_jet,"2,1",production,eae314d6bd8726ed9a1776e17d2c8162a72f2f6f4f98a7d695395db491ffc7a7,0.006593180005438626,9728,3.4218220585218574e-12,0.0,real-simplex;analytic-Laurent-and-jets;Gauss=20;lambda=0.0;refined,-0.0,0.0,-0.0,0.0,-0.0,0.0,0.0004795326918695701,0.0,4.97410253755315e-15
matching_release,exceptional_gram_mixed_jets,mixed_jet,"3,0",production,eae314d6bd8726ed9a1776e17d2c8162a72f2f6f4f98a7d695395db491ffc7a7,0.006593180005438626,9728,3.4218220585218574e-12,0.0,real-simplex;analytic-Laurent-and-jets;Gauss=20;lambda=0.0;refined,-0.0,0.0,-0.0,0.0,-0.0,0.0,0.00036016268186565045,0.0,6.472171571938103e-15
matching_release,exceptional_gram_mixed_jets,scaled_jet,"0,0",production,eae314d6bd8726ed9a1776e17d2c8162a72f2f6f4f98a7d695395db491ffc7a7,0.004592780023813248,9728,3.4221920333795843e-12,0.0,real-simplex;analytic-Laurent-and-jets;Gauss=20;lambda=0.0;refined,-0.0,0.0,-0.0,0.0,-0.0,0.0,-6.079795460293746e-14,0.0,4.152039181570217e-16
matching_release,exceptional_gram_mixed_jets,scaled_jet,"0,1",production,eae314d6bd8726ed9a1776e17d2c8162a72f2f6f4f98a7d695395db491ffc7a7,0.004592780023813248,9728,3.4221920333795843e-12,0.0,real-simplex;analytic-Laurent-and-jets;Gauss=20;lambda=0.0;refined,-0.0,0.0,-0.0,0.0,-0.0,0.0,4.755883208895596e-15,0.0,1.4928348395329517e-15
matching_release,exceptional_gram_mixed_jets,scaled_jet,"0,2",production,eae314d6bd8726ed9a1776e17d2c8162a72f2f6f4f98a7d695395db491ffc7a7,0.004592780023813248,9728,3.4221920333795843e-12,0.0,real-simplex;analytic-Laurent-and-jets;Gauss=20;lambda=0.0;refined,-0.0,0.0,-0.0,0.0,-0.0,0.0,-5.577214883993526e-16,0.0,3.005674800886157e-15
matching_release,exceptional_gram_mixed_jets,scaled_jet,"0,3",production,eae314d6bd8726ed9a1776e17d2c8162a72f2f6f4f98a7d695395db491ffc7a7,0.004592780023813248,9728,3.4221920333795843e-12,0.0,real-simplex;analytic-Laurent-and-jets;Gauss=20;lambda=0.0;refined,-0.0,0.0,-0.0,0.0,-0.0,0.0,5.974291752453354e-17,0.0,4.745280270207493e-15
matching_release,exceptional_gram_mixed_jets,scaled_jet,"1,0",production,eae314d6bd8726ed9a1776e17d2c8162a72f2f6f4f98a7d695395db491ffc7a7,0.004592780023813248,9728,3.4221920333795843e-12,0.0,real-simplex;analytic-Laurent-and-jets;Gauss=20;lambda=0.0;refined,-0.0,0.0,-0.0,0.0,-0.0,0.0,9.30934029445498e-15,0.0,2.7116367184588283e-15
matching_release,exceptional_gram_mixed_jets,scaled_jet,"1,1",production,eae314d6bd8726ed9a1776e17d2c8162a72f2f6f4f98a7d695395db491ffc7a7,0.004592780023813248,9728,3.4221920333795843e-12,0.0,real-simplex;analytic-Laurent-and-jets;Gauss=20;lambda=0.0;refined,-0.0,0.0,-0.0,0.0,-0.0,0.0,-1.7769138797905314e-15,0.0,2.885674957157209e-15
matching_release,exceptional_gram_mixed_jets,scaled_jet,"1,2",production,eae314d6bd8726ed9a1776e17d2c8162a72f2f6f4f98a7d695395db491ffc7a7,0.004592780023813248,9728,3.4221920333795843e-12,0.0,real-simplex;analytic-Laurent-and-jets;Gauss=20;lambda=0.0;refined,-0.0,0.0,-0.0,0.0,-0.0,0.0,2.63139497378257e-16,0.0,4.6841890962344185e-15
matching_release,exceptional_gram_mixed_jets,scaled_jet,"2,0",production,eae314d6bd8726ed9a1776e17d2c8162a72f2f6f4f98a7d695395db491ffc7a7,0.004592780023813248,9728,3.4221920333795843e-12,0.0,real-simplex;analytic-Laurent-and-jets;Gauss=20;lambda=0.0;refined,-0.0,0.0,-0.0,0.0,-0.0,0.0,-2.81988218355998e-15,0.0,2.797495972775398e-15
matching_release,exceptional_gram_mixed_jets,scaled_jet,"2,1",production,eae314d6bd8726ed9a1776e17d2c8162a72f2f6f4f98a7d695395db491ffc7a7,0.004592780023813248,9728,3.4221920333795843e-12,0.0,real-simplex;analytic-Laurent-and-jets;Gauss=20;lambda=0.0;refined,-0.0,0.0,-0.0,0.0,-0.0,0.0,4.795326918695702e-16,0.0,4.935185349796219e-15
matching_release,exceptional_gram_mixed_jets,scaled_jet,"3,0",production,eae314d6bd8726ed9a1776e17d2c8162a72f2f6f4f98a7d695395db491ffc7a7,0.004592780023813248,9728,3.4221920333795843e-12,0.0,real-simplex;analytic-Laurent-and-jets;Gauss=20;lambda=0.0;refined,-0.0,0.0,-0.0,0.0,-0.0,0.0,3.6016268186565045e-16,0.0,6.433978381888935e-15
weighted_release,massive_weighted_tensor,weighted,base,fixed,217cf1c7f8496bf3ca8f183e2c852e5d0ad59b39793974614fe570f3eb48209e,0.0024207180249504745,2240,6.905654807818786e-08,0.0,real-simplex;analytic-Laurent-and-jets;Gauss=12;lambda=0.0;UNCONVERGED,0.0,0.0,0.0,0.0,0.0,0.0,0.00045940648052449594,0.0,1.6057482631026739e-12
weighted_release,massive_weighted_tensor,metric,base,fixed,217cf1c7f8496bf3ca8f183e2c852e5d0ad59b39793974614fe570f3eb48209e,0.0011130920029245317,2240,7.430535401399318e-10,0.0,real-simplex;analytic-Laurent-and-jets;Gauss=12;lambda=0.0;UNCONVERGED,-0.0,0.0,-0.0,0.0,-0.0,0.0,-0.0001121521406392692,0.0,1.2809099053792576e-14
cut_release,massive_physical_cut,scalar,base,fixed,217cf1c7f8496bf3ca8f183e2c852e5d0ad59b39793974614fe570f3eb48209e,0.010200900956988335,9728,0.0001262806398590667,0.0,causal-simplex-contour;analytic-Laurent-and-jets;Gauss=20;lambda=3.0;UNCONVERGED,0.0,0.0,0.0,0.0,0.0,0.0,0.07286140418832457,0.24091130683456613,3.492613100003188e-07
cut_release,massive_physical_cut,metric,base,fixed,217cf1c7f8496bf3ca8f183e2c852e5d0ad59b39793974614fe570f3eb48209e,0.008261172974016517,9728,1.2181042558387369e-05,0.0,causal-simplex-contour;analytic-Laurent-and-jets;Gauss=20;lambda=3.0;UNCONVERGED,-0.0,0.0,-0.0,0.0,-0.0,0.0,-0.10767131969464165,-0.05785472128308237,5.052286731940631e-08
cut_release,massive_physical_cut,tensor,base,fixed,217cf1c7f8496bf3ca8f183e2c852e5d0ad59b39793974614fe570f3eb48209e,0.009806252957787365,9728,1.212906635166886e-05,0.0,causal-simplex-contour;analytic-Laurent-and-jets;Gauss=20;lambda=3.0;UNCONVERGED,0.0,0.0,0.0,0.0,0.0,0.0,0.009071328893718145,0.0040005873298578154,2.8990460036269674e-08
ultraviolet_release,uv_dimensional_trace,scalar,base,fixed,217cf1c7f8496bf3ca8f183e2c852e5d0ad59b39793974614fe570f3eb48209e,0.0009806100279092789,20,9.239446008280083e-08,1.7626096660659212e-12,real-simplex;analytic-Laurent-and-jets;Gauss=12;lambda=0.0;UNCONVERGED,1.0,0.0,0.0,0.0,0.0,0.0,0.4118145939009278,0.0,2.1051937970639756e-11
ultraviolet_release,uv_dimensional_trace,metric,base,fixed,217cf1c7f8496bf3ca8f183e2c852e5d0ad59b39793974614fe570f3eb48209e,0.00031505600782111287,20,9.327657383228026e-09,1.7626096660659212e-12,real-simplex;analytic-Laurent-and-jets;Gauss=12;lambda=0.0;UNCONVERGED,0.5833333333333335,0.0,-0.0,0.0,-0.0,0.0,0.7811422751578991,0.0,1.7976367765520416e-12
ultraviolet_release,uv_dimensional_trace,longitudinal,base,fixed,217cf1c7f8496bf3ca8f183e2c852e5d0ad59b39793974614fe570f3eb48209e,0.0002943060244433582,20,8.823982727834688e-08,1.7626096660659212e-12,real-simplex;analytic-Laurent-and-jets;Gauss=12;lambda=0.0;UNCONVERGED,0.33333333333333337,0.0,0.0,0.0,0.0,0.0,0.0730335754409796,0.0,3.654077040948778e-11
ultraviolet_release,uv_dimensional_trace,pinch,base,fixed,217cf1c7f8496bf3ca8f183e2c852e5d0ad59b39793974614fe570f3eb48209e,0.00020357401808723807,2,0.0,1.7626096660659212e-12,real-simplex;analytic-Laurent-and-jets;Gauss=12;lambda=0.0;refined,2.1,0.0,-0.0,0.0,-0.0,0.0,1.6562509032988653,0.0,0.0
collinear_release,soft_collinear_triangle,scalar_jet,0,fixed,217cf1c7f8496bf3ca8f183e2c852e5d0ad59b39793974614fe570f3eb48209e,0.00014942296547815204,3,4e-15,0.0,analytic-dirichlet-IR-triangle-and-jets,0.0,0.0,-0.29411764705882354,0.0,0.20386681781174862,0.0,0.17124721366618018,0.0,0.0
collinear_release,soft_collinear_triangle,scalar_jet,1,fixed,217cf1c7f8496bf3ca8f183e2c852e5d0ad59b39793974614fe570f3eb48209e,0.00014942296547815204,3,4e-15,0.0,analytic-dirichlet-IR-triangle-and-jets,0.0,0.0,-0.08650519031141869,0.0,-0.02654436154325733,0.0,0.11032765631703788,0.0,0.0
collinear_release,soft_collinear_triangle,scalar_jet,2,fixed,217cf1c7f8496bf3ca8f183e2c852e5d0ad59b39793974614fe570f3eb48209e,0.00014942296547815204,3,4e-15,0.0,analytic-dirichlet-IR-triangle-and-jets,0.0,0.0,-0.025442703032770204,0.0,-0.020528516676166668,0.0,0.028545728101590943,0.0,0.0
collinear_release,soft_collinear_triangle,single_pole,base,fixed,217cf1c7f8496bf3ca8f183e2c852e5d0ad59b39793974614fe570f3eb48209e,5.711102858185768e-05,1,4e-15,0.0,analytic-dirichlet-IR-triangle-and-jets,0.0,0.0,0.0,0.0,-0.29411764705882354,0.0,-0.38436847630589843,0.0,0.0
collinear_release,soft_collinear_triangle,finite_tensor,base,fixed,217cf1c7f8496bf3ca8f183e2c852e5d0ad59b39793974614fe570f3eb48209e,5.12109836563468e-05,1,4e-15,0.0,analytic-dirichlet-IR-triangle-and-jets,0.0,0.0,0.0,0.0,0.0,0.0,-0.14705882352941177,0.0,0.0
massless_box_release,massless_box_infrared,one_mass,base,fixed,217cf1c7f8496bf3ca8f183e2c852e5d0ad59b39793974614fe570f3eb48209e,0.005555048992391676,1,4e-15,0.0,analytic-causal-zero-or-one-mass-IR-box,0.0,0.0,0.16666666666666666,0.0,-0.28198568904305643,0.0,-0.5903345523736558,0.0,0.0
massless_box_release,massless_box_infrared,on_shell,base,fixed,217cf1c7f8496bf3ca8f183e2c852e5d0ad59b39793974614fe570f3eb48209e,6.0651975218206644e-05,1,4e-15,0.0,analytic-causal-zero-or-one-mass-IR-box,0.0,0.0,0.4,0.0,-0.248265718173941,0.0,-1.2808818552189765,0.0,0.0
matching_release,exceptional_gram_mixed_jets,mixed_jet,"0,0",fixed,217cf1c7f8496bf3ca8f183e2c852e5d0ad59b39793974614fe570f3eb48209e,0.003053580003324896,2240,1.1920452299099729e-07,0.0,real-simplex;analytic-Laurent-and-jets;Gauss=12;lambda=0.0;UNCONVERGED,-0.0,0.0,-0.0,0.0,-0.0,0.0,-0.06079795460293786,0.0,6.163040734809301e-15
matching_release,exceptional_gram_mixed_jets,mixed_jet,"0,1",fixed,217cf1c7f8496bf3ca8f183e2c852e5d0ad59b39793974614fe570f3eb48209e,0.003053580003324896,2240,1.1920452299099729e-07,0.0,real-simplex;analytic-Laurent-and-jets;Gauss=12;lambda=0.0;UNCONVERGED,-0.0,0.0,-0.0,0.0,-0.0,0.0,0.00475588320889544,0.0,3.11863960238964e-14
matching_release,exceptional_gram_mixed_jets,mixed_jet,"0,2",fixed,217cf1c7f8496bf3ca8f183e2c852e5d0ad59b39793974614fe570f3eb48209e,0.003053580003324896,2240,1.1920452299099729e-07,0.0,real-simplex;analytic-Laurent-and-jets;Gauss=12;lambda=0.0;UNCONVERGED,-0.0,0.0,-0.0,0.0,-0.0,0.0,-0.0005577214883994212,0.0,1.2635902090452756e-13
matching_release,exceptional_gram_mixed_jets,mixed_jet,"0,3",fixed,217cf1c7f8496bf3ca8f183e2c852e5d0ad59b39793974614fe570f3eb48209e,0.003053580003324896,2240,1.1920452299099729e-07,0.0,real-simplex;analytic-Laurent-and-jets;Gauss=12;lambda=0.0;UNCONVERGED,-0.0,0.0,-0.0,0.0,-0.0,0.0,5.9742917524500616e-05,0.0,5.460217581650902e-13
matching_release,exceptional_gram_mixed_jets,mixed_jet,"1,0",fixed,217cf1c7f8496bf3ca8f183e2c852e5d0ad59b39793974614fe570f3eb48209e,0.003053580003324896,2240,1.1920452299099729e-07,0.0,real-simplex;analytic-Laurent-and-jets;Gauss=12;lambda=0.0;UNCONVERGED,-0.0,0.0,-0.0,0.0,-0.0,0.0,0.009309340294455744,0.0,8.478572665772975e-14
matching_release,exceptional_gram_mixed_jets,mixed_jet,"1,1",fixed,217cf1c7f8496bf3ca8f183e2c852e5d0ad59b39793974614fe570f3eb48209e,0.003053580003324896,2240,1.1920452299099729e-07,0.0,real-simplex;analytic-Laurent-and-jets;Gauss=12;lambda=0.0;UNCONVERGED,-0.0,0.0,-0.0,0.0,-0.0,0.0,-0.0017769138797901975,0.0,1.8475651609368513e-13
matching_release,exceptional_gram_mixed_jets,mixed_jet,"1,2",fixed,217cf1c7f8496bf3ca8f183e2c852e5d0ad59b39793974614fe570f3eb48209e,0.003053580003324896,2240,1.1920452299099729e-07,0.0,real-simplex;analytic-Laurent-and-jets;Gauss=12;lambda=0.0;UNCONVERGED,-0.0,0.0,-0.0,0.0,-0.0,0.0,0.00026313949737842335,0.0,6.374036499826783e-13
matching_release,exceptional_gram_mixed_jets,mixed_jet,"2,0",fixed,217cf1c7f8496bf3ca8f183e2c852e5d0ad59b39793974614fe570f3eb48209e,0.003053580003324896,2240,1.1920452299099729e-07,0.0,real-simplex;analytic-Laurent-and-jets;Gauss=12;lambda=0.0;UNCONVERGED,-0.0,0.0,-0.0,0.0,-0.0,0.0,-0.0028198821835611187,0.0,4.0678504413312775e-13
matching_release,exceptional_gram_mixed_jets,mixed_jet,"2,1",fixed,217cf1c7f8496bf3ca8f183e2c852e5d0ad59b39793974614fe570f3eb48209e,0.003053580003324896,2240,1.1920452299099729e-07,0.0,real-simplex;analytic-Laurent-and-jets;Gauss=12;lambda=0.0;UNCONVERGED,-0.0,0.0,-0.0,0.0,-0.0,0.0,0.00047953269186906076,0.0,1.0572228847999333e-12
matching_release,exceptional_gram_mixed_jets,mixed_jet,"3,0",fixed,217cf1c7f8496bf3ca8f183e2c852e5d0ad59b39793974614fe570f3eb48209e,0.003053580003324896,2240,1.1920452299099729e-07,0.0,real-simplex;analytic-Laurent-and-jets;Gauss=12;lambda=0.0;UNCONVERGED,-0.0,0.0,-0.0,0.0,-0.0,0.0,0.00036016268186688286,0.0,3.428294230093818e-12
matching_release,exceptional_gram_mixed_jets,scaled_jet,"0,0",fixed,217cf1c7f8496bf3ca8f183e2c852e5d0ad59b39793974614fe570f3eb48209e,0.0020078099914826453,2240,1.1920452255582154e-07,0.0,real-simplex;analytic-Laurent-and-jets;Gauss=12;lambda=0.0;UNCONVERGED,-0.0,0.0,-0.0,0.0,-0.0,0.0,-6.079795460293786e-14,0.0,6.0204568132768144e-15
matching_release,exceptional_gram_mixed_jets,scaled_jet,"0,1",fixed,217cf1c7f8496bf3ca8f183e2c852e5d0ad59b39793974614fe570f3eb48209e,0.0020078099914826453,2240,1.1920452255582154e-07,0.0,real-simplex;analytic-Laurent-and-jets;Gauss=12;lambda=0.0;UNCONVERGED,-0.0,0.0,-0.0,0.0,-0.0,0.0,4.75588320889544e-15,0.0,3.134953163019199e-14
matching_release,exceptional_gram_mixed_jets,scaled_jet,"0,2",fixed,217cf1c7f8496bf3ca8f183e2c852e5d0ad59b39793974614fe570f3eb48209e,0.0020078099914826453,2240,1.1920452255582154e-07,0.0,real-simplex;analytic-Laurent-and-jets;Gauss=12;lambda=0.0;UNCONVERGED,-0.0,0.0,-0.0,0.0,-0.0,0.0,-5.577214883994213e-16,0.0,1.262383416372186e-13
matching_release,exceptional_gram_mixed_jets,scaled_jet,"0,3",fixed,217cf1c7f8496bf3ca8f183e2c852e5d0ad59b39793974614fe570f3eb48209e,0.0020078099914826453,2240,1.1920452255582154e-07,0.0,real-simplex;analytic-Laurent-and-jets;Gauss=12;lambda=0.0;UNCONVERGED,-0.0,0.0,-0.0,0.0,-0.0,0.0,5.974291752450063e-17,0.0,5.461198641408363e-13
matching_release,exceptional_gram_mixed_jets,scaled_jet,"1,0",fixed,217cf1c7f8496bf3ca8f183e2c852e5d0ad59b39793974614fe570f3eb48209e,0.0020078099914826453,2240,1.1920452255582154e-07,0.0,real-simplex;analytic-Laurent-and-jets;Gauss=12;lambda=0.0;UNCONVERGED,-0.0,0.0,-0.0,0.0,-0.0,0.0,9.309340294455744e-15,0.0,8.473864745183838e-14
matching_release,exceptional_gram_mixed_jets,scaled_jet,"1,1",fixed,217cf1c7f8496bf3ca8f183e2c852e5d0ad59b39793974614fe570f3eb48209e,0.0020078099914826453,2240,1.1920452255582154e-07,0.0,real-simplex;analytic-Laurent-and-jets;Gauss=12;lambda=0.0;UNCONVERGED,-0.0,0.0,-0.0,0.0,-0.0,0.0,-1.7769138797901977e-15,0.0,1.8490517225476577e-13
matching_release,exceptional_gram_mixed_jets,scaled_jet,"1,2",fixed,217cf1c7f8496bf3ca8f183e2c852e5d0ad59b39793974614fe570f3eb48209e,0.0020078099914826453,2240,1.1920452255582154e-07,0.0,real-simplex;analytic-Laurent-and-jets;Gauss=12;lambda=0.0;UNCONVERGED,-0.0,0.0,-0.0,0.0,-0.0,0.0,2.6313949737842343e-16,0.0,6.372370846517303e-13
matching_release,exceptional_gram_mixed_jets,scaled_jet,"2,0",fixed,217cf1c7f8496bf3ca8f183e2c852e5d0ad59b39793974614fe570f3eb48209e,0.0020078099914826453,2240,1.1920452255582154e-07,0.0,real-simplex;analytic-Laurent-and-jets;Gauss=12;lambda=0.0;UNCONVERGED,-0.0,0.0,-0.0,0.0,-0.0,0.0,-2.8198821835611193e-15,0.0,4.067559144415429e-13
matching_release,exceptional_gram_mixed_jets,scaled_jet,"2,1",fixed,217cf1c7f8496bf3ca8f183e2c852e5d0ad59b39793974614fe570f3eb48209e,0.0020078099914826453,2240,1.1920452255582154e-07,0.0,real-simplex;analytic-Laurent-and-jets;Gauss=12;lambda=0.0;UNCONVERGED,-0.0,0.0,-0.0,0.0,-0.0,0.0,4.79532691869061e-16,0.0,1.0569521957480234e-12
matching_release,exceptional_gram_mixed_jets,scaled_jet,"3,0",fixed,217cf1c7f8496bf3ca8f183e2c852e5d0ad59b39793974614fe570f3eb48209e,0.0020078099914826453,2240,1.1920452255582154e-07,0.0,real-simplex;analytic-Laurent-and-jets;Gauss=12;lambda=0.0;UNCONVERGED,-0.0,0.0,-0.0,0.0,-0.0,0.0,3.60162681866883e-16,0.0,3.428626011761495e-12
weighted_release,massive_weighted_tensor,weighted,base,direct,08d1bd9a889a0f7747321f2c274742585e2e27de5b599b6dca42f32313c46b78,0.011882134014740586,40768,2.124005639024701e-15,0.0,real-simplex;analytic-Laurent-and-jets;Gauss=32;lambda=0.0;refined,0.0,0.0,0.0,0.0,0.0,0.0,0.00045940648052375825,0.0,0.0
weighted_release,massive_weighted_tensor,metric,base,direct,08d1bd9a889a0f7747321f2c274742585e2e27de5b599b6dca42f32313c46b78,0.005486427980940789,40768,2.0542894708912623e-15,0.0,real-simplex;analytic-Laurent-and-jets;Gauss=32;lambda=0.0;refined,-0.0,0.0,-0.0,0.0,-0.0,0.0,-0.00011215214063927064,0.0,0.0
cut_release,massive_physical_cut,scalar,base,direct,08d1bd9a889a0f7747321f2c274742585e2e27de5b599b6dca42f32313c46b78,0.14546136604622006,201088,1.5570007970454818e-13,0.0,causal-simplex-contour;analytic-Laurent-and-jets;Gauss=52;lambda=2.0;refined,0.0,0.0,0.0,0.0,0.0,0.0,0.07286146991699494,0.24091139097559414,0.0
cut_release,massive_physical_cut,metric,base,direct,08d1bd9a889a0f7747321f2c274742585e2e27de5b599b6dca42f32313c46b78,0.14468939101789147,201088,6.748584125531122e-15,0.0,causal-simplex-contour;analytic-Laurent-and-jets;Gauss=52;lambda=2.0;refined,-0.0,0.0,-0.0,0.0,-0.0,0.0,-0.10767132264675004,-0.05785471584321842,0.0
cut_release,massive_physical_cut,tensor,base,direct,08d1bd9a889a0f7747321f2c274742585e2e27de5b599b6dca42f32313c46b78,0.14264201000332832,201088,8.357066161724907e-15,0.0,causal-simplex-contour;analytic-Laurent-and-jets;Gauss=52;lambda=2.0;refined,0.0,0.0,0.0,0.0,0.0,0.0,0.009071328996861229,0.004000587066875815,0.0
ultraviolet_release,uv_dimensional_trace,scalar,base,direct,08d1bd9a889a0f7747321f2c274742585e2e27de5b599b6dca42f32313c46b78,0.003863656020257622,52,3.3306690738754696e-16,2.285753285992969e-16,real-simplex;analytic-Laurent-and-jets;Gauss=32;lambda=0.0;refined,1.0,0.0,0.0,0.0,0.0,0.0,0.41181459387987585,0.0,0.0
ultraviolet_release,uv_dimensional_trace,metric,base,direct,08d1bd9a889a0f7747321f2c274742585e2e27de5b599b6dca42f32313c46b78,0.00030087598133832216,52,4.2638443466604405e-16,2.285753285992969e-16,real-simplex;analytic-Laurent-and-jets;Gauss=32;lambda=0.0;refined,0.5833333333333333,0.0,-0.0,0.0,-0.0,0.0,0.7811422751593033,0.0,0.0
ultraviolet_release,uv_dimensional_trace,longitudinal,base,direct,08d1bd9a889a0f7747321f2c274742585e2e27de5b599b6dca42f32313c46b78,0.0002802759991027415,52,5.412337245047638e-16,2.285753285992969e-16,real-simplex;analytic-Laurent-and-jets;Gauss=32;lambda=0.0;refined,0.3333333333333333,0.0,0.0,0.0,0.0,0.0,0.07303357542879935,0.0,0.0
ultraviolet_release,uv_dimensional_trace,pinch,base,direct,08d1bd9a889a0f7747321f2c274742585e2e27de5b599b6dca42f32313c46b78,0.0002214339911006391,2,0.0,2.285753285992969e-16,real-simplex;analytic-Laurent-and-jets;Gauss=32;lambda=0.0;refined,2.1,0.0,-0.0,0.0,-0.0,0.0,1.6562509032988653,0.0,0.0
collinear_release,soft_collinear_triangle,scalar_jet,0,direct,08d1bd9a889a0f7747321f2c274742585e2e27de5b599b6dca42f32313c46b78,0.00016149296425282955,3,4e-15,0.0,analytic-dirichlet-IR-triangle-and-jets,0.0,0.0,-0.29411764705882354,0.0,0.20386681781174862,0.0,0.17124721366618018,0.0,0.0
collinear_release,soft_collinear_triangle,scalar_jet,1,direct,08d1bd9a889a0f7747321f2c274742585e2e27de5b599b6dca42f32313c46b78,0.00016149296425282955,3,4e-15,0.0,analytic-dirichlet-IR-triangle-and-jets,0.0,0.0,-0.08650519031141869,0.0,-0.02654436154325733,0.0,0.11032765631703788,0.0,0.0
collinear_release,soft_collinear_triangle,scalar_jet,2,direct,08d1bd9a889a0f7747321f2c274742585e2e27de5b599b6dca42f32313c46b78,0.00016149296425282955,3,4e-15,0.0,analytic-dirichlet-IR-triangle-and-jets,0.0,0.0,-0.025442703032770204,0.0,-0.020528516676166668,0.0,0.028545728101590943,0.0,0.0
collinear_release,soft_collinear_triangle,single_pole,base,direct,08d1bd9a889a0f7747321f2c274742585e2e27de5b599b6dca42f32313c46b78,6.11509894952178e-05,1,4e-15,0.0,analytic-dirichlet-IR-triangle-and-jets,0.0,0.0,0.0,0.0,-0.29411764705882354,0.0,-0.38436847630589843,0.0,0.0
collinear_release,soft_collinear_triangle,finite_tensor,base,direct,08d1bd9a889a0f7747321f2c274742585e2e27de5b599b6dca42f32313c46b78,5.2081013564020395e-05,1,4e-15,0.0,analytic-dirichlet-IR-triangle-and-jets,0.0,0.0,0.0,0.0,0.0,0.0,-0.14705882352941177,0.0,0.0
massless_box_release,massless_box_infrared,one_mass,base,direct,08d1bd9a889a0f7747321f2c274742585e2e27de5b599b6dca42f32313c46b78,0.007189211959484965,1,4e-15,0.0,analytic-causal-zero-or-one-mass-IR-box,0.0,0.0,0.16666666666666666,0.0,-0.28198568904305643,0.0,-0.5903345523736558,0.0,0.0
massless_box_release,massless_box_infrared,on_shell,base,direct,08d1bd9a889a0f7747321f2c274742585e2e27de5b599b6dca42f32313c46b78,6.767094600945711e-05,1,4e-15,0.0,analytic-causal-zero-or-one-mass-IR-box,0.0,0.0,0.4,0.0,-0.248265718173941,0.0,-1.2808818552189765,0.0,0.0
matching_release,exceptional_gram_mixed_jets,mixed_jet,"0,0",direct,08d1bd9a889a0f7747321f2c274742585e2e27de5b599b6dca42f32313c46b78,0.023116095981094986,40768,6.472171571938103e-15,0.0,real-simplex;analytic-Laurent-and-jets;Gauss=32;lambda=0.0;refined,-0.0,0.0,-0.0,0.0,-0.0,0.0,-0.060797954602937486,0.0,0.0
matching_release,exceptional_gram_mixed_jets,mixed_jet,"0,1",direct,08d1bd9a889a0f7747321f2c274742585e2e27de5b599b6dca42f32313c46b78,0.023116095981094986,40768,6.472171571938103e-15,0.0,real-simplex;analytic-Laurent-and-jets;Gauss=32;lambda=0.0;refined,-0.0,0.0,-0.0,0.0,-0.0,0.0,0.004755883208895588,0.0,0.0
matching_release,exceptional_gram_mixed_jets,mixed_jet,"0,2",direct,08d1bd9a889a0f7747321f2c274742585e2e27de5b599b6dca42f32313c46b78,0.023116095981094986,40768,6.472171571938103e-15,0.0,real-simplex;analytic-Laurent-and-jets;Gauss=32;lambda=0.0;refined,-0.0,0.0,-0.0,0.0,-0.0,0.0,-0.0005577214883993508,0.0,0.0
matching_release,exceptional_gram_mixed_jets,mixed_jet,"0,3",direct,08d1bd9a889a0f7747321f2c274742585e2e27de5b599b6dca42f32313c46b78,0.023116095981094986,40768,6.472171571938103e-15,0.0,real-simplex;analytic-Laurent-and-jets;Gauss=32;lambda=0.0;refined,-0.0,0.0,-0.0,0.0,-0.0,0.0,5.974291752453324e-05,0.0,0.0
matching_release,exceptional_gram_mixed_jets,mixed_jet,"1,0",direct,08d1bd9a889a0f7747321f2c274742585e2e27de5b599b6dca42f32313c46b78,0.023116095981094986,40768,6.472171571938103e-15,0.0,real-simplex;analytic-Laurent-and-jets;Gauss=32;lambda=0.0;refined,-0.0,0.0,-0.0,0.0,-0.0,0.0,0.009309340294454954,0.0,0.0
matching_release,exceptional_gram_mixed_jets,mixed_jet,"1,1",direct,08d1bd9a889a0f7747321f2c274742585e2e27de5b599b6dca42f32313c46b78,0.023116095981094986,40768,6.472171571938103e-15,0.0,real-simplex;analytic-Laurent-and-jets;Gauss=32;lambda=0.0;refined,-0.0,0.0,-0.0,0.0,-0.0,0.0,-0.0017769138797905258,0.0,0.0
matching_release,exceptional_gram_mixed_jets,mixed_jet,"1,2",direct,08d1bd9a889a0f7747321f2c274742585e2e27de5b599b6dca42f32313c46b78,0.023116095981094986,40768,6.472171571938103e-15,0.0,real-simplex;analytic-Laurent-and-jets;Gauss=32;lambda=0.0;refined,-0.0,0.0,-0.0,0.0,-0.0,0.0,0.0002631394973782556,0.0,0.0
matching_release,exceptional_gram_mixed_jets,mixed_jet,"2,0",direct,08d1bd9a889a0f7747321f2c274742585e2e27de5b599b6dca42f32313c46b78,0.023116095981094986,40768,6.472171571938103e-15,0.0,real-simplex;analytic-Laurent-and-jets;Gauss=32;lambda=0.0;refined,-0.0,0.0,-0.0,0.0,-0.0,0.0,-0.0028198821835599716,0.0,0.0
matching_release,exceptional_gram_mixed_jets,mixed_jet,"2,1",direct,08d1bd9a889a0f7747321f2c274742585e2e27de5b599b6dca42f32313c46b78,0.023116095981094986,40768,6.472171571938103e-15,0.0,real-simplex;analytic-Laurent-and-jets;Gauss=32;lambda=0.0;refined,-0.0,0.0,-0.0,0.0,-0.0,0.0,0.00047953269186956773,0.0,0.0
matching_release,exceptional_gram_mixed_jets,mixed_jet,"3,0",direct,08d1bd9a889a0f7747321f2c274742585e2e27de5b599b6dca42f32313c46b78,0.023116095981094986,40768,6.472171571938103e-15,0.0,real-simplex;analytic-Laurent-and-jets;Gauss=32;lambda=0.0;refined,-0.0,0.0,-0.0,0.0,-0.0,0.0,0.0003601626818656481,0.0,0.0
matching_release,exceptional_gram_mixed_jets,scaled_jet,"0,0",direct,08d1bd9a889a0f7747321f2c274742585e2e27de5b599b6dca42f32313c46b78,0.016182259016204625,40768,6.433978381888935e-15,0.0,real-simplex;analytic-Laurent-and-jets;Gauss=32;lambda=0.0;refined,-0.0,0.0,-0.0,0.0,-0.0,0.0,-6.079795460293749e-14,0.0,0.0
matching_release,exceptional_gram_mixed_jets,scaled_jet,"0,1",direct,08d1bd9a889a0f7747321f2c274742585e2e27de5b599b6dca42f32313c46b78,0.016182259016204625,40768,6.433978381888935e-15,0.0,real-simplex;analytic-Laurent-and-jets;Gauss=32;lambda=0.0;refined,-0.0,0.0,-0.0,0.0,-0.0,0.0,4.755883208895589e-15,0.0,0.0
matching_release,exceptional_gram_mixed_jets,scaled_jet,"0,2",direct,08d1bd9a889a0f7747321f2c274742585e2e27de5b599b6dca42f32313c46b78,0.016182259016204625,40768,6.433978381888935e-15,0.0,real-simplex;analytic-Laurent-and-jets;Gauss=32;lambda=0.0;refined,-0.0,0.0,-0.0,0.0,-0.0,0.0,-5.577214883993509e-16,0.0,0.0
matching_release,exceptional_gram_mixed_jets,scaled_jet,"0,3",direct,08d1bd9a889a0f7747321f2c274742585e2e27de5b599b6dca42f32313c46b78,0.016182259016204625,40768,6.433978381888935e-15,0.0,real-simplex;analytic-Laurent-and-jets;Gauss=32;lambda=0.0;refined,-0.0,0.0,-0.0,0.0,-0.0,0.0,5.974291752453326e-17,0.0,0.0
matching_release,exceptional_gram_mixed_jets,scaled_jet,"1,0",direct,08d1bd9a889a0f7747321f2c274742585e2e27de5b599b6dca42f32313c46b78,0.016182259016204625,40768,6.433978381888935e-15,0.0,real-simplex;analytic-Laurent-and-jets;Gauss=32;lambda=0.0;refined,-0.0,0.0,-0.0,0.0,-0.0,0.0,9.309340294454955e-15,0.0,0.0
matching_release,exceptional_gram_mixed_jets,scaled_jet,"1,1",direct,08d1bd9a889a0f7747321f2c274742585e2e27de5b599b6dca42f32313c46b78,0.016182259016204625,40768,6.433978381888935e-15,0.0,real-simplex;analytic-Laurent-and-jets;Gauss=32;lambda=0.0;refined,-0.0,0.0,-0.0,0.0,-0.0,0.0,-1.7769138797905263e-15,0.0,0.0
matching_release,exceptional_gram_mixed_jets,scaled_jet,"1,2",direct,08d1bd9a889a0f7747321f2c274742585e2e27de5b599b6dca42f32313c46b78,0.016182259016204625,40768,6.433978381888935e-15,0.0,real-simplex;analytic-Laurent-and-jets;Gauss=32;lambda=0.0;refined,-0.0,0.0,-0.0,0.0,-0.0,0.0,2.6313949737825575e-16,0.0,0.0
matching_release,exceptional_gram_mixed_jets,scaled_jet,"2,0",direct,08d1bd9a889a0f7747321f2c274742585e2e27de5b599b6dca42f32313c46b78,0.016182259016204625,40768,6.433978381888935e-15,0.0,real-simplex;analytic-Laurent-and-jets;Gauss=32;lambda=0.0;refined,-0.0,0.0,-0.0,0.0,-0.0,0.0,-2.8198821835599723e-15,0.0,0.0
matching_release,exceptional_gram_mixed_jets,scaled_jet,"2,1",direct,08d1bd9a889a0f7747321f2c274742585e2e27de5b599b6dca42f32313c46b78,0.016182259016204625,40768,6.433978381888935e-15,0.0,real-simplex;analytic-Laurent-and-jets;Gauss=32;lambda=0.0;refined,-0.0,0.0,-0.0,0.0,-0.0,0.0,4.795326918695678e-16,0.0,0.0
matching_release,exceptional_gram_mixed_jets,scaled_jet,"3,0",direct,08d1bd9a889a0f7747321f2c274742585e2e27de5b599b6dca42f32313c46b78,0.016182259016204625,40768,6.433978381888935e-15,0.0,real-simplex;analytic-Laurent-and-jets;Gauss=32;lambda=0.0;refined,-0.0,0.0,-0.0,0.0,-0.0,0.0,3.6016268186564813e-16,0.0,0.0
weighted_release,massive_weighted_tensor,weighted,base,order_8,ac83a193c58c451d7845f4f55102f35b7f0d021c39db3f44ac983f0f8525b10c,0.0019822490285150707,576,0.004573485778818023,0.0,real-simplex;analytic-Laurent-and-jets;Gauss=8;lambda=0.0;UNCONVERGED,0.0,0.0,0.0,0.0,0.0,0.0,0.00045940644879947023,0.0,6.905494233003563e-08
weighted_release,massive_weighted_tensor,metric,base,order_8,ac83a193c58c451d7845f4f55102f35b7f0d021c39db3f44ac983f0f8525b10c,0.0008505270234309137,576,0.000658230308418599,0.0,real-simplex;analytic-Laurent-and-jets;Gauss=8;lambda=0.0;UNCONVERGED,-0.0,0.0,-0.0,0.0,-0.0,0.0,-0.00011215214055593415,0.0,7.43066349238976e-10
cut_release,massive_physical_cut,scalar,base,order_8,ac83a193c58c451d7845f4f55102f35b7f0d021c39db3f44ac983f0f8525b10c,0.0015563910128548741,576,0.020828350310928057,0.0,causal-simplex-contour;analytic-Laurent-and-jets;Gauss=8;lambda=3.0;UNCONVERGED,0.0,0.0,0.0,0.0,0.0,0.0,0.07329325332183471,0.24101693303587385,0.0017922913611150926
cut_release,massive_physical_cut,metric,base,order_8,ac83a193c58c451d7845f4f55102f35b7f0d021c39db3f44ac983f0f8525b10c,0.001212353992741555,576,0.014344100158750704,0.0,causal-simplex-contour;analytic-Laurent-and-jets;Gauss=8;lambda=3.0;UNCONVERGED,-0.0,0.0,-0.0,0.0,-0.0,0.0,-0.10765732429970265,-0.05779868102047695,0.0005204247645894411
cut_release,massive_physical_cut,tensor,base,order_8,ac83a193c58c451d7845f4f55102f35b7f0d021c39db3f44ac983f0f8525b10c,0.0011886829743161798,576,0.023512819034753534,0.0,causal-simplex-contour;analytic-Laurent-and-jets;Gauss=8;lambda=3.0;UNCONVERGED,0.0,0.0,0.0,0.0,0.0,0.0,0.009070902293629453,0.003997497237523146,0.00034061484857815657
ultraviolet_release,uv_dimensional_trace,scalar,base,order_8,ac83a193c58c451d7845f4f55102f35b7f0d021c39db3f44ac983f0f8525b10c,0.0006631030119024217,12,3.92411132816295e-05,7.158064634491142e-08,real-simplex;analytic-Laurent-and-jets;Gauss=8;lambda=0.0;UNCONVERGED,0.9999999999999999,0.0,0.0,0.0,0.0,0.0,0.41181468629538787,0.0,9.241551202077147e-08
ultraviolet_release,uv_dimensional_trace,metric,base,order_8,ac83a193c58c451d7845f4f55102f35b7f0d021c39db3f44ac983f0f8525b10c,0.0002572750090621412,12,2.1343201995845125e-05,7.158064634491142e-08,real-simplex;analytic-Laurent-and-jets;Gauss=8;lambda=0.0;UNCONVERGED,0.5833333333333334,0.0,-0.0,0.0,-0.0,0.0,0.7811422678716716,0.0,9.32945501998781e-09
ultraviolet_release,uv_dimensional_trace,longitudinal,base,order_8,ac83a193c58c451d7845f4f55102f35b7f0d021c39db3f44ac983f0f8525b10c,0.00024594494607299566,12,0.00033689846513595967,7.158064634491142e-08,real-simplex;analytic-Laurent-and-jets;Gauss=8;lambda=0.0;UNCONVERGED,0.3333333333333333,0.0,0.0,0.0,0.0,0.0,0.07303354602770384,0.0,8.82032865079374e-08
ultraviolet_release,uv_dimensional_trace,pinch,base,order_8,ac83a193c58c451d7845f4f55102f35b7f0d021c39db3f44ac983f0f8525b10c,0.0001750140218064189,2,0.0,7.158064634491142e-08,real-simplex;analytic-Laurent-and-jets;Gauss=8;lambda=0.0;UNCONVERGED,2.1,0.0,-0.0,0.0,-0.0,0.0,1.6562509032988653,0.0,0.0
collinear_release,soft_collinear_triangle,scalar_jet,0,order_8,ac83a193c58c451d7845f4f55102f35b7f0d021c39db3f44ac983f0f8525b10c,0.00012581300688907504,3,4e-15,0.0,analytic-dirichlet-IR-triangle-and-jets,0.0,0.0,-0.29411764705882354,0.0,0.20386681781174862,0.0,0.17124721366618018,0.0,0.0
collinear_release,soft_collinear_triangle,scalar_jet,1,order_8,ac83a193c58c451d7845f4f55102f35b7f0d021c39db3f44ac983f0f8525b10c,0.00012581300688907504,3,4e-15,0.0,analytic-dirichlet-IR-triangle-and-jets,0.0,0.0,-0.08650519031141869,0.0,-0.02654436154325733,0.0,0.11032765631703788,0.0,0.0
collinear_release,soft_collinear_triangle,scalar_jet,2,order_8,ac83a193c58c451d7845f4f55102f35b7f0d021c39db3f44ac983f0f8525b10c,0.00012581300688907504,3,4e-15,0.0,analytic-dirichlet-IR-triangle-and-jets,0.0,0.0,-0.025442703032770204,0.0,-0.020528516676166668,0.0,0.028545728101590943,0.0,0.0
collinear_release,soft_collinear_triangle,single_pole,base,order_8,ac83a193c58c451d7845f4f55102f35b7f0d021c39db3f44ac983f0f8525b10c,4.9660971853882074e-05,1,4e-15,0.0,analytic-dirichlet-IR-triangle-and-jets,0.0,0.0,0.0,0.0,-0.29411764705882354,0.0,-0.38436847630589843,0.0,0.0
collinear_release,soft_collinear_triangle,finite_tensor,base,order_8,ac83a193c58c451d7845f4f55102f35b7f0d021c39db3f44ac983f0f8525b10c,4.324002657085657e-05,1,4e-15,0.0,analytic-dirichlet-IR-triangle-and-jets,0.0,0.0,0.0,0.0,0.0,0.0,-0.14705882352941177,0.0,0.0
massless_box_release,massless_box_infrared,one_mass,base,order_8,ac83a193c58c451d7845f4f55102f35b7f0d021c39db3f44ac983f0f8525b10c,0.004379887017421424,1,4e-15,0.0,analytic-causal-zero-or-one-mass-IR-box,0.0,0.0,0.16666666666666666,0.0,-0.28198568904305643,0.0,-0.5903345523736558,0.0,0.0
massless_box_release,massless_box_infrared,on_shell,base,order_8,ac83a193c58c451d7845f4f55102f35b7f0d021c39db3f44ac983f0f8525b10c,4.212098428979516e-05,1,4e-15,0.0,analytic-causal-zero-or-one-mass-IR-box,0.0,0.0,0.4,0.0,-0.248265718173941,0.0,-1.2808818552189765,0.0,0.0
matching_release,exceptional_gram_mixed_jets,mixed_jet,"0,0",order_8,ac83a193c58c451d7845f4f55102f35b7f0d021c39db3f44ac983f0f8525b10c,0.0017779750050976872,576,0.012846292539860906,0.0,real-simplex;analytic-Laurent-and-jets;Gauss=8;lambda=0.0;UNCONVERGED,-0.0,0.0,-0.0,0.0,-0.0,0.0,-0.06079795464153068,0.0,6.347777880835209e-10
matching_release,exceptional_gram_mixed_jets,mixed_jet,"0,1",order_8,ac83a193c58c451d7845f4f55102f35b7f0d021c39db3f44ac983f0f8525b10c,0.0017779750050976872,576,0.012846292539860906,0.0,real-simplex;analytic-Laurent-and-jets;Gauss=8;lambda=0.0;UNCONVERGED,-0.0,0.0,-0.0,0.0,-0.0,0.0,0.004755883191995906,0.0,3.553426657510933e-09
matching_release,exceptional_gram_mixed_jets,mixed_jet,"0,2",order_8,ac83a193c58c451d7845f4f55102f35b7f0d021c39db3f44ac983f0f8525b10c,0.0017779750050976872,576,0.012846292539860906,0.0,real-simplex;analytic-Laurent-and-jets;Gauss=8;lambda=0.0;UNCONVERGED,-0.0,0.0,-0.0,0.0,-0.0,0.0,-0.0005577214964595319,0.0,1.4451982344117557e-08
matching_release,exceptional_gram_mixed_jets,mixed_jet,"0,3",order_8,ac83a193c58c451d7845f4f55102f35b7f0d021c39db3f44ac983f0f8525b10c,0.0017779750050976872,576,0.012846292539860906,0.0,real-simplex;analytic-Laurent-and-jets;Gauss=8;lambda=0.0;UNCONVERGED,-0.0,0.0,-0.0,0.0,-0.0,0.0,5.974291320526815e-05,0.0,7.229752520985151e-08
matching_release,exceptional_gram_mixed_jets,mixed_jet,"1,0",order_8,ac83a193c58c451d7845f4f55102f35b7f0d021c39db3f44ac983f0f8525b10c,0.0017779750050976872,576,0.012846292539860906,0.0,real-simplex;analytic-Laurent-and-jets;Gauss=8;lambda=0.0;UNCONVERGED,-0.0,0.0,-0.0,0.0,-0.0,0.0,0.009309340348596054,0.0,5.8157826309052395e-09
matching_release,exceptional_gram_mixed_jets,mixed_jet,"1,1",order_8,ac83a193c58c451d7845f4f55102f35b7f0d021c39db3f44ac983f0f8525b10c,0.0017779750050976872,576,0.012846292539860906,0.0,real-simplex;analytic-Laurent-and-jets;Gauss=8;lambda=0.0;UNCONVERGED,-0.0,0.0,-0.0,0.0,-0.0,0.0,-0.001776913855131335,0.0,1.3877538458932321e-08
matching_release,exceptional_gram_mixed_jets,mixed_jet,"1,2",order_8,ac83a193c58c451d7845f4f55102f35b7f0d021c39db3f44ac983f0f8525b10c,0.0017779750050976872,576,0.012846292539860906,0.0,real-simplex;analytic-Laurent-and-jets;Gauss=8;lambda=0.0;UNCONVERGED,-0.0,0.0,-0.0,0.0,-0.0,0.0,0.00026313951020050496,0.0,4.8727954056447225e-08
matching_release,exceptional_gram_mixed_jets,mixed_jet,"2,0",order_8,ac83a193c58c451d7845f4f55102f35b7f0d021c39db3f44ac983f0f8525b10c,0.0017779750050976872,576,0.012846292539860906,0.0,real-simplex;analytic-Laurent-and-jets;Gauss=8;lambda=0.0;UNCONVERGED,-0.0,0.0,-0.0,0.0,-0.0,0.0,-0.002819882240431006,0.0,2.0167876051369596e-08
matching_release,exceptional_gram_mixed_jets,mixed_jet,"2,1",order_8,ac83a193c58c451d7845f4f55102f35b7f0d021c39db3f44ac983f0f8525b10c,0.0017779750050976872,576,0.012846292539860906,0.0,real-simplex;analytic-Laurent-and-jets;Gauss=8;lambda=0.0;UNCONVERGED,-0.0,0.0,-0.0,0.0,-0.0,0.0,0.0004795326651088771,0.0,5.5805768966639785e-08
matching_release,exceptional_gram_mixed_jets,mixed_jet,"3,0",order_8,ac83a193c58c451d7845f4f55102f35b7f0d021c39db3f44ac983f0f8525b10c,0.0017779750050976872,576,0.012846292539860906,0.0,real-simplex;analytic-Laurent-and-jets;Gauss=8;lambda=0.0;UNCONVERGED,-0.0,0.0,-0.0,0.0,-0.0,0.0,0.00036016272479990355,0.0,1.1920795128563605e-07
matching_release,exceptional_gram_mixed_jets,scaled_jet,"0,0",order_8,ac83a193c58c451d7845f4f55102f35b7f0d021c39db3f44ac983f0f8525b10c,0.0012438640114851296,576,0.012846292539860452,0.0,real-simplex;analytic-Laurent-and-jets;Gauss=8;lambda=0.0;UNCONVERGED,-0.0,0.0,-0.0,0.0,-0.0,0.0,-6.07979546415307e-14,0.0,6.347780746136311e-10
matching_release,exceptional_gram_mixed_jets,scaled_jet,"0,1",order_8,ac83a193c58c451d7845f4f55102f35b7f0d021c39db3f44ac983f0f8525b10c,0.0012438640114851296,576,0.012846292539860452,0.0,real-simplex;analytic-Laurent-and-jets;Gauss=8;lambda=0.0;UNCONVERGED,-0.0,0.0,-0.0,0.0,-0.0,0.0,4.755883191995907e-15,0.0,3.5534266156835284e-09
matching_release,exceptional_gram_mixed_jets,scaled_jet,"0,2",order_8,ac83a193c58c451d7845f4f55102f35b7f0d021c39db3f44ac983f0f8525b10c,0.0012438640114851296,576,0.012846292539860452,0.0,real-simplex;analytic-Laurent-and-jets;Gauss=8;lambda=0.0;UNCONVERGED,-0.0,0.0,-0.0,0.0,-0.0,0.0,-5.577214964595321e-16,0.0,1.4451982466432048e-08
matching_release,exceptional_gram_mixed_jets,scaled_jet,"0,3",order_8,ac83a193c58c451d7845f4f55102f35b7f0d021c39db3f44ac983f0f8525b10c,0.0012438640114851296,576,0.012846292539860452,0.0,real-simplex;analytic-Laurent-and-jets;Gauss=8;lambda=0.0;UNCONVERGED,-0.0,0.0,-0.0,0.0,-0.0,0.0,5.974291320526818e-17,0.0,7.229752507965833e-08
matching_release,exceptional_gram_mixed_jets,scaled_jet,"1,0",order_8,ac83a193c58c451d7845f4f55102f35b7f0d021c39db3f44ac983f0f8525b10c,0.0012438640114851296,576,0.012846292539860452,0.0,real-simplex;analytic-Laurent-and-jets;Gauss=8;lambda=0.0;UNCONVERGED,-0.0,0.0,-0.0,0.0,-0.0,0.0,9.309340348596054e-15,0.0,5.815782512959982e-09
matching_release,exceptional_gram_mixed_jets,scaled_jet,"1,1",order_8,ac83a193c58c451d7845f4f55102f35b7f0d021c39db3f44ac983f0f8525b10c,0.0012438640114851296,576,0.012846292539860452,0.0,real-simplex;analytic-Laurent-and-jets;Gauss=8;lambda=0.0;UNCONVERGED,-0.0,0.0,-0.0,0.0,-0.0,0.0,-1.776913855131336e-15,0.0,1.3877538282089156e-08
matching_release,exceptional_gram_mixed_jets,scaled_jet,"1,2",order_8,ac83a193c58c451d7845f4f55102f35b7f0d021c39db3f44ac983f0f8525b10c,0.0012438640114851296,576,0.012846292539860452,0.0,real-simplex;analytic-Laurent-and-jets;Gauss=8;lambda=0.0;UNCONVERGED,-0.0,0.0,-0.0,0.0,-0.0,0.0,2.6313951020050503e-16,0.0,4.8727953845219165e-08
matching_release,exceptional_gram_mixed_jets,scaled_jet,"2,0",order_8,ac83a193c58c451d7845f4f55102f35b7f0d021c39db3f44ac983f0f8525b10c,0.0012438640114851296,576,0.012846292539860452,0.0,real-simplex;analytic-Laurent-and-jets;Gauss=8;lambda=0.0;UNCONVERGED,-0.0,0.0,-0.0,0.0,-0.0,0.0,-2.819882240431007e-15,0.0,2.016787623631516e-08
matching_release,exceptional_gram_mixed_jets,scaled_jet,"2,1",order_8,ac83a193c58c451d7845f4f55102f35b7f0d021c39db3f44ac983f0f8525b10c,0.0012438640114851296,576,0.012846292539860452,0.0,real-simplex;analytic-Laurent-and-jets;Gauss=8;lambda=0.0;UNCONVERGED,-0.0,0.0,-0.0,0.0,-0.0,0.0,4.795326651088772e-16,0.0,5.580576893390884e-08
matching_release,exceptional_gram_mixed_jets,scaled_jet,"3,0",order_8,ac83a193c58c451d7845f4f55102f35b7f0d021c39db3f44ac983f0f8525b10c,0.0012438640114851296,576,0.012846292539860452,0.0,real-simplex;analytic-Laurent-and-jets;Gauss=8;lambda=0.0;UNCONVERGED,-0.0,0.0,-0.0,0.0,-0.0,0.0,3.6016272479990353e-16,0.0,1.1920795118224201e-07
weighted_release,massive_weighted_tensor,weighted,base,order_12,11d6792807ec295414641019a33081e48527ecb797137808ca565b6b1fe439eb,0.0041701929876580834,2240,6.905654807818786e-08,0.0,real-simplex;analytic-Laurent-and-jets;Gauss=12;lambda=0.0;UNCONVERGED,0.0,0.0,0.0,0.0,0.0,0.0,0.00045940648052449594,0.0,1.6057482631026739e-12
weighted_release,massive_weighted_tensor,metric,base,order_12,11d6792807ec295414641019a33081e48527ecb797137808ca565b6b1fe439eb,0.0011658929870463908,2240,7.430535401399318e-10,0.0,real-simplex;analytic-Laurent-and-jets;Gauss=12;lambda=0.0;UNCONVERGED,-0.0,0.0,-0.0,0.0,-0.0,0.0,-0.0001121521406392692,0.0,1.2809099053792576e-14
cut_release,massive_physical_cut,scalar,base,order_12,11d6792807ec295414641019a33081e48527ecb797137808ca565b6b1fe439eb,0.00322637299541384,2240,0.0018029092150767415,0.0,causal-simplex-contour;analytic-Laurent-and-jets;Gauss=12;lambda=3.0;UNCONVERGED,0.0,0.0,0.0,0.0,0.0,0.0,0.07284615046469263,0.2409391906385503,0.00011539372564983238
cut_release,massive_physical_cut,metric,base,order_12,11d6792807ec295414641019a33081e48527ecb797137808ca565b6b1fe439eb,0.0029228180064819753,2240,0.0004697745799593703,0.0,causal-simplex-contour;analytic-Laurent-and-jets;Gauss=12;lambda=3.0;UNCONVERGED,-0.0,0.0,-0.0,0.0,-0.0,0.0,-0.10767263487699151,-0.057854023356504865,1.218736994411484e-05
cut_release,massive_physical_cut,tensor,base,order_12,11d6792807ec295414641019a33081e48527ecb797137808ca565b6b1fe439eb,0.0028722260030917823,2240,0.0003125600790633399,0.0,causal-simplex-contour;analytic-Laurent-and-jets;Gauss=12;lambda=3.0;UNCONVERGED,0.0,0.0,0.0,0.0,0.0,0.0,0.009071442735644803,0.004000548594592775,1.2538271251445563e-05
ultraviolet_release,uv_dimensional_trace,scalar,base,order_12,11d6792807ec295414641019a33081e48527ecb797137808ca565b6b1fe439eb,0.0009666789555922151,20,9.239446008280083e-08,1.7626096660659212e-12,real-simplex;analytic-Laurent-and-jets;Gauss=12;lambda=0.0;UNCONVERGED,1.0,0.0,0.0,0.0,0.0,0.0,0.4118145939009278,0.0,2.1051937970639756e-11
ultraviolet_release,uv_dimensional_trace,metric,base,order_12,11d6792807ec295414641019a33081e48527ecb797137808ca565b6b1fe439eb,0.0003039059811271727,20,9.327657383228026e-09,1.7626096660659212e-12,real-simplex;analytic-Laurent-and-jets;Gauss=12;lambda=0.0;UNCONVERGED,0.5833333333333335,0.0,-0.0,0.0,-0.0,0.0,0.7811422751578991,0.0,1.7976367765520416e-12
ultraviolet_release,uv_dimensional_trace,longitudinal,base,order_12,11d6792807ec295414641019a33081e48527ecb797137808ca565b6b1fe439eb,0.00027545500779524446,20,8.823982727834688e-08,1.7626096660659212e-12,real-simplex;analytic-Laurent-and-jets;Gauss=12;lambda=0.0;UNCONVERGED,0.33333333333333337,0.0,0.0,0.0,0.0,0.0,0.0730335754409796,0.0,3.654077040948778e-11
ultraviolet_release,uv_dimensional_trace,pinch,base,order_12,11d6792807ec295414641019a33081e48527ecb797137808ca565b6b1fe439eb,0.00020326400408521295,2,0.0,1.7626096660659212e-12,real-simplex;analytic-Laurent-and-jets;Gauss=12;lambda=0.0;UNCONVERGED,2.1,0.0,-0.0,0.0,-0.0,0.0,1.6562509032988653,0.0,0.0
collinear_release,soft_collinear_triangle,scalar_jet,0,order_12,11d6792807ec295414641019a33081e48527ecb797137808ca565b6b1fe439eb,0.00014351197751238942,3,4e-15,0.0,analytic-dirichlet-IR-triangle-and-jets,0.0,0.0,-0.29411764705882354,0.0,0.20386681781174862,0.0,0.17124721366618018,0.0,0.0
collinear_release,soft_collinear_triangle,scalar_jet,1,order_12,11d6792807ec295414641019a33081e48527ecb797137808ca565b6b1fe439eb,0.00014351197751238942,3,4e-15,0.0,analytic-dirichlet-IR-triangle-and-jets,0.0,0.0,-0.08650519031141869,0.0,-0.02654436154325733,0.0,0.11032765631703788,0.0,0.0
collinear_release,soft_collinear_triangle,scalar_jet,2,order_12,11d6792807ec295414641019a33081e48527ecb797137808ca565b6b1fe439eb,0.00014351197751238942,3,4e-15,0.0,analytic-dirichlet-IR-triangle-and-jets,0.0,0.0,-0.025442703032770204,0.0,-0.020528516676166668,0.0,0.028545728101590943,0.0,0.0
collinear_release,soft_collinear_triangle,single_pole,base,order_12,11d6792807ec295414641019a33081e48527ecb797137808ca565b6b1fe439eb,5.592196248471737e-05,1,4e-15,0.0,analytic-dirichlet-IR-triangle-and-jets,0.0,0.0,0.0,0.0,-0.29411764705882354,0.0,-0.38436847630589843,0.0,0.0
collinear_release,soft_collinear_triangle,finite_tensor,base,order_12,11d6792807ec295414641019a33081e48527ecb797137808ca565b6b1fe439eb,4.947098204866052e-05,1,4e-15,0.0,analytic-dirichlet-IR-triangle-and-jets,0.0,0.0,0.0,0.0,0.0,0.0,-0.14705882352941177,0.0,0.0
massless_box_release,massless_box_infrared,one_mass,base,order_12,11d6792807ec295414641019a33081e48527ecb797137808ca565b6b1fe439eb,0.0047030720161274076,1,4e-15,0.0,analytic-causal-zero-or-one-mass-IR-box,0.0,0.0,0.16666666666666666,0.0,-0.28198568904305643,0.0,-0.5903345523736558,0.0,0.0
massless_box_release,massless_box_infrared,on_shell,base,order_12,11d6792807ec295414641019a33081e48527ecb797137808ca565b6b1fe439eb,4.714098758995533e-05,1,4e-15,0.0,analytic-causal-zero-or-one-mass-IR-box,0.0,0.0,0.4,0.0,-0.248265718173941,0.0,-1.2808818552189765,0.0,0.0
matching_release,exceptional_gram_mixed_jets,mixed_jet,"0,0",order_12,11d6792807ec295414641019a33081e48527ecb797137808ca565b6b1fe439eb,0.0028207559953443706,2240,1.1920452299099729e-07,0.0,real-simplex;analytic-Laurent-and-jets;Gauss=12;lambda=0.0;UNCONVERGED,-0.0,0.0,-0.0,0.0,-0.0,0.0,-0.06079795460293786,0.0,6.163040734809301e-15
matching_release,exceptional_gram_mixed_jets,mixed_jet,"0,1",order_12,11d6792807ec295414641019a33081e48527ecb797137808ca565b6b1fe439eb,0.0028207559953443706,2240,1.1920452299099729e-07,0.0,real-simplex;analytic-Laurent-and-jets;Gauss=12;lambda=0.0;UNCONVERGED,-0.0,0.0,-0.0,0.0,-0.0,0.0,0.00475588320889544,0.0,3.11863960238964e-14
matching_release,exceptional_gram_mixed_jets,mixed_jet,"0,2",order_12,11d6792807ec295414641019a33081e48527ecb797137808ca565b6b1fe439eb,0.0028207559953443706,2240,1.1920452299099729e-07,0.0,real-simplex;analytic-Laurent-and-jets;Gauss=12;lambda=0.0;UNCONVERGED,-0.0,0.0,-0.0,0.0,-0.0,0.0,-0.0005577214883994212,0.0,1.2635902090452756e-13
matching_release,exceptional_gram_mixed_jets,mixed_jet,"0,3",order_12,11d6792807ec295414641019a33081e48527ecb797137808ca565b6b1fe439eb,0.0028207559953443706,2240,1.1920452299099729e-07,0.0,real-simplex;analytic-Laurent-and-jets;Gauss=12;lambda=0.0;UNCONVERGED,-0.0,0.0,-0.0,0.0,-0.0,0.0,5.9742917524500616e-05,0.0,5.460217581650902e-13
matching_release,exceptional_gram_mixed_jets,mixed_jet,"1,0",order_12,11d6792807ec295414641019a33081e48527ecb797137808ca565b6b1fe439eb,0.0028207559953443706,2240,1.1920452299099729e-07,0.0,real-simplex;analytic-Laurent-and-jets;Gauss=12;lambda=0.0;UNCONVERGED,-0.0,0.0,-0.0,0.0,-0.0,0.0,0.009309340294455744,0.0,8.478572665772975e-14
matching_release,exceptional_gram_mixed_jets,mixed_jet,"1,1",order_12,11d6792807ec295414641019a33081e48527ecb797137808ca565b6b1fe439eb,0.0028207559953443706,2240,1.1920452299099729e-07,0.0,real-simplex;analytic-Laurent-and-jets;Gauss=12;lambda=0.0;UNCONVERGED,-0.0,0.0,-0.0,0.0,-0.0,0.0,-0.0017769138797901975,0.0,1.8475651609368513e-13
matching_release,exceptional_gram_mixed_jets,mixed_jet,"1,2",order_12,11d6792807ec295414641019a33081e48527ecb797137808ca565b6b1fe439eb,0.0028207559953443706,2240,1.1920452299099729e-07,0.0,real-simplex;analytic-Laurent-and-jets;Gauss=12;lambda=0.0;UNCONVERGED,-0.0,0.0,-0.0,0.0,-0.0,0.0,0.00026313949737842335,0.0,6.374036499826783e-13
matching_release,exceptional_gram_mixed_jets,mixed_jet,"2,0",order_12,11d6792807ec295414641019a33081e48527ecb797137808ca565b6b1fe439eb,0.0028207559953443706,2240,1.1920452299099729e-07,0.0,real-simplex;analytic-Laurent-and-jets;Gauss=12;lambda=0.0;UNCONVERGED,-0.0,0.0,-0.0,0.0,-0.0,0.0,-0.0028198821835611187,0.0,4.0678504413312775e-13
matching_release,exceptional_gram_mixed_jets,mixed_jet,"2,1",order_12,11d6792807ec295414641019a33081e48527ecb797137808ca565b6b1fe439eb,0.0028207559953443706,2240,1.1920452299099729e-07,0.0,real-simplex;analytic-Laurent-and-jets;Gauss=12;lambda=0.0;UNCONVERGED,-0.0,0.0,-0.0,0.0,-0.0,0.0,0.00047953269186906076,0.0,1.0572228847999333e-12
matching_release,exceptional_gram_mixed_jets,mixed_jet,"3,0",order_12,11d6792807ec295414641019a33081e48527ecb797137808ca565b6b1fe439eb,0.0028207559953443706,2240,1.1920452299099729e-07,0.0,real-simplex;analytic-Laurent-and-jets;Gauss=12;lambda=0.0;UNCONVERGED,-0.0,0.0,-0.0,0.0,-0.0,0.0,0.00036016268186688286,0.0,3.428294230093818e-12
matching_release,exceptional_gram_mixed_jets,scaled_jet,"0,0",order_12,11d6792807ec295414641019a33081e48527ecb797137808ca565b6b1fe439eb,0.0019973699818365276,2240,1.1920452255582154e-07,0.0,real-simplex;analytic-Laurent-and-jets;Gauss=12;lambda=0.0;UNCONVERGED,-0.0,0.0,-0.0,0.0,-0.0,0.0,-6.079795460293786e-14,0.0,6.0204568132768144e-15
matching_release,exceptional_gram_mixed_jets,scaled_jet,"0,1",order_12,11d6792807ec295414641019a33081e48527ecb797137808ca565b6b1fe439eb,0.0019973699818365276,2240,1.1920452255582154e-07,0.0,real-simplex;analytic-Laurent-and-jets;Gauss=12;lambda=0.0;UNCONVERGED,-0.0,0.0,-0.0,0.0,-0.0,0.0,4.75588320889544e-15,0.0,3.134953163019199e-14
matching_release,exceptional_gram_mixed_jets,scaled_jet,"0,2",order_12,11d6792807ec295414641019a33081e48527ecb797137808ca565b6b1fe439eb,0.0019973699818365276,2240,1.1920452255582154e-07,0.0,real-simplex;analytic-Laurent-and-jets;Gauss=12;lambda=0.0;UNCONVERGED,-0.0,0.0,-0.0,0.0,-0.0,0.0,-5.577214883994213e-16,0.0,1.262383416372186e-13
matching_release,exceptional_gram_mixed_jets,scaled_jet,"0,3",order_12,11d6792807ec295414641019a33081e48527ecb797137808ca565b6b1fe439eb,0.0019973699818365276,2240,1.1920452255582154e-07,0.0,real-simplex;analytic-Laurent-and-jets;Gauss=12;lambda=0.0;UNCONVERGED,-0.0,0.0,-0.0,0.0,-0.0,0.0,5.974291752450063e-17,0.0,5.461198641408363e-13
matching_release,exceptional_gram_mixed_jets,scaled_jet,"1,0",order_12,11d6792807ec295414641019a33081e48527ecb797137808ca565b6b1fe439eb,0.0019973699818365276,2240,1.1920452255582154e-07,0.0,real-simplex;analytic-Laurent-and-jets;Gauss=12;lambda=0.0;UNCONVERGED,-0.0,0.0,-0.0,0.0,-0.0,0.0,9.309340294455744e-15,0.0,8.473864745183838e-14
matching_release,exceptional_gram_mixed_jets,scaled_jet,"1,1",order_12,11d6792807ec295414641019a33081e48527ecb797137808ca565b6b1fe439eb,0.0019973699818365276,2240,1.1920452255582154e-07,0.0,real-simplex;analytic-Laurent-and-jets;Gauss=12;lambda=0.0;UNCONVERGED,-0.0,0.0,-0.0,0.0,-0.0,0.0,-1.7769138797901977e-15,0.0,1.8490517225476577e-13
matching_release,exceptional_gram_mixed_jets,scaled_jet,"1,2",order_12,11d6792807ec295414641019a33081e48527ecb797137808ca565b6b1fe439eb,0.0019973699818365276,2240,1.1920452255582154e-07,0.0,real-simplex;analytic-Laurent-and-jets;Gauss=12;lambda=0.0;UNCONVERGED,-0.0,0.0,-0.0,0.0,-0.0,0.0,2.6313949737842343e-16,0.0,6.372370846517303e-13
matching_release,exceptional_gram_mixed_jets,scaled_jet,"2,0",order_12,11d6792807ec295414641019a33081e48527ecb797137808ca565b6b1fe439eb,0.0019973699818365276,2240,1.1920452255582154e-07,0.0,real-simplex;analytic-Laurent-and-jets;Gauss=12;lambda=0.0;UNCONVERGED,-0.0,0.0,-0.0,0.0,-0.0,0.0,-2.8198821835611193e-15,0.0,4.067559144415429e-13
matching_release,exceptional_gram_mixed_jets,scaled_jet,"2,1",order_12,11d6792807ec295414641019a33081e48527ecb797137808ca565b6b1fe439eb,0.0019973699818365276,2240,1.1920452255582154e-07,0.0,real-simplex;analytic-Laurent-and-jets;Gauss=12;lambda=0.0;UNCONVERGED,-0.0,0.0,-0.0,0.0,-0.0,0.0,4.79532691869061e-16,0.0,1.0569521957480234e-12
matching_release,exceptional_gram_mixed_jets,scaled_jet,"3,0",order_12,11d6792807ec295414641019a33081e48527ecb797137808ca565b6b1fe439eb,0.0019973699818365276,2240,1.1920452255582154e-07,0.0,real-simplex;analytic-Laurent-and-jets;Gauss=12;lambda=0.0;UNCONVERGED,-0.0,0.0,-0.0,0.0,-0.0,0.0,3.60162681866883e-16,0.0,3.428626011761495e-12
weighted_release,massive_weighted_tensor,weighted,base,order_20,426bf825ad3511dcd6fa57406b476296c8509df23e8bb8c1d97b20c1c27a07f7,0.004666612017899752,12096,2.4780065788621565e-15,0.0,real-simplex;analytic-Laurent-and-jets;Gauss=20;lambda=0.0;UNCONVERGED,0.0,0.0,0.0,0.0,0.0,0.0,0.00045940648052375727,0.0,2.124005639024701e-15
weighted_release,massive_weighted_tensor,metric,base,order_20,426bf825ad3511dcd6fa57406b476296c8509df23e8bb8c1d97b20c1c27a07f7,0.001948967983480543,12096,2.2959705851137683e-15,0.0,real-simplex;analytic-Laurent-and-jets;Gauss=20;lambda=0.0;UNCONVERGED,-0.0,0.0,-0.0,0.0,-0.0,0.0,-0.0001121521406392704,0.0,2.0542894708912623e-15
cut_release,massive_physical_cut,scalar,base,order_20,426bf825ad3511dcd6fa57406b476296c8509df23e8bb8c1d97b20c1c27a07f7,0.010326954012271017,12096,2.873798765830954e-06,0.0,causal-simplex-contour;analytic-Laurent-and-jets;Gauss=20;lambda=3.0;UNCONVERGED,0.0,0.0,0.0,0.0,0.0,0.0,0.07286140418832457,0.24091130683456613,3.492613100003188e-07
cut_release,massive_physical_cut,metric,base,order_20,426bf825ad3511dcd6fa57406b476296c8509df23e8bb8c1d97b20c1c27a07f7,0.009893164969980717,12096,8.084882174940901e-07,0.0,causal-simplex-contour;analytic-Laurent-and-jets;Gauss=20;lambda=3.0;UNCONVERGED,-0.0,0.0,-0.0,0.0,-0.0,0.0,-0.10767131969464165,-0.05785472128308237,5.052286731940631e-08
cut_release,massive_physical_cut,tensor,base,order_20,426bf825ad3511dcd6fa57406b476296c8509df23e8bb8c1d97b20c1c27a07f7,0.00968636100878939,12096,4.830774548525228e-07,0.0,causal-simplex-contour;analytic-Laurent-and-jets;Gauss=20;lambda=3.0;UNCONVERGED,0.0,0.0,0.0,0.0,0.0,0.0,0.009071328893718145,0.0040005873298578154,2.8990460036269674e-08
ultraviolet_release,uv_dimensional_trace,scalar,base,order_20,426bf825ad3511dcd6fa57406b476296c8509df23e8bb8c1d97b20c1c27a07f7,0.0011051309993490577,36,1.6653345369377348e-14,3.265361837132813e-16,real-simplex;analytic-Laurent-and-jets;Gauss=20;lambda=0.0;UNCONVERGED,1.0,0.0,0.0,0.0,0.0,0.0,0.4118145938798755,0.0,3.3306690738754696e-16
ultraviolet_release,uv_dimensional_trace,metric,base,order_20,426bf825ad3511dcd6fa57406b476296c8509df23e8bb8c1d97b20c1c27a07f7,0.00026492500910535455,36,7.106407244434068e-16,3.265361837132813e-16,real-simplex;analytic-Laurent-and-jets;Gauss=20;lambda=0.0;UNCONVERGED,0.5833333333333336,0.0,-0.0,0.0,-0.0,0.0,0.7811422751593032,0.0,4.2638443466604405e-16
ultraviolet_release,uv_dimensional_trace,longitudinal,base,order_20,426bf825ad3511dcd6fa57406b476296c8509df23e8bb8c1d97b20c1c27a07f7,0.0002529150224290788,36,2.5188184871183226e-14,3.265361837132813e-16,real-simplex;analytic-Laurent-and-jets;Gauss=20;lambda=0.0;UNCONVERGED,0.3333333333333335,0.0,0.0,0.0,0.0,0.0,0.07303357542879917,0.0,5.412337245047638e-16
ultraviolet_release,uv_dimensional_trace,pinch,base,order_20,426bf825ad3511dcd6fa57406b476296c8509df23e8bb8c1d97b20c1c27a07f7,0.00016987300477921963,2,0.0,3.265361837132813e-16,real-simplex;analytic-Laurent-and-jets;Gauss=20;lambda=0.0;UNCONVERGED,2.1,0.0,-0.0,0.0,-0.0,0.0,1.6562509032988653,0.0,0.0
collinear_release,soft_collinear_triangle,scalar_jet,0,order_20,426bf825ad3511dcd6fa57406b476296c8509df23e8bb8c1d97b20c1c27a07f7,0.00013190205208957195,3,4e-15,0.0,analytic-dirichlet-IR-triangle-and-jets,0.0,0.0,-0.29411764705882354,0.0,0.20386681781174862,0.0,0.17124721366618018,0.0,0.0
collinear_release,soft_collinear_triangle,scalar_jet,1,order_20,426bf825ad3511dcd6fa57406b476296c8509df23e8bb8c1d97b20c1c27a07f7,0.00013190205208957195,3,4e-15,0.0,analytic-dirichlet-IR-triangle-and-jets,0.0,0.0,-0.08650519031141869,0.0,-0.02654436154325733,0.0,0.11032765631703788,0.0,0.0
collinear_release,soft_collinear_triangle,scalar_jet,2,order_20,426bf825ad3511dcd6fa57406b476296c8509df23e8bb8c1d97b20c1c27a07f7,0.00013190205208957195,3,4e-15,0.0,analytic-dirichlet-IR-triangle-and-jets,0.0,0.0,-0.025442703032770204,0.0,-0.020528516676166668,0.0,0.028545728101590943,0.0,0.0
collinear_release,soft_collinear_triangle,single_pole,base,order_20,426bf825ad3511dcd6fa57406b476296c8509df23e8bb8c1d97b20c1c27a07f7,4.9581052735447884e-05,1,4e-15,0.0,analytic-dirichlet-IR-triangle-and-jets,0.0,0.0,0.0,0.0,-0.29411764705882354,0.0,-0.38436847630589843,0.0,0.0
collinear_release,soft_collinear_triangle,finite_tensor,base,order_20,426bf825ad3511dcd6fa57406b476296c8509df23e8bb8c1d97b20c1c27a07f7,4.3500971514731646e-05,1,4e-15,0.0,analytic-dirichlet-IR-triangle-and-jets,0.0,0.0,0.0,0.0,0.0,0.0,-0.14705882352941177,0.0,0.0
massless_box_release,massless_box_infrared,one_mass,base,order_20,426bf825ad3511dcd6fa57406b476296c8509df23e8bb8c1d97b20c1c27a07f7,0.00445685803424567,1,4e-15,0.0,analytic-causal-zero-or-one-mass-IR-box,0.0,0.0,0.16666666666666666,0.0,-0.28198568904305643,0.0,-0.5903345523736558,0.0,0.0
massless_box_release,massless_box_infrared,on_shell,base,order_20,426bf825ad3511dcd6fa57406b476296c8509df23e8bb8c1d97b20c1c27a07f7,4.326098132878542e-05,1,4e-15,0.0,analytic-causal-zero-or-one-mass-IR-box,0.0,0.0,0.4,0.0,-0.248265718173941,0.0,-1.2808818552189765,0.0,0.0
matching_release,exceptional_gram_mixed_jets,mixed_jet,"0,0",order_20,426bf825ad3511dcd6fa57406b476296c8509df23e8bb8c1d97b20c1c27a07f7,0.005407905962783843,12096,7.676296515554443e-15,0.0,real-simplex;analytic-Laurent-and-jets;Gauss=20;lambda=0.0;UNCONVERGED,-0.0,0.0,-0.0,0.0,-0.0,0.0,-0.06079795460293747,0.0,2.282607679559e-16
matching_release,exceptional_gram_mixed_jets,mixed_jet,"0,1",order_20,426bf825ad3511dcd6fa57406b476296c8509df23e8bb8c1d97b20c1c27a07f7,0.005407905962783843,12096,7.676296515554443e-15,0.0,real-simplex;analytic-Laurent-and-jets;Gauss=20;lambda=0.0;UNCONVERGED,-0.0,0.0,-0.0,0.0,-0.0,0.0,0.004755883208895596,0.0,1.6413892644155998e-15
matching_release,exceptional_gram_mixed_jets,mixed_jet,"0,2",order_20,426bf825ad3511dcd6fa57406b476296c8509df23e8bb8c1d97b20c1c27a07f7,0.005407905962783843,12096,7.676296515554443e-15,0.0,real-simplex;analytic-Laurent-and-jets;Gauss=20;lambda=0.0;UNCONVERGED,-0.0,0.0,-0.0,0.0,-0.0,0.0,-0.0005577214883993524,0.0,2.9159774054890975e-15
matching_release,exceptional_gram_mixed_jets,mixed_jet,"0,3",order_20,426bf825ad3511dcd6fa57406b476296c8509df23e8bb8c1d97b20c1c27a07f7,0.005407905962783843,12096,7.676296515554443e-15,0.0,real-simplex;analytic-Laurent-and-jets;Gauss=20;lambda=0.0;UNCONVERGED,-0.0,0.0,-0.0,0.0,-0.0,0.0,5.974291752453352e-05,0.0,4.763795979005772e-15
matching_release,exceptional_gram_mixed_jets,mixed_jet,"1,0",order_20,426bf825ad3511dcd6fa57406b476296c8509df23e8bb8c1d97b20c1c27a07f7,0.005407905962783843,12096,7.676296515554443e-15,0.0,real-simplex;analytic-Laurent-and-jets;Gauss=20;lambda=0.0;UNCONVERGED,-0.0,0.0,-0.0,0.0,-0.0,0.0,0.00930934029445498,0.0,2.7951338458592228e-15
matching_release,exceptional_gram_mixed_jets,mixed_jet,"1,1",order_20,426bf825ad3511dcd6fa57406b476296c8509df23e8bb8c1d97b20c1c27a07f7,0.005407905962783843,12096,7.676296515554443e-15,0.0,real-simplex;analytic-Laurent-and-jets;Gauss=20;lambda=0.0;UNCONVERGED,-0.0,0.0,-0.0,0.0,-0.0,0.0,-0.0017769138797905316,0.0,3.2948652143523767e-15
matching_release,exceptional_gram_mixed_jets,mixed_jet,"1,2",order_20,426bf825ad3511dcd6fa57406b476296c8509df23e8bb8c1d97b20c1c27a07f7,0.005407905962783843,12096,7.676296515554443e-15,0.0,real-simplex;analytic-Laurent-and-jets;Gauss=20;lambda=0.0;UNCONVERGED,-0.0,0.0,-0.0,0.0,-0.0,0.0,0.0002631394973782569,0.0,4.944307562890847e-15
matching_release,exceptional_gram_mixed_jets,mixed_jet,"2,0",order_20,426bf825ad3511dcd6fa57406b476296c8509df23e8bb8c1d97b20c1c27a07f7,0.005407905962783843,12096,7.676296515554443e-15,0.0,real-simplex;analytic-Laurent-and-jets;Gauss=20;lambda=0.0;UNCONVERGED,-0.0,0.0,-0.0,0.0,-0.0,0.0,-0.002819882183559979,0.0,2.6144974481146207e-15
matching_release,exceptional_gram_mixed_jets,mixed_jet,"2,1",order_20,426bf825ad3511dcd6fa57406b476296c8509df23e8bb8c1d97b20c1c27a07f7,0.005407905962783843,12096,7.676296515554443e-15,0.0,real-simplex;analytic-Laurent-and-jets;Gauss=20;lambda=0.0;UNCONVERGED,-0.0,0.0,-0.0,0.0,-0.0,0.0,0.0004795326918695701,0.0,4.97410253755315e-15
matching_release,exceptional_gram_mixed_jets,mixed_jet,"3,0",order_20,426bf825ad3511dcd6fa57406b476296c8509df23e8bb8c1d97b20c1c27a07f7,0.005407905962783843,12096,7.676296515554443e-15,0.0,real-simplex;analytic-Laurent-and-jets;Gauss=20;lambda=0.0;UNCONVERGED,-0.0,0.0,-0.0,0.0,-0.0,0.0,0.00036016268186565045,0.0,6.472171571938103e-15
matching_release,exceptional_gram_mixed_jets,scaled_jet,"0,0",order_20,426bf825ad3511dcd6fa57406b476296c8509df23e8bb8c1d97b20c1c27a07f7,0.00412865198450163,12096,7.392230481319155e-15,0.0,real-simplex;analytic-Laurent-and-jets;Gauss=20;lambda=0.0;UNCONVERGED,-0.0,0.0,-0.0,0.0,-0.0,0.0,-6.079795460293746e-14,0.0,4.152039181570217e-16
matching_release,exceptional_gram_mixed_jets,scaled_jet,"0,1",order_20,426bf825ad3511dcd6fa57406b476296c8509df23e8bb8c1d97b20c1c27a07f7,0.00412865198450163,12096,7.392230481319155e-15,0.0,real-simplex;analytic-Laurent-and-jets;Gauss=20;lambda=0.0;UNCONVERGED,-0.0,0.0,-0.0,0.0,-0.0,0.0,4.755883208895596e-15,0.0,1.4928348395329517e-15
matching_release,exceptional_gram_mixed_jets,scaled_jet,"0,2",order_20,426bf825ad3511dcd6fa57406b476296c8509df23e8bb8c1d97b20c1c27a07f7,0.00412865198450163,12096,7.392230481319155e-15,0.0,real-simplex;analytic-Laurent-and-jets;Gauss=20;lambda=0.0;UNCONVERGED,-0.0,0.0,-0.0,0.0,-0.0,0.0,-5.577214883993526e-16,0.0,3.005674800886157e-15
matching_release,exceptional_gram_mixed_jets,scaled_jet,"0,3",order_20,426bf825ad3511dcd6fa57406b476296c8509df23e8bb8c1d97b20c1c27a07f7,0.00412865198450163,12096,7.392230481319155e-15,0.0,real-simplex;analytic-Laurent-and-jets;Gauss=20;lambda=0.0;UNCONVERGED,-0.0,0.0,-0.0,0.0,-0.0,0.0,5.974291752453354e-17,0.0,4.745280270207493e-15
matching_release,exceptional_gram_mixed_jets,scaled_jet,"1,0",order_20,426bf825ad3511dcd6fa57406b476296c8509df23e8bb8c1d97b20c1c27a07f7,0.00412865198450163,12096,7.392230481319155e-15,0.0,real-simplex;analytic-Laurent-and-jets;Gauss=20;lambda=0.0;UNCONVERGED,-0.0,0.0,-0.0,0.0,-0.0,0.0,9.30934029445498e-15,0.0,2.7116367184588283e-15
matching_release,exceptional_gram_mixed_jets,scaled_jet,"1,1",order_20,426bf825ad3511dcd6fa57406b476296c8509df23e8bb8c1d97b20c1c27a07f7,0.00412865198450163,12096,7.392230481319155e-15,0.0,real-simplex;analytic-Laurent-and-jets;Gauss=20;lambda=0.0;UNCONVERGED,-0.0,0.0,-0.0,0.0,-0.0,0.0,-1.7769138797905314e-15,0.0,2.885674957157209e-15
matching_release,exceptional_gram_mixed_jets,scaled_jet,"1,2",order_20,426bf825ad3511dcd6fa57406b476296c8509df23e8bb8c1d97b20c1c27a07f7,0.00412865198450163,12096,7.392230481319155e-15,0.0,real-simplex;analytic-Laurent-and-jets;Gauss=20;lambda=0.0;UNCONVERGED,-0.0,0.0,-0.0,0.0,-0.0,0.0,2.63139497378257e-16,0.0,4.6841890962344185e-15
matching_release,exceptional_gram_mixed_jets,scaled_jet,"2,0",order_20,426bf825ad3511dcd6fa57406b476296c8509df23e8bb8c1d97b20c1c27a07f7,0.00412865198450163,12096,7.392230481319155e-15,0.0,real-simplex;analytic-Laurent-and-jets;Gauss=20;lambda=0.0;UNCONVERGED,-0.0,0.0,-0.0,0.0,-0.0,0.0,-2.81988218355998e-15,0.0,2.797495972775398e-15
matching_release,exceptional_gram_mixed_jets,scaled_jet,"2,1",order_20,426bf825ad3511dcd6fa57406b476296c8509df23e8bb8c1d97b20c1c27a07f7,0.00412865198450163,12096,7.392230481319155e-15,0.0,real-simplex;analytic-Laurent-and-jets;Gauss=20;lambda=0.0;UNCONVERGED,-0.0,0.0,-0.0,0.0,-0.0,0.0,4.795326918695702e-16,0.0,4.935185349796219e-15
matching_release,exceptional_gram_mixed_jets,scaled_jet,"3,0",order_20,426bf825ad3511dcd6fa57406b476296c8509df23e8bb8c1d97b20c1c27a07f7,0.00412865198450163,12096,7.392230481319155e-15,0.0,real-simplex;analytic-Laurent-and-jets;Gauss=20;lambda=0.0;UNCONVERGED,-0.0,0.0,-0.0,0.0,-0.0,0.0,3.6016268186565045e-16,0.0,6.433978381888935e-15
weighted_release,massive_weighted_tensor,weighted,base,order_32,4688d7d582a8e8092e0263c6b026cedbf0193a39b8207ded271dab0358182681,0.012081456952728331,46592,2.3600062655830013e-16,0.0,real-simplex;analytic-Laurent-and-jets;Gauss=32;lambda=0.0;UNCONVERGED,0.0,0.0,0.0,0.0,0.0,0.0,0.00045940648052375825,0.0,0.0
weighted_release,massive_weighted_tensor,metric,base,order_32,4688d7d582a8e8092e0263c6b026cedbf0193a39b8207ded271dab0358182681,0.005309314001351595,46592,0.0,0.0,real-simplex;analytic-Laurent-and-jets;Gauss=32;lambda=0.0;UNCONVERGED,-0.0,0.0,-0.0,0.0,-0.0,0.0,-0.00011215214063927064,0.0,0.0
cut_release,massive_physical_cut,scalar,base,order_32,4688d7d582a8e8092e0263c6b026cedbf0193a39b8207ded271dab0358182681,0.03792472695931792,46592,3.479158554012023e-08,0.0,causal-simplex-contour;analytic-Laurent-and-jets;Gauss=32;lambda=3.0;UNCONVERGED,0.0,0.0,0.0,0.0,0.0,0.0,0.07286146991900201,0.24091139101306913,1.5555509923119695e-10
cut_release,massive_physical_cut,metric,base,order_32,4688d7d582a8e8092e0263c6b026cedbf0193a39b8207ded271dab0358182681,0.03607510100118816,46592,1.1688513710963492e-09,0.0,causal-simplex-contour;analytic-Laurent-and-jets;Gauss=32;lambda=3.0;UNCONVERGED,-0.0,0.0,-0.0,0.0,-0.0,0.0,-0.10767132264798827,-0.057854715842981116,1.1500107075185185e-11
cut_release,massive_physical_cut,tensor,base,order_32,4688d7d582a8e8092e0263c6b026cedbf0193a39b8207ded271dab0358182681,0.03490451700054109,46592,1.2919967421501642e-09,0.0,causal-simplex-contour;analytic-Laurent-and-jets;Gauss=32;lambda=3.0;UNCONVERGED,0.0,0.0,0.0,0.0,0.0,0.0,0.00907132899689832,0.004000587066852953,4.088719817426274e-12
ultraviolet_release,uv_dimensional_trace,scalar,base,order_32,4688d7d582a8e8092e0263c6b026cedbf0193a39b8207ded271dab0358182681,0.0018324459670111537,56,1.1102230246251565e-16,2.285753285992969e-16,real-simplex;analytic-Laurent-and-jets;Gauss=32;lambda=0.0;UNCONVERGED,1.0,0.0,0.0,0.0,0.0,0.0,0.41181459387987585,0.0,0.0
ultraviolet_release,uv_dimensional_trace,metric,base,order_32,4688d7d582a8e8092e0263c6b026cedbf0193a39b8207ded271dab0358182681,0.00030838599195703864,56,1.4212814488868134e-16,2.285753285992969e-16,real-simplex;analytic-Laurent-and-jets;Gauss=32;lambda=0.0;UNCONVERGED,0.5833333333333333,0.0,-0.0,0.0,-0.0,0.0,0.7811422751593033,0.0,0.0
ultraviolet_release,uv_dimensional_trace,longitudinal,base,order_32,4688d7d582a8e8092e0263c6b026cedbf0193a39b8207ded271dab0358182681,0.00027886603493243456,56,0.0,2.285753285992969e-16,real-simplex;analytic-Laurent-and-jets;Gauss=32;lambda=0.0;UNCONVERGED,0.3333333333333333,0.0,0.0,0.0,0.0,0.0,0.07303357542879935,0.0,0.0
ultraviolet_release,uv_dimensional_trace,pinch,base,order_32,4688d7d582a8e8092e0263c6b026cedbf0193a39b8207ded271dab0358182681,0.000189213955309242,2,0.0,2.285753285992969e-16,real-simplex;analytic-Laurent-and-jets;Gauss=32;lambda=0.0;UNCONVERGED,2.1,0.0,-0.0,0.0,-0.0,0.0,1.6562509032988653,0.0,0.0
collinear_release,soft_collinear_triangle,scalar_jet,0,order_32,4688d7d582a8e8092e0263c6b026cedbf0193a39b8207ded271dab0358182681,0.00014621304580941796,3,4e-15,0.0,analytic-dirichlet-IR-triangle-and-jets,0.0,0.0,-0.29411764705882354,0.0,0.20386681781174862,0.0,0.17124721366618018,0.0,0.0
collinear_release,soft_collinear_triangle,scalar_jet,1,order_32,4688d7d582a8e8092e0263c6b026cedbf0193a39b8207ded271dab0358182681,0.00014621304580941796,3,4e-15,0.0,analytic-dirichlet-IR-triangle-and-jets,0.0,0.0,-0.08650519031141869,0.0,-0.02654436154325733,0.0,0.11032765631703788,0.0,0.0
collinear_release,soft_collinear_triangle,scalar_jet,2,order_32,4688d7d582a8e8092e0263c6b026cedbf0193a39b8207ded271dab0358182681,0.00014621304580941796,3,4e-15,0.0,analytic-dirichlet-IR-triangle-and-jets,0.0,0.0,-0.025442703032770204,0.0,-0.020528516676166668,0.0,0.028545728101590943,0.0,0.0
collinear_release,soft_collinear_triangle,single_pole,base,order_32,4688d7d582a8e8092e0263c6b026cedbf0193a39b8207ded271dab0358182681,5.375104956328869e-05,1,4e-15,0.0,analytic-dirichlet-IR-triangle-and-jets,0.0,0.0,0.0,0.0,-0.29411764705882354,0.0,-0.38436847630589843,0.0,0.0
collinear_release,soft_collinear_triangle,finite_tensor,base,order_32,4688d7d582a8e8092e0263c6b026cedbf0193a39b8207ded271dab0358182681,4.6780973207205534e-05,1,4e-15,0.0,analytic-dirichlet-IR-triangle-and-jets,0.0,0.0,0.0,0.0,0.0,0.0,-0.14705882352941177,0.0,0.0
massless_box_release,massless_box_infrared,one_mass,base,order_32,4688d7d582a8e8092e0263c6b026cedbf0193a39b8207ded271dab0358182681,0.004722353012766689,1,4e-15,0.0,analytic-causal-zero-or-one-mass-IR-box,0.0,0.0,0.16666666666666666,0.0,-0.28198568904305643,0.0,-0.5903345523736558,0.0,0.0
massless_box_release,massless_box_infrared,on_shell,base,order_32,4688d7d582a8e8092e0263c6b026cedbf0193a39b8207ded271dab0358182681,4.563102265819907e-05,1,4e-15,0.0,analytic-causal-zero-or-one-mass-IR-box,0.0,0.0,0.4,0.0,-0.248265718173941,0.0,-1.2808818552189765,0.0,0.0
matching_release,exceptional_gram_mixed_jets,mixed_jet,"0,0",order_32,4688d7d582a8e8092e0263c6b026cedbf0193a39b8207ded271dab0358182681,0.017573476012330502,46592,5.671185689292586e-16,0.0,real-simplex;analytic-Laurent-and-jets;Gauss=32;lambda=0.0;UNCONVERGED,-0.0,0.0,-0.0,0.0,-0.0,0.0,-0.060797954602937486,0.0,0.0
matching_release,exceptional_gram_mixed_jets,mixed_jet,"0,1",order_32,4688d7d582a8e8092e0263c6b026cedbf0193a39b8207ded271dab0358182681,0.017573476012330502,46592,5.671185689292586e-16,0.0,real-simplex;analytic-Laurent-and-jets;Gauss=32;lambda=0.0;UNCONVERGED,-0.0,0.0,-0.0,0.0,-0.0,0.0,0.004755883208895588,0.0,0.0
matching_release,exceptional_gram_mixed_jets,mixed_jet,"0,2",order_32,4688d7d582a8e8092e0263c6b026cedbf0193a39b8207ded271dab0358182681,0.017573476012330502,46592,5.671185689292586e-16,0.0,real-simplex;analytic-Laurent-and-jets;Gauss=32;lambda=0.0;UNCONVERGED,-0.0,0.0,-0.0,0.0,-0.0,0.0,-0.0005577214883993508,0.0,0.0
matching_release,exceptional_gram_mixed_jets,mixed_jet,"0,3",order_32,4688d7d582a8e8092e0263c6b026cedbf0193a39b8207ded271dab0358182681,0.017573476012330502,46592,5.671185689292586e-16,0.0,real-simplex;analytic-Laurent-and-jets;Gauss=32;lambda=0.0;UNCONVERGED,-0.0,0.0,-0.0,0.0,-0.0,0.0,5.974291752453324e-05,0.0,0.0
matching_release,exceptional_gram_mixed_jets,mixed_jet,"1,0",order_32,4688d7d582a8e8092e0263c6b026cedbf0193a39b8207ded271dab0358182681,0.017573476012330502,46592,5.671185689292586e-16,0.0,real-simplex;analytic-Laurent-and-jets;Gauss=32;lambda=0.0;UNCONVERGED,-0.0,0.0,-0.0,0.0,-0.0,0.0,0.009309340294454954,0.0,0.0
matching_release,exceptional_gram_mixed_jets,mixed_jet,"1,1",order_32,4688d7d582a8e8092e0263c6b026cedbf0193a39b8207ded271dab0358182681,0.017573476012330502,46592,5.671185689292586e-16,0.0,real-simplex;analytic-Laurent-and-jets;Gauss=32;lambda=0.0;UNCONVERGED,-0.0,0.0,-0.0,0.0,-0.0,0.0,-0.0017769138797905258,0.0,0.0
matching_release,exceptional_gram_mixed_jets,mixed_jet,"1,2",order_32,4688d7d582a8e8092e0263c6b026cedbf0193a39b8207ded271dab0358182681,0.017573476012330502,46592,5.671185689292586e-16,0.0,real-simplex;analytic-Laurent-and-jets;Gauss=32;lambda=0.0;UNCONVERGED,-0.0,0.0,-0.0,0.0,-0.0,0.0,0.0002631394973782556,0.0,0.0
matching_release,exceptional_gram_mixed_jets,mixed_jet,"2,0",order_32,4688d7d582a8e8092e0263c6b026cedbf0193a39b8207ded271dab0358182681,0.017573476012330502,46592,5.671185689292586e-16,0.0,real-simplex;analytic-Laurent-and-jets;Gauss=32;lambda=0.0;UNCONVERGED,-0.0,0.0,-0.0,0.0,-0.0,0.0,-0.0028198821835599716,0.0,0.0
matching_release,exceptional_gram_mixed_jets,mixed_jet,"2,1",order_32,4688d7d582a8e8092e0263c6b026cedbf0193a39b8207ded271dab0358182681,0.017573476012330502,46592,5.671185689292586e-16,0.0,real-simplex;analytic-Laurent-and-jets;Gauss=32;lambda=0.0;UNCONVERGED,-0.0,0.0,-0.0,0.0,-0.0,0.0,0.00047953269186956773,0.0,0.0
matching_release,exceptional_gram_mixed_jets,mixed_jet,"3,0",order_32,4688d7d582a8e8092e0263c6b026cedbf0193a39b8207ded271dab0358182681,0.017573476012330502,46592,5.671185689292586e-16,0.0,real-simplex;analytic-Laurent-and-jets;Gauss=32;lambda=0.0;UNCONVERGED,-0.0,0.0,-0.0,0.0,-0.0,0.0,0.0003601626818656481,0.0,0.0
matching_release,exceptional_gram_mixed_jets,scaled_jet,"0,0",order_32,4688d7d582a8e8092e0263c6b026cedbf0193a39b8207ded271dab0358182681,0.01538815296953544,46592,5.621026915481303e-16,0.0,real-simplex;analytic-Laurent-and-jets;Gauss=32;lambda=0.0;UNCONVERGED,-0.0,0.0,-0.0,0.0,-0.0,0.0,-6.079795460293749e-14,0.0,0.0
matching_release,exceptional_gram_mixed_jets,scaled_jet,"0,1",order_32,4688d7d582a8e8092e0263c6b026cedbf0193a39b8207ded271dab0358182681,0.01538815296953544,46592,5.621026915481303e-16,0.0,real-simplex;analytic-Laurent-and-jets;Gauss=32;lambda=0.0;UNCONVERGED,-0.0,0.0,-0.0,0.0,-0.0,0.0,4.755883208895589e-15,0.0,0.0
matching_release,exceptional_gram_mixed_jets,scaled_jet,"0,2",order_32,4688d7d582a8e8092e0263c6b026cedbf0193a39b8207ded271dab0358182681,0.01538815296953544,46592,5.621026915481303e-16,0.0,real-simplex;analytic-Laurent-and-jets;Gauss=32;lambda=0.0;UNCONVERGED,-0.0,0.0,-0.0,0.0,-0.0,0.0,-5.577214883993509e-16,0.0,0.0
matching_release,exceptional_gram_mixed_jets,scaled_jet,"0,3",order_32,4688d7d582a8e8092e0263c6b026cedbf0193a39b8207ded271dab0358182681,0.01538815296953544,46592,5.621026915481303e-16,0.0,real-simplex;analytic-Laurent-and-jets;Gauss=32;lambda=0.0;UNCONVERGED,-0.0,0.0,-0.0,0.0,-0.0,0.0,5.974291752453326e-17,0.0,0.0
matching_release,exceptional_gram_mixed_jets,scaled_jet,"1,0",order_32,4688d7d582a8e8092e0263c6b026cedbf0193a39b8207ded271dab0358182681,0.01538815296953544,46592,5.621026915481303e-16,0.0,real-simplex;analytic-Laurent-and-jets;Gauss=32;lambda=0.0;UNCONVERGED,-0.0,0.0,-0.0,0.0,-0.0,0.0,9.309340294454955e-15,0.0,0.0
matching_release,exceptional_gram_mixed_jets,scaled_jet,"1,1",order_32,4688d7d582a8e8092e0263c6b026cedbf0193a39b8207ded271dab0358182681,0.01538815296953544,46592,5.621026915481303e-16,0.0,real-simplex;analytic-Laurent-and-jets;Gauss=32;lambda=0.0;UNCONVERGED,-0.0,0.0,-0.0,0.0,-0.0,0.0,-1.7769138797905263e-15,0.0,0.0
matching_release,exceptional_gram_mixed_jets,scaled_jet,"1,2",order_32,4688d7d582a8e8092e0263c6b026cedbf0193a39b8207ded271dab0358182681,0.01538815296953544,46592,5.621026915481303e-16,0.0,real-simplex;analytic-Laurent-and-jets;Gauss=32;lambda=0.0;UNCONVERGED,-0.0,0.0,-0.0,0.0,-0.0,0.0,2.6313949737825575e-16,0.0,0.0
matching_release,exceptional_gram_mixed_jets,scaled_jet,"2,0",order_32,4688d7d582a8e8092e0263c6b026cedbf0193a39b8207ded271dab0358182681,0.01538815296953544,46592,5.621026915481303e-16,0.0,real-simplex;analytic-Laurent-and-jets;Gauss=32;lambda=0.0;UNCONVERGED,-0.0,0.0,-0.0,0.0,-0.0,0.0,-2.8198821835599723e-15,0.0,0.0
matching_release,exceptional_gram_mixed_jets,scaled_jet,"2,1",order_32,4688d7d582a8e8092e0263c6b026cedbf0193a39b8207ded271dab0358182681,0.01538815296953544,46592,5.621026915481303e-16,0.0,real-simplex;analytic-Laurent-and-jets;Gauss=32;lambda=0.0;UNCONVERGED,-0.0,0.0,-0.0,0.0,-0.0,0.0,4.795326918695678e-16,0.0,0.0
matching_release,exceptional_gram_mixed_jets,scaled_jet,"3,0",order_32,4688d7d582a8e8092e0263c6b026cedbf0193a39b8207ded271dab0358182681,0.01538815296953544,46592,5.621026915481303e-16,0.0,real-simplex;analytic-Laurent-and-jets;Gauss=32;lambda=0.0;UNCONVERGED,-0.0,0.0,-0.0,0.0,-0.0,0.0,3.6016268186564813e-16,0.0,0.0
weighted_release,massive_weighted_tensor,weighted,base,order_52,8d1fbe042818655cba33b3b34bbe2af7957bb45e56a92efd251fc3a3101cc09f,0.03301463002571836,187264,8.614022869377905e-15,0.0,real-simplex;analytic-Laurent-and-jets;Gauss=52;lambda=0.0;UNCONVERGED,0.0,0.0,0.0,0.0,0.0,0.0,0.00045940648052376085,0.0,5.664015037399202e-15
weighted_release,massive_weighted_tensor,metric,base,order_52,8d1fbe042818655cba33b3b34bbe2af7957bb45e56a92efd251fc3a3101cc09f,0.01710735697997734,187264,9.06304178334375e-15,0.0,real-simplex;analytic-Laurent-and-jets;Gauss=52;lambda=0.0;UNCONVERGED,-0.0,0.0,-0.0,0.0,-0.0,0.0,-0.0001121521406392713,0.0,5.921187298451285e-15
cut_release,massive_physical_cut,scalar,base,order_52,8d1fbe042818655cba33b3b34bbe2af7957bb45e56a92efd251fc3a3101cc09f,0.1301668639644049,187264,1.2445747189455517e-11,0.0,causal-simplex-contour;analytic-Laurent-and-jets;Gauss=52;lambda=3.0;UNCONVERGED,0.0,0.0,0.0,0.0,0.0,0.0,0.07286146991699459,0.2409113909755935,2.649846636866319e-15
cut_release,massive_physical_cut,metric,base,order_52,8d1fbe042818655cba33b3b34bbe2af7957bb45e56a92efd251fc3a3101cc09f,0.12763963395264,187264,7.714515811064777e-14,0.0,causal-simplex-contour;analytic-Laurent-and-jets;Gauss=52;lambda=3.0;UNCONVERGED,-0.0,0.0,-0.0,0.0,-0.0,0.0,-0.10767132264674985,-0.0578547158432185,1.804464034929981e-15
cut_release,massive_physical_cut,tensor,base,order_52,8d1fbe042818655cba33b3b34bbe2af7957bb45e56a92efd251fc3a3101cc09f,0.12053154496243224,187264,1.9461642957874437e-13,0.0,causal-simplex-contour;analytic-Laurent-and-jets;Gauss=52;lambda=3.0;UNCONVERGED,0.0,0.0,0.0,0.0,0.0,0.0,0.009071328996861229,0.004000587066875804,1.1473887519085939e-15
ultraviolet_release,uv_dimensional_trace,scalar,base,order_52,8d1fbe042818655cba33b3b34bbe2af7957bb45e56a92efd251fc3a3101cc09f,0.00267406296916306,88,1.6653345369377348e-15,1.763295392051719e-15,real-simplex;analytic-Laurent-and-jets;Gauss=52;lambda=0.0;UNCONVERGED,1.0,0.0,0.0,0.0,0.0,0.0,0.41181459387987707,0.0,1.2212453270876722e-15
ultraviolet_release,uv_dimensional_trace,metric,base,order_52,8d1fbe042818655cba33b3b34bbe2af7957bb45e56a92efd251fc3a3101cc09f,0.0003184460219927132,88,1.5634095937754956e-15,1.763295392051719e-15,real-simplex;analytic-Laurent-and-jets;Gauss=52;lambda=0.0;UNCONVERGED,0.5833333333333324,0.0,-0.0,0.0,-0.0,0.0,0.7811422751593029,0.0,1.1370251591094507e-15
ultraviolet_release,uv_dimensional_trace,longitudinal,base,order_52,8d1fbe042818655cba33b3b34bbe2af7957bb45e56a92efd251fc3a3101cc09f,0.00028893601847812533,88,2.4147350785597202e-15,1.763295392051719e-15,real-simplex;analytic-Laurent-and-jets;Gauss=52;lambda=0.0;UNCONVERGED,0.3333333333333327,0.0,0.0,0.0,0.0,0.0,0.0730335754287999,0.0,1.8318679906315083e-15
ultraviolet_release,uv_dimensional_trace,pinch,base,order_52,8d1fbe042818655cba33b3b34bbe2af7957bb45e56a92efd251fc3a3101cc09f,0.00018476397963240743,2,0.0,1.763295392051719e-15,real-simplex;analytic-Laurent-and-jets;Gauss=52;lambda=0.0;UNCONVERGED,2.1,0.0,-0.0,0.0,-0.0,0.0,1.6562509032988653,0.0,0.0
collinear_release,soft_collinear_triangle,scalar_jet,0,order_52,8d1fbe042818655cba33b3b34bbe2af7957bb45e56a92efd251fc3a3101cc09f,0.00013737299013882875,3,4e-15,0.0,analytic-dirichlet-IR-triangle-and-jets,0.0,0.0,-0.29411764705882354,0.0,0.20386681781174862,0.0,0.17124721366618018,0.0,0.0
collinear_release,soft_collinear_triangle,scalar_jet,1,order_52,8d1fbe042818655cba33b3b34bbe2af7957bb45e56a92efd251fc3a3101cc09f,0.00013737299013882875,3,4e-15,0.0,analytic-dirichlet-IR-triangle-and-jets,0.0,0.0,-0.08650519031141869,0.0,-0.02654436154325733,0.0,0.11032765631703788,0.0,0.0
collinear_release,soft_collinear_triangle,scalar_jet,2,order_52,8d1fbe042818655cba33b3b34bbe2af7957bb45e56a92efd251fc3a3101cc09f,0.00013737299013882875,3,4e-15,0.0,analytic-dirichlet-IR-triangle-and-jets,0.0,0.0,-0.025442703032770204,0.0,-0.020528516676166668,0.0,0.028545728101590943,0.0,0.0
collinear_release,soft_collinear_triangle,single_pole,base,order_52,8d1fbe042818655cba33b3b34bbe2af7957bb45e56a92efd251fc3a3101cc09f,5.04109775647521e-05,1,4e-15,0.0,analytic-dirichlet-IR-triangle-and-jets,0.0,0.0,0.0,0.0,-0.29411764705882354,0.0,-0.38436847630589843,0.0,0.0
collinear_release,soft_collinear_triangle,finite_tensor,base,order_52,8d1fbe042818655cba33b3b34bbe2af7957bb45e56a92efd251fc3a3101cc09f,4.410103429108858e-05,1,4e-15,0.0,analytic-dirichlet-IR-triangle-and-jets,0.0,0.0,0.0,0.0,0.0,0.0,-0.14705882352941177,0.0,0.0
massless_box_release,massless_box_infrared,one_mass,base,order_52,8d1fbe042818655cba33b3b34bbe2af7957bb45e56a92efd251fc3a3101cc09f,0.0044308569631539285,1,4e-15,0.0,analytic-causal-zero-or-one-mass-IR-box,0.0,0.0,0.16666666666666666,0.0,-0.28198568904305643,0.0,-0.5903345523736558,0.0,0.0
massless_box_release,massless_box_infrared,on_shell,base,order_52,8d1fbe042818655cba33b3b34bbe2af7957bb45e56a92efd251fc3a3101cc09f,4.2620988097041845e-05,1,4e-15,0.0,analytic-causal-zero-or-one-mass-IR-box,0.0,0.0,0.4,0.0,-0.248265718173941,0.0,-1.2808818552189765,0.0,0.0
matching_release,exceptional_gram_mixed_jets,mixed_jet,"0,0",order_52,8d1fbe042818655cba33b3b34bbe2af7957bb45e56a92efd251fc3a3101cc09f,0.063204835052602,187264,3.205982662378715e-14,0.0,real-simplex;analytic-Laurent-and-jets;Gauss=52;lambda=0.0;UNCONVERGED,-0.0,0.0,-0.0,0.0,-0.0,0.0,-0.06079795460293745,0.0,5.7065191988975e-16
matching_release,exceptional_gram_mixed_jets,mixed_jet,"0,1",order_52,8d1fbe042818655cba33b3b34bbe2af7957bb45e56a92efd251fc3a3101cc09f,0.063204835052602,187264,3.205982662378715e-14,0.0,real-simplex;analytic-Laurent-and-jets;Gauss=52;lambda=0.0;UNCONVERGED,-0.0,0.0,-0.0,0.0,-0.0,0.0,0.004755883208895556,0.0,6.747933642597466e-15
matching_release,exceptional_gram_mixed_jets,mixed_jet,"0,2",order_52,8d1fbe042818655cba33b3b34bbe2af7957bb45e56a92efd251fc3a3101cc09f,0.063204835052602,187264,3.205982662378715e-14,0.0,real-simplex;analytic-Laurent-and-jets;Gauss=52;lambda=0.0;UNCONVERGED,-0.0,0.0,-0.0,0.0,-0.0,0.0,-0.0005577214883993443,0.0,1.166390962195639e-14
matching_release,exceptional_gram_mixed_jets,mixed_jet,"0,3",order_52,8d1fbe042818655cba33b3b34bbe2af7957bb45e56a92efd251fc3a3101cc09f,0.063204835052602,187264,3.205982662378715e-14,0.0,real-simplex;analytic-Laurent-and-jets;Gauss=52;lambda=0.0;UNCONVERGED,-0.0,0.0,-0.0,0.0,-0.0,0.0,5.9742917524532213e-05,0.0,1.712698078166361e-14
matching_release,exceptional_gram_mixed_jets,mixed_jet,"1,0",order_52,8d1fbe042818655cba33b3b34bbe2af7957bb45e56a92efd251fc3a3101cc09f,0.063204835052602,187264,3.205982662378715e-14,0.0,real-simplex;analytic-Laurent-and-jets;Gauss=52;lambda=0.0;UNCONVERGED,-0.0,0.0,-0.0,0.0,-0.0,0.0,0.009309340294454852,0.0,1.0994193127046276e-14
matching_release,exceptional_gram_mixed_jets,mixed_jet,"1,1",order_52,8d1fbe042818655cba33b3b34bbe2af7957bb45e56a92efd251fc3a3101cc09f,0.063204835052602,187264,3.205982662378715e-14,0.0,real-simplex;analytic-Laurent-and-jets;Gauss=52;lambda=0.0;UNCONVERGED,-0.0,0.0,-0.0,0.0,-0.0,0.0,-0.0017769138797905037,0.0,1.2447268587553423e-14
matching_release,exceptional_gram_mixed_jets,mixed_jet,"1,2",order_52,8d1fbe042818655cba33b3b34bbe2af7957bb45e56a92efd251fc3a3101cc09f,0.063204835052602,187264,3.205982662378715e-14,0.0,real-simplex;analytic-Laurent-and-jets;Gauss=52;lambda=0.0;UNCONVERGED,-0.0,0.0,-0.0,0.0,-0.0,0.0,0.0002631394973782509,0.0,1.7923114915479318e-14
matching_release,exceptional_gram_mixed_jets,mixed_jet,"2,0",order_52,8d1fbe042818655cba33b3b34bbe2af7957bb45e56a92efd251fc3a3101cc09f,0.063204835052602,187264,3.205982662378715e-14,0.0,real-simplex;analytic-Laurent-and-jets;Gauss=52;lambda=0.0;UNCONVERGED,-0.0,0.0,-0.0,0.0,-0.0,0.0,-0.0028198821835599443,0.0,9.689019954777711e-15
matching_release,exceptional_gram_mixed_jets,mixed_jet,"2,1",order_52,8d1fbe042818655cba33b3b34bbe2af7957bb45e56a92efd251fc3a3101cc09f,0.063204835052602,187264,3.205982662378715e-14,0.0,real-simplex;analytic-Laurent-and-jets;Gauss=52;lambda=0.0;UNCONVERGED,-0.0,0.0,-0.0,0.0,-0.0,0.0,0.0004795326918695593,0.0,1.7522406666380417e-14
matching_release,exceptional_gram_mixed_jets,mixed_jet,"3,0",order_52,8d1fbe042818655cba33b3b34bbe2af7957bb45e56a92efd251fc3a3101cc09f,0.063204835052602,187264,3.205982662378715e-14,0.0,real-simplex;analytic-Laurent-and-jets;Gauss=52;lambda=0.0;UNCONVERGED,-0.0,0.0,-0.0,0.0,-0.0,0.0,0.0003601626818656398,0.0,2.302888954666348e-14
matching_release,exceptional_gram_mixed_jets,scaled_jet,"0,0",order_52,8d1fbe042818655cba33b3b34bbe2af7957bb45e56a92efd251fc3a3101cc09f,0.05597317300271243,187264,3.2032998752383945e-14,0.0,real-simplex;analytic-Laurent-and-jets;Gauss=52;lambda=0.0;UNCONVERGED,-0.0,0.0,-0.0,0.0,-0.0,0.0,-6.079795460293745e-14,0.0,6.228058772355325e-16
matching_release,exceptional_gram_mixed_jets,scaled_jet,"0,1",order_52,8d1fbe042818655cba33b3b34bbe2af7957bb45e56a92efd251fc3a3101cc09f,0.05597317300271243,187264,3.2032998752383945e-14,0.0,real-simplex;analytic-Laurent-and-jets;Gauss=52;lambda=0.0;UNCONVERGED,-0.0,0.0,-0.0,0.0,-0.0,0.0,4.7558832088955566e-15,0.0,6.800692046761225e-15
matching_release,exceptional_gram_mixed_jets,scaled_jet,"0,2",order_52,8d1fbe042818655cba33b3b34bbe2af7957bb45e56a92efd251fc3a3101cc09f,0.05597317300271243,187264,3.2032998752383945e-14,0.0,real-simplex;analytic-Laurent-and-jets;Gauss=52;lambda=0.0;UNCONVERGED,-0.0,0.0,-0.0,0.0,-0.0,0.0,-5.577214883993445e-16,0.0,1.1492286003388248e-14
matching_release,exceptional_gram_mixed_jets,scaled_jet,"0,3",order_52,8d1fbe042818655cba33b3b34bbe2af7957bb45e56a92efd251fc3a3101cc09f,0.05597317300271243,187264,3.2032998752383945e-14,0.0,real-simplex;analytic-Laurent-and-jets;Gauss=52;lambda=0.0;UNCONVERGED,-0.0,0.0,-0.0,0.0,-0.0,0.0,5.974291752453223e-17,0.0,1.712427227944443e-14
matching_release,exceptional_gram_mixed_jets,scaled_jet,"1,0",order_52,8d1fbe042818655cba33b3b34bbe2af7957bb45e56a92efd251fc3a3101cc09f,0.05597317300271243,187264,3.2032998752383945e-14,0.0,real-simplex;analytic-Laurent-and-jets;Gauss=52;lambda=0.0;UNCONVERGED,-0.0,0.0,-0.0,0.0,-0.0,0.0,9.309340294454851e-15,0.0,1.1185501463642668e-14
matching_release,exceptional_gram_mixed_jets,scaled_jet,"1,1",order_52,8d1fbe042818655cba33b3b34bbe2af7957bb45e56a92efd251fc3a3101cc09f,0.05597317300271243,187264,3.2032998752383945e-14,0.0,real-simplex;analytic-Laurent-and-jets;Gauss=52;lambda=0.0;UNCONVERGED,-0.0,0.0,-0.0,0.0,-0.0,0.0,-1.776913879790504e-15,0.0,1.2430599815446439e-14
matching_release,exceptional_gram_mixed_jets,scaled_jet,"1,2",order_52,8d1fbe042818655cba33b3b34bbe2af7957bb45e56a92efd251fc3a3101cc09f,0.05597317300271243,187264,3.2032998752383945e-14,0.0,real-simplex;analytic-Laurent-and-jets;Gauss=52;lambda=0.0;UNCONVERGED,-0.0,0.0,-0.0,0.0,-0.0,0.0,2.63139497378251e-16,0.0,1.798728612954017e-14
matching_release,exceptional_gram_mixed_jets,scaled_jet,"2,0",order_52,8d1fbe042818655cba33b3b34bbe2af7957bb45e56a92efd251fc3a3101cc09f,0.05597317300271243,187264,3.2032998752383945e-14,0.0,real-simplex;analytic-Laurent-and-jets;Gauss=52;lambda=0.0;UNCONVERGED,-0.0,0.0,-0.0,0.0,-0.0,0.0,-2.819882183559946e-15,0.0,9.371611508797584e-15
matching_release,exceptional_gram_mixed_jets,scaled_jet,"2,1",order_52,8d1fbe042818655cba33b3b34bbe2af7957bb45e56a92efd251fc3a3101cc09f,0.05597317300271243,187264,3.2032998752383945e-14,0.0,real-simplex;analytic-Laurent-and-jets;Gauss=52;lambda=0.0;UNCONVERGED,-0.0,0.0,-0.0,0.0,-0.0,0.0,4.795326918695594e-16,0.0,1.7684414170103116e-14
matching_release,exceptional_gram_mixed_jets,scaled_jet,"3,0",order_52,8d1fbe042818655cba33b3b34bbe2af7957bb45e56a92efd251fc3a3101cc09f,0.05597317300271243,187264,3.2032998752383945e-14,0.0,real-simplex;analytic-Laurent-and-jets;Gauss=52;lambda=0.0;UNCONVERGED,-0.0,0.0,-0.0,0.0,-0.0,0.0,3.601626818656399e-16,0.0,2.286115722926494e-14
weighted_release,massive_weighted_tensor,weighted,base,order_80,06feeeecdd7260b3a02fa2420dab4122da3f02be14e3831b7e079390d09addb5,0.11465161899104714,652608,1.0856028821681862e-14,0.0,real-simplex;analytic-Laurent-and-jets;Gauss=80;lambda=0.0;UNCONVERGED,0.0,0.0,0.0,0.0,0.0,0.0,0.00045940648052375586,0.0,5.192013784282603e-15
weighted_release,massive_weighted_tensor,metric,base,order_80,06feeeecdd7260b3a02fa2420dab4122da3f02be14e3831b7e079390d09addb5,0.0653925989754498,652608,1.135901236845763e-14,0.0,real-simplex;analytic-Laurent-and-jets;Gauss=80;lambda=0.0;UNCONVERGED,-0.0,0.0,-0.0,0.0,-0.0,0.0,-0.00011215214063927003,0.0,5.437825070006282e-15
cut_release,massive_physical_cut,scalar,base,order_80,06feeeecdd7260b3a02fa2420dab4122da3f02be14e3831b7e079390d09addb5,0.3524611229659058,652608,5.5149774687603074e-15,0.0,causal-simplex-contour;analytic-Laurent-and-jets;Gauss=80;lambda=3.0;UNCONVERGED,0.0,0.0,0.0,0.0,0.0,0.0,0.07286146991699462,0.24091139097559489,3.1106895302343747e-15
cut_release,massive_physical_cut,metric,base,order_80,06feeeecdd7260b3a02fa2420dab4122da3f02be14e3831b7e079390d09addb5,0.3528184100287035,652608,7.863677723588963e-15,0.0,causal-simplex-contour;analytic-Laurent-and-jets;Gauss=80;lambda=3.0;UNCONVERGED,-0.0,0.0,-0.0,0.0,-0.0,0.0,-0.10767132264675076,-0.057854715843218794,6.7022949868827855e-15
cut_release,massive_physical_cut,tensor,base,order_80,06feeeecdd7260b3a02fa2420dab4122da3f02be14e3831b7e079390d09addb5,0.38684863003436476,652608,8.405920954353665e-15,0.0,causal-simplex-contour;analytic-Laurent-and-jets;Gauss=80;lambda=3.0;UNCONVERGED,0.0,0.0,0.0,0.0,0.0,0.0,0.009071328996861146,0.004000587066875801,9.179110015268751e-15
ultraviolet_release,uv_dimensional_trace,scalar,base,order_80,06feeeecdd7260b3a02fa2420dab4122da3f02be14e3831b7e079390d09addb5,0.004398067016154528,132,2.1649348980190553e-15,1.1102230246251563e-15,real-simplex;analytic-Laurent-and-jets;Gauss=80;lambda=0.0;UNCONVERGED,1.0,0.0,0.0,0.0,0.0,0.0,0.4118145938798749,0.0,9.43689570931383e-16
ultraviolet_release,uv_dimensional_trace,metric,base,order_80,06feeeecdd7260b3a02fa2420dab4122da3f02be14e3831b7e079390d09addb5,0.0003456359845586121,132,2.1319221733302202e-15,1.1102230246251563e-15,real-simplex;analytic-Laurent-and-jets;Gauss=80;lambda=0.0;UNCONVERGED,0.583333333333334,0.0,-0.0,0.0,-0.0,0.0,0.7811422751593033,0.0,9.948970142207693e-16
ultraviolet_release,uv_dimensional_trace,longitudinal,base,order_80,06feeeecdd7260b3a02fa2420dab4122da3f02be14e3831b7e079390d09addb5,0.00032562698470428586,132,3.1641356201816926e-15,1.1102230246251563e-15,real-simplex;analytic-Laurent-and-jets;Gauss=80;lambda=0.0;UNCONVERGED,0.3333333333333337,0.0,0.0,0.0,0.0,0.0,0.07303357542879885,0.0,1.4988010832439613e-15
ultraviolet_release,uv_dimensional_trace,pinch,base,order_80,06feeeecdd7260b3a02fa2420dab4122da3f02be14e3831b7e079390d09addb5,0.00019707396859303117,2,0.0,1.1102230246251563e-15,real-simplex;analytic-Laurent-and-jets;Gauss=80;lambda=0.0;UNCONVERGED,2.1,0.0,-0.0,0.0,-0.0,0.0,1.6562509032988653,0.0,0.0
collinear_release,soft_collinear_triangle,scalar_jet,0,order_80,06feeeecdd7260b3a02fa2420dab4122da3f02be14e3831b7e079390d09addb5,0.00015658297343179584,3,4e-15,0.0,analytic-dirichlet-IR-triangle-and-jets,0.0,0.0,-0.29411764705882354,0.0,0.20386681781174862,0.0,0.17124721366618018,0.0,0.0
collinear_release,soft_collinear_triangle,scalar_jet,1,order_80,06feeeecdd7260b3a02fa2420dab4122da3f02be14e3831b7e079390d09addb5,0.00015658297343179584,3,4e-15,0.0,analytic-dirichlet-IR-triangle-and-jets,0.0,0.0,-0.08650519031141869,0.0,-0.02654436154325733,0.0,0.11032765631703788,0.0,0.0
collinear_release,soft_collinear_triangle,scalar_jet,2,order_80,06feeeecdd7260b3a02fa2420dab4122da3f02be14e3831b7e079390d09addb5,0.00015658297343179584,3,4e-15,0.0,analytic-dirichlet-IR-triangle-and-jets,0.0,0.0,-0.025442703032770204,0.0,-0.020528516676166668,0.0,0.028545728101590943,0.0,0.0
collinear_release,soft_collinear_triangle,single_pole,base,order_80,06feeeecdd7260b3a02fa2420dab4122da3f02be14e3831b7e079390d09addb5,5.77110331505537e-05,1,4e-15,0.0,analytic-dirichlet-IR-triangle-and-jets,0.0,0.0,0.0,0.0,-0.29411764705882354,0.0,-0.38436847630589843,0.0,0.0
collinear_release,soft_collinear_triangle,finite_tensor,base,order_80,06feeeecdd7260b3a02fa2420dab4122da3f02be14e3831b7e079390d09addb5,4.7061010263860226e-05,1,4e-15,0.0,analytic-dirichlet-IR-triangle-and-jets,0.0,0.0,0.0,0.0,0.0,0.0,-0.14705882352941177,0.0,0.0
massless_box_release,massless_box_infrared,one_mass,base,order_80,06feeeecdd7260b3a02fa2420dab4122da3f02be14e3831b7e079390d09addb5,0.005005459010135382,1,4e-15,0.0,analytic-causal-zero-or-one-mass-IR-box,0.0,0.0,0.16666666666666666,0.0,-0.28198568904305643,0.0,-0.5903345523736558,0.0,0.0
massless_box_release,massless_box_infrared,on_shell,base,order_80,06feeeecdd7260b3a02fa2420dab4122da3f02be14e3831b7e079390d09addb5,5.056097870692611e-05,1,4e-15,0.0,analytic-causal-zero-or-one-mass-IR-box,0.0,0.0,0.4,0.0,-0.248265718173941,0.0,-1.2808818552189765,0.0,0.0
matching_release,exceptional_gram_mixed_jets,mixed_jet,"0,0",order_80,06feeeecdd7260b3a02fa2420dab4122da3f02be14e3831b7e079390d09addb5,0.21698261401616037,652608,4.41010760599494e-14,0.0,real-simplex;analytic-Laurent-and-jets;Gauss=80;lambda=0.0;UNCONVERGED,-0.0,0.0,-0.0,0.0,-0.0,0.0,-0.06079795460293747,0.0,2.282607679559e-16
matching_release,exceptional_gram_mixed_jets,mixed_jet,"0,1",order_80,06feeeecdd7260b3a02fa2420dab4122da3f02be14e3831b7e079390d09addb5,0.21698261401616037,652608,4.41010760599494e-14,0.0,real-simplex;analytic-Laurent-and-jets;Gauss=80;lambda=0.0;UNCONVERGED,-0.0,0.0,-0.0,0.0,-0.0,0.0,0.004755883208895614,0.0,5.4712975480519995e-15
matching_release,exceptional_gram_mixed_jets,mixed_jet,"0,2",order_80,06feeeecdd7260b3a02fa2420dab4122da3f02be14e3831b7e079390d09addb5,0.21698261401616037,652608,4.41010760599494e-14,0.0,real-simplex;analytic-Laurent-and-jets;Gauss=80;lambda=0.0;UNCONVERGED,-0.0,0.0,-0.0,0.0,-0.0,0.0,-0.0005577214883993566,0.0,1.0497518659760751e-14
matching_release,exceptional_gram_mixed_jets,mixed_jet,"0,3",order_80,06feeeecdd7260b3a02fa2420dab4122da3f02be14e3831b7e079390d09addb5,0.21698261401616037,652608,4.41010760599494e-14,0.0,real-simplex;analytic-Laurent-and-jets;Gauss=80;lambda=0.0;UNCONVERGED,-0.0,0.0,-0.0,0.0,-0.0,0.0,5.9742917524534185e-05,0.0,1.587931993001924e-14
matching_release,exceptional_gram_mixed_jets,mixed_jet,"1,0",order_80,06feeeecdd7260b3a02fa2420dab4122da3f02be14e3831b7e079390d09addb5,0.21698261401616037,652608,4.41010760599494e-14,0.0,real-simplex;analytic-Laurent-and-jets;Gauss=80;lambda=0.0;UNCONVERGED,-0.0,0.0,-0.0,0.0,-0.0,0.0,0.009309340294455036,0.0,8.758086050358898e-15
matching_release,exceptional_gram_mixed_jets,mixed_jet,"1,1",order_80,06feeeecdd7260b3a02fa2420dab4122da3f02be14e3831b7e079390d09addb5,0.21698261401616037,652608,4.41010760599494e-14,0.0,real-simplex;analytic-Laurent-and-jets;Gauss=80;lambda=0.0;UNCONVERGED,-0.0,0.0,-0.0,0.0,-0.0,0.0,-0.001776913879790546,0.0,1.1348980182769297e-14
matching_release,exceptional_gram_mixed_jets,mixed_jet,"1,2",order_80,06feeeecdd7260b3a02fa2420dab4122da3f02be14e3831b7e079390d09addb5,0.21698261401616037,652608,4.41010760599494e-14,0.0,real-simplex;analytic-Laurent-and-jets;Gauss=80;lambda=0.0;UNCONVERGED,-0.0,0.0,-0.0,0.0,-0.0,0.0,0.0002631394973782602,0.0,1.7305076470117962e-14
matching_release,exceptional_gram_mixed_jets,mixed_jet,"2,0",order_80,06feeeecdd7260b3a02fa2420dab4122da3f02be14e3831b7e079390d09addb5,0.21698261401616037,652608,4.41010760599494e-14,0.0,real-simplex;analytic-Laurent-and-jets;Gauss=80;lambda=0.0;UNCONVERGED,-0.0,0.0,-0.0,0.0,-0.0,0.0,-0.0028198821835599963,0.0,8.766256149560786e-15
matching_release,exceptional_gram_mixed_jets,mixed_jet,"2,1",order_80,06feeeecdd7260b3a02fa2420dab4122da3f02be14e3831b7e079390d09addb5,0.21698261401616037,652608,4.41010760599494e-14,0.0,real-simplex;analytic-Laurent-and-jets;Gauss=80;lambda=0.0;UNCONVERGED,-0.0,0.0,-0.0,0.0,-0.0,0.0,0.0004795326918695757,0.0,1.66180243868253e-14
matching_release,exceptional_gram_mixed_jets,mixed_jet,"3,0",order_80,06feeeecdd7260b3a02fa2420dab4122da3f02be14e3831b7e079390d09addb5,0.21698261401616037,652608,4.41010760599494e-14,0.0,real-simplex;analytic-Laurent-and-jets;Gauss=80;lambda=0.0;UNCONVERGED,-0.0,0.0,-0.0,0.0,-0.0,0.0,0.0003601626818656557,0.0,2.1072186513286847e-14
matching_release,exceptional_gram_mixed_jets,scaled_jet,"0,0",order_80,06feeeecdd7260b3a02fa2420dab4122da3f02be14e3831b7e079390d09addb5,0.1933795789955184,652608,4.407959657379134e-14,0.0,real-simplex;analytic-Laurent-and-jets;Gauss=80;lambda=0.0;UNCONVERGED,-0.0,0.0,-0.0,0.0,-0.0,0.0,-6.079795460293748e-14,0.0,2.0760195907851085e-16
matching_release,exceptional_gram_mixed_jets,scaled_jet,"0,1",order_80,06feeeecdd7260b3a02fa2420dab4122da3f02be14e3831b7e079390d09addb5,0.1933795789955184,652608,4.407959657379134e-14,0.0,real-simplex;analytic-Laurent-and-jets;Gauss=80;lambda=0.0;UNCONVERGED,-0.0,0.0,-0.0,0.0,-0.0,0.0,4.755883208895615e-15,0.0,5.4737277449541564e-15
matching_release,exceptional_gram_mixed_jets,scaled_jet,"0,2",order_80,06feeeecdd7260b3a02fa2420dab4122da3f02be14e3831b7e079390d09addb5,0.1933795789955184,652608,4.407959657379134e-14,0.0,real-simplex;analytic-Laurent-and-jets;Gauss=80;lambda=0.0;UNCONVERGED,-0.0,0.0,-0.0,0.0,-0.0,0.0,-5.577214883993568e-16,0.0,1.0608264003127613e-14
matching_release,exceptional_gram_mixed_jets,scaled_jet,"0,3",order_80,06feeeecdd7260b3a02fa2420dab4122da3f02be14e3831b7e079390d09addb5,0.1933795789955184,652608,4.407959657379134e-14,0.0,real-simplex;analytic-Laurent-and-jets;Gauss=80;lambda=0.0;UNCONVERGED,-0.0,0.0,-0.0,0.0,-0.0,0.0,5.97429175245342e-17,0.0,1.5886373078520736e-14
matching_release,exceptional_gram_mixed_jets,scaled_jet,"1,0",order_80,06feeeecdd7260b3a02fa2420dab4122da3f02be14e3831b7e079390d09addb5,0.1933795789955184,652608,4.407959657379134e-14,0.0,real-simplex;analytic-Laurent-and-jets;Gauss=80;lambda=0.0;UNCONVERGED,-0.0,0.0,-0.0,0.0,-0.0,0.0,9.309340294455037e-15,0.0,8.812819334991192e-15
matching_release,exceptional_gram_mixed_jets,scaled_jet,"1,1",order_80,06feeeecdd7260b3a02fa2420dab4122da3f02be14e3831b7e079390d09addb5,0.1933795789955184,652608,4.407959657379134e-14,0.0,real-simplex;analytic-Laurent-and-jets;Gauss=80;lambda=0.0;UNCONVERGED,-0.0,0.0,-0.0,0.0,-0.0,0.0,-1.7769138797905464e-15,0.0,1.1320724831924435e-14
matching_release,exceptional_gram_mixed_jets,scaled_jet,"1,2",order_80,06feeeecdd7260b3a02fa2420dab4122da3f02be14e3831b7e079390d09addb5,0.1933795789955184,652608,4.407959657379134e-14,0.0,real-simplex;analytic-Laurent-and-jets;Gauss=80;lambda=0.0;UNCONVERGED,-0.0,0.0,-0.0,0.0,-0.0,0.0,2.631394973782602e-16,0.0,1.6863080746443906e-14
matching_release,exceptional_gram_mixed_jets,scaled_jet,"2,0",order_80,06feeeecdd7260b3a02fa2420dab4122da3f02be14e3831b7e079390d09addb5,0.1933795789955184,652608,4.407959657379134e-14,0.0,real-simplex;analytic-Laurent-and-jets;Gauss=80;lambda=0.0;UNCONVERGED,-0.0,0.0,-0.0,0.0,-0.0,0.0,-2.8198821835599963e-15,0.0,8.532362716964963e-15
matching_release,exceptional_gram_mixed_jets,scaled_jet,"2,1",order_80,06feeeecdd7260b3a02fa2420dab4122da3f02be14e3831b7e079390d09addb5,0.1933795789955184,652608,4.407959657379134e-14,0.0,real-simplex;analytic-Laurent-and-jets;Gauss=80;lambda=0.0;UNCONVERGED,-0.0,0.0,-0.0,0.0,-0.0,0.0,4.795326918695759e-16,0.0,1.6861883278470413e-14
matching_release,exceptional_gram_mixed_jets,scaled_jet,"3,0",order_80,06feeeecdd7260b3a02fa2420dab4122da3f02be14e3831b7e079390d09addb5,0.1933795789955184,652608,4.407959657379134e-14,0.0,real-simplex;analytic-Laurent-and-jets;Gauss=80;lambda=0.0;UNCONVERGED,-0.0,0.0,-0.0,0.0,-0.0,0.0,3.6016268186565577e-16,0.0,2.121843934452734e-14
