0 39 96 25 113 63
0 56 17 126 18 59
0 41 18 67 60 25
0 56 82 47 18 109
0 107 34 116 48 33
0 12 4 83 69 9
0 18 113 48 37 82
0 28 67 66 79 77
0 112 76 6 127 72
0 46 66 119 19 49
0 40 33 65 78 64
0 93 0 26 109 124
0 39 17 115 122 20
0 20 6 41 123 16
0 41 92 53 70 39
0 31 13 108 67 112
0 28 125 92 110 89
0 7 122 82 90 101
0 30 40 30 36 49
0 63 37 127 79 97
0 97 19 84 44 15
0 110 38 4 48 117
0 4 35 14 107 95
0 55 102 27 68 76
0 124 72 44 57 47
0 77 91 44 45 103
0 44 94 85 6 50
0 13 77 26 121 44
0 23 114 10 11 32
0 27 109 16 72 81
0 90 43 75 85 44
0 115 52 118 84 42
0 110 35 92 38 106
0 92 16 72 17 95
0 87 23 24 115 83
0 65 99 88 85 66
0 112 69 31 111 30
0 108 125 70 69 57
0 110 16 124 21 111
0 41 85 121 14 35
0 109 68 30 43 42
0 77 95 23 56 0
0 38 52 100 39 52
0 88 74 22 55 8
0 14 127 1 80 46
0 95 38 46 36 39
0 68 7 75 125 112
0 32 5 126 109 110
0 82 87 41 15 46
0 85 55 100 22 79
0 105 96 47 119 118
0 42 119 46 63 40
0 62 8 65 44 126
0 106 53 119 78 64
0 80 66 51 36 9
0 100 123 42 75 111
0 16 9 119 86 62
0 62 39 61 33 72
0 19 61 21 114 58
0 69 60 89 5 117
0 110 30 20 89 57
0 87 22 43 111 6
0 110 91 55 47 35
0 55 91 122 62 60
1 11 52 125 109 13
1 55 9 6 81 75
1 82 114 50 23 80
1 96 74 79 110 43
1 61 55 17 62 29
1 92 69 93 65 113
1 38 6 94 26 116
1 35 37 28 95 126
1 26 107 55 111 20
1 116 56 91 73 74
1 60 87 44 114 88
1 81 5 59 32 78
1 110 31 110 48 113
1 42 44 88 62 69
1 87 100 94 26 106
1 11 10 87 121 18
1 125 9 16 13 21
1 97 111 23 4 123
1 54 126 82 48 45
1 38 52 7 53 34
1 106 70 122 27 86
1 94 93 67 108 113
1 71 39 71 56 72
1 62 107 54 71 64
1 72 47 109 1 5
1 52 43 103 92 29
1 104 84 123 36 72
1 27 73 126 10 18
1 105 46 125 46 9
1 36 124 8 125 74
1 24 53 65 79 21
1 1 98 77 74 43
1 85 6 54 1 7
1 127 60 8 123 21
1 25 89 46 45 16
1 90 120 120 52 9
1 64 89 115 107 123
1 121 48 69 93 86
1 71 28 35 121 101
1 5 39 56 113 72
1 75 118 83 111 97
1 21 79 97 30 39
1 9 109 52 77 109
1 22 45 17 78 59
1 110 39 53 53 54
1 34 24 94 65 106
1 53 47 89 70 97
1 32 94 20 54 122
1 56 114 78 116 27
1 0 88 108 105 76
1 126 104 13 109 33
1 96 21 6 114 98
1 74 34 90 70 119
1 75 95 93 106 103
1 78 29 11 26 22
1 10 86 99 35 49
1 82 29 98 35 89
1 116 118 60 73 91
1 23 15 76 59 86
1 12 24 65 72 122
1 86 74 67 2 125
1 53 4 97 65 15
1 55 59 111 11 94
1 79 119 42 0 0
2 77 86 80 92 79
2 98 43 19 66 37
2 10 87 14 9 91
2 23 11 125 115 80
2 111 126 120 93 99
2 92 33 2 4 88
2 37 103 43 86 29
2 69 4 9 98 14
2 7 15 104 127 75
2 71 124 13 42 117
2 35 94 86 78 49
2 122 101 47 99 84
2 121 20 96 89 122
2 111 71 98 41 23
2 111 40 84 26 121
2 30 117 93 84 81
2 67 14 22 119 1
2 49 29 67 54 36
2 113 11 110 40 40
2 34 23 25 30 90
2 5 61 77 53 114
2 6 24 87 15 117
2 24 98 48 70 17
2 60 85 59 56 42
2 85 120 119 40 92
2 2 51 82 85 96
2 7 52 2 90 2
2 64 82 32 34 0
2 59 50 3 106 100
2 35 124 34 77 11
2 19 94 3 20 55
2 119 82 66 107 0
2 106 38 25 92 48
2 61 93 76 56 85
2 53 42 109 103 76
2 34 115 105 9 9
2 42 59 116 113 28
2 94 13 43 12 98
2 26 11 91 111 91
2 81 40 41 30 105
2 36 6 63 25 16
2 115 92 10 17 57
2 72 92 68 87 81
2 52 127 126 67 0
2 100 37 24 99 58
2 120 42 4 94 42
2 35 83 68 7 73
2 25 42 95 38 53
2 113 124 11 42 68
2 59 74 11 50 4
2 124 65 125 28 77
2 50 60 104 34 106
2 1 71 99 36 69
2 32 19 30 18 81
2 102 21 12 84 88
2 71 122 16 24 122
2 1 22 33 16 33
2 114 38 89 18 52
2 115 109 61 105 6
2 18 82 54 45 98
2 5 35 123 60 123
2 59 9 37 121 44
2 121 15 111 16 64
2 46 74 117 24 127
3 104 41 79 114 35
3 15 70 10 0 118
3 92 10 26 55 56
3 87 20 3 89 67
3 17 76 94 74 96
3 38 59 112 2 53
3 72 59 12 37 56
3 84 45 63 9 19
3 95 56 104 119 109
3 73 98 23 85 114
3 117 51 53 35 90
3 22 64 38 57 27
3 64 73 49 122 26
3 27 120 122 1 50
3 123 44 127 28 124
3 107 41 117 82 20
3 56 33 124 8 122
3 99 110 12 86 28
3 114 41 62 93 112
3 30 94 118 12 5
3 107 55 3 67 84
3 100 113 25 12 0
3 18 72 116 111 69
3 108 64 81 110 47
3 127 37 41 94 114
3 3 78 17 56 81
3 84 54 67 0 19
3 62 107 45 95 14
3 76 24 90 82 5
3 77 99 60 122 25
3 103 96 55 100 25
3 8 119 61 62 38
3 8 20 99 11 83
3 77 67 30 21 107
3 120 64 118 82 89
3 61 55 31 68 4
3 0 84 96 121 108
3 123 119 46 54 98
3 120 43 58 8 89
3 10 39 88 7 88
3 58 86 59 67 110
3 5 48 65 14 27
3 67 126 112 52 122
3 106 59 19 56 96
3 109 104 3 12 95
3 11 108 13 33 100
3 120 86 95 71 91
3 91 123 111 118 20
3 10 106 101 67 76
3 113 80 106 75 17
3 46 51 93 87 50
3 71 22 120 8 87
3 84 81 70 107 87
3 78 76 119 22 92
3 19 35 104 121 45
3 6 21 75 109 11
3 43 114 64 105 99
3 49 69 15 127 97
3 28 96 103 46 24
3 0 22 31 62 104
3 83 54 95 4 100
3 96 8 1 79 4
3 1 14 117 106 92
3 30 123 25 111 104
4 26 9 126 96 113
4 72 33 125 72 125
4 16 32 126 60 89
4 29 122 113 66 113
4 99 18 92 85 67
4 48 28 62 68 108
4 21 81 87 27 70
4 77 13 17 27 75
4 104 61 46 12 8
4 45 96 29 55 8
4 60 119 21 81 113
4 81 15 24 56 40
4 9 112 33 52 119
4 34 51 78 113 23
4 126 53 112 3 15
4 47 7 74 115 112
4 114 107 114 57 22
4 119 49 86 125 85
4 2 69 117 125 8
4 25 123 113 39 39
4 27 89 85 109 25
4 47 121 74 28 13
4 35 62 11 6 20
4 58 56 102 45 40
4 81 95 51 9 122
4 8 127 127 80 83
4 43 18 19 58 26
4 126 10 95 77 52
4 100 127 43 11 29
4 108 0 41 67 81
4 66 3 56 81 67
4 46 121 107 41 112
4 96 111 56 2 73
4 80 121 89 72 35
4 19 79 112 23 24
4 20 73 36 63 31
4 91 78 53 12 77
4 8 37 1 45 113
4 85 21 34 56 121
4 123 45 87 19 31
4 23 77 91 83 89
4 83 62 75 121 43
4 37 53 7 99 27
4 32 123 56 124 67
4 96 107 125 46 63
4 32 92 119 65 98
4 55 106 31 17 60
4 66 75 84 50 110
4 69 43 103 121 40
4 57 107 68 122 29
4 33 71 72 104 114
4 35 123 102 33 72
4 52 50 75 61 35
4 96 51 31 89 26
4 69 39 15 54 17
4 123 26 6 61 75
4 28 78 81 107 92
4 6 15 118 102 97
4 3 25 125 13 81
4 104 104 76 50 31
4 126 46 56 37 9
4 35 57 101 26 98
4 41 0 23 22 108
4 29 101 57 19 58
5 90 127 22 58 55
5 53 107 11 121 35
5 100 72 25 108 110
5 56 38 32 119 76
5 113 8 69 122 10
5 24 28 16 86 34
5 62 118 65 19 80
5 103 10 43 116 4
5 4 37 102 75 114
5 1 32 114 98 116
5 82 40 15 5 46
5 73 110 21 34 86
5 11 73 79 34 98
5 25 38 30 124 40
5 12 45 46 93 11
5 9 100 107 51 6
5 56 101 42 23 102
5 16 76 59 68 70
5 23 125 114 119 58
5 62 26 7 18 124
5 38 14 72 73 115
5 68 50 24 8 93
5 54 96 97 17 25
5 10 87 53 61 73
5 65 113 29 84 105
5 38 68 3 1 91
5 15 50 25 91 1
5 103 40 40 18 122
5 113 24 87 36 86
5 31 100 59 111 43
5 74 60 17 86 21
5 100 11 23 20 29
5 126 50 127 46 32
5 63 5 38 97 5
5 68 85 98 14 38
5 123 55 42 26 18
5 24 15 56 7 93
5 71 44 86 77 94
5 90 60 22 18 113
5 51 117 98 69 26
5 89 77 55 49 89
5 15 13 89 1 20
5 56 13 91 119 116
5 101 98 24 109 2
5 59 98 84 93 51
5 88 91 60 36 94
5 44 37 68 6 66
5 17 98 121 7 66
5 41 17 48 24 81
5 64 79 67 30 113
5 37 48 72 70 93
5 93 3 100 94 112
5 56 46 35 49 40
5 118 63 116 9 27
5 110 71 63 83 35
5 61 120 45 32 80
5 119 16 27 9 92
5 41 65 93 41 126
5 67 120 5 66 6
5 80 105 63 68 123
5 59 9 77 118 2
5 94 101 5 79 37
5 77 92 42 61 14
5 4 120 81 107 24
6 113 42 52 89 86
6 106 124 117 62 20
6 66 55 17 90 107
6 59 1 7 0 102
6 111 92 72 105 61
6 80 95 64 35 114
6 106 13 14 83 4
6 59 6 103 29 12
6 107 29 59 97 115
6 27 78 24 124 58
6 119 41 31 27 36
6 50 29 14 7 46
6 64 52 40 46 72
6 34 89 32 125 61
6 74 48 17 123 111
6 60 127 109 0 93
6 48 65 12 96 2
6 80 33 84 5 2
6 81 116 50 47 75
6 103 46 46 3 83
6 88 22 11 27 36
6 86 30 44 117 3
6 84 66 103 92 20
6 30 33 55 21 41
6 102 94 25 49 17
6 53 6 92 126 17
6 33 32 120 76 86
6 11 126 73 39 45
6 107 34 62 56 78
6 96 66 110 34 74
6 51 49 30 41 70
6 35 49 117 54 98
6 101 32 30 72 2
6 29 17 69 37 73
6 85 0 58 65 75
6 124 62 75 105 43
6 109 115 40 91 37
6 27 16 50 82 51
6 119 115 13 67 121
6 73 18 46 16 53
6 26 75 69 0 73
6 49 86 98 37 126
6 12 34 47 83 0
6 45 26 57 60 51
6 103 121 33 35 67
6 74 28 55 63 106
6 29 64 22 40 79
6 57 50 83 126 23
6 100 84 6 45 46
6 83 9 73 26 18
6 66 30 48 99 80
6 17 56 45 5 119
6 95 70 52 100 58
6 107 27 36 16 31
6 23 125 7 12 95
6 10 74 71 67 88
6 113 120 93 0 74
6 61 1 46 91 87
6 18 2 23 60 54
6 37 60 2 87 8
6 36 21 121 90 36
6 82 12 50 53 79
6 126 51 89 101 12
6 28 124 32 95 13
7 93 98 122 47 54
7 70 79 21 127 105
7 105 66 74 80 66
7 116 54 69 125 5
7 3 113 52 59 66
7 91 7 73 119 113
7 62 71 3 11 32
7 36 66 35 113 41
7 79 119 38 115 82
7 8 127 81 32 43
7 39 91 6 8 19
7 34 41 41 92 99
7 86 75 20 10 125
7 0 108 18 76 33
7 60 127 46 47 114
7 121 36 62 23 20
7 60 123 117 106 118
7 104 115 88 43 97
7 67 51 96 87 3
7 32 34 61 12 22
7 27 68 1 61 75
7 10 114 127 76 98
7 8 34 53 77 5
7 5 0 70 24 23
7 33 77 70 33 4
7 45 81 25 116 7
7 1 21 51 88 2
7 46 2 22 101 88
7 112 21 15 124 106
7 101 97 80 77 38
7 76 2 5 47 110
7 114 50 33 113 88
7 119 76 42 42 122
7 4 123 5 10 84
7 87 45 67 50 50
7 51 78 38 104 24
7 5 32 120 21 52
7 80 101 81 28 21
7 55 45 122 87 48
7 14 126 94 12 87
7 108 73 26 46 82
7 17 79 41 57 19
7 15 58 1 45 15
7 99 94 4 46 24
7 90 89 108 57 33
7 29 100 79 115 91
7 66 17 47 120 102
7 5 46 73 69 56
7 44 79 115 5 104
7 18 91 65 79 71
7 119 39 20 10 121
7 125 1 114 69 23
7 5 28 41 49 127
7 80 127 76 0 12
7 13 21 59 106 104
7 14 56 91 126 48
7 5 120 49 46 93
7 34 68 9 86 71
7 93 114 118 119 103
7 51 95 25 127 125
7 126 74 0 33 78
7 117 49 22 14 24
7 68 85 24 52 108
7 41 0 75 4 100
8 98 46 70 95 39
8 80 73 78 49 2
8 104 83 101 24 110
8 121 17 35 50 62
8 12 3 91 6 92
8 29 43 90 26 104
8 109 123 54 102 18
8 115 74 73 26 72
8 58 123 98 83 117
8 64 26 64 29 57
8 64 8 44 4 36
8 72 2 72 110 90
8 7 4 119 30 30
8 101 86 47 17 7
8 21 112 45 10 63
8 109 98 39 37 81
8 14 62 118 89 111
8 120 14 76 117 8
8 76 114 59 50 107
8 11 110 62 56 123
8 107 81 72 70 9
8 25 39 93 124 3
8 87 22 33 99 26
8 54 100 69 120 69
8 70 63 102 126 90
8 115 123 95 1 24
8 95 50 2 15 120
8 119 66 28 88 60
8 20 109 118 102 14
8 89 116 97 26 88
8 31 72 107 37 117
8 42 52 70 104 69
8 110 53 49 71 51
8 72 3 121 66 91
8 38 3 109 72 112
8 36 109 57 19 100
8 25 16 63 117 90
8 48 75 99 99 101
8 24 107 118 9 115
8 127 21 72 65 93
8 27 108 31 41 79
8 79 78 32 100 96
8 79 47 92 70 50
8 13 121 89 3 114
8 47 75 9 55 95
8 26 109 25 49 10
8 110 116 36 28 105
8 111 46 39 55 36
8 125 21 35 104 100
8 66 71 112 71 89
8 91 110 32 81 11
8 17 102 19 1 19
8 43 94 110 69 53
8 75 56 0 116 34
8 106 65 78 113 95
8 112 88 126 10 84
8 45 51 52 70 46
8 50 8 121 85 55
8 92 27 79 69 69
8 66 98 67 52 62
8 87 29 98 127 3
8 65 24 52 88 80
8 97 24 127 2 1
8 58 8 122 35 125
9 81 24 41 16 8
9 51 43 85 58 71
9 20 96 122 9 4
9 124 7 34 65 121
9 57 3 15 93 81
9 32 12 46 111 109
9 69 112 118 79 44
9 55 112 31 16 51
9 70 53 55 39 103
9 55 32 85 56 89
9 121 18 95 35 26
9 36 85 31 2 77
9 38 1 34 17 114
9 77 54 46 63 122
9 123 13 33 126 55
9 26 24 44 42 74
9 20 41 44 34 52
9 60 60 45 24 109
9 122 91 108 60 16
9 64 76 5 112 72
9 29 20 84 110 13
9 74 101 43 97 43
9 101 96 103 107 42
9 8 61 116 28 119
9 68 98 18 105 104
9 14 7 81 58 29
9 37 56 14 34 62
9 60 122 117 12 51
9 34 59 56 4 78
9 107 8 64 11 45
9 3 99 2 116 116
9 121 107 49 45 84
9 22 21 6 47 73
9 122 12 105 111 119
9 62 68 119 63 95
9 1 14 29 17 84
9 67 84 31 43 39
9 50 41 102 51 51
9 30 38 44 20 32
9 99 45 46 9 69
9 121 90 35 101 58
9 83 47 71 51 39
9 109 66 5 27 2
9 87 90 92 62 29
9 68 108 87 33 120
9 117 104 30 100 90
9 68 69 44 72 52
9 107 103 117 68 24
9 34 78 40 85 103
9 44 111 43 66 54
9 86 61 53 122 27
9 9 17 118 99 21
9 118 102 100 47 115
9 76 125 117 77 76
9 1 59 121 15 95
9 99 20 53 26 21
9 70 59 84 71 49
9 103 51 64 31 77
9 17 15 68 119 92
9 102 119 3 15 119
9 115 39 57 124 45
9 40 22 1 53 1
9 113 97 34 11 55
9 81 106 21 105 12
10 3 34 75 19 106
10 15 90 124 107 86
10 97 85 102 80 61
10 55 62 59 94 4
10 62 110 1 113 68
10 78 6 6 47 85
10 15 26 76 6 34
10 11 103 103 124 106
10 50 82 22 15 11
10 114 123 91 24 10
10 19 64 121 15 40
10 69 46 30 46 91
10 127 10 48 14 81
10 78 110 69 123 119
10 50 24 0 7 127
10 38 0 26 10 19
10 9 68 27 37 48
10 110 56 17 55 95
10 14 9 25 39 89
10 55 100 41 98 24
10 42 83 48 115 20
10 118 104 1 24 120
10 18 31 90 20 66
10 109 7 41 71 67
10 55 88 126 58 39
10 13 88 24 91 26
10 89 97 27 47 86
10 91 90 32 18 79
10 6 74 77 20 21
10 45 115 121 29 3
10 60 72 22 116 23
10 3 58 2 117 6
10 32 41 108 2 111
10 122 86 11 41 80
10 18 35 84 2 7
10 107 115 28 82 18
10 64 91 49 33 23
10 9 72 33 35 49
10 37 11 86 33 66
10 80 90 17 18 112
10 68 99 37 50 47
10 52 127 0 115 62
10 18 108 96 91 107
10 80 38 48 121 122
10 101 91 25 119 108
10 119 40 97 98 46
10 56 11 41 22 106
10 43 79 47 46 55
10 54 20 67 42 12
10 11 78 36 35 18
10 52 35 29 72 94
10 81 81 124 68 126
10 46 2 61 40 6
10 16 10 69 82 80
10 40 49 115 2 126
10 58 60 50 101 25
10 121 24 107 14 38
10 36 119 83 55 47
10 111 119 64 93 42
10 38 23 90 49 93
10 4 6 43 103 109
10 51 110 90 72 6
10 101 105 121 4 3
10 85 58 43 105 11
11 85 112 120 20 109
11 55 105 47 3 18
11 103 3 50 78 115
11 47 20 10 38 117
11 110 25 100 101 50
11 69 62 100 13 116
11 121 21 113 46 16
11 12 86 33 98 107
11 50 126 118 110 89
11 21 5 50 79 123
11 98 33 61 87 81
11 33 11 70 5 104
11 16 80 18 50 52
11 62 61 65 125 117
11 73 75 2 91 125
11 64 94 73 46 9
11 25 120 6 116 25
11 7 63 69 42 92
11 113 94 118 14 53
11 47 27 60 57 62
11 75 80 73 111 127
11 120 113 49 127 103
11 58 119 90 33 24
11 31 86 11 33 44
11 111 49 69 118 2
11 6 35 125 123 62
11 99 75 50 93 66
11 68 121 32 15 68
11 105 63 96 106 23
11 95 4 67 7 50
11 51 27 85 49 25
11 98 4 117 9 117
11 37 119 48 115 51
11 94 49 47 21 82
11 17 111 79 38 70
11 90 0 105 89 63
11 87 119 9 42 123
11 91 57 36 70 52
11 33 36 36 26 78
11 26 73 8 57 91
11 77 26 122 12 117
11 40 18 43 80 58
11 101 123 49 20 35
11 14 102 127 49 48
11 120 107 125 110 96
11 114 121 26 91 37
11 46 98 11 31 52
11 52 2 121 121 25
11 48 113 49 59 24
11 100 85 1 97 52
11 66 85 79 10 75
11 47 127 99 85 116
11 111 89 111 29 38
11 42 15 85 72 2
11 127 61 81 66 102
11 34 51 124 85 6
11 98 41 121 55 115
11 85 106 126 25 57
11 41 24 115 39 82
11 1 66 118 19 82
11 109 72 63 12 34
11 108 84 70 23 87
11 71 51 35 41 37
11 127 100 6 18 11
12 20 125 65 14 59
12 70 100 120 112 101
12 47 116 71 73 123
12 88 9 37 22 48
12 90 116 65 127 117
12 54 30 12 94 107
12 72 8 71 90 9
12 89 93 86 122 121
12 57 41 60 66 56
12 37 110 71 8 107
12 65 7 40 48 17
12 113 54 121 56 125
12 127 8 99 67 19
12 24 55 104 25 38
12 79 99 21 57 118
12 91 2 45 117 96
12 33 89 104 90 74
12 3 43 121 4 14
12 40 33 66 51 66
12 70 77 91 64 69
12 35 87 17 39 9
12 40 81 113 40 124
12 31 4 93 57 31
12 126 60 105 29 66
12 30 43 30 14 22
12 81 116 16 56 49
12 65 52 23 94 123
12 109 81 83 28 18
12 61 32 112 104 61
12 54 80 115 55 118
12 70 69 92 109 1
12 39 59 64 105 41
12 0 80 20 27 72
12 1 76 27 93 67
12 122 70 114 38 59
12 24 38 98 12 26
12 27 80 20 2 33
12 94 104 119 35 96
12 31 123 69 20 114
12 31 38 39 97 37
12 5 59 89 126 119
12 113 82 10 59 1
12 7 27 6 59 114
12 101 1 55 82 18
12 124 105 26 1 34
12 127 8 68 68 110
12 39 44 35 120 117
12 117 66 127 63 83
12 34 102 50 9 73
12 62 80 63 124 46
12 48 2 24 18 126
12 16 97 67 44 118
12 123 47 88 28 58
12 100 82 91 28 10
12 93 124 56 35 3
12 96 91 117 20 13
12 101 70 34 21 12
12 69 22 3 106 124
12 118 99 4 0 106
12 38 60 19 33 115
12 96 124 4 106 73
12 65 93 43 116 39
12 43 121 124 29 19
12 65 85 37 116 87
13 104 117 72 66 78
13 114 41 102 46 108
13 28 82 10 56 127
13 75 1 114 24 72
13 79 90 46 51 103
13 41 28 97 10 34
13 16 23 58 95 77
13 47 39 56 113 104
13 71 87 21 49 25
13 36 85 35 110 20
13 112 2 16 16 108
13 99 7 102 83 26
13 60 27 29 72 40
13 21 32 73 43 15
13 101 7 13 25 122
13 19 88 17 34 59
13 59 75 53 77 33
13 71 119 93 73 114
13 17 66 85 100 82
13 12 14 81 31 89
13 112 41 103 20 105
13 94 52 70 40 78
13 111 34 105 34 59
13 7 96 101 33 27
13 64 102 88 120 89
13 103 29 60 105 30
13 113 28 86 24 74
13 32 33 43 77 2
13 69 10 116 13 45
13 116 84 127 105 5
13 17 50 79 55 77
13 100 51 17 57 112
13 110 28 3 13 76
13 105 73 47 2 58
13 84 88 94 64 81
13 3 69 98 1 96
13 80 41 95 55 120
13 13 104 21 97 74
13 99 122 4 111 30
13 72 55 42 80 17
13 17 112 106 30 7
13 3 31 40 65 1
13 89 98 28 83 81
13 3 117 1 77 97
13 38 40 11 29 94
13 100 68 109 27 121
13 21 56 27 8 50
13 18 115 86 102 104
13 107 9 37 54 11
13 24 81 121 20 99
13 78 118 21 47 54
13 89 73 92 59 104
13 72 89 42 93 78
13 60 15 25 29 61
13 62 48 69 31 15
13 71 80 85 50 69
13 76 120 3 23 76
13 52 71 120 78 118
13 109 23 10 13 57
13 123 13 17 87 103
13 116 95 83 121 97
13 3 93 36 121 111
13 55 104 22 10 105
13 105 92 77 36 118
14 121 2 81 29 79
14 83 70 74 57 108
14 51 21 7 63 101
14 42 22 87 53 32
14 118 62 61 41 74
14 84 84 36 14 57
14 10 115 9 67 12
14 102 86 121 91 21
14 66 42 39 41 13
14 2 44 35 64 22
14 94 106 73 79 124
14 101 126 76 64 127
14 78 21 46 7 112
14 15 36 72 115 5
14 77 84 108 43 55
14 74 83 25 99 14
14 81 53 88 23 24
14 90 3 82 85 88
14 17 83 57 25 69
14 15 10 98 120 117
14 44 10 0 91 0
14 65 64 102 101 81
14 73 109 99 51 95
14 29 94 17 51 125
14 17 92 115 106 122
14 73 73 100 9 58
14 111 2 25 117 114
14 75 66 18 69 21
14 88 87 15 17 7
14 48 37 51 107 115
14 5 112 125 61 117
14 26 103 86 29 24
14 63 40 80 93 74
14 114 97 78 40 57
14 56 46 8 93 18
14 57 92 49 14 13
14 109 54 50 47 101
14 65 43 87 30 56
14 97 71 51 61 55
14 124 27 10 111 24
14 127 80 110 101 116
14 80 31 79 21 46
14 31 44 126 9 99
14 116 109 108 27 8
14 10 110 2 118 9
14 6 26 98 74 26
14 101 45 92 35 35
14 120 113 49 32 24
14 61 75 58 5 22
14 21 95 6 44 10
14 45 30 102 41 38
14 75 10 90 28 51
14 97 2 105 115 42
14 8 27 34 79 21
14 62 85 49 53 2
14 1 121 126 94 104
14 37 10 18 85 111
14 92 75 110 126 99
14 118 31 32 12 2
14 22 74 24 0 120
14 117 97 0 86 11
14 81 32 26 95 45
14 1 65 15 127 68
14 6 95 50 101 91
15 127 11 79 31 104
15 22 98 47 13 44
15 5 27 119 110 67
15 13 6 0 67 26
15 2 61 87 49 94
15 84 8 113 38 0
15 71 31 111 51 11
15 40 101 124 21 17
15 58 107 84 33 103
15 111 0 59 67 125
15 85 89 21 96 57
15 84 59 39 44 70
15 107 80 32 16 54
15 36 78 72 39 127
15 42 113 11 21 19
15 25 44 33 81 89
15 28 25 67 1 85
15 12 37 94 24 121
15 73 84 48 59 122
15 82 31 23 44 111
15 20 14 50 42 81
15 71 108 104 76 51
15 15 25 67 24 30
15 116 42 77 58 83
15 108 15 120 90 77
15 76 93 13 123 36
15 79 125 40 0 10
15 9 118 70 72 16
15 95 37 55 77 28
15 95 122 8 52 53
15 21 45 111 117 12
15 78 67 121 38 104
15 13 26 98 69 98
15 7 88 35 58 36
15 47 103 57 22 90
15 19 121 11 55 75
15 25 3 21 66 45
15 66 43 12 116 98
15 110 11 96 61 87
15 30 8 0 74 97
15 51 69 103 89 112
15 25 61 66 39 52
15 66 84 48 7 28
15 78 56 55 3 22
15 26 54 31 56 91
15 104 35 66 115 3
15 57 11 117 48 46
15 122 22 60 49 101
15 51 49 32 52 25
15 68 49 48 117 78
15 63 30 117 99 111
15 18 29 44 46 53
15 64 118 45 7 81
15 99 116 98 96 43
15 110 70 44 48 60
15 58 82 4 110 38
15 123 95 35 99 21
15 50 94 97 52 7
15 96 69 4 117 40
15 16 29 76 21 73
15 51 88 53 9 37
15 16 91 115 84 112
15 117 37 73 42 10
15 61 57 25 61 67
16 98 114 112 119 71
16 68 103 91 123 106
16 53 84 125 65 61
16 76 17 3 47 58
16 97 62 74 25 123
16 35 39 99 59 125
16 39 59 42 28 31
16 41 94 107 73 77
16 124 121 49 117 100
16 95 65 118 33 2
16 94 75 50 77 109
16 8 98 55 24 1
16 33 41 101 125 67
16 8 39 124 12 96
16 109 52 48 53 110
16 83 13 19 62 36
16 116 17 65 89 31
16 112 87 4 116 36
16 21 68 118 7 112
16 89 122 32 34 44
16 107 55 4 120 81
16 44 31 116 23 127
16 75 114 48 11 25
16 98 16 50 7 107
16 91 69 16 79 84
16 84 80 110 36 87
16 70 61 13 9 115
16 16 34 28 17 114
16 69 95 28 35 32
16 67 56 108 12 62
16 89 77 121 112 125
16 28 118 18 118 119
16 51 59 35 50 118
16 8 50 94 101 86
16 88 55 18 84 112
16 65 100 60 87 93
16 42 81 87 85 10
16 26 75 120 9 75
16 59 87 44 111 101
16 127 63 104 92 80
16 22 125 33 36 48
16 89 14 50 98 12
16 29 33 36 34 100
16 87 45 101 27 13
16 79 82 75 67 69
16 39 96 69 43 62
16 36 12 48 6 119
16 92 0 11 2 47
16 99 71 33 13 108
16 15 6 55 95 84
16 58 32 14 38 37
16 11 77 13 38 24
16 124 65 16 102 36
16 120 55 9 46 38
16 21 118 84 83 58
16 61 11 105 100 92
16 69 101 29 10 92
16 35 32 0 85 80
16 24 104 28 92 119
16 112 123 58 15 82
16 117 75 104 58 109
16 104 30 66 19 85
16 94 63 5 82 33
16 39 6 87 68 2
17 15 69 44 118 59
17 60 42 13 71 14
17 113 93 65 18 10
17 66 0 72 24 30
17 6 24 9 63 58
17 40 86 75 106 8
17 88 126 44 94 23
17 21 121 25 115 32
17 68 42 5 113 44
17 23 22 88 64 27
17 41 102 65 99 27
17 102 109 53 106 73
17 35 122 30 85 70
17 22 57 67 42 46
17 89 118 52 114 49
17 37 53 89 123 52
17 69 109 2 77 125
17 4 5 5 80 41
17 37 18 105 125 15
17 109 60 34 115 3
17 68 107 53 111 105
17 28 81 118 4 36
17 72 113 76 15 104
17 82 91 71 31 11
17 45 52 1 82 119
17 127 116 82 80 109
17 67 111 95 96 78
17 66 68 73 112 46
17 83 10 115 19 87
17 51 124 74 18 64
17 38 67 121 105 76
17 12 95 14 116 113
17 9 45 55 7 39
17 85 71 106 120 61
17 24 62 29 80 101
17 125 16 61 79 84
17 69 32 56 107 36
17 116 93 2 60 31
17 42 66 107 94 109
17 95 37 111 21 54
17 76 5 98 96 92
17 18 86 108 15 8
17 75 35 46 84 123
17 23 38 109 89 94
17 33 45 5 122 103
17 71 119 105 6 80
17 17 67 72 73 100
17 23 37 6 54 17
17 122 78 72 70 16
17 21 94 21 47 73
17 1 60 1 2 114
17 7 8 44 11 79
17 78 22 51 73 117
17 101 36 83 45 17
17 80 62 71 100 124
17 119 59 122 103 9
17 40 101 82 12 95
17 82 81 36 47 43
17 51 18 92 40 77
17 65 10 117 76 56
17 32 113 56 29 123
17 126 33 26 43 108
17 53 58 101 117 51
17 8 75 16 87 39
18 89 104 61 29 14
18 126 52 109 64 85
18 66 122 97 15 71
18 10 104 12 49 78
18 108 1 108 2 79
18 43 95 114 37 8
18 40 86 5 67 49
18 37 53 9 127 63
18 115 28 100 51 1
18 107 113 25 46 28
18 41 92 54 14 120
18 63 78 107 105 56
18 47 123 32 96 8
18 62 117 72 79 35
18 43 90 84 32 106
18 84 93 40 71 61
18 34 12 115 119 24
18 51 103 68 102 9
18 84 61 59 72 31
18 85 122 101 21 108
18 112 6 51 22 59
18 81 33 1 114 1
18 127 108 123 36 40
18 100 94 61 110 32
18 92 53 90 44 92
18 105 90 14 21 64
18 66 118 113 50 34
18 108 72 57 3 15
18 127 74 95 119 117
18 43 29 41 32 19
18 118 28 61 126 46
18 34 45 57 49 104
18 5 79 33 117 110
18 69 96 39 33 113
18 110 62 65 59 27
18 43 8 85 68 72
18 95 25 94 91 114
18 47 37 63 109 51
18 95 26 74 105 121
18 73 75 30 41 43
18 29 43 15 122 9
18 60 49 114 37 44
18 1 46 82 124 126
18 85 103 51 23 91
18 35 123 54 80 68
18 77 95 58 28 39
18 118 2 52 44 57
18 40 117 73 57 13
18 115 34 72 106 53
18 65 29 97 25 91
18 47 71 91 83 56
18 123 77 105 110 126
18 109 106 51 126 71
18 117 32 114 65 98
18 91 48 83 108 47
18 87 101 92 78 105
18 45 67 81 35 35
18 115 17 29 30 23
18 109 15 98 103 28
18 72 33 111 116 121
18 83 29 74 44 102
18 116 70 2 123 31
18 110 98 38 15 37
18 68 79 34 23 40
19 30 61 27 103 5
19 98 125 86 107 90
19 122 104 49 95 5
19 111 107 97 18 34
19 64 85 90 25 109
19 51 45 28 100 8
19 14 31 90 120 124
19 120 27 114 50 69
19 14 105 110 54 101
19 24 86 111 112 127
19 24 118 50 56 11
19 104 20 73 125 80
19 15 82 2 84 110
19 96 0 76 68 76
19 11 64 85 72 107
19 125 120 59 48 94
19 56 57 54 74 107
19 126 101 104 3 114
19 23 49 89 18 109
19 65 82 117 118 32
19 111 40 97 123 54
19 120 55 83 113 26
19 63 106 121 105 32
19 20 31 46 62 52
19 101 9 96 85 70
19 97 86 51 47 51
19 42 55 74 19 69
19 61 16 32 126 12
19 103 69 0 53 94
19 60 34 64 15 107
19 86 22 64 112 40
19 100 31 101 47 84
19 25 122 109 64 124
19 0 26 89 70 57
19 11 121 98 12 124
19 116 48 120 33 17
19 81 5 111 103 109
19 71 35 33 74 84
19 22 122 33 36 55
19 97 99 15 31 67
19 52 83 43 45 42
19 97 8 50 81 36
19 75 56 18 84 22
19 13 111 59 27 48
19 82 29 65 43 98
19 40 10 125 100 124
19 45 27 30 101 7
19 32 0 20 63 95
19 107 17 66 109 45
19 61 107 14 96 94
19 80 71 55 119 16
19 114 67 34 47 96
19 102 38 57 99 81
19 92 0 47 65 60
19 23 124 78 102 15
19 48 83 100 14 95
19 87 56 41 27 25
19 75 35 35 7 52
19 114 114 79 70 75
19 70 16 52 104 46
19 18 67 39 66 100
19 98 11 30 26 13
19 69 23 61 53 103
19 78 50 3 62 108
20 14 37 100 5 103
20 61 110 18 63 63
20 45 121 46 68 99
20 51 101 18 39 67
20 4 20 25 63 126
20 27 79 116 123 66
20 18 31 86 57 70
20 76 14 26 115 91
20 23 31 16 87 117
20 77 15 30 114 37
20 40 6 19 1 86
20 83 13 70 42 127
20 77 33 12 126 33
20 108 126 62 75 30
20 99 96 122 51 127
20 59 108 60 117 40
20 100 103 21 26 127
20 107 127 68 87 34
20 34 77 82 32 13
20 107 72 2 105 43
20 7 22 83 46 82
20 69 112 36 94 127
20 26 48 73 118 112
20 32 96 48 43 77
20 39 109 73 8 115
20 94 67 110 59 27
20 78 65 12 12 65
20 31 103 123 2 88
20 30 52 116 26 51
20 63 8 82 39 62
20 38 8 106 107 49
20 105 34 109 89 73
20 35 86 10 17 0
20 83 30 34 84 47
20 64 107 45 88 113
20 34 94 64 96 61
20 33 110 50 58 74
20 26 93 83 90 6
20 72 32 6 65 29
20 88 3 66 51 4
20 114 115 97 38 83
20 102 32 16 71 125
20 45 36 58 92 37
20 6 103 55 10 33
20 89 112 45 23 69
20 106 13 120 102 115
20 25 121 88 5 22
20 114 41 48 57 65
20 37 22 72 37 60
20 125 116 34 0 110
20 109 71 11 94 124
20 20 49 30 61 3
20 116 83 18 114 55
20 37 53 20 42 30
20 118 49 63 24 18
20 20 80 18 96 61
20 104 37 124 46 9
20 48 1 91 21 112
20 79 56 25 59 23
20 119 56 94 63 116
20 69 5 12 21 9
20 12 32 68 11 75
20 67 31 116 93 92
20 17 30 76 61 57
21 86 15 85 104 40
21 55 79 25 97 2
21 37 28 91 14 96
21 106 47 92 20 100
21 18 26 36 83 13
21 10 110 103 65 48
21 78 15 54 52 33
21 126 123 29 110 103
21 20 10 109 102 33
21 18 84 91 12 22
21 70 9 33 49 12
21 86 0 67 59 70
21 123 70 81 32 71
21 80 56 126 93 8
21 57 87 114 109 39
21 19 118 110 123 85
21 66 95 112 46 59
21 26 64 113 97 38
21 30 71 94 123 2
21 15 125 65 71 80
21 31 2 69 70 84
21 108 126 100 72 8
21 13 68 117 13 47
21 26 67 53 77 127
21 55 4 79 86 73
21 26 39 5 1 16
21 84 29 120 81 38
21 10 21 120 120 68
21 42 31 29 82 89
21 93 18 124 36 37
21 43 36 110 66 50
21 127 126 120 62 104
21 78 102 8 35 13
21 60 82 18 66 44
21 35 11 88 111 104
21 6 15 18 97 69
21 61 1 43 120 99
21 76 8 64 26 24
21 96 20 88 33 97
21 84 61 32 3 36
21 71 63 1 83 44
21 57 83 43 9 109
21 110 62 97 89 97
21 84 6 63 34 31
21 84 65 59 10 20
21 55 77 81 59 41
21 47 96 127 91 20
21 88 41 120 127 34
21 24 123 105 110 19
21 105 8 61 36 63
21 97 47 59 60 53
21 106 100 25 27 25
21 17 110 39 111 66
21 62 26 93 48 121
21 47 40 13 73 105
21 99 42 10 81 83
21 37 52 81 20 120
21 47 63 46 52 9
21 1 21 56 59 2
21 122 34 40 26 19
21 49 1 101 76 26
21 85 74 107 123 101
21 100 84 72 38 9
21 6 64 125 80 66
22 126 65 97 109 82
22 61 67 10 90 62
22 0 45 96 103 9
22 71 3 81 54 19
22 34 50 89 55 52
22 20 67 55 20 127
22 30 126 78 1 105
22 31 30 119 100 97
22 55 31 105 29 0
22 55 8 27 45 53
22 71 19 4 50 106
22 22 32 115 5 3
22 42 72 25 25 19
22 22 70 68 35 66
22 57 69 3 89 38
22 29 8 84 51 93
22 124 94 7 18 27
22 10 19 86 25 98
22 53 121 35 84 77
22 122 51 89 28 2
22 34 59 102 74 99
22 80 94 80 97 92
22 20 93 18 98 104
22 105 9 125 61 0
22 0 52 80 51 28
22 43 125 116 27 100
22 83 66 99 17 65
22 125 117 105 127 26
22 97 17 54 74 93
22 124 70 104 15 118
22 127 127 100 28 10
22 108 5 6 82 77
22 55 81 100 94 95
22 50 50 36 29 49
22 4 23 9 100 65
22 99 78 116 80 70
22 5 61 18 90 122
22 94 19 3 47 92
22 19 70 53 41 38
22 88 72 107 6 35
22 83 1 9 109 120
22 51 6 77 114 26
22 39 108 65 111 102
22 23 15 91 70 18
22 46 46 106 4 65
22 60 39 49 48 23
22 9 127 71 12 52
22 17 18 127 79 51
22 125 45 119 40 25
22 27 121 115 66 6
22 125 94 78 62 38
22 36 13 90 107 7
22 29 115 106 55 16
22 16 114 3 79 107
22 64 108 59 47 75
22 98 51 116 13 96
22 123 24 93 23 28
22 89 100 43 14 2
22 117 17 41 28 51
22 28 38 14 117 78
22 116 113 109 123 28
22 66 86 119 33 125
22 15 102 68 31 18
22 74 13 90 83 42
23 6 93 51 99 56
23 16 31 117 24 32
23 117 49 114 125 101
23 66 71 34 13 66
23 47 17 127 31 9
23 101 96 81 56 24
23 36 116 11 107 116
23 109 17 44 112 117
23 98 19 120 12 11
23 21 75 27 37 54
23 124 109 118 21 125
23 70 22 68 40 87
23 106 124 49 64 8
23 104 94 106 33 74
23 72 15 102 12 20
23 59 39 23 97 99
23 66 23 31 53 4
23 73 65 19 105 99
23 92 42 78 108 26
23 72 72 45 122 127
23 93 73 12 3 120
23 23 5 64 119 63
23 67 65 89 109 22
23 39 58 19 66 120
23 11 16 106 90 17
23 73 89 68 1 13
23 126 51 99 45 78
23 90 11 111 87 127
23 111 9 111 52 55
23 53 81 78 32 86
23 86 95 124 75 71
23 2 21 70 124 23
23 91 45 110 76 112
23 44 10 87 48 70
23 88 82 35 0 71
23 121 89 103 119 35
23 48 120 8 17 86
23 114 11 11 56 91
23 113 106 64 93 41
23 36 10 106 34 113
23 122 49 62 29 77
23 91 35 34 90 10
23 21 96 91 118 101
23 78 92 49 23 68
23 12 101 52 36 107
23 40 105 51 33 99
23 66 76 4 13 102
23 111 108 7 71 68
23 75 83 9 37 99
23 32 86 95 44 80
23 110 65 17 93 10
23 16 35 49 97 99
23 6 42 94 93 121
23 14 90 0 94 75
23 15 44 73 65 41
23 56 30 77 92 83
23 13 80 100 19 72
23 96 43 20 82 82
23 94 122 14 44 44
23 31 16 53 8 10
23 95 22 33 115 52
23 89 93 76 63 91
23 43 20 5 89 57
23 83 72 86 70 28
24 18 5 9 85 118
24 111 26 62 60 107
24 69 65 71 116 39
24 40 91 11 45 59
24 55 59 24 107 20
24 66 24 45 102 13
24 127 68 64 55 27
24 34 61 120 12 119
24 46 52 48 114 41
24 72 11 75 109 58
24 106 58 68 64 45
24 91 106 60 31 42
24 29 42 94 16 79
24 20 109 49 124 10
24 46 30 48 75 74
24 80 52 4 127 122
24 1 82 92 95 26
24 114 29 72 62 13
24 29 19 79 117 117
24 89 90 74 25 101
24 83 44 27 53 61
24 82 127 59 42 106
24 27 92 40 76 23
24 86 44 94 126 30
24 125 24 31 13 115
24 18 28 49 61 41
24 101 42 0 74 124
24 72 5 18 70 13
24 19 44 56 100 18
24 100 87 104 5 76
24 92 34 114 30 62
24 52 52 38 110 35
24 18 117 29 59 88
24 127 52 34 114 27
24 14 106 116 56 119
24 32 32 110 37 96
24 81 85 77 113 44
24 36 83 100 119 111
24 29 1 121 8 31
24 69 37 26 13 124
24 7 60 10 24 105
24 122 101 91 81 45
24 9 64 10 65 68
24 77 56 91 17 84
24 33 64 108 58 8
24 12 75 116 68 88
24 123 125 43 107 57
24 126 24 91 121 118
24 112 41 109 0 109
24 72 15 3 15 64
24 65 83 79 89 45
24 105 43 84 31 86
24 123 90 57 22 32
24 105 85 39 33 22
24 88 86 48 92 19
24 93 97 19 26 125
24 37 13 101 98 69
24 13 44 57 20 104
24 34 108 72 84 38
24 75 46 86 16 119
24 35 80 80 83 59
24 88 57 49 80 107
24 102 89 27 100 67
24 102 77 68 28 93
25 11 18 61 101 55
25 17 126 31 61 23
25 93 20 107 32 82
25 8 48 67 100 35
25 78 63 12 3 86
25 74 110 116 110 58
25 1 125 58 65 110
25 53 105 56 37 4
25 53 19 86 45 126
25 59 121 108 77 88
25 120 66 30 12 22
25 83 106 90 106 104
25 31 38 66 96 114
25 104 124 75 29 37
25 65 34 54 24 126
25 73 121 93 126 84
25 52 104 48 106 29
25 21 51 62 1 11
25 39 51 31 48 87
25 17 44 69 11 69
25 3 96 25 88 57
25 10 54 111 118 82
25 40 56 26 82 74
25 32 8 37 115 4
25 36 11 63 66 116
25 42 48 89 48 112
25 3 97 16 105 28
25 16 50 19 122 21
25 32 39 9 123 80
25 124 126 17 125 59
25 29 127 20 3 117
25 98 125 110 11 102
25 102 117 63 19 78
25 11 44 23 51 3
25 29 88 70 44 88
25 105 89 125 0 32
25 0 10 124 48 13
25 34 58 4 39 12
25 106 16 50 122 18
25 119 96 30 92 125
25 66 56 127 7 25
25 0 7 108 91 27
25 95 82 4 80 93
25 15 120 32 71 81
25 88 72 3 107 11
25 52 6 84 11 18
25 55 19 36 115 66
25 62 124 0 86 34
25 69 100 109 71 4
25 10 33 67 47 29
25 72 110 40 39 26
25 119 118 60 20 109
25 18 29 14 64 46
25 3 105 126 83 84
25 41 96 33 27 115
25 45 110 43 18 6
25 104 2 0 14 115
25 98 64 9 100 118
25 96 24 50 32 103
25 46 12 40 54 25
25 89 74 52 91 85
25 38 78 87 14 9
25 10 41 48 30 79
25 35 105 70 125 1
26 94 108 35 59 50
26 45 58 2 25 41
26 114 12 85 76 40
26 33 85 122 103 71
26 0 111 9 5 102
26 93 96 19 6 119
26 38 104 43 74 119
26 68 15 92 71 46
26 9 18 56 101 109
26 59 51 20 50 49
26 90 103 84 61 68
26 59 83 125 111 82
26 48 50 90 19 64
26 119 8 96 29 65
26 53 70 96 30 2
26 68 68 60 115 82
26 29 95 39 38 23
26 111 87 17 114 84
26 91 34 96 2 50
26 110 109 40 106 83
26 124 20 37 5 73
26 88 118 66 82 71
26 115 69 109 61 51
26 12 2 26 113 16
26 110 20 58 24 42
26 13 18 25 87 91
26 74 19 65 8 97
26 46 18 51 63 103
26 91 28 73 93 24
26 31 102 82 99 85
26 6 70 90 86 123
26 66 108 101 121 5
26 122 77 45 55 1
26 98 60 112 37 93
26 81 44 48 64 126
26 12 25 67 81 67
26 60 65 38 38 113
26 67 30 101 21 37
26 21 121 102 62 62
26 90 118 89 28 36
26 83 105 63 62 25
26 42 75 109 57 116
26 82 114 74 98 112
26 33 78 90 12 32
26 90 25 10 61 104
26 25 65 54 31 103
26 108 111 38 32 7
26 123 1 40 9 17
26 125 20 29 77 18
26 53 26 109 91 15
26 116 100 85 6 9
26 62 111 121 15 127
26 112 54 106 7 95
26 71 16 53 7 108
26 101 25 88 87 92
26 76 90 15 98 40
26 98 114 54 107 108
26 44 112 112 49 102
26 30 60 124 17 27
26 70 125 33 108 74
26 60 72 118 36 29
26 1 76 111 71 119
26 112 38 107 92 88
26 124 111 36 8 11
27 105 96 31 76 61
27 62 73 49 43 26
27 56 46 2 93 118
27 102 39 47 96 92
27 101 24 31 10 19
27 75 125 89 10 101
27 100 65 19 67 77
27 84 112 18 122 101
27 96 25 85 120 76
27 116 2 100 42 8
27 61 60 24 122 114
27 82 36 20 65 57
27 5 120 68 36 29
27 50 127 20 42 45
27 26 76 15 113 121
27 73 29 125 59 60
27 7 127 57 101 53
27 45 123 88 55 84
27 9 111 63 46 27
27 83 61 32 35 101
27 30 8 100 48 57
27 95 118 73 11 7
27 2 32 79 80 125
27 20 124 54 112 12
27 21 86 98 118 45
27 70 58 120 9 53
27 85 118 7 82 119
27 116 124 1 95 73
27 91 19 72 24 24
27 49 67 9 125 25
27 86 110 73 88 8
27 50 107 16 34 56
27 10 32 93 15 63
27 126 47 32 17 111
27 98 89 109 39 39
27 110 64 122 117 88
27 102 47 37 95 90
27 70 113 74 58 127
27 35 61 46 94 14
27 85 123 51 123 67
27 75 96 3 74 5
27 52 119 63 117 41
27 85 90 92 111 20
27 55 12 120 46 75
27 50 22 11 3 38
27 118 96 101 1 126
27 63 88 39 71 113
27 94 117 15 51 99
27 82 103 123 60 45
27 44 43 45 97 67
27 117 111 117 80 1
27 97 65 80 87 112
27 121 59 32 78 120
27 107 91 28 25 80
27 72 67 79 54 82
27 69 59 93 96 101
27 3 117 70 22 12
27 19 103 75 114 86
27 117 67 108 75 12
27 93 111 54 49 66
27 1 12 66 126 116
27 117 98 115 60 14
27 6 47 21 42 76
27 67 76 12 36 68
28 122 25 86 93 89
28 27 91 23 21 116
28 73 98 111 31 30
28 88 91 3 48 10
28 71 4 29 125 46
28 23 109 51 47 67
28 103 62 19 76 26
28 48 68 107 79 94
28 46 44 80 40 17
28 115 125 28 35 69
28 11 113 84 120 5
28 13 17 89 33 1
28 120 127 89 5 100
28 22 97 42 7 89
28 61 65 21 30 93
28 21 84 39 116 90
28 3 104 9 28 51
28 106 15 57 27 41
28 126 1 101 45 33
28 47 93 7 123 107
28 1 19 96 80 47
28 91 114 75 113 83
28 32 91 41 54 22
28 87 14 103 20 110
28 77 21 98 117 82
28 29 13 96 75 120
28 30 86 0 98 44
28 85 50 22 38 14
28 66 110 99 126 32
28 27 86 124 39 37
28 21 12 121 4 26
28 14 43 37 79 30
28 1 81 73 24 61
28 7 123 66 63 32
28 28 54 101 78 27
28 12 63 56 14 124
28 78 38 20 81 119
28 24 2 38 54 105
28 60 125 29 82 34
28 24 92 59 91 21
28 82 115 126 50 13
28 83 21 101 86 64
28 41 2 42 116 81
28 118 99 83 8 54
28 7 77 96 52 49
28 19 54 120 15 32
28 91 4 102 73 63
28 55 84 5 45 51
28 34 102 27 103 78
28 21 127 39 6 21
28 51 54 4 48 107
28 107 36 124 125 32
28 110 40 9 89 70
28 115 47 76 60 45
28 31 88 19 34 4
28 44 25 66 11 67
28 58 49 47 110 86
28 123 93 101 18 118
28 73 109 125 84 21
28 63 6 71 88 61
28 15 32 108 105 31
28 5 50 90 42 52
28 82 23 34 68 81
28 126 120 15 124 83
29 22 39 75 93 59
29 23 66 127 88 87
29 125 22 123 10 115
29 51 60 12 72 1
29 95 73 94 45 37
29 38 122 3 124 96
29 45 13 62 52 115
29 76 62 8 26 98
29 37 13 60 119 10
29 59 115 43 64 95
29 44 14 106 99 52
29 1 48 83 99 97
29 49 123 71 97 46
29 90 106 85 46 85
29 76 4 88 74 43
29 60 37 38 118 31
29 87 110 28 110 31
29 50 49 74 11 49
29 30 94 51 14 36
29 64 82 2 115 75
29 19 75 99 74 105
29 100 44 25 46 6
29 13 23 8 59 114
29 111 36 15 75 97
29 89 121 114 113 55
29 91 74 112 127 19
29 99 59 63 80 66
29 56 57 96 7 112
29 75 62 4 2 90
29 23 95 70 126 109
29 39 101 115 117 14
29 95 64 41 105 24
29 78 24 84 6 35
29 16 31 107 86 108
29 84 87 5 76 124
29 0 67 33 2 23
29 93 49 1 89 112
29 51 61 106 71 30
29 67 3 62 119 21
29 86 16 64 49 98
29 39 108 113 70 39
29 39 4 18 91 115
29 118 67 10 32 91
29 33 55 22 51 64
29 125 10 19 1 106
29 113 71 113 78 47
29 16 67 44 109 98
29 104 14 14 1 41
29 65 87 20 66 50
29 43 83 127 54 34
29 13 40 10 57 114
29 110 36 122 40 123
29 100 119 98 54 78
29 46 58 120 77 100
29 87 5 32 96 64
29 18 26 119 108 99
29 80 85 70 41 8
29 38 8 28 35 55
29 63 34 122 93 98
29 48 36 69 126 16
29 26 68 125 109 124
29 88 46 37 110 86
29 93 61 67 8 115
29 4 50 106 65 93
30 97 124 10 126 41
30 96 80 48 41 49
30 99 47 90 102 72
30 54 94 112 6 102
30 93 6 113 7 89
30 72 119 14 66 28
30 78 30 40 14 100
30 40 5 64 105 0
30 59 9 106 90 85
30 56 120 102 67 60
30 57 101 96 22 114
30 14 11 47 39 46
30 118 35 40 102 93
30 4 19 66 44 36
30 59 81 107 26 103
30 80 35 45 96 119
30 1 86 92 114 74
30 115 6 13 86 99
30 71 59 58 70 30
30 36 0 61 39 70
30 55 6 35 83 110
30 47 4 36 20 76
30 56 37 119 63 120
30 124 59 92 99 48
30 107 99 0 21 25
30 46 95 2 94 45
30 53 15 57 61 108
30 26 2 57 73 51
30 99 120 6 68 18
30 111 67 14 118 66
30 67 3 71 34 51
30 2 51 47 53 3
30 18 75 112 101 77
30 42 71 96 82 83
30 0 71 85 35 5
30 118 59 96 83 43
30 111 0 45 41 46
30 91 39 0 51 65
30 99 3 122 113 57
30 98 102 109 48 55
30 81 92 119 102 71
30 67 74 125 54 79
30 1 38 11 28 29
30 65 100 51 105 43
30 92 31 25 26 0
30 82 3 19 93 52
30 94 105 100 108 38
30 23 95 92 123 61
30 60 24 87 57 58
30 119 44 48 78 71
30 86 34 26 7 75
30 57 26 12 26 123
30 14 68 87 66 101
30 32 38 114 21 65
30 71 95 11 80 72
30 91 43 83 61 98
30 99 122 74 87 120
30 74 20 32 113 90
30 104 26 56 18 71
30 43 20 59 52 33
30 23 13 35 74 21
30 110 91 25 62 111
30 9 94 95 35 103
30 125 85 54 123 65
31 102 41 25 120 125
31 52 33 50 4 32
31 26 75 15 5 90
31 42 97 87 8 59
31 97 109 112 80 99
31 20 36 16 16 3
31 81 97 27 12 36
31 30 14 106 6 101
31 3 40 49 123 15
31 107 82 49 0 101
31 35 14 18 120 66
31 107 20 36 85 86
31 104 41 73 109 46
31 115 54 91 7 39
31 15 104 8 15 64
31 13 1 63 87 15
31 15 0 30 57 70
31 103 45 8 17 85
31 92 118 14 114 43
31 122 57 96 78 73
31 33 114 93 49 47
31 43 12 31 94 22
31 38 80 82 14 61
31 23 9 53 98 116
31 83 57 93 57 100
31 51 83 4 96 90
31 7 15 73 89 80
31 107 47 69 34 43
31 5 12 1 37 109
31 55 74 18 10 101
31 21 75 103 55 21
31 92 24 33 121 108
31 77 100 25 97 113
31 95 76 2 103 120
31 115 88 4 98 84
31 21 58 69 10 48
31 19 123 12 95 65
31 55 90 4 84 9
31 28 10 3 13 16
31 1 68 7 6 94
31 105 47 103 126 119
31 114 74 99 92 56
31 50 90 26 47 54
31 42 90 80 45 98
31 79 3 93 10 110
31 118 117 65 125 7
31 9 97 122 49 76
31 11 101 46 30 89
31 53 50 48 51 105
31 97 92 46 34 54
31 16 33 92 26 74
31 83 32 5 58 65
31 119 105 115 75 52
31 96 69 40 9 124
31 107 43 16 68 115
31 87 40 104 8 41
31 6 25 54 35 49
31 89 23 21 112 68
31 52 53 66 12 93
31 68 50 24 108 123
31 21 112 113 81 59
31 4 70 48 108 109
31 107 20 4 40 60
31 124 3 102 58 58
32 86 103 101 84 63
32 12 114 123 79 47
32 61 81 90 20 85
32 50 109 120 86 95
32 43 120 103 97 104
32 38 9 95 61 125
32 24 99 126 88 48
32 14 43 0 29 44
32 81 61 110 66 82
32 96 64 123 9 37
32 11 86 61 103 111
32 114 20 43 23 55
32 10 116 97 120 33
32 115 83 82 6 8
32 8 10 20 10 8
32 31 57 54 29 97
32 96 56 15 36 71
32 108 63 104 1 107
32 84 44 45 74 67
32 53 70 54 105 97
32 33 74 114 3 70
32 8 97 10 24 64
32 106 125 118 15 117
32 112 56 9 89 114
32 105 90 51 93 93
32 24 77 81 19 51
32 73 42 83 11 87
32 24 100 121 33 31
32 10 69 108 107 49
32 63 102 33 88 57
32 40 16 63 124 34
32 120 71 116 97 30
32 68 113 19 109 18
32 96 64 56 100 94
32 108 2 121 72 41
32 52 56 92 114 105
32 114 88 106 47 60
32 36 97 81 119 108
32 6 20 5 80 63
32 74 122 40 46 120
32 88 55 76 15 115
32 49 92 89 1 57
32 109 92 15 55 51
32 103 72 0 114 20
32 29 93 13 42 25
32 39 122 71 49 29
32 65 58 71 9 112
32 49 11 0 8 38
32 7 104 127 53 20
32 15 64 52 72 20
32 5 86 87 31 16
32 1 124 17 1 79
32 33 59 116 103 99
32 2 109 0 78 122
32 68 111 58 44 33
32 64 83 27 117 97
32 14 115 98 47 98
32 54 120 33 93 26
32 88 56 34 127 125
32 92 121 94 77 115
32 121 8 63 23 92
32 55 32 98 64 20
32 15 57 92 38 46
32 69 62 9 48 16
33 122 21 69 82 57
33 49 24 77 77 71
33 20 13 115 102 31
33 37 24 122 123 92
33 80 69 76 64 0
33 93 50 97 87 34
33 60 107 89 15 100
33 60 12 29 88 56
33 103 31 79 26 36
33 87 103 11 29 17
33 117 99 56 47 51
33 0 111 110 85 91
33 110 75 7 29 43
33 14 109 70 40 112
33 63 117 62 113 87
33 57 25 8 51 14
33 82 104 123 75 69
33 7 32 123 102 48
33 105 23 20 116 55
33 45 30 125 81 68
33 118 64 3 102 34
33 59 49 1 60 91
33 20 51 66 104 6
33 64 46 76 26 16
33 9 40 78 58 12
33 100 89 121 2 44
33 27 60 117 43 5
33 47 99 16 95 22
33 122 86 99 7 15
33 10 105 58 11 60
33 103 120 37 12 56
33 95 73 61 64 101
33 71 26 100 105 102
33 9 30 23 76 61
33 102 13 120 124 106
33 22 73 7 126 53
33 40 28 53 71 120
33 69 113 32 104 57
33 55 29 11 125 99
33 105 50 91 73 62
33 125 13 95 42 12
33 24 25 83 79 85
33 110 76 73 39 33
33 116 26 123 23 54
33 23 69 85 117 2
33 65 91 31 94 5
33 88 81 93 112 72
33 31 40 5 60 103
33 10 103 121 49 113
33 17 98 117 119 16
33 70 31 120 121 90
33 95 24 87 91 105
33 49 102 40 109 26
33 56 57 56 64 113
33 39 106 4 40 79
33 84 40 85 126 42
33 113 118 73 82 113
33 31 48 114 69 3
33 40 77 0 35 5
33 0 97 25 89 90
33 50 4 27 25 61
33 57 104 8 84 11
33 113 126 9 117 63
33 63 123 88 67 71
34 20 45 79 36 47
34 123 117 89 17 88
34 45 118 45 15 5
34 38 123 3 40 3
34 118 118 114 23 9
34 84 86 26 82 37
34 115 0 113 91 100
34 91 73 81 88 123
34 96 75 54 99 62
34 88 12 99 108 98
34 104 28 80 32 49
34 118 12 87 121 87
34 51 79 95 81 122
34 127 95 101 64 47
34 16 96 117 18 102
34 72 53 64 122 10
34 100 127 16 17 118
34 50 37 104 50 56
34 44 29 67 21 7
34 99 80 123 24 58
34 77 18 51 52 116
34 75 71 20 50 41
34 112 9 69 124 39
34 65 4 9 10 0
34 96 85 40 123 65
34 88 101 123 108 117
34 36 28 121 63 68
34 60 117 29 8 116
34 120 60 45 42 66
34 114 13 122 96 90
34 0 55 112 64 33
34 117 80 86 26 2
34 28 82 58 57 64
34 45 37 17 15 74
34 50 35 39 37 121
34 38 9 61 48 95
34 70 88 25 101 122
34 92 33 83 14 0
34 63 105 1 118 110
34 58 86 19 52 91
34 106 96 102 50 51
34 119 112 111 93 76
34 29 72 2 48 95
34 60 83 60 86 25
34 84 116 109 104 46
34 48 82 73 56 39
34 25 19 91 9 17
34 90 44 81 88 25
34 122 102 13 89 5
34 53 1 28 93 87
34 2 73 26 1 122
34 61 48 86 50 40
34 86 26 30 120 9
34 98 108 12 1 89
34 116 52 88 76 96
34 54 46 20 39 17
34 116 52 81 69 66
34 85 91 59 34 9
34 31 25 37 108 116
34 25 101 94 71 96
34 8 68 44 33 14
34 42 73 83 3 105
34 22 46 48 5 78
34 7 116 100 110 6
35 6 19 27 88 88
35 114 8 86 50 17
35 61 87 63 53 56
35 122 40 116 113 88
35 49 39 100 23 118
35 94 87 18 15 60
35 1 111 105 105 73
35 35 95 17 115 34
35 105 71 118 13 109
35 83 94 85 101 29
35 114 46 68 64 64
35 55 117 41 24 4
35 97 107 66 29 40
35 124 75 102 55 60
35 57 89 127 122 13
35 41 94 60 40 67
35 8 73 106 18 76
35 46 103 30 67 65
35 113 64 12 74 11
35 12 107 35 71 43
35 55 9 27 4 29
35 113 18 121 80 82
35 61 63 92 59 97
35 87 29 109 25 111
35 107 44 110 127 48
35 122 28 17 72 40
35 93 117 3 31 61
35 32 105 96 27 116
35 57 15 76 89 90
35 116 126 7 27 52
35 119 74 48 16 40
35 29 91 66 66 60
35 8 65 65 83 83
35 45 92 102 78 40
35 2 110 21 69 57
35 104 29 117 2 68
35 101 26 26 126 4
35 42 94 124 27 11
35 117 22 63 83 31
35 61 75 29 73 36
35 90 4 49 0 40
35 30 118 80 71 86
35 29 16 2 10 98
35 90 24 2 76 40
35 0 105 52 93 73
35 127 109 64 35 126
35 58 127 1 65 83
35 121 92 54 20 118
35 28 21 104 4 73
35 115 47 52 104 84
35 92 55 40 70 70
35 16 19 94 64 73
35 89 63 74 82 124
35 49 69 97 67 22
35 120 30 99 70 85
35 7 24 58 16 84
35 70 78 90 117 3
35 49 95 124 86 40
35 126 57 12 67 54
35 99 116 47 19 94
35 76 28 18 17 124
35 102 29 122 100 54
35 52 60 82 40 66
35 67 42 79 27 108
36 13 2 40 29 0
36 103 26 74 11 89
36 40 112 108 30 84
36 51 118 57 69 112
36 88 87 73 127 123
36 26 48 34 40 74
36 22 45 123 47 39
36 9 93 107 119 98
36 83 80 48 69 1
36 52 42 61 73 42
36 69 1 114 30 52
36 28 95 68 20 36
36 18 7 91 4 120
36 122 119 22 39 28
36 102 20 9 3 122
36 48 72 76 15 6
36 62 51 17 48 83
36 29 89 125 67 109
36 18 113 113 80 25
36 119 120 21 52 42
36 70 73 82 124 38
36 29 19 85 67 71
36 95 92 100 1 52
36 68 53 81 29 87
36 51 126 116 0 65
36 49 62 20 39 100
36 123 17 103 7 113
36 73 71 117 3 76
36 83 116 80 41 62
36 103 87 93 91 85
36 73 27 56 75 72
36 69 80 75 123 44
36 84 97 120 4 106
36 88 5 95 110 24
36 101 113 84 111 62
36 63 101 122 101 79
36 82 37 38 52 68
36 108 53 21 91 14
36 45 115 13 62 73
36 99 25 2 94 16
36 22 81 86 10 106
36 24 65 6 3 63
36 90 70 78 39 80
36 82 62 104 19 62
36 58 76 25 86 55
36 45 42 35 55 27
36 22 120 84 48 46
36 0 80 18 19 93
36 4 118 75 39 22
36 108 76 24 76 46
36 12 87 108 125 70
36 18 10 19 75 64
36 16 123 12 18 83
36 39 73 71 75 117
36 111 16 113 2 114
36 7 33 57 37 116
36 101 77 90 27 122
36 118 23 119 119 61
36 103 22 53 25 18
36 115 62 59 101 119
36 32 96 120 108 127
36 7 51 99 114 91
36 110 69 108 103 43
36 52 83 15 53 45
37 46 52 4 36 49
37 58 83 57 93 39
37 8 57 36 108 126
37 84 4 74 115 124
37 35 109 66 69 47
37 65 58 78 114 84
37 107 61 18 31 93
37 58 76 75 7 65
37 62 103 97 36 86
37 56 62 68 127 61
37 96 81 19 79 117
37 33 16 4 96 78
37 52 108 119 58 117
37 60 22 63 19 119
37 56 10 13 90 100
37 57 66 110 76 13
37 80 57 118 12 115
37 2 116 116 67 32
37 90 3 58 38 28
37 50 35 76 115 74
37 94 36 115 73 47
37 106 111 91 116 77
37 3 45 78 41 99
37 75 70 41 47 32
37 104 94 32 95 116
37 65 21 59 4 29
37 1 88 75 5 83
37 25 68 64 88 47
37 53 58 19 61 9
37 96 18 71 66 1
37 93 83 93 73 111
37 108 62 20 95 52
37 42 5 34 51 48
37 81 5 15 73 40
37 71 15 100 57 36
37 81 111 5 24 2
37 114 67 63 57 88
37 55 72 55 116 122
37 54 4 86 17 45
37 21 19 9 17 2
37 96 66 124 44 121
37 101 105 27 103 58
37 93 77 7 19 104
37 95 89 115 65 112
37 25 64 90 94 59
37 86 22 120 70 77
37 70 127 90 127 29
37 1 16 2 90 52
37 58 25 21 32 95
37 31 28 12 88 80
37 95 5 46 65 18
37 38 110 81 62 105
37 15 9 117 95 97
37 76 55 127 73 25
37 90 125 95 124 87
37 18 99 44 77 70
37 104 90 86 123 114
37 4 35 118 56 111
37 116 104 82 40 41
37 108 58 8 122 27
37 41 2 69 59 117
37 48 80 119 26 85
37 103 40 94 10 124
37 39 33 5 68 74
38 40 118 71 67 89
38 86 78 80 80 83
38 115 119 45 107 12
38 77 31 127 108 45
38 26 107 90 51 68
38 87 38 22 127 38
38 63 110 85 100 26
38 127 104 31 104 20
38 36 51 73 38 18
38 19 15 35 51 92
38 31 84 25 86 98
38 48 102 47 92 11
38 40 71 37 108 63
38 113 62 118 101 127
38 127 99 78 73 79
38 104 45 26 7 121
38 70 55 119 40 45
38 96 11 13 43 12
38 83 78 99 42 83
38 90 2 4 62 48
38 52 32 39 61 45
38 25 51 32 34 46
38 6 1 113 52 72
38 126 120 14 35 112
38 123 83 40 16 125
38 53 126 23 48 123
38 123 125 83 32 12
38 47 99 83 65 79
38 5 78 99 56 25
38 77 13 69 72 119
38 73 94 62 127 41
38 115 15 40 124 35
38 95 104 121 103 14
38 58 116 58 105 56
38 35 49 17 59 19
38 17 27 55 29 107
38 98 83 24 23 41
38 62 119 22 75 116
38 65 116 97 20 24
38 54 2 18 44 5
38 122 89 80 56 47
38 64 87 121 54 8
38 124 107 88 104 57
38 55 3 119 29 74
38 52 44 44 8 31
38 43 64 94 103 17
38 17 65 6 108 45
38 87 39 16 31 80
38 82 91 8 116 62
38 120 112 6 57 45
38 109 32 72 84 65
38 10 55 43 42 64
38 60 70 55 20 77
38 9 69 76 98 115
38 43 7 7 106 93
38 90 82 124 97 111
38 52 38 118 84 52
38 22 51 106 113 38
38 52 17 59 125 18
38 108 43 30 122 111
38 112 14 93 63 47
38 17 84 97 46 126
38 105 30 123 32 9
38 61 40 13 103 71
39 17 51 38 61 85
39 97 36 123 1 48
39 55 97 83 78 49
39 91 99 2 101 5
39 61 81 80 99 64
39 63 55 95 58 11
39 97 105 88 51 121
39 28 73 31 45 76
39 32 108 15 123 7
39 101 121 100 64 124
39 79 50 103 4 104
39 103 81 33 81 93
39 112 10 114 102 50
39 5 2 33 83 95
39 1 20 73 67 59
39 12 108 15 16 82
39 78 51 27 49 75
39 32 105 123 101 70
39 95 71 32 36 83
39 6 25 95 112 115
39 62 41 100 34 0
39 34 23 111 18 94
39 26 15 46 99 91
39 102 6 109 18 89
39 105 44 5 114 41
39 120 44 1 101 107
39 13 5 74 127 7
39 11 39 1 27 88
39 18 1 127 52 14
39 32 96 119 97 31
39 4 42 6 71 8
39 42 81 18 107 120
39 123 83 3 69 61
39 113 31 27 124 101
39 58 127 98 2 30
39 21 62 13 57 84
39 9 60 92 94 7
39 65 73 43 102 19
39 85 17 23 114 99
39 95 92 18 114 59
39 47 115 82 24 75
39 97 39 23 68 67
39 30 79 110 26 56
39 86 115 63 124 48
39 20 31 11 3 6
39 116 60 37 3 117
39 19 79 110 0 61
39 30 62 53 111 100
39 6 1 31 60 126
39 2 73 55 25 116
39 87 85 120 60 23
39 67 25 116 34 23
39 44 49 29 39 97
39 116 37 121 96 63
39 93 30 95 33 117
39 121 14 50 65 98
39 7 80 114 59 26
39 11 39 9 97 28
39 104 127 86 125 40
39 100 110 112 30 37
39 97 66 12 38 96
39 49 51 109 19 81
39 117 106 38 96 33
39 62 70 63 8 69
40 57 107 93 19 123
40 33 97 74 111 102
40 125 127 39 6 10
40 89 41 102 51 87
40 103 16 35 111 21
40 114 105 125 88 94
40 17 29 14 126 25
40 118 3 15 53 48
40 114 84 111 9 31
40 97 66 51 110 59
40 36 53 104 35 62
40 92 47 94 97 126
40 52 50 32 107 75
40 113 33 33 45 7
40 87 5 108 2 27
40 11 84 7 120 26
40 42 17 36 124 74
40 34 62 95 15 104
40 126 81 33 33 100
40 56 65 53 59 52
40 38 65 78 120 56
40 39 35 38 9 116
40 79 59 41 9 55
40 59 53 90 81 101
40 107 111 19 122 7
40 6 35 68 125 63
40 75 42 8 26 22
40 94 65 79 122 88
40 38 33 2 7 103
40 21 49 70 21 125
40 88 2 65 111 15
40 10 101 67 71 50
40 24 63 69 13 116
40 127 37 58 101 114
40 111 72 107 57 30
40 102 124 76 69 4
40 62 82 122 90 47
40 118 14 94 109 42
40 13 62 56 95 32
40 31 11 43 23 0
40 75 36 82 104 126
40 120 13 113 92 123
40 2 61 112 63 38
40 24 39 9 74 31
40 122 114 127 126 119
40 108 89 63 51 47
40 119 95 2 120 103
40 32 55 46 86 12
40 16 4 53 11 22
40 26 11 36 27 50
40 18 68 106 94 95
40 9 2 64 98 113
40 110 29 109 58 51
40 16 4 108 125 94
40 109 124 124 7 102
40 77 101 109 62 15
40 90 43 87 44 73
40 7 121 14 18 88
40 115 75 99 91 53
40 41 14 27 25 34
40 122 50 81 50 126
40 32 68 125 98 88
40 41 78 79 126 70
40 72 91 31 0 110
41 17 61 97 87 30
41 109 112 126 32 64
41 75 34 21 59 92
41 31 48 51 52 56
41 127 120 21 21 47
41 89 4 67 16 68
41 118 50 103 60 96
41 33 42 76 37 89
41 67 33 46 124 10
41 104 56 107 83 114
41 71 0 28 87 15
41 36 76 15 110 16
41 59 10 106 46 13
41 107 59 21 109 108
41 60 41 20 81 6
41 64 13 91 3 117
41 106 74 120 78 116
41 60 120 55 89 75
41 50 80 116 23 42
41 115 83 61 41 120
41 15 107 100 31 98
41 97 12 119 16 32
41 26 17 101 104 20
41 0 87 69 19 63
41 40 22 82 48 24
41 11 91 121 56 73
41 122 35 115 31 85
41 21 57 102 121 94
41 53 20 125 15 124
41 8 38 74 56 47
41 127 55 60 94 120
41 14 100 98 38 82
41 8 50 68 39 11
41 122 81 22 112 112
41 72 9 121 126 82
41 98 7 50 42 28
41 98 122 104 36 45
41 71 117 71 124 1
41 7 16 107 102 90
41 36 86 6 100 28
41 85 26 51 75 19
41 48 45 127 79 115
41 109 32 14 69 9
41 98 31 32 6 84
41 106 110 100 12 90
41 92 118 44 99 60
41 68 57 52 44 118
41 81 110 7 89 4
41 84 9 4 19 61
41 21 116 95 61 89
41 19 21 80 10 71
41 19 74 39 45 94
41 75 4 123 75 117
41 126 81 83 106 115
41 52 26 21 15 121
41 55 121 24 58 109
41 100 115 101 119 55
41 121 58 102 100 104
41 67 120 96 76 48
41 31 88 37 71 55
41 6 1 78 81 114
41 73 122 39 100 85
41 36 62 97 109 73
41 46 12 31 13 28
42 67 81 103 87 38
42 101 33 120 68 35
42 17 77 88 55 42
42 84 63 38 44 16
42 14 60 121 34 105
42 11 29 93 64 9
42 68 47 79 122 126
42 33 35 4 42 68
42 112 95 80 100 72
42 38 98 92 72 14
42 122 98 5 108 79
42 65 58 27 72 2
42 109 21 104 116 10
42 80 107 108 16 10
42 112 45 19 26 65
42 81 113 104 9 115
42 75 118 28 13 30
42 47 40 15 76 56
42 87 104 122 52 26
42 95 14 23 85 10
42 59 16 99 33 61
42 26 124 18 108 11
42 93 115 108 22 98
42 31 92 31 95 113
42 60 89 107 108 89
42 17 41 16 15 125
42 39 71 52 18 11
42 62 26 54 68 123
42 109 78 86 126 72
42 64 82 80 2 117
42 2 31 84 30 36
42 12 28 122 30 119
42 113 52 39 38 47
42 8 88 59 38 59
42 55 99 101 15 100
42 116 115 8 110 64
42 60 53 58 76 80
42 36 27 57 8 98
42 71 101 24 8 65
42 109 50 92 56 39
42 74 45 110 56 73
42 67 55 78 82 54
42 122 15 10 16 48
42 65 37 93 108 90
42 10 15 28 92 18
42 28 99 108 102 60
42 5 58 121 38 63
42 50 119 40 44 107
42 30 0 123 5 74
42 122 8 34 58 58
42 71 28 40 71 126
42 107 50 35 4 39
42 52 86 114 5 22
42 11 125 101 104 18
42 59 119 105 87 98
42 100 98 98 73 53
42 63 63 97 97 39
42 68 111 83 7 28
42 79 121 11 15 86
42 29 85 64 84 77
42 125 85 120 55 103
42 19 52 102 81 46
42 77 1 86 100 113
42 108 111 93 73 84
43 68 17 109 102 34
43 127 121 53 61 95
43 29 123 52 86 119
43 17 119 24 87 27
43 1 54 70 67 79
43 91 126 123 109 57
43 36 44 44 39 86
43 103 53 62 0 35
43 117 76 108 115 16
43 42 56 5 60 22
43 63 73 111 5 2
43 66 107 11 90 4
43 124 97 4 55 28
43 56 85 126 53 18
43 73 90 113 74 80
43 10 121 104 82 58
43 127 67 107 90 44
43 49 20 87 31 93
43 4 40 101 80 80
43 5 81 111 121 54
43 114 63 12 101 37
43 23 106 65 2 45
43 100 13 55 58 34
43 76 12 1 76 114
43 18 6 87 1 113
43 11 85 50 47 26
43 113 98 113 112 14
43 28 34 77 107 40
43 12 114 60 84 111
43 86 67 123 103 31
43 114 42 28 40 123
43 124 27 17 36 23
43 108 106 25 34 29
43 89 14 111 79 101
43 20 127 39 40 124
43 113 112 12 5 65
43 119 43 76 19 84
43 52 78 38 61 12
43 20 80 82 18 87
43 77 82 52 24 60
43 3 29 45 64 115
43 127 9 23 19 106
43 4 53 74 89 83
43 46 71 104 11 14
43 28 100 22 101 102
43 20 10 39 120 20
43 34 115 59 10 127
43 101 21 21 93 98
43 58 42 22 121 53
43 4 20 74 94 120
43 110 15 28 121 71
43 92 103 85 124 55
43 1 68 34 14 89
43 117 120 127 2 92
43 53 93 31 21 54
43 25 23 40 90 112
43 98 23 19 29 2
43 122 42 25 19 102
43 125 119 101 82 70
43 68 106 93 58 41
43 110 50 63 27 110
43 89 81 99 75 98
43 40 15 106 114 94
43 85 71 122 105 105
44 27 110 55 72 100
44 126 43 60 83 38
44 108 89 65 74 101
44 44 43 82 125 81
44 37 47 47 109 51
44 33 89 114 50 42
44 40 113 85 56 76
44 5 124 104 72 42
44 65 45 72 116 44
44 31 35 98 54 53
44 65 45 41 5 107
44 96 6 90 47 51
44 59 98 121 85 99
44 40 122 75 118 117
44 1 24 3 110 65
44 122 12 66 36 97
44 111 105 7 62 4
44 68 41 38 33 39
44 43 19 112 118 72
44 53 107 65 112 110
44 86 108 32 126 26
44 102 48 99 109 30
44 124 42 31 17 56
44 123 38 54 32 68
44 87 107 76 91 69
44 39 70 56 96 121
44 86 66 69 36 58
44 10 51 17 84 69
44 58 0 101 35 10
44 84 4 67 57 96
44 102 72 115 6 50
44 74 112 43 104 4
44 45 36 21 60 38
44 35 60 87 35 30
44 95 84 59 112 71
44 8 97 34 70 98
44 57 15 48 120 12
44 44 99 114 20 16
44 23 91 10 115 102
44 9 127 109 123 116
44 125 29 36 5 34
44 123 17 50 116 85
44 13 18 30 98 107
44 59 23 0 103 94
44 114 90 94 5 104
44 114 87 110 107 49
44 41 2 24 84 37
44 118 27 14 92 91
44 22 75 80 27 55
44 67 121 4 89 96
44 39 107 1 38 38
44 105 97 85 13 64
44 108 25 127 70 21
44 120 38 61 79 57
44 57 78 81 119 62
44 56 103 32 12 32
44 120 90 10 2 85
44 35 45 86 14 120
44 85 3 94 90 75
44 109 115 58 110 65
44 25 110 25 17 27
44 104 45 49 72 23
44 101 110 60 91 28
44 18 99 47 84 110
45 57 10 73 52 1
45 63 13 125 40 13
45 30 97 27 78 0
45 111 93 88 41 74
45 111 42 82 11 29
45 8 89 100 57 73
45 107 91 115 57 25
45 35 83 5 18 74
45 32 101 111 38 8
45 49 64 65 47 12
45 78 92 110 107 12
45 79 33 79 84 45
45 117 21 105 82 120
45 117 55 106 112 8
45 23 103 61 41 67
45 109 125 49 125 69
45 103 23 52 35 69
45 102 46 71 103 82
45 76 34 84 116 125
45 36 117 102 31 53
45 117 58 37 79 119
45 120 52 123 117 59
45 50 86 77 60 24
45 113 107 11 126 126
45 112 91 19 126 107
45 91 111 35 91 101
45 17 40 38 58 70
45 44 22 32 5 56
45 109 77 26 109 0
45 76 46 29 108 6
45 10 80 27 50 40
45 69 59 32 13 71
45 48 103 14 13 33
45 57 62 12 63 43
45 10 25 92 22 29
45 19 30 85 49 11
45 2 126 98 83 13
45 61 73 126 6 6
45 14 62 127 81 60
45 18 102 113 113 102
45 26 32 125 113 24
45 16 6 23 1 30
45 94 36 54 18 97
45 77 38 104 46 68
45 119 25 112 88 87
45 12 47 30 110 6
45 13 109 38 24 13
45 79 92 83 20 45
45 112 45 114 67 40
45 70 72 69 7 68
45 70 0 26 28 91
45 0 95 28 55 66
45 10 27 94 21 97
45 105 50 83 52 14
45 54 29 109 19 19
45 50 113 24 56 27
45 27 51 34 106 115
45 62 42 113 110 125
45 68 96 121 117 99
45 27 26 3 14 50
45 55 119 39 95 119
45 51 85 34 21 109
45 33 64 108 1 96
45 7 81 13 5 89
46 43 65 120 95 98
46 14 89 62 76 57
46 119 54 36 29 12
46 66 43 73 51 5
46 55 90 32 62 70
46 67 103 62 124 38
46 42 116 108 91 39
46 116 12 19 62 122
46 36 30 98 8 33
46 72 27 77 41 82
46 38 2 81 36 114
46 72 28 98 32 7
46 95 5 114 60 34
46 120 3 24 29 119
46 85 7 98 69 10
46 127 85 17 22 104
46 20 37 108 112 91
46 75 0 1 110 63
46 52 85 31 89 91
46 116 96 26 3 72
46 43 64 81 63 30
46 0 117 84 123 13
46 68 80 110 95 23
46 27 83 120 28 10
46 108 101 30 49 16
46 94 112 30 10 33
46 88 31 110 71 44
46 16 79 68 35 105
46 11 57 101 97 105
46 115 82 7 28 40
46 37 91 58 121 112
46 113 66 22 41 101
46 59 59 16 97 24
46 68 49 16 18 73
46 95 79 123 94 79
46 66 103 29 19 22
46 80 27 98 71 1
46 81 23 94 106 31
46 79 94 76 82 58
46 109 116 119 82 33
46 59 32 49 99 87
46 102 47 118 82 57
46 92 126 83 97 87
46 89 78 8 116 103
46 22 35 84 67 35
46 16 50 28 60 57
46 92 61 48 101 85
46 65 16 45 102 116
46 118 18 54 64 125
46 114 88 84 64 92
46 87 15 126 99 72
46 34 76 116 92 87
46 68 1 84 3 88
46 127 68 32 127 97
46 109 111 76 55 58
46 29 99 105 102 62
46 103 99 87 45 95
46 2 82 90 105 81
46 92 90 58 6 13
46 60 89 27 34 13
46 32 2 103 55 125
46 64 28 102 107 96
46 97 74 36 78 69
46 47 47 121 22 0
47 104 97 123 120 87
47 5 107 101 15 104
47 95 93 0 22 97
47 50 8 84 41 29
47 127 32 63 109 70
47 5 86 24 43 57
47 84 103 112 115 3
47 91 57 53 42 52
47 118 51 5 74 15
47 60 11 124 46 91
47 77 59 95 0 56
47 49 15 56 69 83
47 100 11 57 3 122
47 4 119 96 102 77
47 100 94 47 56 70
47 70 52 90 61 18
47 107 105 98 40 36
47 123 55 44 30 115
47 29 12 11 39 52
47 73 117 74 104 108
47 12 74 13 60 50
47 81 9 94 117 101
47 26 53 120 113 11
47 96 57 88 73 63
47 1 75 62 23 31
47 46 35 8 52 93
47 59 41 87 52 90
47 2 127 66 34 75
47 121 78 118 52 1
47 69 63 47 42 43
47 100 127 86 46 123
47 106 16 91 37 108
47 76 59 111 13 83
47 30 59 2 65 56
47 76 63 60 44 53
47 16 105 46 71 76
47 46 67 48 66 5
47 68 105 28 26 5
47 92 95 73 38 6
47 105 110 99 19 9
47 116 20 62 18 118
47 7 10 52 16 84
47 78 109 56 63 58
47 114 98 25 12 108
47 73 69 30 14 56
47 87 41 112 43 102
47 114 45 29 19 63
47 19 73 9 88 22
47 16 113 22 52 93
47 76 43 2 127 73
47 83 60 127 77 118
47 117 91 45 49 56
47 10 33 57 121 83
47 123 123 44 100 105
47 77 127 124 50 88
47 25 9 79 46 68
47 84 85 98 25 59
47 31 3 28 25 59
47 18 48 57 76 6
47 59 66 74 121 105
47 72 55 16 110 11
47 126 101 92 118 102
47 85 35 126 120 64
47 97 19 70 70 49
48 46 111 10 27 79
48 68 70 122 81 60
48 65 95 69 93 71
48 29 17 44 96 75
48 105 83 80 57 32
48 74 4 102 97 66
48 49 65 106 57 52
48 46 53 76 124 100
48 97 110 40 104 2
48 41 16 83 38 2
48 36 51 69 102 60
48 48 5 116 3 74
48 39 122 37 120 20
48 19 71 31 4 103
48 53 100 20 0 79
48 102 124 76 104 66
48 84 114 33 11 80
48 57 18 90 107 65
48 46 96 105 28 65
48 57 20 108 106 93
48 120 93 104 13 61
48 85 9 63 112 123
48 116 41 47 48 72
48 45 115 80 83 110
48 83 92 86 9 32
48 116 9 84 1 39
48 125 95 101 59 42
48 70 52 85 123 54
48 100 46 20 25 17
48 26 15 4 114 57
48 53 8 40 52 73
48 124 21 62 27 81
48 63 23 10 72 27
48 57 79 98 114 60
48 46 40 0 18 78
48 4 88 4 17 99
48 120 57 95 93 29
48 58 61 126 96 81
48 24 43 101 62 120
48 104 71 103 4 68
48 25 33 28 114 58
48 124 17 67 51 21
48 66 36 90 122 6
48 13 13 85 63 36
48 48 20 65 71 126
48 23 26 61 13 108
48 74 36 75 70 52
48 3 57 55 117 60
48 121 79 72 91 39
48 64 91 16 13 92
48 74 55 124 41 116
48 110 25 96 28 39
48 65 116 42 59 3
48 26 99 108 104 38
48 46 111 127 0 23
48 22 51 119 26 61
48 1 70 37 87 126
48 0 81 65 53 67
48 107 87 109 53 40
48 16 16 19 95 121
48 59 56 117 44 15
48 40 117 105 17 106
48 76 83 37 61 126
48 126 80 33 75 46
49 37 84 31 79 61
49 0 36 71 22 41
49 105 37 77 28 50
49 27 83 47 0 70
49 103 27 70 35 42
49 75 77 4 20 15
49 97 119 103 28 5
49 69 35 114 103 18
49 8 24 58 106 106
49 49 39 10 78 112
49 119 43 23 108 90
49 53 101 30 41 18
49 118 127 64 28 36
49 70 27 49 82 92
49 6 4 97 117 58
49 127 27 24 81 24
49 38 93 105 51 59
49 71 71 68 50 96
49 19 11 92 61 46
49 72 3 53 14 53
49 127 45 81 34 26
49 10 116 86 4 75
49 86 33 23 3 65
49 68 69 14 115 7
49 116 38 52 36 81
49 118 35 115 96 75
49 28 2 21 76 92
49 68 63 14 60 94
49 102 62 76 87 80
49 35 10 73 84 114
49 48 56 34 42 68
49 72 44 26 93 46
49 43 7 117 111 35
49 89 117 126 69 103
49 89 41 12 125 73
49 92 69 19 116 73
49 123 7 62 86 46
49 57 66 103 106 36
49 65 32 50 95 8
49 77 81 90 85 97
49 38 7 4 70 13
49 14 120 9 37 81
49 79 47 51 66 3
49 51 95 42 7 103
49 37 73 14 23 83
49 88 125 12 32 41
49 60 3 104 44 76
49 76 53 1 58 78
49 88 34 71 25 85
49 10 10 28 84 42
49 4 65 94 70 37
49 2 74 78 110 95
49 11 113 85 114 69
49 51 75 82 124 91
49 14 5 112 20 108
49 93 83 81 102 92
49 102 5 30 109 17
49 25 105 54 45 38
49 81 54 57 50 69
49 21 98 9 45 121
49 58 97 39 53 5
49 23 23 107 62 111
49 97 55 84 98 20
49 93 9 39 19 85
50 79 104 92 53 104
50 70 78 11 104 33
50 25 123 24 112 63
50 27 94 1 73 124
50 1 27 30 79 46
50 112 5 70 1 109
50 100 47 17 103 93
50 124 105 8 82 67
50 104 79 102 75 14
50 112 38 12 40 3
50 95 108 40 99 25
50 83 71 64 28 23
50 19 46 117 66 106
50 86 95 80 103 105
50 28 64 19 24 70
50 2 77 5 98 4
50 31 99 58 113 13
50 27 78 76 16 52
50 74 68 108 40 92
50 79 16 29 111 59
50 119 18 94 64 39
50 48 55 16 103 12
50 74 63 15 77 14
50 63 17 78 27 75
50 118 97 60 75 14
50 101 34 23 100 28
50 3 81 68 14 99
50 82 13 103 84 28
50 27 97 15 104 37
50 113 6 36 106 80
50 30 52 24 53 25
50 23 29 70 125 60
50 101 20 46 101 48
50 37 42 103 41 117
50 82 52 3 79 76
50 31 63 56 70 38
50 71 127 22 11 82
50 51 81 99 74 99
50 90 43 60 116 50
50 54 104 7 115 23
50 114 41 47 17 5
50 8 80 120 2 60
50 81 114 78 125 70
50 92 49 39 43 108
50 8 75 58 58 54
50 84 114 66 118 36
50 105 89 102 5 93
50 22 43 68 118 96
50 104 55 13 5 55
50 18 104 1 113 117
50 91 61 12 74 21
50 16 64 58 13 122
50 63 127 62 74 73
50 0 67 11 23 31
50 7 99 102 54 8
50 14 36 7 58 42
50 33 17 10 66 109
50 49 116 40 45 97
50 16 5 68 56 29
50 19 6 89 9 1
50 101 121 62 55 47
50 10 18 19 7 124
50 44 108 96 122 64
50 99 49 56 72 127
51 85 99 82 27 10
51 32 63 77 34 4
51 21 13 58 82 106
51 44 18 43 24 46
51 101 126 102 84 65
51 15 108 74 72 98
51 75 84 80 58 15
51 59 21 26 54 49
51 117 53 78 110 36
51 109 113 99 107 63
51 18 80 97 123 101
51 22 89 56 69 123
51 110 72 121 46 85
51 127 94 39 126 102
51 118 32 76 36 124
51 0 21 23 52 39
51 16 49 90 91 69
51 50 44 23 43 55
51 22 78 38 22 61
51 4 46 77 110 20
51 54 13 45 58 3
51 4 117 2 53 111
51 21 75 35 11 71
51 23 90 65 44 66
51 84 70 53 6 2
51 69 6 74 98 34
51 4 76 90 28 127
51 56 113 5 83 93
51 126 51 6 122 110
51 111 115 111 17 86
51 110 93 21 115 29
51 44 59 22 46 73
51 116 100 81 2 38
51 44 54 32 55 100
51 45 48 95 51 16
51 108 8 98 109 28
51 57 83 8 109 35
51 22 73 98 127 90
51 99 84 88 87 29
51 89 79 31 78 35
51 45 122 24 30 105
51 31 26 13 72 68
51 8 31 22 27 50
51 112 10 124 44 37
51 0 61 112 3 85
51 88 100 75 38 122
51 118 50 0 87 27
51 30 29 55 116 2
51 125 104 76 24 120
51 27 96 52 25 10
51 65 65 78 15 49
51 34 9 4 90 38
51 73 5 117 122 22
51 89 85 70 99 21
51 106 6 41 9 89
51 39 23 113 120 125
51 108 42 122 76 22
51 99 13 126 21 108
51 4 112 118 121 116
51 121 2 0 9 21
51 61 38 74 4 122
51 4 23 52 83 91
51 108 121 25 98 77
51 88 113 13 16 48
52 28 120 71 36 42
52 59 116 95 97 109
52 89 12 3 118 56
52 56 46 127 64 17
52 91 17 91 21 32
52 43 0 37 103 126
52 70 67 16 44 107
52 82 89 24 21 54
52 75 104 77 125 103
52 50 13 6 124 64
52 44 100 49 115 90
52 85 45 16 122 23
52 14 66 54 126 33
52 30 34 79 92 69
52 117 9 111 9 77
52 91 109 55 122 4
52 51 86 8 116 36
52 42 102 66 70 17
52 125 98 75 19 82
52 74 45 100 50 109
52 2 52 5 44 10
52 57 17 73 17 73
52 59 23 20 50 93
52 67 9 99 40 117
52 0 69 2 78 110
52 61 117 76 10 59
52 97 90 80 54 44
52 120 65 89 25 86
52 32 117 19 86 0
52 97 37 56 32 124
52 76 25 93 120 25
52 61 48 126 55 50
52 35 126 71 85 88
52 41 76 95 60 35
52 15 110 76 122 111
52 44 105 96 75 84
52 31 43 110 72 113
52 120 49 73 0 11
52 25 39 116 93 69
52 2 41 6 50 111
52 78 91 108 17 89
52 48 92 12 74 79
52 127 21 0 36 12
52 52 37 83 93 103
52 92 58 19 16 62
52 126 77 90 77 78
52 105 19 11 23 32
52 28 122 56 63 12
52 40 38 89 15 45
52 9 67 127 86 74
52 81 70 73 107 116
52 110 59 67 17 45
52 94 50 38 22 41
52 55 62 114 125 47
52 20 100 8 126 124
52 25 47 126 4 15
52 49 57 51 12 87
52 48 107 44 55 83
52 79 87 74 107 20
52 47 35 67 10 6
52 55 121 37 98 29
52 49 125 99 1 42
52 87 78 79 78 73
52 26 67 30 125 92
53 83 6 115 74 55
53 106 109 59 121 59
53 87 104 112 4 127
53 93 38 85 55 127
53 117 4 23 46 65
53 112 40 93 81 26
53 103 66 74 120 121
53 35 92 46 127 51
53 92 59 115 82 59
53 65 57 83 61 4
53 63 66 112 79 85
53 124 122 81 110 39
53 89 3 53 31 123
53 50 80 79 66 85
53 105 1 59 55 24
53 64 25 78 60 9
53 87 81 112 13 23
53 4 35 112 111 70
53 23 105 17 32 119
53 123 83 101 34 39
53 20 104 91 53 25
53 106 18 72 77 93
53 127 89 62 66 28
53 21 107 12 72 120
53 87 106 60 115 68
53 13 93 6 60 28
53 64 52 95 39 20
53 13 66 40 96 1
53 101 112 28 96 105
53 55 123 55 57 90
53 13 7 96 121 99
53 44 87 102 119 80
53 18 48 42 52 96
53 30 101 37 104 55
53 74 105 48 56 63
53 28 14 74 14 123
53 73 5 17 98 121
53 4 113 65 116 110
53 46 125 46 107 18
53 11 87 121 101 64
53 67 8 52 39 21
53 82 85 113 79 1
53 113 54 19 86 57
53 66 62 120 41 125
53 95 103 121 27 45
53 72 95 85 19 83
53 59 22 29 121 64
53 77 108 127 109 29
53 86 64 40 100 96
53 15 82 84 43 80
53 19 22 58 21 101
53 77 38 120 32 95
53 33 52 71 43 97
53 113 28 61 95 37
53 0 61 38 1 31
53 109 36 10 112 46
53 109 22 82 19 1
53 43 92 17 25 16
53 43 8 106 32 63
53 118 64 126 127 86
53 101 111 112 53 44
53 2 108 43 20 58
53 92 34 111 67 26
53 65 92 111 27 60
54 47 58 17 106 81
54 12 21 111 37 18
54 3 79 126 63 54
54 54 64 30 120 1
54 16 21 88 115 91
54 88 73 124 39 8
54 103 90 122 69 22
54 49 31 24 62 51
54 67 53 87 122 120
54 42 64 99 48 105
54 117 40 26 9 6
54 27 9 117 80 13
54 93 90 14 82 59
54 7 14 40 102 0
54 62 37 58 56 102
54 67 15 46 62 114
54 79 86 31 79 15
54 75 78 6 90 49
54 101 92 42 19 123
54 33 124 0 9 53
54 22 25 50 43 98
54 13 102 97 43 76
54 66 62 1 11 24
54 121 49 7 55 112
54 15 46 52 113 112
54 6 69 108 81 8
54 6 109 45 42 124
54 70 120 106 89 80
54 110 72 14 73 70
54 120 58 119 123 91
54 100 21 98 87 64
54 3 106 122 91 35
54 78 30 117 65 112
54 17 112 54 28 75
54 2 123 87 79 13
54 28 111 44 59 116
54 37 92 12 110 113
54 76 5 55 110 77
54 7 85 88 46 62
54 99 121 54 17 28
54 98 127 127 110 46
54 28 118 113 64 106
54 124 20 121 44 79
54 7 66 94 116 15
54 25 57 114 118 88
54 69 118 100 15 77
54 80 18 19 68 3
54 82 73 87 3 125
54 47 2 92 108 86
54 85 67 69 67 92
54 35 2 42 97 92
54 11 102 93 16 15
54 24 84 110 64 62
54 116 41 61 52 8
54 62 46 76 73 101
54 68 101 59 65 78
54 123 95 60 110 88
54 112 59 125 76 109
54 85 98 75 49 48
54 27 31 13 38 29
54 107 106 126 87 14
54 76 122 74 59 38
54 14 24 88 30 45
54 8 112 34 39 112
55 29 52 126 68 49
55 2 39 55 31 33
55 80 96 15 67 48
55 84 50 63 74 82
55 126 101 104 107 99
55 113 15 104 40 110
55 103 34 96 94 51
55 62 102 69 45 15
55 37 105 75 87 26
55 76 106 36 119 101
55 62 78 47 68 91
55 65 0 51 69 3
55 17 90 53 30 94
55 53 55 0 31 7
55 48 91 28 72 124
55 5 62 5 74 86
55 22 19 7 55 109
55 71 63 125 83 56
55 46 35 114 13 43
55 53 73 26 17 120
55 80 25 55 23 56
55 24 14 24 28 29
55 100 115 98 6 31
55 18 40 21 102 100
55 6 98 94 111 60
55 120 53 113 93 94
55 127 45 45 127 58
55 44 42 120 77 106
55 2 43 59 8 68
55 38 100 103 10 72
55 49 30 76 69 42
55 103 6 51 68 52
55 58 100 58 66 83
55 58 86 76 97 54
55 35 53 18 125 28
55 31 32 84 104 58
55 119 43 52 23 53
55 86 79 44 13 53
55 19 119 105 2 89
55 119 48 82 55 53
55 16 22 11 110 118
55 65 29 112 25 114
55 111 102 1 46 122
55 2 0 12 107 73
55 9 28 18 4 20
55 46 78 41 1 87
55 82 88 55 89 35
55 63 109 96 34 11
55 121 17 49 94 120
55 18 69 61 48 116
55 45 77 44 71 112
55 2 10 98 38 111
55 86 88 36 23 109
55 104 33 46 92 32
55 92 119 104 97 85
55 94 25 19 1 68
55 99 52 15 92 108
55 120 33 121 77 81
55 53 63 20 120 101
55 61 12 72 92 55
55 22 124 52 55 20
55 17 51 31 13 88
55 15 26 62 70 35
55 5 17 81 123 52
56 126 0 21 70 103
56 69 62 61 51 95
56 117 39 122 73 91
56 30 51 87 115 49
56 78 17 77 120 66
56 93 71 76 55 125
56 88 64 22 11 12
56 37 81 2 96 78
56 10 109 41 70 74
56 52 15 9 114 62
56 43 112 84 32 62
56 65 11 14 88 69
56 87 74 5 17 37
56 96 110 28 11 82
56 42 91 23 21 107
56 74 80 67 60 100
56 54 26 87 27 108
56 40 15 105 123 15
56 114 9 56 75 17
56 110 35 20 71 8
56 1 8 75 119 2
56 65 126 108 111 126
56 3 38 15 88 87
56 82 50 1 87 30
56 35 33 4 80 57
56 12 36 5 58 108
56 89 70 44 18 15
56 42 106 9 58 50
56 51 124 98 91 102
56 27 106 32 9 110
56 97 42 29 50 21
56 108 63 65 9 92
56 75 47 102 2 108
56 9 28 54 26 17
56 13 47 109 57 95
56 8 72 71 114 111
56 48 111 118 36 61
56 105 43 108 67 40
56 58 9 107 115 63
56 16 98 101 6 101
56 36 104 123 109 119
56 86 5 107 32 96
56 51 92 83 54 127
56 80 23 54 58 58
56 16 46 44 85 62
56 10 28 90 112 19
56 83 86 123 115 51
56 51 72 51 63 63
56 6 34 43 118 2
56 110 66 60 53 111
56 83 79 37 24 15
56 121 1 105 71 111
56 28 31 112 29 13
56 121 4 26 80 35
56 47 99 91 39 75
56 114 24 88 114 99
56 27 102 77 2 80
56 82 75 37 50 64
56 108 90 103 61 94
56 98 7 64 65 23
56 57 119 34 42 126
56 64 15 97 34 6
56 73 66 34 124 22
56 79 59 81 13 108
57 61 84 12 82 63
57 32 114 84 34 0
57 46 107 65 98 8
57 6 76 69 14 71
57 35 117 78 111 57
57 36 86 92 56 26
57 58 68 110 52 90
57 25 127 35 41 118
57 91 88 9 32 56
57 102 46 95 114 15
57 35 80 126 82 115
57 81 106 27 66 114
57 41 1 28 112 121
57 124 54 94 58 75
57 13 34 120 101 27
57 67 11 18 102 20
57 49 54 110 51 99
57 90 51 42 72 71
57 67 10 44 10 29
57 92 21 60 93 84
57 6 64 75 26 108
57 69 95 102 24 97
57 118 104 7 94 5
57 31 117 34 52 54
57 81 48 97 58 45
57 42 125 5 57 90
57 102 5 70 29 49
57 36 68 38 91 121
57 41 74 126 118 82
57 112 62 28 74 9
57 29 33 111 34 40
57 25 19 48 16 106
57 30 65 127 83 102
57 1 49 33 63 7
57 23 95 25 112 71
57 58 17 92 101 96
57 22 104 105 81 112
57 70 72 104 23 76
57 37 2 61 68 17
57 56 85 49 103 124
57 87 41 109 116 82
57 90 51 111 28 102
57 0 26 36 99 26
57 82 67 116 29 124
57 122 59 121 52 100
57 65 46 24 20 33
57 91 9 100 112 70
57 99 126 64 126 84
57 61 99 121 12 42
57 16 7 35 53 39
57 31 73 126 57 123
57 64 27 75 16 73
57 96 124 61 71 109
57 85 124 71 79 73
57 8 119 105 55 21
57 16 103 47 106 62
57 53 59 119 91 103
57 38 39 42 55 15
57 113 68 19 97 37
57 22 86 24 109 46
57 4 72 12 105 8
57 9 18 36 118 100
57 123 123 66 19 117
57 22 108 60 92 86
58 63 6 33 113 12
58 12 28 106 61 31
58 41 43 86 11 16
58 18 26 52 112 27
58 106 61 104 103 18
58 115 64 72 97 48
58 83 109 76 60 21
58 59 7 115 121 57
58 106 88 102 68 20
58 102 107 0 103 16
58 64 23 50 104 75
58 5 84 111 69 103
58 113 33 67 97 15
58 46 102 0 89 48
58 65 70 55 40 39
58 84 83 31 22 6
58 1 39 6 17 119
58 72 97 33 13 97
58 77 88 77 29 79
58 90 99 56 47 39
58 8 49 126 52 72
58 10 75 72 22 60
58 34 108 57 82 85
58 42 105 95 43 69
58 30 11 59 54 126
58 2 121 71 56 55
58 21 81 74 22 31
58 14 16 63 111 52
58 39 126 122 81 110
58 85 53 11 14 116
58 26 64 3 109 123
58 9 105 81 0 114
58 56 7 82 39 19
58 116 54 52 23 55
58 90 60 37 37 84
58 60 96 123 13 122
58 118 114 57 42 61
58 46 45 73 111 10
58 47 89 64 20 32
58 11 114 46 65 71
58 19 70 84 15 105
58 72 122 93 127 80
58 45 7 92 37 96
58 25 80 50 87 12
58 64 114 68 123 63
58 31 29 100 116 105
58 29 93 38 92 12
58 49 34 110 106 64
58 9 8 79 27 68
58 2 16 116 127 78
58 40 86 99 48 76
58 115 88 23 32 0
58 101 60 124 96 43
58 88 94 39 90 70
58 27 38 46 20 97
58 39 67 113 101 21
58 55 100 41 41 49
58 35 81 86 68 110
58 82 81 41 44 85
58 0 59 53 22 77
58 117 18 91 36 59
58 113 94 28 122 18
58 62 109 67 33 100
58 58 59 98 79 71
59 68 119 88 54 90
59 11 83 123 52 33
59 90 63 24 27 71
59 24 5 15 4 20
59 93 1 40 31 120
59 26 20 11 70 124
59 114 33 62 8 127
59 106 3 12 46 62
59 91 60 84 47 29
59 107 22 65 68 110
59 22 51 60 37 103
59 105 112 16 63 1
59 106 68 17 107 93
59 8 54 114 85 43
59 52 27 125 66 80
59 73 64 60 83 41
59 1 120 114 73 54
59 84 25 28 64 45
59 110 42 34 118 61
59 71 16 59 82 85
59 60 22 42 92 51
59 13 74 44 112 52
59 2 114 71 91 113
59 86 54 68 1 47
59 77 73 106 32 87
59 87 40 117 59 101
59 48 39 76 2 96
59 85 40 105 75 81
59 44 82 45 121 86
59 97 88 16 93 36
59 33 120 120 19 62
59 117 47 64 15 111
59 121 18 6 42 31
59 26 106 33 117 30
59 28 88 16 21 75
59 64 116 55 55 82
59 47 87 77 110 118
59 12 97 92 45 114
59 8 92 64 87 123
59 29 6 70 52 12
59 75 77 52 72 13
59 44 116 80 100 107
59 55 100 5 89 37
59 104 83 42 24 43
59 102 71 70 117 24
59 86 122 115 87 25
59 34 126 6 125 77
59 102 101 122 27 10
59 44 124 50 85 31
59 4 91 22 96 92
59 44 113 118 107 2
59 112 15 126 7 124
59 93 4 59 125 51
59 37 107 70 16 64
59 116 84 77 104 119
59 25 20 49 41 110
59 126 111 22 32 20
59 18 41 62 6 90
59 105 118 94 20 108
59 30 39 42 0 65
59 126 84 107 20 105
59 0 27 50 43 22
59 122 61 2 105 35
59 60 2 39 1 115
60 103 57 19 74 75
60 56 98 36 47 1
60 87 63 49 84 15
60 86 80 92 37 107
60 121 70 81 85 96
60 91 81 50 118 89
60 46 27 46 13 126
60 12 93 14 5 18
60 90 70 95 114 81
60 99 6 2 108 86
60 41 53 98 63 11
60 112 57 14 56 109
60 114 1 42 106 46
60 14 32 62 48 62
60 59 1 83 28 79
60 26 16 92 18 98
60 75 48 30 77 28
60 9 86 32 8 73
60 106 47 16 101 63
60 34 58 14 92 104
60 8 123 48 98 4
60 28 20 2 84 44
60 23 10 33 100 15
60 64 22 5 106 31
60 108 1 16 68 9
60 0 116 34 26 113
60 0 67 47 65 61
60 117 8 69 97 94
60 126 35 20 80 32
60 17 110 86 22 40
60 20 32 9 34 21
60 115 77 96 26 78
60 118 57 11 56 115
60 3 74 27 111 65
60 66 35 88 88 124
60 103 85 34 31 84
60 122 33 67 108 116
60 93 114 58 14 120
60 39 56 119 111 71
60 50 96 115 34 87
60 104 32 3 19 120
60 8 0 8 51 96
60 12 25 87 33 16
60 105 126 46 36 4
60 17 119 45 8 50
60 15 43 13 118 80
60 83 50 60 29 114
60 55 85 107 35 49
60 83 117 61 86 6
60 44 89 99 81 1
60 126 125 2 15 88
60 105 104 29 64 40
60 63 71 45 58 72
60 115 97 4 27 85
60 109 27 97 124 16
60 115 87 107 18 36
60 27 109 113 63 74
60 106 34 23 121 118
60 105 40 102 51 70
60 101 82 64 101 38
60 84 32 121 36 14
60 92 120 57 43 29
60 0 92 87 13 5
60 98 57 70 22 127
61 48 36 17 95 92
61 87 119 55 28 94
61 31 63 52 37 2
61 28 36 50 75 55
61 125 65 71 64 76
61 9 52 55 2 3
61 11 75 20 41 1
61 57 12 8 80 104
61 113 58 94 109 45
61 39 48 109 119 124
61 8 76 85 22 18
61 14 25 89 120 40
61 43 19 31 69 105
61 6 48 36 92 57
61 96 0 54 124 122
61 53 49 114 8 43
61 56 72 50 64 81
61 52 67 55 75 60
61 104 85 114 25 125
61 99 46 14 125 75
61 22 19 41 91 94
61 3 66 116 8 46
61 12 100 9 57 10
61 29 84 52 122 96
61 86 3 9 46 15
61 8 20 54 66 34
61 112 90 119 12 34
61 18 107 48 106 64
61 17 82 103 72 14
61 15 8 89 48 75
61 93 97 85 40 53
61 4 52 36 5 119
61 33 97 56 84 43
61 78 117 26 35 107
61 45 46 22 117 88
61 74 91 123 33 107
61 74 114 110 101 91
61 18 26 79 42 50
61 37 95 87 99 127
61 118 55 93 119 7
61 72 2 88 11 4
61 65 29 116 21 72
61 101 54 114 23 88
61 37 50 1 32 120
61 76 32 2 67 70
61 58 75 44 73 85
61 110 99 8 108 95
61 67 108 50 71 65
61 82 35 18 75 104
61 97 55 13 42 46
61 29 20 92 113 116
61 48 65 67 125 41
61 33 77 7 57 87
61 83 117 106 119 17
61 53 102 73 44 83
61 70 49 88 4 43
61 59 99 90 103 104
61 34 21 80 5 79
61 47 37 117 93 54
61 125 79 111 29 116
61 30 43 47 22 93
61 55 47 5 33 76
61 85 29 45 98 94
61 34 29 48 107 29
62 127 54 27 60 27
62 81 77 8 29 33
62 95 98 121 72 37
62 46 14 5 103 41
62 22 78 69 123 50
62 41 58 21 0 121
62 107 120 75 67 17
62 32 24 123 51 50
62 59 105 27 105 6
62 13 18 45 54 66
62 93 30 119 80 109
62 121 122 27 50 36
62 116 55 118 27 19
62 7 64 16 44 60
62 114 106 38 94 50
62 76 114 4 56 32
62 35 96 89 21 38
62 15 53 87 47 113
62 99 54 43 92 38
62 6 14 59 84 41
62 87 14 43 12 108
62 0 67 65 87 29
62 17 18 105 31 99
62 18 55 88 28 50
62 48 116 104 114 62
62 89 76 106 54 99
62 70 27 17 40 113
62 90 103 14 1 66
62 16 121 90 126 2
62 18 56 46 95 24
62 43 62 39 83 36
62 34 36 60 25 95
62 75 68 26 38 111
62 8 100 18 31 31
62 0 81 95 1 87
62 58 71 51 20 16
62 7 1 125 2 81
62 9 116 99 50 10
62 89 60 66 92 14
62 119 47 102 97 100
62 66 45 87 94 31
62 115 108 62 69 77
62 61 13 86 117 122
62 73 113 78 115 15
62 35 38 23 98 121
62 110 62 113 40 20
62 18 25 61 11 92
62 115 31 62 19 19
62 102 33 110 63 88
62 19 87 56 59 40
62 4 93 119 126 8
62 2 121 73 124 74
62 78 43 121 58 110
62 44 31 50 50 3
62 60 5 7 85 85
62 3 64 81 47 38
62 58 63 116 85 55
62 121 17 60 73 100
62 6 9 61 115 53
62 88 25 72 29 33
62 125 108 112 27 33
62 83 88 18 20 23
62 90 13 29 47 91
62 64 117 124 112 71
63 98 57 123 125 63
63 87 106 13 32 84
63 36 90 9 97 12
63 5 3 0 16 93
63 118 49 56 99 126
63 4 75 40 84 110
63 53 1 105 97 33
63 26 48 54 84 62
63 110 2 51 13 42
63 119 38 20 108 127
63 79 124 96 3 121
63 12 58 14 105 82
63 68 94 64 38 23
63 53 69 18 87 117
63 97 115 120 0 111
63 9 121 27 50 92
63 93 52 77 102 79
63 43 115 1 20 122
63 90 16 83 86 99
63 28 86 102 41 34
63 118 16 90 69 1
63 50 119 123 82 60
63 48 58 26 75 93
63 114 106 40 85 96
63 106 14 112 118 123
63 84 117 72 126 98
63 20 34 11 2 6
63 100 33 37 108 17
63 52 31 80 89 122
63 94 112 6 2 65
63 112 34 49 8 92
63 112 53 63 118 123
63 1 107 36 115 115
63 28 59 95 63 79
63 45 1 7 95 91
63 34 21 104 125 18
63 68 56 41 34 67
63 3 49 106 101 20
63 103 10 53 44 46
63 83 58 21 121 122
63 12 73 7 105 108
63 14 115 79 127 81
63 44 20 68 46 26
63 19 63 82 49 90
63 56 48 93 97 106
63 20 62 14 14 120
63 53 124 74 108 26
63 100 79 33 20 68
63 83 48 122 93 36
63 32 16 56 59 2
63 91 82 103 93 11
63 40 0 69 43 88
63 33 34 2 103 50
63 120 88 30 107 4
63 44 80 15 73 33
63 10 48 97 102 118
63 49 19 50 37 94
63 6 35 46 26 112
63 37 5 68 18 42
63 103 45 108 81 18
63 43 73 1 57 11
63 84 30 55 43 121
63 47 51 30 43 123
63 126 88 87 74 5
64 71 57 15 85 111
64 66 10 88 108 39
64 41 115 8 104 112
64 35 48 120 106 3
64 82 61 125 62 41
64 79 12 125 107 59
64 114 77 84 0 61
64 52 58 1 30 24
64 124 111 113 71 20
64 82 58 85 44 62
64 15 62 48 17 87
64 5 13 125 3 69
64 71 92 100 95 20
64 55 126 66 14 35
64 33 26 77 50 55
64 10 19 1 30 13
64 71 13 122 91 124
64 34 104 127 89 18
64 47 18 72 56 127
64 38 117 84 109 81
64 15 50 98 39 94
64 93 46 69 54 107
64 27 113 99 1 89
64 14 89 23 73 73
64 34 21 125 99 64
64 11 87 50 46 16
64 17 48 94 61 80
64 64 120 114 8 62
64 116 52 20 107 39
64 87 106 126 23 5
64 51 116 48 87 76
64 57 122 99 17 95
64 91 14 34 25 109
64 80 74 99 104 23
64 2 122 15 104 102
64 106 86 57 55 77
64 3 116 26 121 44
64 78 103 31 27 70
64 111 13 4 99 68
64 14 82 105 10 75
64 42 17 86 84 1
64 78 108 39 126 32
64 59 102 0 35 42
64 70 66 7 78 18
64 3 45 19 38 67
64 104 78 99 45 2
64 123 14 97 16 30
64 54 109 59 86 57
64 104 46 15 125 22
64 76 54 72 61 85
64 24 121 99 48 98
64 59 66 78 60 44
64 69 32 77 104 120
64 80 89 102 22 49
64 73 28 122 115 30
64 77 67 92 123 86
64 9 118 116 46 54
64 35 84 122 88 94
64 22 114 90 34 76
64 109 73 124 106 12
64 71 84 60 110 115
64 99 113 113 123 74
64 27 105 3 121 54
64 68 22 14 1 87
65 17 29 78 83 2
65 65 71 111 110 72
65 97 45 88 43 112
65 43 48 51 20 76
65 27 63 30 37 81
65 14 76 121 103 34
65 117 116 65 96 31
65 9 28 34 41 19
65 53 108 45 97 13
65 76 113 9 117 102
65 4 94 97 33 10
65 104 80 103 80 90
65 47 6 31 85 78
65 105 18 104 79 39
65 88 39 73 26 61
65 24 75 24 44 124
65 112 107 17 113 99
65 96 65 83 29 54
65 73 111 114 69 78
65 39 34 65 91 6
65 24 13 104 20 114
65 80 34 14 117 10
65 28 33 81 8 59
65 99 89 14 47 52
65 41 72 107 125 24
65 19 117 5 51 35
65 80 113 6 68 110
65 9 5 114 0 77
65 2 32 42 65 84
65 75 46 87 41 35
65 90 1 50 72 33
65 102 111 114 21 119
65 47 53 2 5 123
65 77 106 57 95 101
65 40 26 29 70 88
65 75 20 21 11 40
65 113 74 119 41 81
65 83 19 109 3 18
65 29 55 102 84 68
65 89 98 6 74 23
65 5 8 125 115 95
65 85 65 96 68 2
65 32 71 56 0 80
65 9 18 64 102 120
65 55 101 2 11 52
65 48 16 21 71 74
65 72 72 102 93 61
65 10 127 10 72 56
65 88 22 38 30 77
65 40 102 95 100 101
65 54 68 107 28 84
65 124 61 92 28 20
65 58 24 44 92 38
65 126 93 15 42 6
65 83 68 41 70 46
65 77 115 79 50 69
65 94 78 16 28 102
65 57 81 114 17 93
65 2 71 56 73 62
65 80 95 68 42 39
65 50 48 101 78 40
65 64 114 115 119 64
65 26 117 71 41 26
65 89 77 44 89 45
66 120 66 37 74 34
66 6 77 27 40 101
66 1 4 120 123 36
66 47 117 118 55 109
66 61 11 118 36 68
66 112 49 26 64 96
66 56 118 84 66 67
66 86 65 55 0 85
66 118 82 123 47 66
66 56 96 16 85 48
66 55 81 67 22 108
66 56 3 37 48 90
66 68 41 41 16 92
66 125 122 62 2 11
66 115 75 21 52 17
66 37 0 19 87 107
66 28 93 124 107 33
66 9 17 46 69 17
66 30 73 59 107 82
66 33 65 16 91 57
66 97 106 10 43 12
66 23 49 97 65 65
66 64 62 11 99 119
66 24 120 40 102 80
66 5 7 69 83 91
66 127 103 64 4 117
66 39 22 78 87 41
66 17 5 102 67 123
66 9 1 33 70 1
66 84 123 75 66 75
66 92 119 85 99 36
66 48 33 106 37 117
66 9 80 115 0 4
66 21 68 77 44 1
66 26 82 43 15 91
66 120 106 24 98 19
66 27 61 54 23 47
66 98 93 49 97 51
66 55 36 87 78 48
66 36 95 123 100 63
66 90 111 83 11 86
66 49 102 78 18 100
66 21 49 27 90 36
66 0 37 100 68 2
66 21 59 12 55 70
66 115 100 6 74 122
66 112 18 108 4 17
66 60 80 55 26 115
66 75 54 46 106 8
66 41 46 111 6 71
66 62 31 102 100 18
66 126 125 77 3 10
66 53 120 114 100 64
66 5 81 22 88 50
66 42 2 37 46 22
66 108 96 6 16 16
66 54 74 11 47 24
66 13 23 44 73 27
66 90 121 12 77 61
66 58 3 16 111 59
66 120 37 22 13 21
66 82 33 6 9 17
66 126 94 103 31 44
66 40 48 51 96 109
67 23 0 122 55 90
67 119 117 105 92 29
67 87 83 63 86 13
67 112 39 121 123 114
67 53 53 49 79 9
67 126 76 38 108 47
67 2 12 70 64 110
67 27 58 9 42 38
67 29 11 127 90 23
67 2 34 42 65 126
67 14 92 115 113 16
67 51 1 111 94 69
67 45 63 13 118 124
67 14 95 72 35 59
67 13 28 8 108 67
67 3 37 23 30 0
67 20 120 106 62 52
67 77 63 116 79 55
67 126 53 109 38 72
67 3 90 80 73 20
67 98 45 34 74 11
67 54 89 127 18 50
67 81 21 17 100 106
67 19 110 86 46 10
67 84 57 76 109 118
67 68 122 41 22 106
67 101 93 16 68 47
67 93 97 109 77 53
67 56 47 87 29 62
67 10 36 101 101 80
67 57 49 52 34 73
67 126 33 117 122 30
67 104 54 11 31 20
67 11 127 22 74 12
67 22 117 47 91 77
67 19 27 10 62 87
67 49 118 71 1 40
67 109 80 100 108 97
67 97 79 26 95 68
67 30 56 66 76 22
67 66 13 12 16 34
67 104 76 68 21 14
67 14 123 69 67 31
67 87 17 126 116 26
67 124 83 66 108 28
67 70 122 32 79 6
67 24 14 12 47 35
67 14 15 57 77 63
67 80 43 63 110 47
67 76 117 54 90 18
67 100 80 116 45 33
67 60 58 34 75 1
67 38 85 76 56 110
67 81 69 39 85 126
67 3 61 86 3 81
67 123 88 96 125 86
67 55 30 102 96 94
67 92 46 71 111 58
67 64 8 49 70 78
67 74 96 126 65 71
67 74 46 20 121 44
67 100 127 100 101 7
67 84 6 24 14 40
67 127 120 119 81 42
68 108 76 93 111 83
68 60 30 19 49 69
68 59 50 25 69 62
68 86 27 40 114 32
68 10 125 85 32 15
68 85 89 114 98 111
68 126 89 78 49 66
68 127 35 113 35 6
68 122 98 82 115 54
68 79 0 34 85 12
68 80 63 10 18 39
68 29 83 62 83 74
68 26 58 1 23 6
68 84 114 25 41 66
68 74 69 58 63 58
68 28 79 1 6 13
68 17 44 13 103 81
68 107 58 121 59 1
68 111 112 89 98 41
68 29 13 123 53 10
68 2 106 107 124 24
68 5 23 107 92 4
68 26 70 116 89 40
68 1 98 53 44 24
68 23 126 63 64 117
68 54 69 92 5 43
68 3 70 27 23 32
68 8 40 28 80 65
68 2 11 34 96 20
68 51 73 28 42 71
68 34 20 47 68 17
68 54 123 104 45 111
68 32 56 70 94 11
68 58 18 113 103 33
68 58 114 57 118 57
68 106 19 70 53 37
68 42 108 59 88 13
68 70 76 33 1 48
68 15 25 15 19 17
68 118 74 95 34 42
68 12 20 49 41 105
68 124 70 34 59 37
68 101 82 91 81 105
68 127 47 87 123 92
68 38 13 59 36 65
68 19 120 71 57 0
68 68 56 42 20 82
68 59 124 35 74 0
68 94 127 100 52 90
68 89 18 86 9 16
68 10 8 42 4 116
68 18 18 115 55 94
68 2 26 89 10 86
68 11 41 59 56 80
68 42 37 27 100 112
68 73 13 99 66 42
68 99 91 82 112 4
68 37 70 66 39 124
68 98 20 74 19 37
68 78 33 105 118 86
68 56 123 76 57 0
68 27 29 29 6 60
68 105 54 114 84 49
68 28 120 47 74 35
69 73 13 52 55 112
69 93 115 74 111 61
69 123 77 40 114 44
69 45 49 31 121 56
69 68 109 116 122 32
69 24 84 108 87 86
69 121 124 43 36 70
69 69 49 65 6 118
69 104 98 31 116 99
69 86 31 108 110 12
69 70 61 107 69 38
69 58 69 53 36 125
69 78 39 62 89 121
69 34 96 48 34 80
69 126 67 104 111 76
69 121 62 44 51 4
69 49 85 74 109 31
69 40 104 77 43 21
69 72 116 9 0 1
69 78 49 29 51 51
69 2 77 108 8 49
69 41 114 34 40 113
69 79 54 114 44 53
69 31 40 90 92 43
69 122 15 51 113 101
69 36 98 113 77 72
69 54 7 88 72 102
69 118 126 104 121 1
69 1 85 95 12 13
69 30 67 58 65 90
69 28 58 101 7 28
69 37 47 5 53 124
69 52 86 53 70 69
69 41 42 83 83 14
69 15 44 31 42 57
69 60 112 107 82 50
69 10 93 94 10 100
69 29 91 63 41 43
69 23 36 50 13 23
69 8 28 93 112 114
69 25 1 107 74 28
69 41 106 118 107 101
69 11 81 116 34 15
69 90 56 69 81 95
69 92 94 31 76 71
69 98 58 16 45 80
69 66 32 71 95 107
69 10 73 85 54 37
69 117 79 55 108 120
69 12 57 62 85 41
69 54 118 60 20 42
69 108 109 86 29 57
69 89 108 104 38 31
69 4 16 31 6 17
69 45 58 13 60 56
69 59 101 113 113 97
69 63 44 24 106 113
69 67 44 58 83 19
69 71 60 32 5 5
69 4 11 38 84 77
69 29 86 28 110 19
69 4 20 74 112 73
69 106 85 36 119 105
69 85 47 96 95 44
70 99 54 105 54 68
70 2 53 91 76 106
70 34 59 28 114 54
70 19 63 108 80 12
70 99 108 33 124 96
70 20 57 24 86 23
70 36 7 56 74 74
70 111 54 96 73 112
70 80 41 117 13 10
70 61 17 88 40 33
70 46 106 60 79 121
70 89 77 95 14 34
70 6 102 31 115 14
70 45 24 39 78 104
70 57 60 55 9 3
70 116 105 112 14 10
70 123 27 122 58 31
70 90 113 95 110 109
70 118 33 95 105 108
70 34 6 8 83 114
70 63 116 54 80 44
70 111 2 71 14 28
70 100 23 63 94 110
70 51 97 43 20 50
70 110 93 113 6 55
70 73 1 43 18 35
70 13 4 30 113 95
70 49 65 78 65 16
70 121 102 20 97 63
70 74 30 10 21 21
70 36 11 54 82 14
70 74 122 64 119 113
70 110 119 69 21 110
70 14 54 93 35 30
70 50 3 97 77 93
70 46 94 28 94 95
70 82 28 11 13 64
70 120 106 111 41 65
70 90 3 117 19 70
70 97 99 60 0 111
70 7 121 71 25 27
70 1 12 60 114 44
70 44 73 13 47 104
70 100 6 110 69 88
70 87 101 22 22 123
70 34 76 61 36 7
70 72 7 127 125 96
70 71 51 47 68 59
70 119 78 14 107 108
70 32 95 65 47 8
70 45 4 97 5 113
70 97 106 53 99 34
70 48 3 69 92 53
70 16 46 61 88 60
70 109 70 118 116 71
70 27 105 58 111 3
70 13 20 123 46 115
70 116 95 3 127 79
70 48 100 5 73 86
70 48 90 19 35 25
70 78 104 110 72 83
70 102 52 106 23 46
70 95 23 23 49 34
70 28 55 2 63 93
71 70 116 13 18 21
71 100 35 7 35 73
71 93 54 52 115 24
71 46 106 8 104 113
71 25 72 77 7 38
71 2 76 97 102 5
71 54 66 80 59 19
71 118 110 5 54 110
71 90 13 36 95 36
71 62 54 41 49 49
71 88 16 61 75 110
71 120 8 76 36 85
71 39 14 46 40 106
71 86 89 75 95 99
71 111 118 43 62 77
71 31 106 55 7 24
71 64 26 37 94 77
71 84 42 12 24 47
71 96 48 70 44 9
71 100 57 51 35 67
71 108 0 96 112 43
71 30 102 91 80 64
71 38 31 32 80 41
71 120 10 26 44 76
71 79 46 96 24 64
71 44 0 14 16 71
71 119 117 13 72 13
71 5 17 49 81 48
71 103 46 109 124 19
71 62 69 71 19 90
71 71 80 126 67 41
71 104 111 48 13 56
71 116 84 68 26 16
71 30 103 123 17 72
71 67 12 33 78 54
71 126 32 105 117 100
71 118 94 82 42 27
71 108 87 105 41 99
71 20 100 46 42 118
71 30 40 109 83 68
71 54 50 21 105 25
71 31 42 93 48 106
71 79 75 94 8 114
71 99 58 13 75 42
71 113 19 124 42 103
71 63 107 86 8 31
71 76 81 72 115 10
71 1 60 63 70 125
71 115 52 52 14 73
71 94 7 54 4 125
71 63 4 9 27 106
71 98 91 31 68 66
71 5 76 119 100 70
71 47 62 106 36 113
71 72 2 122 32 66
71 93 38 80 37 102
71 88 95 89 101 11
71 91 112 84 75 70
71 82 94 66 34 47
71 100 77 40 27 94
71 55 8 35 94 2
71 98 20 103 31 122
71 21 5 77 32 74
71 56 72 15 6 51
72 50 90 67 99 67
72 121 50 78 109 97
72 124 76 14 109 43
72 23 120 58 65 61
72 17 95 67 123 36
72 73 67 65 14 30
72 87 26 54 77 55
72 99 61 81 87 83
72 29 63 23 8 5
72 21 92 29 115 23
72 85 15 41 53 24
72 1 34 55 114 99
72 73 81 85 118 121
72 40 103 26 83 124
72 26 99 108 16 30
72 36 73 75 43 121
72 75 34 86 80 70
72 36 127 27 3 62
72 43 62 79 83 49
72 5 87 58 5 99
72 81 7 20 113 39
72 125 1 117 5 78
72 78 80 66 47 101
72 35 116 117 58 127
72 41 125 105 52 67
72 93 99 62 3 126
72 114 59 124 84 103
72 35 30 28 53 56
72 121 21 127 77 28
72 75 27 103 35 100
72 97 6 78 95 120
72 54 47 79 0 75
72 27 14 8 62 92
72 13 117 66 119 22
72 54 55 112 124 63
72 35 82 68 4 95
72 46 99 10 125 102
72 24 88 71 101 67
72 12 105 73 7 37
72 102 29 23 22 59
72 99 22 67 111 8
72 55 3 58 104 78
72 4 8 86 64 98
72 93 115 33 92 107
72 89 25 0 43 7
72 51 79 117 14 104
72 9 73 61 127 31
72 40 73 92 29 45
72 43 40 68 42 118
72 53 62 61 8 78
72 126 31 51 111 120
72 64 81 61 94 98
72 12 26 59 115 8
72 102 87 8 84 16
72 28 85 27 87 17
72 54 112 14 86 18
72 108 102 118 114 51
72 85 91 48 35 9
72 80 49 106 58 6
72 117 34 74 104 31
72 26 44 67 99 14
72 117 10 22 6 73
72 115 54 122 78 50
72 75 27 31 59 43
73 80 33 107 58 116
73 94 115 71 59 94
73 2 116 96 108 79
73 111 12 43 12 15
73 42 58 105 91 125
73 4 104 10 43 72
73 27 67 89 92 102
73 37 24 41 122 79
73 80 62 98 96 71
73 73 123 85 114 96
73 54 64 121 112 56
73 72 35 50 122 90
73 94 99 30 33 3
73 71 88 29 124 72
73 57 73 25 119 91
73 72 4 97 124 113
73 81 75 28 125 44
73 43 23 18 72 73
73 12 21 109 44 84
73 83 69 75 49 97
73 2 42 1 119 116
73 70 113 95 118 47
73 105 2 76 62 84
73 21 46 17 11 97
73 89 0 84 105 28
73 72 38 0 123 89
73 62 27 68 50 25
73 5 126 60 68 109
73 29 92 20 116 6
73 85 49 36 106 56
73 123 20 6 61 50
73 30 110 98 61 125
73 24 40 88 113 82
73 126 27 120 122 107
73 107 71 53 33 103
73 93 124 78 86 55
73 17 120 45 125 72
73 24 44 104 20 87
73 76 53 51 44 61
73 121 122 88 74 32
73 83 92 115 64 65
73 114 123 32 98 78
73 118 115 123 26 1
73 33 76 22 114 39
73 13 97 99 2 111
73 86 110 45 10 6
73 123 21 56 22 0
73 72 123 85 68 31
73 105 125 116 23 64
73 33 56 103 117 111
73 92 56 58 2 117
73 61 14 32 49 0
73 33 36 84 108 96
73 28 77 111 74 96
73 61 30 35 70 43
73 59 74 113 105 17
73 18 13 115 72 104
73 125 83 75 32 98
73 0 25 29 49 126
73 85 19 18 25 66
73 16 25 91 24 118
73 114 86 110 102 104
73 70 28 40 27 16
73 61 108 3 110 12
74 110 43 57 56 82
74 115 92 50 32 7
74 100 55 108 43 56
74 19 116 39 56 37
74 119 19 61 115 119
74 44 58 6 65 34
74 106 118 83 59 119
74 121 78 31 67 71
74 113 42 73 59 40
74 57 60 87 32 27
74 88 47 16 59 57
74 62 119 30 99 102
74 106 5 71 16 41
74 86 90 76 124 95
74 96 65 52 68 7
74 32 3 93 35 50
74 57 71 105 78 122
74 15 64 88 6 124
74 121 105 38 53 104
74 27 19 89 79 88
74 29 97 56 95 71
74 125 21 40 68 5
74 107 16 2 27 92
74 93 56 18 5 31
74 108 20 75 100 99
74 16 33 80 25 30
74 101 25 80 104 94
74 104 55 28 57 27
74 33 119 33 64 79
74 97 47 76 40 87
74 48 115 44 17 126
74 118 26 124 33 70
74 24 68 20 16 66
74 9 45 61 114 65
74 79 102 127 89 97
74 21 102 2 105 45
74 59 123 21 33 15
74 57 38 55 108 55
74 90 96 38 74 7
74 30 27 80 27 51
74 39 85 48 7 68
74 101 97 51 44 81
74 53 35 48 86 106
74 102 112 64 66 64
74 121 105 97 28 58
74 49 53 4 71 18
74 45 8 21 74 126
74 60 117 79 98 81
74 79 32 27 51 14
74 84 70 84 103 19
74 53 111 36 33 23
74 69 12 22 68 82
74 92 59 8 23 3
74 88 29 64 68 17
74 27 82 85 58 25
74 77 25 123 63 35
74 83 112 15 94 75
74 105 29 55 62 57
74 112 12 32 79 110
74 108 123 77 60 96
74 49 0 113 117 51
74 78 40 63 69 7
74 45 36 112 110 91
74 20 17 9 104 62
75 71 60 92 32 78
75 112 97 40 113 54
75 75 84 106 118 0
75 94 92 118 114 89
75 121 74 45 92 9
75 63 53 73 83 77
75 83 18 69 123 62
75 47 126 109 54 102
75 91 38 118 43 100
75 34 16 4 126 116
75 84 66 113 68 16
75 27 22 17 79 92
75 69 60 18 49 9
75 30 34 118 67 67
75 26 38 78 54 111
75 49 27 1 87 9
75 84 77 106 81 110
75 57 40 93 79 87
75 62 60 25 45 34
75 44 68 32 66 19
75 84 41 109 17 32
75 42 53 54 96 29
75 27 8 104 88 63
75 119 125 37 11 102
75 74 59 37 110 91
75 88 7 112 108 65
75 114 10 58 63 123
75 90 1 86 100 115
75 9 70 115 67 94
75 14 68 53 4 79
75 96 108 111 14 121
75 5 88 15 55 0
75 83 106 108 69 93
75 119 9 67 37 86
75 38 124 57 114 24
75 65 100 83 39 124
75 28 115 4 110 49
75 67 81 74 73 127
75 25 90 32 98 87
75 31 101 108 73 33
75 106 96 95 105 42
75 17 74 11 101 30
75 120 86 116 45 115
75 9 110 38 35 25
75 50 8 73 99 19
75 31 25 34 38 84
75 81 60 104 65 111
75 64 1 73 86 66
75 41 31 83 106 124
75 63 103 105 90 52
75 79 64 11 8 108
75 107 86 113 36 58
75 52 1 17 66 114
75 114 35 120 100 6
75 101 82 6 6 3
75 99 105 55 98 20
75 56 59 126 25 109
75 39 60 125 62 36
75 87 92 44 99 9
75 0 25 55 55 7
75 46 11 86 110 45
75 122 84 98 28 4
75 125 38 121 19 37
75 125 118 53 28 81
76 26 48 96 58 10
76 74 100 80 120 96
76 18 92 37 100 83
76 86 111 116 79 91
76 96 100 17 55 18
76 69 82 23 104 3
76 117 17 24 95 78
76 111 50 125 80 116
76 2 101 126 26 124
76 90 115 77 34 44
76 127 25 60 23 60
76 89 72 65 14 100
76 101 25 65 45 81
76 58 38 28 115 107
76 60 9 64 90 66
76 43 126 41 16 118
76 31 74 92 44 34
76 41 19 111 73 21
76 126 106 22 82 6
76 26 104 88 22 65
76 67 75 38 31 103
76 86 90 38 121 34
76 0 91 70 61 3
76 10 126 19 32 78
76 66 99 56 101 80
76 109 119 13 16 80
76 20 75 30 92 22
76 58 21 86 102 5
76 26 104 58 112 7
76 111 4 22 61 44
76 125 58 9 83 104
76 33 54 9 109 110
76 127 95 4 68 75
76 118 40 120 4 108
76 119 84 119 60 115
76 35 122 66 22 18
76 34 52 63 50 60
76 21 103 117 117 10
76 68 27 85 18 114
76 51 52 43 86 77
76 71 53 75 43 79
76 64 121 63 69 63
76 115 97 7 78 30
76 13 57 113 95 118
76 69 90 36 107 80
76 33 7 112 49 73
76 115 126 47 54 100
76 117 100 110 22 47
76 61 118 93 28 90
76 102 97 20 12 65
76 29 80 104 65 104
76 14 115 127 76 56
76 75 35 41 9 88
76 55 41 105 108 34
76 25 100 61 9 50
76 97 34 91 112 2
76 6 27 94 106 63
76 64 66 31 93 44
76 110 91 9 83 56
76 20 113 105 109 126
76 10 12 22 27 70
76 74 105 50 108 120
76 118 106 40 112 107
76 78 27 37 119 13
77 63 45 34 80 121
77 10 126 120 31 22
77 3 37 17 70 2
77 68 102 20 93 7
77 113 66 94 99 4
77 64 99 58 22 89
77 58 69 94 36 14
77 17 104 55 103 40
77 68 63 0 73 76
77 108 109 6 113 126
77 43 29 104 43 47
77 85 38 53 70 107
77 38 101 70 75 125
77 118 48 87 67 91
77 89 118 32 75 79
77 86 102 116 82 25
77 107 28 24 35 89
77 69 96 98 127 11
77 17 82 30 97 35
77 15 115 98 114 81
77 64 99 11 29 78
77 114 27 89 25 93
77 79 120 38 8 40
77 126 60 74 33 109
77 74 72 118 87 9
77 28 108 68 68 90
77 50 38 27 59 116
77 101 104 27 75 20
77 37 8 82 40 4
77 124 19 70 97 113
77 74 68 38 66 95
77 25 50 29 30 0
77 33 6 94 30 107
77 126 37 75 73 125
77 36 4 14 99 123
77 22 6 41 28 67
77 81 72 36 105 42
77 97 83 117 71 94
77 49 42 117 78 19
77 123 54 0 122 120
77 102 5 123 79 106
77 125 86 38 116 36
77 124 87 106 126 30
77 122 47 53 28 108
77 15 21 82 15 1
77 103 77 52 118 31
77 126 81 36 64 113
77 117 47 35 79 105
77 112 74 4 49 21
77 75 76 109 16 22
77 41 43 10 21 122
77 4 89 107 11 123
77 81 70 112 45 123
77 74 29 88 38 89
77 11 68 125 87 118
77 41 16 17 127 32
77 121 24 45 114 65
77 54 121 12 57 0
77 9 17 95 22 1
77 35 1 13 122 8
77 123 39 127 25 82
77 106 10 40 72 126
77 101 4 60 12 0
77 126 45 12 42 99
78 66 84 69 11 37
78 38 42 113 119 114
78 93 113 47 47 13
78 95 39 123 8 64
78 37 15 61 3 8
78 1 16 43 9 84
78 121 12 101 86 121
78 38 73 23 35 119
78 43 44 43 83 111
78 14 115 70 65 50
78 65 57 118 23 14
78 127 67 72 0 68
78 6 19 124 25 5
78 73 103 78 15 79
78 22 7 75 96 99
78 119 53 61 2 44
78 62 49 75 30 65
78 0 22 88 53 97
78 119 34 88 123 38
78 62 104 101 14 98
78 71 114 104 65 19
78 51 121 67 54 119
78 65 10 33 77 106
78 31 29 30 41 110
78 124 123 10 63 94
78 66 120 90 98 72
78 80 107 7 25 21
78 84 4 26 74 30
78 3 56 64 39 46
78 51 73 47 44 77
78 49 106 122 127 79
78 9 61 84 6 27
78 58 70 107 122 23
78 85 118 109 36 48
78 70 99 119 120 47
78 83 62 36 113 24
78 97 113 89 81 9
78 14 4 53 72 67
78 19 44 77 2 126
78 11 93 108 97 114
78 80 119 22 109 82
78 118 88 7 99 65
78 70 85 116 32 126
78 111 41 17 5 90
78 126 22 103 4 70
78 96 62 69 102 19
78 47 93 97 97 59
78 79 10 56 125 77
78 70 78 20 96 4
78 42 59 50 46 106
78 47 21 41 74 5
78 110 36 109 85 57
78 51 29 52 19 34
78 61 72 64 49 90
78 118 95 97 80 97
78 62 12 56 99 25
78 26 35 8 53 76
78 75 36 56 54 76
78 123 36 28 16 49
78 58 16 27 56 64
78 67 68 66 76 11
78 103 65 116 113 100
78 9 22 45 15 41
78 117 89 97 112 94
79 101 127 119 76 75
79 76 90 81 127 81
79 108 67 42 88 110
79 88 46 72 40 53
79 85 58 95 70 26
79 117 112 78 116 29
79 57 44 10 84 36
79 107 1 65 65 87
79 61 95 101 12 116
79 17 116 110 47 122
79 14 56 6 18 84
79 123 71 65 57 29
79 123 85 8 39 22
79 116 119 84 56 7
79 79 115 87 52 127
79 102 99 21 0 2
79 76 29 101 84 100
79 76 43 115 111 35
79 110 45 98 66 70
79 127 103 69 94 96
79 73 49 68 75 48
79 55 4 120 109 103
79 22 34 127 78 87
79 79 62 97 68 49
79 101 84 43 49 51
79 119 35 85 105 61
79 27 11 29 97 55
79 96 104 107 70 117
79 4 56 17 11 63
79 117 72 7 68 28
79 98 3 90 86 112
79 17 102 60 39 28
79 115 84 1 95 5
79 33 125 37 115 68
79 30 96 97 44 50
79 39 96 51 87 109
79 4 68 114 69 24
79 51 44 76 105 97
79 71 23 89 18 37
79 66 30 79 35 25
79 85 75 79 89 107
79 2 79 14 35 5
79 126 58 113 92 86
79 39 63 44 89 105
79 121 101 60 78 93
79 95 22 104 43 114
79 64 62 48 92 34
79 55 85 37 19 107
79 58 101 71 97 80
79 33 90 101 126 4
79 31 13 49 12 86
79 67 119 121 50 76
79 40 122 16 90 104
79 83 66 117 101 88
79 4 105 66 5 25
79 99 78 65 127 37
79 32 75 122 93 25
79 56 31 51 106 9
79 15 112 95 83 50
79 39 9 89 92 30
79 93 104 41 106 88
79 46 35 37 54 54
79 125 27 109 52 106
79 87 73 114 52 28
80 74 102 81 108 63
80 77 45 92 10 11
80 23 42 46 80 52
80 62 107 53 75 36
80 120 110 123 27 51
80 98 10 52 27 3
80 19 75 103 49 81
80 123 125 106 2 125
80 126 26 24 27 6
80 52 60 29 38 32
80 19 43 34 119 80
80 96 122 13 60 83
80 107 19 5 11 101
80 64 78 33 26 44
80 29 91 100 93 30
80 121 127 77 127 46
80 82 59 0 62 8
80 77 54 30 37 29
80 90 55 67 24 67
80 22 90 109 100 99
80 48 16 2 33 114
80 43 54 121 3 107
80 66 102 17 99 68
80 40 85 18 98 40
80 79 101 93 92 107
80 31 81 109 82 3
80 108 68 126 44 106
80 17 111 86 14 0
80 119 94 8 60 79
80 52 58 10 111 30
80 121 127 1 3 81
80 75 118 26 119 71
80 36 7 35 45 79
80 22 87 69 47 39
80 118 4 45 104 61
80 5 65 37 10 119
80 50 59 47 87 54
80 62 113 56 34 6
80 7 46 77 76 36
80 124 120 77 44 76
80 107 12 38 8 79
80 17 103 109 112 23
80 40 109 75 90 47
80 76 3 56 23 58
80 69 22 11 51 17
80 84 61 53 110 118
80 37 84 105 23 52
80 18 114 44 10 102
80 48 116 85 70 102
80 51 48 87 23 34
80 7 98 19 71 74
80 117 45 84 89 68
80 50 37 48 70 97
80 44 88 40 20 31
80 50 23 13 79 118
80 67 103 64 81 7
80 24 7 71 50 114
80 93 119 56 84 104
80 86 93 106 69 84
80 39 43 10 117 35
80 38 79 38 62 36
80 95 47 33 118 20
80 11 59 67 100 74
80 51 126 117 57 116
81 79 52 110 18 3
81 70 47 9 22 96
81 77 90 72 80 51
81 61 29 62 70 123
81 39 51 36 101 14
81 70 76 50 111 22
81 27 19 110 107 87
81 24 19 64 59 47
81 9 68 6 21 2
81 26 33 22 62 53
81 54 79 113 83 85
81 63 117 7 65 49
81 70 107 74 9 118
81 99 12 52 80 17
81 24 114 127 96 95
81 50 37 25 123 42
81 109 74 15 30 25
81 50 93 42 77 28
81 86 93 61 98 83
81 112 52 80 43 37
81 98 108 36 58 22
81 54 30 63 86 21
81 116 52 113 6 15
81 70 114 87 117 121
81 52 22 33 13 69
81 35 72 1 91 104
81 22 19 80 17 119
81 96 43 91 127 25
81 102 107 83 90 23
81 108 35 28 80 44
81 39 35 110 48 41
81 69 43 107 25 23
81 20 34 54 64 83
81 91 106 83 46 16
81 6 23 66 95 58
81 5 20 35 42 60
81 76 109 38 89 100
81 49 101 90 41 105
81 5 25 125 105 24
81 44 82 67 101 108
81 124 11 61 127 97
81 6 103 72 29 84
81 13 115 43 65 0
81 88 32 89 126 125
81 13 115 43 3 107
81 65 19 27 106 31
81 0 58 47 118 4
81 123 70 39 68 1
81 52 80 107 33 94
81 95 27 2 126 122
81 29 42 64 120 11
81 113 102 63 63 115
81 80 75 87 48 20
81 53 110 64 109 52
81 13 121 111 67 25
81 123 50 113 91 44
81 76 42 40 46 124
81 42 70 1 92 107
81 100 116 0 126 94
81 56 61 117 30 117
81 62 36 110 76 64
81 53 115 69 71 54
81 0 113 71 66 62
81 73 72 12 88 11
82 5 41 38 98 121
82 66 18 102 40 1
82 60 12 5 105 58
82 98 111 47 38 14
82 94 71 92 102 91
82 35 88 8 51 40
82 13 47 82 13 35
82 49 118 20 89 68
82 87 78 70 100 54
82 36 8 94 1 44
82 21 36 0 85 116
82 14 107 0 93 55
82 125 62 3 51 113
82 56 97 35 107 98
82 125 4 73 14 34
82 98 61 21 98 86
82 41 120 2 62 106
82 66 99 58 78 22
82 67 112 14 19 43
82 127 57 91 120 79
82 86 64 76 25 111
82 106 76 16 81 42
82 30 61 11 101 80
82 103 44 52 108 14
82 69 106 89 101 10
82 103 48 75 23 108
82 81 92 84 12 16
82 95 97 16 36 29
82 112 20 103 85 95
82 73 95 47 102 19
82 7 73 115 45 121
82 63 46 124 33 16
82 8 86 15 88 115
82 95 74 66 107 25
82 68 47 23 1 110
82 93 126 13 124 79
82 73 96 14 54 46
82 30 41 89 4 113
82 56 25 15 60 30
82 3 0 121 8 76
82 74 80 17 38 92
82 43 125 115 32 80
82 41 101 100 88 19
82 50 112 118 67 32
82 67 74 36 0 76
82 100 74 6 61 1
82 52 3 0 43 118
82 44 54 28 30 55
82 14 63 5 37 4
82 110 70 39 10 119
82 46 68 100 117 123
82 10 118 106 125 45
82 91 85 108 91 21
82 70 18 115 107 86
82 68 72 65 76 94
82 21 125 67 94 116
82 7 17 49 7 4
82 9 70 30 94 75
82 99 42 103 66 20
82 112 11 19 23 20
82 82 104 48 25 92
82 5 71 29 12 8
82 35 18 9 53 68
82 32 89 111 6 79
83 30 63 120 56 42
83 47 61 37 111 80
83 124 118 50 28 74
83 21 111 43 115 34
83 30 44 15 16 113
83 119 36 78 77 82
83 79 34 0 61 44
83 30 7 83 121 39
83 77 40 82 88 65
83 88 81 44 80 48
83 120 112 50 94 32
83 75 69 106 92 63
83 82 121 39 68 53
83 20 52 24 70 70
83 59 24 32 106 2
83 63 99 71 114 34
83 23 6 96 37 88
83 63 76 64 56 59
83 103 16 40 4 16
83 77 42 64 66 102
83 32 117 5 8 55
83 112 127 50 9 107
83 79 78 10 13 29
83 46 42 115 84 14
83 58 5 52 48 126
83 102 122 41 76 22
83 71 82 83 59 32
83 0 124 66 76 88
83 66 38 1 95 106
83 24 89 93 50 49
83 117 56 73 5 87
83 55 100 60 102 98
83 4 3 38 8 78
83 127 48 22 113 95
83 15 87 93 32 120
83 80 38 118 99 127
83 104 1 99 123 28
83 88 36 7 114 58
83 57 37 51 112 86
83 52 19 51 113 124
83 112 70 75 20 66
83 2 68 55 43 10
83 34 67 92 114 37
83 105 96 59 19 0
83 109 69 16 41 26
83 107 87 115 48 89
83 65 21 8 94 63
83 63 41 41 58 51
83 23 91 3 38 79
83 65 93 4 10 0
83 125 90 119 24 89
83 109 21 53 48 36
83 41 1 26 71 90
83 24 60 9 49 38
83 19 50 33 10 75
83 101 53 81 16 78
83 92 112 117 24 1
83 81 112 31 1 73
83 30 113 74 98 97
83 83 32 87 5 67
83 37 33 122 19 126
83 67 39 88 101 85
83 81 125 83 44 53
83 117 108 61 55 99
84 115 77 124 31 22
84 121 99 1 38 70
84 80 30 125 49 56
84 79 115 7 86 118
84 94 98 35 8 65
84 96 8 28 26 0
84 100 90 8 107 43
84 123 54 98 123 96
84 36 0 32 32 75
84 39 121 59 64 87
84 59 117 108 101 35
84 115 86 123 37 64
84 49 100 112 58 122
84 87 99 19 110 32
84 109 83 55 125 50
84 16 109 20 91 36
84 52 87 94 39 123
84 64 66 89 91 27
84 80 72 106 45 94
84 8 83 93 16 123
84 54 111 111 87 121
84 76 87 116 83 52
84 13 76 105 62 42
84 24 81 83 53 111
84 80 81 53 9 75
84 105 10 120 36 123
84 31 56 49 53 25
84 122 23 107 20 90
84 25 38 46 104 69
84 103 35 38 93 27
84 92 3 59 70 83
84 43 37 97 56 28
84 3 42 91 77 81
84 6 3 7 59 11
84 95 5 6 103 10
84 29 43 83 33 124
84 86 97 48 53 21
84 104 125 87 4 91
84 51 33 100 79 56
84 76 90 3 106 30
84 2 20 20 98 118
84 57 113 126 66 96
84 124 4 110 87 33
84 66 86 68 73 26
84 47 55 0 52 81
84 86 26 72 104 127
84 82 36 52 44 43
84 26 67 79 10 25
84 104 10 107 80 79
84 71 28 99 18 65
84 81 123 71 33 60
84 57 113 5 58 46
84 56 30 48 42 123
84 88 124 30 68 69
84 96 26 95 60 106
84 46 105 19 1 89
84 61 29 1 117 113
84 116 56 80 61 22
84 124 49 111 65 71
84 126 76 34 127 103
84 19 67 79 43 94
84 97 63 38 90 9
84 111 51 23 50 95
84 122 4 119 78 54
85 87 100 20 46 1
85 113 10 20 8 25
85 79 13 27 34 42
85 39 76 72 74 62
85 82 43 42 12 61
85 104 66 8 117 35
85 110 127 21 57 68
85 103 116 67 107 39
85 29 112 71 15 25
85 2 89 125 5 23
85 29 14 24 66 99
85 113 51 105 59 24
85 67 4 103 87 108
85 4 51 89 65 108
85 72 101 38 122 33
85 81 94 89 117 36
85 12 125 104 120 92
85 91 26 33 11 43
85 38 112 62 95 32
85 122 77 62 23 7
85 32 120 83 121 92
85 74 100 36 113 47
85 22 99 35 125 83
85 11 110 42 61 77
85 11 10 82 45 86
85 92 29 10 6 9
85 39 126 84 79 122
85 69 4 3 4 103
85 53 6 102 7 43
85 97 82 67 115 86
85 34 4 29 61 112
85 27 0 54 30 15
85 45 122 37 111 85
85 47 5 12 63 41
85 66 20 122 80 16
85 78 8 44 61 43
85 94 89 105 102 89
85 83 25 33 32 56
85 100 22 41 29 91
85 43 14 94 34 105
85 60 116 118 119 62
85 71 94 38 5 120
85 52 79 28 90 37
85 69 46 102 43 39
85 47 2 51 88 122
85 45 34 23 42 62
85 91 80 25 81 56
85 15 97 108 16 45
85 77 58 58 22 106
85 54 48 90 118 88
85 108 119 106 85 9
85 63 22 66 101 103
85 67 58 55 85 63
85 118 72 106 7 42
85 119 28 26 76 18
85 90 115 77 42 106
85 90 68 61 0 29
85 117 100 30 75 73
85 94 64 90 58 4
85 62 122 53 78 31
85 22 12 80 4 83
85 14 123 101 33 117
85 66 74 32 63 27
85 122 56 112 56 122
86 31 83 117 6 89
86 81 102 75 33 60
86 40 22 74 71 25
86 125 114 103 121 61
86 5 88 27 114 79
86 113 23 125 103 76
86 24 29 87 86 26
86 92 42 57 102 56
86 59 49 26 59 120
86 81 66 83 127 18
86 112 117 52 117 95
86 111 106 2 77 117
86 24 77 38 106 59
86 42 56 70 49 76
86 105 16 57 98 55
86 94 1 105 88 34
86 74 13 7 47 35
86 70 107 42 73 8
86 45 70 57 112 103
86 30 111 70 97 85
86 42 11 62 0 51
86 95 78 19 127 46
86 9 105 127 127 9
86 102 98 69 68 23
86 103 6 82 9 0
86 48 21 70 122 4
86 2 0 78 15 111
86 32 90 0 24 82
86 72 40 22 70 43
86 57 91 27 24 117
86 4 106 74 120 54
86 45 70 12 29 64
86 0 92 74 14 7
86 40 125 120 118 53
86 77 22 111 74 58
86 29 106 126 32 55
86 73 115 50 69 49
86 34 127 91 16 22
86 102 105 3 43 127
86 44 119 44 121 78
86 123 98 84 112 26
86 61 95 14 52 119
86 0 83 113 105 54
86 111 0 89 120 114
86 20 13 64 115 123
86 72 76 86 2 5
86 47 37 119 64 106
86 57 41 84 102 105
86 118 22 90 106 65
86 6 61 65 74 34
86 31 23 58 77 72
86 38 33 111 43 86
86 42 11 68 113 75
86 93 118 79 48 55
86 46 114 6 17 48
86 18 17 20 16 57
86 82 34 58 1 41
86 78 111 64 69 109
86 94 25 101 125 109
86 103 4 56 11 9
86 52 113 107 98 1
86 10 89 33 90 42
86 112 36 39 22 108
86 89 76 10 68 60
87 70 79 81 15 44
87 106 103 83 58 17
87 9 36 18 45 78
87 98 88 34 65 72
87 90 54 53 43 73
87 120 63 12 86 25
87 21 94 116 21 116
87 25 95 82 18 93
87 21 111 38 118 6
87 82 84 101 50 45
87 60 29 99 23 79
87 76 39 36 84 84
87 45 0 118 5 33
87 64 27 10 109 77
87 11 99 94 29 41
87 23 80 3 120 56
87 49 127 28 60 37
87 77 14 39 80 90
87 3 23 106 13 61
87 32 96 103 12 107
87 116 110 82 116 54
87 28 110 122 3 62
87 23 12 84 71 106
87 76 70 1 95 57
87 66 79 66 54 65
87 24 8 96 123 105
87 10 15 6 46 119
87 56 1 83 116 29
87 65 30 45 47 108
87 35 36 91 121 103
87 123 53 76 45 101
87 26 114 29 61 83
87 50 44 35 59 66
87 46 105 105 125 28
87 98 7 49 98 65
87 15 94 107 26 97
87 20 42 7 64 35
87 40 67 98 54 105
87 39 127 69 39 38
87 8 102 5 36 13
87 94 31 51 59 103
87 90 59 60 18 104
87 68 74 59 10 101
87 109 15 76 6 19
87 44 115 112 112 125
87 87 26 13 46 29
87 94 4 23 41 94
87 36 112 2 54 113
87 27 117 14 66 3
87 32 69 2 101 16
87 21 117 48 117 84
87 100 46 118 118 69
87 118 57 96 25 126
87 42 119 10 21 105
87 26 43 15 20 113
87 25 34 45 77 3
87 71 26 74 1 4
87 52 9 100 88 64
87 86 95 56 90 110
87 121 123 109 33 96
87 91 37 18 13 109
87 22 23 80 71 22
87 43 15 41 88 99
87 78 26 115 113 78
88 70 71 30 71 19
88 33 92 10 89 102
88 93 77 87 30 112
88 55 104 58 48 16
88 6 59 97 6 46
88 40 7 7 1 27
88 101 68 2 124 79
88 14 71 13 39 10
88 8 85 15 100 5
88 108 21 34 1 57
88 114 16 16 6 19
88 114 88 10 14 67
88 23 127 13 61 1
88 87 92 105 95 2
88 94 69 111 94 44
88 88 87 98 39 70
88 60 50 93 71 9
88 76 70 106 31 87
88 79 109 67 82 102
88 8 90 16 37 0
88 50 26 0 35 55
88 96 10 82 68 49
88 122 0 50 116 102
88 83 110 81 79 42
88 50 78 47 81 81
88 20 37 47 72 37
88 80 61 115 5 59
88 63 65 9 63 24
88 100 126 92 86 10
88 95 77 52 124 92
88 40 116 58 16 12
88 127 6 63 4 77
88 105 112 109 11 4
88 67 17 117 124 48
88 95 88 66 22 118
88 7 54 54 32 72
88 104 5 45 42 100
88 50 7 72 5 78
88 42 0 81 67 1
88 54 85 72 83 100
88 116 58 92 97 4
88 51 80 26 119 65
88 24 88 79 24 87
88 52 34 89 30 24
88 6 32 93 82 55
88 121 77 21 113 117
88 7 71 70 25 25
88 110 71 123 37 77
88 53 52 16 118 80
88 91 30 127 24 106
88 33 0 42 5 53
88 92 91 79 89 7
88 38 29 17 119 93
88 88 30 44 10 33
88 26 21 108 17 26
88 15 14 1 8 45
88 123 14 16 106 16
88 81 50 51 12 55
88 86 44 38 111 31
88 20 49 100 122 83
88 20 57 35 79 125
88 12 108 85 126 87
88 9 100 48 76 24
88 89 21 125 26 127
89 28 54 113 60 22
89 51 62 36 107 57
89 15 30 99 121 93
89 5 84 77 122 83
89 82 119 107 30 83
89 125 122 72 103 96
89 121 61 9 82 67
89 76 104 85 74 80
89 98 10 81 127 111
89 12 29 60 94 123
89 40 44 94 3 82
89 97 63 71 36 109
89 37 68 16 30 116
89 110 40 67 58 106
89 51 64 60 42 26
89 63 120 76 102 101
89 47 66 47 31 66
89 45 27 116 31 127
89 7 80 64 29 103
89 99 72 82 16 19
89 31 91 59 77 44
89 76 113 0 105 15
89 35 25 35 66 16
89 80 58 64 43 15
89 7 124 92 104 48
89 45 33 110 115 81
89 105 90 124 82 43
89 121 99 121 4 44
89 121 28 107 86 14
89 122 79 120 77 119
89 11 93 71 30 50
89 56 90 54 44 59
89 10 74 60 6 86
89 127 51 122 43 69
89 117 39 123 123 55
89 109 118 57 90 15
89 54 89 123 105 2
89 56 124 1 32 46
89 111 57 48 62 100
89 71 92 92 81 98
89 49 105 12 10 121
89 16 56 115 75 116
89 56 33 88 12 14
89 101 3 96 30 108
89 91 54 82 62 121
89 89 59 7 15 22
89 7 65 110 54 94
89 75 112 122 97 88
89 86 77 126 81 19
89 52 64 25 96 10
89 47 107 109 125 44
89 54 92 27 109 80
89 123 11 14 120 92
89 49 29 49 65 0
89 88 89 62 7 10
89 83 11 93 124 93
89 94 60 58 88 45
89 19 124 11 52 41
89 83 114 107 67 50
89 78 67 15 26 57
89 27 84 47 119 43
89 67 60 51 43 118
89 77 103 125 108 29
89 121 123 105 30 101
90 18 78 90 18 42
90 7 50 85 8 31
90 22 84 10 38 40
90 57 3 63 32 112
90 117 39 17 3 107
90 15 79 62 116 42
90 107 74 79 28 60
90 44 81 57 98 65
90 42 101 24 17 71
90 9 72 84 91 39
90 108 105 42 113 13
90 111 60 28 105 21
90 65 108 53 82 74
90 108 36 72 15 90
90 89 46 41 106 56
90 77 24 23 19 123
90 115 73 31 10 32
90 43 10 78 76 13
90 111 61 53 55 44
90 75 7 55 59 60
90 87 89 127 90 10
90 7 43 67 6 99
90 0 61 50 50 81
90 39 49 27 45 100
90 3 52 4 92 49
90 43 54 103 49 26
90 56 64 119 9 17
90 81 26 3 102 37
90 13 92 9 82 78
90 103 44 126 120 72
90 52 9 94 94 59
90 42 111 29 116 98
90 84 122 36 59 72
90 20 94 85 30 71
90 17 29 51 112 30
90 78 113 56 96 108
90 7 69 109 102 23
90 66 14 74 27 84
90 45 59 39 60 124
90 16 123 25 76 117
90 52 24 86 99 117
90 109 24 66 123 28
90 60 66 66 108 58
90 41 16 57 81 118
90 82 65 24 5 90
90 18 47 31 92 106
90 116 93 77 15 3
90 8 9 42 86 27
90 73 112 7 54 125
90 58 1 105 116 45
90 40 72 13 14 54
90 67 21 54 72 39
90 71 59 5 7 69
90 81 39 45 63 78
90 31 86 5 122 91
90 105 33 37 62 118
90 32 94 97 72 82
90 117 33 22 66 3
90 17 28 117 0 33
90 46 66 82 77 72
90 102 41 97 75 21
90 97 11 16 105 90
90 88 96 1 79 103
90 126 49 91 6 115
91 14 41 26 110 12
91 19 0 67 103 94
91 85 66 67 3 101
91 24 64 123 95 79
91 4 36 124 72 68
91 1 46 67 121 54
91 116 93 37 36 123
91 59 102 86 83 90
91 9 125 60 68 120
91 75 24 117 13 64
91 62 23 59 67 92
91 18 22 78 116 64
91 71 21 118 116 115
91 95 40 58 32 30
91 89 79 28 46 53
91 50 71 60 19 32
91 125 107 25 1 66
91 115 11 22 77 41
91 25 110 76 22 51
91 59 65 60 63 127
91 109 77 119 104 56
91 39 103 25 95 110
91 36 30 8 115 37
91 32 60 110 25 13
91 89 35 71 91 12
91 28 16 78 90 4
91 74 7 54 41 43
91 62 8 92 24 86
91 13 48 34 121 59
91 56 68 22 119 99
91 24 42 88 19 82
91 50 61 83 0 98
91 65 35 58 27 24
91 85 64 85 30 60
91 31 3 35 90 27
91 39 8 117 0 0
91 67 77 124 86 127
91 19 120 14 61 119
91 65 32 111 84 119
91 22 98 62 3 86
91 124 98 39 117 93
91 79 126 90 52 24
91 30 47 53 127 70
91 35 5 42 67 48
91 44 74 54 25 55
91 112 43 21 81 100
91 79 94 101 56 48
91 42 43 111 14 89
91 72 93 68 83 47
91 28 109 81 78 113
91 122 12 17 22 36
91 16 83 18 84 49
91 96 10 76 125 21
91 113 36 117 104 26
91 119 44 101 60 120
91 118 44 20 2 117
91 44 98 84 100 55
91 23 126 69 94 100
91 22 55 63 118 101
91 9 13 88 30 122
91 100 78 67 48 19
91 103 28 94 63 107
91 17 30 103 24 54
91 113 103 99 87 96
92 67 122 108 57 69
92 11 13 17 14 3
92 15 7 107 34 17
92 64 53 54 102 87
92 59 75 82 1 119
92 5 60 43 32 84
92 97 92 113 91 48
92 1 117 73 105 67
92 16 57 54 60 62
92 24 76 46 74 127
92 121 115 42 23 27
92 28 127 19 32 85
92 107 79 115 69 62
92 23 4 13 105 97
92 95 127 13 55 102
92 43 106 77 29 66
92 47 110 75 26 92
92 74 14 62 71 102
92 82 124 10 56 4
92 39 32 33 14 94
92 38 63 73 4 45
92 43 40 88 48 42
92 34 96 45 3 105
92 63 47 73 45 126
92 40 18 115 76 108
92 80 120 22 55 109
92 109 39 94 92 81
92 125 53 39 110 3
92 59 77 51 115 114
92 73 71 4 26 24
92 125 24 14 29 29
92 105 17 0 11 27
92 21 119 37 91 70
92 115 9 23 104 52
92 113 34 55 89 6
92 23 54 91 2 82
92 118 56 103 91 98
92 77 82 91 80 4
92 66 117 105 65 124
92 77 124 7 113 84
92 117 79 91 0 51
92 53 82 102 44 39
92 14 121 14 104 104
92 74 18 8 119 48
92 61 122 74 11 100
92 26 0 80 16 93
92 78 109 127 40 93
92 22 125 99 11 56
92 17 116 43 24 2
92 119 27 75 2 93
92 15 69 5 66 47
92 20 65 87 25 123
92 106 103 14 40 51
92 95 62 86 11 61
92 74 6 55 4 77
92 118 66 52 99 124
92 23 67 7 76 1
92 121 100 4 13 61
92 115 124 114 27 32
92 50 64 110 89 40
92 121 127 19 80 110
92 2 95 17 125 105
92 16 94 18 96 27
92 82 55 93 29 79
93 36 61 91 17 127
93 17 98 60 126 17
93 50 71 23 58 109
93 78 90 122 123 43
93 48 87 89 24 68
93 50 32 22 121 12
93 110 98 126 84 0
93 41 0 112 48 19
93 13 4 48 26 52
93 19 50 23 50 62
93 88 10 103 93 85
93 37 16 104 81 63
93 9 62 107 55 116
93 106 10 114 123 11
93 20 19 65 99 67
93 91 39 81 120 46
93 84 50 39 59 41
93 74 31 117 92 23
93 112 10 82 64 81
93 41 28 6 29 0
93 10 84 8 97 75
93 94 45 63 25 39
93 16 42 14 118 106
93 6 77 93 74 64
93 25 18 40 51 15
93 27 77 64 16 84
93 121 52 43 92 117
93 23 56 23 9 53
93 62 79 54 30 88
93 67 87 105 18 65
93 38 60 34 74 36
93 25 58 28 75 94
93 41 30 26 120 48
93 44 93 16 100 78
93 30 8 78 61 76
93 32 56 65 97 24
93 30 79 42 122 97
93 25 7 120 25 78
93 107 22 66 125 63
93 19 36 37 63 82
93 57 11 73 71 36
93 49 69 7 70 64
93 119 45 64 91 85
93 1 35 94 12 88
93 97 87 102 26 30
93 72 123 64 53 0
93 7 65 114 36 5
93 110 118 119 38 90
93 91 62 33 52 89
93 11 80 32 44 89
93 3 36 56 99 116
93 27 68 57 18 54
93 35 21 116 24 83
93 108 111 77 30 43
93 95 124 20 81 73
93 119 84 67 41 118
93 100 94 70 94 109
93 49 74 54 21 73
93 26 27 1 124 76
93 49 72 86 104 23
93 64 43 96 33 83
93 76 78 42 54 57
93 94 38 60 88 35
93 15 60 116 39 59
94 11 98 81 70 28
94 5 0 9 22 83
94 15 111 41 126 34
94 24 113 72 96 54
94 116 79 22 72 40
94 37 37 85 70 62
94 121 43 27 51 53
94 74 14 101 12 54
94 29 108 89 7 97
94 61 1 1 61 67
94 46 63 93 34 112
94 94 65 84 77 116
94 126 49 51 31 100
94 100 37 2 7 15
94 71 109 97 90 99
94 66 2 122 42 58
94 36 12 34 121 91
94 63 57 79 118 99
94 112 102 24 5 126
94 125 74 96 125 64
94 87 100 98 30 51
94 47 79 45 3 46
94 30 24 29 40 25
94 28 40 59 85 120
94 22 122 35 60 68
94 114 103 40 105 71
94 96 0 87 62 70
94 102 62 104 99 33
94 71 69 61 72 124
94 95 93 121 79 42
94 65 62 6 6 44
94 104 44 68 86 90
94 41 81 8 10 108
94 94 53 49 121 117
94 34 4 91 17 32
94 103 101 37 99 14
94 103 28 119 29 119
94 4 23 73 0 36
94 97 38 29 7 76
94 115 73 74 127 6
94 43 31 55 57 67
94 96 16 29 88 92
94 20 74 116 28 3
94 31 125 4 90 126
94 39 45 39 13 22
94 81 109 45 20 84
94 7 61 100 7 2
94 23 124 86 102 118
94 0 5 95 107 1
94 64 84 99 100 77
94 97 77 29 43 32
94 86 121 42 30 120
94 100 31 45 34 6
94 57 106 0 76 1
94 37 64 39 40 96
94 35 113 109 16 127
94 125 105 91 87 84
94 47 93 5 1 33
94 89 127 14 38 59
94 54 5 21 10 113
94 6 77 107 88 105
94 105 42 36 60 61
94 83 28 10 65 4
94 109 45 43 35 43
95 124 84 105 12 119
95 120 8 74 59 48
95 70 107 72 96 16
95 70 25 47 64 13
95 117 122 105 73 5
95 88 98 81 49 36
95 22 52 9 121 4
95 12 37 123 88 76
95 49 1 79 33 70
95 91 7 106 87 66
95 80 111 91 54 3
95 83 113 118 106 78
95 87 63 44 92 40
95 67 33 82 90 80
95 36 106 53 18 54
95 12 125 48 73 121
95 116 11 70 42 94
95 33 93 68 77 10
95 32 9 34 91 104
95 122 112 12 19 29
95 98 104 73 64 88
95 31 93 119 116 27
95 99 1 104 48 62
95 94 125 119 108 45
95 116 8 42 74 76
95 8 97 79 90 43
95 57 102 126 96 78
95 42 82 33 34 45
95 79 19 35 67 69
95 69 110 63 120 115
95 80 60 70 89 127
95 7 88 36 39 97
95 92 75 101 86 118
95 49 72 10 93 85
95 61 42 70 65 125
95 16 39 79 112 21
95 30 124 117 10 106
95 32 67 117 7 28
95 90 42 106 103 50
95 11 107 77 58 97
95 10 50 76 101 84
95 80 57 100 51 95
95 1 52 104 80 120
95 92 7 100 82 111
95 8 43 72 103 53
95 77 28 57 67 18
95 69 1 46 42 4
95 34 61 83 30 64
95 87 105 90 19 17
95 91 126 92 61 3
95 20 108 42 93 34
95 35 3 7 86 15
95 70 44 59 47 101
95 29 104 111 11 2
95 83 40 62 126 4
95 120 46 88 77 97
95 2 67 30 77 23
95 111 41 24 73 3
95 31 44 31 5 88
95 46 123 68 11 39
95 25 56 41 12 38
95 94 28 73 76 69
95 55 75 44 30 67
95 83 91 125 94 49
96 27 72 46 80 67
96 115 36 70 104 59
96 96 51 63 0 30
96 29 76 115 118 109
96 125 77 15 39 32
96 0 96 34 13 111
96 48 75 105 7 94
96 15 113 41 38 22
96 122 19 8 96 63
96 14 102 110 127 31
96 111 110 76 76 118
96 55 99 110 4 68
96 76 110 77 53 94
96 124 126 124 78 21
96 78 12 24 35 38
96 0 81 23 80 104
96 92 41 25 103 111
96 12 122 124 122 16
96 33 106 47 8 92
96 4 0 87 13 121
96 92 91 62 96 79
96 95 30 63 122 111
96 115 74 42 110 7
96 100 35 112 53 108
96 98 65 81 121 90
96 63 78 38 120 33
96 28 17 112 45 21
96 48 98 74 26 41
96 59 87 61 48 25
96 24 124 39 46 48
96 108 3 86 23 37
96 5 80 18 101 11
96 11 12 61 88 66
96 25 99 56 24 95
96 94 9 37 86 60
96 33 42 85 107 39
96 89 24 33 4 16
96 111 36 80 73 64
96 58 125 35 122 37
96 127 2 125 98 72
96 45 76 119 6 19
96 119 77 57 85 66
96 16 20 109 75 117
96 99 30 66 109 24
96 111 11 110 96 4
96 0 5 53 41 84
96 58 17 54 126 107
96 100 25 104 70 71
96 93 95 65 72 127
96 74 80 35 82 113
96 25 68 39 91 28
96 52 0 96 69 12
96 43 51 56 3 89
96 26 31 37 66 5
96 125 9 53 100 125
96 122 80 49 17 28
96 42 13 40 57 56
96 127 24 66 118 37
96 23 52 37 25 87
96 58 11 78 51 83
96 74 109 46 81 59
96 1 90 125 45 60
96 57 68 28 51 60
96 74 102 68 22 48
97 103 71 110 104 14
97 80 45 74 60 63
97 120 72 38 42 103
97 33 88 19 118 118
97 72 85 124 121 60
97 103 54 77 20 0
97 14 72 46 96 84
97 94 19 14 96 39
97 37 81 23 34 44
97 100 52 27 39 103
97 23 75 24 69 53
97 49 22 43 51 14
97 23 2 87 11 5
97 112 5 85 59 88
97 74 63 31 66 80
97 34 11 100 127 38
97 107 122 5 39 107
97 89 15 66 5 5
97 62 120 88 25 72
97 95 101 103 85 5
97 111 119 5 127 11
97 20 73 65 69 90
97 7 109 96 111 84
97 76 1 111 33 18
97 54 33 20 21 49
97 89 106 46 28 17
97 23 84 15 23 63
97 70 18 7 114 112
97 79 80 85 41 78
97 121 117 38 25 89
97 86 98 84 126 43
97 110 89 64 41 30
97 41 85 59 98 14
97 111 70 57 9 92
97 0 126 123 52 10
97 92 55 118 66 84
97 38 24 122 114 38
97 39 82 58 21 20
97 93 22 18 108 95
97 37 4 12 64 107
97 62 37 47 59 51
97 73 120 124 76 60
97 98 33 59 25 28
97 38 41 88 31 69
97 82 90 71 102 3
97 115 21 6 126 32
97 38 63 22 80 102
97 46 48 20 36 36
97 125 92 41 68 4
97 2 57 106 58 123
97 119 65 86 43 62
97 68 105 116 102 23
97 91 109 49 8 55
97 108 40 103 95 45
97 67 19 3 53 37
97 37 112 25 2 16
97 78 71 60 118 36
97 105 65 125 46 21
97 60 24 108 103 78
97 17 11 93 82 122
97 27 120 34 84 95
97 110 53 92 90 46
97 90 106 30 104 42
97 126 82 31 60 124
98 32 23 40 124 12
98 78 87 23 93 49
98 91 109 2 120 67
98 85 10 10 16 95
98 4 66 117 13 47
98 38 97 70 33 81
98 92 104 107 113 79
98 6 119 49 28 77
98 120 68 87 94 37
98 54 91 78 57 125
98 32 32 89 91 37
98 60 65 28 81 107
98 23 107 111 4 53
98 64 49 51 46 105
98 77 76 61 107 89
98 98 42 32 21 121
98 8 107 77 24 72
98 95 125 72 112 14
98 54 59 18 53 69
98 92 104 70 21 70
98 90 46 35 1 7
98 46 84 14 12 2
98 88 94 97 56 50
98 123 31 31 105 97
98 58 18 78 70 106
98 16 20 120 3 120
98 122 28 18 98 100
98 33 106 89 115 21
98 14 115 51 26 116
98 81 89 100 49 48
98 37 112 55 96 32
98 6 53 20 116 71
98 36 98 79 108 45
98 82 126 104 56 6
98 117 33 103 105 54
98 72 15 39 46 85
98 10 15 47 57 71
98 99 30 36 88 28
98 34 114 27 78 109
98 122 118 71 25 113
98 52 3 3 18 89
98 91 100 37 88 43
98 96 22 30 20 58
98 65 19 94 45 7
98 7 6 109 90 10
98 25 98 3 16 96
98 90 53 71 81 115
98 31 38 101 23 30
98 73 59 43 101 79
98 54 97 5 27 41
98 2 13 112 45 72
98 77 94 21 127 74
98 16 84 40 24 22
98 5 81 79 77 98
98 73 116 6 35 91
98 89 124 62 37 30
98 56 6 102 26 27
98 107 3 22 67 118
98 110 82 22 85 33
98 33 87 55 119 115
98 100 69 9 17 78
98 14 8 78 70 47
98 105 112 96 4 113
98 70 77 3 58 83
99 123 116 52 103 63
99 111 126 17 102 101
99 28 22 94 95 68
99 29 90 105 12 47
99 46 9 59 115 93
99 18 114 108 119 84
99 91 13 99 66 30
99 108 122 66 76 54
99 16 1 5 45 1
99 114 42 6 76 43
99 60 90 41 115 26
99 108 22 62 84 38
99 76 70 89 6 123
99 120 19 69 69 31
99 11 5 3 14 52
99 13 108 78 104 26
99 47 119 119 11 94
99 0 122 112 75 97
99 72 25 18 67 105
99 70 3 19 14 120
99 15 27 48 22 81
99 86 82 106 62 75
99 37 58 40 78 53
99 73 7 77 82 28
99 125 23 75 58 74
99 76 30 54 39 87
99 52 118 71 100 0
99 112 116 70 105 42
99 97 40 90 4 56
99 75 7 51 31 47
99 58 68 127 45 60
99 105 121 0 86 33
99 114 30 120 54 86
99 15 108 89 2 10
99 98 54 121 60 96
99 20 1 114 78 13
99 48 88 12 11 62
99 120 62 26 75 39
99 50 85 49 34 114
99 7 30 50 1 35
99 67 23 64 124 8
99 67 18 119 9 125
99 73 37 26 18 14
99 78 52 90 21 88
99 6 115 102 38 75
99 117 32 127 109 52
99 95 100 76 26 5
99 1 76 0 75 117
99 64 107 67 25 101
99 109 47 51 85 123
99 113 99 63 56 63
99 84 94 64 119 40
99 125 35 21 109 44
99 14 30 89 100 74
99 112 66 49 114 93
99 91 60 126 69 77
99 65 59 77 78 61
99 3 11 11 12 60
99 1 95 41 74 74
99 41 50 113 101 100
99 45 63 116 20 10
99 123 89 21 49 55
99 53 101 120 5 83
99 98 67 26 85 107
100 98 68 126 95 79
100 114 98 126 44 109
100 81 126 59 41 86
100 82 92 104 94 21
100 1 122 2 54 126
100 37 49 96 60 122
100 85 41 102 15 3
100 66 98 127 52 41
100 102 89 107 88 76
100 41 44 82 5 57
100 90 5 98 15 69
100 44 111 59 13 30
100 67 48 110 89 115
100 30 77 37 36 110
100 79 101 3 81 75
100 115 26 34 39 97
100 81 68 78 37 72
100 107 109 71 93 48
100 7 52 28 108 13
100 125 31 36 113 125
100 56 64 12 87 4
100 76 87 91 91 61
100 31 101 7 101 90
100 107 12 34 106 53
100 44 79 25 54 97
100 10 93 75 35 37
100 35 119 77 61 48
100 34 66 46 109 27
100 90 107 16 70 113
100 94 7 45 97 57
100 89 60 122 8 35
100 7 119 51 103 123
100 64 3 41 94 114
100 15 73 52 61 62
100 86 125 41 54 8
100 24 19 90 63 39
100 94 125 121 57 100
100 77 23 21 86 27
100 0 18 2 31 83
100 87 14 0 67 60
100 62 105 80 100 114
100 54 50 0 116 122
100 61 52 96 50 96
100 91 35 103 2 88
100 101 11 58 106 83
100 120 36 103 119 16
100 56 56 3 121 102
100 67 60 89 99 98
100 92 52 73 59 29
100 122 24 103 32 55
100 102 101 21 88 27
100 44 91 30 14 58
100 98 48 20 79 93
100 115 43 37 37 34
100 71 12 99 30 90
100 106 51 106 62 50
100 8 66 98 110 108
100 111 6 4 87 83
100 27 73 20 95 102
100 11 98 123 52 66
100 113 112 118 47 40
100 75 14 49 16 17
100 127 15 99 48 9
100 106 87 60 47 23
101 90 104 77 21 14
101 57 43 80 75 18
101 44 8 47 84 8
101 24 92 111 112 118
101 42 57 62 90 127
101 1 44 27 112 20
101 44 44 82 78 97
101 39 50 127 107 125
101 119 41 82 98 85
101 6 84 82 84 80
101 89 15 95 10 71
101 22 117 12 103 38
101 102 31 68 3 61
101 105 57 35 122 22
101 65 117 11 109 77
101 62 57 85 2 69
101 47 47 80 90 21
101 29 83 40 72 67
101 104 118 123 6 24
101 120 64 110 61 21
101 101 17 70 120 37
101 13 17 48 3 14
101 93 49 15 11 98
101 36 13 8 75 103
101 80 115 122 54 79
101 109 114 58 71 94
101 74 85 106 92 23
101 93 107 104 103 75
101 39 28 23 78 6
101 94 30 113 118 50
101 112 101 39 95 49
101 59 114 6 21 37
101 18 14 124 37 7
101 121 125 28 12 49
101 117 23 61 122 107
101 33 113 9 95 110
101 114 101 17 63 100
101 80 95 34 10 75
101 9 29 107 115 124
101 106 54 76 37 0
101 97 79 42 94 18
101 111 87 110 103 13
101 66 98 84 47 34
101 62 41 9 5 112
101 105 40 30 73 17
101 46 115 21 55 54
101 116 21 115 38 100
101 19 18 122 38 117
101 89 51 104 3 8
101 99 21 53 54 124
101 24 115 100 58 52
101 48 57 52 45 5
101 119 34 101 33 51
101 22 70 59 108 98
101 30 124 95 127 41
101 85 69 91 31 99
101 65 34 77 97 63
101 0 112 61 64 80
101 54 22 75 74 86
101 93 69 99 85 82
101 59 58 91 118 15
101 68 27 96 75 104
101 72 100 127 11 58
101 13 87 109 120 64
102 92 104 72 105 95
102 114 5 64 56 104
102 87 125 102 6 67
102 106 126 39 113 102
102 25 27 30 5 41
102 45 4 16 92 35
102 70 34 77 12 53
102 11 112 3 36 123
102 126 78 63 7 114
102 79 40 27 106 13
102 48 119 26 59 72
102 36 110 70 20 15
102 83 83 119 36 16
102 85 66 78 92 72
102 32 2 16 64 111
102 34 33 72 53 127
102 54 92 84 52 82
102 2 46 20 11 109
102 106 116 41 105 14
102 94 95 118 34 23
102 120 40 13 124 13
102 103 14 83 69 113
102 50 66 124 17 57
102 115 46 116 63 34
102 5 79 30 82 99
102 76 37 69 62 28
102 39 114 105 1 88
102 127 16 117 71 76
102 45 25 38 117 125
102 99 38 124 63 43
102 65 85 116 60 76
102 49 50 0 116 121
102 12 51 113 50 43
102 37 89 36 30 69
102 15 4 83 2 52
102 54 24 26 31 89
102 3 32 118 46 56
102 62 74 99 96 50
102 94 37 46 113 66
102 113 118 42 122 83
102 120 64 118 44 2
102 6 32 1 42 89
102 125 3 95 117 82
102 31 107 57 119 31
102 76 64 66 10 48
102 116 88 59 48 6
102 56 73 57 27 8
102 90 100 87 48 120
102 49 25 26 78 57
102 119 61 30 22 54
102 53 13 21 63 85
102 72 92 116 38 108
102 70 0 51 37 32
102 20 50 35 43 57
102 58 28 103 42 38
102 49 85 114 66 84
102 36 97 14 7 65
102 64 38 70 89 8
102 49 69 72 127 60
102 65 7 17 109 14
102 69 20 125 96 103
102 121 99 60 82 115
102 76 69 86 65 125
102 69 83 112 58 31
103 38 23 20 21 120
103 27 114 88 85 117
103 55 101 47 112 42
103 104 4 45 28 94
103 70 80 116 86 3
103 53 26 124 72 17
103 80 79 18 28 91
103 74 3 123 37 48
103 9 61 52 33 12
103 35 55 125 50 98
103 25 43 114 90 44
103 13 51 28 104 12
103 64 101 89 95 28
103 24 76 26 73 12
103 74 45 77 7 40
103 91 92 96 124 1
103 45 41 44 90 98
103 2 114 3 11 82
103 48 37 45 66 7
103 22 109 1 96 34
103 120 39 100 60 74
103 108 103 34 2 57
103 47 35 35 122 47
103 98 127 54 21 14
103 77 27 2 2 115
103 33 127 6 68 125
103 127 17 11 24 51
103 30 88 117 37 7
103 71 93 19 82 55
103 55 93 3 77 88
103 28 24 46 89 3
103 28 49 57 61 73
103 19 23 38 40 97
103 4 72 5 20 82
103 12 49 111 91 45
103 6 116 4 38 35
103 61 67 80 127 77
103 80 87 5 83 34
103 9 82 73 9 33
103 106 31 127 34 29
103 82 118 115 113 97
103 5 76 69 5 24
103 71 85 81 4 33
103 82 25 97 23 106
103 58 76 21 16 42
103 91 74 46 33 47
103 127 51 11 81 52
103 81 122 71 64 42
103 100 111 74 70 56
103 39 27 126 61 91
103 119 9 107 95 126
103 2 116 54 124 85
103 116 54 53 69 40
103 44 11 23 75 34
103 72 118 46 1 12
103 118 13 42 66 50
103 19 37 72 49 68
103 13 14 46 105 23
103 106 90 101 30 87
103 88 38 25 92 44
103 49 74 56 101 82
103 96 103 122 5 110
103 107 100 57 23 32
103 23 94 101 119 105
104 124 41 125 106 103
104 0 38 24 76 115
104 49 88 80 53 17
104 60 48 27 2 48
104 24 71 51 51 85
104 123 125 41 118 78
104 66 45 96 69 83
104 123 98 80 119 48
104 99 111 31 99 41
104 111 48 21 33 70
104 79 37 42 15 9
104 73 117 123 48 10
104 105 69 104 79 30
104 37 47 3 67 107
104 72 71 35 78 119
104 21 7 83 19 1
104 19 91 107 61 35
104 107 28 84 34 106
104 77 58 68 19 14
104 117 21 60 29 69
104 71 17 41 84 13
104 20 95 62 125 104
104 21 69 121 12 6
104 120 65 74 59 73
104 112 38 45 98 26
104 12 83 125 6 90
104 44 20 94 67 1
104 69 78 29 41 51
104 110 48 93 82 27
104 74 96 97 62 99
104 106 123 93 22 105
104 69 76 89 78 38
104 21 79 66 10 93
104 12 78 29 86 14
104 96 62 29 103 15
104 61 92 62 80 106
104 52 41 110 111 98
104 34 24 45 127 72
104 57 21 101 61 90
104 14 32 5 126 12
104 18 103 123 1 41
104 101 86 112 117 26
104 111 44 39 48 42
104 124 44 88 85 102
104 45 29 89 8 99
104 75 36 57 93 87
104 80 53 85 111 121
104 109 84 69 53 79
104 125 84 68 97 73
104 61 77 92 78 70
104 60 46 29 119 15
104 97 23 38 70 11
104 6 43 43 120 105
104 122 108 42 93 78
104 1 2 124 12 52
104 82 100 75 8 68
104 37 78 55 35 87
104 28 99 31 118 104
104 86 125 92 15 80
104 88 27 57 119 105
104 31 42 126 62 8
104 13 19 42 123 24
104 89 48 20 56 81
104 102 44 15 76 122
105 95 60 114 33 80
105 22 126 44 82 102
105 48 55 57 96 88
105 33 4 24 9 16
105 92 83 18 15 112
105 14 20 86 89 78
105 108 40 31 39 28
105 53 39 95 32 74
105 5 6 94 114 4
105 84 13 113 112 74
105 119 109 13 6 38
105 7 43 67 71 58
105 88 11 68 67 117
105 86 90 4 89 82
105 82 63 1 84 89
105 39 57 88 43 100
105 51 118 19 83 32
105 81 7 74 79 76
105 59 36 41 69 21
105 23 89 116 44 26
105 48 59 10 39 121
105 11 16 21 0 32
105 19 108 42 29 88
105 125 7 96 81 15
105 116 120 94 99 10
105 101 106 102 29 95
105 110 30 115 109 102
105 79 55 1 77 13
105 56 107 69 40 100
105 60 30 63 7 20
105 54 48 27 4 18
105 116 113 65 27 16
105 40 97 107 85 42
105 124 118 46 73 57
105 14 74 21 57 67
105 29 16 102 15 118
105 119 63 102 90 116
105 82 4 106 121 66
105 103 3 97 67 22
105 98 17 32 61 95
105 7 103 11 122 35
105 37 26 39 87 118
105 100 61 48 44 96
105 117 66 99 50 59
105 26 75 16 80 87
105 33 30 58 85 61
105 112 65 19 77 120
105 93 82 17 8 86
105 12 96 75 22 116
105 125 64 75 124 122
105 122 108 73 22 4
105 38 103 78 53 58
105 51 29 44 85 121
105 21 111 52 48 74
105 18 97 57 123 77
105 60 41 103 81 8
105 115 45 70 6 63
105 102 24 78 35 109
105 98 68 73 118 42
105 9 122 13 126 5
105 91 109 97 51 34
105 93 116 87 12 121
105 43 37 103 84 65
105 37 103 91 56 95
106 44 111 30 42 29
106 97 83 82 15 60
106 46 71 109 18 9
106 90 108 39 54 11
106 45 105 16 43 110
106 28 23 59 96 17
106 14 108 54 20 47
106 0 77 73 63 35
106 41 120 77 19 120
106 12 63 82 3 106
106 25 10 102 116 65
106 77 72 91 35 47
106 57 14 84 0 50
106 37 124 119 54 82
106 39 94 68 126 61
106 49 9 17 73 12
106 39 121 44 84 48
106 64 8 20 55 68
106 94 57 33 71 1
106 8 11 96 61 22
106 39 76 116 64 30
106 77 55 72 116 57
106 124 40 56 58 111
106 23 60 104 126 95
106 116 93 60 5 104
106 16 24 84 113 35
106 103 103 23 119 20
106 8 60 60 41 50
106 111 16 84 72 12
106 68 1 19 108 41
106 8 101 113 33 50
106 112 101 28 56 114
106 102 97 46 126 26
106 35 79 12 28 91
106 8 78 62 76 76
106 13 76 28 21 56
106 45 71 74 4 103
106 21 14 45 112 37
106 68 26 65 31 67
106 54 69 116 23 79
106 88 120 7 76 80
106 94 99 125 25 85
106 97 123 125 5 85
106 85 79 53 34 63
106 56 105 101 57 122
106 53 28 91 13 86
106 5 29 100 123 115
106 15 6 29 3 62
106 3 97 90 31 113
106 68 102 31 18 110
106 11 104 35 27 96
106 75 96 25 63 83
106 35 83 15 40 45
106 37 3 57 7 115
106 4 107 127 40 0
106 102 62 80 82 28
106 123 84 23 58 52
106 69 124 89 62 2
106 58 70 124 91 110
106 71 121 63 35 18
106 123 28 110 50 105
106 67 27 2 60 114
106 102 121 47 81 41
106 73 55 54 64 58
107 98 104 44 95 104
107 51 19 81 97 126
107 29 67 35 99 66
107 41 15 38 121 27
107 41 123 62 69 33
107 45 33 34 124 96
107 74 70 77 121 62
107 103 47 48 5 53
107 35 56 115 101 20
107 38 38 64 60 35
107 108 41 120 49 96
107 15 0 65 94 85
107 24 93 61 31 63
107 39 7 106 94 19
107 38 44 78 126 118
107 32 19 85 98 26
107 102 78 7 51 43
107 25 11 2 8 23
107 62 37 8 120 6
107 120 119 3 34 93
107 26 108 86 60 71
107 73 87 90 98 14
107 25 109 86 83 6
107 96 124 109 56 95
107 76 111 77 59 40
107 62 19 22 103 88
107 124 46 36 64 66
107 78 98 14 3 47
107 2 122 53 67 70
107 87 91 107 67 6
107 16 108 10 32 77
107 56 80 38 58 107
107 46 25 49 21 76
107 89 39 115 98 122
107 85 39 62 123 86
107 20 45 47 88 103
107 86 85 111 82 92
107 76 12 117 61 48
107 49 83 108 41 122
107 99 85 75 54 103
107 92 42 42 58 61
107 112 18 26 59 64
107 53 60 23 47 70
107 69 103 57 65 96
107 73 96 27 2 38
107 53 110 26 9 71
107 57 121 35 113 3
107 71 108 79 111 101
107 77 121 79 48 23
107 74 127 43 56 123
107 52 118 44 57 127
107 20 58 102 80 112
107 67 2 1 92 72
107 27 20 1 121 94
107 87 115 95 115 122
107 31 103 69 112 120
107 88 12 3 102 15
107 114 68 96 58 111
107 26 32 18 47 48
107 106 45 28 78 14
107 20 53 61 88 35
107 99 87 105 0 99
107 94 10 45 111 127
107 100 110 79 49 15
108 83 3 102 48 52
108 119 113 16 36 113
108 23 60 89 72 54
108 78 66 81 112 80
108 18 95 113 100 61
108 69 26 122 51 33
108 68 41 19 24 22
108 107 32 75 8 82
108 20 30 48 48 58
108 10 108 80 101 69
108 53 96 49 10 6
108 78 23 48 23 37
108 3 90 118 45 56
108 44 116 45 14 119
108 63 67 124 39 62
108 105 1 27 80 98
108 57 125 69 52 32
108 17 72 32 45 69
108 114 61 59 120 65
108 101 37 32 81 111
108 75 3 111 65 37
108 95 120 63 38 97
108 111 85 109 101 79
108 94 12 123 100 20
108 41 114 101 42 26
108 2 5 17 27 21
108 113 93 112 56 43
108 79 88 98 115 6
108 115 24 51 116 7
108 89 19 107 102 68
108 80 69 58 114 47
108 42 96 62 46 37
108 9 79 23 63 122
108 68 68 96 45 56
108 88 61 18 10 9
108 92 104 89 67 60
108 46 27 11 5 87
108 109 42 8 22 59
108 63 7 124 94 39
108 103 94 75 29 40
108 113 118 29 22 8
108 87 4 61 1 37
108 29 90 22 88 64
108 69 113 47 33 39
108 41 40 50 49 4
108 78 116 40 28 53
108 33 79 27 27 54
108 95 71 101 18 91
108 15 95 119 63 102
108 103 40 65 125 96
108 42 90 13 75 19
108 25 42 13 96 0
108 119 100 29 62 60
108 113 106 45 92 75
108 120 72 109 15 22
108 83 52 112 119 93
108 46 40 16 50 52
108 48 121 72 19 72
108 34 88 8 20 18
108 84 55 14 60 94
108 58 67 79 44 41
108 97 82 57 117 127
108 35 105 68 9 111
108 64 55 39 104 104
109 123 63 1 12 121
109 62 102 18 76 78
109 126 83 21 87 3
109 19 31 82 12 85
109 53 82 83 42 76
109 79 116 97 89 35
109 48 24 48 109 12
109 61 7 119 72 127
109 90 41 41 19 25
109 51 99 33 47 45
109 27 91 58 13 63
109 113 28 127 36 90
109 51 34 119 37 64
109 50 110 51 53 119
109 85 48 65 14 9
109 92 58 85 43 67
109 17 115 94 20 10
109 82 52 78 68 47
109 109 122 18 109 83
109 85 21 60 65 74
109 61 115 31 10 119
109 113 3 126 62 109
109 89 18 90 53 82
109 4 9 120 20 98
109 122 2 26 17 78
109 4 37 111 32 59
109 79 91 67 92 120
109 104 7 4 37 100
109 39 41 92 66 107
109 42 109 11 38 32
109 117 13 29 16 47
109 43 25 47 103 108
109 37 64 111 15 68
109 22 81 104 1 65
109 58 91 69 119 103
109 115 47 83 71 50
109 40 2 39 102 84
109 91 22 52 115 80
109 53 69 68 112 49
109 114 22 114 48 23
109 28 28 71 49 116
109 74 99 20 78 120
109 44 30 8 64 92
109 17 54 38 97 13
109 69 75 82 125 95
109 47 32 102 54 94
109 35 79 114 24 49
109 15 36 9 21 29
109 54 53 68 13 127
109 109 126 122 3 16
109 104 83 41 93 119
109 98 105 48 32 47
109 79 46 101 122 68
109 36 66 122 81 20
109 66 86 109 119 126
109 116 124 17 106 24
109 35 65 66 71 95
109 120 74 63 74 60
109 122 89 42 63 44
109 74 93 67 15 29
109 49 75 28 55 72
109 81 109 115 87 46
109 86 61 40 59 123
109 106 76 99 66 5
110 110 9 81 29 7
110 6 54 88 117 73
110 0 17 126 79 53
110 7 110 106 68 30
110 12 85 11 31 29
110 117 109 126 27 100
110 86 47 126 6 122
110 6 47 89 123 18
110 3 0 52 40 119
110 125 9 110 25 14
110 3 28 3 92 49
110 16 34 21 6 82
110 84 12 50 108 115
110 69 18 4 126 21
110 90 45 19 126 75
110 57 45 77 47 65
110 85 53 9 42 56
110 39 19 4 117 59
110 19 98 119 96 121
110 46 28 97 127 47
110 64 67 97 35 84
110 70 40 24 104 102
110 95 77 13 77 104
110 7 29 13 25 111
110 116 37 77 38 88
110 28 124 75 85 1
110 58 0 44 124 95
110 99 86 118 29 55
110 81 83 10 100 13
110 0 18 118 30 29
110 109 91 75 112 113
110 3 2 100 23 72
110 111 28 23 68 46
110 3 92 110 27 50
110 107 11 10 30 45
110 62 87 37 2 112
110 1 126 119 62 101
110 56 110 19 65 91
110 98 65 58 2 90
110 109 5 90 77 38
110 76 117 50 95 74
110 96 103 80 55 58
110 83 95 81 8 117
110 28 121 64 96 75
110 6 14 58 28 64
110 85 57 56 75 48
110 33 116 81 89 95
110 108 98 78 98 127
110 87 113 88 38 37
110 98 78 57 57 35
110 19 112 80 85 115
110 30 101 21 122 72
110 97 117 95 106 23
110 43 16 106 95 99
110 74 78 28 69 29
110 61 60 43 75 41
110 75 99 30 89 59
110 75 18 81 120 3
110 115 102 123 60 58
110 5 26 33 75 92
110 61 82 18 126 82
110 48 83 108 9 92
110 91 23 92 31 19
110 72 70 97 44 58
111 36 70 39 76 115
111 57 9 72 81 34
111 38 31 94 50 113
111 54 31 67 103 71
111 122 110 57 71 9
111 80 90 41 96 47
111 73 68 33 112 108
111 39 16 49 28 11
111 107 125 3 45 86
111 12 57 49 33 62
111 59 127 97 75 28
111 93 56 39 120 53
111 126 12 68 117 19
111 39 0 78 32 74
111 75 70 88 8 21
111 120 31 88 103 21
111 104 16 111 75 124
111 96 83 69 91 39
111 44 62 67 58 101
111 43 73 108 28 58
111 105 67 100 41 28
111 75 64 36 61 61
111 84 75 39 71 48
111 11 117 84 76 52
111 75 79 3 32 82
111 51 69 98 63 15
111 99 63 24 90 34
111 16 118 115 96 103
111 103 15 93 43 103
111 60 33 15 73 18
111 103 114 126 106 125
111 99 26 42 46 4
111 101 84 72 12 8
111 126 84 24 64 85
111 1 12 51 99 104
111 52 97 31 69 62
111 68 79 34 88 56
111 47 66 97 60 48
111 127 71 66 53 58
111 68 100 27 90 38
111 72 44 11 31 1
111 19 127 26 95 22
111 76 97 83 78 104
111 115 50 30 120 59
111 68 25 102 127 84
111 79 126 100 110 43
111 11 114 80 118 115
111 56 124 57 66 96
111 102 28 29 47 105
111 100 118 86 1 65
111 63 120 106 17 31
111 25 80 5 109 65
111 3 1 12 26 27
111 56 53 68 6 26
111 67 102 32 0 35
111 66 75 74 62 105
111 76 61 23 72 53
111 58 70 1 48 9
111 4 45 116 31 22
111 24 114 18 103 110
111 79 14 94 21 32
111 50 115 40 40 51
111 15 83 35 59 27
111 64 39 8 43 103
112 49 122 61 120 85
112 96 88 87 32 102
112 25 19 43 115 19
112 85 12 5 108 112
112 3 0 124 124 44
112 7 124 119 28 106
112 120 10 32 60 53
112 40 97 15 8 105
112 13 27 22 52 39
112 54 17 81 117 109
112 17 110 28 124 41
112 37 30 4 63 12
112 114 47 50 112 87
112 127 88 50 31 54
112 122 83 82 38 49
112 85 2 113 21 25
112 115 70 92 93 30
112 3 26 127 106 46
112 10 50 111 2 20
112 32 67 127 69 51
112 102 73 23 14 125
112 42 60 119 109 50
112 103 39 118 86 18
112 92 29 22 95 53
112 108 88 110 40 31
112 113 61 76 49 8
112 61 86 100 29 15
112 60 50 95 86 91
112 119 35 111 46 23
112 42 48 28 80 115
112 56 54 7 102 81
112 111 69 31 103 64
112 84 23 55 57 29
112 86 119 0 83 33
112 74 85 62 72 77
112 81 27 93 48 40
112 31 117 72 43 44
112 36 49 101 39 106
112 13 49 52 98 51
112 93 67 76 40 38
112 32 69 90 13 12
112 18 48 67 89 115
112 104 76 26 27 38
112 61 108 77 87 25
112 14 11 81 104 57
112 114 91 100 112 124
112 119 108 10 122 73
112 48 59 66 23 69
112 114 73 44 114 73
112 99 60 46 0 35
112 112 36 43 105 74
112 88 80 28 23 15
112 93 23 69 53 9
112 5 39 6 114 44
112 21 46 88 121 75
112 6 39 71 62 111
112 106 19 111 35 50
112 82 6 45 10 78
112 50 126 47 114 115
112 112 118 78 72 71
112 96 75 11 29 53
112 78 125 29 11 69
112 34 37 4 94 44
112 41 106 91 71 32
113 2 92 29 65 126
113 82 1 115 31 78
113 8 32 121 14 25
113 121 116 9 51 11
113 87 9 2 74 74
113 66 64 99 78 7
113 2 73 20 6 111
113 124 13 9 26 65
113 42 79 13 72 19
113 31 46 96 110 71
113 31 85 31 10 17
113 23 113 6 14 89
113 13 92 114 23 42
113 22 102 57 95 70
113 73 102 37 54 101
113 90 43 124 37 23
113 29 88 8 75 43
113 86 45 105 75 73
113 57 14 97 116 11
113 98 97 14 22 60
113 9 54 63 73 5
113 91 61 50 98 19
113 6 36 93 88 82
113 6 52 55 118 76
113 120 122 9 49 86
113 78 17 74 125 100
113 108 99 4 91 127
113 53 3 36 51 47
113 78 115 40 22 126
113 56 77 75 76 97
113 19 4 70 84 67
113 9 72 57 48 28
113 100 30 50 120 119
113 65 31 35 99 115
113 12 82 2 6 2
113 73 12 23 55 83
113 20 36 33 31 27
113 71 15 100 101 3
113 118 38 83 38 37
113 84 55 8 50 77
113 118 120 88 52 45
113 124 17 2 37 95
113 125 118 56 90 59
113 50 14 22 16 113
113 25 87 93 3 58
113 13 12 53 73 93
113 98 105 94 90 24
113 32 78 73 11 111
113 38 67 23 110 7
113 109 44 82 9 93
113 43 18 20 85 119
113 7 111 15 39 120
113 94 103 101 119 0
113 24 99 30 77 36
113 47 102 108 72 27
113 109 30 52 41 127
113 43 51 114 90 6
113 83 28 16 71 58
113 13 87 80 61 124
113 104 2 94 75 97
113 72 12 37 96 7
113 38 7 126 111 124
113 122 8 38 125 58
113 51 84 53 113 92
114 38 65 22 59 125
114 22 11 34 37 38
114 125 43 46 72 105
114 26 57 53 124 82
114 125 48 6 35 11
114 117 20 18 0 43
114 65 12 54 87 117
114 54 47 60 73 56
114 97 72 95 120 8
114 125 87 89 21 71
114 94 82 122 106 45
114 72 82 31 38 89
114 34 5 33 84 105
114 36 107 95 3 118
114 50 45 7 104 111
114 44 106 72 21 49
114 79 54 91 13 112
114 101 102 23 98 55
114 44 58 106 30 60
114 33 61 63 50 71
114 116 53 114 36 18
114 98 126 102 83 21
114 4 95 126 86 44
114 74 15 90 8 101
114 61 82 54 41 111
114 48 81 95 9 15
114 20 35 73 88 94
114 123 48 85 51 22
114 77 47 113 62 69
114 48 44 47 44 67
114 81 78 123 67 88
114 93 26 30 77 0
114 59 89 61 4 5
114 91 109 13 110 11
114 61 57 44 85 116
114 105 68 15 86 118
114 111 35 33 114 54
114 12 53 86 26 34
114 106 105 70 32 24
114 71 14 15 71 76
114 47 100 46 30 42
114 104 7 115 126 54
114 42 127 115 126 79
114 67 19 66 88 42
114 75 55 90 30 36
114 33 91 65 87 69
114 12 40 6 62 87
114 93 57 112 88 66
114 38 90 70 75 65
114 3 112 2 33 19
114 83 93 74 7 16
114 54 66 47 103 79
114 71 20 88 126 41
114 115 117 41 88 1
114 10 12 43 111 114
114 101 46 11 114 49
114 111 104 8 79 36
114 16 6 125 7 29
114 117 6 32 76 42
114 53 69 115 59 56
114 41 93 103 89 45
114 52 85 45 68 61
114 16 56 106 75 122
114 68 112 82 37 40
115 104 2 100 81 5
115 34 77 106 33 31
115 125 71 112 10 109
115 43 66 52 71 79
115 69 95 15 76 92
115 19 26 66 16 91
115 81 46 14 66 67
115 59 61 32 105 38
115 113 105 5 84 50
115 71 112 35 14 31
115 40 16 42 46 73
115 11 84 8 110 71
115 73 63 72 54 22
115 3 74 16 87 98
115 51 38 88 45 67
115 124 115 29 89 126
115 89 88 42 0 106
115 54 124 57 45 7
115 78 74 101 7 77
115 77 8 69 41 15
115 21 64 82 103 19
115 80 19 29 60 77
115 124 99 93 103 93
115 123 36 68 64 55
115 38 24 26 54 66
115 5 126 114 91 111
115 49 125 29 90 6
115 23 114 43 102 101
115 21 126 109 70 0
115 52 48 24 62 116
115 63 65 6 100 61
115 24 103 83 57 86
115 78 84 55 124 1
115 53 74 113 58 95
115 94 58 72 104 35
115 6 76 70 63 7
115 43 124 33 2 101
115 25 18 10 66 2
115 30 52 98 107 122
115 45 86 92 67 118
115 114 103 96 118 10
115 73 25 116 79 110
115 118 15 117 88 68
115 11 109 68 20 74
115 66 72 124 83 34
115 69 9 63 112 72
115 106 83 32 0 50
115 55 118 116 109 60
115 13 122 112 34 2
115 48 64 13 104 112
115 53 108 53 69 10
115 6 74 124 103 53
115 17 74 65 125 49
115 109 83 100 99 73
115 78 118 72 122 91
115 3 57 64 106 27
115 80 125 60 93 77
115 12 67 115 113 43
115 101 56 73 90 27
115 67 67 84 39 108
115 3 112 35 83 6
115 81 114 62 14 68
115 56 40 78 28 71
115 96 63 42 108 48
116 71 66 120 10 94
116 113 74 91 102 46
116 14 35 127 36 60
116 69 100 43 92 120
116 91 24 13 52 16
116 90 14 34 49 14
116 61 86 42 1 33
116 11 45 109 68 86
116 88 51 11 21 67
116 27 48 124 94 66
116 40 31 77 106 87
116 0 9 28 42 0
116 78 121 87 80 19
116 113 44 81 102 6
116 24 66 62 118 30
116 59 64 12 15 91
116 104 9 45 2 93
116 11 30 103 90 123
116 63 68 107 96 23
116 80 70 108 105 84
116 94 116 96 38 90
116 52 97 84 21 89
116 102 36 26 67 11
116 3 51 80 31 80
116 76 43 8 1 80
116 74 78 29 64 45
116 92 101 126 33 110
116 68 25 3 64 78
116 126 84 32 29 44
116 42 10 54 78 43
116 93 104 27 117 41
116 33 65 103 123 118
116 127 88 34 29 53
116 72 14 21 25 113
116 126 102 104 62 79
116 103 70 45 63 70
116 25 105 39 124 110
116 0 126 80 111 58
116 22 96 36 50 96
116 32 62 87 73 88
116 84 18 2 50 27
116 51 48 4 113 126
116 3 14 99 31 43
116 46 119 40 40 76
116 123 34 85 8 21
116 62 18 35 37 125
116 53 50 47 96 104
116 124 39 63 28 70
116 40 102 46 90 3
116 50 18 118 102 6
116 20 28 35 104 91
116 45 91 4 115 26
116 63 65 12 65 89
116 111 12 6 57 13
116 32 109 19 116 13
116 8 48 58 86 11
116 11 32 21 85 17
116 86 41 114 103 106
116 12 71 76 118 99
116 47 16 42 3 58
116 62 27 85 25 76
116 17 26 86 63 36
116 20 109 23 77 93
116 29 36 18 100 58
117 79 96 2 34 70
117 33 80 56 49 38
117 59 93 26 27 109
117 108 20 113 74 124
117 91 97 85 2 45
117 42 96 107 0 57
117 64 81 68 45 110
117 109 13 27 25 53
117 36 80 80 27 3
117 66 88 99 26 112
117 93 38 79 82 28
117 125 123 82 90 82
117 107 93 6 53 105
117 36 79 84 34 45
117 102 58 93 100 117
117 75 125 3 109 121
117 115 83 53 109 29
117 37 63 8 30 89
117 33 88 80 74 27
117 59 4 55 88 23
117 49 39 112 127 113
117 5 114 106 81 86
117 69 88 122 42 124
117 127 31 66 9 78
117 76 6 45 77 110
117 5 77 105 92 15
117 111 84 33 20 107
117 41 103 37 123 85
117 107 127 57 3 13
117 123 29 19 54 7
117 32 100 61 4 121
117 65 23 79 93 78
117 9 89 11 51 21
117 58 105 74 51 89
117 99 34 58 125 21
117 30 91 15 75 1
117 11 23 62 97 122
117 86 103 96 46 102
117 117 2 112 125 106
117 98 114 127 15 111
117 61 42 26 46 54
117 40 89 100 4 112
117 106 63 13 21 56
117 33 110 4 111 46
117 38 124 18 126 105
117 90 113 35 104 100
117 26 50 46 60 85
117 99 87 85 0 110
117 21 8 24 76 112
117 66 81 69 38 7
117 45 51 49 66 119
117 14 60 125 4 40
117 63 109 79 100 104
117 3 31 122 4 75
117 92 42 54 24 59
117 47 28 52 87 74
117 100 71 94 108 46
117 78 5 49 53 98
117 79 121 102 106 53
117 90 105 90 114 95
117 57 76 93 40 101
117 66 46 103 7 50
117 10 96 45 22 16
117 22 127 43 117 53
118 92 102 92 14 1
118 57 59 100 88 93
118 82 24 14 40 110
118 35 11 66 16 121
118 114 123 98 17 7
118 112 75 28 18 12
118 32 20 49 78 54
118 73 96 7 73 103
118 53 63 11 100 112
118 60 115 25 86 80
118 124 29 65 122 80
118 73 55 125 20 52
118 57 55 59 52 77
118 30 24 98 28 121
118 75 0 98 40 45
118 108 14 71 88 89
118 81 123 7 2 50
118 21 89 90 29 93
118 121 25 101 102 9
118 105 102 13 65 54
118 103 97 76 95 71
118 11 126 17 18 16
118 10 57 41 62 46
118 85 126 23 48 11
118 44 107 93 54 116
118 38 25 78 112 64
118 37 18 66 24 4
118 15 5 47 42 30
118 86 88 117 92 115
118 48 30 80 55 51
118 41 39 51 73 28
118 44 58 58 7 5
118 99 28 45 22 102
118 104 87 122 98 83
118 12 107 83 43 63
118 2 14 100 76 60
118 65 100 78 54 28
118 18 20 69 100 46
118 53 103 74 86 102
118 112 57 35 71 69
118 20 11 36 40 90
118 127 94 0 36 59
118 23 17 26 79 96
118 124 52 33 17 75
118 4 93 62 98 55
118 81 50 79 94 33
118 77 44 110 73 41
118 85 93 70 70 96
118 12 71 17 6 118
118 3 44 2 114 0
118 119 98 125 41 7
118 9 25 34 36 55
118 124 118 8 40 64
118 122 19 25 111 42
118 7 51 111 86 29
118 64 6 127 4 21
118 18 25 70 51 71
118 17 21 62 7 6
118 119 58 86 102 30
118 116 56 30 105 99
118 72 3 64 51 14
118 105 4 124 45 3
118 41 18 95 89 7
118 35 86 7 57 100
119 86 53 13 69 87
119 58 92 122 53 57
119 85 63 21 78 52
119 36 113 103 31 67
119 66 8 108 103 17
119 19 3 37 20 74
119 69 26 110 32 18
119 94 53 42 84 50
119 63 24 61 93 64
119 0 73 49 47 33
119 125 4 91 46 5
119 45 86 56 26 63
119 112 11 90 62 12
119 6 101 50 99 72
119 50 37 81 69 24
119 8 102 4 17 121
119 51 89 63 4 6
119 67 97 55 106 118
119 77 90 12 116 64
119 57 16 66 4 72
119 3 6 99 22 83
119 0 119 73 52 103
119 96 75 125 43 17
119 58 51 112 88 47
119 123 38 14 34 26
119 47 49 72 2 12
119 5 0 97 50 50
119 5 25 112 82 104
119 81 64 91 117 63
119 4 123 110 47 7
119 79 2 107 120 72
119 78 65 82 50 123
119 18 26 32 86 50
119 110 17 37 117 87
119 34 82 97 108 76
119 60 106 113 31 66
119 1 106 37 13 18
119 85 15 91 99 56
119 109 82 45 115 53
119 14 24 87 116 78
119 33 9 108 88 109
119 19 51 42 87 98
119 43 39 113 53 30
119 67 20 51 112 126
119 76 123 81 118 74
119 46 49 103 67 40
119 77 46 93 48 27
119 10 119 61 28 111
119 101 33 88 109 117
119 26 19 95 45 106
119 50 57 112 127 75
119 23 46 91 48 25
119 19 74 53 52 83
119 45 66 45 92 20
119 25 19 101 62 114
119 56 7 90 25 56
119 107 106 29 23 13
119 108 6 91 110 26
119 16 46 34 20 9
119 57 76 68 124 51
119 107 13 69 124 64
119 54 33 80 43 46
119 107 106 41 3 116
119 16 122 39 86 63
120 40 10 44 44 64
120 102 62 22 17 112
120 70 14 27 81 73
120 48 104 110 91 95
120 99 40 7 53 103
120 27 59 119 112 5
120 26 22 112 73 113
120 105 99 68 64 75
120 30 79 24 24 35
120 27 42 74 127 35
120 124 124 115 24 126
120 8 62 2 49 17
120 70 100 15 51 20
120 82 2 107 76 107
120 35 12 86 45 74
120 46 11 36 107 8
120 51 18 118 35 58
120 105 16 16 25 87
120 119 76 58 30 77
120 27 36 64 93 22
120 3 32 112 69 14
120 101 5 46 69 103
120 7 48 20 53 33
120 66 114 92 3 19
120 102 68 54 127 108
120 51 97 108 90 78
120 73 109 49 30 68
120 42 60 25 23 96
120 84 22 103 113 110
120 62 108 99 83 109
120 64 80 94 122 24
120 37 78 0 60 54
120 54 104 17 13 14
120 46 57 101 39 109
120 95 47 1 17 7
120 34 49 10 114 67
120 51 67 35 104 48
120 96 127 38 16 70
120 12 116 100 24 101
120 4 53 52 79 117
120 15 103 5 60 60
120 63 65 123 44 16
120 26 28 62 57 85
120 99 0 39 23 60
120 82 5 18 22 53
120 9 14 112 41 61
120 57 22 80 99 43
120 28 112 73 89 33
120 39 93 36 38 61
120 96 23 95 81 92
120 63 85 68 30 79
120 103 67 74 51 17
120 43 68 12 98 72
120 113 86 11 53 61
120 97 82 32 77 16
120 19 71 23 56 73
120 29 29 76 3 15
120 93 54 56 94 33
120 19 88 42 37 110
120 36 5 17 108 77
120 124 124 66 47 33
120 122 111 24 100 59
120 120 110 39 121 92
120 111 58 12 23 76
121 73 51 10 75 49
121 47 1 125 70 15
121 4 92 64 97 47
121 124 91 52 73 61
121 21 111 8 64 57
121 78 7 89 90 118
121 31 98 51 103 94
121 20 72 127 9 46
121 44 12 95 25 90
121 4 2 110 49 121
121 64 120 79 78 112
121 50 111 15 44 12
121 104 125 86 83 32
121 1 77 37 20 53
121 61 5 48 36 114
121 21 107 105 78 125
121 113 110 25 56 46
121 102 102 43 98 28
121 113 44 35 48 91
121 38 115 22 37 114
121 12 123 44 119 24
121 61 106 73 111 63
121 16 32 99 22 112
121 42 33 105 54 49
121 102 54 126 3 88
121 109 27 75 100 121
121 55 100 57 66 14
121 15 117 79 34 41
121 62 31 26 81 6
121 92 19 36 30 122
121 109 117 84 55 116
121 104 50 63 63 63
121 58 34 82 77 53
121 12 100 9 80 103
121 46 10 75 93 95
121 38 58 49 118 127
121 18 28 39 49 19
121 4 69 124 7 26
121 13 24 60 38 10
121 43 75 67 98 85
121 98 34 71 113 66
121 1 40 124 57 111
121 57 6 59 60 122
121 22 72 54 122 119
121 11 68 102 100 5
121 3 114 81 77 6
121 58 94 93 28 17
121 68 14 65 83 94
121 13 23 96 101 3
121 51 57 9 31 102
121 104 55 94 21 62
121 111 76 80 107 68
121 54 49 60 24 62
121 84 87 1 49 90
121 21 103 22 60 19
121 72 10 121 91 49
121 95 53 19 91 108
121 4 53 109 54 118
121 124 57 76 117 72
121 121 94 91 39 55
121 36 24 97 50 15
121 85 7 21 22 66
121 82 16 65 108 10
121 101 107 93 19 57
122 36 114 114 0 54
122 6 126 67 39 41
122 54 119 119 7 62
122 89 51 7 85 42
122 106 13 49 111 92
122 93 14 61 64 118
122 101 51 111 6 41
122 115 124 61 113 105
122 84 55 22 59 13
122 72 84 81 0 114
122 60 40 118 107 67
122 55 88 45 19 47
122 110 47 36 17 36
122 124 56 61 92 66
122 49 7 123 100 26
122 17 110 118 17 115
122 125 117 38 99 0
122 28 68 96 40 109
122 67 21 7 31 33
122 112 56 42 123 83
122 27 14 55 123 121
122 106 95 32 74 48
122 44 1 3 4 7
122 62 75 104 37 11
122 118 113 12 116 5
122 75 75 16 71 51
122 8 69 24 45 51
122 119 96 32 78 31
122 69 124 59 65 45
122 120 89 106 106 105
122 22 27 75 40 4
122 61 77 11 9 121
122 74 55 99 50 81
122 33 64 122 111 10
122 4 5 53 53 72
122 87 79 37 17 86
122 26 39 103 83 4
122 106 54 16 53 123
122 53 9 20 85 23
122 105 73 114 78 117
122 63 86 60 19 59
122 67 87 26 120 102
122 42 1 25 57 18
122 97 98 38 67 0
122 54 100 56 111 34
122 108 102 52 69 48
122 101 77 66 29 82
122 63 39 67 31 52
122 121 5 21 101 38
122 72 0 47 40 122
122 45 78 78 106 127
122 77 51 125 116 29
122 16 112 87 11 9
122 36 114 108 69 5
122 21 28 87 61 53
122 119 76 123 116 83
122 50 52 40 99 19
122 32 101 79 24 58
122 88 127 79 24 20
122 67 116 115 31 26
122 45 34 119 104 37
122 40 6 102 73 27
122 89 56 99 37 98
122 13 46 77 88 33
123 112 117 10 18 126
123 96 111 75 26 125
123 96 63 17 44 52
123 34 70 43 84 39
123 122 27 13 10 83
123 40 38 123 61 11
123 103 20 25 86 127
123 28 85 62 10 15
123 56 94 10 37 108
123 41 82 119 39 53
123 41 98 108 118 85
123 77 16 31 104 107
123 102 48 0 14 65
123 37 2 57 58 9
123 10 26 35 50 74
123 126 122 113 116 103
123 43 11 30 95 75
123 42 48 98 62 102
123 19 48 79 58 3
123 127 31 0 41 22
123 68 15 33 77 71
123 71 78 98 9 45
123 75 101 105 107 127
123 36 113 27 37 11
123 41 97 120 83 7
123 6 121 85 30 13
123 86 48 115 8 47
123 16 78 59 85 51
123 77 34 19 112 55
123 73 61 8 89 97
123 80 57 105 22 121
123 113 17 40 38 72
123 108 10 95 49 59
123 32 95 48 120 74
123 116 85 29 100 51
123 36 112 52 108 22
123 35 18 99 18 47
123 7 23 44 22 68
123 106 15 43 108 27
123 106 7 47 117 112
123 45 39 12 0 11
123 85 53 125 116 125
123 17 17 52 77 121
123 59 111 29 81 20
123 25 121 12 127 30
123 8 97 116 121 99
123 80 84 62 0 86
123 125 94 23 118 38
123 106 108 44 40 36
123 90 70 51 47 3
123 46 27 106 105 46
123 28 115 68 73 99
123 115 63 79 65 31
123 63 123 15 70 81
123 52 27 62 72 33
123 0 89 57 124 7
123 113 121 37 93 21
123 97 76 117 97 37
123 32 12 74 37 49
123 70 37 96 42 77
123 7 82 56 85 8
123 56 11 95 81 116
123 95 115 120 31 20
123 34 22 124 82 104
124 48 56 0 120 30
124 124 15 77 65 3
124 3 59 8 39 51
124 40 56 111 69 117
124 41 17 82 51 7
124 11 68 42 107 17
124 78 6 75 124 20
124 84 47 20 23 16
124 54 15 86 75 17
124 58 41 0 80 93
124 23 93 82 112 25
124 60 116 126 91 119
124 107 91 20 3 25
124 69 36 0 108 55
124 55 91 88 107 30
124 87 91 83 19 7
124 15 53 89 6 22
124 87 72 83 94 34
124 74 33 63 83 48
124 94 73 16 107 107
124 2 86 11 7 38
124 119 80 80 108 69
124 63 87 29 71 89
124 50 47 26 4 102
124 78 3 64 91 59
124 40 104 56 41 107
124 32 81 124 11 14
124 29 114 36 25 53
124 31 37 5 88 105
124 100 126 100 53 47
124 66 47 5 49 74
124 79 108 18 122 54
124 27 4 117 84 69
124 84 99 93 50 30
124 90 30 10 11 66
124 84 74 65 107 52
124 95 2 107 47 4
124 92 35 115 116 30
124 19 76 11 89 92
124 67 3 119 94 125
124 108 88 36 45 66
124 74 30 58 43 78
124 86 111 114 49 69
124 69 89 78 35 1
124 112 38 43 33 25
124 54 119 107 101 29
124 70 97 5 76 5
124 25 40 51 98 123
124 122 23 113 31 2
124 94 111 13 106 75
124 23 38 65 30 35
124 116 34 6 81 29
124 117 102 78 73 11
124 98 80 118 62 23
124 104 112 4 8 28
124 105 71 37 68 75
124 24 54 20 56 31
124 64 38 103 37 59
124 81 86 25 113 89
124 61 93 30 55 8
124 96 21 58 90 49
124 114 107 67 57 101
124 44 114 50 78 82
124 48 53 18 41 76
125 56 119 24 0 18
125 46 31 120 22 70
125 5 17 43 7 9
125 79 124 66 17 41
125 91 55 39 64 77
125 93 66 51 55 76
125 43 31 54 102 108
125 20 23 126 91 125
125 30 56 91 11 108
125 103 22 13 45 67
125 115 49 62 70 127
125 50 119 92 104 108
125 103 41 47 108 122
125 12 125 57 47 66
125 118 105 22 113 58
125 75 109 71 43 126
125 114 64 117 94 113
125 106 9 108 54 113
125 107 125 72 11 48
125 47 15 75 69 9
125 40 36 95 28 44
125 79 36 8 102 20
125 98 58 65 20 77
125 13 23 123 122 120
125 5 101 82 9 20
125 99 113 121 32 127
125 83 35 70 16 17
125 23 6 7 123 51
125 10 81 85 16 60
125 117 32 59 22 74
125 45 18 97 95 49
125 12 52 3 26 120
125 88 107 114 36 97
125 27 70 112 92 65
125 118 94 71 112 84
125 83 72 38 124 8
125 53 70 126 109 106
125 52 73 115 63 56
125 106 72 116 89 65
125 87 4 29 34 49
125 25 47 123 46 76
125 47 14 4 39 31
125 113 87 101 86 40
125 21 78 127 97 32
125 11 9 77 99 23
125 18 47 122 83 77
125 59 12 66 117 91
125 24 111 3 78 102
125 66 20 10 96 88
125 38 61 17 104 84
125 74 78 124 6 91
125 88 79 83 52 87
125 12 2 51 79 28
125 99 111 77 121 127
125 116 75 79 83 59
125 99 67 24 97 105
125 97 100 40 15 44
125 117 72 92 68 8
125 104 111 25 120 44
125 73 7 113 18 75
125 43 6 15 28 52
125 32 79 59 19 116
125 45 31 10 34 76
125 127 122 6 59 101
126 62 120 44 24 49
126 92 12 118 79 87
126 122 6 24 120 7
126 110 97 4 2 70
126 72 26 21 1 0
126 63 116 23 101 28
126 117 123 77 52 114
126 28 56 67 9 2
126 43 39 95 57 2
126 33 41 7 76 121
126 52 109 10 80 77
126 52 94 124 42 21
126 124 108 94 52 8
126 49 12 38 48 98
126 51 67 49 8 3
126 18 31 120 6 106
126 104 39 124 37 66
126 58 1 98 83 59
126 40 64 63 5 67
126 61 65 107 95 87
126 26 45 32 113 93
126 40 10 118 78 63
126 8 63 22 65 99
126 95 35 80 82 43
126 72 16 75 38 99
126 24 6 68 21 84
126 50 112 3 111 88
126 95 114 49 57 40
126 102 3 42 26 17
126 60 30 24 63 44
126 123 23 65 66 42
126 5 90 69 31 109
126 28 99 38 25 5
126 47 5 104 52 88
126 78 100 43 13 10
126 92 121 42 90 39
126 123 40 41 9 115
126 34 115 52 78 35
126 83 112 98 47 71
126 122 123 116 66 61
126 78 101 29 74 36
126 70 37 110 85 60
126 124 104 8 37 102
126 95 125 7 123 55
126 105 32 53 17 103
126 63 120 115 97 72
126 92 55 104 10 12
126 58 30 86 119 114
126 123 35 125 98 13
126 73 9 9 16 44
126 18 55 24 74 91
126 63 108 26 51 89
126 42 60 99 10 54
126 8 104 0 38 104
126 98 34 95 122 31
126 93 2 83 85 67
126 60 113 41 65 63
126 22 59 24 103 11
126 75 110 50 58 17
126 30 113 33 127 97
126 72 65 127 15 39
126 111 44 103 51 74
126 82 49 72 3 22
126 28 54 68 5 89
127 106 22 19 18 98
127 1 31 85 41 95
127 34 43 27 97 2
127 96 79 122 74 73
127 48 108 1 26 61
127 121 100 71 85 11
127 47 55 123 79 100
127 89 79 47 17 81
127 25 54 82 53 68
127 22 5 47 93 120
127 48 69 37 39 67
127 120 96 124 75 23
127 63 56 64 35 12
127 115 87 27 84 92
127 21 121 13 46 30
127 116 17 80 122 30
127 48 7 11 119 8
127 27 116 127 68 85
127 34 101 37 39 111
127 15 126 15 94 60
127 121 110 88 35 3
127 79 40 9 54 34
127 91 42 87 88 0
127 41 74 112 112 8
127 33 58 99 78 69
127 99 39 71 13 26
127 44 92 89 64 69
127 20 90 30 89 27
127 41 121 79 123 74
127 48 8 70 43 67
127 8 122 92 17 116
127 114 110 65 121 62
127 49 105 6 121 5
127 54 9 96 50 66
127 82 124 36 17 27
127 96 42 105 33 118
127 25 35 39 43 32
127 81 88 12 110 111
127 120 122 22 11 34
127 120 60 109 114 39
127 10 34 59 84 99
127 54 120 109 27 57
127 13 102 44 51 107
127 7 99 113 71 11
127 110 29 81 16 102
127 2 21 112 45 52
127 43 30 118 117 41
127 63 36 50 106 81
127 100 112 127 81 126
127 94 69 16 105 113
127 68 96 6 74 68
127 4 113 7 13 59
127 103 69 119 79 45
127 127 98 64 18 68
127 62 24 50 40 24
127 20 38 34 4 86
127 52 23 15 102 125
127 109 44 70 106 126
127 45 47 13 99 90
127 116 32 113 120 19
127 13 69 6 44 11
127 37 73 22 94 19
127 14 69 66 117 34
127 59 123 44 63 19
