2048 5888
0.625 0.625 0 0 0 0 0
0.625 0.625 0 0 0 0 0
0.625 0.625 0 0 0 0 0
0.625 0.625 0 0 0 0 0
0.625 0.625 0 0 0 0 0
0.625 0.625 0 0 0 0 0
0.625 0.625 0 0 0 0 0
0.625 0.625 0 0 0 0 0
0.625 0.625 0 0 0 0 0
0.625 0.625 0 0 0 0 0
0.625 0.625 0 0 0 0 0
0.625 0.625 0 0 0 0 0
0.625 0.625 0 0 0 0 0
0.625 0.625 0 0 0 0 0
0.625 0.625 0 0 0 0 0
0.625 0.625 0 0 0 0 0
0.625 0.625 0 0 0 0 0
0.625 0.625 0 0 0 0 0
0.625 0.625 0 0 0 0 0
0.625 0.625 0 0 0 0 0
0.625 0.625 0 0 0 0 0
0.625 0.625 0 0 0 0 0
0.625 0.625 0 0 0 0 0
0.625 0.625 0 0 0 0 0
0.625 0.625 0 0 0 0 0
0.625 0.625 0 0 0 0 0
0.625 0.625 0 0 0 0 0
0.625 0.625 0 0 0 0 0
0.625 0.625 0 0 0 0 0
0.625 0.625 0 0 0 0 0
0.625 0.625 0 0 0 0 0
0.625 0.625 0 0 0 0 0
0.625 0.625 0 0 0 0 0
0.625 0.625 0 0 0 0 0
0.625 0.625 0 0 0 0 0
0.625 0.625 0 0 0 0 0
0.625 0.625 0 0 0 0 0
0.625 0.625 0 0 0 0 0
0.625 0.625 0 0 0 0 0
0.625 0.625 0 0 0 0 0
0.625 0.625 0 0 0 0 0
0.625 0.625 0 0 0 0 0
0.625 0.625 0 0 0 0 0
0.625 0.625 0 0 0 0 0
0.625 0.625 0 0 0 0 0
0.625 0.625 0 0 0 0 0
0.625 0.625 0 0 0 0 0
0.625 0.625 0 0 0 0 0
0.625 0.625 0 0 0 0 0
0.625 0.625 0 0 0 0 0
0.625 0.625 0 0 0 0 0
0.625 0.625 0 0 0 0 0
0.625 0.625 0 0 0 0 0
0.625 0.625 0 0 0 0 0
0.625 0.625 0 0 0 0 0
0.625 0.625 0 0 0 0 0
0.625 0.625 0 0 0 0 0
0.625 0.625 0 0 0 0 0
0.625 0.625 0 0 0 0 0
0.625 0.625 0 0 0 0 0
0.625 0.625 0 0 0 0 0
0.625 0.625 0 0 0 0 0
0.625 0.625 0 0 0 0 0
0.625 0.625 0 0 0 0 0
0.625 0.625 0 0 0 0 0
0.625 0.625 0 0 0 0 0
0.625 0.625 0 0 0 0 0
0.625 0.625 0 0 0 0 0
0.625 0.625 0 0 0 0 0
0.625 0.625 0 0 0 0 0
0.625 0.625 0 0 0 0 0
0.625 0.625 0 0 0 0 0
0.625 0.625 0 0 0 0 0
0.625 0.625 0 0 0 0 0
0.625 0.625 0 0 0 0 0
0.625 0.625 0 0 0 0 0
0.625 0.625 0 0 0 0 0
0.625 0.625 0 0 0 0 0
0.625 0.625 0 0 0 0 0
0.625 0.625 0 0 0 0 0
0.625 0.625 0 0 0 0 0
0.625 0.625 0 0 0 0 0
0.625 0.625 0 0 0 0 0
0.625 0.625 0 0 0 0 0
0.625 0.625 0 0 0 0 0
0.625 0.625 0 0 0 0 0
0.625 0.625 0 0 0 0 0
0.625 0.625 0 0 0 0 0
0.625 0.625 0 0 0 0 0
0.625 0.625 0 0 0 0 0
0.625 0.625 0 0 0 0 0
0.625 0.625 0 0 0 0 0
0.625 0.625 0 0 0 0 0
0.625 0.625 0 0 0 0 0
0.625 0.625 0 0 0 0 0
0.625 0.625 0 0 0 0 0
0.625 0.625 0 0 0 0 0
0.625 0.625 0 0 0 0 0
0.625 0.625 0 0 0 0 0
0.625 0.625 0 0 0 0 0
0.625 0.625 0 0 0 0 0
0.625 0.625 0 0 0 0 0
0.625 0.625 0 0 0 0 0
0.625 0.625 0 0 0 0 0
0.625 0.625 0 0 0 0 0
0.625 0.625 0 0 0 0 0
0.625 0.625 0 0 0 0 0
0.625 0.625 0 0 0 0 0
0.625 0.625 0 0 0 0 0
0.625 0.625 0 0 0 0 0
0.625 0.625 0 0 0 0 0
0.625 0.625 0 0 0 0 0
0.625 0.625 0 0 0 0 0
0.625 0.625 0 0 0 0 0
0.625 0.625 0 0 0 0 0
0.625 0.625 0 0 0 0 0
0.625 0.625 0 0 0 0 0
0.625 0.625 0 0 0 0 0
0.625 0.625 0 0 0 0 0
0.625 0.625 0 0 0 0 0
0.625 0.625 0 0 0 0 0
0.625 0.625 0 0 0 0 0
0.625 0.625 0 0 0 0 0
0.625 0.625 0 0 0 0 0
0.625 0.625 0 0 0 0 0
0.625 0.625 0 0 0 0 0
0.625 0.625 0 0 0 0 0
0.625 0.625 0 0 0 0 0
0.625 0.625 0 0 0 0 0
0.625 0.625 0 0 0 0 0
0.625 0.625 0 0 0 0 0
0.625 0.625 0 0 0 0 0
0.625 0.625 0 0 0 0 0
0.625 0.625 0 0 0 0 0
0.625 0.625 0 0 0 0 0
0.625 0.625 0 0 0 0 0
0.625 0.625 0 0 0 0 0
0.625 0.625 0 0 0 0 0
0.625 0.625 0 0 0 0 0
0.625 0.625 0 0 0 0 0
0.625 0.625 0 0 0 0 0
0.625 0.625 0 0 0 0 0
0.625 0.625 0 0 0 0 0
0.625 0.625 0 0 0 0 0
0.625 0.625 0 0 0 0 0
0.625 0.625 0 0 0 0 0
0.625 0.625 0 0 0 0 0
0.625 0.625 0 0 0 0 0
0.625 0.625 0 0 0 0 0
0.625 0.625 0 0 0 0 0
0.625 0.625 0 0 0 0 0
0.625 0.625 0 0 0 0 0
0.625 0.625 0 0 0 0 0
0.625 0.625 0 0 0 0 0
0.625 0.625 0 0 0 0 0
0.625 0.625 0 0 0 0 0
0.625 0.625 0 0 0 0 0
0.625 0.625 0 0 0 0 0
0.625 0.625 0 0 0 0 0
0.625 0.625 0 0 0 0 0
0.625 0.625 0 0 0 0 0
0.625 0.625 0 0 0 0 0
0.625 0.625 0 0 0 0 0
0.625 0.625 0 0 0 0 0
0.625 0.625 0 0 0 0 0
0.625 0.625 0 0 0 0 0
0.625 0.625 0 0 0 0 0
0.625 0.625 0 0 0 0 0
0.625 0.625 0 0 0 0 0
0.625 0.625 0 0 0 0 0
0.625 0.625 0 0 0 0 0
0.625 0.625 0 0 0 0 0
0.625 0.625 0 0 0 0 0
0.625 0.625 0 0 0 0 0
0.625 0.625 0 0 0 0 0
0.625 0.625 0 0 0 0 0
0.625 0.625 0 0 0 0 0
0.625 0.625 0 0 0 0 0
0.625 0.625 0 0 0 0 0
0.625 0.625 0 0 0 0 0
0.625 0.625 0 0 0 0 0
0.625 0.625 0 0 0 0 0
0.625 0.625 0 0 0 0 0
0.625 0.625 0 0 0 0 0
0.625 0.625 0 0 0 0 0
0.625 0.625 0 0 0 0 0
0.625 0.625 0 0 0 0 0
0.625 0.625 0 0 0 0 0
0.625 0.625 0 0 0 0 0
0.625 0.625 0 0 0 0 0
0.625 0.625 0 0 0 0 0
0.625 0.625 0 0 0 0 0
0.625 0.625 0 0 0 0 0
0.625 0.625 0 0 0 0 0
0.625 0.625 0 0 0 0 0
0.625 0.625 0 0 0 0 0
0.625 0.625 0 0 0 0 0
0.625 0.625 0 0 0 0 0
0.625 0.625 0 0 0 0 0
0.625 0.625 0 0 0 0 0
0.625 0.625 0 0 0 0 0
0.625 0.625 0 0 0 0 0
0.625 0.625 0 0 0 0 0
0.625 0.625 0 0 0 0 0
0.625 0.625 0 0 0 0 0
0.625 0.625 0 0 0 0 0
0.625 0.625 0 0 0 0 0
0.625 0.625 0 0 0 0 0
0.625 0.625 0 0 0 0 0
0.625 0.625 0 0 0 0 0
0.625 0.625 0 0 0 0 0
0.625 0.625 0 0 0 0 0
0.625 0.625 0 0 0 0 0
0.625 0.625 0 0 0 0 0
0.625 0.625 0 0 0 0 0
0.625 0.625 0 0 0 0 0
0.625 0.625 0 0 0 0 0
0.625 0.625 0 0 0 0 0
0.625 0.625 0 0 0 0 0
0.625 0.625 0 0 0 0 0
0.625 0.625 0 0 0 0 0
0.625 0.625 0 0 0 0 0
0.625 0.625 0 0 0 0 0
0.625 0.625 0 0 0 0 0
0.625 0.625 0 0 0 0 0
0.625 0.625 0 0 0 0 0
0.625 0.625 0 0 0 0 0
0.625 0.625 0 0 0 0 0
0.625 0.625 0 0 0 0 0
0.625 0.625 0 0 0 0 0
0.625 0.625 0 0 0 0 0
0.625 0.625 0 0 0 0 0
0.625 0.625 0 0 0 0 0
0.625 0.625 0 0 0 0 0
0.625 0.625 0 0 0 0 0
0.625 0.625 0 0 0 0 0
0.625 0.625 0 0 0 0 0
0.625 0.625 0 0 0 0 0
0.625 0.625 0 0 0 0 0
0.625 0.625 0 0 0 0 0
0.625 0.625 0 0 0 0 0
0.625 0.625 0 0 0 0 0
0.625 0.625 0 0 0 0 0
0.625 0.625 0 0 0 0 0
0.625 0.625 0 0 0 0 0
0.625 0.625 0 0 0 0 0
0.625 0.625 0 0 0 0 0
0.625 0.625 0 0 0 0 0
0.625 0.625 0 0 0 0 0
0.625 0.625 0 0 0 0 0
0.625 0.625 0 0 0 0 0
0.625 0.625 0 0 0 0 0
0.625 0.625 0 0 0 0 0
0.625 0.625 0 0 0 0 0
0.625 0.625 0 0 0 0 0
0.625 0.625 0 0 0 0 0
0.75 0.75 0 0 0 0 0
0.75 0.75 0 0 0 0 0
0.75 0.75 0 0 0 0 0
0.75 0.75 0 0 0 0 0
0.75 0.75 0 0 0 0 0
0.75 0.75 0 0 0 0 0
0.75 0.75 0 0 0 0 0
0.75 0.75 0 0 0 0 0
0.75 0.75 0 0 0 0 0
0.75 0.75 0 0 0 0 0
0.75 0.75 0 0 0 0 0
0.75 0.75 0 0 0 0 0
0.75 0.75 0 0 0 0 0
0.75 0.75 0 0 0 0 0
0.75 0.75 0 0 0 0 0
0.75 0.75 0 0 0 0 0
0.75 0.75 0 0 0 0 0
0.75 0.75 0 0 0 0 0
0.75 0.75 0 0 0 0 0
0.75 0.75 0 0 0 0 0
0.75 0.75 0 0 0 0 0
0.75 0.75 0 0 0 0 0
0.75 0.75 0 0 0 0 0
0.75 0.75 0 0 0 0 0
0.75 0.75 0 0 0 0 0
0.75 0.75 0 0 0 0 0
0.75 0.75 0 0 0 0 0
0.75 0.75 0 0 0 0 0
0.75 0.75 0 0 0 0 0
0.75 0.75 0 0 0 0 0
0.75 0.75 0 0 0 0 0
0.75 0.75 0 0 0 0 0
0.75 0.75 0 0 0 0 0
0.75 0.75 0 0 0 0 0
0.75 0.75 0 0 0 0 0
0.75 0.75 0 0 0 0 0
0.75 0.75 0 0 0 0 0
0.75 0.75 0 0 0 0 0
0.75 0.75 0 0 0 0 0
0.75 0.75 0 0 0 0 0
0.75 0.75 0 0 0 0 0
0.75 0.75 0 0 0 0 0
0.75 0.75 0 0 0 0 0
0.75 0.75 0 0 0 0 0
0.75 0.75 0 0 0 0 0
0.75 0.75 0 0 0 0 0
0.75 0.75 0 0 0 0 0
0.75 0.75 0 0 0 0 0
0.75 0.75 0 0 0 0 0
0.75 0.75 0 0 0 0 0
0.75 0.75 0 0 0 0 0
0.75 0.75 0 0 0 0 0
0.75 0.75 0 0 0 0 0
0.75 0.75 0 0 0 0 0
0.75 0.75 0 0 0 0 0
0.75 0.75 0 0 0 0 0
0.75 0.75 0 0 0 0 0
0.75 0.75 0 0 0 0 0
0.75 0.75 0 0 0 0 0
0.75 0.75 0 0 0 0 0
0.75 0.75 0 0 0 0 0
0.75 0.75 0 0 0 0 0
0.75 0.75 0 0 0 0 0
0.75 0.75 0 0 0 0 0
0.75 0.75 0 0 0 0 0
0.75 0.75 0 0 0 0 0
0.75 0.75 0 0 0 0 0
0.75 0.75 0 0 0 0 0
0.75 0.75 0 0 0 0 0
0.75 0.75 0 0 0 0 0
0.75 0.75 0 0 0 0 0
0.75 0.75 0 0 0 0 0
0.75 0.75 0 0 0 0 0
0.75 0.75 0 0 0 0 0
0.75 0.75 0 0 0 0 0
0.75 0.75 0 0 0 0 0
0.75 0.75 0 0 0 0 0
0.75 0.75 0 0 0 0 0
0.75 0.75 0 0 0 0 0
0.75 0.75 0 0 0 0 0
0.75 0.75 0 0 0 0 0
0.75 0.75 0 0 0 0 0
0.75 0.75 0 0 0 0 0
0.75 0.75 0 0 0 0 0
0.75 0.75 0 0 0 0 0
0.75 0.75 0 0 0 0 0
0.75 0.75 0 0 0 0 0
0.75 0.75 0 0 0 0 0
0.75 0.75 0 0 0 0 0
0.75 0.75 0 0 0 0 0
0.75 0.75 0 0 0 0 0
0.75 0.75 0 0 0 0 0
0.75 0.75 0 0 0 0 0
0.75 0.75 0 0 0 0 0
0.75 0.75 0 0 0 0 0
0.75 0.75 0 0 0 0 0
0.75 0.75 0 0 0 0 0
0.75 0.75 0 0 0 0 0
0.75 0.75 0 0 0 0 0
0.75 0.75 0 0 0 0 0
0.75 0.75 0 0 0 0 0
0.75 0.75 0 0 0 0 0
0.75 0.75 0 0 0 0 0
0.75 0.75 0 0 0 0 0
0.75 0.75 0 0 0 0 0
0.75 0.75 0 0 0 0 0
0.75 0.75 0 0 0 0 0
0.75 0.75 0 0 0 0 0
0.75 0.75 0 0 0 0 0
0.75 0.75 0 0 0 0 0
0.75 0.75 0 0 0 0 0
0.75 0.75 0 0 0 0 0
0.75 0.75 0 0 0 0 0
0.75 0.75 0 0 0 0 0
0.75 0.75 0 0 0 0 0
0.75 0.75 0 0 0 0 0
0.75 0.75 0 0 0 0 0
0.75 0.75 0 0 0 0 0
0.75 0.75 0 0 0 0 0
0.75 0.75 0 0 0 0 0
0.75 0.75 0 0 0 0 0
0.75 0.75 0 0 0 0 0
0.75 0.75 0 0 0 0 0
0.75 0.75 0 0 0 0 0
0.75 0.75 0 0 0 0 0
0.75 0.75 0 0 0 0 0
0.75 0.75 0 0 0 0 0
0.75 0.75 0 0 0 0 0
0.75 0.75 0 0 0 0 0
0.75 0.75 0 0 0 0 0
0.75 0.75 0 0 0 0 0
0.75 0.75 0 0 0 0 0
0.75 0.75 0 0 0 0 0
0.75 0.75 0 0 0 0 0
0.75 0.75 0 0 0 0 0
0.75 0.75 0 0 0 0 0
0.75 0.75 0 0 0 0 0
0.75 0.75 0 0 0 0 0
0.75 0.75 0 0 0 0 0
0.75 0.75 0 0 0 0 0
0.75 0.75 0 0 0 0 0
0.75 0.75 0 0 0 0 0
0.75 0.75 0 0 0 0 0
0.75 0.75 0 0 0 0 0
0.75 0.75 0 0 0 0 0
0.75 0.75 0 0 0 0 0
0.75 0.75 0 0 0 0 0
0.75 0.75 0 0 0 0 0
0.75 0.75 0 0 0 0 0
0.75 0.75 0 0 0 0 0
0.75 0.75 0 0 0 0 0
0.75 0.75 0 0 0 0 0
0.75 0.75 0 0 0 0 0
0.75 0.75 0 0 0 0 0
0.75 0.75 0 0 0 0 0
0.75 0.75 0 0 0 0 0
0.75 0.75 0 0 0 0 0
0.75 0.75 0 0 0 0 0
0.75 0.75 0 0 0 0 0
0.75 0.75 0 0 0 0 0
0.75 0.75 0 0 0 0 0
0.75 0.75 0 0 0 0 0
0.75 0.75 0 0 0 0 0
0.75 0.75 0 0 0 0 0
0.75 0.75 0 0 0 0 0
0.75 0.75 0 0 0 0 0
0.75 0.75 0 0 0 0 0
0.75 0.75 0 0 0 0 0
0.75 0.75 0 0 0 0 0
0.75 0.75 0 0 0 0 0
0.75 0.75 0 0 0 0 0
0.75 0.75 0 0 0 0 0
0.75 0.75 0 0 0 0 0
0.75 0.75 0 0 0 0 0
0.75 0.75 0 0 0 0 0
0.75 0.75 0 0 0 0 0
0.75 0.75 0 0 0 0 0
0.75 0.75 0 0 0 0 0
0.75 0.75 0 0 0 0 0
0.75 0.75 0 0 0 0 0
0.75 0.75 0 0 0 0 0
0.75 0.75 0 0 0 0 0
0.75 0.75 0 0 0 0 0
0.75 0.75 0 0 0 0 0
0.75 0.75 0 0 0 0 0
0.75 0.75 0 0 0 0 0
0.75 0.75 0 0 0 0 0
0.75 0.75 0 0 0 0 0
0.75 0.75 0 0 0 0 0
0.75 0.75 0 0 0 0 0
0.75 0.75 0 0 0 0 0
0.75 0.75 0 0 0 0 0
0.75 0.75 0 0 0 0 0
0.75 0.75 0 0 0 0 0
0.75 0.75 0 0 0 0 0
0.75 0.75 0 0 0 0 0
0.75 0.75 0 0 0 0 0
0.75 0.75 0 0 0 0 0
0.75 0.75 0 0 0 0 0
0.75 0.75 0 0 0 0 0
0.75 0.75 0 0 0 0 0
0.75 0.75 0 0 0 0 0
0.75 0.75 0 0 0 0 0
0.75 0.75 0 0 0 0 0
0.75 0.75 0 0 0 0 0
0.75 0.75 0 0 0 0 0
0.75 0.75 0 0 0 0 0
0.75 0.75 0 0 0 0 0
0.75 0.75 0 0 0 0 0
0.75 0.75 0 0 0 0 0
0.75 0.75 0 0 0 0 0
0.75 0.75 0 0 0 0 0
0.75 0.75 0 0 0 0 0
0.75 0.75 0 0 0 0 0
0.75 0.75 0 0 0 0 0
0.75 0.75 0 0 0 0 0
0.75 0.75 0 0 0 0 0
0.75 0.75 0 0 0 0 0
0.75 0.75 0 0 0 0 0
0.75 0.75 0 0 0 0 0
0.75 0.75 0 0 0 0 0
0.75 0.75 0 0 0 0 0
0.75 0.75 0 0 0 0 0
0.75 0.75 0 0 0 0 0
0.75 0.75 0 0 0 0 0
0.75 0.75 0 0 0 0 0
0.75 0.75 0 0 0 0 0
0.75 0.75 0 0 0 0 0
0.75 0.75 0 0 0 0 0
0.75 0.75 0 0 0 0 0
0.75 0.75 0 0 0 0 0
0.75 0.75 0 0 0 0 0
0.75 0.75 0 0 0 0 0
0.75 0.75 0 0 0 0 0
0.75 0.75 0 0 0 0 0
0.75 0.75 0 0 0 0 0
0.75 0.75 0 0 0 0 0
0.75 0.75 0 0 0 0 0
0.75 0.75 0 0 0 0 0
0.75 0.75 0 0 0 0 0
0.75 0.75 0 0 0 0 0
0.75 0.75 0 0 0 0 0
0.75 0.75 0 0 0 0 0
0.75 0.75 0 0 0 0 0
0.75 0.75 0 0 0 0 0
0.75 0.75 0 0 0 0 0
0.75 0.75 0 0 0 0 0
0.75 0.75 0 0 0 0 0
0.75 0.75 0 0 0 0 0
0.75 0.75 0 0 0 0 0
0.75 0.75 0 0 0 0 0
0.75 0.75 0 0 0 0 0
0.75 0.75 0 0 0 0 0
0.75 0.75 0 0 0 0 0
0.75 0.75 0 0 0 0 0
0.75 0.75 0 0 0 0 0
0.75 0.75 0 0 0 0 0
0.75 0.75 0 0 0 0 0
0.75 0.75 0 0 0 0 0
0.75 0.75 0 0 0 0 0
0.75 0.75 0 0 0 0 0
0.75 0.75 0 0 0 0 0
0.75 0.75 0 0 0 0 0
0.75 0.75 0 0 0 0 0
0.75 0.75 0 0 0 0 0
0.75 0.75 0 0 0 0 0
0.75 0.75 0 0 0 0 0
0.75 0.75 0 0 0 0 0
0.75 0.75 0 0 0 0 0
0.75 0.75 0 0 0 0 0
0.75 0.75 0 0 0 0 0
0.75 0.75 0 0 0 0 0
0.75 0.75 0 0 0 0 0
0.75 0.75 0 0 0 0 0
0.75 0.75 0 0 0 0 0
0.75 0.75 0 0 0 0 0
0.75 0.75 0 0 0 0 0
0.75 0.75 0 0 0 0 0
0.75 0.75 0 0 0 0 0
0.75 0.75 0 0 0 0 0
0.75 0.75 0 0 0 0 0
0.75 0.75 0 0 0 0 0
0.75 0.75 0 0 0 0 0
0.75 0.75 0 0 0 0 0
0.75 0.75 0 0 0 0 0
0.75 0.75 0 0 0 0 0
0.75 0.75 0 0 0 0 0
0.75 0.75 0 0 0 0 0
0.75 0.75 0 0 0 0 0
0.75 0.75 0 0 0 0 0
0.75 0.75 0 0 0 0 0
0.75 0.75 0 0 0 0 0
0.75 0.75 0 0 0 0 0
0.75 0.75 0 0 0 0 0
0.75 0.75 0 0 0 0 0
0.75 0.75 0 0 0 0 0
0.75 0.75 0 0 0 0 0
0.75 0.75 0 0 0 0 0
0.75 0.75 0 0 0 0 0
0.75 0.75 0 0 0 0 0
0.75 0.75 0 0 0 0 0
0.75 0.75 0 0 0 0 0
0.75 0.75 0 0 0 0 0
0.75 0.75 0 0 0 0 0
0.75 0.75 0 0 0 0 0
0.75 0.75 0 0 0 0 0
0.75 0.75 0 0 0 0 0
0.75 0.75 0 0 0 0 0
0.75 0.75 0 0 0 0 0
0.75 0.75 0 0 0 0 0
0.75 0.75 0 0 0 0 0
0.75 0.75 0 0 0 0 0
0.75 0.75 0 0 0 0 0
0.75 0.75 0 0 0 0 0
0.75 0.75 0 0 0 0 0
0.75 0.75 0 0 0 0 0
0.75 0.75 0 0 0 0 0
0.75 0.75 0 0 0 0 0
0.75 0.75 0 0 0 0 0
0.75 0.75 0 0 0 0 0
0.75 0.75 0 0 0 0 0
0.75 0.75 0 0 0 0 0
0.75 0.75 0 0 0 0 0
0.75 0.75 0 0 0 0 0
0.75 0.75 0 0 0 0 0
0.75 0.75 0 0 0 0 0
0.75 0.75 0 0 0 0 0
0.75 0.75 0 0 0 0 0
0.75 0.75 0 0 0 0 0
0.75 0.75 0 0 0 0 0
0.75 0.75 0 0 0 0 0
0.75 0.75 0 0 0 0 0
0.75 0.75 0 0 0 0 0
0.75 0.75 0 0 0 0 0
0.75 0.75 0 0 0 0 0
0.75 0.75 0 0 0 0 0
0.75 0.75 0 0 0 0 0
0.75 0.75 0 0 0 0 0
0.75 0.75 0 0 0 0 0
0.75 0.75 0 0 0 0 0
0.75 0.75 0 0 0 0 0
0.75 0.75 0 0 0 0 0
0.75 0.75 0 0 0 0 0
0.75 0.75 0 0 0 0 0
0.75 0.75 0 0 0 0 0
0.75 0.75 0 0 0 0 0
0.75 0.75 0 0 0 0 0
0.75 0.75 0 0 0 0 0
0.75 0.75 0 0 0 0 0
0.75 0.75 0 0 0 0 0
0.75 0.75 0 0 0 0 0
0.75 0.75 0 0 0 0 0
0.75 0.75 0 0 0 0 0
0.75 0.75 0 0 0 0 0
0.75 0.75 0 0 0 0 0
0.75 0.75 0 0 0 0 0
0.75 0.75 0 0 0 0 0
0.75 0.75 0 0 0 0 0
0.75 0.75 0 0 0 0 0
0.75 0.75 0 0 0 0 0
0.75 0.75 0 0 0 0 0
0.75 0.75 0 0 0 0 0
0.75 0.75 0 0 0 0 0
0.75 0.75 0 0 0 0 0
0.75 0.75 0 0 0 0 0
0.75 0.75 0 0 0 0 0
0.75 0.75 0 0 0 0 0
0.75 0.75 0 0 0 0 0
0.75 0.75 0 0 0 0 0
0.75 0.75 0 0 0 0 0
0.75 0.75 0 0 0 0 0
0.75 0.75 0 0 0 0 0
0.75 0.75 0 0 0 0 0
0.75 0.75 0 0 0 0 0
0.75 0.75 0 0 0 0 0
0.75 0.75 0 0 0 0 0
0.75 0.75 0 0 0 0 0
0.75 0.75 0 0 0 0 0
0.75 0.75 0 0 0 0 0
0.75 0.75 0 0 0 0 0
0.75 0.75 0 0 0 0 0
0.75 0.75 0 0 0 0 0
0.75 0.75 0 0 0 0 0
0.75 0.75 0 0 0 0 0
0.75 0.75 0 0 0 0 0
0.75 0.75 0 0 0 0 0
0.75 0.75 0 0 0 0 0
0.75 0.75 0 0 0 0 0
0.75 0.75 0 0 0 0 0
0.75 0.75 0 0 0 0 0
0.75 0.75 0 0 0 0 0
0.75 0.75 0 0 0 0 0
0.75 0.75 0 0 0 0 0
0.75 0.75 0 0 0 0 0
0.75 0.75 0 0 0 0 0
0.75 0.75 0 0 0 0 0
0.75 0.75 0 0 0 0 0
0.75 0.75 0 0 0 0 0
0.75 0.75 0 0 0 0 0
0.75 0.75 0 0 0 0 0
0.75 0.75 0 0 0 0 0
0.75 0.75 0 0 0 0 0
0.75 0.75 0 0 0 0 0
0.75 0.75 0 0 0 0 0
0.75 0.75 0 0 0 0 0
0.75 0.75 0 0 0 0 0
0.75 0.75 0 0 0 0 0
0.75 0.75 0 0 0 0 0
0.75 0.75 0 0 0 0 0
0.75 0.75 0 0 0 0 0
0.75 0.75 0 0 0 0 0
0.75 0.75 0 0 0 0 0
0.75 0.75 0 0 0 0 0
0.75 0.75 0 0 0 0 0
0.75 0.75 0 0 0 0 0
0.75 0.75 0 0 0 0 0
0.75 0.75 0 0 0 0 0
0.75 0.75 0 0 0 0 0
0.75 0.75 0 0 0 0 0
0.75 0.75 0 0 0 0 0
0.75 0.75 0 0 0 0 0
0.75 0.75 0 0 0 0 0
0.75 0.75 0 0 0 0 0
0.75 0.75 0 0 0 0 0
0.75 0.75 0 0 0 0 0
0.75 0.75 0 0 0 0 0
0.75 0.75 0 0 0 0 0
0.75 0.75 0 0 0 0 0
0.75 0.75 0 0 0 0 0
0.75 0.75 0 0 0 0 0
0.75 0.75 0 0 0 0 0
0.75 0.75 0 0 0 0 0
0.75 0.75 0 0 0 0 0
0.75 0.75 0 0 0 0 0
0.75 0.75 0 0 0 0 0
0.75 0.75 0 0 0 0 0
0.75 0.75 0 0 0 0 0
0.75 0.75 0 0 0 0 0
0.75 0.75 0 0 0 0 0
0.75 0.75 0 0 0 0 0
0.75 0.75 0 0 0 0 0
0.75 0.75 0 0 0 0 0
0.75 0.75 0 0 0 0 0
0.75 0.75 0 0 0 0 0
0.75 0.75 0 0 0 0 0
0.75 0.75 0 0 0 0 0
0.75 0.75 0 0 0 0 0
0.75 0.75 0 0 0 0 0
0.75 0.75 0 0 0 0 0
0.75 0.75 0 0 0 0 0
0.75 0.75 0 0 0 0 0
0.75 0.75 0 0 0 0 0
0.75 0.75 0 0 0 0 0
0.75 0.75 0 0 0 0 0
0.75 0.75 0 0 0 0 0
0.75 0.75 0 0 0 0 0
0.75 0.75 0 0 0 0 0
0.75 0.75 0 0 0 0 0
0.75 0.75 0 0 0 0 0
0.75 0.75 0 0 0 0 0
0.75 0.75 0 0 0 0 0
0.75 0.75 0 0 0 0 0
0.75 0.75 0 0 0 0 0
0.75 0.75 0 0 0 0 0
0.75 0.75 0 0 0 0 0
0.75 0.75 0 0 0 0 0
0.75 0.75 0 0 0 0 0
0.75 0.75 0 0 0 0 0
0.75 0.75 0 0 0 0 0
0.75 0.75 0 0 0 0 0
0.75 0.75 0 0 0 0 0
0.75 0.75 0 0 0 0 0
0.75 0.75 0 0 0 0 0
0.75 0.75 0 0 0 0 0
0.75 0.75 0 0 0 0 0
0.75 0.75 0 0 0 0 0
0.75 0.75 0 0 0 0 0
0.75 0.75 0 0 0 0 0
0.75 0.75 0 0 0 0 0
0.75 0.75 0 0 0 0 0
0.75 0.75 0 0 0 0 0
0.75 0.75 0 0 0 0 0
0.75 0.75 0 0 0 0 0
0.75 0.75 0 0 0 0 0
0.75 0.75 0 0 0 0 0
0.75 0.75 0 0 0 0 0
0.75 0.75 0 0 0 0 0
0.75 0.75 0 0 0 0 0
0.75 0.75 0 0 0 0 0
0.75 0.75 0 0 0 0 0
0.75 0.75 0 0 0 0 0
0.75 0.75 0 0 0 0 0
0.75 0.75 0 0 0 0 0
0.75 0.75 0 0 0 0 0
0.75 0.75 0 0 0 0 0
0.75 0.75 0 0 0 0 0
0.75 0.75 0 0 0 0 0
0.75 0.75 0 0 0 0 0
0.75 0.75 0 0 0 0 0
0.75 0.75 0 0 0 0 0
0.75 0.75 0 0 0 0 0
0.75 0.75 0 0 0 0 0
0.75 0.75 0 0 0 0 0
0.75 0.75 0 0 0 0 0
0.75 0.75 0 0 0 0 0
0.75 0.75 0 0 0 0 0
0.75 0.75 0 0 0 0 0
0.75 0.75 0 0 0 0 0
0.75 0.75 0 0 0 0 0
0.75 0.75 0 0 0 0 0
0.75 0.75 0 0 0 0 0
0.75 0.75 0 0 0 0 0
0.75 0.75 0 0 0 0 0
0.75 0.75 0 0 0 0 0
0.75 0.75 0 0 0 0 0
0.75 0.75 0 0 0 0 0
0.75 0.75 0 0 0 0 0
0.75 0.75 0 0 0 0 0
0.75 0.75 0 0 0 0 0
0.75 0.75 0 0 0 0 0
0.75 0.75 0 0 0 0 0
0.75 0.75 0 0 0 0 0
0.75 0.75 0 0 0 0 0
0.75 0.75 0 0 0 0 0
0.75 0.75 0 0 0 0 0
0.75 0.75 0 0 0 0 0
0.75 0.75 0 0 0 0 0
0.75 0.75 0 0 0 0 0
0.75 0.75 0 0 0 0 0
0.75 0.75 0 0 0 0 0
0.75 0.75 0 0 0 0 0
0.75 0.75 0 0 0 0 0
0.75 0.75 0 0 0 0 0
0.75 0.75 0 0 0 0 0
0.75 0.75 0 0 0 0 0
0.75 0.75 0 0 0 0 0
0.75 0.75 0 0 0 0 0
0.75 0.75 0 0 0 0 0
0.75 0.75 0 0 0 0 0
0.75 0.75 0 0 0 0 0
0.75 0.75 0 0 0 0 0
0.75 0.75 0 0 0 0 0
0.75 0.75 0 0 0 0 0
0.75 0.75 0 0 0 0 0
0.75 0.75 0 0 0 0 0
0.75 0.75 0 0 0 0 0
0.75 0.75 0 0 0 0 0
0.75 0.75 0 0 0 0 0
0.75 0.75 0 0 0 0 0
0.75 0.75 0 0 0 0 0
0.75 0.75 0 0 0 0 0
0.75 0.75 0 0 0 0 0
0.75 0.75 0 0 0 0 0
0.75 0.75 0 0 0 0 0
0.75 0.75 0 0 0 0 0
0.75 0.75 0 0 0 0 0
0.75 0.75 0 0 0 0 0
0.75 0.75 0 0 0 0 0
0.75 0.75 0 0 0 0 0
0.75 0.75 0 0 0 0 0
0.75 0.75 0 0 0 0 0
0.75 0.75 0 0 0 0 0
0.75 0.75 0 0 0 0 0
0.75 0.75 0 0 0 0 0
0.75 0.75 0 0 0 0 0
0.75 0.75 0 0 0 0 0
0.75 0.75 0 0 0 0 0
0.75 0.75 0 0 0 0 0
0.75 0.75 0 0 0 0 0
0.75 0.75 0 0 0 0 0
0.75 0.75 0 0 0 0 0
0.75 0.75 0 0 0 0 0
0.75 0.75 0 0 0 0 0
0.75 0.75 0 0 0 0 0
0.75 0.75 0 0 0 0 0
0.75 0.75 0 0 0 0 0
0.75 0.75 0 0 0 0 0
0.75 0.75 0 0 0 0 0
0.75 0.75 0 0 0 0 0
0.75 0.75 0 0 0 0 0
0.75 0.75 0 0 0 0 0
0.75 0.75 0 0 0 0 0
0.75 0.75 0 0 0 0 0
0.75 0.75 0 0 0 0 0
0.75 0.75 0 0 0 0 0
0.75 0.75 0 0 0 0 0
0.75 0.75 0 0 0 0 0
0.75 0.75 0 0 0 0 0
0.75 0.75 0 0 0 0 0
0.75 0.75 0 0 0 0 0
0.75 0.75 0 0 0 0 0
0.75 0.75 0 0 0 0 0
0.75 0.75 0 0 0 0 0
0.75 0.75 0 0 0 0 0
0.75 0.75 0 0 0 0 0
0.75 0.75 0 0 0 0 0
0.75 0.75 0 0 0 0 0
0.75 0.75 0 0 0 0 0
0.75 0.75 0 0 0 0 0
0.75 0.75 0 0 0 0 0
0.75 0.75 0 0 0 0 0
0.75 0.75 0 0 0 0 0
0.75 0.75 0 0 0 0 0
0.75 0.75 0 0 0 0 0
0.75 0.75 0 0 0 0 0
0.75 0.75 0 0 0 0 0
0.75 0.75 0 0 0 0 0
0.75 0.75 0 0 0 0 0
0.75 0.75 0 0 0 0 0
0.75 0.75 0 0 0 0 0
0.75 0.75 0 0 0 0 0
0.75 0.75 0 0 0 0 0
0.75 0.75 0 0 0 0 0
0.75 0.75 0 0 0 0 0
0.75 0.75 0 0 0 0 0
0.75 0.75 0 0 0 0 0
0.75 0.75 0 0 0 0 0
0.75 0.75 0 0 0 0 0
0.75 0.75 0 0 0 0 0
0.75 0.75 0 0 0 0 0
0.75 0.75 0 0 0 0 0
0.75 0.75 0 0 0 0 0
0.75 0.75 0 0 0 0 0
0.75 0.75 0 0 0 0 0
0.75 0.75 0 0 0 0 0
0.75 0.75 0 0 0 0 0
0.75 0.75 0 0 0 0 0
0.75 0.75 0 0 0 0 0
0.75 0.75 0 0 0 0 0
0.75 0.75 0 0 0 0 0
0.75 0.75 0 0 0 0 0
0.75 0.75 0 0 0 0 0
0.75 0.75 0 0 0 0 0
0.75 0.75 0 0 0 0 0
0.75 0.75 0 0 0 0 0
0.75 0.75 0 0 0 0 0
0.75 0.75 0 0 0 0 0
0.75 0.75 0 0 0 0 0
0.75 0.75 0 0 0 0 0
0.75 0.75 0 0 0 0 0
0.75 0.75 0 0 0 0 0
0.75 0.75 0 0 0 0 0
0.75 0.75 0 0 0 0 0
0.75 0.75 0 0 0 0 0
0.75 0.75 0 0 0 0 0
0.75 0.75 0 0 0 0 0
0.75 0.75 0 0 0 0 0
0.75 0.75 0 0 0 0 0
0.75 0.75 0 0 0 0 0
0.75 0.75 0 0 0 0 0
0.75 0.75 0 0 0 0 0
0.75 0.75 0 0 0 0 0
0.75 0.75 0 0 0 0 0
0.75 0.75 0 0 0 0 0
0.75 0.75 0 0 0 0 0
0.75 0.75 0 0 0 0 0
0.75 0.75 0 0 0 0 0
0.75 0.75 0 0 0 0 0
0.75 0.75 0 0 0 0 0
0.75 0.75 0 0 0 0 0
0.75 0.75 0 0 0 0 0
0.75 0.75 0 0 0 0 0
0.75 0.75 0 0 0 0 0
0.75 0.75 0 0 0 0 0
0.75 0.75 0 0 0 0 0
0.75 0.75 0 0 0 0 0
0.75 0.75 0 0 0 0 0
0.75 0.75 0 0 0 0 0
0.75 0.75 0 0 0 0 0
0.75 0.75 0 0 0 0 0
0.75 0.75 0 0 0 0 0
0.75 0.75 0 0 0 0 0
0.75 0.75 0 0 0 0 0
0.75 0.75 0 0 0 0 0
0.75 0.75 0 0 0 0 0
0.75 0.75 0 0 0 0 0
0.75 0.75 0 0 0 0 0
0.75 0.75 0 0 0 0 0
0.75 0.75 0 0 0 0 0
0.75 0.75 0 0 0 0 0
0.75 0.75 0 0 0 0 0
0.75 0.75 0 0 0 0 0
0.75 0.75 0 0 0 0 0
0.75 0.75 0 0 0 0 0
0.75 0.75 0 0 0 0 0
0.75 0.75 0 0 0 0 0
0.75 0.75 0 0 0 0 0
0.75 0.75 0 0 0 0 0
0.75 0.75 0 0 0 0 0
0.75 0.75 0 0 0 0 0
0.75 0.75 0 0 0 0 0
0.75 0.75 0 0 0 0 0
0.75 0.75 0 0 0 0 0
0.75 0.75 0 0 0 0 0
0.75 0.75 0 0 0 0 0
0.75 0.75 0 0 0 0 0
0.75 0.75 0 0 0 0 0
0.75 0.75 0 0 0 0 0
0.75 0.75 0 0 0 0 0
0.75 0.75 0 0 0 0 0
0.75 0.75 0 0 0 0 0
0.75 0.75 0 0 0 0 0
0.75 0.75 0 0 0 0 0
0.75 0.75 0 0 0 0 0
0.75 0.75 0 0 0 0 0
0.75 0.75 0 0 0 0 0
0.75 0.75 0 0 0 0 0
0.75 0.75 0 0 0 0 0
0.75 0.75 0 0 0 0 0
0.75 0.75 0 0 0 0 0
0.75 0.75 0 0 0 0 0
0.75 0.75 0 0 0 0 0
0.75 0.75 0 0 0 0 0
0.75 0.75 0 0 0 0 0
0.75 0.75 0 0 0 0 0
0.75 0.75 0 0 0 0 0
0.75 0.75 0 0 0 0 0
0.75 0.75 0 0 0 0 0
0.75 0.75 0 0 0 0 0
0.75 0.75 0 0 0 0 0
0.75 0.75 0 0 0 0 0
0.75 0.75 0 0 0 0 0
0.75 0.75 0 0 0 0 0
0.75 0.75 0 0 0 0 0
0.75 0.75 0 0 0 0 0
0.75 0.75 0 0 0 0 0
0.75 0.75 0 0 0 0 0
0.75 0.75 0 0 0 0 0
0.75 0.75 0 0 0 0 0
0.75 0.75 0 0 0 0 0
0.75 0.75 0 0 0 0 0
0.75 0.75 0 0 0 0 0
0.75 0.75 0 0 0 0 0
0.75 0.75 0 0 0 0 0
0.75 0.75 0 0 0 0 0
0.75 0.75 0 0 0 0 0
0.75 0.75 0 0 0 0 0
0.75 0.75 0 0 0 0 0
0.75 0.75 0 0 0 0 0
0.75 0.75 0 0 0 0 0
0.75 0.75 0 0 0 0 0
0.75 0.75 0 0 0 0 0
0.75 0.75 0 0 0 0 0
0.75 0.75 0 0 0 0 0
0.75 0.75 0 0 0 0 0
0.75 0.75 0 0 0 0 0
0.75 0.75 0 0 0 0 0
0.75 0.75 0 0 0 0 0
0.75 0.75 0 0 0 0 0
0.75 0.75 0 0 0 0 0
0.75 0.75 0 0 0 0 0
0.75 0.75 0 0 0 0 0
0.75 0.75 0 0 0 0 0
0.75 0.75 0 0 0 0 0
0.75 0.75 0 0 0 0 0
0.75 0.75 0 0 0 0 0
0.75 0.75 0 0 0 0 0
0.75 0.75 0 0 0 0 0
0.75 0.75 0 0 0 0 0
0.75 0.75 0 0 0 0 0
0.75 0.75 0 0 0 0 0
0.75 0.75 0 0 0 0 0
0.75 0.75 0 0 0 0 0
0.75 0.75 0 0 0 0 0
0.75 0.75 0 0 0 0 0
0.75 0.75 0 0 0 0 0
0.75 0.75 0 0 0 0 0
0.75 0.75 0 0 0 0 0
0.75 0.75 0 0 0 0 0
0.75 0.75 0 0 0 0 0
0.75 0.75 0 0 0 0 0
0.75 0.75 0 0 0 0 0
0.75 0.75 0 0 0 0 0
0.75 0.75 0 0 0 0 0
0.75 0.75 0 0 0 0 0
0.75 0.75 0 0 0 0 0
0.75 0.75 0 0 0 0 0
0.75 0.75 0 0 0 0 0
0.75 0.75 0 0 0 0 0
0.75 0.75 0 0 0 0 0
0.75 0.75 0 0 0 0 0
0.75 0.75 0 0 0 0 0
0.75 0.75 0 0 0 0 0
0.75 0.75 0 0 0 0 0
0.75 0.75 0 0 0 0 0
0.75 0.75 0 0 0 0 0
0.75 0.75 0 0 0 0 0
0.75 0.75 0 0 0 0 0
0.75 0.75 0 0 0 0 0
0.75 0.75 0 0 0 0 0
0.75 0.75 0 0 0 0 0
0.75 0.75 0 0 0 0 0
0.75 0.75 0 0 0 0 0
0.75 0.75 0 0 0 0 0
0.75 0.75 0 0 0 0 0
0.75 0.75 0 0 0 0 0
0.75 0.75 0 0 0 0 0
0.75 0.75 0 0 0 0 0
0.75 0.75 0 0 0 0 0
0.75 0.75 0 0 0 0 0
0.75 0.75 0 0 0 0 0
0.75 0.75 0 0 0 0 0
0.75 0.75 0 0 0 0 0
0.75 0.75 0 0 0 0 0
0.75 0.75 0 0 0 0 0
0.75 0.75 0 0 0 0 0
0.75 0.75 0 0 0 0 0
0.75 0.75 0 0 0 0 0
0.75 0.75 0 0 0 0 0
0.75 0.75 0 0 0 0 0
0.75 0.75 0 0 0 0 0
0.75 0.75 0 0 0 0 0
0.75 0.75 0 0 0 0 0
0.75 0.75 0 0 0 0 0
0.75 0.75 0 0 0 0 0
0.75 0.75 0 0 0 0 0
0.75 0.75 0 0 0 0 0
0.75 0.75 0 0 0 0 0
0.75 0.75 0 0 0 0 0
0.75 0.75 0 0 0 0 0
0.75 0.75 0 0 0 0 0
0.75 0.75 0 0 0 0 0
0.75 0.75 0 0 0 0 0
0.75 0.75 0 0 0 0 0
0.75 0.75 0 0 0 0 0
0.75 0.75 0 0 0 0 0
0.75 0.75 0 0 0 0 0
0.75 0.75 0 0 0 0 0
0.75 0.75 0 0 0 0 0
0.75 0.75 0 0 0 0 0
0.75 0.75 0 0 0 0 0
0.75 0.75 0 0 0 0 0
0.75 0.75 0 0 0 0 0
0.75 0.75 0 0 0 0 0
0.75 0.75 0 0 0 0 0
0.75 0.75 0 0 0 0 0
0.75 0.75 0 0 0 0 0
0.75 0.75 0 0 0 0 0
0.75 0.75 0 0 0 0 0
0.75 0.75 0 0 0 0 0
0.75 0.75 0 0 0 0 0
0.75 0.75 0 0 0 0 0
0.75 0.75 0 0 0 0 0
0.75 0.75 0 0 0 0 0
0.75 0.75 0 0 0 0 0
0.75 0.75 0 0 0 0 0
0.75 0.75 0 0 0 0 0
0.75 0.75 0 0 0 0 0
0.75 0.75 0 0 0 0 0
0.75 0.75 0 0 0 0 0
0.75 0.75 0 0 0 0 0
0.75 0.75 0 0 0 0 0
0.75 0.75 0 0 0 0 0
0.75 0.75 0 0 0 0 0
0.75 0.75 0 0 0 0 0
0.75 0.75 0 0 0 0 0
0.75 0.75 0 0 0 0 0
0.75 0.75 0 0 0 0 0
0.75 0.75 0 0 0 0 0
0.75 0.75 0 0 0 0 0
0.75 0.75 0 0 0 0 0
0.75 0.75 0 0 0 0 0
0.75 0.75 0 0 0 0 0
0.75 0.75 0 0 0 0 0
0.75 0.75 0 0 0 0 0
0.75 0.75 0 0 0 0 0
0.75 0.75 0 0 0 0 0
0.75 0.75 0 0 0 0 0
0.75 0.75 0 0 0 0 0
0.75 0.75 0 0 0 0 0
0.75 0.75 0 0 0 0 0
0.75 0.75 0 0 0 0 0
0.75 0.75 0 0 0 0 0
0.75 0.75 0 0 0 0 0
0.75 0.75 0 0 0 0 0
0.75 0.75 0 0 0 0 0
0.75 0.75 0 0 0 0 0
0.75 0.75 0 0 0 0 0
0.75 0.75 0 0 0 0 0
0.75 0.75 0 0 0 0 0
0.75 0.75 0 0 0 0 0
0.75 0.75 0 0 0 0 0
0.75 0.75 0 0 0 0 0
0.75 0.75 0 0 0 0 0
0.75 0.75 0 0 0 0 0
0.75 0.75 0 0 0 0 0
0.75 0.75 0 0 0 0 0
0.75 0.75 0 0 0 0 0
0.75 0.75 0 0 0 0 0
0.75 0.75 0 0 0 0 0
0.75 0.75 0 0 0 0 0
0.75 0.75 0 0 0 0 0
0.75 0.75 0 0 0 0 0
0.75 0.75 0 0 0 0 0
0.75 0.75 0 0 0 0 0
0.75 0.75 0 0 0 0 0
0.75 0.75 0 0 0 0 0
0.75 0.75 0 0 0 0 0
0.75 0.75 0 0 0 0 0
0.75 0.75 0 0 0 0 0
0.75 0.75 0 0 0 0 0
0.75 0.75 0 0 0 0 0
0.75 0.75 0 0 0 0 0
0.75 0.75 0 0 0 0 0
0.75 0.75 0 0 0 0 0
0.75 0.75 0 0 0 0 0
0.75 0.75 0 0 0 0 0
0.75 0.75 0 0 0 0 0
0.75 0.75 0 0 0 0 0
0.75 0.75 0 0 0 0 0
0.75 0.75 0 0 0 0 0
0.75 0.75 0 0 0 0 0
0.75 0.75 0 0 0 0 0
0.75 0.75 0 0 0 0 0
0.75 0.75 0 0 0 0 0
0.75 0.75 0 0 0 0 0
0.75 0.75 0 0 0 0 0
0.75 0.75 0 0 0 0 0
0.75 0.75 0 0 0 0 0
0.75 0.75 0 0 0 0 0
0.75 0.75 0 0 0 0 0
0.75 0.75 0 0 0 0 0
0.75 0.75 0 0 0 0 0
0.75 0.75 0 0 0 0 0
0.75 0.75 0 0 0 0 0
0.75 0.75 0 0 0 0 0
0.75 0.75 0 0 0 0 0
0.75 0.75 0 0 0 0 0
0.75 0.75 0 0 0 0 0
0.75 0.75 0 0 0 0 0
0.75 0.75 0 0 0 0 0
0.75 0.75 0 0 0 0 0
0.75 0.75 0 0 0 0 0
0.75 0.75 0 0 0 0 0
0.75 0.75 0 0 0 0 0
0.75 0.75 0 0 0 0 0
0.75 0.75 0 0 0 0 0
0.75 0.75 0 0 0 0 0
0.75 0.75 0 0 0 0 0
0.75 0.75 0 0 0 0 0
0.75 0.75 0 0 0 0 0
0.75 0.75 0 0 0 0 0
0.75 0.75 0 0 0 0 0
0.75 0.75 0 0 0 0 0
0.75 0.75 0 0 0 0 0
0.75 0.75 0 0 0 0 0
0.75 0.75 0 0 0 0 0
0.75 0.75 0 0 0 0 0
0.75 0.75 0 0 0 0 0
0.75 0.75 0 0 0 0 0
0.75 0.75 0 0 0 0 0
0.75 0.75 0 0 0 0 0
0.75 0.75 0 0 0 0 0
0.75 0.75 0 0 0 0 0
0.75 0.75 0 0 0 0 0
0.75 0.75 0 0 0 0 0
0.75 0.75 0 0 0 0 0
0.75 0.75 0 0 0 0 0
0.75 0.75 0 0 0 0 0
0.75 0.75 0 0 0 0 0
0.75 0.75 0 0 0 0 0
0.75 0.75 0 0 0 0 0
0.75 0.75 0 0 0 0 0
0.75 0.75 0 0 0 0 0
0.75 0.75 0 0 0 0 0
0.75 0.75 0 0 0 0 0
0.75 0.75 0 0 0 0 0
0.75 0.75 0 0 0 0 0
0.75 0.75 0 0 0 0 0
0.75 0.75 0 0 0 0 0
0.75 0.75 0 0 0 0 0
0.75 0.75 0 0 0 0 0
0.75 0.75 0 0 0 0 0
0.75 0.75 0 0 0 0 0
0.75 0.75 0 0 0 0 0
0.75 0.75 0 0 0 0 0
0.75 0.75 0 0 0 0 0
0.75 0.75 0 0 0 0 0
0.75 0.75 0 0 0 0 0
0.75 0.75 0 0 0 0 0
0.75 0.75 0 0 0 0 0
0.75 0.75 0 0 0 0 0
0.75 0.75 0 0 0 0 0
0.75 0.75 0 0 0 0 0
0.75 0.75 0 0 0 0 0
0.75 0.75 0 0 0 0 0
0.75 0.75 0 0 0 0 0
0.75 0.75 0 0 0 0 0
0.75 0.75 0 0 0 0 0
0.75 0.75 0 0 0 0 0
0.75 0.75 0 0 0 0 0
0.75 0.75 0 0 0 0 0
0.75 0.75 0 0 0 0 0
0.75 0.75 0 0 0 0 0
0.75 0.75 0 0 0 0 0
0.75 0.75 0 0 0 0 0
0.75 0.75 0 0 0 0 0
0.75 0.75 0 0 0 0 0
0.75 0.75 0 0 0 0 0
0.75 0.75 0 0 0 0 0
0.75 0.75 0 0 0 0 0
0.75 0.75 0 0 0 0 0
0.75 0.75 0 0 0 0 0
0.75 0.75 0 0 0 0 0
0.75 0.75 0 0 0 0 0
0.75 0.75 0 0 0 0 0
0.75 0.75 0 0 0 0 0
0.75 0.75 0 0 0 0 0
0.75 0.75 0 0 0 0 0
0.75 0.75 0 0 0 0 0
0.75 0.75 0 0 0 0 0
0.75 0.75 0 0 0 0 0
0.75 0.75 0 0 0 0 0
0.75 0.75 0 0 0 0 0
0.75 0.75 0 0 0 0 0
0.75 0.75 0 0 0 0 0
0.75 0.75 0 0 0 0 0
0.75 0.75 0 0 0 0 0
0.75 0.75 0 0 0 0 0
0.75 0.75 0 0 0 0 0
0.75 0.75 0 0 0 0 0
0.75 0.75 0 0 0 0 0
0.75 0.75 0 0 0 0 0
0.75 0.75 0 0 0 0 0
0.75 0.75 0 0 0 0 0
0.75 0.75 0 0 0 0 0
0.75 0.75 0 0 0 0 0
0.75 0.75 0 0 0 0 0
0.75 0.75 0 0 0 0 0
0.75 0.75 0 0 0 0 0
0.75 0.75 0 0 0 0 0
0.75 0.75 0 0 0 0 0
0.75 0.75 0 0 0 0 0
0.75 0.75 0 0 0 0 0
0.75 0.75 0 0 0 0 0
0.75 0.75 0 0 0 0 0
0.75 0.75 0 0 0 0 0
0.75 0.75 0 0 0 0 0
0.75 0.75 0 0 0 0 0
0.75 0.75 0 0 0 0 0
0.75 0.75 0 0 0 0 0
0.75 0.75 0 0 0 0 0
0.75 0.75 0 0 0 0 0
0.75 0.75 0 0 0 0 0
0.75 0.75 0 0 0 0 0
0.75 0.75 0 0 0 0 0
0.75 0.75 0 0 0 0 0
0.75 0.75 0 0 0 0 0
0.75 0.75 0 0 0 0 0
0.75 0.75 0 0 0 0 0
0.75 0.75 0 0 0 0 0
0.75 0.75 0 0 0 0 0
0.75 0.75 0 0 0 0 0
0.75 0.75 0 0 0 0 0
0.75 0.75 0 0 0 0 0
0.75 0.75 0 0 0 0 0
0.75 0.75 0 0 0 0 0
0.75 0.75 0 0 0 0 0
0.75 0.75 0 0 0 0 0
0.75 0.75 0 0 0 0 0
0.75 0.75 0 0 0 0 0
0.75 0.75 0 0 0 0 0
0.75 0.75 0 0 0 0 0
0.75 0.75 0 0 0 0 0
0.75 0.75 0 0 0 0 0
0.75 0.75 0 0 0 0 0
0.75 0.75 0 0 0 0 0
0.75 0.75 0 0 0 0 0
0.75 0.75 0 0 0 0 0
0.75 0.75 0 0 0 0 0
0.75 0.75 0 0 0 0 0
0.75 0.75 0 0 0 0 0
0.75 0.75 0 0 0 0 0
0.75 0.75 0 0 0 0 0
0.75 0.75 0 0 0 0 0
0.75 0.75 0 0 0 0 0
0.75 0.75 0 0 0 0 0
0.75 0.75 0 0 0 0 0
0.75 0.75 0 0 0 0 0
0.75 0.75 0 0 0 0 0
0.75 0.75 0 0 0 0 0
0.75 0.75 0 0 0 0 0
0.75 0.75 0 0 0 0 0
0.75 0.75 0 0 0 0 0
0.75 0.75 0 0 0 0 0
0.75 0.75 0 0 0 0 0
0.75 0.75 0 0 0 0 0
0.75 0.75 0 0 0 0 0
0.75 0.75 0 0 0 0 0
0.75 0.75 0 0 0 0 0
0.75 0.75 0 0 0 0 0
0.75 0.75 0 0 0 0 0
0.75 0.75 0 0 0 0 0
0.75 0.75 0 0 0 0 0
0.75 0.75 0 0 0 0 0
0.75 0.75 0 0 0 0 0
0.75 0.75 0 0 0 0 0
0.75 0.75 0 0 0 0 0
0.75 0.75 0 0 0 0 0
0.75 0.75 0 0 0 0 0
0.75 0.75 0 0 0 0 0
0.75 0.75 0 0 0 0 0
0.75 0.75 0 0 0 0 0
0.75 0.75 0 0 0 0 0
0.75 0.75 0 0 0 0 0
0.75 0.75 0 0 0 0 0
0.75 0.75 0 0 0 0 0
0.75 0.75 0 0 0 0 0
0.75 0.75 0 0 0 0 0
0.75 0.75 0 0 0 0 0
0.75 0.75 0 0 0 0 0
0.75 0.75 0 0 0 0 0
0.75 0.75 0 0 0 0 0
0.75 0.75 0 0 0 0 0
0.75 0.75 0 0 0 0 0
0.75 0.75 0 0 0 0 0
0.75 0.75 0 0 0 0 0
0.75 0.75 0 0 0 0 0
0.75 0.75 0 0 0 0 0
0.75 0.75 0 0 0 0 0
0.75 0.75 0 0 0 0 0
0.75 0.75 0 0 0 0 0
0.75 0.75 0 0 0 0 0
0.75 0.75 0 0 0 0 0
0.75 0.75 0 0 0 0 0
0.75 0.75 0 0 0 0 0
0.75 0.75 0 0 0 0 0
0.75 0.75 0 0 0 0 0
0.75 0.75 0 0 0 0 0
0.75 0.75 0 0 0 0 0
0.75 0.75 0 0 0 0 0
0.75 0.75 0 0 0 0 0
0.75 0.75 0 0 0 0 0
0.75 0.75 0 0 0 0 0
0.75 0.75 0 0 0 0 0
0.75 0.75 0 0 0 0 0
0.75 0.75 0 0 0 0 0
0.75 0.75 0 0 0 0 0
0.75 0.75 0 0 0 0 0
0.75 0.75 0 0 0 0 0
0.75 0.75 0 0 0 0 0
0.75 0.75 0 0 0 0 0
0.75 0.75 0 0 0 0 0
0.75 0.75 0 0 0 0 0
0.75 0.75 0 0 0 0 0
0.75 0.75 0 0 0 0 0
0.75 0.75 0 0 0 0 0
0.75 0.75 0 0 0 0 0
0.75 0.75 0 0 0 0 0
0.75 0.75 0 0 0 0 0
0.75 0.75 0 0 0 0 0
0.75 0.75 0 0 0 0 0
0.75 0.75 0 0 0 0 0
0.75 0.75 0 0 0 0 0
0.75 0.75 0 0 0 0 0
0.75 0.75 0 0 0 0 0
0.75 0.75 0 0 0 0 0
0.75 0.75 0 0 0 0 0
0.75 0.75 0 0 0 0 0
0.75 0.75 0 0 0 0 0
0.75 0.75 0 0 0 0 0
0.75 0.75 0 0 0 0 0
0.75 0.75 0 0 0 0 0
0.75 0.75 0 0 0 0 0
0.75 0.75 0 0 0 0 0
0.75 0.75 0 0 0 0 0
0.75 0.75 0 0 0 0 0
0.75 0.75 0 0 0 0 0
0.75 0.75 0 0 0 0 0
0.75 0.75 0 0 0 0 0
0.75 0.75 0 0 0 0 0
0.75 0.75 0 0 0 0 0
0.75 0.75 0 0 0 0 0
0.75 0.75 0 0 0 0 0
0.75 0.75 0 0 0 0 0
0.75 0.75 0 0 0 0 0
0.75 0.75 0 0 0 0 0
0.75 0.75 0 0 0 0 0
0.75 0.75 0 0 0 0 0
0.75 0.75 0 0 0 0 0
0.75 0.75 0 0 0 0 0
0.75 0.75 0 0 0 0 0
0.75 0.75 0 0 0 0 0
0.75 0.75 0 0 0 0 0
0.75 0.75 0 0 0 0 0
0.75 0.75 0 0 0 0 0
0.75 0.75 0 0 0 0 0
0.75 0.75 0 0 0 0 0
0.75 0.75 0 0 0 0 0
0.75 0.75 0 0 0 0 0
0.75 0.75 0 0 0 0 0
0.75 0.75 0 0 0 0 0
0.75 0.75 0 0 0 0 0
0.75 0.75 0 0 0 0 0
0.75 0.75 0 0 0 0 0
0.75 0.75 0 0 0 0 0
0.75 0.75 0 0 0 0 0
0.75 0.75 0 0 0 0 0
0.75 0.75 0 0 0 0 0
0.75 0.75 0 0 0 0 0
0.75 0.75 0 0 0 0 0
0.75 0.75 0 0 0 0 0
0.75 0.75 0 0 0 0 0
0.75 0.75 0 0 0 0 0
0.75 0.75 0 0 0 0 0
0.75 0.75 0 0 0 0 0
0.75 0.75 0 0 0 0 0
0.75 0.75 0 0 0 0 0
0.75 0.75 0 0 0 0 0
0.75 0.75 0 0 0 0 0
0.75 0.75 0 0 0 0 0
0.75 0.75 0 0 0 0 0
0.75 0.75 0 0 0 0 0
0.75 0.75 0 0 0 0 0
0.75 0.75 0 0 0 0 0
0.75 0.75 0 0 0 0 0
0.75 0.75 0 0 0 0 0
0.75 0.75 0 0 0 0 0
0.75 0.75 0 0 0 0 0
0.75 0.75 0 0 0 0 0
0.75 0.75 0 0 0 0 0
0.75 0.75 0 0 0 0 0
0.75 0.75 0 0 0 0 0
0.75 0.75 0 0 0 0 0
0.75 0.75 0 0 0 0 0
0.75 0.75 0 0 0 0 0
0.75 0.75 0 0 0 0 0
0.75 0.75 0 0 0 0 0
0.75 0.75 0 0 0 0 0
0.75 0.75 0 0 0 0 0
0.75 0.75 0 0 0 0 0
0.75 0.75 0 0 0 0 0
0.75 0.75 0 0 0 0 0
0.75 0.75 0 0 0 0 0
0.75 0.75 0 0 0 0 0
0.75 0.75 0 0 0 0 0
0.75 0.75 0 0 0 0 0
0.75 0.75 0 0 0 0 0
0.75 0.75 0 0 0 0 0
0.75 0.75 0 0 0 0 0
0.75 0.75 0 0 0 0 0
0.75 0.75 0 0 0 0 0
0.75 0.75 0 0 0 0 0
0.75 0.75 0 0 0 0 0
0.75 0.75 0 0 0 0 0
0.75 0.75 0 0 0 0 0
0.75 0.75 0 0 0 0 0
0.75 0.75 0 0 0 0 0
0.75 0.75 0 0 0 0 0
0.75 0.75 0 0 0 0 0
0.75 0.75 0 0 0 0 0
0.75 0.75 0 0 0 0 0
0.75 0.75 0 0 0 0 0
0.75 0.75 0 0 0 0 0
0.75 0.75 0 0 0 0 0
0.75 0.75 0 0 0 0 0
0.75 0.75 0 0 0 0 0
0.75 0.75 0 0 0 0 0
0.75 0.75 0 0 0 0 0
0.75 0.75 0 0 0 0 0
0.75 0.75 0 0 0 0 0
0.75 0.75 0 0 0 0 0
0.75 0.75 0 0 0 0 0
0.75 0.75 0 0 0 0 0
0.75 0.75 0 0 0 0 0
0.75 0.75 0 0 0 0 0
0.75 0.75 0 0 0 0 0
0.75 0.75 0 0 0 0 0
0.75 0.75 0 0 0 0 0
0.75 0.75 0 0 0 0 0
0.75 0.75 0 0 0 0 0
0.75 0.75 0 0 0 0 0
0.75 0.75 0 0 0 0 0
0.75 0.75 0 0 0 0 0
0.75 0.75 0 0 0 0 0
0.75 0.75 0 0 0 0 0
0.75 0.75 0 0 0 0 0
0.75 0.75 0 0 0 0 0
0.75 0.75 0 0 0 0 0
0.75 0.75 0 0 0 0 0
0.75 0.75 0 0 0 0 0
0.75 0.75 0 0 0 0 0
0.75 0.75 0 0 0 0 0
0.75 0.75 0 0 0 0 0
0.75 0.75 0 0 0 0 0
0.75 0.75 0 0 0 0 0
0.75 0.75 0 0 0 0 0
0.75 0.75 0 0 0 0 0
0.75 0.75 0 0 0 0 0
0.75 0.75 0 0 0 0 0
0.75 0.75 0 0 0 0 0
0.75 0.75 0 0 0 0 0
0.75 0.75 0 0 0 0 0
0.75 0.75 0 0 0 0 0
0.75 0.75 0 0 0 0 0
0.75 0.75 0 0 0 0 0
0.75 0.75 0 0 0 0 0
0.75 0.75 0 0 0 0 0
0.75 0.75 0 0 0 0 0
0.75 0.75 0 0 0 0 0
0.75 0.75 0 0 0 0 0
0.75 0.75 0 0 0 0 0
0.75 0.75 0 0 0 0 0
0.75 0.75 0 0 0 0 0
0.75 0.75 0 0 0 0 0
0.75 0.75 0 0 0 0 0
0.75 0.75 0 0 0 0 0
0.75 0.75 0 0 0 0 0
0.75 0.75 0 0 0 0 0
0.75 0.75 0 0 0 0 0
0.75 0.75 0 0 0 0 0
0.75 0.75 0 0 0 0 0
0.75 0.75 0 0 0 0 0
0.75 0.75 0 0 0 0 0
0.75 0.75 0 0 0 0 0
0.75 0.75 0 0 0 0 0
0.75 0.75 0 0 0 0 0
0.75 0.75 0 0 0 0 0
0.75 0.75 0 0 0 0 0
0.75 0.75 0 0 0 0 0
0.75 0.75 0 0 0 0 0
0.75 0.75 0 0 0 0 0
0.75 0.75 0 0 0 0 0
0.75 0.75 0 0 0 0 0
0.75 0.75 0 0 0 0 0
0.75 0.75 0 0 0 0 0
0.75 0.75 0 0 0 0 0
0.75 0.75 0 0 0 0 0
0.75 0.75 0 0 0 0 0
0.75 0.75 0 0 0 0 0
0.75 0.75 0 0 0 0 0
0.75 0.75 0 0 0 0 0
0.75 0.75 0 0 0 0 0
0.75 0.75 0 0 0 0 0
0.75 0.75 0 0 0 0 0
0.75 0.75 0 0 0 0 0
0.75 0.75 0 0 0 0 0
0.75 0.75 0 0 0 0 0
0.75 0.75 0 0 0 0 0
0.75 0.75 0 0 0 0 0
0.75 0.75 0 0 0 0 0
0.75 0.75 0 0 0 0 0
0.75 0.75 0 0 0 0 0
0.75 0.75 0 0 0 0 0
0.75 0.75 0 0 0 0 0
0.75 0.75 0 0 0 0 0
0.75 0.75 0 0 0 0 0
0.75 0.75 0 0 0 0 0
0.75 0.75 0 0 0 0 0
0.75 0.75 0 0 0 0 0
0.75 0.75 0 0 0 0 0
0.75 0.75 0 0 0 0 0
0.75 0.75 0 0 0 0 0
0.75 0.75 0 0 0 0 0
0.75 0.75 0 0 0 0 0
0.75 0.75 0 0 0 0 0
0.75 0.75 0 0 0 0 0
0.75 0.75 0 0 0 0 0
0.75 0.75 0 0 0 0 0
0.75 0.75 0 0 0 0 0
0.75 0.75 0 0 0 0 0
0.75 0.75 0 0 0 0 0
0.75 0.75 0 0 0 0 0
0.75 0.75 0 0 0 0 0
0.75 0.75 0 0 0 0 0
0.75 0.75 0 0 0 0 0
0.75 0.75 0 0 0 0 0
0.75 0.75 0 0 0 0 0
0.75 0.75 0 0 0 0 0
0.75 0.75 0 0 0 0 0
0.75 0.75 0 0 0 0 0
0.75 0.75 0 0 0 0 0
0.75 0.75 0 0 0 0 0
0.75 0.75 0 0 0 0 0
0.75 0.75 0 0 0 0 0
0.75 0.75 0 0 0 0 0
0.75 0.75 0 0 0 0 0
0.75 0.75 0 0 0 0 0
0.75 0.75 0 0 0 0 0
0.75 0.75 0 0 0 0 0
0.75 0.75 0 0 0 0 0
0.75 0.75 0 0 0 0 0
0.75 0.75 0 0 0 0 0
0.75 0.75 0 0 0 0 0
0.75 0.75 0 0 0 0 0
0.75 0.75 0 0 0 0 0
0.75 0.75 0 0 0 0 0
0.75 0.75 0 0 0 0 0
0.75 0.75 0 0 0 0 0
0.75 0.75 0 0 0 0 0
0.75 0.75 0 0 0 0 0
0.75 0.75 0 0 0 0 0
0.75 0.75 0 0 0 0 0
0.75 0.75 0 0 0 0 0
0.75 0.75 0 0 0 0 0
0.75 0.75 0 0 0 0 0
0.75 0.75 0 0 0 0 0
0.75 0.75 0 0 0 0 0
0.75 0.75 0 0 0 0 0
0.75 0.75 0 0 0 0 0
0.75 0.75 0 0 0 0 0
0.75 0.75 0 0 0 0 0
0.75 0.75 0 0 0 0 0
0.75 0.75 0 0 0 0 0
0.75 0.75 0 0 0 0 0
0.75 0.75 0 0 0 0 0
0.75 0.75 0 0 0 0 0
0.75 0.75 0 0 0 0 0
0.75 0.75 0 0 0 0 0
0.75 0.75 0 0 0 0 0
0.75 0.75 0 0 0 0 0
0.75 0.75 0 0 0 0 0
0.75 0.75 0 0 0 0 0
0.75 0.75 0 0 0 0 0
0.75 0.75 0 0 0 0 0
0.75 0.75 0 0 0 0 0
0.75 0.75 0 0 0 0 0
0.75 0.75 0 0 0 0 0
0.75 0.75 0 0 0 0 0
0.75 0.75 0 0 0 0 0
0.75 0.75 0 0 0 0 0
0.75 0.75 0 0 0 0 0
0.75 0.75 0 0 0 0 0
0.75 0.75 0 0 0 0 0
0.75 0.75 0 0 0 0 0
0.75 0.75 0 0 0 0 0
0.75 0.75 0 0 0 0 0
0.75 0.75 0 0 0 0 0
0.75 0.75 0 0 0 0 0
0.75 0.75 0 0 0 0 0
0.75 0.75 0 0 0 0 0
0.75 0.75 0 0 0 0 0
0.75 0.75 0 0 0 0 0
0.75 0.75 0 0 0 0 0
0.75 0.75 0 0 0 0 0
0.75 0.75 0 0 0 0 0
0.75 0.75 0 0 0 0 0
0.75 0.75 0 0 0 0 0
0.75 0.75 0 0 0 0 0
0.75 0.75 0 0 0 0 0
0.75 0.75 0 0 0 0 0
0.75 0.75 0 0 0 0 0
0.75 0.75 0 0 0 0 0
0.75 0.75 0 0 0 0 0
0.75 0.75 0 0 0 0 0
0.75 0.75 0 0 0 0 0
0.75 0.75 0 0 0 0 0
0.75 0.75 0 0 0 0 0
0.75 0.75 0 0 0 0 0
0.75 0.75 0 0 0 0 0
0.75 0.75 0 0 0 0 0
0.75 0.75 0 0 0 0 0
0.75 0.75 0 0 0 0 0
0.75 0.75 0 0 0 0 0
0.75 0.75 0 0 0 0 0
0.75 0.75 0 0 0 0 0
0.75 0.75 0 0 0 0 0
0.75 0.75 0 0 0 0 0
0.75 0.75 0 0 0 0 0
0.75 0.75 0 0 0 0 0
0.75 0.75 0 0 0 0 0
0.75 0.75 0 0 0 0 0
0.75 0.75 0 0 0 0 0
0.75 0.75 0 0 0 0 0
0.75 0.75 0 0 0 0 0
0.75 0.75 0 0 0 0 0
0.75 0.75 0 0 0 0 0
0.75 0.75 0 0 0 0 0
0.75 0.75 0 0 0 0 0
0.75 0.75 0 0 0 0 0
0.75 0.75 0 0 0 0 0
0.75 0.75 0 0 0 0 0
0.75 0.75 0 0 0 0 0
0.75 0.75 0 0 0 0 0
0.75 0.75 0 0 0 0 0
0.75 0.75 0 0 0 0 0
0.75 0.75 0 0 0 0 0
0.75 0.75 0 0 0 0 0
0.75 0.75 0 0 0 0 0
0.75 0.75 0 0 0 0 0
0.75 0.75 0 0 0 0 0
0.75 0.75 0 0 0 0 0
0.75 0.75 0 0 0 0 0
0.75 0.75 0 0 0 0 0
0.75 0.75 0 0 0 0 0
0.75 0.75 0 0 0 0 0
0.75 0.75 0 0 0 0 0
0.75 0.75 0 0 0 0 0
0.75 0.75 0 0 0 0 0
0.75 0.75 0 0 0 0 0
0.75 0.75 0 0 0 0 0
0.75 0.75 0 0 0 0 0
0.75 0.75 0 0 0 0 0
0.75 0.75 0 0 0 0 0
0.75 0.75 0 0 0 0 0
0.75 0.75 0 0 0 0 0
0.75 0.75 0 0 0 0 0
0.75 0.75 0 0 0 0 0
0.75 0.75 0 0 0 0 0
0.75 0.75 0 0 0 0 0
0.75 0.75 0 0 0 0 0
0.75 0.75 0 0 0 0 0
0.75 0.75 0 0 0 0 0
0.75 0.75 0 0 0 0 0
0.75 0.75 0 0 0 0 0
0.75 0.75 0 0 0 0 0
0.75 0.75 0 0 0 0 0
0.75 0.75 0 0 0 0 0
0.75 0.75 0 0 0 0 0
0.75 0.75 0 0 0 0 0
0.75 0.75 0 0 0 0 0
0.75 0.75 0 0 0 0 0
0.75 0.75 0 0 0 0 0
0.75 0.75 0 0 0 0 0
0.75 0.75 0 0 0 0 0
0.75 0.75 0 0 0 0 0
0.75 0.75 0 0 0 0 0
0.75 0.75 0 0 0 0 0
0.75 0.75 0 0 0 0 0
0.75 0.75 0 0 0 0 0
0.75 0.75 0 0 0 0 0
0.75 0.75 0 0 0 0 0
0.75 0.75 0 0 0 0 0
0.75 0.75 0 0 0 0 0
0.75 0.75 0 0 0 0 0
0.75 0.75 0 0 0 0 0
0.75 0.75 0 0 0 0 0
0.75 0.75 0 0 0 0 0
0.75 0.75 0 0 0 0 0
0.75 0.75 0 0 0 0 0
0.75 0.75 0 0 0 0 0
0.75 0.75 0 0 0 0 0
0.75 0.75 0 0 0 0 0
0.75 0.75 0 0 0 0 0
0.75 0.75 0 0 0 0 0
0.75 0.75 0 0 0 0 0
0.625 0.625 0 0 0 0 0
0.625 0.625 0 0 0 0 0
0.625 0.625 0 0 0 0 0
0.625 0.625 0 0 0 0 0
0.625 0.625 0 0 0 0 0
0.625 0.625 0 0 0 0 0
0.625 0.625 0 0 0 0 0
0.625 0.625 0 0 0 0 0
0.625 0.625 0 0 0 0 0
0.625 0.625 0 0 0 0 0
0.625 0.625 0 0 0 0 0
0.625 0.625 0 0 0 0 0
0.625 0.625 0 0 0 0 0
0.625 0.625 0 0 0 0 0
0.625 0.625 0 0 0 0 0
0.625 0.625 0 0 0 0 0
0.625 0.625 0 0 0 0 0
0.625 0.625 0 0 0 0 0
0.625 0.625 0 0 0 0 0
0.625 0.625 0 0 0 0 0
0.625 0.625 0 0 0 0 0
0.625 0.625 0 0 0 0 0
0.625 0.625 0 0 0 0 0
0.625 0.625 0 0 0 0 0
0.625 0.625 0 0 0 0 0
0.625 0.625 0 0 0 0 0
0.625 0.625 0 0 0 0 0
0.625 0.625 0 0 0 0 0
0.625 0.625 0 0 0 0 0
0.625 0.625 0 0 0 0 0
0.625 0.625 0 0 0 0 0
0.625 0.625 0 0 0 0 0
0.625 0.625 0 0 0 0 0
0.625 0.625 0 0 0 0 0
0.625 0.625 0 0 0 0 0
0.625 0.625 0 0 0 0 0
0.625 0.625 0 0 0 0 0
0.625 0.625 0 0 0 0 0
0.625 0.625 0 0 0 0 0
0.625 0.625 0 0 0 0 0
0.625 0.625 0 0 0 0 0
0.625 0.625 0 0 0 0 0
0.625 0.625 0 0 0 0 0
0.625 0.625 0 0 0 0 0
0.625 0.625 0 0 0 0 0
0.625 0.625 0 0 0 0 0
0.625 0.625 0 0 0 0 0
0.625 0.625 0 0 0 0 0
0.625 0.625 0 0 0 0 0
0.625 0.625 0 0 0 0 0
0.625 0.625 0 0 0 0 0
0.625 0.625 0 0 0 0 0
0.625 0.625 0 0 0 0 0
0.625 0.625 0 0 0 0 0
0.625 0.625 0 0 0 0 0
0.625 0.625 0 0 0 0 0
0.625 0.625 0 0 0 0 0
0.625 0.625 0 0 0 0 0
0.625 0.625 0 0 0 0 0
0.625 0.625 0 0 0 0 0
0.625 0.625 0 0 0 0 0
0.625 0.625 0 0 0 0 0
0.625 0.625 0 0 0 0 0
0.625 0.625 0 0 0 0 0
0.625 0.625 0 0 0 0 0
0.625 0.625 0 0 0 0 0
0.625 0.625 0 0 0 0 0
0.625 0.625 0 0 0 0 0
0.625 0.625 0 0 0 0 0
0.625 0.625 0 0 0 0 0
0.625 0.625 0 0 0 0 0
0.625 0.625 0 0 0 0 0
0.625 0.625 0 0 0 0 0
0.625 0.625 0 0 0 0 0
0.625 0.625 0 0 0 0 0
0.625 0.625 0 0 0 0 0
0.625 0.625 0 0 0 0 0
0.625 0.625 0 0 0 0 0
0.625 0.625 0 0 0 0 0
0.625 0.625 0 0 0 0 0
0.625 0.625 0 0 0 0 0
0.625 0.625 0 0 0 0 0
0.625 0.625 0 0 0 0 0
0.625 0.625 0 0 0 0 0
0.625 0.625 0 0 0 0 0
0.625 0.625 0 0 0 0 0
0.625 0.625 0 0 0 0 0
0.625 0.625 0 0 0 0 0
0.625 0.625 0 0 0 0 0
0.625 0.625 0 0 0 0 0
0.625 0.625 0 0 0 0 0
0.625 0.625 0 0 0 0 0
0.625 0.625 0 0 0 0 0
0.625 0.625 0 0 0 0 0
0.625 0.625 0 0 0 0 0
0.625 0.625 0 0 0 0 0
0.625 0.625 0 0 0 0 0
0.625 0.625 0 0 0 0 0
0.625 0.625 0 0 0 0 0
0.625 0.625 0 0 0 0 0
0.625 0.625 0 0 0 0 0
0.625 0.625 0 0 0 0 0
0.625 0.625 0 0 0 0 0
0.625 0.625 0 0 0 0 0
0.625 0.625 0 0 0 0 0
0.625 0.625 0 0 0 0 0
0.625 0.625 0 0 0 0 0
0.625 0.625 0 0 0 0 0
0.625 0.625 0 0 0 0 0
0.625 0.625 0 0 0 0 0
0.625 0.625 0 0 0 0 0
0.625 0.625 0 0 0 0 0
0.625 0.625 0 0 0 0 0
0.625 0.625 0 0 0 0 0
0.625 0.625 0 0 0 0 0
0.625 0.625 0 0 0 0 0
0.625 0.625 0 0 0 0 0
0.625 0.625 0 0 0 0 0
0.625 0.625 0 0 0 0 0
0.625 0.625 0 0 0 0 0
0.625 0.625 0 0 0 0 0
0.625 0.625 0 0 0 0 0
0.625 0.625 0 0 0 0 0
0.625 0.625 0 0 0 0 0
0.625 0.625 0 0 0 0 0
0.625 0.625 0 0 0 0 0
0.625 0.625 0 0 0 0 0
0.625 0.625 0 0 0 0 0
0.625 0.625 0 0 0 0 0
0.625 0.625 0 0 0 0 0
0.625 0.625 0 0 0 0 0
0.625 0.625 0 0 0 0 0
0.625 0.625 0 0 0 0 0
0.625 0.625 0 0 0 0 0
0.625 0.625 0 0 0 0 0
0.625 0.625 0 0 0 0 0
0.625 0.625 0 0 0 0 0
0.625 0.625 0 0 0 0 0
0.625 0.625 0 0 0 0 0
0.625 0.625 0 0 0 0 0
0.625 0.625 0 0 0 0 0
0.625 0.625 0 0 0 0 0
0.625 0.625 0 0 0 0 0
0.625 0.625 0 0 0 0 0
0.625 0.625 0 0 0 0 0
0.625 0.625 0 0 0 0 0
0.625 0.625 0 0 0 0 0
0.625 0.625 0 0 0 0 0
0.625 0.625 0 0 0 0 0
0.625 0.625 0 0 0 0 0
0.625 0.625 0 0 0 0 0
0.625 0.625 0 0 0 0 0
0.625 0.625 0 0 0 0 0
0.625 0.625 0 0 0 0 0
0.625 0.625 0 0 0 0 0
0.625 0.625 0 0 0 0 0
0.625 0.625 0 0 0 0 0
0.625 0.625 0 0 0 0 0
0.625 0.625 0 0 0 0 0
0.625 0.625 0 0 0 0 0
0.625 0.625 0 0 0 0 0
0.625 0.625 0 0 0 0 0
0.625 0.625 0 0 0 0 0
0.625 0.625 0 0 0 0 0
0.625 0.625 0 0 0 0 0
0.625 0.625 0 0 0 0 0
0.625 0.625 0 0 0 0 0
0.625 0.625 0 0 0 0 0
0.625 0.625 0 0 0 0 0
0.625 0.625 0 0 0 0 0
0.625 0.625 0 0 0 0 0
0.625 0.625 0 0 0 0 0
0.625 0.625 0 0 0 0 0
0.625 0.625 0 0 0 0 0
0.625 0.625 0 0 0 0 0
0.625 0.625 0 0 0 0 0
0.625 0.625 0 0 0 0 0
0.625 0.625 0 0 0 0 0
0.625 0.625 0 0 0 0 0
0.625 0.625 0 0 0 0 0
0.625 0.625 0 0 0 0 0
0.625 0.625 0 0 0 0 0
0.625 0.625 0 0 0 0 0
0.625 0.625 0 0 0 0 0
0.625 0.625 0 0 0 0 0
0.625 0.625 0 0 0 0 0
0.625 0.625 0 0 0 0 0
0.625 0.625 0 0 0 0 0
0.625 0.625 0 0 0 0 0
0.625 0.625 0 0 0 0 0
0.625 0.625 0 0 0 0 0
0.625 0.625 0 0 0 0 0
0.625 0.625 0 0 0 0 0
0.625 0.625 0 0 0 0 0
0.625 0.625 0 0 0 0 0
0.625 0.625 0 0 0 0 0
0.625 0.625 0 0 0 0 0
0.625 0.625 0 0 0 0 0
0.625 0.625 0 0 0 0 0
0.625 0.625 0 0 0 0 0
0.625 0.625 0 0 0 0 0
0.625 0.625 0 0 0 0 0
0.625 0.625 0 0 0 0 0
0.625 0.625 0 0 0 0 0
0.625 0.625 0 0 0 0 0
0.625 0.625 0 0 0 0 0
0.625 0.625 0 0 0 0 0
0.625 0.625 0 0 0 0 0
0.625 0.625 0 0 0 0 0
0.625 0.625 0 0 0 0 0
0.625 0.625 0 0 0 0 0
0.625 0.625 0 0 0 0 0
0.625 0.625 0 0 0 0 0
0.625 0.625 0 0 0 0 0
0.625 0.625 0 0 0 0 0
0.625 0.625 0 0 0 0 0
0.625 0.625 0 0 0 0 0
0.625 0.625 0 0 0 0 0
0.625 0.625 0 0 0 0 0
0.625 0.625 0 0 0 0 0
0.625 0.625 0 0 0 0 0
0.625 0.625 0 0 0 0 0
0.625 0.625 0 0 0 0 0
0.625 0.625 0 0 0 0 0
0.625 0.625 0 0 0 0 0
0.625 0.625 0 0 0 0 0
0.625 0.625 0 0 0 0 0
0.625 0.625 0 0 0 0 0
0.625 0.625 0 0 0 0 0
0.625 0.625 0 0 0 0 0
0.625 0.625 0 0 0 0 0
0.625 0.625 0 0 0 0 0
0.625 0.625 0 0 0 0 0
0.625 0.625 0 0 0 0 0
0.625 0.625 0 0 0 0 0
0.625 0.625 0 0 0 0 0
0.625 0.625 0 0 0 0 0
0.625 0.625 0 0 0 0 0
0.625 0.625 0 0 0 0 0
0.625 0.625 0 0 0 0 0
0.625 0.625 0 0 0 0 0
0.625 0.625 0 0 0 0 0
0.625 0.625 0 0 0 0 0
0.625 0.625 0 0 0 0 0
0.625 0.625 0 0 0 0 0
0.625 0.625 0 0 0 0 0
0.625 0.625 0 0 0 0 0
0.625 0.625 0 0 0 0 0
0.625 0.625 0 0 0 0 0
0.625 0.625 0 0 0 0 0
0.625 0.625 0 0 0 0 0
0.625 0.625 0 0 0 0 0
0.625 0.625 0 0 0 0 0
0.625 0.625 0 0 0 0 0
0.625 0.625 0 0 0 0 0
0.625 0.625 0 0 0 0 0
0 1 1.0 0.25
0 16 1.0 0.25
0 256 1.0 0.25
1 2 1.0 0.25
1 17 1.0 0.25
1 257 1.0 0.25
2 3 1.0 0.25
2 18 1.0 0.25
2 258 1.0 0.25
3 4 1.0 0.25
3 19 1.0 0.25
3 259 1.0 0.25
4 5 1.0 0.25
4 20 1.0 0.25
4 260 1.0 0.25
5 6 1.0 0.25
5 21 1.0 0.25
5 261 1.0 0.25
6 7 1.0 0.25
6 22 1.0 0.25
6 262 1.0 0.25
7 8 1.0 0.25
7 23 1.0 0.25
7 263 1.0 0.25
8 9 1.0 0.25
8 24 1.0 0.25
8 264 1.0 0.25
9 10 1.0 0.25
9 25 1.0 0.25
9 265 1.0 0.25
10 11 1.0 0.25
10 26 1.0 0.25
10 266 1.0 0.25
11 12 1.0 0.25
11 27 1.0 0.25
11 267 1.0 0.25
12 13 1.0 0.25
12 28 1.0 0.25
12 268 1.0 0.25
13 14 1.0 0.25
13 29 1.0 0.25
13 269 1.0 0.25
14 15 1.0 0.25
14 30 1.0 0.25
14 270 1.0 0.25
15 0 1.0 0.25
15 31 1.0 0.25
15 271 1.0 0.25
16 17 1.0 0.25
16 32 1.0 0.25
16 272 1.0 0.25
17 18 1.0 0.25
17 33 1.0 0.25
17 273 1.0 0.25
18 19 1.0 0.25
18 34 1.0 0.25
18 274 1.0 0.25
19 20 1.0 0.25
19 35 1.0 0.25
19 275 1.0 0.25
20 21 1.0 0.25
20 36 1.0 0.25
20 276 1.0 0.25
21 22 1.0 0.25
21 37 1.0 0.25
21 277 1.0 0.25
22 23 1.0 0.25
22 38 1.0 0.25
22 278 1.0 0.25
23 24 1.0 0.25
23 39 1.0 0.25
23 279 1.0 0.25
24 25 1.0 0.25
24 40 1.0 0.25
24 280 1.0 0.25
25 26 1.0 0.25
25 41 1.0 0.25
25 281 1.0 0.25
26 27 1.0 0.25
26 42 1.0 0.25
26 282 1.0 0.25
27 28 1.0 0.25
27 43 1.0 0.25
27 283 1.0 0.25
28 29 1.0 0.25
28 44 1.0 0.25
28 284 1.0 0.25
29 30 1.0 0.25
29 45 1.0 0.25
29 285 1.0 0.25
30 31 1.0 0.25
30 46 1.0 0.25
30 286 1.0 0.25
31 16 1.0 0.25
31 47 1.0 0.25
31 287 1.0 0.25
32 33 1.0 0.25
32 48 1.0 0.25
32 288 1.0 0.25
33 34 1.0 0.25
33 49 1.0 0.25
33 289 1.0 0.25
34 35 1.0 0.25
34 50 1.0 0.25
34 290 1.0 0.25
35 36 1.0 0.25
35 51 1.0 0.25
35 291 1.0 0.25
36 37 1.0 0.25
36 52 1.0 0.25
36 292 1.0 0.25
37 38 1.0 0.25
37 53 1.0 0.25
37 293 1.0 0.25
38 39 1.0 0.25
38 54 1.0 0.25
38 294 1.0 0.25
39 40 1.0 0.25
39 55 1.0 0.25
39 295 1.0 0.25
40 41 1.0 0.25
40 56 1.0 0.25
40 296 1.0 0.25
41 42 1.0 0.25
41 57 1.0 0.25
41 297 1.0 0.25
42 43 1.0 0.25
42 58 1.0 0.25
42 298 1.0 0.25
43 44 1.0 0.25
43 59 1.0 0.25
43 299 1.0 0.25
44 45 1.0 0.25
44 60 1.0 0.25
44 300 1.0 0.25
45 46 1.0 0.25
45 61 1.0 0.25
45 301 1.0 0.25
46 47 1.0 0.25
46 62 1.0 0.25
46 302 1.0 0.25
47 32 1.0 0.25
47 63 1.0 0.25
47 303 1.0 0.25
48 49 1.0 0.25
48 64 1.0 0.25
48 304 1.0 0.25
49 50 1.0 0.25
49 65 1.0 0.25
49 305 1.0 0.25
50 51 1.0 0.25
50 66 1.0 0.25
50 306 1.0 0.25
51 52 1.0 0.25
51 67 1.0 0.25
51 307 1.0 0.25
52 53 1.0 0.25
52 68 1.0 0.25
52 308 1.0 0.25
53 54 1.0 0.25
53 69 1.0 0.25
53 309 1.0 0.25
54 55 1.0 0.25
54 70 1.0 0.25
54 310 1.0 0.25
55 56 1.0 0.25
55 71 1.0 0.25
55 311 1.0 0.25
56 57 1.0 0.25
56 72 1.0 0.25
56 312 1.0 0.25
57 58 1.0 0.25
57 73 1.0 0.25
57 313 1.0 0.25
58 59 1.0 0.25
58 74 1.0 0.25
58 314 1.0 0.25
59 60 1.0 0.25
59 75 1.0 0.25
59 315 1.0 0.25
60 61 1.0 0.25
60 76 1.0 0.25
60 316 1.0 0.25
61 62 1.0 0.25
61 77 1.0 0.25
61 317 1.0 0.25
62 63 1.0 0.25
62 78 1.0 0.25
62 318 1.0 0.25
63 48 1.0 0.25
63 79 1.0 0.25
63 319 1.0 0.25
64 65 1.0 0.25
64 80 1.0 0.25
64 320 1.0 0.25
65 66 1.0 0.25
65 81 1.0 0.25
65 321 1.0 0.25
66 67 1.0 0.25
66 82 1.0 0.25
66 322 1.0 0.25
67 68 1.0 0.25
67 83 1.0 0.25
67 323 1.0 0.25
68 69 1.0 0.25
68 84 1.0 0.25
68 324 1.0 0.25
69 70 1.0 0.25
69 85 1.0 0.25
69 325 1.0 0.25
70 71 1.0 0.25
70 86 1.0 0.25
70 326 1.0 0.25
71 72 1.0 0.25
71 87 1.0 0.25
71 327 1.0 0.25
72 73 1.0 0.25
72 88 1.0 0.25
72 328 1.0 0.25
73 74 1.0 0.25
73 89 1.0 0.25
73 329 1.0 0.25
74 75 1.0 0.25
74 90 1.0 0.25
74 330 1.0 0.25
75 76 1.0 0.25
75 91 1.0 0.25
75 331 1.0 0.25
76 77 1.0 0.25
76 92 1.0 0.25
76 332 1.0 0.25
77 78 1.0 0.25
77 93 1.0 0.25
77 333 1.0 0.25
78 79 1.0 0.25
78 94 1.0 0.25
78 334 1.0 0.25
79 64 1.0 0.25
79 95 1.0 0.25
79 335 1.0 0.25
80 81 1.0 0.25
80 96 1.0 0.25
80 336 1.0 0.25
81 82 1.0 0.25
81 97 1.0 0.25
81 337 1.0 0.25
82 83 1.0 0.25
82 98 1.0 0.25
82 338 1.0 0.25
83 84 1.0 0.25
83 99 1.0 0.25
83 339 1.0 0.25
84 85 1.0 0.25
84 100 1.0 0.25
84 340 1.0 0.25
85 86 1.0 0.25
85 101 1.0 0.25
85 341 1.0 0.25
86 87 1.0 0.25
86 102 1.0 0.25
86 342 1.0 0.25
87 88 1.0 0.25
87 103 1.0 0.25
87 343 1.0 0.25
88 89 1.0 0.25
88 104 1.0 0.25
88 344 1.0 0.25
89 90 1.0 0.25
89 105 1.0 0.25
89 345 1.0 0.25
90 91 1.0 0.25
90 106 1.0 0.25
90 346 1.0 0.25
91 92 1.0 0.25
91 107 1.0 0.25
91 347 1.0 0.25
92 93 1.0 0.25
92 108 1.0 0.25
92 348 1.0 0.25
93 94 1.0 0.25
93 109 1.0 0.25
93 349 1.0 0.25
94 95 1.0 0.25
94 110 1.0 0.25
94 350 1.0 0.25
95 80 1.0 0.25
95 111 1.0 0.25
95 351 1.0 0.25
96 97 1.0 0.25
96 112 1.0 0.25
96 352 1.0 0.25
97 98 1.0 0.25
97 113 1.0 0.25
97 353 1.0 0.25
98 99 1.0 0.25
98 114 1.0 0.25
98 354 1.0 0.25
99 100 1.0 0.25
99 115 1.0 0.25
99 355 1.0 0.25
100 101 1.0 0.25
100 116 1.0 0.25
100 356 1.0 0.25
101 102 1.0 0.25
101 117 1.0 0.25
101 357 1.0 0.25
102 103 1.0 0.25
102 118 1.0 0.25
102 358 1.0 0.25
103 104 1.0 0.25
103 119 1.0 0.25
103 359 1.0 0.25
104 105 1.0 0.25
104 120 1.0 0.25
104 360 1.0 0.25
105 106 1.0 0.25
105 121 1.0 0.25
105 361 1.0 0.25
106 107 1.0 0.25
106 122 1.0 0.25
106 362 1.0 0.25
107 108 1.0 0.25
107 123 1.0 0.25
107 363 1.0 0.25
108 109 1.0 0.25
108 124 1.0 0.25
108 364 1.0 0.25
109 110 1.0 0.25
109 125 1.0 0.25
109 365 1.0 0.25
110 111 1.0 0.25
110 126 1.0 0.25
110 366 1.0 0.25
111 96 1.0 0.25
111 127 1.0 0.25
111 367 1.0 0.25
112 113 1.0 0.25
112 128 1.0 0.25
112 368 1.0 0.25
113 114 1.0 0.25
113 129 1.0 0.25
113 369 1.0 0.25
114 115 1.0 0.25
114 130 1.0 0.25
114 370 1.0 0.25
115 116 1.0 0.25
115 131 1.0 0.25
115 371 1.0 0.25
116 117 1.0 0.25
116 132 1.0 0.25
116 372 1.0 0.25
117 118 1.0 0.25
117 133 1.0 0.25
117 373 1.0 0.25
118 119 1.0 0.25
118 134 1.0 0.25
118 374 1.0 0.25
119 120 1.0 0.25
119 135 1.0 0.25
119 375 1.0 0.25
120 121 1.0 0.25
120 136 1.0 0.25
120 376 1.0 0.25
121 122 1.0 0.25
121 137 1.0 0.25
121 377 1.0 0.25
122 123 1.0 0.25
122 138 1.0 0.25
122 378 1.0 0.25
123 124 1.0 0.25
123 139 1.0 0.25
123 379 1.0 0.25
124 125 1.0 0.25
124 140 1.0 0.25
124 380 1.0 0.25
125 126 1.0 0.25
125 141 1.0 0.25
125 381 1.0 0.25
126 127 1.0 0.25
126 142 1.0 0.25
126 382 1.0 0.25
127 112 1.0 0.25
127 143 1.0 0.25
127 383 1.0 0.25
128 129 1.0 0.25
128 144 1.0 0.25
128 384 1.0 0.25
129 130 1.0 0.25
129 145 1.0 0.25
129 385 1.0 0.25
130 131 1.0 0.25
130 146 1.0 0.25
130 386 1.0 0.25
131 132 1.0 0.25
131 147 1.0 0.25
131 387 1.0 0.25
132 133 1.0 0.25
132 148 1.0 0.25
132 388 1.0 0.25
133 134 1.0 0.25
133 149 1.0 0.25
133 389 1.0 0.25
134 135 1.0 0.25
134 150 1.0 0.25
134 390 1.0 0.25
135 136 1.0 0.25
135 151 1.0 0.25
135 391 1.0 0.25
136 137 1.0 0.25
136 152 1.0 0.25
136 392 1.0 0.25
137 138 1.0 0.25
137 153 1.0 0.25
137 393 1.0 0.25
138 139 1.0 0.25
138 154 1.0 0.25
138 394 1.0 0.25
139 140 1.0 0.25
139 155 1.0 0.25
139 395 1.0 0.25
140 141 1.0 0.25
140 156 1.0 0.25
140 396 1.0 0.25
141 142 1.0 0.25
141 157 1.0 0.25
141 397 1.0 0.25
142 143 1.0 0.25
142 158 1.0 0.25
142 398 1.0 0.25
143 128 1.0 0.25
143 159 1.0 0.25
143 399 1.0 0.25
144 145 1.0 0.25
144 160 1.0 0.25
144 400 1.0 0.25
145 146 1.0 0.25
145 161 1.0 0.25
145 401 1.0 0.25
146 147 1.0 0.25
146 162 1.0 0.25
146 402 1.0 0.25
147 148 1.0 0.25
147 163 1.0 0.25
147 403 1.0 0.25
148 149 1.0 0.25
148 164 1.0 0.25
148 404 1.0 0.25
149 150 1.0 0.25
149 165 1.0 0.25
149 405 1.0 0.25
150 151 1.0 0.25
150 166 1.0 0.25
150 406 1.0 0.25
151 152 1.0 0.25
151 167 1.0 0.25
151 407 1.0 0.25
152 153 1.0 0.25
152 168 1.0 0.25
152 408 1.0 0.25
153 154 1.0 0.25
153 169 1.0 0.25
153 409 1.0 0.25
154 155 1.0 0.25
154 170 1.0 0.25
154 410 1.0 0.25
155 156 1.0 0.25
155 171 1.0 0.25
155 411 1.0 0.25
156 157 1.0 0.25
156 172 1.0 0.25
156 412 1.0 0.25
157 158 1.0 0.25
157 173 1.0 0.25
157 413 1.0 0.25
158 159 1.0 0.25
158 174 1.0 0.25
158 414 1.0 0.25
159 144 1.0 0.25
159 175 1.0 0.25
159 415 1.0 0.25
160 161 1.0 0.25
160 176 1.0 0.25
160 416 1.0 0.25
161 162 1.0 0.25
161 177 1.0 0.25
161 417 1.0 0.25
162 163 1.0 0.25
162 178 1.0 0.25
162 418 1.0 0.25
163 164 1.0 0.25
163 179 1.0 0.25
163 419 1.0 0.25
164 165 1.0 0.25
164 180 1.0 0.25
164 420 1.0 0.25
165 166 1.0 0.25
165 181 1.0 0.25
165 421 1.0 0.25
166 167 1.0 0.25
166 182 1.0 0.25
166 422 1.0 0.25
167 168 1.0 0.25
167 183 1.0 0.25
167 423 1.0 0.25
168 169 1.0 0.25
168 184 1.0 0.25
168 424 1.0 0.25
169 170 1.0 0.25
169 185 1.0 0.25
169 425 1.0 0.25
170 171 1.0 0.25
170 186 1.0 0.25
170 426 1.0 0.25
171 172 1.0 0.25
171 187 1.0 0.25
171 427 1.0 0.25
172 173 1.0 0.25
172 188 1.0 0.25
172 428 1.0 0.25
173 174 1.0 0.25
173 189 1.0 0.25
173 429 1.0 0.25
174 175 1.0 0.25
174 190 1.0 0.25
174 430 1.0 0.25
175 160 1.0 0.25
175 191 1.0 0.25
175 431 1.0 0.25
176 177 1.0 0.25
176 192 1.0 0.25
176 432 1.0 0.25
177 178 1.0 0.25
177 193 1.0 0.25
177 433 1.0 0.25
178 179 1.0 0.25
178 194 1.0 0.25
178 434 1.0 0.25
179 180 1.0 0.25
179 195 1.0 0.25
179 435 1.0 0.25
180 181 1.0 0.25
180 196 1.0 0.25
180 436 1.0 0.25
181 182 1.0 0.25
181 197 1.0 0.25
181 437 1.0 0.25
182 183 1.0 0.25
182 198 1.0 0.25
182 438 1.0 0.25
183 184 1.0 0.25
183 199 1.0 0.25
183 439 1.0 0.25
184 185 1.0 0.25
184 200 1.0 0.25
184 440 1.0 0.25
185 186 1.0 0.25
185 201 1.0 0.25
185 441 1.0 0.25
186 187 1.0 0.25
186 202 1.0 0.25
186 442 1.0 0.25
187 188 1.0 0.25
187 203 1.0 0.25
187 443 1.0 0.25
188 189 1.0 0.25
188 204 1.0 0.25
188 444 1.0 0.25
189 190 1.0 0.25
189 205 1.0 0.25
189 445 1.0 0.25
190 191 1.0 0.25
190 206 1.0 0.25
190 446 1.0 0.25
191 176 1.0 0.25
191 207 1.0 0.25
191 447 1.0 0.25
192 193 1.0 0.25
192 208 1.0 0.25
192 448 1.0 0.25
193 194 1.0 0.25
193 209 1.0 0.25
193 449 1.0 0.25
194 195 1.0 0.25
194 210 1.0 0.25
194 450 1.0 0.25
195 196 1.0 0.25
195 211 1.0 0.25
195 451 1.0 0.25
196 197 1.0 0.25
196 212 1.0 0.25
196 452 1.0 0.25
197 198 1.0 0.25
197 213 1.0 0.25
197 453 1.0 0.25
198 199 1.0 0.25
198 214 1.0 0.25
198 454 1.0 0.25
199 200 1.0 0.25
199 215 1.0 0.25
199 455 1.0 0.25
200 201 1.0 0.25
200 216 1.0 0.25
200 456 1.0 0.25
201 202 1.0 0.25
201 217 1.0 0.25
201 457 1.0 0.25
202 203 1.0 0.25
202 218 1.0 0.25
202 458 1.0 0.25
203 204 1.0 0.25
203 219 1.0 0.25
203 459 1.0 0.25
204 205 1.0 0.25
204 220 1.0 0.25
204 460 1.0 0.25
205 206 1.0 0.25
205 221 1.0 0.25
205 461 1.0 0.25
206 207 1.0 0.25
206 222 1.0 0.25
206 462 1.0 0.25
207 192 1.0 0.25
207 223 1.0 0.25
207 463 1.0 0.25
208 209 1.0 0.25
208 224 1.0 0.25
208 464 1.0 0.25
209 210 1.0 0.25
209 225 1.0 0.25
209 465 1.0 0.25
210 211 1.0 0.25
210 226 1.0 0.25
210 466 1.0 0.25
211 212 1.0 0.25
211 227 1.0 0.25
211 467 1.0 0.25
212 213 1.0 0.25
212 228 1.0 0.25
212 468 1.0 0.25
213 214 1.0 0.25
213 229 1.0 0.25
213 469 1.0 0.25
214 215 1.0 0.25
214 230 1.0 0.25
214 470 1.0 0.25
215 216 1.0 0.25
215 231 1.0 0.25
215 471 1.0 0.25
216 217 1.0 0.25
216 232 1.0 0.25
216 472 1.0 0.25
217 218 1.0 0.25
217 233 1.0 0.25
217 473 1.0 0.25
218 219 1.0 0.25
218 234 1.0 0.25
218 474 1.0 0.25
219 220 1.0 0.25
219 235 1.0 0.25
219 475 1.0 0.25
220 221 1.0 0.25
220 236 1.0 0.25
220 476 1.0 0.25
221 222 1.0 0.25
221 237 1.0 0.25
221 477 1.0 0.25
222 223 1.0 0.25
222 238 1.0 0.25
222 478 1.0 0.25
223 208 1.0 0.25
223 239 1.0 0.25
223 479 1.0 0.25
224 225 1.0 0.25
224 240 1.0 0.25
224 480 1.0 0.25
225 226 1.0 0.25
225 241 1.0 0.25
225 481 1.0 0.25
226 227 1.0 0.25
226 242 1.0 0.25
226 482 1.0 0.25
227 228 1.0 0.25
227 243 1.0 0.25
227 483 1.0 0.25
228 229 1.0 0.25
228 244 1.0 0.25
228 484 1.0 0.25
229 230 1.0 0.25
229 245 1.0 0.25
229 485 1.0 0.25
230 231 1.0 0.25
230 246 1.0 0.25
230 486 1.0 0.25
231 232 1.0 0.25
231 247 1.0 0.25
231 487 1.0 0.25
232 233 1.0 0.25
232 248 1.0 0.25
232 488 1.0 0.25
233 234 1.0 0.25
233 249 1.0 0.25
233 489 1.0 0.25
234 235 1.0 0.25
234 250 1.0 0.25
234 490 1.0 0.25
235 236 1.0 0.25
235 251 1.0 0.25
235 491 1.0 0.25
236 237 1.0 0.25
236 252 1.0 0.25
236 492 1.0 0.25
237 238 1.0 0.25
237 253 1.0 0.25
237 493 1.0 0.25
238 239 1.0 0.25
238 254 1.0 0.25
238 494 1.0 0.25
239 224 1.0 0.25
239 255 1.0 0.25
239 495 1.0 0.25
240 241 1.0 0.25
240 0 1.0 0.25
240 496 1.0 0.25
241 242 1.0 0.25
241 1 1.0 0.25
241 497 1.0 0.25
242 243 1.0 0.25
242 2 1.0 0.25
242 498 1.0 0.25
243 244 1.0 0.25
243 3 1.0 0.25
243 499 1.0 0.25
244 245 1.0 0.25
244 4 1.0 0.25
244 500 1.0 0.25
245 246 1.0 0.25
245 5 1.0 0.25
245 501 1.0 0.25
246 247 1.0 0.25
246 6 1.0 0.25
246 502 1.0 0.25
247 248 1.0 0.25
247 7 1.0 0.25
247 503 1.0 0.25
248 249 1.0 0.25
248 8 1.0 0.25
248 504 1.0 0.25
249 250 1.0 0.25
249 9 1.0 0.25
249 505 1.0 0.25
250 251 1.0 0.25
250 10 1.0 0.25
250 506 1.0 0.25
251 252 1.0 0.25
251 11 1.0 0.25
251 507 1.0 0.25
252 253 1.0 0.25
252 12 1.0 0.25
252 508 1.0 0.25
253 254 1.0 0.25
253 13 1.0 0.25
253 509 1.0 0.25
254 255 1.0 0.25
254 14 1.0 0.25
254 510 1.0 0.25
255 240 1.0 0.25
255 15 1.0 0.25
255 511 1.0 0.25
256 257 1.0 0.25
256 272 1.0 0.25
256 512 1.0 0.25
257 258 1.0 0.25
257 273 1.0 0.25
257 513 1.0 0.25
258 259 1.0 0.25
258 274 1.0 0.25
258 514 1.0 0.25
259 260 1.0 0.25
259 275 1.0 0.25
259 515 1.0 0.25
260 261 1.0 0.25
260 276 1.0 0.25
260 516 1.0 0.25
261 262 1.0 0.25
261 277 1.0 0.25
261 517 1.0 0.25
262 263 1.0 0.25
262 278 1.0 0.25
262 518 1.0 0.25
263 264 1.0 0.25
263 279 1.0 0.25
263 519 1.0 0.25
264 265 1.0 0.25
264 280 1.0 0.25
264 520 1.0 0.25
265 266 1.0 0.25
265 281 1.0 0.25
265 521 1.0 0.25
266 267 1.0 0.25
266 282 1.0 0.25
266 522 1.0 0.25
267 268 1.0 0.25
267 283 1.0 0.25
267 523 1.0 0.25
268 269 1.0 0.25
268 284 1.0 0.25
268 524 1.0 0.25
269 270 1.0 0.25
269 285 1.0 0.25
269 525 1.0 0.25
270 271 1.0 0.25
270 286 1.0 0.25
270 526 1.0 0.25
271 256 1.0 0.25
271 287 1.0 0.25
271 527 1.0 0.25
272 273 1.0 0.25
272 288 1.0 0.25
272 528 1.0 0.25
273 274 1.0 0.25
273 289 1.0 0.25
273 529 1.0 0.25
274 275 1.0 0.25
274 290 1.0 0.25
274 530 1.0 0.25
275 276 1.0 0.25
275 291 1.0 0.25
275 531 1.0 0.25
276 277 1.0 0.25
276 292 1.0 0.25
276 532 1.0 0.25
277 278 1.0 0.25
277 293 1.0 0.25
277 533 1.0 0.25
278 279 1.0 0.25
278 294 1.0 0.25
278 534 1.0 0.25
279 280 1.0 0.25
279 295 1.0 0.25
279 535 1.0 0.25
280 281 1.0 0.25
280 296 1.0 0.25
280 536 1.0 0.25
281 282 1.0 0.25
281 297 1.0 0.25
281 537 1.0 0.25
282 283 1.0 0.25
282 298 1.0 0.25
282 538 1.0 0.25
283 284 1.0 0.25
283 299 1.0 0.25
283 539 1.0 0.25
284 285 1.0 0.25
284 300 1.0 0.25
284 540 1.0 0.25
285 286 1.0 0.25
285 301 1.0 0.25
285 541 1.0 0.25
286 287 1.0 0.25
286 302 1.0 0.25
286 542 1.0 0.25
287 272 1.0 0.25
287 303 1.0 0.25
287 543 1.0 0.25
288 289 1.0 0.25
288 304 1.0 0.25
288 544 1.0 0.25
289 290 1.0 0.25
289 305 1.0 0.25
289 545 1.0 0.25
290 291 1.0 0.25
290 306 1.0 0.25
290 546 1.0 0.25
291 292 1.0 0.25
291 307 1.0 0.25
291 547 1.0 0.25
292 293 1.0 0.25
292 308 1.0 0.25
292 548 1.0 0.25
293 294 1.0 0.25
293 309 1.0 0.25
293 549 1.0 0.25
294 295 1.0 0.25
294 310 1.0 0.25
294 550 1.0 0.25
295 296 1.0 0.25
295 311 1.0 0.25
295 551 1.0 0.25
296 297 1.0 0.25
296 312 1.0 0.25
296 552 1.0 0.25
297 298 1.0 0.25
297 313 1.0 0.25
297 553 1.0 0.25
298 299 1.0 0.25
298 314 1.0 0.25
298 554 1.0 0.25
299 300 1.0 0.25
299 315 1.0 0.25
299 555 1.0 0.25
300 301 1.0 0.25
300 316 1.0 0.25
300 556 1.0 0.25
301 302 1.0 0.25
301 317 1.0 0.25
301 557 1.0 0.25
302 303 1.0 0.25
302 318 1.0 0.25
302 558 1.0 0.25
303 288 1.0 0.25
303 319 1.0 0.25
303 559 1.0 0.25
304 305 1.0 0.25
304 320 1.0 0.25
304 560 1.0 0.25
305 306 1.0 0.25
305 321 1.0 0.25
305 561 1.0 0.25
306 307 1.0 0.25
306 322 1.0 0.25
306 562 1.0 0.25
307 308 1.0 0.25
307 323 1.0 0.25
307 563 1.0 0.25
308 309 1.0 0.25
308 324 1.0 0.25
308 564 1.0 0.25
309 310 1.0 0.25
309 325 1.0 0.25
309 565 1.0 0.25
310 311 1.0 0.25
310 326 1.0 0.25
310 566 1.0 0.25
311 312 1.0 0.25
311 327 1.0 0.25
311 567 1.0 0.25
312 313 1.0 0.25
312 328 1.0 0.25
312 568 1.0 0.25
313 314 1.0 0.25
313 329 1.0 0.25
313 569 1.0 0.25
314 315 1.0 0.25
314 330 1.0 0.25
314 570 1.0 0.25
315 316 1.0 0.25
315 331 1.0 0.25
315 571 1.0 0.25
316 317 1.0 0.25
316 332 1.0 0.25
316 572 1.0 0.25
317 318 1.0 0.25
317 333 1.0 0.25
317 573 1.0 0.25
318 319 1.0 0.25
318 334 1.0 0.25
318 574 1.0 0.25
319 304 1.0 0.25
319 335 1.0 0.25
319 575 1.0 0.25
320 321 1.0 0.25
320 336 1.0 0.25
320 576 1.0 0.25
321 322 1.0 0.25
321 337 1.0 0.25
321 577 1.0 0.25
322 323 1.0 0.25
322 338 1.0 0.25
322 578 1.0 0.25
323 324 1.0 0.25
323 339 1.0 0.25
323 579 1.0 0.25
324 325 1.0 0.25
324 340 1.0 0.25
324 580 1.0 0.25
325 326 1.0 0.25
325 341 1.0 0.25
325 581 1.0 0.25
326 327 1.0 0.25
326 342 1.0 0.25
326 582 1.0 0.25
327 328 1.0 0.25
327 343 1.0 0.25
327 583 1.0 0.25
328 329 1.0 0.25
328 344 1.0 0.25
328 584 1.0 0.25
329 330 1.0 0.25
329 345 1.0 0.25
329 585 1.0 0.25
330 331 1.0 0.25
330 346 1.0 0.25
330 586 1.0 0.25
331 332 1.0 0.25
331 347 1.0 0.25
331 587 1.0 0.25
332 333 1.0 0.25
332 348 1.0 0.25
332 588 1.0 0.25
333 334 1.0 0.25
333 349 1.0 0.25
333 589 1.0 0.25
334 335 1.0 0.25
334 350 1.0 0.25
334 590 1.0 0.25
335 320 1.0 0.25
335 351 1.0 0.25
335 591 1.0 0.25
336 337 1.0 0.25
336 352 1.0 0.25
336 592 1.0 0.25
337 338 1.0 0.25
337 353 1.0 0.25
337 593 1.0 0.25
338 339 1.0 0.25
338 354 1.0 0.25
338 594 1.0 0.25
339 340 1.0 0.25
339 355 1.0 0.25
339 595 1.0 0.25
340 341 1.0 0.25
340 356 1.0 0.25
340 596 1.0 0.25
341 342 1.0 0.25
341 357 1.0 0.25
341 597 1.0 0.25
342 343 1.0 0.25
342 358 1.0 0.25
342 598 1.0 0.25
343 344 1.0 0.25
343 359 1.0 0.25
343 599 1.0 0.25
344 345 1.0 0.25
344 360 1.0 0.25
344 600 1.0 0.25
345 346 1.0 0.25
345 361 1.0 0.25
345 601 1.0 0.25
346 347 1.0 0.25
346 362 1.0 0.25
346 602 1.0 0.25
347 348 1.0 0.25
347 363 1.0 0.25
347 603 1.0 0.25
348 349 1.0 0.25
348 364 1.0 0.25
348 604 1.0 0.25
349 350 1.0 0.25
349 365 1.0 0.25
349 605 1.0 0.25
350 351 1.0 0.25
350 366 1.0 0.25
350 606 1.0 0.25
351 336 1.0 0.25
351 367 1.0 0.25
351 607 1.0 0.25
352 353 1.0 0.25
352 368 1.0 0.25
352 608 1.0 0.25
353 354 1.0 0.25
353 369 1.0 0.25
353 609 1.0 0.25
354 355 1.0 0.25
354 370 1.0 0.25
354 610 1.0 0.25
355 356 1.0 0.25
355 371 1.0 0.25
355 611 1.0 0.25
356 357 1.0 0.25
356 372 1.0 0.25
356 612 1.0 0.25
357 358 1.0 0.25
357 373 1.0 0.25
357 613 1.0 0.25
358 359 1.0 0.25
358 374 1.0 0.25
358 614 1.0 0.25
359 360 1.0 0.25
359 375 1.0 0.25
359 615 1.0 0.25
360 361 1.0 0.25
360 376 1.0 0.25
360 616 1.0 0.25
361 362 1.0 0.25
361 377 1.0 0.25
361 617 1.0 0.25
362 363 1.0 0.25
362 378 1.0 0.25
362 618 1.0 0.25
363 364 1.0 0.25
363 379 1.0 0.25
363 619 1.0 0.25
364 365 1.0 0.25
364 380 1.0 0.25
364 620 1.0 0.25
365 366 1.0 0.25
365 381 1.0 0.25
365 621 1.0 0.25
366 367 1.0 0.25
366 382 1.0 0.25
366 622 1.0 0.25
367 352 1.0 0.25
367 383 1.0 0.25
367 623 1.0 0.25
368 369 1.0 0.25
368 384 1.0 0.25
368 624 1.0 0.25
369 370 1.0 0.25
369 385 1.0 0.25
369 625 1.0 0.25
370 371 1.0 0.25
370 386 1.0 0.25
370 626 1.0 0.25
371 372 1.0 0.25
371 387 1.0 0.25
371 627 1.0 0.25
372 373 1.0 0.25
372 388 1.0 0.25
372 628 1.0 0.25
373 374 1.0 0.25
373 389 1.0 0.25
373 629 1.0 0.25
374 375 1.0 0.25
374 390 1.0 0.25
374 630 1.0 0.25
375 376 1.0 0.25
375 391 1.0 0.25
375 631 1.0 0.25
376 377 1.0 0.25
376 392 1.0 0.25
376 632 1.0 0.25
377 378 1.0 0.25
377 393 1.0 0.25
377 633 1.0 0.25
378 379 1.0 0.25
378 394 1.0 0.25
378 634 1.0 0.25
379 380 1.0 0.25
379 395 1.0 0.25
379 635 1.0 0.25
380 381 1.0 0.25
380 396 1.0 0.25
380 636 1.0 0.25
381 382 1.0 0.25
381 397 1.0 0.25
381 637 1.0 0.25
382 383 1.0 0.25
382 398 1.0 0.25
382 638 1.0 0.25
383 368 1.0 0.25
383 399 1.0 0.25
383 639 1.0 0.25
384 385 1.0 0.25
384 400 1.0 0.25
384 640 1.0 0.25
385 386 1.0 0.25
385 401 1.0 0.25
385 641 1.0 0.25
386 387 1.0 0.25
386 402 1.0 0.25
386 642 1.0 0.25
387 388 1.0 0.25
387 403 1.0 0.25
387 643 1.0 0.25
388 389 1.0 0.25
388 404 1.0 0.25
388 644 1.0 0.25
389 390 1.0 0.25
389 405 1.0 0.25
389 645 1.0 0.25
390 391 1.0 0.25
390 406 1.0 0.25
390 646 1.0 0.25
391 392 1.0 0.25
391 407 1.0 0.25
391 647 1.0 0.25
392 393 1.0 0.25
392 408 1.0 0.25
392 648 1.0 0.25
393 394 1.0 0.25
393 409 1.0 0.25
393 649 1.0 0.25
394 395 1.0 0.25
394 410 1.0 0.25
394 650 1.0 0.25
395 396 1.0 0.25
395 411 1.0 0.25
395 651 1.0 0.25
396 397 1.0 0.25
396 412 1.0 0.25
396 652 1.0 0.25
397 398 1.0 0.25
397 413 1.0 0.25
397 653 1.0 0.25
398 399 1.0 0.25
398 414 1.0 0.25
398 654 1.0 0.25
399 384 1.0 0.25
399 415 1.0 0.25
399 655 1.0 0.25
400 401 1.0 0.25
400 416 1.0 0.25
400 656 1.0 0.25
401 402 1.0 0.25
401 417 1.0 0.25
401 657 1.0 0.25
402 403 1.0 0.25
402 418 1.0 0.25
402 658 1.0 0.25
403 404 1.0 0.25
403 419 1.0 0.25
403 659 1.0 0.25
404 405 1.0 0.25
404 420 1.0 0.25
404 660 1.0 0.25
405 406 1.0 0.25
405 421 1.0 0.25
405 661 1.0 0.25
406 407 1.0 0.25
406 422 1.0 0.25
406 662 1.0 0.25
407 408 1.0 0.25
407 423 1.0 0.25
407 663 1.0 0.25
408 409 1.0 0.25
408 424 1.0 0.25
408 664 1.0 0.25
409 410 1.0 0.25
409 425 1.0 0.25
409 665 1.0 0.25
410 411 1.0 0.25
410 426 1.0 0.25
410 666 1.0 0.25
411 412 1.0 0.25
411 427 1.0 0.25
411 667 1.0 0.25
412 413 1.0 0.25
412 428 1.0 0.25
412 668 1.0 0.25
413 414 1.0 0.25
413 429 1.0 0.25
413 669 1.0 0.25
414 415 1.0 0.25
414 430 1.0 0.25
414 670 1.0 0.25
415 400 1.0 0.25
415 431 1.0 0.25
415 671 1.0 0.25
416 417 1.0 0.25
416 432 1.0 0.25
416 672 1.0 0.25
417 418 1.0 0.25
417 433 1.0 0.25
417 673 1.0 0.25
418 419 1.0 0.25
418 434 1.0 0.25
418 674 1.0 0.25
419 420 1.0 0.25
419 435 1.0 0.25
419 675 1.0 0.25
420 421 1.0 0.25
420 436 1.0 0.25
420 676 1.0 0.25
421 422 1.0 0.25
421 437 1.0 0.25
421 677 1.0 0.25
422 423 1.0 0.25
422 438 1.0 0.25
422 678 1.0 0.25
423 424 1.0 0.25
423 439 1.0 0.25
423 679 1.0 0.25
424 425 1.0 0.25
424 440 1.0 0.25
424 680 1.0 0.25
425 426 1.0 0.25
425 441 1.0 0.25
425 681 1.0 0.25
426 427 1.0 0.25
426 442 1.0 0.25
426 682 1.0 0.25
427 428 1.0 0.25
427 443 1.0 0.25
427 683 1.0 0.25
428 429 1.0 0.25
428 444 1.0 0.25
428 684 1.0 0.25
429 430 1.0 0.25
429 445 1.0 0.25
429 685 1.0 0.25
430 431 1.0 0.25
430 446 1.0 0.25
430 686 1.0 0.25
431 416 1.0 0.25
431 447 1.0 0.25
431 687 1.0 0.25
432 433 1.0 0.25
432 448 1.0 0.25
432 688 1.0 0.25
433 434 1.0 0.25
433 449 1.0 0.25
433 689 1.0 0.25
434 435 1.0 0.25
434 450 1.0 0.25
434 690 1.0 0.25
435 436 1.0 0.25
435 451 1.0 0.25
435 691 1.0 0.25
436 437 1.0 0.25
436 452 1.0 0.25
436 692 1.0 0.25
437 438 1.0 0.25
437 453 1.0 0.25
437 693 1.0 0.25
438 439 1.0 0.25
438 454 1.0 0.25
438 694 1.0 0.25
439 440 1.0 0.25
439 455 1.0 0.25
439 695 1.0 0.25
440 441 1.0 0.25
440 456 1.0 0.25
440 696 1.0 0.25
441 442 1.0 0.25
441 457 1.0 0.25
441 697 1.0 0.25
442 443 1.0 0.25
442 458 1.0 0.25
442 698 1.0 0.25
443 444 1.0 0.25
443 459 1.0 0.25
443 699 1.0 0.25
444 445 1.0 0.25
444 460 1.0 0.25
444 700 1.0 0.25
445 446 1.0 0.25
445 461 1.0 0.25
445 701 1.0 0.25
446 447 1.0 0.25
446 462 1.0 0.25
446 702 1.0 0.25
447 432 1.0 0.25
447 463 1.0 0.25
447 703 1.0 0.25
448 449 1.0 0.25
448 464 1.0 0.25
448 704 1.0 0.25
449 450 1.0 0.25
449 465 1.0 0.25
449 705 1.0 0.25
450 451 1.0 0.25
450 466 1.0 0.25
450 706 1.0 0.25
451 452 1.0 0.25
451 467 1.0 0.25
451 707 1.0 0.25
452 453 1.0 0.25
452 468 1.0 0.25
452 708 1.0 0.25
453 454 1.0 0.25
453 469 1.0 0.25
453 709 1.0 0.25
454 455 1.0 0.25
454 470 1.0 0.25
454 710 1.0 0.25
455 456 1.0 0.25
455 471 1.0 0.25
455 711 1.0 0.25
456 457 1.0 0.25
456 472 1.0 0.25
456 712 1.0 0.25
457 458 1.0 0.25
457 473 1.0 0.25
457 713 1.0 0.25
458 459 1.0 0.25
458 474 1.0 0.25
458 714 1.0 0.25
459 460 1.0 0.25
459 475 1.0 0.25
459 715 1.0 0.25
460 461 1.0 0.25
460 476 1.0 0.25
460 716 1.0 0.25
461 462 1.0 0.25
461 477 1.0 0.25
461 717 1.0 0.25
462 463 1.0 0.25
462 478 1.0 0.25
462 718 1.0 0.25
463 448 1.0 0.25
463 479 1.0 0.25
463 719 1.0 0.25
464 465 1.0 0.25
464 480 1.0 0.25
464 720 1.0 0.25
465 466 1.0 0.25
465 481 1.0 0.25
465 721 1.0 0.25
466 467 1.0 0.25
466 482 1.0 0.25
466 722 1.0 0.25
467 468 1.0 0.25
467 483 1.0 0.25
467 723 1.0 0.25
468 469 1.0 0.25
468 484 1.0 0.25
468 724 1.0 0.25
469 470 1.0 0.25
469 485 1.0 0.25
469 725 1.0 0.25
470 471 1.0 0.25
470 486 1.0 0.25
470 726 1.0 0.25
471 472 1.0 0.25
471 487 1.0 0.25
471 727 1.0 0.25
472 473 1.0 0.25
472 488 1.0 0.25
472 728 1.0 0.25
473 474 1.0 0.25
473 489 1.0 0.25
473 729 1.0 0.25
474 475 1.0 0.25
474 490 1.0 0.25
474 730 1.0 0.25
475 476 1.0 0.25
475 491 1.0 0.25
475 731 1.0 0.25
476 477 1.0 0.25
476 492 1.0 0.25
476 732 1.0 0.25
477 478 1.0 0.25
477 493 1.0 0.25
477 733 1.0 0.25
478 479 1.0 0.25
478 494 1.0 0.25
478 734 1.0 0.25
479 464 1.0 0.25
479 495 1.0 0.25
479 735 1.0 0.25
480 481 1.0 0.25
480 496 1.0 0.25
480 736 1.0 0.25
481 482 1.0 0.25
481 497 1.0 0.25
481 737 1.0 0.25
482 483 1.0 0.25
482 498 1.0 0.25
482 738 1.0 0.25
483 484 1.0 0.25
483 499 1.0 0.25
483 739 1.0 0.25
484 485 1.0 0.25
484 500 1.0 0.25
484 740 1.0 0.25
485 486 1.0 0.25
485 501 1.0 0.25
485 741 1.0 0.25
486 487 1.0 0.25
486 502 1.0 0.25
486 742 1.0 0.25
487 488 1.0 0.25
487 503 1.0 0.25
487 743 1.0 0.25
488 489 1.0 0.25
488 504 1.0 0.25
488 744 1.0 0.25
489 490 1.0 0.25
489 505 1.0 0.25
489 745 1.0 0.25
490 491 1.0 0.25
490 506 1.0 0.25
490 746 1.0 0.25
491 492 1.0 0.25
491 507 1.0 0.25
491 747 1.0 0.25
492 493 1.0 0.25
492 508 1.0 0.25
492 748 1.0 0.25
493 494 1.0 0.25
493 509 1.0 0.25
493 749 1.0 0.25
494 495 1.0 0.25
494 510 1.0 0.25
494 750 1.0 0.25
495 480 1.0 0.25
495 511 1.0 0.25
495 751 1.0 0.25
496 497 1.0 0.25
496 256 1.0 0.25
496 752 1.0 0.25
497 498 1.0 0.25
497 257 1.0 0.25
497 753 1.0 0.25
498 499 1.0 0.25
498 258 1.0 0.25
498 754 1.0 0.25
499 500 1.0 0.25
499 259 1.0 0.25
499 755 1.0 0.25
500 501 1.0 0.25
500 260 1.0 0.25
500 756 1.0 0.25
501 502 1.0 0.25
501 261 1.0 0.25
501 757 1.0 0.25
502 503 1.0 0.25
502 262 1.0 0.25
502 758 1.0 0.25
503 504 1.0 0.25
503 263 1.0 0.25
503 759 1.0 0.25
504 505 1.0 0.25
504 264 1.0 0.25
504 760 1.0 0.25
505 506 1.0 0.25
505 265 1.0 0.25
505 761 1.0 0.25
506 507 1.0 0.25
506 266 1.0 0.25
506 762 1.0 0.25
507 508 1.0 0.25
507 267 1.0 0.25
507 763 1.0 0.25
508 509 1.0 0.25
508 268 1.0 0.25
508 764 1.0 0.25
509 510 1.0 0.25
509 269 1.0 0.25
509 765 1.0 0.25
510 511 1.0 0.25
510 270 1.0 0.25
510 766 1.0 0.25
511 496 1.0 0.25
511 271 1.0 0.25
511 767 1.0 0.25
512 513 1.0 0.25
512 528 1.0 0.25
512 768 1.0 0.25
513 514 1.0 0.25
513 529 1.0 0.25
513 769 1.0 0.25
514 515 1.0 0.25
514 530 1.0 0.25
514 770 1.0 0.25
515 516 1.0 0.25
515 531 1.0 0.25
515 771 1.0 0.25
516 517 1.0 0.25
516 532 1.0 0.25
516 772 1.0 0.25
517 518 1.0 0.25
517 533 1.0 0.25
517 773 1.0 0.25
518 519 1.0 0.25
518 534 1.0 0.25
518 774 1.0 0.25
519 520 1.0 0.25
519 535 1.0 0.25
519 775 1.0 0.25
520 521 1.0 0.25
520 536 1.0 0.25
520 776 1.0 0.25
521 522 1.0 0.25
521 537 1.0 0.25
521 777 1.0 0.25
522 523 1.0 0.25
522 538 1.0 0.25
522 778 1.0 0.25
523 524 1.0 0.25
523 539 1.0 0.25
523 779 1.0 0.25
524 525 1.0 0.25
524 540 1.0 0.25
524 780 1.0 0.25
525 526 1.0 0.25
525 541 1.0 0.25
525 781 1.0 0.25
526 527 1.0 0.25
526 542 1.0 0.25
526 782 1.0 0.25
527 512 1.0 0.25
527 543 1.0 0.25
527 783 1.0 0.25
528 529 1.0 0.25
528 544 1.0 0.25
528 784 1.0 0.25
529 530 1.0 0.25
529 545 1.0 0.25
529 785 1.0 0.25
530 531 1.0 0.25
530 546 1.0 0.25
530 786 1.0 0.25
531 532 1.0 0.25
531 547 1.0 0.25
531 787 1.0 0.25
532 533 1.0 0.25
532 548 1.0 0.25
532 788 1.0 0.25
533 534 1.0 0.25
533 549 1.0 0.25
533 789 1.0 0.25
534 535 1.0 0.25
534 550 1.0 0.25
534 790 1.0 0.25
535 536 1.0 0.25
535 551 1.0 0.25
535 791 1.0 0.25
536 537 1.0 0.25
536 552 1.0 0.25
536 792 1.0 0.25
537 538 1.0 0.25
537 553 1.0 0.25
537 793 1.0 0.25
538 539 1.0 0.25
538 554 1.0 0.25
538 794 1.0 0.25
539 540 1.0 0.25
539 555 1.0 0.25
539 795 1.0 0.25
540 541 1.0 0.25
540 556 1.0 0.25
540 796 1.0 0.25
541 542 1.0 0.25
541 557 1.0 0.25
541 797 1.0 0.25
542 543 1.0 0.25
542 558 1.0 0.25
542 798 1.0 0.25
543 528 1.0 0.25
543 559 1.0 0.25
543 799 1.0 0.25
544 545 1.0 0.25
544 560 1.0 0.25
544 800 1.0 0.25
545 546 1.0 0.25
545 561 1.0 0.25
545 801 1.0 0.25
546 547 1.0 0.25
546 562 1.0 0.25
546 802 1.0 0.25
547 548 1.0 0.25
547 563 1.0 0.25
547 803 1.0 0.25
548 549 1.0 0.25
548 564 1.0 0.25
548 804 1.0 0.25
549 550 1.0 0.25
549 565 1.0 0.25
549 805 1.0 0.25
550 551 1.0 0.25
550 566 1.0 0.25
550 806 1.0 0.25
551 552 1.0 0.25
551 567 1.0 0.25
551 807 1.0 0.25
552 553 1.0 0.25
552 568 1.0 0.25
552 808 1.0 0.25
553 554 1.0 0.25
553 569 1.0 0.25
553 809 1.0 0.25
554 555 1.0 0.25
554 570 1.0 0.25
554 810 1.0 0.25
555 556 1.0 0.25
555 571 1.0 0.25
555 811 1.0 0.25
556 557 1.0 0.25
556 572 1.0 0.25
556 812 1.0 0.25
557 558 1.0 0.25
557 573 1.0 0.25
557 813 1.0 0.25
558 559 1.0 0.25
558 574 1.0 0.25
558 814 1.0 0.25
559 544 1.0 0.25
559 575 1.0 0.25
559 815 1.0 0.25
560 561 1.0 0.25
560 576 1.0 0.25
560 816 1.0 0.25
561 562 1.0 0.25
561 577 1.0 0.25
561 817 1.0 0.25
562 563 1.0 0.25
562 578 1.0 0.25
562 818 1.0 0.25
563 564 1.0 0.25
563 579 1.0 0.25
563 819 1.0 0.25
564 565 1.0 0.25
564 580 1.0 0.25
564 820 1.0 0.25
565 566 1.0 0.25
565 581 1.0 0.25
565 821 1.0 0.25
566 567 1.0 0.25
566 582 1.0 0.25
566 822 1.0 0.25
567 568 1.0 0.25
567 583 1.0 0.25
567 823 1.0 0.25
568 569 1.0 0.25
568 584 1.0 0.25
568 824 1.0 0.25
569 570 1.0 0.25
569 585 1.0 0.25
569 825 1.0 0.25
570 571 1.0 0.25
570 586 1.0 0.25
570 826 1.0 0.25
571 572 1.0 0.25
571 587 1.0 0.25
571 827 1.0 0.25
572 573 1.0 0.25
572 588 1.0 0.25
572 828 1.0 0.25
573 574 1.0 0.25
573 589 1.0 0.25
573 829 1.0 0.25
574 575 1.0 0.25
574 590 1.0 0.25
574 830 1.0 0.25
575 560 1.0 0.25
575 591 1.0 0.25
575 831 1.0 0.25
576 577 1.0 0.25
576 592 1.0 0.25
576 832 1.0 0.25
577 578 1.0 0.25
577 593 1.0 0.25
577 833 1.0 0.25
578 579 1.0 0.25
578 594 1.0 0.25
578 834 1.0 0.25
579 580 1.0 0.25
579 595 1.0 0.25
579 835 1.0 0.25
580 581 1.0 0.25
580 596 1.0 0.25
580 836 1.0 0.25
581 582 1.0 0.25
581 597 1.0 0.25
581 837 1.0 0.25
582 583 1.0 0.25
582 598 1.0 0.25
582 838 1.0 0.25
583 584 1.0 0.25
583 599 1.0 0.25
583 839 1.0 0.25
584 585 1.0 0.25
584 600 1.0 0.25
584 840 1.0 0.25
585 586 1.0 0.25
585 601 1.0 0.25
585 841 1.0 0.25
586 587 1.0 0.25
586 602 1.0 0.25
586 842 1.0 0.25
587 588 1.0 0.25
587 603 1.0 0.25
587 843 1.0 0.25
588 589 1.0 0.25
588 604 1.0 0.25
588 844 1.0 0.25
589 590 1.0 0.25
589 605 1.0 0.25
589 845 1.0 0.25
590 591 1.0 0.25
590 606 1.0 0.25
590 846 1.0 0.25
591 576 1.0 0.25
591 607 1.0 0.25
591 847 1.0 0.25
592 593 1.0 0.25
592 608 1.0 0.25
592 848 1.0 0.25
593 594 1.0 0.25
593 609 1.0 0.25
593 849 1.0 0.25
594 595 1.0 0.25
594 610 1.0 0.25
594 850 1.0 0.25
595 596 1.0 0.25
595 611 1.0 0.25
595 851 1.0 0.25
596 597 1.0 0.25
596 612 1.0 0.25
596 852 1.0 0.25
597 598 1.0 0.25
597 613 1.0 0.25
597 853 1.0 0.25
598 599 1.0 0.25
598 614 1.0 0.25
598 854 1.0 0.25
599 600 1.0 0.25
599 615 1.0 0.25
599 855 1.0 0.25
600 601 1.0 0.25
600 616 1.0 0.25
600 856 1.0 0.25
601 602 1.0 0.25
601 617 1.0 0.25
601 857 1.0 0.25
602 603 1.0 0.25
602 618 1.0 0.25
602 858 1.0 0.25
603 604 1.0 0.25
603 619 1.0 0.25
603 859 1.0 0.25
604 605 1.0 0.25
604 620 1.0 0.25
604 860 1.0 0.25
605 606 1.0 0.25
605 621 1.0 0.25
605 861 1.0 0.25
606 607 1.0 0.25
606 622 1.0 0.25
606 862 1.0 0.25
607 592 1.0 0.25
607 623 1.0 0.25
607 863 1.0 0.25
608 609 1.0 0.25
608 624 1.0 0.25
608 864 1.0 0.25
609 610 1.0 0.25
609 625 1.0 0.25
609 865 1.0 0.25
610 611 1.0 0.25
610 626 1.0 0.25
610 866 1.0 0.25
611 612 1.0 0.25
611 627 1.0 0.25
611 867 1.0 0.25
612 613 1.0 0.25
612 628 1.0 0.25
612 868 1.0 0.25
613 614 1.0 0.25
613 629 1.0 0.25
613 869 1.0 0.25
614 615 1.0 0.25
614 630 1.0 0.25
614 870 1.0 0.25
615 616 1.0 0.25
615 631 1.0 0.25
615 871 1.0 0.25
616 617 1.0 0.25
616 632 1.0 0.25
616 872 1.0 0.25
617 618 1.0 0.25
617 633 1.0 0.25
617 873 1.0 0.25
618 619 1.0 0.25
618 634 1.0 0.25
618 874 1.0 0.25
619 620 1.0 0.25
619 635 1.0 0.25
619 875 1.0 0.25
620 621 1.0 0.25
620 636 1.0 0.25
620 876 1.0 0.25
621 622 1.0 0.25
621 637 1.0 0.25
621 877 1.0 0.25
622 623 1.0 0.25
622 638 1.0 0.25
622 878 1.0 0.25
623 608 1.0 0.25
623 639 1.0 0.25
623 879 1.0 0.25
624 625 1.0 0.25
624 640 1.0 0.25
624 880 1.0 0.25
625 626 1.0 0.25
625 641 1.0 0.25
625 881 1.0 0.25
626 627 1.0 0.25
626 642 1.0 0.25
626 882 1.0 0.25
627 628 1.0 0.25
627 643 1.0 0.25
627 883 1.0 0.25
628 629 1.0 0.25
628 644 1.0 0.25
628 884 1.0 0.25
629 630 1.0 0.25
629 645 1.0 0.25
629 885 1.0 0.25
630 631 1.0 0.25
630 646 1.0 0.25
630 886 1.0 0.25
631 632 1.0 0.25
631 647 1.0 0.25
631 887 1.0 0.25
632 633 1.0 0.25
632 648 1.0 0.25
632 888 1.0 0.25
633 634 1.0 0.25
633 649 1.0 0.25
633 889 1.0 0.25
634 635 1.0 0.25
634 650 1.0 0.25
634 890 1.0 0.25
635 636 1.0 0.25
635 651 1.0 0.25
635 891 1.0 0.25
636 637 1.0 0.25
636 652 1.0 0.25
636 892 1.0 0.25
637 638 1.0 0.25
637 653 1.0 0.25
637 893 1.0 0.25
638 639 1.0 0.25
638 654 1.0 0.25
638 894 1.0 0.25
639 624 1.0 0.25
639 655 1.0 0.25
639 895 1.0 0.25
640 641 1.0 0.25
640 656 1.0 0.25
640 896 1.0 0.25
641 642 1.0 0.25
641 657 1.0 0.25
641 897 1.0 0.25
642 643 1.0 0.25
642 658 1.0 0.25
642 898 1.0 0.25
643 644 1.0 0.25
643 659 1.0 0.25
643 899 1.0 0.25
644 645 1.0 0.25
644 660 1.0 0.25
644 900 1.0 0.25
645 646 1.0 0.25
645 661 1.0 0.25
645 901 1.0 0.25
646 647 1.0 0.25
646 662 1.0 0.25
646 902 1.0 0.25
647 648 1.0 0.25
647 663 1.0 0.25
647 903 1.0 0.25
648 649 1.0 0.25
648 664 1.0 0.25
648 904 1.0 0.25
649 650 1.0 0.25
649 665 1.0 0.25
649 905 1.0 0.25
650 651 1.0 0.25
650 666 1.0 0.25
650 906 1.0 0.25
651 652 1.0 0.25
651 667 1.0 0.25
651 907 1.0 0.25
652 653 1.0 0.25
652 668 1.0 0.25
652 908 1.0 0.25
653 654 1.0 0.25
653 669 1.0 0.25
653 909 1.0 0.25
654 655 1.0 0.25
654 670 1.0 0.25
654 910 1.0 0.25
655 640 1.0 0.25
655 671 1.0 0.25
655 911 1.0 0.25
656 657 1.0 0.25
656 672 1.0 0.25
656 912 1.0 0.25
657 658 1.0 0.25
657 673 1.0 0.25
657 913 1.0 0.25
658 659 1.0 0.25
658 674 1.0 0.25
658 914 1.0 0.25
659 660 1.0 0.25
659 675 1.0 0.25
659 915 1.0 0.25
660 661 1.0 0.25
660 676 1.0 0.25
660 916 1.0 0.25
661 662 1.0 0.25
661 677 1.0 0.25
661 917 1.0 0.25
662 663 1.0 0.25
662 678 1.0 0.25
662 918 1.0 0.25
663 664 1.0 0.25
663 679 1.0 0.25
663 919 1.0 0.25
664 665 1.0 0.25
664 680 1.0 0.25
664 920 1.0 0.25
665 666 1.0 0.25
665 681 1.0 0.25
665 921 1.0 0.25
666 667 1.0 0.25
666 682 1.0 0.25
666 922 1.0 0.25
667 668 1.0 0.25
667 683 1.0 0.25
667 923 1.0 0.25
668 669 1.0 0.25
668 684 1.0 0.25
668 924 1.0 0.25
669 670 1.0 0.25
669 685 1.0 0.25
669 925 1.0 0.25
670 671 1.0 0.25
670 686 1.0 0.25
670 926 1.0 0.25
671 656 1.0 0.25
671 687 1.0 0.25
671 927 1.0 0.25
672 673 1.0 0.25
672 688 1.0 0.25
672 928 1.0 0.25
673 674 1.0 0.25
673 689 1.0 0.25
673 929 1.0 0.25
674 675 1.0 0.25
674 690 1.0 0.25
674 930 1.0 0.25
675 676 1.0 0.25
675 691 1.0 0.25
675 931 1.0 0.25
676 677 1.0 0.25
676 692 1.0 0.25
676 932 1.0 0.25
677 678 1.0 0.25
677 693 1.0 0.25
677 933 1.0 0.25
678 679 1.0 0.25
678 694 1.0 0.25
678 934 1.0 0.25
679 680 1.0 0.25
679 695 1.0 0.25
679 935 1.0 0.25
680 681 1.0 0.25
680 696 1.0 0.25
680 936 1.0 0.25
681 682 1.0 0.25
681 697 1.0 0.25
681 937 1.0 0.25
682 683 1.0 0.25
682 698 1.0 0.25
682 938 1.0 0.25
683 684 1.0 0.25
683 699 1.0 0.25
683 939 1.0 0.25
684 685 1.0 0.25
684 700 1.0 0.25
684 940 1.0 0.25
685 686 1.0 0.25
685 701 1.0 0.25
685 941 1.0 0.25
686 687 1.0 0.25
686 702 1.0 0.25
686 942 1.0 0.25
687 672 1.0 0.25
687 703 1.0 0.25
687 943 1.0 0.25
688 689 1.0 0.25
688 704 1.0 0.25
688 944 1.0 0.25
689 690 1.0 0.25
689 705 1.0 0.25
689 945 1.0 0.25
690 691 1.0 0.25
690 706 1.0 0.25
690 946 1.0 0.25
691 692 1.0 0.25
691 707 1.0 0.25
691 947 1.0 0.25
692 693 1.0 0.25
692 708 1.0 0.25
692 948 1.0 0.25
693 694 1.0 0.25
693 709 1.0 0.25
693 949 1.0 0.25
694 695 1.0 0.25
694 710 1.0 0.25
694 950 1.0 0.25
695 696 1.0 0.25
695 711 1.0 0.25
695 951 1.0 0.25
696 697 1.0 0.25
696 712 1.0 0.25
696 952 1.0 0.25
697 698 1.0 0.25
697 713 1.0 0.25
697 953 1.0 0.25
698 699 1.0 0.25
698 714 1.0 0.25
698 954 1.0 0.25
699 700 1.0 0.25
699 715 1.0 0.25
699 955 1.0 0.25
700 701 1.0 0.25
700 716 1.0 0.25
700 956 1.0 0.25
701 702 1.0 0.25
701 717 1.0 0.25
701 957 1.0 0.25
702 703 1.0 0.25
702 718 1.0 0.25
702 958 1.0 0.25
703 688 1.0 0.25
703 719 1.0 0.25
703 959 1.0 0.25
704 705 1.0 0.25
704 720 1.0 0.25
704 960 1.0 0.25
705 706 1.0 0.25
705 721 1.0 0.25
705 961 1.0 0.25
706 707 1.0 0.25
706 722 1.0 0.25
706 962 1.0 0.25
707 708 1.0 0.25
707 723 1.0 0.25
707 963 1.0 0.25
708 709 1.0 0.25
708 724 1.0 0.25
708 964 1.0 0.25
709 710 1.0 0.25
709 725 1.0 0.25
709 965 1.0 0.25
710 711 1.0 0.25
710 726 1.0 0.25
710 966 1.0 0.25
711 712 1.0 0.25
711 727 1.0 0.25
711 967 1.0 0.25
712 713 1.0 0.25
712 728 1.0 0.25
712 968 1.0 0.25
713 714 1.0 0.25
713 729 1.0 0.25
713 969 1.0 0.25
714 715 1.0 0.25
714 730 1.0 0.25
714 970 1.0 0.25
715 716 1.0 0.25
715 731 1.0 0.25
715 971 1.0 0.25
716 717 1.0 0.25
716 732 1.0 0.25
716 972 1.0 0.25
717 718 1.0 0.25
717 733 1.0 0.25
717 973 1.0 0.25
718 719 1.0 0.25
718 734 1.0 0.25
718 974 1.0 0.25
719 704 1.0 0.25
719 735 1.0 0.25
719 975 1.0 0.25
720 721 1.0 0.25
720 736 1.0 0.25
720 976 1.0 0.25
721 722 1.0 0.25
721 737 1.0 0.25
721 977 1.0 0.25
722 723 1.0 0.25
722 738 1.0 0.25
722 978 1.0 0.25
723 724 1.0 0.25
723 739 1.0 0.25
723 979 1.0 0.25
724 725 1.0 0.25
724 740 1.0 0.25
724 980 1.0 0.25
725 726 1.0 0.25
725 741 1.0 0.25
725 981 1.0 0.25
726 727 1.0 0.25
726 742 1.0 0.25
726 982 1.0 0.25
727 728 1.0 0.25
727 743 1.0 0.25
727 983 1.0 0.25
728 729 1.0 0.25
728 744 1.0 0.25
728 984 1.0 0.25
729 730 1.0 0.25
729 745 1.0 0.25
729 985 1.0 0.25
730 731 1.0 0.25
730 746 1.0 0.25
730 986 1.0 0.25
731 732 1.0 0.25
731 747 1.0 0.25
731 987 1.0 0.25
732 733 1.0 0.25
732 748 1.0 0.25
732 988 1.0 0.25
733 734 1.0 0.25
733 749 1.0 0.25
733 989 1.0 0.25
734 735 1.0 0.25
734 750 1.0 0.25
734 990 1.0 0.25
735 720 1.0 0.25
735 751 1.0 0.25
735 991 1.0 0.25
736 737 1.0 0.25
736 752 1.0 0.25
736 992 1.0 0.25
737 738 1.0 0.25
737 753 1.0 0.25
737 993 1.0 0.25
738 739 1.0 0.25
738 754 1.0 0.25
738 994 1.0 0.25
739 740 1.0 0.25
739 755 1.0 0.25
739 995 1.0 0.25
740 741 1.0 0.25
740 756 1.0 0.25
740 996 1.0 0.25
741 742 1.0 0.25
741 757 1.0 0.25
741 997 1.0 0.25
742 743 1.0 0.25
742 758 1.0 0.25
742 998 1.0 0.25
743 744 1.0 0.25
743 759 1.0 0.25
743 999 1.0 0.25
744 745 1.0 0.25
744 760 1.0 0.25
744 1000 1.0 0.25
745 746 1.0 0.25
745 761 1.0 0.25
745 1001 1.0 0.25
746 747 1.0 0.25
746 762 1.0 0.25
746 1002 1.0 0.25
747 748 1.0 0.25
747 763 1.0 0.25
747 1003 1.0 0.25
748 749 1.0 0.25
748 764 1.0 0.25
748 1004 1.0 0.25
749 750 1.0 0.25
749 765 1.0 0.25
749 1005 1.0 0.25
750 751 1.0 0.25
750 766 1.0 0.25
750 1006 1.0 0.25
751 736 1.0 0.25
751 767 1.0 0.25
751 1007 1.0 0.25
752 753 1.0 0.25
752 512 1.0 0.25
752 1008 1.0 0.25
753 754 1.0 0.25
753 513 1.0 0.25
753 1009 1.0 0.25
754 755 1.0 0.25
754 514 1.0 0.25
754 1010 1.0 0.25
755 756 1.0 0.25
755 515 1.0 0.25
755 1011 1.0 0.25
756 757 1.0 0.25
756 516 1.0 0.25
756 1012 1.0 0.25
757 758 1.0 0.25
757 517 1.0 0.25
757 1013 1.0 0.25
758 759 1.0 0.25
758 518 1.0 0.25
758 1014 1.0 0.25
759 760 1.0 0.25
759 519 1.0 0.25
759 1015 1.0 0.25
760 761 1.0 0.25
760 520 1.0 0.25
760 1016 1.0 0.25
761 762 1.0 0.25
761 521 1.0 0.25
761 1017 1.0 0.25
762 763 1.0 0.25
762 522 1.0 0.25
762 1018 1.0 0.25
763 764 1.0 0.25
763 523 1.0 0.25
763 1019 1.0 0.25
764 765 1.0 0.25
764 524 1.0 0.25
764 1020 1.0 0.25
765 766 1.0 0.25
765 525 1.0 0.25
765 1021 1.0 0.25
766 767 1.0 0.25
766 526 1.0 0.25
766 1022 1.0 0.25
767 752 1.0 0.25
767 527 1.0 0.25
767 1023 1.0 0.25
768 769 1.0 0.25
768 784 1.0 0.25
768 1024 1.0 0.25
769 770 1.0 0.25
769 785 1.0 0.25
769 1025 1.0 0.25
770 771 1.0 0.25
770 786 1.0 0.25
770 1026 1.0 0.25
771 772 1.0 0.25
771 787 1.0 0.25
771 1027 1.0 0.25
772 773 1.0 0.25
772 788 1.0 0.25
772 1028 1.0 0.25
773 774 1.0 0.25
773 789 1.0 0.25
773 1029 1.0 0.25
774 775 1.0 0.25
774 790 1.0 0.25
774 1030 1.0 0.25
775 776 1.0 0.25
775 791 1.0 0.25
775 1031 1.0 0.25
776 777 1.0 0.25
776 792 1.0 0.25
776 1032 1.0 0.25
777 778 1.0 0.25
777 793 1.0 0.25
777 1033 1.0 0.25
778 779 1.0 0.25
778 794 1.0 0.25
778 1034 1.0 0.25
779 780 1.0 0.25
779 795 1.0 0.25
779 1035 1.0 0.25
780 781 1.0 0.25
780 796 1.0 0.25
780 1036 1.0 0.25
781 782 1.0 0.25
781 797 1.0 0.25
781 1037 1.0 0.25
782 783 1.0 0.25
782 798 1.0 0.25
782 1038 1.0 0.25
783 768 1.0 0.25
783 799 1.0 0.25
783 1039 1.0 0.25
784 785 1.0 0.25
784 800 1.0 0.25
784 1040 1.0 0.25
785 786 1.0 0.25
785 801 1.0 0.25
785 1041 1.0 0.25
786 787 1.0 0.25
786 802 1.0 0.25
786 1042 1.0 0.25
787 788 1.0 0.25
787 803 1.0 0.25
787 1043 1.0 0.25
788 789 1.0 0.25
788 804 1.0 0.25
788 1044 1.0 0.25
789 790 1.0 0.25
789 805 1.0 0.25
789 1045 1.0 0.25
790 791 1.0 0.25
790 806 1.0 0.25
790 1046 1.0 0.25
791 792 1.0 0.25
791 807 1.0 0.25
791 1047 1.0 0.25
792 793 1.0 0.25
792 808 1.0 0.25
792 1048 1.0 0.25
793 794 1.0 0.25
793 809 1.0 0.25
793 1049 1.0 0.25
794 795 1.0 0.25
794 810 1.0 0.25
794 1050 1.0 0.25
795 796 1.0 0.25
795 811 1.0 0.25
795 1051 1.0 0.25
796 797 1.0 0.25
796 812 1.0 0.25
796 1052 1.0 0.25
797 798 1.0 0.25
797 813 1.0 0.25
797 1053 1.0 0.25
798 799 1.0 0.25
798 814 1.0 0.25
798 1054 1.0 0.25
799 784 1.0 0.25
799 815 1.0 0.25
799 1055 1.0 0.25
800 801 1.0 0.25
800 816 1.0 0.25
800 1056 1.0 0.25
801 802 1.0 0.25
801 817 1.0 0.25
801 1057 1.0 0.25
802 803 1.0 0.25
802 818 1.0 0.25
802 1058 1.0 0.25
803 804 1.0 0.25
803 819 1.0 0.25
803 1059 1.0 0.25
804 805 1.0 0.25
804 820 1.0 0.25
804 1060 1.0 0.25
805 806 1.0 0.25
805 821 1.0 0.25
805 1061 1.0 0.25
806 807 1.0 0.25
806 822 1.0 0.25
806 1062 1.0 0.25
807 808 1.0 0.25
807 823 1.0 0.25
807 1063 1.0 0.25
808 809 1.0 0.25
808 824 1.0 0.25
808 1064 1.0 0.25
809 810 1.0 0.25
809 825 1.0 0.25
809 1065 1.0 0.25
810 811 1.0 0.25
810 826 1.0 0.25
810 1066 1.0 0.25
811 812 1.0 0.25
811 827 1.0 0.25
811 1067 1.0 0.25
812 813 1.0 0.25
812 828 1.0 0.25
812 1068 1.0 0.25
813 814 1.0 0.25
813 829 1.0 0.25
813 1069 1.0 0.25
814 815 1.0 0.25
814 830 1.0 0.25
814 1070 1.0 0.25
815 800 1.0 0.25
815 831 1.0 0.25
815 1071 1.0 0.25
816 817 1.0 0.25
816 832 1.0 0.25
816 1072 1.0 0.25
817 818 1.0 0.25
817 833 1.0 0.25
817 1073 1.0 0.25
818 819 1.0 0.25
818 834 1.0 0.25
818 1074 1.0 0.25
819 820 1.0 0.25
819 835 1.0 0.25
819 1075 1.0 0.25
820 821 1.0 0.25
820 836 1.0 0.25
820 1076 1.0 0.25
821 822 1.0 0.25
821 837 1.0 0.25
821 1077 1.0 0.25
822 823 1.0 0.25
822 838 1.0 0.25
822 1078 1.0 0.25
823 824 1.0 0.25
823 839 1.0 0.25
823 1079 1.0 0.25
824 825 1.0 0.25
824 840 1.0 0.25
824 1080 1.0 0.25
825 826 1.0 0.25
825 841 1.0 0.25
825 1081 1.0 0.25
826 827 1.0 0.25
826 842 1.0 0.25
826 1082 1.0 0.25
827 828 1.0 0.25
827 843 1.0 0.25
827 1083 1.0 0.25
828 829 1.0 0.25
828 844 1.0 0.25
828 1084 1.0 0.25
829 830 1.0 0.25
829 845 1.0 0.25
829 1085 1.0 0.25
830 831 1.0 0.25
830 846 1.0 0.25
830 1086 1.0 0.25
831 816 1.0 0.25
831 847 1.0 0.25
831 1087 1.0 0.25
832 833 1.0 0.25
832 848 1.0 0.25
832 1088 1.0 0.25
833 834 1.0 0.25
833 849 1.0 0.25
833 1089 1.0 0.25
834 835 1.0 0.25
834 850 1.0 0.25
834 1090 1.0 0.25
835 836 1.0 0.25
835 851 1.0 0.25
835 1091 1.0 0.25
836 837 1.0 0.25
836 852 1.0 0.25
836 1092 1.0 0.25
837 838 1.0 0.25
837 853 1.0 0.25
837 1093 1.0 0.25
838 839 1.0 0.25
838 854 1.0 0.25
838 1094 1.0 0.25
839 840 1.0 0.25
839 855 1.0 0.25
839 1095 1.0 0.25
840 841 1.0 0.25
840 856 1.0 0.25
840 1096 1.0 0.25
841 842 1.0 0.25
841 857 1.0 0.25
841 1097 1.0 0.25
842 843 1.0 0.25
842 858 1.0 0.25
842 1098 1.0 0.25
843 844 1.0 0.25
843 859 1.0 0.25
843 1099 1.0 0.25
844 845 1.0 0.25
844 860 1.0 0.25
844 1100 1.0 0.25
845 846 1.0 0.25
845 861 1.0 0.25
845 1101 1.0 0.25
846 847 1.0 0.25
846 862 1.0 0.25
846 1102 1.0 0.25
847 832 1.0 0.25
847 863 1.0 0.25
847 1103 1.0 0.25
848 849 1.0 0.25
848 864 1.0 0.25
848 1104 1.0 0.25
849 850 1.0 0.25
849 865 1.0 0.25
849 1105 1.0 0.25
850 851 1.0 0.25
850 866 1.0 0.25
850 1106 1.0 0.25
851 852 1.0 0.25
851 867 1.0 0.25
851 1107 1.0 0.25
852 853 1.0 0.25
852 868 1.0 0.25
852 1108 1.0 0.25
853 854 1.0 0.25
853 869 1.0 0.25
853 1109 1.0 0.25
854 855 1.0 0.25
854 870 1.0 0.25
854 1110 1.0 0.25
855 856 1.0 0.25
855 871 1.0 0.25
855 1111 1.0 0.25
856 857 1.0 0.25
856 872 1.0 0.25
856 1112 1.0 0.25
857 858 1.0 0.25
857 873 1.0 0.25
857 1113 1.0 0.25
858 859 1.0 0.25
858 874 1.0 0.25
858 1114 1.0 0.25
859 860 1.0 0.25
859 875 1.0 0.25
859 1115 1.0 0.25
860 861 1.0 0.25
860 876 1.0 0.25
860 1116 1.0 0.25
861 862 1.0 0.25
861 877 1.0 0.25
861 1117 1.0 0.25
862 863 1.0 0.25
862 878 1.0 0.25
862 1118 1.0 0.25
863 848 1.0 0.25
863 879 1.0 0.25
863 1119 1.0 0.25
864 865 1.0 0.25
864 880 1.0 0.25
864 1120 1.0 0.25
865 866 1.0 0.25
865 881 1.0 0.25
865 1121 1.0 0.25
866 867 1.0 0.25
866 882 1.0 0.25
866 1122 1.0 0.25
867 868 1.0 0.25
867 883 1.0 0.25
867 1123 1.0 0.25
868 869 1.0 0.25
868 884 1.0 0.25
868 1124 1.0 0.25
869 870 1.0 0.25
869 885 1.0 0.25
869 1125 1.0 0.25
870 871 1.0 0.25
870 886 1.0 0.25
870 1126 1.0 0.25
871 872 1.0 0.25
871 887 1.0 0.25
871 1127 1.0 0.25
872 873 1.0 0.25
872 888 1.0 0.25
872 1128 1.0 0.25
873 874 1.0 0.25
873 889 1.0 0.25
873 1129 1.0 0.25
874 875 1.0 0.25
874 890 1.0 0.25
874 1130 1.0 0.25
875 876 1.0 0.25
875 891 1.0 0.25
875 1131 1.0 0.25
876 877 1.0 0.25
876 892 1.0 0.25
876 1132 1.0 0.25
877 878 1.0 0.25
877 893 1.0 0.25
877 1133 1.0 0.25
878 879 1.0 0.25
878 894 1.0 0.25
878 1134 1.0 0.25
879 864 1.0 0.25
879 895 1.0 0.25
879 1135 1.0 0.25
880 881 1.0 0.25
880 896 1.0 0.25
880 1136 1.0 0.25
881 882 1.0 0.25
881 897 1.0 0.25
881 1137 1.0 0.25
882 883 1.0 0.25
882 898 1.0 0.25
882 1138 1.0 0.25
883 884 1.0 0.25
883 899 1.0 0.25
883 1139 1.0 0.25
884 885 1.0 0.25
884 900 1.0 0.25
884 1140 1.0 0.25
885 886 1.0 0.25
885 901 1.0 0.25
885 1141 1.0 0.25
886 887 1.0 0.25
886 902 1.0 0.25
886 1142 1.0 0.25
887 888 1.0 0.25
887 903 1.0 0.25
887 1143 1.0 0.25
888 889 1.0 0.25
888 904 1.0 0.25
888 1144 1.0 0.25
889 890 1.0 0.25
889 905 1.0 0.25
889 1145 1.0 0.25
890 891 1.0 0.25
890 906 1.0 0.25
890 1146 1.0 0.25
891 892 1.0 0.25
891 907 1.0 0.25
891 1147 1.0 0.25
892 893 1.0 0.25
892 908 1.0 0.25
892 1148 1.0 0.25
893 894 1.0 0.25
893 909 1.0 0.25
893 1149 1.0 0.25
894 895 1.0 0.25
894 910 1.0 0.25
894 1150 1.0 0.25
895 880 1.0 0.25
895 911 1.0 0.25
895 1151 1.0 0.25
896 897 1.0 0.25
896 912 1.0 0.25
896 1152 1.0 0.25
897 898 1.0 0.25
897 913 1.0 0.25
897 1153 1.0 0.25
898 899 1.0 0.25
898 914 1.0 0.25
898 1154 1.0 0.25
899 900 1.0 0.25
899 915 1.0 0.25
899 1155 1.0 0.25
900 901 1.0 0.25
900 916 1.0 0.25
900 1156 1.0 0.25
901 902 1.0 0.25
901 917 1.0 0.25
901 1157 1.0 0.25
902 903 1.0 0.25
902 918 1.0 0.25
902 1158 1.0 0.25
903 904 1.0 0.25
903 919 1.0 0.25
903 1159 1.0 0.25
904 905 1.0 0.25
904 920 1.0 0.25
904 1160 1.0 0.25
905 906 1.0 0.25
905 921 1.0 0.25
905 1161 1.0 0.25
906 907 1.0 0.25
906 922 1.0 0.25
906 1162 1.0 0.25
907 908 1.0 0.25
907 923 1.0 0.25
907 1163 1.0 0.25
908 909 1.0 0.25
908 924 1.0 0.25
908 1164 1.0 0.25
909 910 1.0 0.25
909 925 1.0 0.25
909 1165 1.0 0.25
910 911 1.0 0.25
910 926 1.0 0.25
910 1166 1.0 0.25
911 896 1.0 0.25
911 927 1.0 0.25
911 1167 1.0 0.25
912 913 1.0 0.25
912 928 1.0 0.25
912 1168 1.0 0.25
913 914 1.0 0.25
913 929 1.0 0.25
913 1169 1.0 0.25
914 915 1.0 0.25
914 930 1.0 0.25
914 1170 1.0 0.25
915 916 1.0 0.25
915 931 1.0 0.25
915 1171 1.0 0.25
916 917 1.0 0.25
916 932 1.0 0.25
916 1172 1.0 0.25
917 918 1.0 0.25
917 933 1.0 0.25
917 1173 1.0 0.25
918 919 1.0 0.25
918 934 1.0 0.25
918 1174 1.0 0.25
919 920 1.0 0.25
919 935 1.0 0.25
919 1175 1.0 0.25
920 921 1.0 0.25
920 936 1.0 0.25
920 1176 1.0 0.25
921 922 1.0 0.25
921 937 1.0 0.25
921 1177 1.0 0.25
922 923 1.0 0.25
922 938 1.0 0.25
922 1178 1.0 0.25
923 924 1.0 0.25
923 939 1.0 0.25
923 1179 1.0 0.25
924 925 1.0 0.25
924 940 1.0 0.25
924 1180 1.0 0.25
925 926 1.0 0.25
925 941 1.0 0.25
925 1181 1.0 0.25
926 927 1.0 0.25
926 942 1.0 0.25
926 1182 1.0 0.25
927 912 1.0 0.25
927 943 1.0 0.25
927 1183 1.0 0.25
928 929 1.0 0.25
928 944 1.0 0.25
928 1184 1.0 0.25
929 930 1.0 0.25
929 945 1.0 0.25
929 1185 1.0 0.25
930 931 1.0 0.25
930 946 1.0 0.25
930 1186 1.0 0.25
931 932 1.0 0.25
931 947 1.0 0.25
931 1187 1.0 0.25
932 933 1.0 0.25
932 948 1.0 0.25
932 1188 1.0 0.25
933 934 1.0 0.25
933 949 1.0 0.25
933 1189 1.0 0.25
934 935 1.0 0.25
934 950 1.0 0.25
934 1190 1.0 0.25
935 936 1.0 0.25
935 951 1.0 0.25
935 1191 1.0 0.25
936 937 1.0 0.25
936 952 1.0 0.25
936 1192 1.0 0.25
937 938 1.0 0.25
937 953 1.0 0.25
937 1193 1.0 0.25
938 939 1.0 0.25
938 954 1.0 0.25
938 1194 1.0 0.25
939 940 1.0 0.25
939 955 1.0 0.25
939 1195 1.0 0.25
940 941 1.0 0.25
940 956 1.0 0.25
940 1196 1.0 0.25
941 942 1.0 0.25
941 957 1.0 0.25
941 1197 1.0 0.25
942 943 1.0 0.25
942 958 1.0 0.25
942 1198 1.0 0.25
943 928 1.0 0.25
943 959 1.0 0.25
943 1199 1.0 0.25
944 945 1.0 0.25
944 960 1.0 0.25
944 1200 1.0 0.25
945 946 1.0 0.25
945 961 1.0 0.25
945 1201 1.0 0.25
946 947 1.0 0.25
946 962 1.0 0.25
946 1202 1.0 0.25
947 948 1.0 0.25
947 963 1.0 0.25
947 1203 1.0 0.25
948 949 1.0 0.25
948 964 1.0 0.25
948 1204 1.0 0.25
949 950 1.0 0.25
949 965 1.0 0.25
949 1205 1.0 0.25
950 951 1.0 0.25
950 966 1.0 0.25
950 1206 1.0 0.25
951 952 1.0 0.25
951 967 1.0 0.25
951 1207 1.0 0.25
952 953 1.0 0.25
952 968 1.0 0.25
952 1208 1.0 0.25
953 954 1.0 0.25
953 969 1.0 0.25
953 1209 1.0 0.25
954 955 1.0 0.25
954 970 1.0 0.25
954 1210 1.0 0.25
955 956 1.0 0.25
955 971 1.0 0.25
955 1211 1.0 0.25
956 957 1.0 0.25
956 972 1.0 0.25
956 1212 1.0 0.25
957 958 1.0 0.25
957 973 1.0 0.25
957 1213 1.0 0.25
958 959 1.0 0.25
958 974 1.0 0.25
958 1214 1.0 0.25
959 944 1.0 0.25
959 975 1.0 0.25
959 1215 1.0 0.25
960 961 1.0 0.25
960 976 1.0 0.25
960 1216 1.0 0.25
961 962 1.0 0.25
961 977 1.0 0.25
961 1217 1.0 0.25
962 963 1.0 0.25
962 978 1.0 0.25
962 1218 1.0 0.25
963 964 1.0 0.25
963 979 1.0 0.25
963 1219 1.0 0.25
964 965 1.0 0.25
964 980 1.0 0.25
964 1220 1.0 0.25
965 966 1.0 0.25
965 981 1.0 0.25
965 1221 1.0 0.25
966 967 1.0 0.25
966 982 1.0 0.25
966 1222 1.0 0.25
967 968 1.0 0.25
967 983 1.0 0.25
967 1223 1.0 0.25
968 969 1.0 0.25
968 984 1.0 0.25
968 1224 1.0 0.25
969 970 1.0 0.25
969 985 1.0 0.25
969 1225 1.0 0.25
970 971 1.0 0.25
970 986 1.0 0.25
970 1226 1.0 0.25
971 972 1.0 0.25
971 987 1.0 0.25
971 1227 1.0 0.25
972 973 1.0 0.25
972 988 1.0 0.25
972 1228 1.0 0.25
973 974 1.0 0.25
973 989 1.0 0.25
973 1229 1.0 0.25
974 975 1.0 0.25
974 990 1.0 0.25
974 1230 1.0 0.25
975 960 1.0 0.25
975 991 1.0 0.25
975 1231 1.0 0.25
976 977 1.0 0.25
976 992 1.0 0.25
976 1232 1.0 0.25
977 978 1.0 0.25
977 993 1.0 0.25
977 1233 1.0 0.25
978 979 1.0 0.25
978 994 1.0 0.25
978 1234 1.0 0.25
979 980 1.0 0.25
979 995 1.0 0.25
979 1235 1.0 0.25
980 981 1.0 0.25
980 996 1.0 0.25
980 1236 1.0 0.25
981 982 1.0 0.25
981 997 1.0 0.25
981 1237 1.0 0.25
982 983 1.0 0.25
982 998 1.0 0.25
982 1238 1.0 0.25
983 984 1.0 0.25
983 999 1.0 0.25
983 1239 1.0 0.25
984 985 1.0 0.25
984 1000 1.0 0.25
984 1240 1.0 0.25
985 986 1.0 0.25
985 1001 1.0 0.25
985 1241 1.0 0.25
986 987 1.0 0.25
986 1002 1.0 0.25
986 1242 1.0 0.25
987 988 1.0 0.25
987 1003 1.0 0.25
987 1243 1.0 0.25
988 989 1.0 0.25
988 1004 1.0 0.25
988 1244 1.0 0.25
989 990 1.0 0.25
989 1005 1.0 0.25
989 1245 1.0 0.25
990 991 1.0 0.25
990 1006 1.0 0.25
990 1246 1.0 0.25
991 976 1.0 0.25
991 1007 1.0 0.25
991 1247 1.0 0.25
992 993 1.0 0.25
992 1008 1.0 0.25
992 1248 1.0 0.25
993 994 1.0 0.25
993 1009 1.0 0.25
993 1249 1.0 0.25
994 995 1.0 0.25
994 1010 1.0 0.25
994 1250 1.0 0.25
995 996 1.0 0.25
995 1011 1.0 0.25
995 1251 1.0 0.25
996 997 1.0 0.25
996 1012 1.0 0.25
996 1252 1.0 0.25
997 998 1.0 0.25
997 1013 1.0 0.25
997 1253 1.0 0.25
998 999 1.0 0.25
998 1014 1.0 0.25
998 1254 1.0 0.25
999 1000 1.0 0.25
999 1015 1.0 0.25
999 1255 1.0 0.25
1000 1001 1.0 0.25
1000 1016 1.0 0.25
1000 1256 1.0 0.25
1001 1002 1.0 0.25
1001 1017 1.0 0.25
1001 1257 1.0 0.25
1002 1003 1.0 0.25
1002 1018 1.0 0.25
1002 1258 1.0 0.25
1003 1004 1.0 0.25
1003 1019 1.0 0.25
1003 1259 1.0 0.25
1004 1005 1.0 0.25
1004 1020 1.0 0.25
1004 1260 1.0 0.25
1005 1006 1.0 0.25
1005 1021 1.0 0.25
1005 1261 1.0 0.25
1006 1007 1.0 0.25
1006 1022 1.0 0.25
1006 1262 1.0 0.25
1007 992 1.0 0.25
1007 1023 1.0 0.25
1007 1263 1.0 0.25
1008 1009 1.0 0.25
1008 768 1.0 0.25
1008 1264 1.0 0.25
1009 1010 1.0 0.25
1009 769 1.0 0.25
1009 1265 1.0 0.25
1010 1011 1.0 0.25
1010 770 1.0 0.25
1010 1266 1.0 0.25
1011 1012 1.0 0.25
1011 771 1.0 0.25
1011 1267 1.0 0.25
1012 1013 1.0 0.25
1012 772 1.0 0.25
1012 1268 1.0 0.25
1013 1014 1.0 0.25
1013 773 1.0 0.25
1013 1269 1.0 0.25
1014 1015 1.0 0.25
1014 774 1.0 0.25
1014 1270 1.0 0.25
1015 1016 1.0 0.25
1015 775 1.0 0.25
1015 1271 1.0 0.25
1016 1017 1.0 0.25
1016 776 1.0 0.25
1016 1272 1.0 0.25
1017 1018 1.0 0.25
1017 777 1.0 0.25
1017 1273 1.0 0.25
1018 1019 1.0 0.25
1018 778 1.0 0.25
1018 1274 1.0 0.25
1019 1020 1.0 0.25
1019 779 1.0 0.25
1019 1275 1.0 0.25
1020 1021 1.0 0.25
1020 780 1.0 0.25
1020 1276 1.0 0.25
1021 1022 1.0 0.25
1021 781 1.0 0.25
1021 1277 1.0 0.25
1022 1023 1.0 0.25
1022 782 1.0 0.25
1022 1278 1.0 0.25
1023 1008 1.0 0.25
1023 783 1.0 0.25
1023 1279 1.0 0.25
1024 1025 1.0 0.25
1024 1040 1.0 0.25
1024 1280 1.0 0.25
1025 1026 1.0 0.25
1025 1041 1.0 0.25
1025 1281 1.0 0.25
1026 1027 1.0 0.25
1026 1042 1.0 0.25
1026 1282 1.0 0.25
1027 1028 1.0 0.25
1027 1043 1.0 0.25
1027 1283 1.0 0.25
1028 1029 1.0 0.25
1028 1044 1.0 0.25
1028 1284 1.0 0.25
1029 1030 1.0 0.25
1029 1045 1.0 0.25
1029 1285 1.0 0.25
1030 1031 1.0 0.25
1030 1046 1.0 0.25
1030 1286 1.0 0.25
1031 1032 1.0 0.25
1031 1047 1.0 0.25
1031 1287 1.0 0.25
1032 1033 1.0 0.25
1032 1048 1.0 0.25
1032 1288 1.0 0.25
1033 1034 1.0 0.25
1033 1049 1.0 0.25
1033 1289 1.0 0.25
1034 1035 1.0 0.25
1034 1050 1.0 0.25
1034 1290 1.0 0.25
1035 1036 1.0 0.25
1035 1051 1.0 0.25
1035 1291 1.0 0.25
1036 1037 1.0 0.25
1036 1052 1.0 0.25
1036 1292 1.0 0.25
1037 1038 1.0 0.25
1037 1053 1.0 0.25
1037 1293 1.0 0.25
1038 1039 1.0 0.25
1038 1054 1.0 0.25
1038 1294 1.0 0.25
1039 1024 1.0 0.25
1039 1055 1.0 0.25
1039 1295 1.0 0.25
1040 1041 1.0 0.25
1040 1056 1.0 0.25
1040 1296 1.0 0.25
1041 1042 1.0 0.25
1041 1057 1.0 0.25
1041 1297 1.0 0.25
1042 1043 1.0 0.25
1042 1058 1.0 0.25
1042 1298 1.0 0.25
1043 1044 1.0 0.25
1043 1059 1.0 0.25
1043 1299 1.0 0.25
1044 1045 1.0 0.25
1044 1060 1.0 0.25
1044 1300 1.0 0.25
1045 1046 1.0 0.25
1045 1061 1.0 0.25
1045 1301 1.0 0.25
1046 1047 1.0 0.25
1046 1062 1.0 0.25
1046 1302 1.0 0.25
1047 1048 1.0 0.25
1047 1063 1.0 0.25
1047 1303 1.0 0.25
1048 1049 1.0 0.25
1048 1064 1.0 0.25
1048 1304 1.0 0.25
1049 1050 1.0 0.25
1049 1065 1.0 0.25
1049 1305 1.0 0.25
1050 1051 1.0 0.25
1050 1066 1.0 0.25
1050 1306 1.0 0.25
1051 1052 1.0 0.25
1051 1067 1.0 0.25
1051 1307 1.0 0.25
1052 1053 1.0 0.25
1052 1068 1.0 0.25
1052 1308 1.0 0.25
1053 1054 1.0 0.25
1053 1069 1.0 0.25
1053 1309 1.0 0.25
1054 1055 1.0 0.25
1054 1070 1.0 0.25
1054 1310 1.0 0.25
1055 1040 1.0 0.25
1055 1071 1.0 0.25
1055 1311 1.0 0.25
1056 1057 1.0 0.25
1056 1072 1.0 0.25
1056 1312 1.0 0.25
1057 1058 1.0 0.25
1057 1073 1.0 0.25
1057 1313 1.0 0.25
1058 1059 1.0 0.25
1058 1074 1.0 0.25
1058 1314 1.0 0.25
1059 1060 1.0 0.25
1059 1075 1.0 0.25
1059 1315 1.0 0.25
1060 1061 1.0 0.25
1060 1076 1.0 0.25
1060 1316 1.0 0.25
1061 1062 1.0 0.25
1061 1077 1.0 0.25
1061 1317 1.0 0.25
1062 1063 1.0 0.25
1062 1078 1.0 0.25
1062 1318 1.0 0.25
1063 1064 1.0 0.25
1063 1079 1.0 0.25
1063 1319 1.0 0.25
1064 1065 1.0 0.25
1064 1080 1.0 0.25
1064 1320 1.0 0.25
1065 1066 1.0 0.25
1065 1081 1.0 0.25
1065 1321 1.0 0.25
1066 1067 1.0 0.25
1066 1082 1.0 0.25
1066 1322 1.0 0.25
1067 1068 1.0 0.25
1067 1083 1.0 0.25
1067 1323 1.0 0.25
1068 1069 1.0 0.25
1068 1084 1.0 0.25
1068 1324 1.0 0.25
1069 1070 1.0 0.25
1069 1085 1.0 0.25
1069 1325 1.0 0.25
1070 1071 1.0 0.25
1070 1086 1.0 0.25
1070 1326 1.0 0.25
1071 1056 1.0 0.25
1071 1087 1.0 0.25
1071 1327 1.0 0.25
1072 1073 1.0 0.25
1072 1088 1.0 0.25
1072 1328 1.0 0.25
1073 1074 1.0 0.25
1073 1089 1.0 0.25
1073 1329 1.0 0.25
1074 1075 1.0 0.25
1074 1090 1.0 0.25
1074 1330 1.0 0.25
1075 1076 1.0 0.25
1075 1091 1.0 0.25
1075 1331 1.0 0.25
1076 1077 1.0 0.25
1076 1092 1.0 0.25
1076 1332 1.0 0.25
1077 1078 1.0 0.25
1077 1093 1.0 0.25
1077 1333 1.0 0.25
1078 1079 1.0 0.25
1078 1094 1.0 0.25
1078 1334 1.0 0.25
1079 1080 1.0 0.25
1079 1095 1.0 0.25
1079 1335 1.0 0.25
1080 1081 1.0 0.25
1080 1096 1.0 0.25
1080 1336 1.0 0.25
1081 1082 1.0 0.25
1081 1097 1.0 0.25
1081 1337 1.0 0.25
1082 1083 1.0 0.25
1082 1098 1.0 0.25
1082 1338 1.0 0.25
1083 1084 1.0 0.25
1083 1099 1.0 0.25
1083 1339 1.0 0.25
1084 1085 1.0 0.25
1084 1100 1.0 0.25
1084 1340 1.0 0.25
1085 1086 1.0 0.25
1085 1101 1.0 0.25
1085 1341 1.0 0.25
1086 1087 1.0 0.25
1086 1102 1.0 0.25
1086 1342 1.0 0.25
1087 1072 1.0 0.25
1087 1103 1.0 0.25
1087 1343 1.0 0.25
1088 1089 1.0 0.25
1088 1104 1.0 0.25
1088 1344 1.0 0.25
1089 1090 1.0 0.25
1089 1105 1.0 0.25
1089 1345 1.0 0.25
1090 1091 1.0 0.25
1090 1106 1.0 0.25
1090 1346 1.0 0.25
1091 1092 1.0 0.25
1091 1107 1.0 0.25
1091 1347 1.0 0.25
1092 1093 1.0 0.25
1092 1108 1.0 0.25
1092 1348 1.0 0.25
1093 1094 1.0 0.25
1093 1109 1.0 0.25
1093 1349 1.0 0.25
1094 1095 1.0 0.25
1094 1110 1.0 0.25
1094 1350 1.0 0.25
1095 1096 1.0 0.25
1095 1111 1.0 0.25
1095 1351 1.0 0.25
1096 1097 1.0 0.25
1096 1112 1.0 0.25
1096 1352 1.0 0.25
1097 1098 1.0 0.25
1097 1113 1.0 0.25
1097 1353 1.0 0.25
1098 1099 1.0 0.25
1098 1114 1.0 0.25
1098 1354 1.0 0.25
1099 1100 1.0 0.25
1099 1115 1.0 0.25
1099 1355 1.0 0.25
1100 1101 1.0 0.25
1100 1116 1.0 0.25
1100 1356 1.0 0.25
1101 1102 1.0 0.25
1101 1117 1.0 0.25
1101 1357 1.0 0.25
1102 1103 1.0 0.25
1102 1118 1.0 0.25
1102 1358 1.0 0.25
1103 1088 1.0 0.25
1103 1119 1.0 0.25
1103 1359 1.0 0.25
1104 1105 1.0 0.25
1104 1120 1.0 0.25
1104 1360 1.0 0.25
1105 1106 1.0 0.25
1105 1121 1.0 0.25
1105 1361 1.0 0.25
1106 1107 1.0 0.25
1106 1122 1.0 0.25
1106 1362 1.0 0.25
1107 1108 1.0 0.25
1107 1123 1.0 0.25
1107 1363 1.0 0.25
1108 1109 1.0 0.25
1108 1124 1.0 0.25
1108 1364 1.0 0.25
1109 1110 1.0 0.25
1109 1125 1.0 0.25
1109 1365 1.0 0.25
1110 1111 1.0 0.25
1110 1126 1.0 0.25
1110 1366 1.0 0.25
1111 1112 1.0 0.25
1111 1127 1.0 0.25
1111 1367 1.0 0.25
1112 1113 1.0 0.25
1112 1128 1.0 0.25
1112 1368 1.0 0.25
1113 1114 1.0 0.25
1113 1129 1.0 0.25
1113 1369 1.0 0.25
1114 1115 1.0 0.25
1114 1130 1.0 0.25
1114 1370 1.0 0.25
1115 1116 1.0 0.25
1115 1131 1.0 0.25
1115 1371 1.0 0.25
1116 1117 1.0 0.25
1116 1132 1.0 0.25
1116 1372 1.0 0.25
1117 1118 1.0 0.25
1117 1133 1.0 0.25
1117 1373 1.0 0.25
1118 1119 1.0 0.25
1118 1134 1.0 0.25
1118 1374 1.0 0.25
1119 1104 1.0 0.25
1119 1135 1.0 0.25
1119 1375 1.0 0.25
1120 1121 1.0 0.25
1120 1136 1.0 0.25
1120 1376 1.0 0.25
1121 1122 1.0 0.25
1121 1137 1.0 0.25
1121 1377 1.0 0.25
1122 1123 1.0 0.25
1122 1138 1.0 0.25
1122 1378 1.0 0.25
1123 1124 1.0 0.25
1123 1139 1.0 0.25
1123 1379 1.0 0.25
1124 1125 1.0 0.25
1124 1140 1.0 0.25
1124 1380 1.0 0.25
1125 1126 1.0 0.25
1125 1141 1.0 0.25
1125 1381 1.0 0.25
1126 1127 1.0 0.25
1126 1142 1.0 0.25
1126 1382 1.0 0.25
1127 1128 1.0 0.25
1127 1143 1.0 0.25
1127 1383 1.0 0.25
1128 1129 1.0 0.25
1128 1144 1.0 0.25
1128 1384 1.0 0.25
1129 1130 1.0 0.25
1129 1145 1.0 0.25
1129 1385 1.0 0.25
1130 1131 1.0 0.25
1130 1146 1.0 0.25
1130 1386 1.0 0.25
1131 1132 1.0 0.25
1131 1147 1.0 0.25
1131 1387 1.0 0.25
1132 1133 1.0 0.25
1132 1148 1.0 0.25
1132 1388 1.0 0.25
1133 1134 1.0 0.25
1133 1149 1.0 0.25
1133 1389 1.0 0.25
1134 1135 1.0 0.25
1134 1150 1.0 0.25
1134 1390 1.0 0.25
1135 1120 1.0 0.25
1135 1151 1.0 0.25
1135 1391 1.0 0.25
1136 1137 1.0 0.25
1136 1152 1.0 0.25
1136 1392 1.0 0.25
1137 1138 1.0 0.25
1137 1153 1.0 0.25
1137 1393 1.0 0.25
1138 1139 1.0 0.25
1138 1154 1.0 0.25
1138 1394 1.0 0.25
1139 1140 1.0 0.25
1139 1155 1.0 0.25
1139 1395 1.0 0.25
1140 1141 1.0 0.25
1140 1156 1.0 0.25
1140 1396 1.0 0.25
1141 1142 1.0 0.25
1141 1157 1.0 0.25
1141 1397 1.0 0.25
1142 1143 1.0 0.25
1142 1158 1.0 0.25
1142 1398 1.0 0.25
1143 1144 1.0 0.25
1143 1159 1.0 0.25
1143 1399 1.0 0.25
1144 1145 1.0 0.25
1144 1160 1.0 0.25
1144 1400 1.0 0.25
1145 1146 1.0 0.25
1145 1161 1.0 0.25
1145 1401 1.0 0.25
1146 1147 1.0 0.25
1146 1162 1.0 0.25
1146 1402 1.0 0.25
1147 1148 1.0 0.25
1147 1163 1.0 0.25
1147 1403 1.0 0.25
1148 1149 1.0 0.25
1148 1164 1.0 0.25
1148 1404 1.0 0.25
1149 1150 1.0 0.25
1149 1165 1.0 0.25
1149 1405 1.0 0.25
1150 1151 1.0 0.25
1150 1166 1.0 0.25
1150 1406 1.0 0.25
1151 1136 1.0 0.25
1151 1167 1.0 0.25
1151 1407 1.0 0.25
1152 1153 1.0 0.25
1152 1168 1.0 0.25
1152 1408 1.0 0.25
1153 1154 1.0 0.25
1153 1169 1.0 0.25
1153 1409 1.0 0.25
1154 1155 1.0 0.25
1154 1170 1.0 0.25
1154 1410 1.0 0.25
1155 1156 1.0 0.25
1155 1171 1.0 0.25
1155 1411 1.0 0.25
1156 1157 1.0 0.25
1156 1172 1.0 0.25
1156 1412 1.0 0.25
1157 1158 1.0 0.25
1157 1173 1.0 0.25
1157 1413 1.0 0.25
1158 1159 1.0 0.25
1158 1174 1.0 0.25
1158 1414 1.0 0.25
1159 1160 1.0 0.25
1159 1175 1.0 0.25
1159 1415 1.0 0.25
1160 1161 1.0 0.25
1160 1176 1.0 0.25
1160 1416 1.0 0.25
1161 1162 1.0 0.25
1161 1177 1.0 0.25
1161 1417 1.0 0.25
1162 1163 1.0 0.25
1162 1178 1.0 0.25
1162 1418 1.0 0.25
1163 1164 1.0 0.25
1163 1179 1.0 0.25
1163 1419 1.0 0.25
1164 1165 1.0 0.25
1164 1180 1.0 0.25
1164 1420 1.0 0.25
1165 1166 1.0 0.25
1165 1181 1.0 0.25
1165 1421 1.0 0.25
1166 1167 1.0 0.25
1166 1182 1.0 0.25
1166 1422 1.0 0.25
1167 1152 1.0 0.25
1167 1183 1.0 0.25
1167 1423 1.0 0.25
1168 1169 1.0 0.25
1168 1184 1.0 0.25
1168 1424 1.0 0.25
1169 1170 1.0 0.25
1169 1185 1.0 0.25
1169 1425 1.0 0.25
1170 1171 1.0 0.25
1170 1186 1.0 0.25
1170 1426 1.0 0.25
1171 1172 1.0 0.25
1171 1187 1.0 0.25
1171 1427 1.0 0.25
1172 1173 1.0 0.25
1172 1188 1.0 0.25
1172 1428 1.0 0.25
1173 1174 1.0 0.25
1173 1189 1.0 0.25
1173 1429 1.0 0.25
1174 1175 1.0 0.25
1174 1190 1.0 0.25
1174 1430 1.0 0.25
1175 1176 1.0 0.25
1175 1191 1.0 0.25
1175 1431 1.0 0.25
1176 1177 1.0 0.25
1176 1192 1.0 0.25
1176 1432 1.0 0.25
1177 1178 1.0 0.25
1177 1193 1.0 0.25
1177 1433 1.0 0.25
1178 1179 1.0 0.25
1178 1194 1.0 0.25
1178 1434 1.0 0.25
1179 1180 1.0 0.25
1179 1195 1.0 0.25
1179 1435 1.0 0.25
1180 1181 1.0 0.25
1180 1196 1.0 0.25
1180 1436 1.0 0.25
1181 1182 1.0 0.25
1181 1197 1.0 0.25
1181 1437 1.0 0.25
1182 1183 1.0 0.25
1182 1198 1.0 0.25
1182 1438 1.0 0.25
1183 1168 1.0 0.25
1183 1199 1.0 0.25
1183 1439 1.0 0.25
1184 1185 1.0 0.25
1184 1200 1.0 0.25
1184 1440 1.0 0.25
1185 1186 1.0 0.25
1185 1201 1.0 0.25
1185 1441 1.0 0.25
1186 1187 1.0 0.25
1186 1202 1.0 0.25
1186 1442 1.0 0.25
1187 1188 1.0 0.25
1187 1203 1.0 0.25
1187 1443 1.0 0.25
1188 1189 1.0 0.25
1188 1204 1.0 0.25
1188 1444 1.0 0.25
1189 1190 1.0 0.25
1189 1205 1.0 0.25
1189 1445 1.0 0.25
1190 1191 1.0 0.25
1190 1206 1.0 0.25
1190 1446 1.0 0.25
1191 1192 1.0 0.25
1191 1207 1.0 0.25
1191 1447 1.0 0.25
1192 1193 1.0 0.25
1192 1208 1.0 0.25
1192 1448 1.0 0.25
1193 1194 1.0 0.25
1193 1209 1.0 0.25
1193 1449 1.0 0.25
1194 1195 1.0 0.25
1194 1210 1.0 0.25
1194 1450 1.0 0.25
1195 1196 1.0 0.25
1195 1211 1.0 0.25
1195 1451 1.0 0.25
1196 1197 1.0 0.25
1196 1212 1.0 0.25
1196 1452 1.0 0.25
1197 1198 1.0 0.25
1197 1213 1.0 0.25
1197 1453 1.0 0.25
1198 1199 1.0 0.25
1198 1214 1.0 0.25
1198 1454 1.0 0.25
1199 1184 1.0 0.25
1199 1215 1.0 0.25
1199 1455 1.0 0.25
1200 1201 1.0 0.25
1200 1216 1.0 0.25
1200 1456 1.0 0.25
1201 1202 1.0 0.25
1201 1217 1.0 0.25
1201 1457 1.0 0.25
1202 1203 1.0 0.25
1202 1218 1.0 0.25
1202 1458 1.0 0.25
1203 1204 1.0 0.25
1203 1219 1.0 0.25
1203 1459 1.0 0.25
1204 1205 1.0 0.25
1204 1220 1.0 0.25
1204 1460 1.0 0.25
1205 1206 1.0 0.25
1205 1221 1.0 0.25
1205 1461 1.0 0.25
1206 1207 1.0 0.25
1206 1222 1.0 0.25
1206 1462 1.0 0.25
1207 1208 1.0 0.25
1207 1223 1.0 0.25
1207 1463 1.0 0.25
1208 1209 1.0 0.25
1208 1224 1.0 0.25
1208 1464 1.0 0.25
1209 1210 1.0 0.25
1209 1225 1.0 0.25
1209 1465 1.0 0.25
1210 1211 1.0 0.25
1210 1226 1.0 0.25
1210 1466 1.0 0.25
1211 1212 1.0 0.25
1211 1227 1.0 0.25
1211 1467 1.0 0.25
1212 1213 1.0 0.25
1212 1228 1.0 0.25
1212 1468 1.0 0.25
1213 1214 1.0 0.25
1213 1229 1.0 0.25
1213 1469 1.0 0.25
1214 1215 1.0 0.25
1214 1230 1.0 0.25
1214 1470 1.0 0.25
1215 1200 1.0 0.25
1215 1231 1.0 0.25
1215 1471 1.0 0.25
1216 1217 1.0 0.25
1216 1232 1.0 0.25
1216 1472 1.0 0.25
1217 1218 1.0 0.25
1217 1233 1.0 0.25
1217 1473 1.0 0.25
1218 1219 1.0 0.25
1218 1234 1.0 0.25
1218 1474 1.0 0.25
1219 1220 1.0 0.25
1219 1235 1.0 0.25
1219 1475 1.0 0.25
1220 1221 1.0 0.25
1220 1236 1.0 0.25
1220 1476 1.0 0.25
1221 1222 1.0 0.25
1221 1237 1.0 0.25
1221 1477 1.0 0.25
1222 1223 1.0 0.25
1222 1238 1.0 0.25
1222 1478 1.0 0.25
1223 1224 1.0 0.25
1223 1239 1.0 0.25
1223 1479 1.0 0.25
1224 1225 1.0 0.25
1224 1240 1.0 0.25
1224 1480 1.0 0.25
1225 1226 1.0 0.25
1225 1241 1.0 0.25
1225 1481 1.0 0.25
1226 1227 1.0 0.25
1226 1242 1.0 0.25
1226 1482 1.0 0.25
1227 1228 1.0 0.25
1227 1243 1.0 0.25
1227 1483 1.0 0.25
1228 1229 1.0 0.25
1228 1244 1.0 0.25
1228 1484 1.0 0.25
1229 1230 1.0 0.25
1229 1245 1.0 0.25
1229 1485 1.0 0.25
1230 1231 1.0 0.25
1230 1246 1.0 0.25
1230 1486 1.0 0.25
1231 1216 1.0 0.25
1231 1247 1.0 0.25
1231 1487 1.0 0.25
1232 1233 1.0 0.25
1232 1248 1.0 0.25
1232 1488 1.0 0.25
1233 1234 1.0 0.25
1233 1249 1.0 0.25
1233 1489 1.0 0.25
1234 1235 1.0 0.25
1234 1250 1.0 0.25
1234 1490 1.0 0.25
1235 1236 1.0 0.25
1235 1251 1.0 0.25
1235 1491 1.0 0.25
1236 1237 1.0 0.25
1236 1252 1.0 0.25
1236 1492 1.0 0.25
1237 1238 1.0 0.25
1237 1253 1.0 0.25
1237 1493 1.0 0.25
1238 1239 1.0 0.25
1238 1254 1.0 0.25
1238 1494 1.0 0.25
1239 1240 1.0 0.25
1239 1255 1.0 0.25
1239 1495 1.0 0.25
1240 1241 1.0 0.25
1240 1256 1.0 0.25
1240 1496 1.0 0.25
1241 1242 1.0 0.25
1241 1257 1.0 0.25
1241 1497 1.0 0.25
1242 1243 1.0 0.25
1242 1258 1.0 0.25
1242 1498 1.0 0.25
1243 1244 1.0 0.25
1243 1259 1.0 0.25
1243 1499 1.0 0.25
1244 1245 1.0 0.25
1244 1260 1.0 0.25
1244 1500 1.0 0.25
1245 1246 1.0 0.25
1245 1261 1.0 0.25
1245 1501 1.0 0.25
1246 1247 1.0 0.25
1246 1262 1.0 0.25
1246 1502 1.0 0.25
1247 1232 1.0 0.25
1247 1263 1.0 0.25
1247 1503 1.0 0.25
1248 1249 1.0 0.25
1248 1264 1.0 0.25
1248 1504 1.0 0.25
1249 1250 1.0 0.25
1249 1265 1.0 0.25
1249 1505 1.0 0.25
1250 1251 1.0 0.25
1250 1266 1.0 0.25
1250 1506 1.0 0.25
1251 1252 1.0 0.25
1251 1267 1.0 0.25
1251 1507 1.0 0.25
1252 1253 1.0 0.25
1252 1268 1.0 0.25
1252 1508 1.0 0.25
1253 1254 1.0 0.25
1253 1269 1.0 0.25
1253 1509 1.0 0.25
1254 1255 1.0 0.25
1254 1270 1.0 0.25
1254 1510 1.0 0.25
1255 1256 1.0 0.25
1255 1271 1.0 0.25
1255 1511 1.0 0.25
1256 1257 1.0 0.25
1256 1272 1.0 0.25
1256 1512 1.0 0.25
1257 1258 1.0 0.25
1257 1273 1.0 0.25
1257 1513 1.0 0.25
1258 1259 1.0 0.25
1258 1274 1.0 0.25
1258 1514 1.0 0.25
1259 1260 1.0 0.25
1259 1275 1.0 0.25
1259 1515 1.0 0.25
1260 1261 1.0 0.25
1260 1276 1.0 0.25
1260 1516 1.0 0.25
1261 1262 1.0 0.25
1261 1277 1.0 0.25
1261 1517 1.0 0.25
1262 1263 1.0 0.25
1262 1278 1.0 0.25
1262 1518 1.0 0.25
1263 1248 1.0 0.25
1263 1279 1.0 0.25
1263 1519 1.0 0.25
1264 1265 1.0 0.25
1264 1024 1.0 0.25
1264 1520 1.0 0.25
1265 1266 1.0 0.25
1265 1025 1.0 0.25
1265 1521 1.0 0.25
1266 1267 1.0 0.25
1266 1026 1.0 0.25
1266 1522 1.0 0.25
1267 1268 1.0 0.25
1267 1027 1.0 0.25
1267 1523 1.0 0.25
1268 1269 1.0 0.25
1268 1028 1.0 0.25
1268 1524 1.0 0.25
1269 1270 1.0 0.25
1269 1029 1.0 0.25
1269 1525 1.0 0.25
1270 1271 1.0 0.25
1270 1030 1.0 0.25
1270 1526 1.0 0.25
1271 1272 1.0 0.25
1271 1031 1.0 0.25
1271 1527 1.0 0.25
1272 1273 1.0 0.25
1272 1032 1.0 0.25
1272 1528 1.0 0.25
1273 1274 1.0 0.25
1273 1033 1.0 0.25
1273 1529 1.0 0.25
1274 1275 1.0 0.25
1274 1034 1.0 0.25
1274 1530 1.0 0.25
1275 1276 1.0 0.25
1275 1035 1.0 0.25
1275 1531 1.0 0.25
1276 1277 1.0 0.25
1276 1036 1.0 0.25
1276 1532 1.0 0.25
1277 1278 1.0 0.25
1277 1037 1.0 0.25
1277 1533 1.0 0.25
1278 1279 1.0 0.25
1278 1038 1.0 0.25
1278 1534 1.0 0.25
1279 1264 1.0 0.25
1279 1039 1.0 0.25
1279 1535 1.0 0.25
1280 1281 1.0 0.25
1280 1296 1.0 0.25
1280 1536 1.0 0.25
1281 1282 1.0 0.25
1281 1297 1.0 0.25
1281 1537 1.0 0.25
1282 1283 1.0 0.25
1282 1298 1.0 0.25
1282 1538 1.0 0.25
1283 1284 1.0 0.25
1283 1299 1.0 0.25
1283 1539 1.0 0.25
1284 1285 1.0 0.25
1284 1300 1.0 0.25
1284 1540 1.0 0.25
1285 1286 1.0 0.25
1285 1301 1.0 0.25
1285 1541 1.0 0.25
1286 1287 1.0 0.25
1286 1302 1.0 0.25
1286 1542 1.0 0.25
1287 1288 1.0 0.25
1287 1303 1.0 0.25
1287 1543 1.0 0.25
1288 1289 1.0 0.25
1288 1304 1.0 0.25
1288 1544 1.0 0.25
1289 1290 1.0 0.25
1289 1305 1.0 0.25
1289 1545 1.0 0.25
1290 1291 1.0 0.25
1290 1306 1.0 0.25
1290 1546 1.0 0.25
1291 1292 1.0 0.25
1291 1307 1.0 0.25
1291 1547 1.0 0.25
1292 1293 1.0 0.25
1292 1308 1.0 0.25
1292 1548 1.0 0.25
1293 1294 1.0 0.25
1293 1309 1.0 0.25
1293 1549 1.0 0.25
1294 1295 1.0 0.25
1294 1310 1.0 0.25
1294 1550 1.0 0.25
1295 1280 1.0 0.25
1295 1311 1.0 0.25
1295 1551 1.0 0.25
1296 1297 1.0 0.25
1296 1312 1.0 0.25
1296 1552 1.0 0.25
1297 1298 1.0 0.25
1297 1313 1.0 0.25
1297 1553 1.0 0.25
1298 1299 1.0 0.25
1298 1314 1.0 0.25
1298 1554 1.0 0.25
1299 1300 1.0 0.25
1299 1315 1.0 0.25
1299 1555 1.0 0.25
1300 1301 1.0 0.25
1300 1316 1.0 0.25
1300 1556 1.0 0.25
1301 1302 1.0 0.25
1301 1317 1.0 0.25
1301 1557 1.0 0.25
1302 1303 1.0 0.25
1302 1318 1.0 0.25
1302 1558 1.0 0.25
1303 1304 1.0 0.25
1303 1319 1.0 0.25
1303 1559 1.0 0.25
1304 1305 1.0 0.25
1304 1320 1.0 0.25
1304 1560 1.0 0.25
1305 1306 1.0 0.25
1305 1321 1.0 0.25
1305 1561 1.0 0.25
1306 1307 1.0 0.25
1306 1322 1.0 0.25
1306 1562 1.0 0.25
1307 1308 1.0 0.25
1307 1323 1.0 0.25
1307 1563 1.0 0.25
1308 1309 1.0 0.25
1308 1324 1.0 0.25
1308 1564 1.0 0.25
1309 1310 1.0 0.25
1309 1325 1.0 0.25
1309 1565 1.0 0.25
1310 1311 1.0 0.25
1310 1326 1.0 0.25
1310 1566 1.0 0.25
1311 1296 1.0 0.25
1311 1327 1.0 0.25
1311 1567 1.0 0.25
1312 1313 1.0 0.25
1312 1328 1.0 0.25
1312 1568 1.0 0.25
1313 1314 1.0 0.25
1313 1329 1.0 0.25
1313 1569 1.0 0.25
1314 1315 1.0 0.25
1314 1330 1.0 0.25
1314 1570 1.0 0.25
1315 1316 1.0 0.25
1315 1331 1.0 0.25
1315 1571 1.0 0.25
1316 1317 1.0 0.25
1316 1332 1.0 0.25
1316 1572 1.0 0.25
1317 1318 1.0 0.25
1317 1333 1.0 0.25
1317 1573 1.0 0.25
1318 1319 1.0 0.25
1318 1334 1.0 0.25
1318 1574 1.0 0.25
1319 1320 1.0 0.25
1319 1335 1.0 0.25
1319 1575 1.0 0.25
1320 1321 1.0 0.25
1320 1336 1.0 0.25
1320 1576 1.0 0.25
1321 1322 1.0 0.25
1321 1337 1.0 0.25
1321 1577 1.0 0.25
1322 1323 1.0 0.25
1322 1338 1.0 0.25
1322 1578 1.0 0.25
1323 1324 1.0 0.25
1323 1339 1.0 0.25
1323 1579 1.0 0.25
1324 1325 1.0 0.25
1324 1340 1.0 0.25
1324 1580 1.0 0.25
1325 1326 1.0 0.25
1325 1341 1.0 0.25
1325 1581 1.0 0.25
1326 1327 1.0 0.25
1326 1342 1.0 0.25
1326 1582 1.0 0.25
1327 1312 1.0 0.25
1327 1343 1.0 0.25
1327 1583 1.0 0.25
1328 1329 1.0 0.25
1328 1344 1.0 0.25
1328 1584 1.0 0.25
1329 1330 1.0 0.25
1329 1345 1.0 0.25
1329 1585 1.0 0.25
1330 1331 1.0 0.25
1330 1346 1.0 0.25
1330 1586 1.0 0.25
1331 1332 1.0 0.25
1331 1347 1.0 0.25
1331 1587 1.0 0.25
1332 1333 1.0 0.25
1332 1348 1.0 0.25
1332 1588 1.0 0.25
1333 1334 1.0 0.25
1333 1349 1.0 0.25
1333 1589 1.0 0.25
1334 1335 1.0 0.25
1334 1350 1.0 0.25
1334 1590 1.0 0.25
1335 1336 1.0 0.25
1335 1351 1.0 0.25
1335 1591 1.0 0.25
1336 1337 1.0 0.25
1336 1352 1.0 0.25
1336 1592 1.0 0.25
1337 1338 1.0 0.25
1337 1353 1.0 0.25
1337 1593 1.0 0.25
1338 1339 1.0 0.25
1338 1354 1.0 0.25
1338 1594 1.0 0.25
1339 1340 1.0 0.25
1339 1355 1.0 0.25
1339 1595 1.0 0.25
1340 1341 1.0 0.25
1340 1356 1.0 0.25
1340 1596 1.0 0.25
1341 1342 1.0 0.25
1341 1357 1.0 0.25
1341 1597 1.0 0.25
1342 1343 1.0 0.25
1342 1358 1.0 0.25
1342 1598 1.0 0.25
1343 1328 1.0 0.25
1343 1359 1.0 0.25
1343 1599 1.0 0.25
1344 1345 1.0 0.25
1344 1360 1.0 0.25
1344 1600 1.0 0.25
1345 1346 1.0 0.25
1345 1361 1.0 0.25
1345 1601 1.0 0.25
1346 1347 1.0 0.25
1346 1362 1.0 0.25
1346 1602 1.0 0.25
1347 1348 1.0 0.25
1347 1363 1.0 0.25
1347 1603 1.0 0.25
1348 1349 1.0 0.25
1348 1364 1.0 0.25
1348 1604 1.0 0.25
1349 1350 1.0 0.25
1349 1365 1.0 0.25
1349 1605 1.0 0.25
1350 1351 1.0 0.25
1350 1366 1.0 0.25
1350 1606 1.0 0.25
1351 1352 1.0 0.25
1351 1367 1.0 0.25
1351 1607 1.0 0.25
1352 1353 1.0 0.25
1352 1368 1.0 0.25
1352 1608 1.0 0.25
1353 1354 1.0 0.25
1353 1369 1.0 0.25
1353 1609 1.0 0.25
1354 1355 1.0 0.25
1354 1370 1.0 0.25
1354 1610 1.0 0.25
1355 1356 1.0 0.25
1355 1371 1.0 0.25
1355 1611 1.0 0.25
1356 1357 1.0 0.25
1356 1372 1.0 0.25
1356 1612 1.0 0.25
1357 1358 1.0 0.25
1357 1373 1.0 0.25
1357 1613 1.0 0.25
1358 1359 1.0 0.25
1358 1374 1.0 0.25
1358 1614 1.0 0.25
1359 1344 1.0 0.25
1359 1375 1.0 0.25
1359 1615 1.0 0.25
1360 1361 1.0 0.25
1360 1376 1.0 0.25
1360 1616 1.0 0.25
1361 1362 1.0 0.25
1361 1377 1.0 0.25
1361 1617 1.0 0.25
1362 1363 1.0 0.25
1362 1378 1.0 0.25
1362 1618 1.0 0.25
1363 1364 1.0 0.25
1363 1379 1.0 0.25
1363 1619 1.0 0.25
1364 1365 1.0 0.25
1364 1380 1.0 0.25
1364 1620 1.0 0.25
1365 1366 1.0 0.25
1365 1381 1.0 0.25
1365 1621 1.0 0.25
1366 1367 1.0 0.25
1366 1382 1.0 0.25
1366 1622 1.0 0.25
1367 1368 1.0 0.25
1367 1383 1.0 0.25
1367 1623 1.0 0.25
1368 1369 1.0 0.25
1368 1384 1.0 0.25
1368 1624 1.0 0.25
1369 1370 1.0 0.25
1369 1385 1.0 0.25
1369 1625 1.0 0.25
1370 1371 1.0 0.25
1370 1386 1.0 0.25
1370 1626 1.0 0.25
1371 1372 1.0 0.25
1371 1387 1.0 0.25
1371 1627 1.0 0.25
1372 1373 1.0 0.25
1372 1388 1.0 0.25
1372 1628 1.0 0.25
1373 1374 1.0 0.25
1373 1389 1.0 0.25
1373 1629 1.0 0.25
1374 1375 1.0 0.25
1374 1390 1.0 0.25
1374 1630 1.0 0.25
1375 1360 1.0 0.25
1375 1391 1.0 0.25
1375 1631 1.0 0.25
1376 1377 1.0 0.25
1376 1392 1.0 0.25
1376 1632 1.0 0.25
1377 1378 1.0 0.25
1377 1393 1.0 0.25
1377 1633 1.0 0.25
1378 1379 1.0 0.25
1378 1394 1.0 0.25
1378 1634 1.0 0.25
1379 1380 1.0 0.25
1379 1395 1.0 0.25
1379 1635 1.0 0.25
1380 1381 1.0 0.25
1380 1396 1.0 0.25
1380 1636 1.0 0.25
1381 1382 1.0 0.25
1381 1397 1.0 0.25
1381 1637 1.0 0.25
1382 1383 1.0 0.25
1382 1398 1.0 0.25
1382 1638 1.0 0.25
1383 1384 1.0 0.25
1383 1399 1.0 0.25
1383 1639 1.0 0.25
1384 1385 1.0 0.25
1384 1400 1.0 0.25
1384 1640 1.0 0.25
1385 1386 1.0 0.25
1385 1401 1.0 0.25
1385 1641 1.0 0.25
1386 1387 1.0 0.25
1386 1402 1.0 0.25
1386 1642 1.0 0.25
1387 1388 1.0 0.25
1387 1403 1.0 0.25
1387 1643 1.0 0.25
1388 1389 1.0 0.25
1388 1404 1.0 0.25
1388 1644 1.0 0.25
1389 1390 1.0 0.25
1389 1405 1.0 0.25
1389 1645 1.0 0.25
1390 1391 1.0 0.25
1390 1406 1.0 0.25
1390 1646 1.0 0.25
1391 1376 1.0 0.25
1391 1407 1.0 0.25
1391 1647 1.0 0.25
1392 1393 1.0 0.25
1392 1408 1.0 0.25
1392 1648 1.0 0.25
1393 1394 1.0 0.25
1393 1409 1.0 0.25
1393 1649 1.0 0.25
1394 1395 1.0 0.25
1394 1410 1.0 0.25
1394 1650 1.0 0.25
1395 1396 1.0 0.25
1395 1411 1.0 0.25
1395 1651 1.0 0.25
1396 1397 1.0 0.25
1396 1412 1.0 0.25
1396 1652 1.0 0.25
1397 1398 1.0 0.25
1397 1413 1.0 0.25
1397 1653 1.0 0.25
1398 1399 1.0 0.25
1398 1414 1.0 0.25
1398 1654 1.0 0.25
1399 1400 1.0 0.25
1399 1415 1.0 0.25
1399 1655 1.0 0.25
1400 1401 1.0 0.25
1400 1416 1.0 0.25
1400 1656 1.0 0.25
1401 1402 1.0 0.25
1401 1417 1.0 0.25
1401 1657 1.0 0.25
1402 1403 1.0 0.25
1402 1418 1.0 0.25
1402 1658 1.0 0.25
1403 1404 1.0 0.25
1403 1419 1.0 0.25
1403 1659 1.0 0.25
1404 1405 1.0 0.25
1404 1420 1.0 0.25
1404 1660 1.0 0.25
1405 1406 1.0 0.25
1405 1421 1.0 0.25
1405 1661 1.0 0.25
1406 1407 1.0 0.25
1406 1422 1.0 0.25
1406 1662 1.0 0.25
1407 1392 1.0 0.25
1407 1423 1.0 0.25
1407 1663 1.0 0.25
1408 1409 1.0 0.25
1408 1424 1.0 0.25
1408 1664 1.0 0.25
1409 1410 1.0 0.25
1409 1425 1.0 0.25
1409 1665 1.0 0.25
1410 1411 1.0 0.25
1410 1426 1.0 0.25
1410 1666 1.0 0.25
1411 1412 1.0 0.25
1411 1427 1.0 0.25
1411 1667 1.0 0.25
1412 1413 1.0 0.25
1412 1428 1.0 0.25
1412 1668 1.0 0.25
1413 1414 1.0 0.25
1413 1429 1.0 0.25
1413 1669 1.0 0.25
1414 1415 1.0 0.25
1414 1430 1.0 0.25
1414 1670 1.0 0.25
1415 1416 1.0 0.25
1415 1431 1.0 0.25
1415 1671 1.0 0.25
1416 1417 1.0 0.25
1416 1432 1.0 0.25
1416 1672 1.0 0.25
1417 1418 1.0 0.25
1417 1433 1.0 0.25
1417 1673 1.0 0.25
1418 1419 1.0 0.25
1418 1434 1.0 0.25
1418 1674 1.0 0.25
1419 1420 1.0 0.25
1419 1435 1.0 0.25
1419 1675 1.0 0.25
1420 1421 1.0 0.25
1420 1436 1.0 0.25
1420 1676 1.0 0.25
1421 1422 1.0 0.25
1421 1437 1.0 0.25
1421 1677 1.0 0.25
1422 1423 1.0 0.25
1422 1438 1.0 0.25
1422 1678 1.0 0.25
1423 1408 1.0 0.25
1423 1439 1.0 0.25
1423 1679 1.0 0.25
1424 1425 1.0 0.25
1424 1440 1.0 0.25
1424 1680 1.0 0.25
1425 1426 1.0 0.25
1425 1441 1.0 0.25
1425 1681 1.0 0.25
1426 1427 1.0 0.25
1426 1442 1.0 0.25
1426 1682 1.0 0.25
1427 1428 1.0 0.25
1427 1443 1.0 0.25
1427 1683 1.0 0.25
1428 1429 1.0 0.25
1428 1444 1.0 0.25
1428 1684 1.0 0.25
1429 1430 1.0 0.25
1429 1445 1.0 0.25
1429 1685 1.0 0.25
1430 1431 1.0 0.25
1430 1446 1.0 0.25
1430 1686 1.0 0.25
1431 1432 1.0 0.25
1431 1447 1.0 0.25
1431 1687 1.0 0.25
1432 1433 1.0 0.25
1432 1448 1.0 0.25
1432 1688 1.0 0.25
1433 1434 1.0 0.25
1433 1449 1.0 0.25
1433 1689 1.0 0.25
1434 1435 1.0 0.25
1434 1450 1.0 0.25
1434 1690 1.0 0.25
1435 1436 1.0 0.25
1435 1451 1.0 0.25
1435 1691 1.0 0.25
1436 1437 1.0 0.25
1436 1452 1.0 0.25
1436 1692 1.0 0.25
1437 1438 1.0 0.25
1437 1453 1.0 0.25
1437 1693 1.0 0.25
1438 1439 1.0 0.25
1438 1454 1.0 0.25
1438 1694 1.0 0.25
1439 1424 1.0 0.25
1439 1455 1.0 0.25
1439 1695 1.0 0.25
1440 1441 1.0 0.25
1440 1456 1.0 0.25
1440 1696 1.0 0.25
1441 1442 1.0 0.25
1441 1457 1.0 0.25
1441 1697 1.0 0.25
1442 1443 1.0 0.25
1442 1458 1.0 0.25
1442 1698 1.0 0.25
1443 1444 1.0 0.25
1443 1459 1.0 0.25
1443 1699 1.0 0.25
1444 1445 1.0 0.25
1444 1460 1.0 0.25
1444 1700 1.0 0.25
1445 1446 1.0 0.25
1445 1461 1.0 0.25
1445 1701 1.0 0.25
1446 1447 1.0 0.25
1446 1462 1.0 0.25
1446 1702 1.0 0.25
1447 1448 1.0 0.25
1447 1463 1.0 0.25
1447 1703 1.0 0.25
1448 1449 1.0 0.25
1448 1464 1.0 0.25
1448 1704 1.0 0.25
1449 1450 1.0 0.25
1449 1465 1.0 0.25
1449 1705 1.0 0.25
1450 1451 1.0 0.25
1450 1466 1.0 0.25
1450 1706 1.0 0.25
1451 1452 1.0 0.25
1451 1467 1.0 0.25
1451 1707 1.0 0.25
1452 1453 1.0 0.25
1452 1468 1.0 0.25
1452 1708 1.0 0.25
1453 1454 1.0 0.25
1453 1469 1.0 0.25
1453 1709 1.0 0.25
1454 1455 1.0 0.25
1454 1470 1.0 0.25
1454 1710 1.0 0.25
1455 1440 1.0 0.25
1455 1471 1.0 0.25
1455 1711 1.0 0.25
1456 1457 1.0 0.25
1456 1472 1.0 0.25
1456 1712 1.0 0.25
1457 1458 1.0 0.25
1457 1473 1.0 0.25
1457 1713 1.0 0.25
1458 1459 1.0 0.25
1458 1474 1.0 0.25
1458 1714 1.0 0.25
1459 1460 1.0 0.25
1459 1475 1.0 0.25
1459 1715 1.0 0.25
1460 1461 1.0 0.25
1460 1476 1.0 0.25
1460 1716 1.0 0.25
1461 1462 1.0 0.25
1461 1477 1.0 0.25
1461 1717 1.0 0.25
1462 1463 1.0 0.25
1462 1478 1.0 0.25
1462 1718 1.0 0.25
1463 1464 1.0 0.25
1463 1479 1.0 0.25
1463 1719 1.0 0.25
1464 1465 1.0 0.25
1464 1480 1.0 0.25
1464 1720 1.0 0.25
1465 1466 1.0 0.25
1465 1481 1.0 0.25
1465 1721 1.0 0.25
1466 1467 1.0 0.25
1466 1482 1.0 0.25
1466 1722 1.0 0.25
1467 1468 1.0 0.25
1467 1483 1.0 0.25
1467 1723 1.0 0.25
1468 1469 1.0 0.25
1468 1484 1.0 0.25
1468 1724 1.0 0.25
1469 1470 1.0 0.25
1469 1485 1.0 0.25
1469 1725 1.0 0.25
1470 1471 1.0 0.25
1470 1486 1.0 0.25
1470 1726 1.0 0.25
1471 1456 1.0 0.25
1471 1487 1.0 0.25
1471 1727 1.0 0.25
1472 1473 1.0 0.25
1472 1488 1.0 0.25
1472 1728 1.0 0.25
1473 1474 1.0 0.25
1473 1489 1.0 0.25
1473 1729 1.0 0.25
1474 1475 1.0 0.25
1474 1490 1.0 0.25
1474 1730 1.0 0.25
1475 1476 1.0 0.25
1475 1491 1.0 0.25
1475 1731 1.0 0.25
1476 1477 1.0 0.25
1476 1492 1.0 0.25
1476 1732 1.0 0.25
1477 1478 1.0 0.25
1477 1493 1.0 0.25
1477 1733 1.0 0.25
1478 1479 1.0 0.25
1478 1494 1.0 0.25
1478 1734 1.0 0.25
1479 1480 1.0 0.25
1479 1495 1.0 0.25
1479 1735 1.0 0.25
1480 1481 1.0 0.25
1480 1496 1.0 0.25
1480 1736 1.0 0.25
1481 1482 1.0 0.25
1481 1497 1.0 0.25
1481 1737 1.0 0.25
1482 1483 1.0 0.25
1482 1498 1.0 0.25
1482 1738 1.0 0.25
1483 1484 1.0 0.25
1483 1499 1.0 0.25
1483 1739 1.0 0.25
1484 1485 1.0 0.25
1484 1500 1.0 0.25
1484 1740 1.0 0.25
1485 1486 1.0 0.25
1485 1501 1.0 0.25
1485 1741 1.0 0.25
1486 1487 1.0 0.25
1486 1502 1.0 0.25
1486 1742 1.0 0.25
1487 1472 1.0 0.25
1487 1503 1.0 0.25
1487 1743 1.0 0.25
1488 1489 1.0 0.25
1488 1504 1.0 0.25
1488 1744 1.0 0.25
1489 1490 1.0 0.25
1489 1505 1.0 0.25
1489 1745 1.0 0.25
1490 1491 1.0 0.25
1490 1506 1.0 0.25
1490 1746 1.0 0.25
1491 1492 1.0 0.25
1491 1507 1.0 0.25
1491 1747 1.0 0.25
1492 1493 1.0 0.25
1492 1508 1.0 0.25
1492 1748 1.0 0.25
1493 1494 1.0 0.25
1493 1509 1.0 0.25
1493 1749 1.0 0.25
1494 1495 1.0 0.25
1494 1510 1.0 0.25
1494 1750 1.0 0.25
1495 1496 1.0 0.25
1495 1511 1.0 0.25
1495 1751 1.0 0.25
1496 1497 1.0 0.25
1496 1512 1.0 0.25
1496 1752 1.0 0.25
1497 1498 1.0 0.25
1497 1513 1.0 0.25
1497 1753 1.0 0.25
1498 1499 1.0 0.25
1498 1514 1.0 0.25
1498 1754 1.0 0.25
1499 1500 1.0 0.25
1499 1515 1.0 0.25
1499 1755 1.0 0.25
1500 1501 1.0 0.25
1500 1516 1.0 0.25
1500 1756 1.0 0.25
1501 1502 1.0 0.25
1501 1517 1.0 0.25
1501 1757 1.0 0.25
1502 1503 1.0 0.25
1502 1518 1.0 0.25
1502 1758 1.0 0.25
1503 1488 1.0 0.25
1503 1519 1.0 0.25
1503 1759 1.0 0.25
1504 1505 1.0 0.25
1504 1520 1.0 0.25
1504 1760 1.0 0.25
1505 1506 1.0 0.25
1505 1521 1.0 0.25
1505 1761 1.0 0.25
1506 1507 1.0 0.25
1506 1522 1.0 0.25
1506 1762 1.0 0.25
1507 1508 1.0 0.25
1507 1523 1.0 0.25
1507 1763 1.0 0.25
1508 1509 1.0 0.25
1508 1524 1.0 0.25
1508 1764 1.0 0.25
1509 1510 1.0 0.25
1509 1525 1.0 0.25
1509 1765 1.0 0.25
1510 1511 1.0 0.25
1510 1526 1.0 0.25
1510 1766 1.0 0.25
1511 1512 1.0 0.25
1511 1527 1.0 0.25
1511 1767 1.0 0.25
1512 1513 1.0 0.25
1512 1528 1.0 0.25
1512 1768 1.0 0.25
1513 1514 1.0 0.25
1513 1529 1.0 0.25
1513 1769 1.0 0.25
1514 1515 1.0 0.25
1514 1530 1.0 0.25
1514 1770 1.0 0.25
1515 1516 1.0 0.25
1515 1531 1.0 0.25
1515 1771 1.0 0.25
1516 1517 1.0 0.25
1516 1532 1.0 0.25
1516 1772 1.0 0.25
1517 1518 1.0 0.25
1517 1533 1.0 0.25
1517 1773 1.0 0.25
1518 1519 1.0 0.25
1518 1534 1.0 0.25
1518 1774 1.0 0.25
1519 1504 1.0 0.25
1519 1535 1.0 0.25
1519 1775 1.0 0.25
1520 1521 1.0 0.25
1520 1280 1.0 0.25
1520 1776 1.0 0.25
1521 1522 1.0 0.25
1521 1281 1.0 0.25
1521 1777 1.0 0.25
1522 1523 1.0 0.25
1522 1282 1.0 0.25
1522 1778 1.0 0.25
1523 1524 1.0 0.25
1523 1283 1.0 0.25
1523 1779 1.0 0.25
1524 1525 1.0 0.25
1524 1284 1.0 0.25
1524 1780 1.0 0.25
1525 1526 1.0 0.25
1525 1285 1.0 0.25
1525 1781 1.0 0.25
1526 1527 1.0 0.25
1526 1286 1.0 0.25
1526 1782 1.0 0.25
1527 1528 1.0 0.25
1527 1287 1.0 0.25
1527 1783 1.0 0.25
1528 1529 1.0 0.25
1528 1288 1.0 0.25
1528 1784 1.0 0.25
1529 1530 1.0 0.25
1529 1289 1.0 0.25
1529 1785 1.0 0.25
1530 1531 1.0 0.25
1530 1290 1.0 0.25
1530 1786 1.0 0.25
1531 1532 1.0 0.25
1531 1291 1.0 0.25
1531 1787 1.0 0.25
1532 1533 1.0 0.25
1532 1292 1.0 0.25
1532 1788 1.0 0.25
1533 1534 1.0 0.25
1533 1293 1.0 0.25
1533 1789 1.0 0.25
1534 1535 1.0 0.25
1534 1294 1.0 0.25
1534 1790 1.0 0.25
1535 1520 1.0 0.25
1535 1295 1.0 0.25
1535 1791 1.0 0.25
1536 1537 1.0 0.25
1536 1552 1.0 0.25
1536 1792 1.0 0.25
1537 1538 1.0 0.25
1537 1553 1.0 0.25
1537 1793 1.0 0.25
1538 1539 1.0 0.25
1538 1554 1.0 0.25
1538 1794 1.0 0.25
1539 1540 1.0 0.25
1539 1555 1.0 0.25
1539 1795 1.0 0.25
1540 1541 1.0 0.25
1540 1556 1.0 0.25
1540 1796 1.0 0.25
1541 1542 1.0 0.25
1541 1557 1.0 0.25
1541 1797 1.0 0.25
1542 1543 1.0 0.25
1542 1558 1.0 0.25
1542 1798 1.0 0.25
1543 1544 1.0 0.25
1543 1559 1.0 0.25
1543 1799 1.0 0.25
1544 1545 1.0 0.25
1544 1560 1.0 0.25
1544 1800 1.0 0.25
1545 1546 1.0 0.25
1545 1561 1.0 0.25
1545 1801 1.0 0.25
1546 1547 1.0 0.25
1546 1562 1.0 0.25
1546 1802 1.0 0.25
1547 1548 1.0 0.25
1547 1563 1.0 0.25
1547 1803 1.0 0.25
1548 1549 1.0 0.25
1548 1564 1.0 0.25
1548 1804 1.0 0.25
1549 1550 1.0 0.25
1549 1565 1.0 0.25
1549 1805 1.0 0.25
1550 1551 1.0 0.25
1550 1566 1.0 0.25
1550 1806 1.0 0.25
1551 1536 1.0 0.25
1551 1567 1.0 0.25
1551 1807 1.0 0.25
1552 1553 1.0 0.25
1552 1568 1.0 0.25
1552 1808 1.0 0.25
1553 1554 1.0 0.25
1553 1569 1.0 0.25
1553 1809 1.0 0.25
1554 1555 1.0 0.25
1554 1570 1.0 0.25
1554 1810 1.0 0.25
1555 1556 1.0 0.25
1555 1571 1.0 0.25
1555 1811 1.0 0.25
1556 1557 1.0 0.25
1556 1572 1.0 0.25
1556 1812 1.0 0.25
1557 1558 1.0 0.25
1557 1573 1.0 0.25
1557 1813 1.0 0.25
1558 1559 1.0 0.25
1558 1574 1.0 0.25
1558 1814 1.0 0.25
1559 1560 1.0 0.25
1559 1575 1.0 0.25
1559 1815 1.0 0.25
1560 1561 1.0 0.25
1560 1576 1.0 0.25
1560 1816 1.0 0.25
1561 1562 1.0 0.25
1561 1577 1.0 0.25
1561 1817 1.0 0.25
1562 1563 1.0 0.25
1562 1578 1.0 0.25
1562 1818 1.0 0.25
1563 1564 1.0 0.25
1563 1579 1.0 0.25
1563 1819 1.0 0.25
1564 1565 1.0 0.25
1564 1580 1.0 0.25
1564 1820 1.0 0.25
1565 1566 1.0 0.25
1565 1581 1.0 0.25
1565 1821 1.0 0.25
1566 1567 1.0 0.25
1566 1582 1.0 0.25
1566 1822 1.0 0.25
1567 1552 1.0 0.25
1567 1583 1.0 0.25
1567 1823 1.0 0.25
1568 1569 1.0 0.25
1568 1584 1.0 0.25
1568 1824 1.0 0.25
1569 1570 1.0 0.25
1569 1585 1.0 0.25
1569 1825 1.0 0.25
1570 1571 1.0 0.25
1570 1586 1.0 0.25
1570 1826 1.0 0.25
1571 1572 1.0 0.25
1571 1587 1.0 0.25
1571 1827 1.0 0.25
1572 1573 1.0 0.25
1572 1588 1.0 0.25
1572 1828 1.0 0.25
1573 1574 1.0 0.25
1573 1589 1.0 0.25
1573 1829 1.0 0.25
1574 1575 1.0 0.25
1574 1590 1.0 0.25
1574 1830 1.0 0.25
1575 1576 1.0 0.25
1575 1591 1.0 0.25
1575 1831 1.0 0.25
1576 1577 1.0 0.25
1576 1592 1.0 0.25
1576 1832 1.0 0.25
1577 1578 1.0 0.25
1577 1593 1.0 0.25
1577 1833 1.0 0.25
1578 1579 1.0 0.25
1578 1594 1.0 0.25
1578 1834 1.0 0.25
1579 1580 1.0 0.25
1579 1595 1.0 0.25
1579 1835 1.0 0.25
1580 1581 1.0 0.25
1580 1596 1.0 0.25
1580 1836 1.0 0.25
1581 1582 1.0 0.25
1581 1597 1.0 0.25
1581 1837 1.0 0.25
1582 1583 1.0 0.25
1582 1598 1.0 0.25
1582 1838 1.0 0.25
1583 1568 1.0 0.25
1583 1599 1.0 0.25
1583 1839 1.0 0.25
1584 1585 1.0 0.25
1584 1600 1.0 0.25
1584 1840 1.0 0.25
1585 1586 1.0 0.25
1585 1601 1.0 0.25
1585 1841 1.0 0.25
1586 1587 1.0 0.25
1586 1602 1.0 0.25
1586 1842 1.0 0.25
1587 1588 1.0 0.25
1587 1603 1.0 0.25
1587 1843 1.0 0.25
1588 1589 1.0 0.25
1588 1604 1.0 0.25
1588 1844 1.0 0.25
1589 1590 1.0 0.25
1589 1605 1.0 0.25
1589 1845 1.0 0.25
1590 1591 1.0 0.25
1590 1606 1.0 0.25
1590 1846 1.0 0.25
1591 1592 1.0 0.25
1591 1607 1.0 0.25
1591 1847 1.0 0.25
1592 1593 1.0 0.25
1592 1608 1.0 0.25
1592 1848 1.0 0.25
1593 1594 1.0 0.25
1593 1609 1.0 0.25
1593 1849 1.0 0.25
1594 1595 1.0 0.25
1594 1610 1.0 0.25
1594 1850 1.0 0.25
1595 1596 1.0 0.25
1595 1611 1.0 0.25
1595 1851 1.0 0.25
1596 1597 1.0 0.25
1596 1612 1.0 0.25
1596 1852 1.0 0.25
1597 1598 1.0 0.25
1597 1613 1.0 0.25
1597 1853 1.0 0.25
1598 1599 1.0 0.25
1598 1614 1.0 0.25
1598 1854 1.0 0.25
1599 1584 1.0 0.25
1599 1615 1.0 0.25
1599 1855 1.0 0.25
1600 1601 1.0 0.25
1600 1616 1.0 0.25
1600 1856 1.0 0.25
1601 1602 1.0 0.25
1601 1617 1.0 0.25
1601 1857 1.0 0.25
1602 1603 1.0 0.25
1602 1618 1.0 0.25
1602 1858 1.0 0.25
1603 1604 1.0 0.25
1603 1619 1.0 0.25
1603 1859 1.0 0.25
1604 1605 1.0 0.25
1604 1620 1.0 0.25
1604 1860 1.0 0.25
1605 1606 1.0 0.25
1605 1621 1.0 0.25
1605 1861 1.0 0.25
1606 1607 1.0 0.25
1606 1622 1.0 0.25
1606 1862 1.0 0.25
1607 1608 1.0 0.25
1607 1623 1.0 0.25
1607 1863 1.0 0.25
1608 1609 1.0 0.25
1608 1624 1.0 0.25
1608 1864 1.0 0.25
1609 1610 1.0 0.25
1609 1625 1.0 0.25
1609 1865 1.0 0.25
1610 1611 1.0 0.25
1610 1626 1.0 0.25
1610 1866 1.0 0.25
1611 1612 1.0 0.25
1611 1627 1.0 0.25
1611 1867 1.0 0.25
1612 1613 1.0 0.25
1612 1628 1.0 0.25
1612 1868 1.0 0.25
1613 1614 1.0 0.25
1613 1629 1.0 0.25
1613 1869 1.0 0.25
1614 1615 1.0 0.25
1614 1630 1.0 0.25
1614 1870 1.0 0.25
1615 1600 1.0 0.25
1615 1631 1.0 0.25
1615 1871 1.0 0.25
1616 1617 1.0 0.25
1616 1632 1.0 0.25
1616 1872 1.0 0.25
1617 1618 1.0 0.25
1617 1633 1.0 0.25
1617 1873 1.0 0.25
1618 1619 1.0 0.25
1618 1634 1.0 0.25
1618 1874 1.0 0.25
1619 1620 1.0 0.25
1619 1635 1.0 0.25
1619 1875 1.0 0.25
1620 1621 1.0 0.25
1620 1636 1.0 0.25
1620 1876 1.0 0.25
1621 1622 1.0 0.25
1621 1637 1.0 0.25
1621 1877 1.0 0.25
1622 1623 1.0 0.25
1622 1638 1.0 0.25
1622 1878 1.0 0.25
1623 1624 1.0 0.25
1623 1639 1.0 0.25
1623 1879 1.0 0.25
1624 1625 1.0 0.25
1624 1640 1.0 0.25
1624 1880 1.0 0.25
1625 1626 1.0 0.25
1625 1641 1.0 0.25
1625 1881 1.0 0.25
1626 1627 1.0 0.25
1626 1642 1.0 0.25
1626 1882 1.0 0.25
1627 1628 1.0 0.25
1627 1643 1.0 0.25
1627 1883 1.0 0.25
1628 1629 1.0 0.25
1628 1644 1.0 0.25
1628 1884 1.0 0.25
1629 1630 1.0 0.25
1629 1645 1.0 0.25
1629 1885 1.0 0.25
1630 1631 1.0 0.25
1630 1646 1.0 0.25
1630 1886 1.0 0.25
1631 1616 1.0 0.25
1631 1647 1.0 0.25
1631 1887 1.0 0.25
1632 1633 1.0 0.25
1632 1648 1.0 0.25
1632 1888 1.0 0.25
1633 1634 1.0 0.25
1633 1649 1.0 0.25
1633 1889 1.0 0.25
1634 1635 1.0 0.25
1634 1650 1.0 0.25
1634 1890 1.0 0.25
1635 1636 1.0 0.25
1635 1651 1.0 0.25
1635 1891 1.0 0.25
1636 1637 1.0 0.25
1636 1652 1.0 0.25
1636 1892 1.0 0.25
1637 1638 1.0 0.25
1637 1653 1.0 0.25
1637 1893 1.0 0.25
1638 1639 1.0 0.25
1638 1654 1.0 0.25
1638 1894 1.0 0.25
1639 1640 1.0 0.25
1639 1655 1.0 0.25
1639 1895 1.0 0.25
1640 1641 1.0 0.25
1640 1656 1.0 0.25
1640 1896 1.0 0.25
1641 1642 1.0 0.25
1641 1657 1.0 0.25
1641 1897 1.0 0.25
1642 1643 1.0 0.25
1642 1658 1.0 0.25
1642 1898 1.0 0.25
1643 1644 1.0 0.25
1643 1659 1.0 0.25
1643 1899 1.0 0.25
1644 1645 1.0 0.25
1644 1660 1.0 0.25
1644 1900 1.0 0.25
1645 1646 1.0 0.25
1645 1661 1.0 0.25
1645 1901 1.0 0.25
1646 1647 1.0 0.25
1646 1662 1.0 0.25
1646 1902 1.0 0.25
1647 1632 1.0 0.25
1647 1663 1.0 0.25
1647 1903 1.0 0.25
1648 1649 1.0 0.25
1648 1664 1.0 0.25
1648 1904 1.0 0.25
1649 1650 1.0 0.25
1649 1665 1.0 0.25
1649 1905 1.0 0.25
1650 1651 1.0 0.25
1650 1666 1.0 0.25
1650 1906 1.0 0.25
1651 1652 1.0 0.25
1651 1667 1.0 0.25
1651 1907 1.0 0.25
1652 1653 1.0 0.25
1652 1668 1.0 0.25
1652 1908 1.0 0.25
1653 1654 1.0 0.25
1653 1669 1.0 0.25
1653 1909 1.0 0.25
1654 1655 1.0 0.25
1654 1670 1.0 0.25
1654 1910 1.0 0.25
1655 1656 1.0 0.25
1655 1671 1.0 0.25
1655 1911 1.0 0.25
1656 1657 1.0 0.25
1656 1672 1.0 0.25
1656 1912 1.0 0.25
1657 1658 1.0 0.25
1657 1673 1.0 0.25
1657 1913 1.0 0.25
1658 1659 1.0 0.25
1658 1674 1.0 0.25
1658 1914 1.0 0.25
1659 1660 1.0 0.25
1659 1675 1.0 0.25
1659 1915 1.0 0.25
1660 1661 1.0 0.25
1660 1676 1.0 0.25
1660 1916 1.0 0.25
1661 1662 1.0 0.25
1661 1677 1.0 0.25
1661 1917 1.0 0.25
1662 1663 1.0 0.25
1662 1678 1.0 0.25
1662 1918 1.0 0.25
1663 1648 1.0 0.25
1663 1679 1.0 0.25
1663 1919 1.0 0.25
1664 1665 1.0 0.25
1664 1680 1.0 0.25
1664 1920 1.0 0.25
1665 1666 1.0 0.25
1665 1681 1.0 0.25
1665 1921 1.0 0.25
1666 1667 1.0 0.25
1666 1682 1.0 0.25
1666 1922 1.0 0.25
1667 1668 1.0 0.25
1667 1683 1.0 0.25
1667 1923 1.0 0.25
1668 1669 1.0 0.25
1668 1684 1.0 0.25
1668 1924 1.0 0.25
1669 1670 1.0 0.25
1669 1685 1.0 0.25
1669 1925 1.0 0.25
1670 1671 1.0 0.25
1670 1686 1.0 0.25
1670 1926 1.0 0.25
1671 1672 1.0 0.25
1671 1687 1.0 0.25
1671 1927 1.0 0.25
1672 1673 1.0 0.25
1672 1688 1.0 0.25
1672 1928 1.0 0.25
1673 1674 1.0 0.25
1673 1689 1.0 0.25
1673 1929 1.0 0.25
1674 1675 1.0 0.25
1674 1690 1.0 0.25
1674 1930 1.0 0.25
1675 1676 1.0 0.25
1675 1691 1.0 0.25
1675 1931 1.0 0.25
1676 1677 1.0 0.25
1676 1692 1.0 0.25
1676 1932 1.0 0.25
1677 1678 1.0 0.25
1677 1693 1.0 0.25
1677 1933 1.0 0.25
1678 1679 1.0 0.25
1678 1694 1.0 0.25
1678 1934 1.0 0.25
1679 1664 1.0 0.25
1679 1695 1.0 0.25
1679 1935 1.0 0.25
1680 1681 1.0 0.25
1680 1696 1.0 0.25
1680 1936 1.0 0.25
1681 1682 1.0 0.25
1681 1697 1.0 0.25
1681 1937 1.0 0.25
1682 1683 1.0 0.25
1682 1698 1.0 0.25
1682 1938 1.0 0.25
1683 1684 1.0 0.25
1683 1699 1.0 0.25
1683 1939 1.0 0.25
1684 1685 1.0 0.25
1684 1700 1.0 0.25
1684 1940 1.0 0.25
1685 1686 1.0 0.25
1685 1701 1.0 0.25
1685 1941 1.0 0.25
1686 1687 1.0 0.25
1686 1702 1.0 0.25
1686 1942 1.0 0.25
1687 1688 1.0 0.25
1687 1703 1.0 0.25
1687 1943 1.0 0.25
1688 1689 1.0 0.25
1688 1704 1.0 0.25
1688 1944 1.0 0.25
1689 1690 1.0 0.25
1689 1705 1.0 0.25
1689 1945 1.0 0.25
1690 1691 1.0 0.25
1690 1706 1.0 0.25
1690 1946 1.0 0.25
1691 1692 1.0 0.25
1691 1707 1.0 0.25
1691 1947 1.0 0.25
1692 1693 1.0 0.25
1692 1708 1.0 0.25
1692 1948 1.0 0.25
1693 1694 1.0 0.25
1693 1709 1.0 0.25
1693 1949 1.0 0.25
1694 1695 1.0 0.25
1694 1710 1.0 0.25
1694 1950 1.0 0.25
1695 1680 1.0 0.25
1695 1711 1.0 0.25
1695 1951 1.0 0.25
1696 1697 1.0 0.25
1696 1712 1.0 0.25
1696 1952 1.0 0.25
1697 1698 1.0 0.25
1697 1713 1.0 0.25
1697 1953 1.0 0.25
1698 1699 1.0 0.25
1698 1714 1.0 0.25
1698 1954 1.0 0.25
1699 1700 1.0 0.25
1699 1715 1.0 0.25
1699 1955 1.0 0.25
1700 1701 1.0 0.25
1700 1716 1.0 0.25
1700 1956 1.0 0.25
1701 1702 1.0 0.25
1701 1717 1.0 0.25
1701 1957 1.0 0.25
1702 1703 1.0 0.25
1702 1718 1.0 0.25
1702 1958 1.0 0.25
1703 1704 1.0 0.25
1703 1719 1.0 0.25
1703 1959 1.0 0.25
1704 1705 1.0 0.25
1704 1720 1.0 0.25
1704 1960 1.0 0.25
1705 1706 1.0 0.25
1705 1721 1.0 0.25
1705 1961 1.0 0.25
1706 1707 1.0 0.25
1706 1722 1.0 0.25
1706 1962 1.0 0.25
1707 1708 1.0 0.25
1707 1723 1.0 0.25
1707 1963 1.0 0.25
1708 1709 1.0 0.25
1708 1724 1.0 0.25
1708 1964 1.0 0.25
1709 1710 1.0 0.25
1709 1725 1.0 0.25
1709 1965 1.0 0.25
1710 1711 1.0 0.25
1710 1726 1.0 0.25
1710 1966 1.0 0.25
1711 1696 1.0 0.25
1711 1727 1.0 0.25
1711 1967 1.0 0.25
1712 1713 1.0 0.25
1712 1728 1.0 0.25
1712 1968 1.0 0.25
1713 1714 1.0 0.25
1713 1729 1.0 0.25
1713 1969 1.0 0.25
1714 1715 1.0 0.25
1714 1730 1.0 0.25
1714 1970 1.0 0.25
1715 1716 1.0 0.25
1715 1731 1.0 0.25
1715 1971 1.0 0.25
1716 1717 1.0 0.25
1716 1732 1.0 0.25
1716 1972 1.0 0.25
1717 1718 1.0 0.25
1717 1733 1.0 0.25
1717 1973 1.0 0.25
1718 1719 1.0 0.25
1718 1734 1.0 0.25
1718 1974 1.0 0.25
1719 1720 1.0 0.25
1719 1735 1.0 0.25
1719 1975 1.0 0.25
1720 1721 1.0 0.25
1720 1736 1.0 0.25
1720 1976 1.0 0.25
1721 1722 1.0 0.25
1721 1737 1.0 0.25
1721 1977 1.0 0.25
1722 1723 1.0 0.25
1722 1738 1.0 0.25
1722 1978 1.0 0.25
1723 1724 1.0 0.25
1723 1739 1.0 0.25
1723 1979 1.0 0.25
1724 1725 1.0 0.25
1724 1740 1.0 0.25
1724 1980 1.0 0.25
1725 1726 1.0 0.25
1725 1741 1.0 0.25
1725 1981 1.0 0.25
1726 1727 1.0 0.25
1726 1742 1.0 0.25
1726 1982 1.0 0.25
1727 1712 1.0 0.25
1727 1743 1.0 0.25
1727 1983 1.0 0.25
1728 1729 1.0 0.25
1728 1744 1.0 0.25
1728 1984 1.0 0.25
1729 1730 1.0 0.25
1729 1745 1.0 0.25
1729 1985 1.0 0.25
1730 1731 1.0 0.25
1730 1746 1.0 0.25
1730 1986 1.0 0.25
1731 1732 1.0 0.25
1731 1747 1.0 0.25
1731 1987 1.0 0.25
1732 1733 1.0 0.25
1732 1748 1.0 0.25
1732 1988 1.0 0.25
1733 1734 1.0 0.25
1733 1749 1.0 0.25
1733 1989 1.0 0.25
1734 1735 1.0 0.25
1734 1750 1.0 0.25
1734 1990 1.0 0.25
1735 1736 1.0 0.25
1735 1751 1.0 0.25
1735 1991 1.0 0.25
1736 1737 1.0 0.25
1736 1752 1.0 0.25
1736 1992 1.0 0.25
1737 1738 1.0 0.25
1737 1753 1.0 0.25
1737 1993 1.0 0.25
1738 1739 1.0 0.25
1738 1754 1.0 0.25
1738 1994 1.0 0.25
1739 1740 1.0 0.25
1739 1755 1.0 0.25
1739 1995 1.0 0.25
1740 1741 1.0 0.25
1740 1756 1.0 0.25
1740 1996 1.0 0.25
1741 1742 1.0 0.25
1741 1757 1.0 0.25
1741 1997 1.0 0.25
1742 1743 1.0 0.25
1742 1758 1.0 0.25
1742 1998 1.0 0.25
1743 1728 1.0 0.25
1743 1759 1.0 0.25
1743 1999 1.0 0.25
1744 1745 1.0 0.25
1744 1760 1.0 0.25
1744 2000 1.0 0.25
1745 1746 1.0 0.25
1745 1761 1.0 0.25
1745 2001 1.0 0.25
1746 1747 1.0 0.25
1746 1762 1.0 0.25
1746 2002 1.0 0.25
1747 1748 1.0 0.25
1747 1763 1.0 0.25
1747 2003 1.0 0.25
1748 1749 1.0 0.25
1748 1764 1.0 0.25
1748 2004 1.0 0.25
1749 1750 1.0 0.25
1749 1765 1.0 0.25
1749 2005 1.0 0.25
1750 1751 1.0 0.25
1750 1766 1.0 0.25
1750 2006 1.0 0.25
1751 1752 1.0 0.25
1751 1767 1.0 0.25
1751 2007 1.0 0.25
1752 1753 1.0 0.25
1752 1768 1.0 0.25
1752 2008 1.0 0.25
1753 1754 1.0 0.25
1753 1769 1.0 0.25
1753 2009 1.0 0.25
1754 1755 1.0 0.25
1754 1770 1.0 0.25
1754 2010 1.0 0.25
1755 1756 1.0 0.25
1755 1771 1.0 0.25
1755 2011 1.0 0.25
1756 1757 1.0 0.25
1756 1772 1.0 0.25
1756 2012 1.0 0.25
1757 1758 1.0 0.25
1757 1773 1.0 0.25
1757 2013 1.0 0.25
1758 1759 1.0 0.25
1758 1774 1.0 0.25
1758 2014 1.0 0.25
1759 1744 1.0 0.25
1759 1775 1.0 0.25
1759 2015 1.0 0.25
1760 1761 1.0 0.25
1760 1776 1.0 0.25
1760 2016 1.0 0.25
1761 1762 1.0 0.25
1761 1777 1.0 0.25
1761 2017 1.0 0.25
1762 1763 1.0 0.25
1762 1778 1.0 0.25
1762 2018 1.0 0.25
1763 1764 1.0 0.25
1763 1779 1.0 0.25
1763 2019 1.0 0.25
1764 1765 1.0 0.25
1764 1780 1.0 0.25
1764 2020 1.0 0.25
1765 1766 1.0 0.25
1765 1781 1.0 0.25
1765 2021 1.0 0.25
1766 1767 1.0 0.25
1766 1782 1.0 0.25
1766 2022 1.0 0.25
1767 1768 1.0 0.25
1767 1783 1.0 0.25
1767 2023 1.0 0.25
1768 1769 1.0 0.25
1768 1784 1.0 0.25
1768 2024 1.0 0.25
1769 1770 1.0 0.25
1769 1785 1.0 0.25
1769 2025 1.0 0.25
1770 1771 1.0 0.25
1770 1786 1.0 0.25
1770 2026 1.0 0.25
1771 1772 1.0 0.25
1771 1787 1.0 0.25
1771 2027 1.0 0.25
1772 1773 1.0 0.25
1772 1788 1.0 0.25
1772 2028 1.0 0.25
1773 1774 1.0 0.25
1773 1789 1.0 0.25
1773 2029 1.0 0.25
1774 1775 1.0 0.25
1774 1790 1.0 0.25
1774 2030 1.0 0.25
1775 1760 1.0 0.25
1775 1791 1.0 0.25
1775 2031 1.0 0.25
1776 1777 1.0 0.25
1776 1536 1.0 0.25
1776 2032 1.0 0.25
1777 1778 1.0 0.25
1777 1537 1.0 0.25
1777 2033 1.0 0.25
1778 1779 1.0 0.25
1778 1538 1.0 0.25
1778 2034 1.0 0.25
1779 1780 1.0 0.25
1779 1539 1.0 0.25
1779 2035 1.0 0.25
1780 1781 1.0 0.25
1780 1540 1.0 0.25
1780 2036 1.0 0.25
1781 1782 1.0 0.25
1781 1541 1.0 0.25
1781 2037 1.0 0.25
1782 1783 1.0 0.25
1782 1542 1.0 0.25
1782 2038 1.0 0.25
1783 1784 1.0 0.25
1783 1543 1.0 0.25
1783 2039 1.0 0.25
1784 1785 1.0 0.25
1784 1544 1.0 0.25
1784 2040 1.0 0.25
1785 1786 1.0 0.25
1785 1545 1.0 0.25
1785 2041 1.0 0.25
1786 1787 1.0 0.25
1786 1546 1.0 0.25
1786 2042 1.0 0.25
1787 1788 1.0 0.25
1787 1547 1.0 0.25
1787 2043 1.0 0.25
1788 1789 1.0 0.25
1788 1548 1.0 0.25
1788 2044 1.0 0.25
1789 1790 1.0 0.25
1789 1549 1.0 0.25
1789 2045 1.0 0.25
1790 1791 1.0 0.25
1790 1550 1.0 0.25
1790 2046 1.0 0.25
1791 1776 1.0 0.25
1791 1551 1.0 0.25
1791 2047 1.0 0.25
1792 1793 1.0 0.25
1792 1808 1.0 0.25
1793 1794 1.0 0.25
1793 1809 1.0 0.25
1794 1795 1.0 0.25
1794 1810 1.0 0.25
1795 1796 1.0 0.25
1795 1811 1.0 0.25
1796 1797 1.0 0.25
1796 1812 1.0 0.25
1797 1798 1.0 0.25
1797 1813 1.0 0.25
1798 1799 1.0 0.25
1798 1814 1.0 0.25
1799 1800 1.0 0.25
1799 1815 1.0 0.25
1800 1801 1.0 0.25
1800 1816 1.0 0.25
1801 1802 1.0 0.25
1801 1817 1.0 0.25
1802 1803 1.0 0.25
1802 1818 1.0 0.25
1803 1804 1.0 0.25
1803 1819 1.0 0.25
1804 1805 1.0 0.25
1804 1820 1.0 0.25
1805 1806 1.0 0.25
1805 1821 1.0 0.25
1806 1807 1.0 0.25
1806 1822 1.0 0.25
1807 1792 1.0 0.25
1807 1823 1.0 0.25
1808 1809 1.0 0.25
1808 1824 1.0 0.25
1809 1810 1.0 0.25
1809 1825 1.0 0.25
1810 1811 1.0 0.25
1810 1826 1.0 0.25
1811 1812 1.0 0.25
1811 1827 1.0 0.25
1812 1813 1.0 0.25
1812 1828 1.0 0.25
1813 1814 1.0 0.25
1813 1829 1.0 0.25
1814 1815 1.0 0.25
1814 1830 1.0 0.25
1815 1816 1.0 0.25
1815 1831 1.0 0.25
1816 1817 1.0 0.25
1816 1832 1.0 0.25
1817 1818 1.0 0.25
1817 1833 1.0 0.25
1818 1819 1.0 0.25
1818 1834 1.0 0.25
1819 1820 1.0 0.25
1819 1835 1.0 0.25
1820 1821 1.0 0.25
1820 1836 1.0 0.25
1821 1822 1.0 0.25
1821 1837 1.0 0.25
1822 1823 1.0 0.25
1822 1838 1.0 0.25
1823 1808 1.0 0.25
1823 1839 1.0 0.25
1824 1825 1.0 0.25
1824 1840 1.0 0.25
1825 1826 1.0 0.25
1825 1841 1.0 0.25
1826 1827 1.0 0.25
1826 1842 1.0 0.25
1827 1828 1.0 0.25
1827 1843 1.0 0.25
1828 1829 1.0 0.25
1828 1844 1.0 0.25
1829 1830 1.0 0.25
1829 1845 1.0 0.25
1830 1831 1.0 0.25
1830 1846 1.0 0.25
1831 1832 1.0 0.25
1831 1847 1.0 0.25
1832 1833 1.0 0.25
1832 1848 1.0 0.25
1833 1834 1.0 0.25
1833 1849 1.0 0.25
1834 1835 1.0 0.25
1834 1850 1.0 0.25
1835 1836 1.0 0.25
1835 1851 1.0 0.25
1836 1837 1.0 0.25
1836 1852 1.0 0.25
1837 1838 1.0 0.25
1837 1853 1.0 0.25
1838 1839 1.0 0.25
1838 1854 1.0 0.25
1839 1824 1.0 0.25
1839 1855 1.0 0.25
1840 1841 1.0 0.25
1840 1856 1.0 0.25
1841 1842 1.0 0.25
1841 1857 1.0 0.25
1842 1843 1.0 0.25
1842 1858 1.0 0.25
1843 1844 1.0 0.25
1843 1859 1.0 0.25
1844 1845 1.0 0.25
1844 1860 1.0 0.25
1845 1846 1.0 0.25
1845 1861 1.0 0.25
1846 1847 1.0 0.25
1846 1862 1.0 0.25
1847 1848 1.0 0.25
1847 1863 1.0 0.25
1848 1849 1.0 0.25
1848 1864 1.0 0.25
1849 1850 1.0 0.25
1849 1865 1.0 0.25
1850 1851 1.0 0.25
1850 1866 1.0 0.25
1851 1852 1.0 0.25
1851 1867 1.0 0.25
1852 1853 1.0 0.25
1852 1868 1.0 0.25
1853 1854 1.0 0.25
1853 1869 1.0 0.25
1854 1855 1.0 0.25
1854 1870 1.0 0.25
1855 1840 1.0 0.25
1855 1871 1.0 0.25
1856 1857 1.0 0.25
1856 1872 1.0 0.25
1857 1858 1.0 0.25
1857 1873 1.0 0.25
1858 1859 1.0 0.25
1858 1874 1.0 0.25
1859 1860 1.0 0.25
1859 1875 1.0 0.25
1860 1861 1.0 0.25
1860 1876 1.0 0.25
1861 1862 1.0 0.25
1861 1877 1.0 0.25
1862 1863 1.0 0.25
1862 1878 1.0 0.25
1863 1864 1.0 0.25
1863 1879 1.0 0.25
1864 1865 1.0 0.25
1864 1880 1.0 0.25
1865 1866 1.0 0.25
1865 1881 1.0 0.25
1866 1867 1.0 0.25
1866 1882 1.0 0.25
1867 1868 1.0 0.25
1867 1883 1.0 0.25
1868 1869 1.0 0.25
1868 1884 1.0 0.25
1869 1870 1.0 0.25
1869 1885 1.0 0.25
1870 1871 1.0 0.25
1870 1886 1.0 0.25
1871 1856 1.0 0.25
1871 1887 1.0 0.25
1872 1873 1.0 0.25
1872 1888 1.0 0.25
1873 1874 1.0 0.25
1873 1889 1.0 0.25
1874 1875 1.0 0.25
1874 1890 1.0 0.25
1875 1876 1.0 0.25
1875 1891 1.0 0.25
1876 1877 1.0 0.25
1876 1892 1.0 0.25
1877 1878 1.0 0.25
1877 1893 1.0 0.25
1878 1879 1.0 0.25
1878 1894 1.0 0.25
1879 1880 1.0 0.25
1879 1895 1.0 0.25
1880 1881 1.0 0.25
1880 1896 1.0 0.25
1881 1882 1.0 0.25
1881 1897 1.0 0.25
1882 1883 1.0 0.25
1882 1898 1.0 0.25
1883 1884 1.0 0.25
1883 1899 1.0 0.25
1884 1885 1.0 0.25
1884 1900 1.0 0.25
1885 1886 1.0 0.25
1885 1901 1.0 0.25
1886 1887 1.0 0.25
1886 1902 1.0 0.25
1887 1872 1.0 0.25
1887 1903 1.0 0.25
1888 1889 1.0 0.25
1888 1904 1.0 0.25
1889 1890 1.0 0.25
1889 1905 1.0 0.25
1890 1891 1.0 0.25
1890 1906 1.0 0.25
1891 1892 1.0 0.25
1891 1907 1.0 0.25
1892 1893 1.0 0.25
1892 1908 1.0 0.25
1893 1894 1.0 0.25
1893 1909 1.0 0.25
1894 1895 1.0 0.25
1894 1910 1.0 0.25
1895 1896 1.0 0.25
1895 1911 1.0 0.25
1896 1897 1.0 0.25
1896 1912 1.0 0.25
1897 1898 1.0 0.25
1897 1913 1.0 0.25
1898 1899 1.0 0.25
1898 1914 1.0 0.25
1899 1900 1.0 0.25
1899 1915 1.0 0.25
1900 1901 1.0 0.25
1900 1916 1.0 0.25
1901 1902 1.0 0.25
1901 1917 1.0 0.25
1902 1903 1.0 0.25
1902 1918 1.0 0.25
1903 1888 1.0 0.25
1903 1919 1.0 0.25
1904 1905 1.0 0.25
1904 1920 1.0 0.25
1905 1906 1.0 0.25
1905 1921 1.0 0.25
1906 1907 1.0 0.25
1906 1922 1.0 0.25
1907 1908 1.0 0.25
1907 1923 1.0 0.25
1908 1909 1.0 0.25
1908 1924 1.0 0.25
1909 1910 1.0 0.25
1909 1925 1.0 0.25
1910 1911 1.0 0.25
1910 1926 1.0 0.25
1911 1912 1.0 0.25
1911 1927 1.0 0.25
1912 1913 1.0 0.25
1912 1928 1.0 0.25
1913 1914 1.0 0.25
1913 1929 1.0 0.25
1914 1915 1.0 0.25
1914 1930 1.0 0.25
1915 1916 1.0 0.25
1915 1931 1.0 0.25
1916 1917 1.0 0.25
1916 1932 1.0 0.25
1917 1918 1.0 0.25
1917 1933 1.0 0.25
1918 1919 1.0 0.25
1918 1934 1.0 0.25
1919 1904 1.0 0.25
1919 1935 1.0 0.25
1920 1921 1.0 0.25
1920 1936 1.0 0.25
1921 1922 1.0 0.25
1921 1937 1.0 0.25
1922 1923 1.0 0.25
1922 1938 1.0 0.25
1923 1924 1.0 0.25
1923 1939 1.0 0.25
1924 1925 1.0 0.25
1924 1940 1.0 0.25
1925 1926 1.0 0.25
1925 1941 1.0 0.25
1926 1927 1.0 0.25
1926 1942 1.0 0.25
1927 1928 1.0 0.25
1927 1943 1.0 0.25
1928 1929 1.0 0.25
1928 1944 1.0 0.25
1929 1930 1.0 0.25
1929 1945 1.0 0.25
1930 1931 1.0 0.25
1930 1946 1.0 0.25
1931 1932 1.0 0.25
1931 1947 1.0 0.25
1932 1933 1.0 0.25
1932 1948 1.0 0.25
1933 1934 1.0 0.25
1933 1949 1.0 0.25
1934 1935 1.0 0.25
1934 1950 1.0 0.25
1935 1920 1.0 0.25
1935 1951 1.0 0.25
1936 1937 1.0 0.25
1936 1952 1.0 0.25
1937 1938 1.0 0.25
1937 1953 1.0 0.25
1938 1939 1.0 0.25
1938 1954 1.0 0.25
1939 1940 1.0 0.25
1939 1955 1.0 0.25
1940 1941 1.0 0.25
1940 1956 1.0 0.25
1941 1942 1.0 0.25
1941 1957 1.0 0.25
1942 1943 1.0 0.25
1942 1958 1.0 0.25
1943 1944 1.0 0.25
1943 1959 1.0 0.25
1944 1945 1.0 0.25
1944 1960 1.0 0.25
1945 1946 1.0 0.25
1945 1961 1.0 0.25
1946 1947 1.0 0.25
1946 1962 1.0 0.25
1947 1948 1.0 0.25
1947 1963 1.0 0.25
1948 1949 1.0 0.25
1948 1964 1.0 0.25
1949 1950 1.0 0.25
1949 1965 1.0 0.25
1950 1951 1.0 0.25
1950 1966 1.0 0.25
1951 1936 1.0 0.25
1951 1967 1.0 0.25
1952 1953 1.0 0.25
1952 1968 1.0 0.25
1953 1954 1.0 0.25
1953 1969 1.0 0.25
1954 1955 1.0 0.25
1954 1970 1.0 0.25
1955 1956 1.0 0.25
1955 1971 1.0 0.25
1956 1957 1.0 0.25
1956 1972 1.0 0.25
1957 1958 1.0 0.25
1957 1973 1.0 0.25
1958 1959 1.0 0.25
1958 1974 1.0 0.25
1959 1960 1.0 0.25
1959 1975 1.0 0.25
1960 1961 1.0 0.25
1960 1976 1.0 0.25
1961 1962 1.0 0.25
1961 1977 1.0 0.25
1962 1963 1.0 0.25
1962 1978 1.0 0.25
1963 1964 1.0 0.25
1963 1979 1.0 0.25
1964 1965 1.0 0.25
1964 1980 1.0 0.25
1965 1966 1.0 0.25
1965 1981 1.0 0.25
1966 1967 1.0 0.25
1966 1982 1.0 0.25
1967 1952 1.0 0.25
1967 1983 1.0 0.25
1968 1969 1.0 0.25
1968 1984 1.0 0.25
1969 1970 1.0 0.25
1969 1985 1.0 0.25
1970 1971 1.0 0.25
1970 1986 1.0 0.25
1971 1972 1.0 0.25
1971 1987 1.0 0.25
1972 1973 1.0 0.25
1972 1988 1.0 0.25
1973 1974 1.0 0.25
1973 1989 1.0 0.25
1974 1975 1.0 0.25
1974 1990 1.0 0.25
1975 1976 1.0 0.25
1975 1991 1.0 0.25
1976 1977 1.0 0.25
1976 1992 1.0 0.25
1977 1978 1.0 0.25
1977 1993 1.0 0.25
1978 1979 1.0 0.25
1978 1994 1.0 0.25
1979 1980 1.0 0.25
1979 1995 1.0 0.25
1980 1981 1.0 0.25
1980 1996 1.0 0.25
1981 1982 1.0 0.25
1981 1997 1.0 0.25
1982 1983 1.0 0.25
1982 1998 1.0 0.25
1983 1968 1.0 0.25
1983 1999 1.0 0.25
1984 1985 1.0 0.25
1984 2000 1.0 0.25
1985 1986 1.0 0.25
1985 2001 1.0 0.25
1986 1987 1.0 0.25
1986 2002 1.0 0.25
1987 1988 1.0 0.25
1987 2003 1.0 0.25
1988 1989 1.0 0.25
1988 2004 1.0 0.25
1989 1990 1.0 0.25
1989 2005 1.0 0.25
1990 1991 1.0 0.25
1990 2006 1.0 0.25
1991 1992 1.0 0.25
1991 2007 1.0 0.25
1992 1993 1.0 0.25
1992 2008 1.0 0.25
1993 1994 1.0 0.25
1993 2009 1.0 0.25
1994 1995 1.0 0.25
1994 2010 1.0 0.25
1995 1996 1.0 0.25
1995 2011 1.0 0.25
1996 1997 1.0 0.25
1996 2012 1.0 0.25
1997 1998 1.0 0.25
1997 2013 1.0 0.25
1998 1999 1.0 0.25
1998 2014 1.0 0.25
1999 1984 1.0 0.25
1999 2015 1.0 0.25
2000 2001 1.0 0.25
2000 2016 1.0 0.25
2001 2002 1.0 0.25
2001 2017 1.0 0.25
2002 2003 1.0 0.25
2002 2018 1.0 0.25
2003 2004 1.0 0.25
2003 2019 1.0 0.25
2004 2005 1.0 0.25
2004 2020 1.0 0.25
2005 2006 1.0 0.25
2005 2021 1.0 0.25
2006 2007 1.0 0.25
2006 2022 1.0 0.25
2007 2008 1.0 0.25
2007 2023 1.0 0.25
2008 2009 1.0 0.25
2008 2024 1.0 0.25
2009 2010 1.0 0.25
2009 2025 1.0 0.25
2010 2011 1.0 0.25
2010 2026 1.0 0.25
2011 2012 1.0 0.25
2011 2027 1.0 0.25
2012 2013 1.0 0.25
2012 2028 1.0 0.25
2013 2014 1.0 0.25
2013 2029 1.0 0.25
2014 2015 1.0 0.25
2014 2030 1.0 0.25
2015 2000 1.0 0.25
2015 2031 1.0 0.25
2016 2017 1.0 0.25
2016 2032 1.0 0.25
2017 2018 1.0 0.25
2017 2033 1.0 0.25
2018 2019 1.0 0.25
2018 2034 1.0 0.25
2019 2020 1.0 0.25
2019 2035 1.0 0.25
2020 2021 1.0 0.25
2020 2036 1.0 0.25
2021 2022 1.0 0.25
2021 2037 1.0 0.25
2022 2023 1.0 0.25
2022 2038 1.0 0.25
2023 2024 1.0 0.25
2023 2039 1.0 0.25
2024 2025 1.0 0.25
2024 2040 1.0 0.25
2025 2026 1.0 0.25
2025 2041 1.0 0.25
2026 2027 1.0 0.25
2026 2042 1.0 0.25
2027 2028 1.0 0.25
2027 2043 1.0 0.25
2028 2029 1.0 0.25
2028 2044 1.0 0.25
2029 2030 1.0 0.25
2029 2045 1.0 0.25
2030 2031 1.0 0.25
2030 2046 1.0 0.25
2031 2016 1.0 0.25
2031 2047 1.0 0.25
2032 2033 1.0 0.25
2032 1792 1.0 0.25
2033 2034 1.0 0.25
2033 1793 1.0 0.25
2034 2035 1.0 0.25
2034 1794 1.0 0.25
2035 2036 1.0 0.25
2035 1795 1.0 0.25
2036 2037 1.0 0.25
2036 1796 1.0 0.25
2037 2038 1.0 0.25
2037 1797 1.0 0.25
2038 2039 1.0 0.25
2038 1798 1.0 0.25
2039 2040 1.0 0.25
2039 1799 1.0 0.25
2040 2041 1.0 0.25
2040 1800 1.0 0.25
2041 2042 1.0 0.25
2041 1801 1.0 0.25
2042 2043 1.0 0.25
2042 1802 1.0 0.25
2043 2044 1.0 0.25
2043 1803 1.0 0.25
2044 2045 1.0 0.25
2044 1804 1.0 0.25
2045 2046 1.0 0.25
2045 1805 1.0 0.25
2046 2047 1.0 0.25
2046 1806 1.0 0.25
2047 2032 1.0 0.25
2047 1807 1.0 0.25
