{'index': 0, 'family': 0, 'gp_error': 3.2421634266199552e-09, 'uncertainty': 8.854350425920486e-07, 'cost': 104, 'fits': [], 'cpu': 0.00847666}
{'index': 1, 'family': 1, 'gp_error': 2.705902673441618e-06, 'uncertainty': 2.9203526360582058e-05, 'cost': 104, 'fits': [{'seed': 0, 'fit': 0.0012409158220319002, 'error': 1.1614946994635542e-07, 'difference': -2.5897532034952626e-06, 'iterations': 48}], 'cpu': 0.26471238}
{'index': 2, 'family': 2, 'gp_error': -0.0001129023238529703, 'uncertainty': 0.0003486174014865537, 'cost': 104, 'fits': [{'seed': 0, 'fit': 0.8255561445706054, 'error': -0.001805762450091767, 'difference': -0.0016928601262387968, 'iterations': 300}, {'seed': 1, 'fit': 0.994154661513172, 'error': -0.0007066441003299269, 'difference': -0.0005937417764769566, 'iterations': 300}, {'seed': 2, 'fit': 1.1683119479533481, 'error': 0.00016325947600315753, 'difference': 0.00027616179985612787, 'iterations': 95}, {'seed': 3, 'fit': 0.813268093144264, 'error': 0.00012411445151035817, 'difference': 0.00023701677536332847, 'iterations': 300}], 'cpu': 5.338243258}
{'index': 3, 'family': 3, 'gp_error': 2.328456133460247e-07, 'uncertainty': 3.5022683587039904e-05, 'cost': 104, 'fits': [], 'cpu': 0.004027399999999999}
{'index': 4, 'family': 4, 'gp_error': 3.433862687529654e-07, 'uncertainty': 1.7708533164943212e-05, 'cost': 104, 'fits': [], 'cpu': 0.0086089}
{'index': 5, 'family': 5, 'gp_error': -2.6487352731974223e-06, 'uncertainty': 2.818561364164823e-05, 'cost': 104, 'fits': [{'seed': 0, 'fit': 0.13264629015101378, 'error': 2.9575647199356503e-05, 'difference': 3.222438247255392e-05, 'iterations': 300}, {'seed': 1, 'fit': 0.18940911221900064, 'error': 4.7689868069931955e-06, 'difference': 7.417722080190618e-06, 'iterations': 127}, {'seed': 2, 'fit': 0.013241184811735262, 'error': 2.2166614925850922e-07, 'difference': 2.8704014224559315e-06, 'iterations': 105}], 'cpu': 2.862240149}
{'index': 6, 'family': 0, 'gp_error': 1.411979508203487e-06, 'uncertainty': 2.51419129133908e-05, 'cost': 104, 'fits': [], 'cpu': 0.004499110000000001}
{'index': 7, 'family': 1, 'gp_error': 8.722096793367662e-06, 'uncertainty': 0.0002636826093276172, 'cost': 104, 'fits': [{'seed': 0, 'fit': 0.004523851423569585, 'error': -1.619955202898887e-07, 'difference': -8.88409231365755e-06, 'iterations': 208}], 'cpu': 1.1059294}
{'index': 8, 'family': 2, 'gp_error': -9.429995316764812e-06, 'uncertainty': 7.956679976841045e-05, 'cost': 104, 'fits': [{'seed': 0, 'fit': 0.01762180752275981, 'error': 7.224691985196477e-07, 'difference': 1.015246451528446e-05, 'iterations': 80}], 'cpu': 0.43458909}
{'index': 9, 'family': 3, 'gp_error': 2.7856731215081254e-06, 'uncertainty': 1.307220811375658e-05, 'cost': 104, 'fits': [], 'cpu': 0.0032197499999999657}
{'index': 10, 'family': 4, 'gp_error': 2.523995870085116e-07, 'uncertainty': 6.5718248036323065e-06, 'cost': 104, 'fits': [], 'cpu': 0.0026824399999999526}
{'index': 11, 'family': 5, 'gp_error': 4.965836660923706e-06, 'uncertainty': 2.140517026806527e-05, 'cost': 104, 'fits': [{'seed': 0, 'fit': 0.03641276628987, 'error': -6.037433995932216e-06, 'difference': -1.1003270656855922e-05, 'iterations': 231}], 'cpu': 1.220386169}
{'index': 12, 'family': 0, 'gp_error': 7.418273340054082e-08, 'uncertainty': 2.2608148958350033e-06, 'cost': 104, 'fits': [], 'cpu': 0.004124190000000194}
{'index': 13, 'family': 1, 'gp_error': 2.091129067738339e-06, 'uncertainty': 8.280479973862693e-06, 'cost': 104, 'fits': [{'seed': 0, 'fit': 0.002579514009592052, 'error': 1.4181023244906968e-08, 'difference': -2.076948044493432e-06, 'iterations': 54}], 'cpu': 0.3666529300000001}
{'index': 14, 'family': 2, 'gp_error': -1.1331631150633685e-05, 'uncertainty': 4.8909318390801485e-05, 'cost': 104, 'fits': [{'seed': 0, 'fit': 0.13924119520842443, 'error': -5.3747060297641916e-06, 'difference': 5.956925120869493e-06, 'iterations': 76}, {'seed': 1, 'fit': 0.16627418442155167, 'error': -1.6923503865536805e-05, 'difference': -5.591872714903121e-06, 'iterations': 300}, {'seed': 2, 'fit': 0.023950066101968127, 'error': 7.019304455745799e-07, 'difference': 1.2033561596208265e-05, 'iterations': 167}], 'cpu': 2.8947987789999994}
{'index': 15, 'family': 3, 'gp_error': 9.177075401822844e-07, 'uncertainty': 1.3236905002923967e-05, 'cost': 104, 'fits': [], 'cpu': 0.0032188099999999054}
{'index': 16, 'family': 4, 'gp_error': -4.371253814472453e-08, 'uncertainty': 1.645225953285565e-06, 'cost': 104, 'fits': [], 'cpu': 0.0034525899999999776}
{'index': 17, 'family': 5, 'gp_error': -3.267993651218104e-06, 'uncertainty': 1.6244184982777284e-05, 'cost': 104, 'fits': [{'seed': 0, 'fit': 0.03813016791259324, 'error': -3.0883558123055067e-06, 'difference': 1.796378389125973e-07, 'iterations': 52}], 'cpu': 0.30965940000000014}
{'index': 18, 'family': 0, 'gp_error': 1.0015331933788136e-06, 'uncertainty': 1.90010254913675e-05, 'cost': 104, 'fits': [], 'cpu': 0.0025636199999996556}
{'index': 19, 'family': 1, 'gp_error': 6.395401684483604e-07, 'uncertainty': 3.9347829963632684e-06, 'cost': 104, 'fits': [{'seed': 0, 'fit': 0.0024815269713666295, 'error': -7.3116857982107e-08, 'difference': -7.126570264304674e-07, 'iterations': 25}], 'cpu': 0.17514476000000023}
{'index': 20, 'family': 2, 'gp_error': -4.170767489325433e-05, 'uncertainty': 0.00013352022676057007, 'cost': 104, 'fits': [{'seed': 0, 'fit': 0.19413705179886798, 'error': -5.047616457362722e-05, 'difference': -8.768489680372885e-06, 'iterations': 300}, {'seed': 1, 'fit': 0.7195369860875931, 'error': -8.847486894426342e-05, 'difference': -4.676719405100909e-05, 'iterations': 300}, {'seed': 2, 'fit': 0.7172668985189804, 'error': 5.496881519661829e-05, 'difference': 9.667649008987262e-05, 'iterations': 214}, {'seed': 3, 'fit': 0.5675192635329647, 'error': -7.75738390422038e-05, 'difference': -3.5866164148949464e-05, 'iterations': 300}], 'cpu': 5.703064568}
{'index': 21, 'family': 3, 'gp_error': 2.3166178693134754e-06, 'uncertainty': 1.99261253475527e-05, 'cost': 104, 'fits': [], 'cpu': 0.004160719999999785}
{'index': 22, 'family': 4, 'gp_error': 5.063936414639869e-08, 'uncertainty': 1.297598185564417e-05, 'cost': 104, 'fits': [], 'cpu': 0.0029089999999998284}
{'index': 23, 'family': 5, 'gp_error': -2.279574146785146e-05, 'uncertainty': 0.00019412923683899863, 'cost': 104, 'fits': [{'seed': 0, 'fit': 0.026220934749337933, 'error': 1.2090794044487363e-06, 'difference': 2.4004820872300197e-05, 'iterations': 43}], 'cpu': 0.3115584400000002}
{'index': 24, 'family': 0, 'gp_error': -2.176546165522071e-09, 'uncertainty': 8.951535908598903e-07, 'cost': 104, 'fits': [], 'cpu': 0.0020839499999998345}
{'index': 25, 'family': 1, 'gp_error': 4.575968139408637e-07, 'uncertainty': 1.609526254041055e-06, 'cost': 104, 'fits': [{'seed': 0, 'fit': 0.003697203671489038, 'error': -4.1903343056327084e-08, 'difference': -4.995001569971908e-07, 'iterations': 31}], 'cpu': 0.18561549999999993}
{'index': 26, 'family': 2, 'gp_error': -7.243640944620822e-06, 'uncertainty': 0.0001851259642091186, 'cost': 104, 'fits': [{'seed': 0, 'fit': 0.7456795511295812, 'error': -0.00011015923236975419, 'difference': -0.00010291559142513337, 'iterations': 300}, {'seed': 1, 'fit': 0.33076869588847196, 'error': 0.00019572762495501144, 'difference': 0.00020297126589963226, 'iterations': 300}, {'seed': 2, 'fit': 0.9972342859869472, 'error': -3.173379527057177e-05, 'difference': -2.449015432595095e-05, 'iterations': 300}, {'seed': 3, 'fit': 0.5670645917579812, 'error': 0.0016609131385632513, 'difference': 0.0016681567795078722, 'iterations': 289}], 'cpu': 5.773218717999999}
{'index': 27, 'family': 3, 'gp_error': 1.7203074530458585e-06, 'uncertainty': 1.540679758445323e-05, 'cost': 104, 'fits': [], 'cpu': 0.004007459999999519}
{'index': 28, 'family': 4, 'gp_error': 4.542110411454024e-06, 'uncertainty': 6.564186658670573e-05, 'cost': 104, 'fits': [], 'cpu': 0.0029702600000005575}
{'index': 29, 'family': 5, 'gp_error': -7.467016188700694e-08, 'uncertainty': 3.78847711024346e-05, 'cost': 104, 'fits': [{'seed': 0, 'fit': 0.0539416427127007, 'error': -1.8381755399786247e-06, 'difference': -1.7635053780916178e-06, 'iterations': 236}], 'cpu': 1.259783499}
{'index': 30, 'family': 0, 'gp_error': -2.1244976000645434e-08, 'uncertainty': 8.395101716258988e-06, 'cost': 104, 'fits': [], 'cpu': 0.0033551800000006793}
{'index': 31, 'family': 1, 'gp_error': 4.235399488792743e-07, 'uncertainty': 1.619189799138764e-06, 'cost': 104, 'fits': [{'seed': 0, 'fit': 0.0023029244218385676, 'error': 6.543745306119835e-09, 'difference': -4.1699620357315446e-07, 'iterations': 300}], 'cpu': 1.4694242099999997}
{'index': 32, 'family': 2, 'gp_error': -1.5957103182695498e-06, 'uncertainty': 2.050131505694134e-05, 'cost': 104, 'fits': [{'seed': 0, 'fit': 0.020869603799617498, 'error': -2.425190055616523e-07, 'difference': 1.3531913127078975e-06, 'iterations': 98}], 'cpu': 0.6713909899999999}
{'index': 33, 'family': 3, 'gp_error': -2.6678027706950047e-06, 'uncertainty': 1.988601102765121e-05, 'cost': 104, 'fits': [], 'cpu': 0.004262640000000317}
{'index': 34, 'family': 4, 'gp_error': -1.5404974595956235e-06, 'uncertainty': 4.215059577533367e-05, 'cost': 104, 'fits': [], 'cpu': 0.003935549999999566}
{'index': 35, 'family': 5, 'gp_error': 3.7470384695037495e-05, 'uncertainty': 0.00015441051181508235, 'cost': 104, 'fits': [{'seed': 0, 'fit': 0.7066947676425932, 'error': 7.879430373008056e-05, 'difference': 4.1323919035043065e-05, 'iterations': 300}, {'seed': 1, 'fit': 0.612900383854456, 'error': 0.00023030005551118892, 'difference': 0.00019282967081615143, 'iterations': 149}, {'seed': 2, 'fit': 0.7683760774985778, 'error': 0.00048573478974316895, 'difference': 0.00044826440504813146, 'iterations': 300}, {'seed': 3, 'fit': 0.5256129885350936, 'error': 0.00014301659622620655, 'difference': 0.00010554621153116905, 'iterations': 300}], 'cpu': 5.510381047999999}
{'index': 36, 'family': 0, 'gp_error': 1.6123137636103794e-06, 'uncertainty': 3.903845862379313e-05, 'cost': 104, 'fits': [], 'cpu': 0.002628050000000215}
{'index': 37, 'family': 1, 'gp_error': 1.1489743522059837e-06, 'uncertainty': 1.948615206974511e-05, 'cost': 104, 'fits': [{'seed': 0, 'fit': 0.0024417719197202875, 'error': -1.0545649060067386e-08, 'difference': -1.159520001266051e-06, 'iterations': 74}], 'cpu': 0.4366027790000002}
{'index': 38, 'family': 2, 'gp_error': -5.80043806176489e-05, 'uncertainty': 0.00025275091261033175, 'cost': 104, 'fits': [{'seed': 0, 'fit': 0.28852589738156037, 'error': -3.63998464154237e-06, 'difference': 5.436439597610653e-05, 'iterations': 169}, {'seed': 1, 'fit': 1.6339835151740048, 'error': 0.0003950645542108826, 'difference': 0.00045306893482853147, 'iterations': 300}, {'seed': 2, 'fit': 0.10614168432344466, 'error': 7.611263684917602e-06, 'difference': 6.56156443025665e-05, 'iterations': 300}, {'seed': 3, 'fit': 0.02366893422605035, 'error': -3.4756553440736345e-06, 'difference': 5.4528725273575264e-05, 'iterations': 191}], 'cpu': 4.513790249}
{'index': 39, 'family': 3, 'gp_error': 4.3244360214966804e-07, 'uncertainty': 1.4415318098876543e-05, 'cost': 104, 'fits': [], 'cpu': 0.0029613800000003465}
{'index': 40, 'family': 4, 'gp_error': 9.515301694351663e-07, 'uncertainty': 6.042623166274565e-05, 'cost': 104, 'fits': [], 'cpu': 0.002516420000000963}
{'index': 41, 'family': 5, 'gp_error': -2.2080721011341588e-07, 'uncertainty': 6.211512598430894e-06, 'cost': 104, 'fits': [{'seed': 0, 'fit': 0.005815695782146024, 'error': -1.1567023779457338e-08, 'difference': 2.0924018633395854e-07, 'iterations': 52}], 'cpu': 0.33148203999999915}
{'index': 42, 'family': 0, 'gp_error': -4.8477596381601455e-09, 'uncertainty': 1.5621325691701822e-06, 'cost': 104, 'fits': [], 'cpu': 0.0031612100000000254}
{'index': 43, 'family': 1, 'gp_error': 2.313883941654887e-06, 'uncertainty': 1.630348038046378e-05, 'cost': 104, 'fits': [{'seed': 0, 'fit': 0.007542973229417583, 'error': -2.0513511427822836e-07, 'difference': -2.5190190559331153e-06, 'iterations': 233}], 'cpu': 1.1115101589999998}
{'index': 44, 'family': 2, 'gp_error': 5.589245843720669e-07, 'uncertainty': 7.439436594109563e-06, 'cost': 104, 'fits': [{'seed': 0, 'fit': 0.04909609374537509, 'error': 9.074821260190369e-07, 'difference': 3.4855754164697e-07, 'iterations': 168}], 'cpu': 0.8878633590000007}
{'index': 45, 'family': 3, 'gp_error': 2.9995445167685375e-06, 'uncertainty': 1.2491607754648436e-05, 'cost': 104, 'fits': [], 'cpu': 0.003543379999999985}
{'index': 46, 'family': 4, 'gp_error': -3.1664446620283115e-09, 'uncertainty': 7.585126369077608e-07, 'cost': 104, 'fits': [], 'cpu': 0.003665969999998353}
{'index': 47, 'family': 5, 'gp_error': 2.8794152213684754e-06, 'uncertainty': 0.00010159391461477906, 'cost': 104, 'fits': [{'seed': 0, 'fit': 0.19047725098982177, 'error': -6.3161930083918466e-06, 'difference': -9.195608229760322e-06, 'iterations': 280}, {'seed': 1, 'fit': 0.04144051786217262, 'error': -3.478473654735262e-07, 'difference': -3.2272625868420016e-06, 'iterations': 99}], 'cpu': 1.8402421999999987}
{'index': 48, 'family': 0, 'gp_error': -2.566536728698665e-07, 'uncertainty': 3.8881072403948775e-06, 'cost': 104, 'fits': [], 'cpu': 0.002034159999999119}
{'index': 49, 'family': 1, 'gp_error': 3.095784916334887e-06, 'uncertainty': 1.3016304039921827e-05, 'cost': 104, 'fits': [{'seed': 0, 'fit': 0.005804470951377533, 'error': -3.942166042669052e-08, 'difference': -3.1352065767615777e-06, 'iterations': 300}], 'cpu': 1.4010458999999997}
{'index': 50, 'family': 2, 'gp_error': 0.00017161058401993223, 'uncertainty': 0.00047800071182955777, 'cost': 104, 'fits': [{'seed': 0, 'fit': 0.05681811847165714, 'error': -5.028218004465303e-07, 'difference': -0.00017211340582037876, 'iterations': 115}], 'cpu': 0.5641904099999984}
{'index': 51, 'family': 3, 'gp_error': -8.069957278311585e-06, 'uncertainty': 5.230580757558243e-05, 'cost': 104, 'fits': [], 'cpu': 0.003339500000000939}
{'index': 52, 'family': 4, 'gp_error': 2.0297600064278498e-05, 'uncertainty': 8.714584874061214e-05, 'cost': 104, 'fits': [], 'cpu': 0.003654979999998531}
{'index': 53, 'family': 5, 'gp_error': 1.5970909772455855e-07, 'uncertainty': 6.457834450091672e-06, 'cost': 104, 'fits': [{'seed': 0, 'fit': 0.0069956088139311035, 'error': 1.2881536581755205e-08, 'difference': -1.4682756114280334e-07, 'iterations': 62}], 'cpu': 0.41017004899999954}
{'index': 54, 'family': 0, 'gp_error': -5.7143113130209356e-08, 'uncertainty': 4.554870034274753e-06, 'cost': 104, 'fits': [], 'cpu': 0.002767309999999412}
{'index': 55, 'family': 1, 'gp_error': 6.838508988249448e-06, 'uncertainty': 6.117033207446784e-05, 'cost': 104, 'fits': [{'seed': 0, 'fit': 0.0022223770198646583, 'error': 6.371898325294167e-08, 'difference': -6.774790004996506e-06, 'iterations': 224}], 'cpu': 1.1169682689999991}
{'index': 56, 'family': 2, 'gp_error': -0.00017885142003566733, 'uncertainty': 0.0005667288316097332, 'cost': 104, 'fits': [{'seed': 0, 'fit': 0.10774741544858032, 'error': 5.694397691754409e-06, 'difference': 0.00018454581772742173, 'iterations': 204}, {'seed': 1, 'fit': 1.3729549466702995, 'error': 0.001021391121009054, 'difference': 0.0012002425410447214, 'iterations': 300}, {'seed': 2, 'fit': 0.9608194301668761, 'error': -0.00011231314236335147, 'difference': 6.653827767231585e-05, 'iterations': 172}, {'seed': 3, 'fit': 0.6859122326940443, 'error': 0.00024929836474796996, 'difference': 0.0004281497847836373, 'iterations': 300}], 'cpu': 4.852512849000002}
{'index': 57, 'family': 3, 'gp_error': -8.07789947820936e-07, 'uncertainty': 1.1627126348371517e-05, 'cost': 104, 'fits': [], 'cpu': 0.002640989999999732}
{'index': 58, 'family': 4, 'gp_error': -5.166476363394068e-08, 'uncertainty': 8.563327067352894e-06, 'cost': 104, 'fits': [], 'cpu': 0.003027050000000031}
{'index': 59, 'family': 5, 'gp_error': 2.3667549569061914e-06, 'uncertainty': 2.5322268926954882e-05, 'cost': 104, 'fits': [{'seed': 0, 'fit': 0.01448119588989177, 'error': 1.0801794746592662e-07, 'difference': -2.258737009440265e-06, 'iterations': 46}], 'cpu': 0.2874293699999999}
{'index': 60, 'family': 0, 'gp_error': -3.586687180590086e-08, 'uncertainty': 6.693495690362423e-06, 'cost': 104, 'fits': [], 'cpu': 0.004427769999999498}
{'index': 61, 'family': 1, 'gp_error': -6.867358837397974e-06, 'uncertainty': 0.00019776326267512083, 'cost': 104, 'fits': [{'seed': 0, 'fit': 0.0072226879121242375, 'error': -1.452440075156423e-07, 'difference': 6.722114829882332e-06, 'iterations': 300}], 'cpu': 1.6004545200000013}
{'index': 62, 'family': 2, 'gp_error': -0.00014630976562690634, 'uncertainty': 0.0005856957858463701, 'cost': 104, 'fits': [{'seed': 0, 'fit': 1.2214620559863263, 'error': 0.0003080197813076333, 'difference': 0.00045432954693453966, 'iterations': 135}, {'seed': 1, 'fit': 1.1344361041652509, 'error': 0.001982113543452654, 'difference': 0.0021284233090795605, 'iterations': 296}, {'seed': 2, 'fit': 3.2487458754705933, 'error': 0.0004013451203411213, 'difference': 0.0005476548859680276, 'iterations': 300}, {'seed': 3, 'fit': 4.369411748971777, 'error': -0.001362280384587604, 'difference': -0.0012159706189606976, 'iterations': 300}], 'cpu': 5.243394808}
{'index': 63, 'family': 3, 'gp_error': 1.3158644129873664e-06, 'uncertainty': 1.7637808249053386e-05, 'cost': 104, 'fits': [], 'cpu': 0.002862089999998929}
{'index': 64, 'family': 4, 'gp_error': -3.0631971537076186e-07, 'uncertainty': 3.6886056799276414e-06, 'cost': 104, 'fits': [], 'cpu': 0.0029973099999995867}
{'index': 65, 'family': 5, 'gp_error': -4.0040088120085754e-07, 'uncertainty': 2.836364434948911e-06, 'cost': 104, 'fits': [{'seed': 0, 'fit': 0.006781400176779496, 'error': 1.711309723404281e-08, 'difference': 4.1751397843490035e-07, 'iterations': 45}], 'cpu': 0.2873349600000008}
{'index': 66, 'family': 0, 'gp_error': -5.192605101456159e-08, 'uncertainty': 6.599979101831186e-06, 'cost': 104, 'fits': [], 'cpu': 0.0031490700000009753}
{'index': 67, 'family': 1, 'gp_error': 1.7876563151220104e-05, 'uncertainty': 0.00020378315909854865, 'cost': 104, 'fits': [{'seed': 0, 'fit': 0.01584204681597783, 'error': -4.159713264060416e-08, 'difference': -1.7918160283860708e-05, 'iterations': 98}], 'cpu': 0.5110846999999996}
{'index': 68, 'family': 2, 'gp_error': 1.0322714780949815e-06, 'uncertainty': 7.941987583655568e-06, 'cost': 104, 'fits': [{'seed': 0, 'fit': 0.05928264370727152, 'error': 5.410073689705404e-07, 'difference': -4.912641091244411e-07, 'iterations': 300}], 'cpu': 1.5944691289999984}
{'index': 69, 'family': 3, 'gp_error': -3.0682189255948344e-07, 'uncertainty': 2.5138110546539847e-05, 'cost': 104, 'fits': [], 'cpu': 0.0029535000000002753}
{'index': 70, 'family': 4, 'gp_error': 2.7923360127468646e-06, 'uncertainty': 2.549407237573344e-05, 'cost': 104, 'fits': [], 'cpu': 0.00255837000000092}
{'index': 71, 'family': 5, 'gp_error': 2.827271093053252e-05, 'uncertainty': 0.00014816403393174722, 'cost': 104, 'fits': [{'seed': 0, 'fit': 0.23754977896610133, 'error': 7.994495964461917e-05, 'difference': 5.1672248714086655e-05, 'iterations': 300}, {'seed': 1, 'fit': 0.5628421738337603, 'error': -0.0012744171430976638, 'difference': -0.0013026898540281964, 'iterations': 300}, {'seed': 2, 'fit': 0.11397029531759797, 'error': 3.476641558439944e-06, 'difference': -2.4796069372092575e-05, 'iterations': 73}, {'seed': 3, 'fit': 1.6210944204697904, 'error': -3.465055629853682e-05, 'difference': -6.292326722906934e-05, 'iterations': 76}], 'cpu': 3.665731408000001}
{'index': 72, 'family': 0, 'gp_error': -1.166258500107098e-06, 'uncertainty': 1.646064765169876e-05, 'cost': 104, 'fits': [], 'cpu': 0.0052250199999992475}
{'index': 73, 'family': 1, 'gp_error': 1.3760837978826768e-07, 'uncertainty': 7.131058893544107e-06, 'cost': 104, 'fits': [{'seed': 0, 'fit': 0.035261458727721844, 'error': 4.7056962722059727e-07, 'difference': 3.329612474323296e-07, 'iterations': 300}], 'cpu': 1.7226061099999992}
{'index': 74, 'family': 2, 'gp_error': 2.755751220584468e-05, 'uncertainty': 0.00012676904501782667, 'cost': 104, 'fits': [{'seed': 0, 'fit': 0.03943878256837869, 'error': 5.253609889403929e-06, 'difference': -2.2303902316440752e-05, 'iterations': 74}], 'cpu': 0.44482022000000043}
{'index': 75, 'family': 3, 'gp_error': -3.581159281007578e-06, 'uncertainty': 6.906645810130695e-05, 'cost': 104, 'fits': [], 'cpu': 0.003314809999999113}
{'index': 76, 'family': 4, 'gp_error': -4.3054241305462426e-07, 'uncertainty': 2.0415022358027817e-05, 'cost': 104, 'fits': [], 'cpu': 0.002366429999998587}
{'index': 77, 'family': 5, 'gp_error': -1.3190058488543599e-05, 'uncertainty': 0.00018417466648826044, 'cost': 104, 'fits': [{'seed': 0, 'fit': 0.19062652909417738, 'error': -3.0119131860302558e-05, 'difference': -1.692907337175896e-05, 'iterations': 88}, {'seed': 1, 'fit': 2.114474546202156, 'error': 0.00010447062017166392, 'difference': 0.00011766067866020752, 'iterations': 155}, {'seed': 2, 'fit': 1.093057489612083, 'error': 0.0002518400296316295, 'difference': 0.0002650300881201731, 'iterations': 300}, {'seed': 3, 'fit': 0.8270748790556587, 'error': 0.0005564229517800006, 'difference': 0.0005696130102685442, 'iterations': 300}], 'cpu': 4.512869508000001}
{'index': 78, 'family': 0, 'gp_error': -5.380918344233265e-08, 'uncertainty': 1.373782206772827e-06, 'cost': 104, 'fits': [], 'cpu': 0.003629049999997136}
{'index': 79, 'family': 1, 'gp_error': -1.2787530599966956e-06, 'uncertainty': 0.000579499652656802, 'cost': 104, 'fits': [{'seed': 0, 'fit': 0.06136099541474897, 'error': 7.559210099215299e-05, 'difference': 7.687085405214968e-05, 'iterations': 225}], 'cpu': 1.2408878690000016}
{'index': 80, 'family': 2, 'gp_error': 1.237377297469422e-05, 'uncertainty': 0.0001717991856422897, 'cost': 104, 'fits': [{'seed': 0, 'fit': 0.02462505613448957, 'error': -3.3958104800131846e-06, 'difference': -1.5769583454707404e-05, 'iterations': 108}], 'cpu': 0.5040823899999971}
{'index': 81, 'family': 3, 'gp_error': 5.62533482728611e-06, 'uncertainty': 3.851305759485583e-05, 'cost': 104, 'fits': [], 'cpu': 0.002785989999999572}
{'index': 82, 'family': 4, 'gp_error': -3.5818975987478296e-06, 'uncertainty': 3.9380381678312524e-05, 'cost': 104, 'fits': [], 'cpu': 0.0025108699999982775}
{'index': 83, 'family': 5, 'gp_error': -1.4032162428956343e-05, 'uncertainty': 0.00019703898986984773, 'cost': 104, 'fits': [{'seed': 0, 'fit': 0.17293965053091034, 'error': 1.8522271003175775e-07, 'difference': 1.4217385138988101e-05, 'iterations': 179}, {'seed': 1, 'fit': 0.38562224245873866, 'error': 0.0005771585893375126, 'difference': 0.000591190751766469, 'iterations': 214}, {'seed': 2, 'fit': 0.12790129220368696, 'error': 4.952751815974767e-06, 'difference': 1.898491424493111e-05, 'iterations': 147}, {'seed': 3, 'fit': 0.019382554932210704, 'error': 1.3539988485791098e-06, 'difference': 1.5386161277535453e-05, 'iterations': 24}], 'cpu': 2.8405540790000003}
{'index': 84, 'family': 0, 'gp_error': 2.7380194589365914e-07, 'uncertainty': 1.0411382718796771e-05, 'cost': 104, 'fits': [], 'cpu': 0.0027617299999995737}
{'index': 85, 'family': 1, 'gp_error': 3.909051213168979e-06, 'uncertainty': 4.76850781821869e-05, 'cost': 104, 'fits': [{'seed': 0, 'fit': 0.09781025671479458, 'error': -2.861079241774721e-07, 'difference': -4.195159137346451e-06, 'iterations': 300}, {'seed': 1, 'fit': 0.006968198288950442, 'error': -7.699733024811513e-08, 'difference': -3.986048543417094e-06, 'iterations': 300}], 'cpu': 3.2987142489999997}
{'index': 86, 'family': 2, 'gp_error': 0.0002061430482486193, 'uncertainty': 0.0006280390518324318, 'cost': 104, 'fits': [{'seed': 0, 'fit': 0.5573614431646386, 'error': 0.0008199114131264441, 'difference': 0.0006137683648778248, 'iterations': 300}, {'seed': 1, 'fit': 6.520158337680187, 'error': 0.0005143167761649128, 'difference': 0.00030817372791629356, 'iterations': 300}, {'seed': 2, 'fit': 5.4596556938922856, 'error': 0.008183211790694235, 'difference': 0.007977068742445616, 'iterations': 300}, {'seed': 3, 'fit': 1.823672285668866, 'error': 0.0015347380333665763, 'difference': 0.001328594985117957, 'iterations': 150}], 'cpu': 5.700053387999997}
{'index': 87, 'family': 3, 'gp_error': -4.841834748248175e-06, 'uncertainty': 2.89080087876896e-05, 'cost': 104, 'fits': [], 'cpu': 0.0025119299999971645}
{'index': 88, 'family': 4, 'gp_error': -6.768589200234477e-08, 'uncertainty': 6.143777501999509e-06, 'cost': 104, 'fits': [], 'cpu': 0.0028843399999978203}
{'index': 89, 'family': 5, 'gp_error': -3.895012832960676e-07, 'uncertainty': 2.8370441226032796e-06, 'cost': 104, 'fits': [{'seed': 0, 'fit': 0.02322748166133393, 'error': 3.262546036624428e-08, 'difference': 4.2212674366231187e-07, 'iterations': 300}], 'cpu': 1.5312728}
{'index': 90, 'family': 0, 'gp_error': 3.657011427016233e-08, 'uncertainty': 1.795640476697518e-06, 'cost': 104, 'fits': [], 'cpu': 0.003939049999999611}
{'index': 91, 'family': 1, 'gp_error': 1.814414617988539e-06, 'uncertainty': 2.402629855768054e-05, 'cost': 104, 'fits': [{'seed': 0, 'fit': 0.004704914398416402, 'error': -4.702455019346068e-08, 'difference': -1.8614391681819997e-06, 'iterations': 216}], 'cpu': 1.2041606890000018}
{'index': 92, 'family': 2, 'gp_error': -1.062276119268013e-05, 'uncertainty': 0.0001822626284053595, 'cost': 104, 'fits': [{'seed': 0, 'fit': 0.08428757717597257, 'error': -1.7076320825793202e-06, 'difference': 8.91512911010081e-06, 'iterations': 150}, {'seed': 1, 'fit': 0.7459138167976067, 'error': -5.6009604754387246e-05, 'difference': -4.5386843561707115e-05, 'iterations': 300}, {'seed': 2, 'fit': 0.21322291581224279, 'error': 2.3639273054187695e-05, 'difference': 3.4262034246867825e-05, 'iterations': 160}, {'seed': 3, 'fit': 0.25211500424724836, 'error': 1.4266998436626015e-05, 'difference': 2.4889759629306145e-05, 'iterations': 300}], 'cpu': 4.589896948}
{'index': 93, 'family': 3, 'gp_error': 7.070344735238265e-07, 'uncertainty': 1.1432009902274555e-05, 'cost': 104, 'fits': [], 'cpu': 0.004248709999998823}
{'index': 94, 'family': 4, 'gp_error': 3.1942340783519546e-07, 'uncertainty': 4.159021615619846e-06, 'cost': 104, 'fits': [], 'cpu': 0.003596379999997623}
{'index': 95, 'family': 5, 'gp_error': 1.6459624386011562e-05, 'uncertainty': 0.0002242984643409617, 'cost': 104, 'fits': [{'seed': 0, 'fit': 0.5827084428840867, 'error': 0.0004225592750389054, 'difference': 0.00040609965065289386, 'iterations': 300}, {'seed': 1, 'fit': 4.687108413802572, 'error': 0.0008220022349286488, 'difference': 0.0008055426105426372, 'iterations': 300}, {'seed': 2, 'fit': 1.045564816020732, 'error': -0.00015150000215956059, 'difference': -0.00016795962654557215, 'iterations': 260}, {'seed': 3, 'fit': 1.1634318179117473, 'error': -0.0022722214519283047, 'difference': -0.0022886810763143163, 'iterations': 179}], 'cpu': 5.388416347}
{'index': 96, 'family': 0, 'gp_error': -2.462552384230321e-11, 'uncertainty': 3.301609215219905e-06, 'cost': 104, 'fits': [], 'cpu': 0.004144709999998497}
{'index': 97, 'family': 1, 'gp_error': 1.7288076296501087e-06, 'uncertainty': 8.555545512608198e-06, 'cost': 104, 'fits': [{'seed': 0, 'fit': 0.00230153376596757, 'error': 2.749128919787135e-08, 'difference': -1.7013163404522374e-06, 'iterations': 25}], 'cpu': 0.16447724000000008}
{'index': 98, 'family': 2, 'gp_error': -1.8570688792240997e-05, 'uncertainty': 0.000157200894201443, 'cost': 104, 'fits': [{'seed': 0, 'fit': 0.03776383007111962, 'error': -7.036472942874078e-07, 'difference': 1.786704149795359e-05, 'iterations': 107}], 'cpu': 0.5457815299999993}
{'index': 99, 'family': 3, 'gp_error': 8.03540072480402e-07, 'uncertainty': 3.915164115395055e-05, 'cost': 104, 'fits': [], 'cpu': 0.002977030000000269}
{'index': 100, 'family': 4, 'gp_error': 3.484481103654957e-08, 'uncertainty': 2.3033162838628165e-06, 'cost': 104, 'fits': [], 'cpu': 0.0025315799999994226}
{'index': 101, 'family': 5, 'gp_error': -4.102997938959518e-06, 'uncertainty': 3.772244575268798e-05, 'cost': 104, 'fits': [{'seed': 0, 'fit': 0.109977357555746, 'error': -2.0151810559131957e-06, 'difference': 2.0878168830463226e-06, 'iterations': 300}, {'seed': 1, 'fit': 0.1866404335859101, 'error': -8.472330190245732e-06, 'difference': -4.369332251286213e-06, 'iterations': 300}, {'seed': 2, 'fit': 0.14934831779207894, 'error': 1.1730911249848356e-05, 'difference': 1.5833909188807875e-05, 'iterations': 300}, {'seed': 3, 'fit': 0.1760435943567916, 'error': -6.270538124017013e-06, 'difference': -2.1675401850574945e-06, 'iterations': 300}], 'cpu': 6.090440848}
{'index': 102, 'family': 0, 'gp_error': 2.8948924157834455e-07, 'uncertainty': 1.3149561694946445e-05, 'cost': 104, 'fits': [], 'cpu': 0.003442969999998269}
{'index': 103, 'family': 1, 'gp_error': -5.627840554911501e-06, 'uncertainty': 8.989465427744397e-05, 'cost': 104, 'fits': [{'seed': 0, 'fit': 0.007205015653980729, 'error': -8.403126234478525e-09, 'difference': 5.619437428677022e-06, 'iterations': 261}], 'cpu': 1.2252119189999995}
{'index': 104, 'family': 2, 'gp_error': -4.655290811728108e-06, 'uncertainty': 0.00034492266824424656, 'cost': 104, 'fits': [{'seed': 0, 'fit': 0.8654418805162692, 'error': -0.00030997536257627135, 'difference': -0.00030532007176454324, 'iterations': 182}, {'seed': 1, 'fit': 2.1060607285687096, 'error': 0.0012407085150056404, 'difference': 0.0012453638058173685, 'iterations': 162}, {'seed': 2, 'fit': 6.482247750380315, 'error': -0.001040663167831956, 'difference': -0.001036007877020228, 'iterations': 96}, {'seed': 3, 'fit': 4.557863261549075, 'error': 0.00022245329640764372, 'difference': 0.00022710858721937182, 'iterations': 119}], 'cpu': 2.8673864289999997}
{'index': 105, 'family': 3, 'gp_error': 1.4826602201534192e-06, 'uncertainty': 7.971627872106095e-06, 'cost': 104, 'fits': [], 'cpu': 0.002819120000001618}
{'index': 106, 'family': 4, 'gp_error': -3.267049442090553e-08, 'uncertainty': 2.0942241491693634e-06, 'cost': 104, 'fits': [], 'cpu': 0.0024753699999990886}
{'index': 107, 'family': 5, 'gp_error': -4.204719527431399e-06, 'uncertainty': 4.3089711745874796e-05, 'cost': 104, 'fits': [{'seed': 0, 'fit': 0.2281333096853842, 'error': 2.6936638286950974e-05, 'difference': 3.114135781438237e-05, 'iterations': 300}, {'seed': 1, 'fit': 0.19618221823924675, 'error': -3.0316275382030326e-06, 'difference': 1.1730919892283663e-06, 'iterations': 300}, {'seed': 2, 'fit': 0.19060271341330412, 'error': -2.7199715289235288e-05, 'difference': -2.2994995761803888e-05, 'iterations': 110}, {'seed': 3, 'fit': 0.4156753975954005, 'error': -1.6583776290280085e-05, 'difference': -1.2379056762848685e-05, 'iterations': 300}], 'cpu': 4.865408618}
{'index': 108, 'family': 0, 'gp_error': 1.9816129304128793e-07, 'uncertainty': 2.299816899432285e-05, 'cost': 104, 'fits': [], 'cpu': 0.0020992399999997247}
{'index': 109, 'family': 1, 'gp_error': 3.8239032277009866e-06, 'uncertainty': 6.688296228958847e-05, 'cost': 104, 'fits': [{'seed': 0, 'fit': 0.005483477357384205, 'error': -9.912043100287793e-08, 'difference': -3.9230236587038645e-06, 'iterations': 218}], 'cpu': 1.067065669999998}
{'index': 110, 'family': 2, 'gp_error': 7.744602510684206e-07, 'uncertainty': 8.988841324006076e-06, 'cost': 104, 'fits': [{'seed': 0, 'fit': 0.058256118368291226, 'error': 7.628292896779749e-07, 'difference': -1.1630961390445764e-08, 'iterations': 127}], 'cpu': 0.8449973499999999}
{'index': 111, 'family': 3, 'gp_error': 4.162920533290482e-06, 'uncertainty': 1.5487144280569387e-05, 'cost': 104, 'fits': [], 'cpu': 0.003107110000001967}
{'index': 112, 'family': 4, 'gp_error': -1.1507537819310798e-06, 'uncertainty': 1.702074276491035e-05, 'cost': 104, 'fits': [], 'cpu': 0.002095680000000044}
{'index': 113, 'family': 5, 'gp_error': -6.673540115798016e-07, 'uncertainty': 1.0173507784198292e-05, 'cost': 104, 'fits': [{'seed': 0, 'fit': 0.006500332930417601, 'error': -3.020046910308947e-08, 'difference': 6.371535424767121e-07, 'iterations': 52}], 'cpu': 0.2881813700000002}
{'index': 114, 'family': 0, 'gp_error': 2.7554252213235486e-08, 'uncertainty': 7.472742596449666e-07, 'cost': 104, 'fits': [], 'cpu': 0.002692769999999456}
{'index': 115, 'family': 1, 'gp_error': 7.920283216387641e-08, 'uncertainty': 2.1804781637582787e-07, 'cost': 104, 'fits': [{'seed': 0, 'fit': 0.0026270600581308843, 'error': 5.4106069403993655e-09, 'difference': -7.379222522347704e-08, 'iterations': 39}], 'cpu': 0.2592759799999982}
{'index': 116, 'family': 2, 'gp_error': 0.00017072797149941812, 'uncertainty': 0.00024562436967527423, 'cost': 104, 'fits': [{'seed': 0, 'fit': 1.8425906004749777, 'error': 0.00020449226063062845, 'difference': 3.376428913121033e-05, 'iterations': 83}, {'seed': 1, 'fit': 1.4071634054748927, 'error': 0.00017429737043532457, 'difference': 3.5693989359064507e-06, 'iterations': 300}, {'seed': 2, 'fit': 1.2282289533325856, 'error': 0.0005561391143993907, 'difference': 0.00038541114289997256, 'iterations': 300}, {'seed': 3, 'fit': 0.5943759987754723, 'error': 0.00013071215663970393, 'difference': -4.00158148597142e-05, 'iterations': 141}], 'cpu': 4.078971068000001}
{'index': 117, 'family': 3, 'gp_error': -4.709828413940185e-06, 'uncertainty': 1.6339419765661934e-05, 'cost': 104, 'fits': [], 'cpu': 0.003209339999997951}
{'index': 118, 'family': 4, 'gp_error': -2.3035775109647705e-07, 'uncertainty': 5.269806389172509e-06, 'cost': 104, 'fits': [], 'cpu': 0.003157509999997643}
{'index': 119, 'family': 5, 'gp_error': 7.51257278465145e-05, 'uncertainty': 0.00015769864056289638, 'cost': 104, 'fits': [{'seed': 0, 'fit': 0.0552223730338736, 'error': -4.846058106152926e-06, 'difference': -7.997178595266742e-05, 'iterations': 80}], 'cpu': 0.5065507189999998}
{'index': 120, 'family': 0, 'gp_error': -1.4139731696616309e-06, 'uncertainty': 5.776338277894682e-05, 'cost': 104, 'fits': [], 'cpu': 0.004185280000001512}
{'index': 121, 'family': 1, 'gp_error': 4.711016781816512e-06, 'uncertainty': 1.153640380405864e-05, 'cost': 104, 'fits': [{'seed': 0, 'fit': 0.00490843172478991, 'error': 2.524020943537164e-07, 'difference': -4.4586146874627955e-06, 'iterations': 183}], 'cpu': 1.0399166189999995}
{'index': 122, 'family': 2, 'gp_error': 6.3632380748954165e-06, 'uncertainty': 0.00014285792139532118, 'cost': 104, 'fits': [{'seed': 0, 'fit': 0.030771129278648928, 'error': 4.704149197912625e-06, 'difference': -1.6590888769827918e-06, 'iterations': 95}], 'cpu': 0.5628263799999971}
{'index': 123, 'family': 3, 'gp_error': -1.5935476739281606e-06, 'uncertainty': 8.589690380767947e-06, 'cost': 104, 'fits': [], 'cpu': 0.003260300000000882}
{'index': 124, 'family': 4, 'gp_error': 6.367097071358074e-06, 'uncertainty': 6.706608735422086e-05, 'cost': 104, 'fits': [], 'cpu': 0.0028174000000014132}
{'index': 125, 'family': 5, 'gp_error': 2.031708928318379e-07, 'uncertainty': 5.208385893958052e-05, 'cost': 104, 'fits': [{'seed': 0, 'fit': 0.027430336537105447, 'error': -3.734398909526594e-07, 'difference': -5.766107837844973e-07, 'iterations': 89}], 'cpu': 0.5571271400000022}
{'index': 126, 'family': 0, 'gp_error': -4.822682919680679e-07, 'uncertainty': 2.3221717298560864e-05, 'cost': 104, 'fits': [], 'cpu': 0.0032528300000009835}
{'index': 127, 'family': 1, 'gp_error': 2.132406023175327e-06, 'uncertainty': 1.004125492784155e-05, 'cost': 104, 'fits': [{'seed': 0, 'fit': 0.00501191103731044, 'error': -4.665329025601156e-08, 'difference': -2.1790593134313385e-06, 'iterations': 65}], 'cpu': 0.41955736000000243}
{'index': 128, 'family': 2, 'gp_error': -6.622773564002312e-06, 'uncertainty': 8.079362268664088e-05, 'cost': 104, 'fits': [{'seed': 0, 'fit': 0.22943147706346317, 'error': 7.58858902663921e-06, 'difference': 1.4211362590641522e-05, 'iterations': 300}, {'seed': 1, 'fit': 0.41312415275699405, 'error': 3.98681298827845e-05, 'difference': 4.649090344678681e-05, 'iterations': 300}, {'seed': 2, 'fit': 0.454358530011644, 'error': 1.7033314018594565e-05, 'difference': 2.3656087582596877e-05, 'iterations': 300}, {'seed': 3, 'fit': 0.25777311183315216, 'error': 2.4327416368526523e-05, 'difference': 3.095018993252883e-05, 'iterations': 300}], 'cpu': 6.135027027}
{'index': 129, 'family': 3, 'gp_error': -1.0641051573223592e-06, 'uncertainty': 1.1215102346464591e-05, 'cost': 104, 'fits': [], 'cpu': 0.004399369999998015}
{'index': 130, 'family': 4, 'gp_error': 4.2004885902890976e-08, 'uncertainty': 1.420259634344573e-06, 'cost': 104, 'fits': [], 'cpu': 0.003972579999999226}
{'index': 131, 'family': 5, 'gp_error': 9.626704483534088e-05, 'uncertainty': 0.00032561627219065, 'cost': 104, 'fits': [{'seed': 0, 'fit': 0.2817774050424981, 'error': 2.8269132193049784e-05, 'difference': -6.799791264229109e-05, 'iterations': 257}, {'seed': 1, 'fit': 2.5928947950250785, 'error': 4.442575139514636e-06, 'difference': -9.182446969582624e-05, 'iterations': 300}, {'seed': 2, 'fit': 1.2945207846426254, 'error': 0.00011428796947712436, 'difference': 1.802092464178349e-05, 'iterations': 153}, {'seed': 3, 'fit': 0.6178437770709932, 'error': 0.00014000978892813215, 'difference': 4.374274409279128e-05, 'iterations': 120}], 'cpu': 4.563200028000001}
{'index': 132, 'family': 0, 'gp_error': -7.495060233564388e-07, 'uncertainty': 1.5855625160704833e-05, 'cost': 104, 'fits': [], 'cpu': 0.0030889599999994743}
{'index': 133, 'family': 1, 'gp_error': 4.073400741572142e-06, 'uncertainty': 8.945709134755872e-05, 'cost': 104, 'fits': [{'seed': 0, 'fit': 0.004341033167281245, 'error': -1.0098369494742742e-07, 'difference': -4.174384436519569e-06, 'iterations': 59}], 'cpu': 0.3420155799999982}
{'index': 134, 'family': 2, 'gp_error': 1.263084238053643e-06, 'uncertainty': 2.8419156660438237e-05, 'cost': 104, 'fits': [{'seed': 0, 'fit': 0.061523185694150946, 'error': 1.9046197474702457e-06, 'difference': 6.415355094166026e-07, 'iterations': 97}], 'cpu': 0.5113136999999988}
{'index': 135, 'family': 3, 'gp_error': -3.5173468280191855e-06, 'uncertainty': 9.533346492749357e-06, 'cost': 104, 'fits': [], 'cpu': 0.0036605299999976637}
{'index': 136, 'family': 4, 'gp_error': 8.871328527337852e-08, 'uncertainty': 1.1711979558320705e-06, 'cost': 104, 'fits': [], 'cpu': 0.0029734799999978634}
{'index': 137, 'family': 5, 'gp_error': 1.499341484123562e-05, 'uncertainty': 0.00011293925970568092, 'cost': 104, 'fits': [{'seed': 0, 'fit': 0.023894661434638562, 'error': 3.772320419642327e-07, 'difference': -1.4616182799271387e-05, 'iterations': 87}], 'cpu': 0.47214239899999555}
{'index': 138, 'family': 0, 'gp_error': -3.194248521132265e-06, 'uncertainty': 5.645541831589257e-05, 'cost': 104, 'fits': [], 'cpu': 0.0025782399999982886}
{'index': 139, 'family': 1, 'gp_error': 1.5387284626447372e-06, 'uncertainty': 8.943871296363431e-06, 'cost': 104, 'fits': [{'seed': 0, 'fit': 0.006744106786848715, 'error': 1.026767851302752e-07, 'difference': -1.436051677514462e-06, 'iterations': 34}], 'cpu': 0.2230910399999999}
{'index': 140, 'family': 2, 'gp_error': -1.3348381229238981e-06, 'uncertainty': 9.360157318870701e-06, 'cost': 104, 'fits': [{'seed': 0, 'fit': 0.02170245999509443, 'error': -5.311694032855435e-07, 'difference': 8.036687196383547e-07, 'iterations': 300}], 'cpu': 1.547837769999994}
{'index': 141, 'family': 3, 'gp_error': -2.0318327463852557e-06, 'uncertainty': 9.446384953526968e-05, 'cost': 104, 'fits': [], 'cpu': 0.0029544000000001347}
{'index': 142, 'family': 4, 'gp_error': 1.4444113416445248e-07, 'uncertainty': 1.763725484689047e-06, 'cost': 104, 'fits': [], 'cpu': 0.002468370000002551}
{'index': 143, 'family': 5, 'gp_error': 4.430165554802218e-08, 'uncertainty': 1.976081311670737e-05, 'cost': 104, 'fits': [{'seed': 0, 'fit': 0.011442009747281207, 'error': 3.855705578701866e-08, 'difference': -5.744599761003521e-09, 'iterations': 120}], 'cpu': 0.6671919599999967}
{'index': 144, 'family': 0, 'gp_error': -9.663227473755069e-08, 'uncertainty': 1.5656691131286777e-05, 'cost': 104, 'fits': [], 'cpu': 0.002737519999996607}
{'index': 145, 'family': 1, 'gp_error': 5.7095299041964864e-06, 'uncertainty': 6.771276909150674e-05, 'cost': 104, 'fits': [{'seed': 0, 'fit': 0.050682052603574, 'error': 2.4697054627360386e-06, 'difference': -3.239824441460448e-06, 'iterations': 300}], 'cpu': 1.802015039000004}
{'index': 146, 'family': 2, 'gp_error': -3.1831572561147325e-06, 'uncertainty': 1.4940369548391172e-05, 'cost': 104, 'fits': [{'seed': 0, 'fit': 0.00954411497199674, 'error': -1.2724489150915863e-07, 'difference': 3.0559123646055737e-06, 'iterations': 90}], 'cpu': 0.47014216899999894}
{'index': 147, 'family': 3, 'gp_error': 1.671380628232022e-06, 'uncertainty': 1.876560694929347e-05, 'cost': 104, 'fits': [], 'cpu': 0.0035792699999959154}
{'index': 148, 'family': 4, 'gp_error': -2.2337173485320605e-06, 'uncertainty': 3.899169963469221e-05, 'cost': 104, 'fits': [], 'cpu': 0.0031910699999997405}
{'index': 149, 'family': 5, 'gp_error': -8.574973440977907e-06, 'uncertainty': 6.901000123222686e-05, 'cost': 104, 'fits': [{'seed': 0, 'fit': 0.26852025660528567, 'error': 1.5487894263179342e-05, 'difference': 2.406286770415725e-05, 'iterations': 228}, {'seed': 1, 'fit': 0.23534251505188403, 'error': 0.00027235675329025615, 'difference': 0.00028093172673123405, 'iterations': 300}, {'seed': 2, 'fit': 0.03087908703990566, 'error': -2.4315172089670026e-07, 'difference': 8.331821720081205e-06, 'iterations': 75}], 'cpu': 2.957132248999997}
{'index': 150, 'family': 0, 'gp_error': -6.016207088066494e-08, 'uncertainty': 8.893784349365191e-07, 'cost': 104, 'fits': [], 'cpu': 0.0038799200000028122}
{'index': 151, 'family': 1, 'gp_error': 3.977820342171423e-06, 'uncertainty': 2.2818092384976057e-05, 'cost': 104, 'fits': [{'seed': 0, 'fit': 0.010518353643155062, 'error': -2.0545630491974128e-07, 'difference': -4.183276647091164e-06, 'iterations': 84}], 'cpu': 0.5276195399999963}
{'index': 152, 'family': 2, 'gp_error': 2.331555025332499e-06, 'uncertainty': 1.3932136697741529e-05, 'cost': 104, 'fits': [{'seed': 0, 'fit': 0.04093697534807352, 'error': 7.379066463418658e-07, 'difference': -1.5936483789906332e-06, 'iterations': 132}], 'cpu': 0.800788390000001}
{'index': 153, 'family': 3, 'gp_error': 3.7064606192016468e-06, 'uncertainty': 2.0667581004187097e-05, 'cost': 104, 'fits': [], 'cpu': 0.0036559699999969553}
{'index': 154, 'family': 4, 'gp_error': -2.413901392350759e-05, 'uncertainty': 0.00013374663612394802, 'cost': 104, 'fits': [{'seed': 0, 'fit': 0.4203563421022651, 'error': -1.6138394532369774e-05, 'difference': 8.000619391137817e-06, 'iterations': 157}, {'seed': 1, 'fit': 0.5320440858545143, 'error': -7.119846008199906e-05, 'difference': -4.705944615849147e-05, 'iterations': 300}, {'seed': 2, 'fit': 0.27978504837821494, 'error': -1.0589128435246233e-05, 'difference': 1.3549885488261357e-05, 'iterations': 300}, {'seed': 3, 'fit': 0.1040638846966939, 'error': 2.478398636323887e-06, 'difference': 2.6617412559831478e-05, 'iterations': 62}], 'cpu': 5.393367047999995}
{'index': 155, 'family': 5, 'gp_error': -2.16596305793737e-06, 'uncertainty': 3.076959292855669e-05, 'cost': 104, 'fits': [{'seed': 0, 'fit': 0.17087922536861141, 'error': -1.0486261225217068e-06, 'difference': 1.1173369354156633e-06, 'iterations': 300}, {'seed': 1, 'fit': 0.10043767256506704, 'error': 2.6322251720579578e-05, 'difference': 2.8488214778516948e-05, 'iterations': 300}, {'seed': 2, 'fit': 0.058712064872933394, 'error': -3.7205285037336186e-06, 'difference': -1.5545654457962485e-06, 'iterations': 228}], 'cpu': 4.245352199000003}
{'index': 156, 'family': 0, 'gp_error': 5.409942377410104e-07, 'uncertainty': 3.331555812026818e-06, 'cost': 104, 'fits': [], 'cpu': 0.0035315800000006448}
{'index': 157, 'family': 1, 'gp_error': 3.168271754838692e-06, 'uncertainty': 4.331205522109493e-05, 'cost': 104, 'fits': [{'seed': 0, 'fit': 0.004686541564768081, 'error': 4.829628473793817e-08, 'difference': -3.1199754701007537e-06, 'iterations': 162}], 'cpu': 0.755110430000002}
{'index': 158, 'family': 2, 'gp_error': 0.00016960473781013619, 'uncertainty': 0.0004949445253891236, 'cost': 104, 'fits': [{'seed': 0, 'fit': 0.7529431524235024, 'error': 0.00015527101653278188, 'difference': -1.4333721277354303e-05, 'iterations': 300}, {'seed': 1, 'fit': 0.5316999984967827, 'error': -0.0004837606302056757, 'difference': -0.0006533653680158119, 'iterations': 175}, {'seed': 2, 'fit': 4.014991853703649, 'error': -0.000976798945304059, 'difference': -0.0011464036831141953, 'iterations': 300}, {'seed': 3, 'fit': 2.2553022145880215, 'error': 0.0008233208212050599, 'difference': 0.0006537160833949237, 'iterations': 140}], 'cpu': 4.738863268000003}
{'index': 159, 'family': 3, 'gp_error': -2.3414669099719454e-05, 'uncertainty': 0.00014973978929880668, 'cost': 104, 'fits': [{'seed': 0, 'fit': 0.0722361693682056, 'error': -1.9792345874290013e-05, 'difference': 3.6223232254294405e-06, 'iterations': 272}], 'cpu': 1.5050708490000062}
{'index': 160, 'family': 4, 'gp_error': 8.084307884348439e-06, 'uncertainty': 4.8864839941744844e-05, 'cost': 104, 'fits': [], 'cpu': 0.0033106000000060476}
{'index': 161, 'family': 5, 'gp_error': 4.31527354096545e-06, 'uncertainty': 4.0882896182302026e-05, 'cost': 104, 'fits': [{'seed': 0, 'fit': 0.12823034259748708, 'error': 5.42203828112768e-06, 'difference': 1.1067647401622302e-06, 'iterations': 300}, {'seed': 1, 'fit': 0.04086215057273867, 'error': 1.1495329365910179e-07, 'difference': -4.200320247306349e-06, 'iterations': 67}], 'cpu': 1.9164846200000056}
{'index': 162, 'family': 0, 'gp_error': -4.469867809220292e-09, 'uncertainty': 4.855974637793659e-07, 'cost': 104, 'fits': [], 'cpu': 0.0034203999999959933}
{'index': 163, 'family': 1, 'gp_error': 2.2759381613113305e-05, 'uncertainty': 6.542182852357312e-05, 'cost': 104, 'fits': [{'seed': 0, 'fit': 0.00841125790707957, 'error': 2.9180429982369373e-07, 'difference': -2.246757731328961e-05, 'iterations': 246}], 'cpu': 1.4421110990000017}
{'index': 164, 'family': 2, 'gp_error': -4.118768535676942e-05, 'uncertainty': 0.00023768246858426519, 'cost': 104, 'fits': [{'seed': 0, 'fit': 0.5661783644592353, 'error': -7.942125255109872e-06, 'difference': 3.324556010165955e-05, 'iterations': 300}, {'seed': 1, 'fit': 0.9641154951252947, 'error': -5.905697499629892e-05, 'difference': -1.7869289639529498e-05, 'iterations': 300}, {'seed': 2, 'fit': 0.8374197027393596, 'error': -0.0003712214161574494, 'difference': -0.00033003373080068, 'iterations': 300}, {'seed': 3, 'fit': 0.5305063985904502, 'error': -6.32261941195273e-07, 'difference': 4.055542341557415e-05, 'iterations': 300}], 'cpu': 6.099372367000001}
{'index': 165, 'family': 3, 'gp_error': 1.4280242222053035e-07, 'uncertainty': 1.597126056040372e-05, 'cost': 104, 'fits': [], 'cpu': 0.0028194999999939796}
{'index': 166, 'family': 4, 'gp_error': -2.012810088414252e-05, 'uncertainty': 6.464899030151104e-05, 'cost': 104, 'fits': [], 'cpu': 0.002704229999999086}
{'index': 167, 'family': 5, 'gp_error': 2.100292895657052e-05, 'uncertainty': 0.00012680474092644208, 'cost': 104, 'fits': [{'seed': 0, 'fit': 0.45537482894472187, 'error': 3.590915651454927e-05, 'difference': 1.490622755797875e-05, 'iterations': 260}, {'seed': 1, 'fit': 0.04872462149609106, 'error': 2.712767959202236e-06, 'difference': -1.8290160997368285e-05, 'iterations': 76}], 'cpu': 1.710310579999998}
{'index': 168, 'family': 0, 'gp_error': 1.042863944866747e-06, 'uncertainty': 3.373965170064739e-05, 'cost': 104, 'fits': [], 'cpu': 0.0035336800000038693}
{'index': 169, 'family': 1, 'gp_error': 5.323718069549788e-06, 'uncertainty': 4.791288305669315e-05, 'cost': 104, 'fits': [{'seed': 0, 'fit': 0.009238866033516627, 'error': 4.2045729736446476e-07, 'difference': -4.903260772185323e-06, 'iterations': 287}], 'cpu': 1.6342785300000031}
{'index': 170, 'family': 2, 'gp_error': -6.300945057713392e-05, 'uncertainty': 0.0002989192090186222, 'cost': 104, 'fits': [{'seed': 0, 'fit': 0.6422982991659337, 'error': 0.002807339951040414, 'difference': 0.0028703494016175477, 'iterations': 104}, {'seed': 1, 'fit': 1.5011808497308232, 'error': -0.0005083149514051113, 'difference': -0.0004453055008279774, 'iterations': 300}, {'seed': 2, 'fit': 1.4853104310673593, 'error': 0.00278762221916866, 'difference': 0.0028506316697457937, 'iterations': 300}, {'seed': 3, 'fit': 1.7202435575944757, 'error': 0.00040771853109816973, 'difference': 0.00047072798167530365, 'iterations': 189}], 'cpu': 4.345902607999996}
{'index': 171, 'family': 3, 'gp_error': 9.090031527491876e-08, 'uncertainty': 1.1356442396052679e-05, 'cost': 104, 'fits': [], 'cpu': 0.0028622299999980783}
{'index': 172, 'family': 4, 'gp_error': -3.640504241397836e-07, 'uncertainty': 7.852610898229701e-06, 'cost': 104, 'fits': [], 'cpu': 0.002675660000001301}
{'index': 173, 'family': 5, 'gp_error': 4.057423577074476e-06, 'uncertainty': 3.838104079849522e-05, 'cost': 104, 'fits': [{'seed': 0, 'fit': 0.12736460311469328, 'error': 4.553910636496453e-06, 'difference': 4.964870594219774e-07, 'iterations': 300}, {'seed': 1, 'fit': 0.1690221520488732, 'error': 1.5925746605154845e-06, 'difference': -2.4648489165589914e-06, 'iterations': 300}, {'seed': 2, 'fit': 0.24500896713472345, 'error': 5.5667059124204475e-06, 'difference': 1.5092823353459715e-06, 'iterations': 300}, {'seed': 3, 'fit': 0.019003982137920244, 'error': -4.308363086175219e-07, 'difference': -4.488259885691998e-06, 'iterations': 73}], 'cpu': 4.926592887999995}
{'index': 174, 'family': 0, 'gp_error': -2.9310663895998346e-09, 'uncertainty': 4.0902305642326873e-07, 'cost': 104, 'fits': [], 'cpu': 0.002586120000003689}
{'index': 175, 'family': 1, 'gp_error': 5.980247601899968e-06, 'uncertainty': 7.986006661643069e-05, 'cost': 104, 'fits': [{'seed': 0, 'fit': 0.013592060793737646, 'error': -5.689318797264255e-07, 'difference': -6.549179481626394e-06, 'iterations': 300}], 'cpu': 1.5693477390000012}
{'index': 176, 'family': 2, 'gp_error': 1.6932358314347695e-06, 'uncertainty': 2.9717116536257193e-05, 'cost': 104, 'fits': [{'seed': 0, 'fit': 0.15533876468959817, 'error': 9.122220644114374e-06, 'difference': 7.428984812679604e-06, 'iterations': 300}, {'seed': 1, 'fit': 0.13428167813592307, 'error': 3.0926764335235506e-06, 'difference': 1.3994406020887811e-06, 'iterations': 279}, {'seed': 2, 'fit': 0.10597369703448153, 'error': -1.1100096470789894e-05, 'difference': -1.2793332302224663e-05, 'iterations': 300}, {'seed': 3, 'fit': 0.10541518864843466, 'error': 5.489122860391153e-06, 'difference': 3.7958870289563835e-06, 'iterations': 300}], 'cpu': 6.100601928000003}
{'index': 177, 'family': 3, 'gp_error': -1.0149792328828765e-07, 'uncertainty': 1.6163853949749584e-05, 'cost': 104, 'fits': [], 'cpu': 0.0029867100000018354}
{'index': 178, 'family': 4, 'gp_error': 3.3751735326603727e-06, 'uncertainty': 0.00011933890511181773, 'cost': 104, 'fits': [{'seed': 0, 'fit': 0.16632164604696306, 'error': -1.6077709752014892e-06, 'difference': -4.982944507861862e-06, 'iterations': 73}, {'seed': 1, 'fit': 0.4121887989952841, 'error': 1.5023462036815356e-05, 'difference': 1.1648288504154983e-05, 'iterations': 300}, {'seed': 2, 'fit': 0.4925258987127941, 'error': -0.0001949296997401544, 'difference': -0.00019830487327281477, 'iterations': 300}, {'seed': 3, 'fit': 0.2179911416875662, 'error': 6.370335410714269e-07, 'difference': -2.738139991588946e-06, 'iterations': 300}], 'cpu': 5.321005978000002}
{'index': 179, 'family': 5, 'gp_error': -2.3043284022916666e-05, 'uncertainty': 0.000608681212014455, 'cost': 104, 'fits': [{'seed': 0, 'fit': 1.601771479135794, 'error': -0.0004008220512751978, 'difference': -0.00037777876725228113, 'iterations': 300}, {'seed': 1, 'fit': 3.496305999771068, 'error': -0.0010031175119289458, 'difference': -0.0009800742279060292, 'iterations': 300}, {'seed': 2, 'fit': 5.947836654686638, 'error': -7.396883104314613e-05, 'difference': -5.0925547020229465e-05, 'iterations': 165}, {'seed': 3, 'fit': 1.0947736316807226, 'error': 0.00044403409717557027, 'difference': 0.00046707738119848693, 'iterations': 167}], 'cpu': 4.8615739279999985}
{'index': 180, 'family': 0, 'gp_error': 1.6354469734025571e-07, 'uncertainty': 3.0173971722359787e-05, 'cost': 104, 'fits': [], 'cpu': 0.0025884699999991767}
{'index': 181, 'family': 1, 'gp_error': -5.309737715286644e-06, 'uncertainty': 7.697715329877103e-05, 'cost': 104, 'fits': [{'seed': 0, 'fit': 0.005609267749695225, 'error': -2.2331570385180168e-07, 'difference': 5.086422011434843e-06, 'iterations': 103}], 'cpu': 0.5830878100000021}
{'index': 182, 'family': 2, 'gp_error': -2.0694923829056577e-06, 'uncertainty': 7.69136974534758e-05, 'cost': 104, 'fits': [{'seed': 0, 'fit': 0.028845144348777708, 'error': 2.9917647346914373e-06, 'difference': 5.061257117597095e-06, 'iterations': 79}], 'cpu': 0.46453732999999886}
{'index': 183, 'family': 3, 'gp_error': -1.8178374096011751e-06, 'uncertainty': 3.273790462181672e-05, 'cost': 104, 'fits': [], 'cpu': 0.0031476600000033272}
{'index': 184, 'family': 4, 'gp_error': 1.0357825197537637e-07, 'uncertainty': 4.2186230925067594e-05, 'cost': 104, 'fits': [], 'cpu': 0.002693069999999409}
{'index': 185, 'family': 5, 'gp_error': -5.551417762372779e-06, 'uncertainty': 3.6178220444646246e-05, 'cost': 104, 'fits': [{'seed': 0, 'fit': 0.017409501443536906, 'error': -6.155400069774378e-08, 'difference': 5.489863761675035e-06, 'iterations': 44}], 'cpu': 0.5542736189999999}
{'index': 186, 'family': 0, 'gp_error': 2.3161631079737788e-07, 'uncertainty': 6.09522169836812e-05, 'cost': 104, 'fits': [], 'cpu': 0.002151910000002033}
{'index': 187, 'family': 1, 'gp_error': -7.255592818999901e-06, 'uncertainty': 0.00032367301730384506, 'cost': 104, 'fits': [{'seed': 0, 'fit': 0.08059781996124171, 'error': 2.029042881200615e-06, 'difference': 9.284635700200516e-06, 'iterations': 52}, {'seed': 1, 'fit': 0.28767457127465074, 'error': 9.868080284450103e-06, 'difference': 1.7123673103450004e-05, 'iterations': 296}, {'seed': 2, 'fit': 1.1056737660094982, 'error': -2.391027558063647e-05, 'difference': -1.665468276163657e-05, 'iterations': 229}, {'seed': 3, 'fit': 0.1995645369065855, 'error': -3.1915524838999282e-06, 'difference': 4.064040335099973e-06, 'iterations': 300}], 'cpu': 4.459554779000001}
{'index': 188, 'family': 2, 'gp_error': 3.949170614137021e-06, 'uncertainty': 1.8009523618446843e-05, 'cost': 104, 'fits': [{'seed': 0, 'fit': 0.010183219550493674, 'error': -6.317823172942624e-08, 'difference': -4.0123488458664475e-06, 'iterations': 60}], 'cpu': 0.37747282899999846}
{'index': 189, 'family': 3, 'gp_error': 5.60813642525013e-07, 'uncertainty': 3.310155642596557e-05, 'cost': 104, 'fits': [], 'cpu': 0.00467017999999797}
{'index': 190, 'family': 4, 'gp_error': 4.120007106589434e-07, 'uncertainty': 9.214491803100667e-06, 'cost': 104, 'fits': [], 'cpu': 0.004114860000001386}
{'index': 191, 'family': 5, 'gp_error': 4.379696361800356e-06, 'uncertainty': 0.00024627947732207273, 'cost': 104, 'fits': [{'seed': 0, 'fit': 0.24225235939022424, 'error': 7.54672785962623e-05, 'difference': 7.108758223446194e-05, 'iterations': 160}, {'seed': 1, 'fit': 0.5872365031891398, 'error': 9.587348711937681e-05, 'difference': 9.149379075757646e-05, 'iterations': 259}, {'seed': 2, 'fit': 1.3651522101261735, 'error': -0.00022361962209562018, 'difference': -0.00022799931845742053, 'iterations': 282}, {'seed': 3, 'fit': 0.7668007922541299, 'error': -8.002645343813006e-05, 'difference': -8.440614979993041e-05, 'iterations': 300}], 'cpu': 5.155286238000002}
{'index': 192, 'family': 0, 'gp_error': 1.5396121821886766e-08, 'uncertainty': 2.134606003192258e-05, 'cost': 104, 'fits': [], 'cpu': 0.0030227600000003463}
{'index': 193, 'family': 1, 'gp_error': 1.1112164325643994e-06, 'uncertainty': 2.1844787415032213e-06, 'cost': 104, 'fits': [{'seed': 0, 'fit': 0.002742809679769983, 'error': 1.0334065581192048e-07, 'difference': -1.007875776752479e-06, 'iterations': 38}], 'cpu': 0.2451017700000051}
{'index': 194, 'family': 2, 'gp_error': -1.8842185099052154e-06, 'uncertainty': 0.00012234206148637418, 'cost': 104, 'fits': [{'seed': 0, 'fit': 0.02809516432052812, 'error': 3.926291174475179e-06, 'difference': 5.8105096843803945e-06, 'iterations': 100}], 'cpu': 0.5960976000000002}
{'index': 195, 'family': 3, 'gp_error': -5.43560837351631e-06, 'uncertainty': 6.81223404038711e-05, 'cost': 104, 'fits': [], 'cpu': 0.003886130000005039}
{'index': 196, 'family': 4, 'gp_error': -2.3458475373328009e-07, 'uncertainty': 3.036800515995109e-06, 'cost': 104, 'fits': [], 'cpu': 0.002849650000001702}
{'index': 197, 'family': 5, 'gp_error': 4.466361372640338e-05, 'uncertainty': 0.00019689718558388094, 'cost': 104, 'fits': [{'seed': 0, 'fit': 0.5234617976856422, 'error': 0.0002024565973308758, 'difference': 0.00015779298360447242, 'iterations': 300}, {'seed': 1, 'fit': 0.5212130612076595, 'error': -0.0001997918116998756, 'difference': -0.000244455425426279, 'iterations': 135}, {'seed': 2, 'fit': 1.1238622952963013, 'error': -5.4008401236877465e-05, 'difference': -9.867201496328084e-05, 'iterations': 146}, {'seed': 3, 'fit': 0.5636714047037814, 'error': -0.0016172162382656506, 'difference': -0.001661879851992054, 'iterations': 209}], 'cpu': 3.888817899000003}
{'index': 198, 'family': 0, 'gp_error': -5.676509770013997e-07, 'uncertainty': 1.017420914767781e-05, 'cost': 104, 'fits': [], 'cpu': 0.003609220000001301}
{'index': 199, 'family': 1, 'gp_error': 1.292995048578216e-06, 'uncertainty': 3.797683196780566e-06, 'cost': 104, 'fits': [{'seed': 0, 'fit': 0.006575102750599133, 'error': 2.2273092081085547e-07, 'difference': -1.0702641277673605e-06, 'iterations': 42}], 'cpu': 0.292635329999996}
{'index': 200, 'family': 2, 'gp_error': 9.116000480036135e-07, 'uncertainty': 1.5633773467389164e-05, 'cost': 104, 'fits': [{'seed': 0, 'fit': 0.006001733058333353, 'error': 2.569214313032746e-08, 'difference': -8.85907904873286e-07, 'iterations': 54}], 'cpu': 0.34904527999999857}
{'index': 201, 'family': 3, 'gp_error': 3.4779864410693456e-07, 'uncertainty': 2.7252417265668093e-05, 'cost': 104, 'fits': [], 'cpu': 0.0037319999999994025}
{'index': 202, 'family': 4, 'gp_error': 1.9224428020603312e-06, 'uncertainty': 3.423410162261581e-05, 'cost': 104, 'fits': [], 'cpu': 0.0037483899999983805}
{'index': 203, 'family': 5, 'gp_error': -0.0001272268147445854, 'uncertainty': 0.0006681745796568862, 'cost': 104, 'fits': [{'seed': 0, 'fit': 0.8987498851456744, 'error': -0.0005466305278333623, 'difference': -0.0004194037130887769, 'iterations': 300}, {'seed': 1, 'fit': 1.5161756134361157, 'error': 0.0005770995508103659, 'difference': 0.0007043263655549513, 'iterations': 220}, {'seed': 2, 'fit': 1.7712088944770932, 'error': 0.0009010558815292203, 'difference': 0.0010282826962738057, 'iterations': 300}, {'seed': 3, 'fit': 3.266955065347267, 'error': -0.001639341966268382, 'difference': -0.0015121151515237966, 'iterations': 146}], 'cpu': 4.477072727999996}
{'index': 204, 'family': 0, 'gp_error': -2.389511039035952e-07, 'uncertainty': 5.498445741050423e-06, 'cost': 104, 'fits': [], 'cpu': 0.0029816300000007345}
{'index': 205, 'family': 1, 'gp_error': 7.614736151628776e-07, 'uncertainty': 1.5796230630184035e-06, 'cost': 104, 'fits': [{'seed': 0, 'fit': 0.005340097801124269, 'error': 1.8773748218532302e-08, 'difference': -7.426998669443453e-07, 'iterations': 300}], 'cpu': 1.382954828999999}
{'index': 206, 'family': 2, 'gp_error': -5.293634874892206e-07, 'uncertainty': 0.00012003774142246229, 'cost': 104, 'fits': [{'seed': 0, 'fit': 0.38838007198979696, 'error': 3.726919282128541e-05, 'difference': 3.779855630877463e-05, 'iterations': 300}, {'seed': 1, 'fit': 0.19258579468679526, 'error': 1.4638728933866885e-05, 'difference': 1.5168092421356105e-05, 'iterations': 94}, {'seed': 2, 'fit': 0.37932449753819186, 'error': 2.5385102231699616e-05, 'difference': 2.5914465719188836e-05, 'iterations': 300}, {'seed': 3, 'fit': 0.5713985789816386, 'error': 4.401412630313076e-05, 'difference': 4.454348979061998e-05, 'iterations': 300}], 'cpu': 4.9031885889999955}
{'index': 207, 'family': 3, 'gp_error': 5.91577477226934e-06, 'uncertainty': 1.7771894609286298e-05, 'cost': 104, 'fits': [], 'cpu': 0.0027275700000046754}
{'index': 208, 'family': 4, 'gp_error': -5.020047133541539e-08, 'uncertainty': 1.2317501497864874e-06, 'cost': 104, 'fits': [], 'cpu': 0.0023697299999980714}
{'index': 209, 'family': 5, 'gp_error': -1.0259213748753382e-05, 'uncertainty': 0.00010907742872621206, 'cost': 104, 'fits': [{'seed': 0, 'fit': 0.1736873868074228, 'error': -9.518066758475985e-06, 'difference': 7.411469902773973e-07, 'iterations': 200}, {'seed': 1, 'fit': 0.01758759851744657, 'error': -3.9782311662755424e-07, 'difference': 9.861390632125828e-06, 'iterations': 51}], 'cpu': 1.2394504089999998}
{'index': 210, 'family': 0, 'gp_error': -3.9406330865077166e-08, 'uncertainty': 3.742470087477708e-06, 'cost': 104, 'fits': [], 'cpu': 0.0027020400000026257}
{'index': 211, 'family': 1, 'gp_error': 2.45089682093802e-06, 'uncertainty': 1.1143940737432943e-05, 'cost': 104, 'fits': [{'seed': 0, 'fit': 0.030278225384986535, 'error': 3.924440594425786e-06, 'difference': 1.4735437734877663e-06, 'iterations': 273}], 'cpu': 1.3886263200000002}
{'index': 212, 'family': 2, 'gp_error': -3.9132778153594394e-05, 'uncertainty': 0.00025180910714975925, 'cost': 104, 'fits': [{'seed': 0, 'fit': 0.5854400252712613, 'error': 8.313819955396763e-05, 'difference': 0.00012227097770756203, 'iterations': 300}, {'seed': 1, 'fit': 0.941672089486758, 'error': 5.397576018458349e-05, 'difference': 9.310853833817789e-05, 'iterations': 300}, {'seed': 2, 'fit': 1.4912011755285506, 'error': -0.00010444670766801613, 'difference': -6.531392951442173e-05, 'iterations': 300}, {'seed': 3, 'fit': 0.6921206405505916, 'error': 6.8763344289038e-05, 'difference': 0.00010789612244263239, 'iterations': 101}], 'cpu': 4.701586598999995}
{'index': 213, 'family': 3, 'gp_error': -5.874877726741459e-06, 'uncertainty': 5.548470057226867e-05, 'cost': 104, 'fits': [], 'cpu': 0.002584559999995406}
{'index': 214, 'family': 4, 'gp_error': -1.2449029862526828e-07, 'uncertainty': 2.3540389912900524e-06, 'cost': 104, 'fits': [], 'cpu': 0.0020668299999968553}
{'index': 215, 'family': 5, 'gp_error': -2.993274747647987e-07, 'uncertainty': 6.99198902820754e-06, 'cost': 104, 'fits': [{'seed': 0, 'fit': 0.006594392740234906, 'error': -7.972505025736379e-08, 'difference': 2.1960242450743493e-07, 'iterations': 116}], 'cpu': 0.5877921599999993}
{'index': 216, 'family': 0, 'gp_error': 1.0257393369128565e-06, 'uncertainty': 3.8133458705248185e-05, 'cost': 104, 'fits': [], 'cpu': 0.002898419999993962}
{'index': 217, 'family': 1, 'gp_error': 1.4262731387492582e-06, 'uncertainty': 5.400602461603949e-05, 'cost': 104, 'fits': [{'seed': 0, 'fit': 0.004434104459952762, 'error': 1.356642334318661e-07, 'difference': -1.2906089053173921e-06, 'iterations': 300}], 'cpu': 1.3060039399999965}
{'index': 218, 'family': 2, 'gp_error': 3.067803365686128e-05, 'uncertainty': 0.00013791990103335106, 'cost': 104, 'fits': [{'seed': 0, 'fit': 0.28354665972123894, 'error': 6.498452111398622e-05, 'difference': 3.430648745712494e-05, 'iterations': 300}, {'seed': 1, 'fit': 0.1297960725679047, 'error': 8.330341362918777e-06, 'difference': -2.2347692293942504e-05, 'iterations': 65}, {'seed': 2, 'fit': 0.4204551813413464, 'error': 3.758761665724921e-05, 'difference': 6.909583000387927e-06, 'iterations': 300}, {'seed': 3, 'fit': 0.8325497778428672, 'error': 3.73275735162368e-05, 'difference': 6.649539859375516e-06, 'iterations': 84}], 'cpu': 3.6070295390000027}
{'index': 219, 'family': 3, 'gp_error': -2.29535668827552e-06, 'uncertainty': 3.839479167912779e-05, 'cost': 104, 'fits': [], 'cpu': 0.00321453999999477}
{'index': 220, 'family': 4, 'gp_error': -8.249170235785624e-07, 'uncertainty': 3.912584649343763e-05, 'cost': 104, 'fits': [], 'cpu': 0.0029942600000012476}
{'index': 221, 'family': 5, 'gp_error': 3.717542388800842e-06, 'uncertainty': 2.0376336579002194e-05, 'cost': 104, 'fits': [{'seed': 0, 'fit': 0.10535784213148097, 'error': 1.0618047829483592e-06, 'difference': -2.655737605852483e-06, 'iterations': 300}, {'seed': 1, 'fit': 0.006435136039059443, 'error': 1.9820378310845444e-07, 'difference': -3.5193386056923877e-06, 'iterations': 135}], 'cpu': 2.041782449000003}
{'index': 222, 'family': 0, 'gp_error': 1.4431721089280813e-06, 'uncertainty': 1.2830892306083734e-05, 'cost': 104, 'fits': [], 'cpu': 0.002884289999997236}
{'index': 223, 'family': 1, 'gp_error': 8.029146517929411e-07, 'uncertainty': 4.27610240584419e-06, 'cost': 104, 'fits': [{'seed': 0, 'fit': 0.010549737470749668, 'error': 1.091633371846762e-09, 'difference': -8.018230184210943e-07, 'iterations': 300}], 'cpu': 1.6575306790000042}
{'index': 224, 'family': 2, 'gp_error': 9.29166984764418e-06, 'uncertainty': 4.602181090325642e-05, 'cost': 104, 'fits': [{'seed': 0, 'fit': 0.01377400179440276, 'error': -6.637174238176255e-07, 'difference': -9.955387271461805e-06, 'iterations': 56}], 'cpu': 0.3240135600000045}
{'index': 225, 'family': 3, 'gp_error': -1.7054680069295003e-06, 'uncertainty': 2.3059399407483016e-05, 'cost': 104, 'fits': [], 'cpu': 0.0023830599999996593}
{'index': 226, 'family': 4, 'gp_error': -1.0544269457568589e-08, 'uncertainty': 5.411165052992638e-07, 'cost': 104, 'fits': [], 'cpu': 0.00242167999999765}
{'index': 227, 'family': 5, 'gp_error': 5.163023142684686e-05, 'uncertainty': 0.00017505042335246083, 'cost': 104, 'fits': [{'seed': 0, 'fit': 0.422592013177457, 'error': 3.696403023631723e-05, 'difference': -1.4666201190529634e-05, 'iterations': 300}, {'seed': 1, 'fit': 0.4718132105019394, 'error': 7.86921499361725e-05, 'difference': 2.7061918509325636e-05, 'iterations': 105}, {'seed': 2, 'fit': 0.7124700317271736, 'error': 0.0003778759273708898, 'difference': 0.0003262456959440429, 'iterations': 300}, {'seed': 3, 'fit': 0.6177007613391632, 'error': 4.328885543954053e-05, 'difference': -8.341375987306333e-06, 'iterations': 300}], 'cpu': 5.123363688000005}
{'index': 228, 'family': 0, 'gp_error': 1.1546051867816765e-05, 'uncertainty': 0.00017681318467786903, 'cost': 104, 'fits': [{'seed': 0, 'fit': 0.06065911227838285, 'error': 3.750228875864614e-07, 'difference': -1.1171028980230303e-05, 'iterations': 70}], 'cpu': 0.39995356000000015}
{'index': 229, 'family': 1, 'gp_error': 2.379770361524841e-06, 'uncertainty': 6.24484202447888e-05, 'cost': 104, 'fits': [{'seed': 0, 'fit': 0.011968393949699261, 'error': -1.6688113662081863e-07, 'difference': -2.5466514981456597e-06, 'iterations': 78}], 'cpu': 0.38208336000000287}
{'index': 230, 'family': 2, 'gp_error': 2.209951432394219e-06, 'uncertainty': 1.617533242469281e-05, 'cost': 104, 'fits': [{'seed': 0, 'fit': 0.06979350533347879, 'error': 3.5759526851411974e-07, 'difference': -1.8523561638800992e-06, 'iterations': 300}], 'cpu': 1.3801915499999922}
{'index': 231, 'family': 3, 'gp_error': -7.0581897823051995e-06, 'uncertainty': 4.74324630124991e-05, 'cost': 104, 'fits': [], 'cpu': 0.0027098000000052025}
{'index': 232, 'family': 4, 'gp_error': 2.8294396492434246e-08, 'uncertainty': 1.6182540860716242e-06, 'cost': 104, 'fits': [], 'cpu': 0.002570710000000531}
{'index': 233, 'family': 5, 'gp_error': -5.144804568479708e-08, 'uncertainty': 2.9506505237890016e-05, 'cost': 104, 'fits': [{'seed': 0, 'fit': 0.058048306435525374, 'error': -1.1076554396003967e-06, 'difference': -1.0562073939155996e-06, 'iterations': 300}], 'cpu': 1.3295617100000001}
{'index': 234, 'family': 0, 'gp_error': 1.2017449402268497e-07, 'uncertainty': 6.8413753571187774e-06, 'cost': 104, 'fits': [], 'cpu': 0.003666019999997161}
{'index': 235, 'family': 1, 'gp_error': 3.6463792291996366e-06, 'uncertainty': 7.005506155498098e-05, 'cost': 104, 'fits': [{'seed': 0, 'fit': 0.010753678266312983, 'error': -7.408776944916532e-08, 'difference': -3.720466998648802e-06, 'iterations': 81}], 'cpu': 0.45403459000000623}
{'index': 236, 'family': 2, 'gp_error': -3.801447798690294e-05, 'uncertainty': 0.00042270600986569736, 'cost': 104, 'fits': [{'seed': 0, 'fit': 0.034540319351807416, 'error': -3.6445882698464006e-06, 'difference': 3.4369889717056535e-05, 'iterations': 32}], 'cpu': 0.18372006999999968}
{'index': 237, 'family': 3, 'gp_error': -4.667496524835019e-07, 'uncertainty': 1.6268966893282173e-05, 'cost': 104, 'fits': [], 'cpu': 0.0024633299999976543}
{'index': 238, 'family': 4, 'gp_error': -3.6251635804340765e-08, 'uncertainty': 1.490749249809885e-06, 'cost': 104, 'fits': [], 'cpu': 0.003912750000004905}
{'index': 239, 'family': 5, 'gp_error': 5.194290876170402e-07, 'uncertainty': 7.193790827359195e-06, 'cost': 104, 'fits': [{'seed': 0, 'fit': 0.012967592733298403, 'error': 5.002449101785067e-07, 'difference': -1.918417743853347e-08, 'iterations': 46}], 'cpu': 0.24154886000000175}
{'index': 240, 'family': 0, 'gp_error': 1.8359969045089826e-07, 'uncertainty': 3.421917069606585e-05, 'cost': 104, 'fits': [], 'cpu': 0.0025128500000022314}
{'index': 241, 'family': 1, 'gp_error': 1.4836233228343598e-06, 'uncertainty': 6.6169032197616385e-06, 'cost': 104, 'fits': [{'seed': 0, 'fit': 0.005806538621547881, 'error': -1.9116492424014585e-07, 'difference': -1.6747882470745057e-06, 'iterations': 106}], 'cpu': 0.5641712689999991}
{'index': 242, 'family': 2, 'gp_error': 1.7369505257325225e-05, 'uncertainty': 0.00011306515161575557, 'cost': 104, 'fits': [{'seed': 0, 'fit': 0.357705617218656, 'error': 0.00010291267346727493, 'difference': 8.55431682099497e-05, 'iterations': 300}, {'seed': 1, 'fit': 0.564184708628713, 'error': -2.793700371578693e-05, 'difference': -4.5306508973112154e-05, 'iterations': 300}, {'seed': 2, 'fit': 0.28938828462176147, 'error': -1.4393647817853827e-05, 'difference': -3.176315307517905e-05, 'iterations': 300}, {'seed': 3, 'fit': 0.2859964101319431, 'error': 1.203432406631442e-05, 'difference': -5.335181191010806e-06, 'iterations': 300}], 'cpu': 5.795457116999998}
{'index': 243, 'family': 3, 'gp_error': -6.084621700819248e-06, 'uncertainty': 4.234535176403894e-05, 'cost': 104, 'fits': [], 'cpu': 0.0028901100000027213}
{'index': 244, 'family': 4, 'gp_error': -4.085849134582986e-07, 'uncertainty': 6.530412430267375e-06, 'cost': 104, 'fits': [], 'cpu': 0.002599240000002112}
{'index': 245, 'family': 5, 'gp_error': -3.5571078961793567e-06, 'uncertainty': 4.247874588259044e-05, 'cost': 104, 'fits': [{'seed': 0, 'fit': 0.078626846295277, 'error': -2.446536056172265e-06, 'difference': 1.1105718400070917e-06, 'iterations': 69}], 'cpu': 0.447000869}
{'index': 246, 'family': 0, 'gp_error': -1.594760068446277e-08, 'uncertainty': 3.698418160867751e-06, 'cost': 104, 'fits': [], 'cpu': 0.0026914799999957495}
{'index': 247, 'family': 1, 'gp_error': 2.7085514806290956e-06, 'uncertainty': 1.5847858158854083e-05, 'cost': 104, 'fits': [{'seed': 0, 'fit': 0.0012191064497829411, 'error': 1.6922802451216273e-08, 'difference': -2.6916286781778793e-06, 'iterations': 20}], 'cpu': 0.14184250000000276}
{'index': 248, 'family': 2, 'gp_error': 0.0001273830817627442, 'uncertainty': 0.0003348270520014853, 'cost': 104, 'fits': [{'seed': 0, 'fit': 0.2643054130914498, 'error': 2.411340472667625e-06, 'difference': -0.00012497174129007658, 'iterations': 300}, {'seed': 1, 'fit': 2.379665828730647, 'error': 0.001501547322198966, 'difference': 0.001374164240436222, 'iterations': 300}, {'seed': 2, 'fit': 2.9852221769821567, 'error': -0.0023925249300801783, 'difference': -0.0025199080118429224, 'iterations': 300}, {'seed': 3, 'fit': 0.9545386688860085, 'error': 8.339050196151229e-05, 'difference': -4.399257980123192e-05, 'iterations': 141}], 'cpu': 5.314912417999999}
{'index': 249, 'family': 3, 'gp_error': -1.7948149130253555e-06, 'uncertainty': 1.796968619017174e-05, 'cost': 104, 'fits': [], 'cpu': 0.003240869999999063}
{'index': 250, 'family': 4, 'gp_error': -5.782199954951217e-07, 'uncertainty': 6.609700667885219e-05, 'cost': 104, 'fits': [], 'cpu': 0.0028247099999987313}
{'index': 251, 'family': 5, 'gp_error': -3.198027023976202e-06, 'uncertainty': 2.0010071053239698e-05, 'cost': 104, 'fits': [{'seed': 0, 'fit': 0.048784546709811596, 'error': -2.1036759944168146e-06, 'difference': 1.0943510295593875e-06, 'iterations': 152}], 'cpu': 0.7953842999999949}
{'index': 252, 'family': 0, 'gp_error': 8.397271733517897e-08, 'uncertainty': 9.70822651550783e-06, 'cost': 104, 'fits': [], 'cpu': 0.005581730000002949}
{'index': 253, 'family': 1, 'gp_error': 1.7782290705203874e-07, 'uncertainty': 4.687183317286392e-05, 'cost': 104, 'fits': [{'seed': 0, 'fit': 0.001945318253455151, 'error': -2.8764366029008506e-08, 'difference': -2.0658727308104724e-07, 'iterations': 300}], 'cpu': 1.4452916189999883}
{'index': 254, 'family': 2, 'gp_error': 3.0591043484184954e-06, 'uncertainty': 1.1409879967647662e-05, 'cost': 104, 'fits': [{'seed': 0, 'fit': 0.061914870804158965, 'error': -7.444705870195677e-07, 'difference': -3.803574935438063e-06, 'iterations': 300}], 'cpu': 1.559736799999996}
{'index': 255, 'family': 3, 'gp_error': 9.597299810426546e-07, 'uncertainty': 6.796511390565385e-06, 'cost': 104, 'fits': [], 'cpu': 0.003523900000004687}
{'index': 256, 'family': 4, 'gp_error': 1.3650078000138066e-06, 'uncertainty': 5.254417362883394e-05, 'cost': 104, 'fits': [], 'cpu': 0.004031269999998699}
{'index': 257, 'family': 5, 'gp_error': 1.3210283705822334e-07, 'uncertainty': 7.007394685425212e-06, 'cost': 104, 'fits': [{'seed': 0, 'fit': 0.04136546837250814, 'error': 1.4279502158079016e-07, 'difference': 1.0692184522566819e-08, 'iterations': 300}], 'cpu': 1.6649881799999946}
{'index': 258, 'family': 0, 'gp_error': -1.299070808702396e-07, 'uncertainty': 7.464120903916221e-06, 'cost': 104, 'fits': [], 'cpu': 0.0027603799999980083}
{'index': 259, 'family': 1, 'gp_error': -5.3131373999038e-07, 'uncertainty': 1.8408720142970762e-05, 'cost': 104, 'fits': [{'seed': 0, 'fit': 0.011800808380959588, 'error': -7.089374126457507e-08, 'difference': 4.6041999872580494e-07, 'iterations': 125}], 'cpu': 0.7282326899999987}
{'index': 260, 'family': 2, 'gp_error': -2.855963297299091e-06, 'uncertainty': 0.0001514652400879316, 'cost': 104, 'fits': [{'seed': 0, 'fit': 0.08983172467984031, 'error': 1.8465363995877703e-05, 'difference': 2.1321327293176795e-05, 'iterations': 151}, {'seed': 1, 'fit': 0.4553012821241366, 'error': 1.230487747961164e-06, 'difference': 4.086451045260255e-06, 'iterations': 300}, {'seed': 2, 'fit': 0.6397869607302796, 'error': -6.757938510260552e-06, 'difference': -3.901975212961461e-06, 'iterations': 300}, {'seed': 3, 'fit': 1.0530352739526392, 'error': -0.00024329754653141047, 'difference': -0.00024044158323411138, 'iterations': 300}], 'cpu': 5.373566258000011}
{'index': 261, 'family': 3, 'gp_error': 1.6503468344253314e-05, 'uncertainty': 3.887608632051552e-05, 'cost': 104, 'fits': [], 'cpu': 0.0026990400000102}
{'index': 262, 'family': 4, 'gp_error': 4.767681165418478e-07, 'uncertainty': 8.240462416698886e-06, 'cost': 104, 'fits': [], 'cpu': 0.002990959999991105}
{'index': 263, 'family': 5, 'gp_error': -5.546771022976738e-07, 'uncertainty': 4.1904363303345204e-06, 'cost': 104, 'fits': [{'seed': 0, 'fit': 0.0077184120618196414, 'error': -1.2473577430260762e-07, 'difference': 4.2994132799506614e-07, 'iterations': 46}], 'cpu': 0.2816807690000047}
{'index': 264, 'family': 0, 'gp_error': 3.865702979943835e-07, 'uncertainty': 6.995462765703047e-06, 'cost': 104, 'fits': [], 'cpu': 0.002319200000002297}
{'index': 265, 'family': 1, 'gp_error': 3.240460300873994e-05, 'uncertainty': 0.00016716450665078258, 'cost': 104, 'fits': [{'seed': 0, 'fit': 0.006000066795116723, 'error': 7.405589106231287e-08, 'difference': -3.233054711767763e-05, 'iterations': 40}], 'cpu': 0.2578870900000112}
{'index': 266, 'family': 2, 'gp_error': 2.7384454484025156e-06, 'uncertainty': 4.800322642677525e-05, 'cost': 104, 'fits': [{'seed': 0, 'fit': 0.021028409578070784, 'error': 2.8160103321986415e-07, 'difference': -2.4568444151826514e-06, 'iterations': 62}], 'cpu': 0.3636086799999987}
{'index': 267, 'family': 3, 'gp_error': -1.7227925361851248e-06, 'uncertainty': 2.4386791336686266e-05, 'cost': 104, 'fits': [], 'cpu': 0.004885209999997642}
{'index': 268, 'family': 4, 'gp_error': -7.238831087219566e-06, 'uncertainty': 6.195351084466023e-05, 'cost': 104, 'fits': [], 'cpu': 0.004135519999991288}
{'index': 269, 'family': 5, 'gp_error': 7.832857670753146e-06, 'uncertainty': 5.6045181205462605e-05, 'cost': 104, 'fits': [{'seed': 0, 'fit': 0.07753467290941754, 'error': 2.764987925018017e-05, 'difference': 1.9817021579427024e-05, 'iterations': 222}], 'cpu': 1.1265302099999985}
{'index': 270, 'family': 0, 'gp_error': -3.510223889335859e-08, 'uncertainty': 1.9412444631595583e-06, 'cost': 104, 'fits': [], 'cpu': 0.0027750600000047143}
{'index': 271, 'family': 1, 'gp_error': 1.3152977018093814e-06, 'uncertainty': 4.208472106096209e-06, 'cost': 104, 'fits': [{'seed': 0, 'fit': 0.03040898696925105, 'error': 7.378491698307825e-08, 'difference': -1.2415127848263032e-06, 'iterations': 300}], 'cpu': 1.7232011400000005}
{'index': 272, 'family': 2, 'gp_error': -8.787550467292959e-07, 'uncertainty': 2.8270333877470334e-05, 'cost': 104, 'fits': [{'seed': 0, 'fit': 0.029240207285219276, 'error': 5.469733178401903e-07, 'difference': 1.4257283645694862e-06, 'iterations': 77}], 'cpu': 0.5193878500000011}
{'index': 273, 'family': 3, 'gp_error': -2.482518414170798e-06, 'uncertainty': 1.1590083994433261e-05, 'cost': 104, 'fits': [], 'cpu': 0.0028201100000018187}
{'index': 274, 'family': 4, 'gp_error': 6.262188113059777e-07, 'uncertainty': 1.3499173412510863e-05, 'cost': 104, 'fits': [], 'cpu': 0.0026928500000025224}
{'index': 275, 'family': 5, 'gp_error': -2.3691334817346754e-06, 'uncertainty': 3.6713833342257355e-05, 'cost': 104, 'fits': [{'seed': 0, 'fit': 0.051224430650364895, 'error': 1.606231106014756e-05, 'difference': 1.8431444541882235e-05, 'iterations': 88}], 'cpu': 0.5317343500000078}
{'index': 276, 'family': 0, 'gp_error': 9.465471256020224e-08, 'uncertainty': 1.7887727195696244e-05, 'cost': 104, 'fits': [], 'cpu': 0.003152529999994158}
{'index': 277, 'family': 1, 'gp_error': -1.3158152333631046e-05, 'uncertainty': 0.00011658096413439325, 'cost': 104, 'fits': [{'seed': 0, 'fit': 0.054364259914679254, 'error': 6.644527440578856e-06, 'difference': 1.98026797742099e-05, 'iterations': 198}], 'cpu': 0.9634622989999997}
{'index': 278, 'family': 2, 'gp_error': -1.9500378998435554e-06, 'uncertainty': 8.846789096965892e-05, 'cost': 104, 'fits': [{'seed': 0, 'fit': 0.32974848557416264, 'error': 1.544316521667176e-05, 'difference': 1.7393203116515314e-05, 'iterations': 300}, {'seed': 1, 'fit': 0.07608103592625023, 'error': -2.2441708199200317e-06, 'difference': -2.9413292007647633e-07, 'iterations': 300}], 'cpu': 2.750926788000001}
{'index': 279, 'family': 3, 'gp_error': -5.2546731758029776e-06, 'uncertainty': 4.877537090855719e-05, 'cost': 104, 'fits': [], 'cpu': 0.0023892700000089917}
{'index': 280, 'family': 4, 'gp_error': -3.357828104455507e-08, 'uncertainty': 1.0196182340462412e-06, 'cost': 104, 'fits': [], 'cpu': 0.003737160000000017}
{'index': 281, 'family': 5, 'gp_error': 3.495098342409797e-05, 'uncertainty': 0.0002221598892107962, 'cost': 104, 'fits': [{'seed': 0, 'fit': 0.31071814662538044, 'error': -5.339042341829476e-05, 'difference': -8.834140684239273e-05, 'iterations': 205}, {'seed': 1, 'fit': 0.9964964699991832, 'error': 0.0005604019619512488, 'difference': 0.0005254509785271508, 'iterations': 158}, {'seed': 2, 'fit': 0.505535452397911, 'error': -0.0008525926668638988, 'difference': -0.0008875436502879968, 'iterations': 205}, {'seed': 3, 'fit': 0.5682742832654224, 'error': 1.4518919968554446e-05, 'difference': -2.0432063455543524e-05, 'iterations': 204}], 'cpu': 3.701384007999991}
{'index': 282, 'family': 0, 'gp_error': -1.130867066656549e-07, 'uncertainty': 1.6200725105083037e-05, 'cost': 104, 'fits': [], 'cpu': 0.0035342299999996385}
{'index': 283, 'family': 1, 'gp_error': -4.334360209123922e-05, 'uncertainty': 0.0010150201917334192, 'cost': 104, 'fits': [{'seed': 0, 'fit': 0.09421437187469996, 'error': 0.00011603325982578738, 'difference': 0.0001593768619170266, 'iterations': 300}, {'seed': 1, 'fit': 1.5086735197706016, 'error': -0.0005463942109460503, 'difference': -0.0005030506088548111, 'iterations': 300}, {'seed': 2, 'fit': 0.6024996496219618, 'error': 0.0001289293528583537, 'difference': 0.00017227295494959293, 'iterations': 300}, {'seed': 3, 'fit': 1.8081727245371617, 'error': 0.0004308771593986025, 'difference': 0.0004742207614898417, 'iterations': 300}], 'cpu': 5.840597739000003}
{'index': 284, 'family': 2, 'gp_error': 2.171652425109194e-07, 'uncertainty': 4.029197125364387e-06, 'cost': 104, 'fits': [{'seed': 0, 'fit': 0.00837280440946761, 'error': 1.2086124554040205e-07, 'difference': -9.630399697051735e-08, 'iterations': 82}], 'cpu': 0.5314207889999949}
{'index': 285, 'family': 3, 'gp_error': -9.111105701120614e-06, 'uncertainty': 3.1191903692662016e-05, 'cost': 104, 'fits': [], 'cpu': 0.0027576100000032966}
{'index': 286, 'family': 4, 'gp_error': 5.832016509832448e-06, 'uncertainty': 4.8120271762573627e-05, 'cost': 104, 'fits': [], 'cpu': 0.0026971500000030346}
{'index': 287, 'family': 5, 'gp_error': -1.831844230963664e-06, 'uncertainty': 5.9095745364718025e-06, 'cost': 104, 'fits': [{'seed': 0, 'fit': 0.018819816133606265, 'error': -7.979270018270992e-07, 'difference': 1.0339172291365647e-06, 'iterations': 107}], 'cpu': 0.7107383299999981}
{'index': 288, 'family': 0, 'gp_error': 8.623766067916705e-08, 'uncertainty': 7.781818726921681e-06, 'cost': 104, 'fits': [], 'cpu': 0.00519090000000233}
{'index': 289, 'family': 1, 'gp_error': -2.548870179919227e-06, 'uncertainty': 8.683009776848284e-05, 'cost': 104, 'fits': [{'seed': 0, 'fit': 0.15617573898552362, 'error': 3.7138275033560497e-06, 'difference': 6.262697683275277e-06, 'iterations': 300}, {'seed': 1, 'fit': 0.14263432188893138, 'error': 3.1978582545929136e-08, 'difference': 2.580848762465156e-06, 'iterations': 300}, {'seed': 2, 'fit': 0.3926030755748426, 'error': 1.1807367874361362e-05, 'difference': 1.4356238054280589e-05, 'iterations': 300}, {'seed': 3, 'fit': 0.380137449056112, 'error': 8.526692759433963e-05, 'difference': 8.781579777425886e-05, 'iterations': 300}], 'cpu': 5.6039673390000075}
{'index': 290, 'family': 2, 'gp_error': 2.508233586557239e-06, 'uncertainty': 1.6172672950932504e-05, 'cost': 104, 'fits': [{'seed': 0, 'fit': 0.045887316928728605, 'error': 7.55949127018488e-07, 'difference': -1.7522844595387509e-06, 'iterations': 291}], 'cpu': 1.480724649999999}
{'index': 291, 'family': 3, 'gp_error': 4.2041422232408365e-07, 'uncertainty': 9.815844317826796e-06, 'cost': 104, 'fits': [], 'cpu': 0.003319099999998798}
{'index': 292, 'family': 4, 'gp_error': -1.9850440269308944e-07, 'uncertainty': 8.49426586569704e-06, 'cost': 104, 'fits': [], 'cpu': 0.0029197899999928723}
{'index': 293, 'family': 5, 'gp_error': 2.460559895833825e-07, 'uncertainty': 4.8186218379035005e-05, 'cost': 104, 'fits': [{'seed': 0, 'fit': 0.024068519892726684, 'error': 2.548957945942229e-07, 'difference': 8.839805010840433e-09, 'iterations': 45}], 'cpu': 0.27580722000000435}
{'index': 294, 'family': 0, 'gp_error': 4.5918987501281094e-09, 'uncertainty': 4.6253623231782953e-07, 'cost': 104, 'fits': [], 'cpu': 0.002575179999993793}
{'index': 295, 'family': 1, 'gp_error': 7.858950810263332e-07, 'uncertainty': 4.722725792243004e-06, 'cost': 104, 'fits': [{'seed': 0, 'fit': 0.0016307561641168212, 'error': -1.3018410447912501e-08, 'difference': -7.989134914742457e-07, 'iterations': 300}], 'cpu': 1.543008259000004}
{'index': 296, 'family': 2, 'gp_error': -2.1711168550209155e-06, 'uncertainty': 2.659454726058365e-05, 'cost': 104, 'fits': [{'seed': 0, 'fit': 0.06028013050317195, 'error': -8.102620164178883e-07, 'difference': 1.3608548386030271e-06, 'iterations': 132}], 'cpu': 0.7026467689999976}
{'index': 297, 'family': 3, 'gp_error': -1.2385463519226647e-06, 'uncertainty': 1.9877247826402466e-05, 'cost': 104, 'fits': [], 'cpu': 0.004185620000001222}
{'index': 298, 'family': 4, 'gp_error': 3.1828197439853767e-06, 'uncertainty': 6.435786286453119e-05, 'cost': 104, 'fits': [], 'cpu': 0.0038504900000049247}
{'index': 299, 'family': 5, 'gp_error': -1.4333764666307893e-06, 'uncertainty': 0.00013682479357086035, 'cost': 104, 'fits': [{'seed': 0, 'fit': 0.28246336933835353, 'error': -2.2364564254080042e-05, 'difference': -2.0931187787449253e-05, 'iterations': 300}, {'seed': 1, 'fit': 0.652557705921557, 'error': -4.676913424029866e-05, 'difference': -4.533575777366787e-05, 'iterations': 68}, {'seed': 2, 'fit': 0.5900187379222438, 'error': -0.0002917531692387518, 'difference': -0.00029031979277212104, 'iterations': 300}, {'seed': 3, 'fit': 0.6755810443315722, 'error': 1.2391001946739208e-06, 'difference': 2.67247666130471e-06, 'iterations': 152}], 'cpu': 4.114699849000004}
{'index': 300, 'family': 0, 'gp_error': -1.1155722656752697e-07, 'uncertainty': 3.4002441538234677e-06, 'cost': 104, 'fits': [], 'cpu': 0.003635710000011727}
{'index': 301, 'family': 1, 'gp_error': 1.866232732794515e-06, 'uncertainty': 8.04692913349643e-06, 'cost': 104, 'fits': [{'seed': 0, 'fit': 0.0023922935949477592, 'error': 6.930044433354653e-09, 'difference': -1.8593026883611604e-06, 'iterations': 46}], 'cpu': 0.3012361699999957}
{'index': 302, 'family': 2, 'gp_error': -1.4110820983015415e-05, 'uncertainty': 0.00017573963414434227, 'cost': 104, 'fits': [{'seed': 0, 'fit': 0.8634781624860767, 'error': 7.2324810404514e-05, 'difference': 8.643563138752941e-05, 'iterations': 300}, {'seed': 1, 'fit': 0.7851012291133237, 'error': -0.0004480303300230812, 'difference': -0.0004339195090400658, 'iterations': 300}, {'seed': 2, 'fit': 0.7693102393523918, 'error': -0.0001553806331945717, 'difference': -0.00014126981221155628, 'iterations': 300}, {'seed': 3, 'fit': 0.7998960587569608, 'error': 0.00023120716450103168, 'difference': 0.0002453179854840471, 'iterations': 300}], 'cpu': 6.122039548999993}
{'index': 303, 'family': 3, 'gp_error': 8.496741775720994e-06, 'uncertainty': 3.337700172651596e-05, 'cost': 104, 'fits': [], 'cpu': 0.0037265099999927997}
{'index': 304, 'family': 4, 'gp_error': 2.171585730126324e-06, 'uncertainty': 6.790959266283521e-05, 'cost': 104, 'fits': [], 'cpu': 0.0034521399999931646}
{'index': 305, 'family': 5, 'gp_error': -4.4209661685945534e-05, 'uncertainty': 0.00010231075892833913, 'cost': 104, 'fits': [{'seed': 0, 'fit': 0.5466590505349811, 'error': -4.046107728876948e-06, 'difference': 4.0163553957068586e-05, 'iterations': 300}, {'seed': 1, 'fit': 0.025589474785770935, 'error': -1.0898027714832968e-06, 'difference': 4.311985891446224e-05, 'iterations': 119}], 'cpu': 2.2318455690000008}
{'index': 306, 'family': 0, 'gp_error': 1.333843631101668e-07, 'uncertainty': 1.6275060250342044e-05, 'cost': 104, 'fits': [], 'cpu': 0.0038009900000020025}
{'index': 307, 'family': 1, 'gp_error': 3.9746881791424826e-07, 'uncertainty': 1.135361728380213e-06, 'cost': 104, 'fits': [{'seed': 0, 'fit': 0.008781999714513058, 'error': 3.056210795937254e-08, 'difference': -3.669067099548757e-07, 'iterations': 300}], 'cpu': 1.5715969990000076}
{'index': 308, 'family': 2, 'gp_error': 0.00013035554425622203, 'uncertainty': 0.00027417119449118176, 'cost': 104, 'fits': [{'seed': 0, 'fit': 0.47160350205801516, 'error': -8.986841324249844e-05, 'difference': -0.00022022395749872047, 'iterations': 221}, {'seed': 1, 'fit': 0.7049843971803358, 'error': 0.00027786588142415065, 'difference': 0.00014751033716792862, 'iterations': 276}, {'seed': 2, 'fit': 0.9371623038582886, 'error': -1.5181564551542466e-05, 'difference': -0.0001455371088077645, 'iterations': 300}, {'seed': 3, 'fit': 0.5760726808526384, 'error': 0.00011196786016776214, 'difference': -1.8387684088459896e-05, 'iterations': 300}], 'cpu': 5.50126217799999}
{'index': 309, 'family': 3, 'gp_error': 2.4431328005114494e-06, 'uncertainty': 4.4103438914797175e-05, 'cost': 104, 'fits': [], 'cpu': 0.0032746600000024273}
{'index': 310, 'family': 4, 'gp_error': 2.6098676664254563e-08, 'uncertainty': 6.980257723016454e-07, 'cost': 104, 'fits': [], 'cpu': 0.0026701900000034584}
{'index': 311, 'family': 5, 'gp_error': -5.114181802279297e-05, 'uncertainty': 0.0005071268284673805, 'cost': 104, 'fits': [{'seed': 0, 'fit': 6.433236095499871, 'error': -0.0001815290915081325, 'difference': -0.00013038727348533953, 'iterations': 42}, {'seed': 1, 'fit': 0.9946272543310979, 'error': -0.00106101390708091, 'difference': -0.001009872089058117, 'iterations': 300}, {'seed': 2, 'fit': 1.7484157267103746, 'error': -0.0010241855667708388, 'difference': -0.0009730437487480458, 'iterations': 263}, {'seed': 3, 'fit': 2.029433266334592, 'error': -0.0007155263539324941, 'difference': -0.0006643845359097011, 'iterations': 200}], 'cpu': 3.7663700179999893}
{'index': 312, 'family': 0, 'gp_error': -6.059954393844428e-08, 'uncertainty': 9.821957433429327e-07, 'cost': 104, 'fits': [], 'cpu': 0.004186560000007944}
{'index': 313, 'family': 1, 'gp_error': 7.494632850643668e-07, 'uncertainty': 3.3406303031394866e-06, 'cost': 104, 'fits': [{'seed': 0, 'fit': 0.019024820386097832, 'error': 1.5246293385616918e-08, 'difference': -7.342169916787499e-07, 'iterations': 300}], 'cpu': 1.5215444299999916}
{'index': 314, 'family': 2, 'gp_error': 6.316034174835821e-07, 'uncertainty': 2.284133130919563e-05, 'cost': 104, 'fits': [{'seed': 0, 'fit': 0.1134830823887865, 'error': -1.7648890585049447e-05, 'difference': -1.8280494002533027e-05, 'iterations': 173}, {'seed': 1, 'fit': 0.03283134120519197, 'error': -9.217686989391291e-07, 'difference': -1.5533721164227113e-06, 'iterations': 53}], 'cpu': 1.0104918389999966}
{'index': 315, 'family': 3, 'gp_error': -2.870100407115217e-06, 'uncertainty': 3.959415693845132e-05, 'cost': 104, 'fits': [], 'cpu': 0.0035463899999967907}
{'index': 316, 'family': 4, 'gp_error': 2.0212389595375413e-07, 'uncertainty': 3.43791444292923e-06, 'cost': 104, 'fits': [], 'cpu': 0.0019088399999986905}
{'index': 317, 'family': 5, 'gp_error': 4.858337479263231e-07, 'uncertainty': 1.2235199434817657e-05, 'cost': 104, 'fits': [{'seed': 0, 'fit': 0.018297055041541374, 'error': 8.91754195640257e-08, 'difference': -3.9665832836229736e-07, 'iterations': 56}], 'cpu': 0.2994877590000016}
{'index': 318, 'family': 0, 'gp_error': 8.433312825850718e-09, 'uncertainty': 1.540317538948789e-06, 'cost': 104, 'fits': [], 'cpu': 0.0020593600000040624}
{'index': 319, 'family': 1, 'gp_error': 8.944408824151928e-07, 'uncertainty': 1.727467097956915e-05, 'cost': 104, 'fits': [{'seed': 0, 'fit': 0.007803863649570071, 'error': -1.2493527972283084e-08, 'difference': -9.069344103874759e-07, 'iterations': 300}], 'cpu': 1.553817280000004}
{'index': 320, 'family': 2, 'gp_error': -0.00015777472896527645, 'uncertainty': 0.0009434628596409176, 'cost': 104, 'fits': [{'seed': 0, 'fit': 8.995244308736668, 'error': 0.0017378590960726002, 'difference': 0.0018956338250378766, 'iterations': 103}, {'seed': 1, 'fit': 18.587126098644482, 'error': 0.00044892485244896793, 'difference': 0.0006066995814142444, 'iterations': 186}, {'seed': 2, 'fit': 6.841105887938176, 'error': 0.0005486905908580354, 'difference': 0.0007064653198233118, 'iterations': 300}, {'seed': 3, 'fit': 6.851849530076073, 'error': 0.0006574281639836566, 'difference': 0.000815202892948933, 'iterations': 124}], 'cpu': 3.4534617089999955}
{'index': 321, 'family': 3, 'gp_error': -4.562713103117844e-06, 'uncertainty': 4.805907233689981e-05, 'cost': 104, 'fits': [], 'cpu': 0.0038869699999963814}
{'index': 322, 'family': 4, 'gp_error': -2.605702072999705e-07, 'uncertainty': 1.0528619278415957e-05, 'cost': 104, 'fits': [], 'cpu': 0.002984230000009802}
{'index': 323, 'family': 5, 'gp_error': 2.4341030900765226e-05, 'uncertainty': 0.00022038650126110702, 'cost': 104, 'fits': [{'seed': 0, 'fit': 0.02896256337362456, 'error': -1.1298713653931387e-07, 'difference': -2.445401803730454e-05, 'iterations': 180}], 'cpu': 1.027853069999992}
{'index': 324, 'family': 0, 'gp_error': -8.751668834072752e-09, 'uncertainty': 8.476307943959112e-07, 'cost': 104, 'fits': [], 'cpu': 0.003546569999997473}
{'index': 325, 'family': 1, 'gp_error': 2.1200882583741215e-06, 'uncertainty': 2.1564103983627253e-05, 'cost': 104, 'fits': [{'seed': 0, 'fit': 0.013101225276576004, 'error': 4.783154847889663e-07, 'difference': -1.6417727735851553e-06, 'iterations': 300}], 'cpu': 1.4113739090000053}
{'index': 326, 'family': 2, 'gp_error': -8.791989447087811e-05, 'uncertainty': 0.00046754880830390333, 'cost': 104, 'fits': [{'seed': 0, 'fit': 0.4538268994720195, 'error': -4.444200952371456e-05, 'difference': 4.347788494716355e-05, 'iterations': 300}, {'seed': 1, 'fit': 1.441478902187801, 'error': 0.00027569915426694516, 'difference': 0.00036361904873782327, 'iterations': 240}, {'seed': 2, 'fit': 2.211610839934037, 'error': -0.001907784952381472, 'difference': -0.0018198650579105938, 'iterations': 300}, {'seed': 3, 'fit': 3.2939530782921493, 'error': -9.259818667144936e-05, 'difference': -4.678292200571246e-06, 'iterations': 139}], 'cpu': 5.066010067999997}
{'index': 327, 'family': 3, 'gp_error': -7.937715806871595e-08, 'uncertainty': 2.2402768319018437e-05, 'cost': 104, 'fits': [], 'cpu': 0.003268649999995432}
{'index': 328, 'family': 4, 'gp_error': 2.710824229534836e-07, 'uncertainty': 2.7931754882576293e-05, 'cost': 104, 'fits': [], 'cpu': 0.00338877999999454}
{'index': 329, 'family': 5, 'gp_error': 2.4789309838180174e-06, 'uncertainty': 0.00014971665819376172, 'cost': 104, 'fits': [{'seed': 0, 'fit': 0.034090273917506055, 'error': 8.929219652417791e-07, 'difference': -1.5860090185762382e-06, 'iterations': 72}], 'cpu': 0.46176067900000817}
{'index': 330, 'family': 0, 'gp_error': 3.330889974950679e-08, 'uncertainty': 5.743970076731891e-06, 'cost': 104, 'fits': [], 'cpu': 0.0037912899999952288}
{'index': 331, 'family': 1, 'gp_error': 2.6449145305251776e-05, 'uncertainty': 0.0002438579993331177, 'cost': 104, 'fits': [{'seed': 0, 'fit': 0.012177527031013043, 'error': 1.399011452025246e-06, 'difference': -2.505013385322653e-05, 'iterations': 73}], 'cpu': 0.39031271000000345}
{'index': 332, 'family': 2, 'gp_error': 2.0178256541214515e-06, 'uncertainty': 1.5288685307556468e-05, 'cost': 104, 'fits': [{'seed': 0, 'fit': 0.08060929512953939, 'error': 3.330630410316997e-07, 'difference': -1.6847626130897518e-06, 'iterations': 109}, {'seed': 1, 'fit': 0.007554311625072131, 'error': -1.5567145924359054e-07, 'difference': -2.173497113365042e-06, 'iterations': 200}], 'cpu': 1.7360818800000004}
{'index': 333, 'family': 3, 'gp_error': 1.91285856210309e-06, 'uncertainty': 4.2652242169328615e-05, 'cost': 104, 'fits': [], 'cpu': 0.0028068399999909843}
{'index': 334, 'family': 4, 'gp_error': -3.203881839830559e-07, 'uncertainty': 4.571854350259465e-06, 'cost': 104, 'fits': [], 'cpu': 0.0023907799999989265}
{'index': 335, 'family': 5, 'gp_error': -2.184179854630708e-05, 'uncertainty': 5.8618584141813235e-05, 'cost': 104, 'fits': [{'seed': 0, 'fit': 0.1797128972453999, 'error': -1.711785819506802e-05, 'difference': 4.723940351239057e-06, 'iterations': 300}, {'seed': 1, 'fit': 0.03813125975960997, 'error': -2.909391651582356e-07, 'difference': 2.1550859381148843e-05, 'iterations': 107}], 'cpu': 1.8541369489999937}
{'index': 336, 'family': 0, 'gp_error': 2.063156010478906e-07, 'uncertainty': 7.065302436312074e-05, 'cost': 104, 'fits': [], 'cpu': 0.0024289299999935565}
{'index': 337, 'family': 1, 'gp_error': -1.6806750510189872e-05, 'uncertainty': 0.00022914903927756728, 'cost': 104, 'fits': [{'seed': 0, 'fit': 0.004053704895914358, 'error': -1.468846041187107e-07, 'difference': 1.665986590607116e-05, 'iterations': 89}], 'cpu': 0.4767891599999956}
{'index': 338, 'family': 2, 'gp_error': -4.2840517129882905e-05, 'uncertainty': 0.0010111940474032339, 'cost': 104, 'fits': [{'seed': 0, 'fit': 0.9808782805765811, 'error': -0.00041636605835049766, 'difference': -0.00037352554122061475, 'iterations': 300}, {'seed': 1, 'fit': 8.049262934495063, 'error': -2.3193602423014163e-05, 'difference': 1.9646914706868742e-05, 'iterations': 300}, {'seed': 2, 'fit': 26.608149077477684, 'error': 0.003701764685895023, 'difference': 0.0037446052030249057, 'iterations': 300}, {'seed': 3, 'fit': 28.13376964054954, 'error': -8.064283269150182e-05, 'difference': -3.780231556161891e-05, 'iterations': 109}], 'cpu': 4.961900327999999}
{'index': 339, 'family': 3, 'gp_error': -2.0355873149302556e-06, 'uncertainty': 1.4075479728492167e-05, 'cost': 104, 'fits': [], 'cpu': 0.003895769999999743}
{'index': 340, 'family': 4, 'gp_error': 6.334514756956011e-06, 'uncertainty': 3.1661918590842484e-05, 'cost': 104, 'fits': [], 'cpu': 0.0028758999999922708}
{'index': 341, 'family': 5, 'gp_error': 9.615335477705655e-06, 'uncertainty': 3.779271068417929e-05, 'cost': 104, 'fits': [{'seed': 0, 'fit': 0.22587428690082967, 'error': 1.8170213820904322e-05, 'difference': 8.554878343198666e-06, 'iterations': 300}, {'seed': 1, 'fit': 0.20635430635762625, 'error': 9.191690696262632e-06, 'difference': -4.23644781443023e-07, 'iterations': 300}, {'seed': 2, 'fit': 0.17332647284004574, 'error': 2.2393424149439313e-05, 'difference': 1.2778088671733657e-05, 'iterations': 300}, {'seed': 3, 'fit': 0.12360748565950046, 'error': 1.4450585374015603e-05, 'difference': 4.835249896309948e-06, 'iterations': 300}], 'cpu': 6.019326716999998}
{'index': 342, 'family': 0, 'gp_error': -6.104248340133012e-08, 'uncertainty': 1.288186398583397e-06, 'cost': 104, 'fits': [], 'cpu': 0.0037524099999899363}
{'index': 343, 'family': 1, 'gp_error': 8.642411354800594e-06, 'uncertainty': 8.040127164603218e-05, 'cost': 104, 'fits': [{'seed': 0, 'fit': 0.0064823649967472655, 'error': 8.13951201631384e-08, 'difference': -8.561016234637456e-06, 'iterations': 300}], 'cpu': 1.3978100900000072}
{'index': 344, 'family': 2, 'gp_error': -3.775192265187406e-07, 'uncertainty': 1.881229499139263e-05, 'cost': 104, 'fits': [{'seed': 0, 'fit': 0.06127959492123334, 'error': 1.4303859686126727e-06, 'difference': 1.8079051951314133e-06, 'iterations': 181}], 'cpu': 0.957406129000006}
{'index': 345, 'family': 3, 'gp_error': 0.0001195013905157527, 'uncertainty': 0.00010565187729906122, 'cost': 104, 'fits': [{'seed': 0, 'fit': 0.04658607558818068, 'error': 7.425159923346705e-06, 'difference': -0.000112076230592406, 'iterations': 110}], 'cpu': 0.6493629189999979}
{'index': 346, 'family': 4, 'gp_error': -1.9138025646903145e-05, 'uncertainty': 0.00013310222221993672, 'cost': 104, 'fits': [{'seed': 0, 'fit': 0.0424755003949037, 'error': -4.99132057251117e-07, 'difference': 1.8638893589652028e-05, 'iterations': 39}], 'cpu': 0.224304520000004}
{'index': 347, 'family': 5, 'gp_error': -1.2239483819509456e-07, 'uncertainty': 1.2607740930185195e-05, 'cost': 104, 'fits': [{'seed': 0, 'fit': 0.04348873081709796, 'error': 2.979832378317038e-07, 'difference': 4.2037807602679834e-07, 'iterations': 68}], 'cpu': 0.3476653700000014}
{'index': 348, 'family': 0, 'gp_error': -4.529655606155811e-08, 'uncertainty': 3.0864210786498693e-06, 'cost': 104, 'fits': [], 'cpu': 0.002455279999992399}
{'index': 349, 'family': 1, 'gp_error': 7.870698298211021e-07, 'uncertainty': 1.6995674082657364e-06, 'cost': 104, 'fits': [{'seed': 0, 'fit': 0.0026197531285528154, 'error': -2.0579072876937265e-08, 'difference': -8.076489026980394e-07, 'iterations': 41}], 'cpu': 0.26450506999999845}
{'index': 350, 'family': 2, 'gp_error': 1.0598491186009085e-05, 'uncertainty': 6.17421813611701e-05, 'cost': 104, 'fits': [{'seed': 0, 'fit': 0.03711911507383707, 'error': -3.415132747914529e-07, 'difference': -1.0940004460800538e-05, 'iterations': 83}], 'cpu': 0.49297420999999986}
{'index': 351, 'family': 3, 'gp_error': -1.5712771110898551e-06, 'uncertainty': 7.41742021626644e-05, 'cost': 104, 'fits': [], 'cpu': 0.0024467999999870926}
{'index': 352, 'family': 4, 'gp_error': -5.638705672911247e-06, 'uncertainty': 6.860796785689867e-05, 'cost': 104, 'fits': [], 'cpu': 0.002136380000010263}
{'index': 353, 'family': 5, 'gp_error': 4.074341208137877e-06, 'uncertainty': 4.486773137186553e-05, 'cost': 104, 'fits': [{'seed': 0, 'fit': 0.09481688992088333, 'error': 1.501250670043587e-06, 'difference': -2.57309053809429e-06, 'iterations': 300}, {'seed': 1, 'fit': 0.20625999928427619, 'error': 0.00013165777497937297, 'difference': 0.0001275834337712351, 'iterations': 300}, {'seed': 2, 'fit': 0.1944692511322344, 'error': -1.5030489061714503e-05, 'difference': -1.910483026985238e-05, 'iterations': 300}, {'seed': 3, 'fit': 0.10760587678434493, 'error': 7.084317039020352e-06, 'difference': 3.009975830882475e-06, 'iterations': 181}], 'cpu': 5.201017247999999}
{'index': 354, 'family': 0, 'gp_error': 4.177622614509606e-06, 'uncertainty': 5.2154471800649326e-05, 'cost': 104, 'fits': [], 'cpu': 0.0025548600000036004}
{'index': 355, 'family': 1, 'gp_error': 1.2835762548513152e-05, 'uncertainty': 0.00021102486413782527, 'cost': 104, 'fits': [{'seed': 0, 'fit': 0.011663783450371128, 'error': -9.099165769097493e-08, 'difference': -1.2926754206204127e-05, 'iterations': 288}], 'cpu': 1.3018256299999962}
{'index': 356, 'family': 2, 'gp_error': 3.160919377298565e-06, 'uncertainty': 2.4089784872852088e-05, 'cost': 104, 'fits': [{'seed': 0, 'fit': 0.02328140147898162, 'error': 4.216880332941515e-08, 'difference': -3.11875057396915e-06, 'iterations': 45}], 'cpu': 0.22634997000000112}
{'index': 357, 'family': 3, 'gp_error': -5.0613368616225785e-06, 'uncertainty': 4.434347387842877e-05, 'cost': 104, 'fits': [], 'cpu': 0.002143770000003542}
{'index': 358, 'family': 4, 'gp_error': -7.746697243682377e-07, 'uncertainty': 2.9258795084536112e-05, 'cost': 104, 'fits': [], 'cpu': 0.0021652100000011387}
{'index': 359, 'family': 5, 'gp_error': -3.379638567213572e-05, 'uncertainty': 0.0003710896367026439, 'cost': 104, 'fits': [{'seed': 0, 'fit': 1.9345532090404005, 'error': 0.0010826413886724047, 'difference': 0.0011164377743445404, 'iterations': 300}, {'seed': 1, 'fit': 3.0552799704075113, 'error': 0.0001807587356946077, 'difference': 0.00021455512136674343, 'iterations': 300}, {'seed': 2, 'fit': 1.1728705664211656, 'error': -0.00010857713364835063, 'difference': -7.478074797621491e-05, 'iterations': 300}, {'seed': 3, 'fit': 1.08159407066649, 'error': 0.0010233327740721792, 'difference': 0.001057129159744315, 'iterations': 300}], 'cpu': 5.282802188000005}
{'index': 360, 'family': 0, 'gp_error': 7.541478741490682e-08, 'uncertainty': 3.225788848790011e-06, 'cost': 104, 'fits': [], 'cpu': 0.0026190699999943945}
{'index': 361, 'family': 1, 'gp_error': 4.761350275717113e-06, 'uncertainty': 1.19317951842809e-05, 'cost': 104, 'fits': [{'seed': 0, 'fit': 0.005330839963780054, 'error': 1.3309972692465013e-07, 'difference': -4.628250548792463e-06, 'iterations': 300}], 'cpu': 1.3996958890000002}
{'index': 362, 'family': 2, 'gp_error': -1.4459938748601076e-06, 'uncertainty': 0.00011124537933220048, 'cost': 104, 'fits': [{'seed': 0, 'fit': 0.3187252529147722, 'error': -2.1321688370585734e-05, 'difference': -1.9875694495725626e-05, 'iterations': 300}, {'seed': 1, 'fit': 0.3136675236177471, 'error': 1.084914284857333e-05, 'difference': 1.2295136723433437e-05, 'iterations': 300}, {'seed': 2, 'fit': 0.523113948738036, 'error': 4.437472351393983e-05, 'difference': 4.582071738879994e-05, 'iterations': 300}, {'seed': 3, 'fit': 0.3896917082284111, 'error': -6.512910019266472e-05, 'difference': -6.368310631780461e-05, 'iterations': 300}], 'cpu': 5.701763827999997}
{'index': 363, 'family': 3, 'gp_error': -2.0046737591594692e-05, 'uncertainty': 4.8200584506507024e-05, 'cost': 104, 'fits': [], 'cpu': 0.0023884099999946784}
{'index': 364, 'family': 4, 'gp_error': -9.476164852806352e-07, 'uncertainty': 3.9667775702417845e-05, 'cost': 104, 'fits': [], 'cpu': 0.002216300000000615}
{'index': 365, 'family': 5, 'gp_error': 1.8461296884098033e-05, 'uncertainty': 0.0006084475966464548, 'cost': 104, 'fits': [{'seed': 0, 'fit': 0.028657633098818188, 'error': -3.175534486411109e-06, 'difference': -2.1636831370509142e-05, 'iterations': 106}], 'cpu': 0.46131540999999743}
{'index': 366, 'family': 0, 'gp_error': -4.318939346159567e-07, 'uncertainty': 8.939983730340887e-06, 'cost': 104, 'fits': [], 'cpu': 0.002425790000003758}
{'index': 367, 'family': 1, 'gp_error': 4.2380991681148505e-06, 'uncertainty': 0.00040915777842691207, 'cost': 104, 'fits': [{'seed': 0, 'fit': 0.005681748127457242, 'error': -9.331601191065039e-08, 'difference': -4.331415180025501e-06, 'iterations': 55}], 'cpu': 0.3049297700000011}
{'index': 368, 'family': 2, 'gp_error': 1.5365080779927709e-06, 'uncertainty': 7.38744180810194e-05, 'cost': 104, 'fits': [{'seed': 0, 'fit': 0.2316743327304896, 'error': -2.4837839051739674e-05, 'difference': -2.6374347129732445e-05, 'iterations': 288}, {'seed': 1, 'fit': 0.26759575845348027, 'error': 7.760785950826929e-07, 'difference': -7.60429482910078e-07, 'iterations': 300}, {'seed': 2, 'fit': 0.8270841004347269, 'error': -9.567070485004401e-06, 'difference': -1.1103578562997172e-05, 'iterations': 300}, {'seed': 3, 'fit': 0.8911815433076783, 'error': 9.497449092824465e-05, 'difference': 9.343798285025188e-05, 'iterations': 300}], 'cpu': 6.313771486999997}
{'index': 369, 'family': 3, 'gp_error': -1.6825467292758134e-06, 'uncertainty': 1.9219284781336855e-05, 'cost': 104, 'fits': [], 'cpu': 0.0031002999999998337}
{'index': 370, 'family': 4, 'gp_error': -3.9010591645904924e-08, 'uncertainty': 2.1928667392414564e-06, 'cost': 104, 'fits': [], 'cpu': 0.0026454599999965467}
{'index': 371, 'family': 5, 'gp_error': -7.935792896700267e-06, 'uncertainty': 4.93103204518217e-05, 'cost': 104, 'fits': [{'seed': 0, 'fit': 0.01690625046954107, 'error': -2.3108259232583468e-07, 'difference': 7.704710304374432e-06, 'iterations': 57}], 'cpu': 0.2993227399999938}
{'index': 372, 'family': 0, 'gp_error': -3.1129818857111866e-06, 'uncertainty': 2.1211730396009422e-05, 'cost': 104, 'fits': [], 'cpu': 0.0024082999999990307}
{'index': 373, 'family': 1, 'gp_error': 2.1041516165814372e-07, 'uncertainty': 7.679911717419745e-07, 'cost': 104, 'fits': [{'seed': 0, 'fit': 0.001772449960310182, 'error': -5.387148796038693e-10, 'difference': -2.109538765377476e-07, 'iterations': 62}], 'cpu': 0.3020966600000037}
{'index': 374, 'family': 2, 'gp_error': 2.079352504291698e-06, 'uncertainty': 8.84918716424294e-06, 'cost': 104, 'fits': [{'seed': 0, 'fit': 0.012526661363485372, 'error': 1.6135547899324123e-07, 'difference': -1.9179970252984565e-06, 'iterations': 104}], 'cpu': 0.4940555200000034}
{'index': 375, 'family': 3, 'gp_error': -3.483158663941664e-06, 'uncertainty': 1.235990314929044e-05, 'cost': 104, 'fits': [], 'cpu': 0.002807420000010552}
{'index': 376, 'family': 4, 'gp_error': 4.706563594414348e-08, 'uncertainty': 3.819751381635029e-06, 'cost': 104, 'fits': [], 'cpu': 0.0032376400000089234}
{'index': 377, 'family': 5, 'gp_error': -1.4819484816019912e-05, 'uncertainty': 0.0002506732440499404, 'cost': 104, 'fits': [{'seed': 0, 'fit': 0.058115386193866574, 'error': 6.87789051180676e-06, 'difference': 2.1697375327826672e-05, 'iterations': 300}], 'cpu': 1.4009982089999937}
{'index': 378, 'family': 0, 'gp_error': -2.800261652557978e-07, 'uncertainty': 3.5756695882887215e-06, 'cost': 104, 'fits': [], 'cpu': 0.0032178299999969795}
{'index': 379, 'family': 1, 'gp_error': -3.0528317889189083e-06, 'uncertainty': 0.00014687333254229126, 'cost': 104, 'fits': [{'seed': 0, 'fit': 0.009145068189073569, 'error': 6.181679386507244e-08, 'difference': 3.1146485827839807e-06, 'iterations': 54}], 'cpu': 0.30428258000000596}
{'index': 380, 'family': 2, 'gp_error': 7.500442487096144e-06, 'uncertainty': 5.5639944452805703e-05, 'cost': 104, 'fits': [{'seed': 0, 'fit': 0.08440828645973306, 'error': 2.4772758569811985e-05, 'difference': 1.727231608271584e-05, 'iterations': 126}, {'seed': 1, 'fit': 0.09458919193425781, 'error': 2.1059643289922e-05, 'difference': 1.3559200802825854e-05, 'iterations': 95}, {'seed': 2, 'fit': 0.14048022305860242, 'error': -8.620982882425225e-06, 'difference': -1.612142536952137e-05, 'iterations': 172}, {'seed': 3, 'fit': 0.1306727788008197, 'error': 1.2129966112682075e-05, 'difference': 4.629523625585931e-06, 'iterations': 300}], 'cpu': 3.0042786980000074}
{'index': 381, 'family': 3, 'gp_error': 1.470075027376616e-06, 'uncertainty': 2.61133138562676e-05, 'cost': 104, 'fits': [], 'cpu': 0.002729889999997681}
{'index': 382, 'family': 4, 'gp_error': 1.4359835108779253e-06, 'uncertainty': 1.3170480178392846e-05, 'cost': 104, 'fits': [], 'cpu': 0.002792510000006132}
{'index': 383, 'family': 5, 'gp_error': 0.00010396021435071795, 'uncertainty': 0.0010384564074877919, 'cost': 104, 'fits': [{'seed': 0, 'fit': 4.21963780052662, 'error': 0.0009741487407523984, 'difference': 0.0008701885264016805, 'iterations': 300}, {'seed': 1, 'fit': 10.359059966539085, 'error': -0.004164993957893274, 'difference': -0.004268954172243992, 'iterations': 89}, {'seed': 2, 'fit': 12.949568077802804, 'error': 0.00010025717020997163, 'difference': -3.703044140746317e-06, 'iterations': 136}, {'seed': 3, 'fit': 4.763700477902731, 'error': 0.0004556148235099305, 'difference': 0.00035165460915921257, 'iterations': 258}], 'cpu': 3.5819011490000037}
{'index': 384, 'family': 0, 'gp_error': -5.8556056670198305e-09, 'uncertainty': 3.2271161340715144e-05, 'cost': 104, 'fits': [], 'cpu': 0.0034373600000066062}
{'index': 385, 'family': 1, 'gp_error': 7.95805501388469e-06, 'uncertainty': 0.0002063648917117214, 'cost': 104, 'fits': [{'seed': 0, 'fit': 0.009773444107610496, 'error': 1.5557025866066044e-07, 'difference': -7.80248475522403e-06, 'iterations': 38}], 'cpu': 0.23110836000000745}
{'index': 386, 'family': 2, 'gp_error': -3.995954915292366e-06, 'uncertainty': 4.7091801198308056e-05, 'cost': 104, 'fits': [{'seed': 0, 'fit': 0.02365887823472771, 'error': -6.911507452375959e-08, 'difference': 3.926839840768606e-06, 'iterations': 65}], 'cpu': 0.32829273999999486}
{'index': 387, 'family': 3, 'gp_error': 1.979113250305531e-05, 'uncertainty': 6.1670621103784e-05, 'cost': 104, 'fits': [], 'cpu': 0.0026150700000044935}
{'index': 388, 'family': 4, 'gp_error': 2.5617890478391026e-06, 'uncertainty': 2.0316419315155633e-05, 'cost': 104, 'fits': [], 'cpu': 0.002087529999997173}
{'index': 389, 'family': 5, 'gp_error': -2.546612460692377e-06, 'uncertainty': 1.879511499162681e-05, 'cost': 104, 'fits': [{'seed': 0, 'fit': 0.08612393549097011, 'error': 3.5820739869710236e-07, 'difference': 2.904819859389479e-06, 'iterations': 300}, {'seed': 1, 'fit': 0.011294275191776572, 'error': 8.703194783705334e-08, 'difference': 2.63364440852943e-06, 'iterations': 222}], 'cpu': 2.228266548999997}
{'index': 390, 'family': 0, 'gp_error': 9.827961111597006e-09, 'uncertainty': 4.490774221274264e-07, 'cost': 104, 'fits': [], 'cpu': 0.004431499999995481}
{'index': 391, 'family': 1, 'gp_error': 3.875332406311219e-06, 'uncertainty': 7.518482005586207e-05, 'cost': 104, 'fits': [{'seed': 0, 'fit': 0.0296271078411066, 'error': 6.495220870328942e-08, 'difference': -3.81038019760793e-06, 'iterations': 101}], 'cpu': 0.5753587100000033}
{'index': 392, 'family': 2, 'gp_error': -7.057671290722212e-07, 'uncertainty': 2.7956307389832268e-05, 'cost': 104, 'fits': [{'seed': 0, 'fit': 0.009946638310121091, 'error': 1.6725543585248984e-07, 'difference': 8.73022564924711e-07, 'iterations': 69}], 'cpu': 0.4225636099999974}
{'index': 393, 'family': 3, 'gp_error': 1.943328429732105e-06, 'uncertainty': 3.137025954797774e-05, 'cost': 104, 'fits': [], 'cpu': 0.0023741600000022345}
{'index': 394, 'family': 4, 'gp_error': 1.1460756447867482e-05, 'uncertainty': 7.687140765359799e-05, 'cost': 104, 'fits': [], 'cpu': 0.0022929999999945494}
{'index': 395, 'family': 5, 'gp_error': -4.4535105491322335e-05, 'uncertainty': 0.00019506309366141105, 'cost': 104, 'fits': [{'seed': 0, 'fit': 1.648332724097492, 'error': -7.940735519773384e-05, 'difference': -3.48722497064115e-05, 'iterations': 69}, {'seed': 1, 'fit': 0.718645347269478, 'error': 0.0005962853415653043, 'difference': 0.0006408204470566266, 'iterations': 240}, {'seed': 2, 'fit': 4.243436005875736, 'error': -0.0013365435969983986, 'difference': -0.0012920084915070762, 'iterations': 300}, {'seed': 3, 'fit': 0.14483264129573978, 'error': -2.26475101041321e-05, 'difference': 2.1887595387190236e-05, 'iterations': 300}], 'cpu': 4.129115108999997}
{'index': 396, 'family': 0, 'gp_error': 2.4809567289452175e-08, 'uncertainty': 2.178988594206304e-06, 'cost': 104, 'fits': [], 'cpu': 0.0031175300000114703}
{'index': 397, 'family': 1, 'gp_error': 7.191209345530636e-06, 'uncertainty': 0.00010817862730617239, 'cost': 104, 'fits': [{'seed': 0, 'fit': 0.16271164220016626, 'error': 2.4821441100560366e-05, 'difference': 1.763023175502973e-05, 'iterations': 300}, {'seed': 1, 'fit': 0.012022631129081666, 'error': 9.580551264161679e-07, 'difference': -6.233154219114468e-06, 'iterations': 83}], 'cpu': 1.8839008489999998}
{'index': 398, 'family': 2, 'gp_error': -4.17389417277092e-05, 'uncertainty': 0.00011964737679852012, 'cost': 104, 'fits': [{'seed': 0, 'fit': 0.010700950253526926, 'error': -1.2145327786617158e-06, 'difference': 4.0524408949047484e-05, 'iterations': 262}], 'cpu': 1.118414169999994}
{'index': 399, 'family': 3, 'gp_error': -4.774594738576887e-06, 'uncertainty': 2.9792436081210373e-05, 'cost': 104, 'fits': [], 'cpu': 0.003959430000008979}
{'index': 400, 'family': 4, 'gp_error': -3.3438858725309896e-06, 'uncertainty': 9.804665246575219e-05, 'cost': 104, 'fits': [], 'cpu': 0.0034910700000096995}
{'index': 401, 'family': 5, 'gp_error': -8.078879511902449e-07, 'uncertainty': 4.590231747462838e-06, 'cost': 104, 'fits': [{'seed': 0, 'fit': 0.03473159671133551, 'error': -9.947783268492955e-07, 'difference': -1.868903756590506e-07, 'iterations': 300}], 'cpu': 1.500906268999998}
{'index': 402, 'family': 0, 'gp_error': -4.156969768409624e-09, 'uncertainty': 2.4356002647977917e-06, 'cost': 104, 'fits': [], 'cpu': 0.0019377299999945308}
{'index': 403, 'family': 1, 'gp_error': 1.213011573474726e-06, 'uncertainty': 4.258956144248981e-06, 'cost': 104, 'fits': [{'seed': 0, 'fit': 0.0049350310027632014, 'error': 1.0165349530926336e-07, 'difference': -1.1113580781654626e-06, 'iterations': 72}], 'cpu': 0.3742665890000012}
{'index': 404, 'family': 2, 'gp_error': -5.8290203210131786e-05, 'uncertainty': 0.0006171751130127889, 'cost': 104, 'fits': [{'seed': 0, 'fit': 14.090367391227872, 'error': -0.00012012289746261915, 'difference': -6.183269425248737e-05, 'iterations': 144}, {'seed': 1, 'fit': 1.3100880645321133, 'error': 0.0005278594788214136, 'difference': 0.0005861496820315454, 'iterations': 150}, {'seed': 2, 'fit': 3.490062851833546, 'error': 6.122247509769479e-05, 'difference': 0.00011951267830782658, 'iterations': 300}, {'seed': 3, 'fit': 32.55909000901875, 'error': -0.0014725472832784645, 'difference': -0.0014142570800683328, 'iterations': 38}], 'cpu': 2.800278769000002}
{'index': 405, 'family': 3, 'gp_error': -2.288579328935114e-06, 'uncertainty': 3.215281583222281e-05, 'cost': 104, 'fits': [], 'cpu': 0.0036066400000009935}
{'index': 406, 'family': 4, 'gp_error': -3.3320446590767716e-07, 'uncertainty': 5.849202517039369e-06, 'cost': 104, 'fits': [], 'cpu': 0.0028891400000077283}
{'index': 407, 'family': 5, 'gp_error': -1.7274571846248588e-05, 'uncertainty': 0.00012164210043562, 'cost': 104, 'fits': [{'seed': 0, 'fit': 0.45034660833846557, 'error': 9.228112787211117e-06, 'difference': 2.6502684633459704e-05, 'iterations': 300}, {'seed': 1, 'fit': 0.278500900762202, 'error': -0.00014986214387964844, 'difference': -0.00013258757203339985, 'iterations': 300}, {'seed': 2, 'fit': 0.8229974289413512, 'error': -0.00016129511092838653, 'difference': -0.00014402053908213794, 'iterations': 300}, {'seed': 3, 'fit': 0.6493283121843139, 'error': -2.3695057302082468e-05, 'difference': -6.42048545583388e-06, 'iterations': 89}], 'cpu': 4.652096969000013}
{'index': 408, 'family': 0, 'gp_error': -4.451297828111933e-07, 'uncertainty': 6.790040363660776e-06, 'cost': 104, 'fits': [], 'cpu': 0.0028751199999987875}
{'index': 409, 'family': 1, 'gp_error': 5.6630082291911354e-08, 'uncertainty': 9.531115512194689e-07, 'cost': 104, 'fits': [{'seed': 0, 'fit': 0.0026819624919946694, 'error': 1.1994065772296073e-10, 'difference': -5.6510141634188394e-08, 'iterations': 86}], 'cpu': 0.4201954700000101}
{'index': 410, 'family': 2, 'gp_error': 1.4587234420049283e-05, 'uncertainty': 0.0001268959581548622, 'cost': 104, 'fits': [{'seed': 0, 'fit': 0.03589533928331031, 'error': 3.588700876271791e-06, 'difference': -1.0998533543777492e-05, 'iterations': 300}], 'cpu': 1.2114690599999989}
{'index': 411, 'family': 3, 'gp_error': -5.847101230194163e-06, 'uncertainty': 1.570504934926632e-05, 'cost': 104, 'fits': [], 'cpu': 0.0031130699999977196}
{'index': 412, 'family': 4, 'gp_error': -9.988195545818077e-06, 'uncertainty': 0.00015361454731735558, 'cost': 104, 'fits': [{'seed': 0, 'fit': 0.05837395767617867, 'error': -1.1830317121731185e-06, 'difference': 8.805163833644958e-06, 'iterations': 56}], 'cpu': 0.2788132100000098}
{'index': 413, 'family': 5, 'gp_error': 1.3331076765841542e-05, 'uncertainty': 0.00010251764595441175, 'cost': 104, 'fits': [{'seed': 0, 'fit': 0.01864491271294418, 'error': 1.5731797484690795e-06, 'difference': -1.1757897017372463e-05, 'iterations': 215}], 'cpu': 0.8733944490000027}
{'index': 414, 'family': 0, 'gp_error': -5.474126130167221e-08, 'uncertainty': 9.515939930918215e-06, 'cost': 104, 'fits': [], 'cpu': 0.001967720000010331}
{'index': 415, 'family': 1, 'gp_error': 1.0153955512237633e-06, 'uncertainty': 3.77987081097227e-06, 'cost': 104, 'fits': [{'seed': 0, 'fit': 0.0024817723851926522, 'error': 5.1898644256723443e-08, 'difference': -9.6349690696704e-07, 'iterations': 300}], 'cpu': 1.3862007489999968}
{'index': 416, 'family': 2, 'gp_error': 5.597160010806235e-06, 'uncertainty': 2.1728150992872112e-05, 'cost': 104, 'fits': [{'seed': 0, 'fit': 0.01809145869234071, 'error': 2.434557439593245e-07, 'difference': -5.35370426684691e-06, 'iterations': 97}], 'cpu': 0.4748766100000097}
{'index': 417, 'family': 3, 'gp_error': -3.1166307447039188e-06, 'uncertainty': 6.775071806525708e-05, 'cost': 104, 'fits': [], 'cpu': 0.0019589500000023463}
{'index': 418, 'family': 4, 'gp_error': 3.544216982120929e-07, 'uncertainty': 2.3044172024970764e-05, 'cost': 104, 'fits': [], 'cpu': 0.0022923000000076854}
{'index': 419, 'family': 5, 'gp_error': -3.0491951603650523e-06, 'uncertainty': 8.140151663360916e-05, 'cost': 104, 'fits': [{'seed': 0, 'fit': 0.05904293506322615, 'error': -2.258847764729205e-06, 'difference': 7.903473956358473e-07, 'iterations': 300}], 'cpu': 1.2729012000000068}
{'index': 420, 'family': 0, 'gp_error': -1.2923220144012149e-06, 'uncertainty': 7.387701210168054e-06, 'cost': 104, 'fits': [], 'cpu': 0.0024161700000036035}
{'index': 421, 'family': 1, 'gp_error': 3.63888981721322e-07, 'uncertainty': 1.9012276917842606e-05, 'cost': 104, 'fits': [{'seed': 0, 'fit': 0.0029348792522023016, 'error': -7.746837324611817e-08, 'difference': -4.413573549674402e-07, 'iterations': 237}], 'cpu': 1.1721892599999961}
{'index': 422, 'family': 2, 'gp_error': 2.627847883107659e-05, 'uncertainty': 0.00012996331320577718, 'cost': 104, 'fits': [{'seed': 0, 'fit': 0.032500070201551594, 'error': 2.899323643818614e-06, 'difference': -2.3379155187257976e-05, 'iterations': 109}], 'cpu': 0.5581787099999929}
{'index': 423, 'family': 3, 'gp_error': 7.469535678872319e-08, 'uncertainty': 9.24284450219486e-06, 'cost': 104, 'fits': [], 'cpu': 0.003939819999999372}
{'index': 424, 'family': 4, 'gp_error': 5.088607591297034e-06, 'uncertainty': 8.086779776629154e-05, 'cost': 104, 'fits': [], 'cpu': 0.0033192900000074133}
{'index': 425, 'family': 5, 'gp_error': 1.4746088570327665e-05, 'uncertainty': 0.00018250341011315016, 'cost': 104, 'fits': [{'seed': 0, 'fit': 0.2875958921193873, 'error': 0.0002259900215930153, 'difference': 0.00021124393302268763, 'iterations': 300}, {'seed': 1, 'fit': 1.3653547628648468, 'error': -0.0003805970168417144, 'difference': -0.0003953431054120421, 'iterations': 184}, {'seed': 2, 'fit': 0.5580063116702815, 'error': -0.00046310110889996093, 'difference': -0.0004778471974702886, 'iterations': 300}, {'seed': 3, 'fit': 0.5037190661799815, 'error': 0.002774598807197762, 'difference': 0.002759852718627434, 'iterations': 300}], 'cpu': 5.186010977999999}
{'index': 426, 'family': 0, 'gp_error': -1.2616043432167587e-08, 'uncertainty': 7.57565719361073e-07, 'cost': 104, 'fits': [], 'cpu': 0.002690289999989659}
{'index': 427, 'family': 1, 'gp_error': 2.5149413944713928e-06, 'uncertainty': 0.00043865065189069633, 'cost': 104, 'fits': [{'seed': 0, 'fit': 0.006451699604541818, 'error': 3.813245209188538e-08, 'difference': -2.4768089423795074e-06, 'iterations': 300}], 'cpu': 1.4626021389999977}
{'index': 428, 'family': 2, 'gp_error': 7.45879064490973e-05, 'uncertainty': 0.00013639548624988512, 'cost': 104, 'fits': [{'seed': 0, 'fit': 0.12871569827511609, 'error': 0.00010426486456571297, 'difference': 2.9676958116615673e-05, 'iterations': 300}, {'seed': 1, 'fit': 0.48148480573821173, 'error': 0.000565584693520181, 'difference': 0.0004909967870710837, 'iterations': 300}, {'seed': 2, 'fit': 1.7447561145074084, 'error': 7.144829781822928e-05, 'difference': -3.1396086308680196e-06, 'iterations': 260}, {'seed': 3, 'fit': 0.22329015475277172, 'error': -2.1463090099449787e-05, 'difference': -9.605099654854708e-05, 'iterations': 300}], 'cpu': 5.241497078000009}
{'index': 429, 'family': 3, 'gp_error': -6.3086024093185e-06, 'uncertainty': 3.77067159859966e-05, 'cost': 104, 'fits': [], 'cpu': 0.0023674699999958193}
{'index': 430, 'family': 4, 'gp_error': 1.4888288537573368e-06, 'uncertainty': 3.3005042653473655e-05, 'cost': 104, 'fits': [], 'cpu': 0.002235519999999269}
{'index': 431, 'family': 5, 'gp_error': -1.1844672250238553e-06, 'uncertainty': 8.661849941133823e-05, 'cost': 104, 'fits': [{'seed': 0, 'fit': 0.3010043950712469, 'error': -4.215706398050857e-06, 'difference': -3.031239173027002e-06, 'iterations': 300}, {'seed': 1, 'fit': 0.25100089477614823, 'error': 1.6740876033073938e-05, 'difference': 1.7925343258097793e-05, 'iterations': 300}, {'seed': 2, 'fit': 0.5088445604238963, 'error': 2.3149792096903833e-05, 'difference': 2.433425932192769e-05, 'iterations': 207}, {'seed': 3, 'fit': 0.916007382875087, 'error': -0.00021807346243496873, 'difference': -0.00021688899520994488, 'iterations': 300}], 'cpu': 5.2474321480000015}
{'index': 432, 'family': 0, 'gp_error': -1.9659578853747917e-08, 'uncertainty': 4.6980922817759195e-07, 'cost': 104, 'fits': [], 'cpu': 0.0046358999999966954}
{'index': 433, 'family': 1, 'gp_error': -7.241736924867848e-05, 'uncertainty': 0.0008338585296951859, 'cost': 104, 'fits': [{'seed': 0, 'fit': 0.030951881528189902, 'error': -3.022928017787363e-05, 'difference': 4.2188089070804846e-05, 'iterations': 96}], 'cpu': 0.5226642100000021}
{'index': 434, 'family': 2, 'gp_error': 5.617791346557155e-06, 'uncertainty': 0.00021460860939877718, 'cost': 104, 'fits': [{'seed': 0, 'fit': 0.04543070840278546, 'error': 1.3152605069121745e-06, 'difference': -4.3025308396449805e-06, 'iterations': 148}], 'cpu': 0.6715550699999966}
{'index': 435, 'family': 3, 'gp_error': 2.119396409150376e-06, 'uncertainty': 2.890319132257523e-05, 'cost': 104, 'fits': [], 'cpu': 0.003219369999996502}
{'index': 436, 'family': 4, 'gp_error': -1.3602883264240972e-08, 'uncertainty': 6.107428963212492e-06, 'cost': 104, 'fits': [], 'cpu': 0.0026410699999956933}
{'index': 437, 'family': 5, 'gp_error': -7.195587635289158e-06, 'uncertainty': 8.959799615453016e-05, 'cost': 104, 'fits': [{'seed': 0, 'fit': 0.42336957766709055, 'error': 4.766563606046803e-06, 'difference': 1.1962151241335961e-05, 'iterations': 101}, {'seed': 1, 'fit': 0.30438936416513285, 'error': -2.6930249638292475e-05, 'difference': -1.9734662003003317e-05, 'iterations': 300}, {'seed': 2, 'fit': 0.18691762843643023, 'error': 1.1472722114225052e-06, 'difference': 8.342859846711663e-06, 'iterations': 300}, {'seed': 3, 'fit': 0.4443874271022245, 'error': -3.738398041314458e-06, 'difference': 3.4571895939747e-06, 'iterations': 139}], 'cpu': 3.7324611680000004}
{'index': 438, 'family': 0, 'gp_error': -1.1023973722767977e-06, 'uncertainty': 1.3574637086765137e-05, 'cost': 104, 'fits': [], 'cpu': 0.0030356599999947775}
{'index': 439, 'family': 1, 'gp_error': 2.0391313376444398e-06, 'uncertainty': 4.465646399400336e-06, 'cost': 104, 'fits': [{'seed': 0, 'fit': 0.015643726076281284, 'error': 1.0785602177667018e-06, 'difference': -9.60571119877738e-07, 'iterations': 81}], 'cpu': 0.43745522999999764}
{'index': 440, 'family': 2, 'gp_error': 0.0002955172790138907, 'uncertainty': 0.0005534441237728445, 'cost': 104, 'fits': [{'seed': 0, 'fit': 3.0211499925908636, 'error': 0.0026565609025066775, 'difference': 0.002361043623492787, 'iterations': 300}, {'seed': 1, 'fit': 20.54174659563087, 'error': 1.2345916765902102e-05, 'difference': -0.0002831713622479886, 'iterations': 41}, {'seed': 2, 'fit': 1.2202833764862195, 'error': 0.0021823072979433606, 'difference': 0.00188679001892947, 'iterations': 300}, {'seed': 3, 'fit': 18.800580107433166, 'error': 0.00262842611732831, 'difference': 0.0023329088383144195, 'iterations': 44}], 'cpu': 3.07915208899999}
{'index': 441, 'family': 3, 'gp_error': 1.1034941220233754e-05, 'uncertainty': 5.2137039101061465e-05, 'cost': 104, 'fits': [], 'cpu': 0.0025790899999975636}
{'index': 442, 'family': 4, 'gp_error': 1.4689504279630228e-08, 'uncertainty': 7.405732288981276e-07, 'cost': 104, 'fits': [], 'cpu': 0.0022862899999864794}
{'index': 443, 'family': 5, 'gp_error': -1.3740676765572328e-05, 'uncertainty': 5.773518125443883e-05, 'cost': 104, 'fits': [{'seed': 0, 'fit': 0.18583186092398649, 'error': 2.7709694000726528e-06, 'difference': 1.6511646165644983e-05, 'iterations': 300}, {'seed': 1, 'fit': 0.2952470815753735, 'error': -2.6551311371230825e-05, 'difference': -1.2810634605658497e-05, 'iterations': 203}, {'seed': 2, 'fit': 0.2608775483098991, 'error': 1.2110529723453667e-05, 'difference': 2.5851206489025996e-05, 'iterations': 300}, {'seed': 3, 'fit': 0.374759744403879, 'error': -2.0589737512805467e-05, 'difference': -6.849060747233139e-06, 'iterations': 300}], 'cpu': 4.7594842580000005}
{'index': 444, 'family': 0, 'gp_error': 2.8126322290100703e-06, 'uncertainty': 1.8854635895977702e-05, 'cost': 104, 'fits': [], 'cpu': 0.002054619999995566}
{'index': 445, 'family': 1, 'gp_error': 1.4314519760971756e-05, 'uncertainty': 0.00022643099470025027, 'cost': 104, 'fits': [{'seed': 0, 'fit': 0.2324797824358946, 'error': -6.494541640322625e-05, 'difference': -7.925993616419801e-05, 'iterations': 300}, {'seed': 1, 'fit': 0.49342180501231975, 'error': 2.2996759892000135e-07, 'difference': -1.4084552162051754e-05, 'iterations': 231}, {'seed': 2, 'fit': 2.8420651271450508, 'error': 4.973050664529248e-05, 'difference': 3.541598688432072e-05, 'iterations': 126}, {'seed': 3, 'fit': 0.5219276525123011, 'error': 0.0001344240820049418, 'difference': 0.00012010956224397005, 'iterations': 288}], 'cpu': 4.6680304279999945}
{'index': 446, 'family': 2, 'gp_error': -3.366643381652603e-05, 'uncertainty': 0.00017869376485122107, 'cost': 104, 'fits': [{'seed': 0, 'fit': 0.3932150214395246, 'error': 3.584191793112542e-05, 'difference': 6.950835174765146e-05, 'iterations': 212}, {'seed': 1, 'fit': 0.9077735749386953, 'error': -1.2936008498610005e-05, 'difference': 2.0730425317916025e-05, 'iterations': 300}, {'seed': 2, 'fit': 2.3276802771659564, 'error': 7.952265212771958e-06, 'difference': 4.161869902929799e-05, 'iterations': 154}, {'seed': 3, 'fit': 0.36306053916564585, 'error': 0.00028205764315630117, 'difference': 0.0003157240769728272, 'iterations': 300}], 'cpu': 4.688155319000003}
{'index': 447, 'family': 3, 'gp_error': -1.6362100726419193e-05, 'uncertainty': 6.158496124487136e-05, 'cost': 104, 'fits': [], 'cpu': 0.004000680000004309}
{'index': 448, 'family': 4, 'gp_error': 3.3082774664183745e-07, 'uncertainty': 1.1488702997177107e-05, 'cost': 104, 'fits': [], 'cpu': 0.0031949500000081343}
{'index': 449, 'family': 5, 'gp_error': -8.688074353735417e-05, 'uncertainty': 0.00019780974763818963, 'cost': 104, 'fits': [{'seed': 0, 'fit': 0.3710385419401237, 'error': -0.0003140479887106985, 'difference': -0.00022716724517334434, 'iterations': 300}, {'seed': 1, 'fit': 0.8844915560143616, 'error': 0.0001659508499013484, 'difference': 0.0002528315934387026, 'iterations': 260}, {'seed': 2, 'fit': 1.0452163559758403, 'error': -1.5628421521872227e-05, 'difference': 7.125232201548195e-05, 'iterations': 127}, {'seed': 3, 'fit': 2.871431888851305, 'error': -2.1455613231849906e-05, 'difference': 6.542513030550427e-05, 'iterations': 102}], 'cpu': 3.6993826580000047}
{'index': 450, 'family': 0, 'gp_error': -1.2661815573800084e-07, 'uncertainty': 1.4358894992869508e-05, 'cost': 104, 'fits': [], 'cpu': 0.002610480000001303}
{'index': 451, 'family': 1, 'gp_error': 4.508942179626274e-07, 'uncertainty': 2.3403035081313065e-06, 'cost': 104, 'fits': [{'seed': 0, 'fit': 0.003964429423682115, 'error': -1.276894920943697e-09, 'difference': -4.521711128835711e-07, 'iterations': 58}], 'cpu': 0.30612836000000243}
{'index': 452, 'family': 2, 'gp_error': 6.58453589974517e-06, 'uncertainty': 3.084816651716307e-05, 'cost': 104, 'fits': [{'seed': 0, 'fit': 0.1588792690049536, 'error': -7.476279636476688e-06, 'difference': -1.4060815536221858e-05, 'iterations': 300}, {'seed': 1, 'fit': 0.1407634567886031, 'error': 3.691827253567317e-06, 'difference': -2.892708646177853e-06, 'iterations': 300}, {'seed': 2, 'fit': 0.12719589847013663, 'error': -1.346844207751531e-05, 'difference': -2.0052977977260478e-05, 'iterations': 205}, {'seed': 3, 'fit': 0.025644035462577645, 'error': 5.135355156616598e-07, 'difference': -6.07100038408351e-06, 'iterations': 300}], 'cpu': 5.155764738000002}
{'index': 453, 'family': 3, 'gp_error': -2.936086047511388e-06, 'uncertainty': 1.9027108692902568e-05, 'cost': 104, 'fits': [], 'cpu': 0.003026360000006889}
{'index': 454, 'family': 4, 'gp_error': -5.592249385788506e-08, 'uncertainty': 3.823266873132806e-06, 'cost': 104, 'fits': [], 'cpu': 0.0021652599999981703}
{'index': 455, 'family': 5, 'gp_error': 4.489536697072083e-06, 'uncertainty': 7.82940884744938e-05, 'cost': 104, 'fits': [{'seed': 0, 'fit': 0.054301425994634764, 'error': -1.5023843071972445e-08, 'difference': -4.504560540144055e-06, 'iterations': 71}], 'cpu': 0.33049816000000476}
{'index': 456, 'family': 0, 'gp_error': 4.180424006960948e-09, 'uncertainty': 1.0058277543619616e-06, 'cost': 104, 'fits': [], 'cpu': 0.0024340300000034176}
{'index': 457, 'family': 1, 'gp_error': 1.3722507622104807e-05, 'uncertainty': 0.00013968167297503584, 'cost': 104, 'fits': [{'seed': 0, 'fit': 0.009203077363297724, 'error': -1.0138245494585357e-06, 'difference': -1.4736332171563343e-05, 'iterations': 64}], 'cpu': 0.30361642900000163}
{'index': 458, 'family': 2, 'gp_error': 4.621068313226395e-06, 'uncertainty': 3.1018755464464776e-05, 'cost': 104, 'fits': [{'seed': 0, 'fit': 0.008798012054998493, 'error': -1.8299734078012483e-07, 'difference': -4.80406565400652e-06, 'iterations': 88}], 'cpu': 0.43465762900000016}
{'index': 459, 'family': 3, 'gp_error': 8.985498689551008e-07, 'uncertainty': 1.1444515938895173e-05, 'cost': 104, 'fits': [], 'cpu': 0.0030290699999966364}
{'index': 460, 'family': 4, 'gp_error': -3.2362933688467876e-07, 'uncertainty': 1.7959185299016662e-05, 'cost': 104, 'fits': [], 'cpu': 0.0026138200000076495}
{'index': 461, 'family': 5, 'gp_error': -3.4542701688594635e-08, 'uncertainty': 2.6252242241006394e-06, 'cost': 104, 'fits': [{'seed': 0, 'fit': 0.01663088754226911, 'error': 2.487196031875002e-07, 'difference': 2.832623048760948e-07, 'iterations': 61}], 'cpu': 0.31834540999999206}
{'index': 462, 'family': 0, 'gp_error': 4.918448448520793e-08, 'uncertainty': 2.2637283824554964e-05, 'cost': 104, 'fits': [], 'cpu': 0.0031004400000114174}
{'index': 463, 'family': 1, 'gp_error': 6.894180283149864e-07, 'uncertainty': 5.201465600186592e-06, 'cost': 104, 'fits': [{'seed': 0, 'fit': 0.002647976133732111, 'error': -7.633276179881576e-10, 'difference': -6.901813559329746e-07, 'iterations': 50}], 'cpu': 0.29318585999999414}
{'index': 464, 'family': 2, 'gp_error': 8.923579166597584e-06, 'uncertainty': 3.6191701383397955e-05, 'cost': 104, 'fits': [{'seed': 0, 'fit': 0.0847708359519607, 'error': 3.012688048895397e-06, 'difference': -5.910891117702187e-06, 'iterations': 77}, {'seed': 1, 'fit': 0.029261684703616363, 'error': 2.1019119884608207e-06, 'difference': -6.821667178136763e-06, 'iterations': 113}], 'cpu': 0.8577791400000052}
{'index': 465, 'family': 3, 'gp_error': 1.9254694705316021e-07, 'uncertainty': 6.494750753735794e-05, 'cost': 104, 'fits': [], 'cpu': 0.003348450000004277}
{'index': 466, 'family': 4, 'gp_error': 2.508275813495331e-06, 'uncertainty': 4.040123068415875e-05, 'cost': 104, 'fits': [], 'cpu': 0.00315686999999798}
{'index': 467, 'family': 5, 'gp_error': 7.154647845630799e-05, 'uncertainty': 0.0005112365493360625, 'cost': 104, 'fits': [{'seed': 0, 'fit': 2.072505286436513, 'error': 8.031382480106093e-05, 'difference': 8.767346344752946e-06, 'iterations': 123}, {'seed': 1, 'fit': 4.1358328203812125, 'error': 0.0016834340373625255, 'difference': 0.0016118875589062175, 'iterations': 213}, {'seed': 2, 'fit': 3.746433098283767, 'error': 0.0008567743589067248, 'difference': 0.0007852278804504168, 'iterations': 300}, {'seed': 3, 'fit': 2.8854148638306425, 'error': 0.001182886468560488, 'difference': 0.0011113399901041799, 'iterations': 104}], 'cpu': 3.5881285190000085}
{'index': 468, 'family': 0, 'gp_error': 6.071675684449176e-08, 'uncertainty': 3.998571004383512e-06, 'cost': 104, 'fits': [], 'cpu': 0.0022880799999995816}
{'index': 469, 'family': 1, 'gp_error': 7.496793345378172e-07, 'uncertainty': 1.2172183825833664e-05, 'cost': 104, 'fits': [{'seed': 0, 'fit': 0.002811935633162826, 'error': -4.9612878388682075e-09, 'difference': -7.546406223766854e-07, 'iterations': 33}], 'cpu': 0.1921586899999994}
{'index': 470, 'family': 2, 'gp_error': 0.0003854538466104838, 'uncertainty': 0.00044739734837646823, 'cost': 104, 'fits': [{'seed': 0, 'fit': 0.09459385804333781, 'error': -1.7962389281543905e-05, 'difference': -0.00040341623589202773, 'iterations': 71}, {'seed': 1, 'fit': 61.851679584752546, 'error': -0.0017271728887818484, 'difference': -0.0021126267353923324, 'iterations': 28}, {'seed': 2, 'fit': 1.6154107729661136, 'error': 0.00012716932081418314, 'difference': -0.0002582845257963007, 'iterations': 172}, {'seed': 3, 'fit': 1.7489458365929627, 'error': 9.072016844943021e-05, 'difference': -0.0002947336781610536, 'iterations': 164}], 'cpu': 2.2061519290000007}
{'index': 471, 'family': 3, 'gp_error': 6.611786517173644e-07, 'uncertainty': 0.00013947704129470986, 'cost': 104, 'fits': [{'seed': 0, 'fit': 0.12034961026385964, 'error': -1.2748901417653407e-05, 'difference': -1.3410080069370771e-05, 'iterations': 300}, {'seed': 1, 'fit': 0.09946956791348206, 'error': 3.1444864482024376e-06, 'difference': 2.4833077964850732e-06, 'iterations': 300}, {'seed': 2, 'fit': 0.1907253699139521, 'error': 5.2638548844690995e-06, 'difference': 4.602676232751735e-06, 'iterations': 300}, {'seed': 3, 'fit': 0.08327311823543496, 'error': -4.558805704451703e-06, 'difference': -5.219984356169067e-06, 'iterations': 300}], 'cpu': 5.556523377999994}
{'index': 472, 'family': 4, 'gp_error': 4.334934908367671e-06, 'uncertainty': 4.4637841375427113e-05, 'cost': 104, 'fits': [], 'cpu': 0.003729089999993107}
{'index': 473, 'family': 5, 'gp_error': 1.0681879052065746e-05, 'uncertainty': 0.00017226763348512138, 'cost': 104, 'fits': [{'seed': 0, 'fit': 0.040351577108378646, 'error': -5.387211987155234e-06, 'difference': -1.606909103922098e-05, 'iterations': 176}], 'cpu': 0.9290858899999961}
{'index': 474, 'family': 0, 'gp_error': 2.3230423795705946e-07, 'uncertainty': 5.088595345395362e-05, 'cost': 104, 'fits': [], 'cpu': 0.0022648599999968155}
{'index': 475, 'family': 1, 'gp_error': 6.184160828651836e-07, 'uncertainty': 1.8855967726775365e-06, 'cost': 104, 'fits': [{'seed': 0, 'fit': 0.016244021089938866, 'error': 1.0357110555689129e-07, 'difference': -5.148449773082923e-07, 'iterations': 300}], 'cpu': 1.2987473589999894}
{'index': 476, 'family': 2, 'gp_error': -3.6629266175869314e-05, 'uncertainty': 0.0005594871883129647, 'cost': 104, 'fits': [{'seed': 0, 'fit': 1.2276734982787976, 'error': -0.0003682676779726236, 'difference': -0.0003316384117967543, 'iterations': 155}, {'seed': 1, 'fit': 4.944979480571633, 'error': -0.0014473039180059567, 'difference': -0.0014106746518300873, 'iterations': 300}, {'seed': 2, 'fit': 4.894252110565221, 'error': 0.0009311121873119859, 'difference': 0.0009677414534878552, 'iterations': 119}, {'seed': 3, 'fit': 1.7496923792134862, 'error': -0.00017603091322162032, 'difference': -0.000139401647045751, 'iterations': 264}], 'cpu': 3.775288797999991}
{'index': 477, 'family': 3, 'gp_error': -5.146322382798552e-06, 'uncertainty': 4.8004955883444836e-05, 'cost': 104, 'fits': [], 'cpu': 0.0035021399999948244}
{'index': 478, 'family': 4, 'gp_error': 1.3398332610048413e-07, 'uncertainty': 6.17875075641131e-06, 'cost': 104, 'fits': [], 'cpu': 0.0033091300000052115}
{'index': 479, 'family': 5, 'gp_error': 3.939342083658648e-05, 'uncertainty': 0.00015859371647265733, 'cost': 104, 'fits': [{'seed': 0, 'fit': 0.32240899936218503, 'error': 4.915543831318723e-05, 'difference': 9.762017476600752e-06, 'iterations': 300}, {'seed': 1, 'fit': 0.8503200848104783, 'error': -1.2536735928225006e-06, 'difference': -4.064709442940898e-05, 'iterations': 80}, {'seed': 2, 'fit': 0.6242298911467685, 'error': 7.13349377291109e-05, 'difference': 3.194151689252443e-05, 'iterations': 149}, {'seed': 3, 'fit': 0.36760130148635745, 'error': 3.956745101673196e-05, 'difference': 1.740301801454806e-07, 'iterations': 300}], 'cpu': 3.5551692290000005}
{'index': 480, 'family': 0, 'gp_error': -7.585701954360147e-07, 'uncertainty': 2.3103858334836857e-05, 'cost': 104, 'fits': [], 'cpu': 0.0031446599999895852}
{'index': 481, 'family': 1, 'gp_error': 4.630272577590966e-06, 'uncertainty': 3.153760395627328e-05, 'cost': 104, 'fits': [{'seed': 0, 'fit': 0.0075398014313646814, 'error': 2.2541840056272997e-08, 'difference': -4.607730737534693e-06, 'iterations': 272}], 'cpu': 1.2064279300000038}
{'index': 482, 'family': 2, 'gp_error': -2.2431804827416357e-05, 'uncertainty': 0.0001884843097735518, 'cost': 104, 'fits': [{'seed': 0, 'fit': 0.021630995653899192, 'error': 6.827989189676447e-07, 'difference': 2.3114603746384002e-05, 'iterations': 59}], 'cpu': 0.29380792999999983}
{'index': 483, 'family': 3, 'gp_error': 8.08083738590426e-07, 'uncertainty': 1.061589482808531e-05, 'cost': 104, 'fits': [], 'cpu': 0.004047990000003665}
{'index': 484, 'family': 4, 'gp_error': 1.8168876059210248e-07, 'uncertainty': 1.796082112828758e-06, 'cost': 104, 'fits': [], 'cpu': 0.003572320000003515}
{'index': 485, 'family': 5, 'gp_error': -1.2938193101608132e-07, 'uncertainty': 7.449225341667825e-06, 'cost': 104, 'fits': [{'seed': 0, 'fit': 0.034702183551493536, 'error': -8.683515337572825e-08, 'difference': 4.254677764035307e-08, 'iterations': 101}], 'cpu': 0.5177069200000091}
{'index': 486, 'family': 0, 'gp_error': 5.868768168104666e-07, 'uncertainty': 5.164721180880174e-05, 'cost': 104, 'fits': [], 'cpu': 0.002194349999996348}
{'index': 487, 'family': 1, 'gp_error': 1.5107825247773214e-06, 'uncertainty': 8.37976485107528e-06, 'cost': 104, 'fits': [{'seed': 0, 'fit': 0.005449447947941769, 'error': 4.507570965086528e-08, 'difference': -1.4657068151264561e-06, 'iterations': 41}], 'cpu': 0.19828243999999984}
{'index': 488, 'family': 2, 'gp_error': -2.50623796925753e-05, 'uncertainty': 0.0001485691017468171, 'cost': 104, 'fits': [{'seed': 0, 'fit': 0.014058675914352938, 'error': 5.086916959906888e-07, 'difference': 2.5571071388565987e-05, 'iterations': 141}], 'cpu': 0.5931041499999878}
{'index': 489, 'family': 3, 'gp_error': -6.502827890608751e-07, 'uncertainty': 1.4071886883160119e-05, 'cost': 104, 'fits': [], 'cpu': 0.0019494699999995646}
{'index': 490, 'family': 4, 'gp_error': -1.3089793777065761e-05, 'uncertainty': 7.207212915512026e-05, 'cost': 104, 'fits': [], 'cpu': 0.002104470000006131}
{'index': 491, 'family': 5, 'gp_error': 1.477566297393391e-05, 'uncertainty': 0.00025494917479752555, 'cost': 104, 'fits': [{'seed': 0, 'fit': 0.4449847096420818, 'error': -4.025268272450056e-05, 'difference': -5.502834569843447e-05, 'iterations': 258}, {'seed': 1, 'fit': 0.8569601367657115, 'error': 3.349600029847418e-05, 'difference': 1.8720337324540273e-05, 'iterations': 300}, {'seed': 2, 'fit': 1.326692969906446, 'error': -0.0001771315121763984, 'difference': -0.0001919071751503323, 'iterations': 271}, {'seed': 3, 'fit': 2.133986068295259, 'error': 0.00023696736764442937, 'difference': 0.00022219170467049546, 'iterations': 300}], 'cpu': 4.594442528000002}
{'index': 492, 'family': 0, 'gp_error': -5.355491753400443e-07, 'uncertainty': 2.3927761627911028e-05, 'cost': 104, 'fits': [], 'cpu': 0.0022556500000092683}
{'index': 493, 'family': 1, 'gp_error': 4.220760813689044e-06, 'uncertainty': 0.0001993083405687787, 'cost': 104, 'fits': [{'seed': 0, 'fit': 0.01095325289311399, 'error': 9.495031844812245e-07, 'difference': -3.2712576292078194e-06, 'iterations': 300}], 'cpu': 1.1667430289999885}
{'index': 494, 'family': 2, 'gp_error': -2.820493192234874e-05, 'uncertainty': 0.00024397314134647974, 'cost': 104, 'fits': [{'seed': 0, 'fit': 0.4312294743318188, 'error': 2.1012185319914547e-05, 'difference': 4.921711724226329e-05, 'iterations': 300}, {'seed': 1, 'fit': 0.5139872760238332, 'error': 0.00017094666609513375, 'difference': 0.0001991515980174825, 'iterations': 300}, {'seed': 2, 'fit': 0.5714906559471233, 'error': -0.00014318943695943896, 'difference': -0.00011498450503709021, 'iterations': 300}, {'seed': 3, 'fit': 0.6633299731369772, 'error': 1.9121846573610593e-05, 'difference': 4.7326778495959334e-05, 'iterations': 82}], 'cpu': 4.535364938000001}
{'index': 495, 'family': 3, 'gp_error': 2.694894175259127e-06, 'uncertainty': 2.914060243055884e-05, 'cost': 104, 'fits': [], 'cpu': 0.0026182699999992565}
{'index': 496, 'family': 4, 'gp_error': 2.893749261323464e-06, 'uncertainty': 3.175814884439317e-05, 'cost': 104, 'fits': [], 'cpu': 0.0026742999999953554}
{'index': 497, 'family': 5, 'gp_error': -4.263139306390219e-06, 'uncertainty': 3.090726706128963e-05, 'cost': 104, 'fits': [{'seed': 0, 'fit': 0.08097470822083506, 'error': -4.101452934960707e-06, 'difference': 1.6168637142951207e-07, 'iterations': 300}, {'seed': 1, 'fit': 0.1489309657291462, 'error': -6.3583205094058104e-06, 'difference': -2.0951812030155917e-06, 'iterations': 300}, {'seed': 2, 'fit': 0.0934883667043496, 'error': -4.466103761159497e-06, 'difference': -2.029644547692783e-07, 'iterations': 300}, {'seed': 3, 'fit': 0.06265740645398259, 'error': -2.9700324176692997e-06, 'difference': 1.293106888720919e-06, 'iterations': 87}], 'cpu': 4.000722889000002}
{'index': 498, 'family': 0, 'gp_error': 2.3871134846586983e-07, 'uncertainty': 1.3252802654735652e-05, 'cost': 104, 'fits': [], 'cpu': 0.0022672300000010637}
{'index': 499, 'family': 1, 'gp_error': 1.5005229737075076e-06, 'uncertainty': 4.2286093556655805e-06, 'cost': 104, 'fits': [{'seed': 0, 'fit': 0.007439106147256044, 'error': 1.8915660234385487e-07, 'difference': -1.3113663713636528e-06, 'iterations': 23}], 'cpu': 0.1398598699999809}
{'index': 500, 'family': 2, 'gp_error': 1.9973114335547493e-05, 'uncertainty': 0.00010968816110598421, 'cost': 104, 'fits': [{'seed': 0, 'fit': 0.5908764525721808, 'error': -4.715511682713892e-05, 'difference': -6.712823116268642e-05, 'iterations': 300}, {'seed': 1, 'fit': 0.4114505464657965, 'error': 4.0286822416151565e-05, 'difference': 2.0313708080604072e-05, 'iterations': 300}, {'seed': 2, 'fit': 0.3561553995812961, 'error': -2.0440458166350197e-05, 'difference': -4.041357250189769e-05, 'iterations': 300}, {'seed': 3, 'fit': 0.15694307294723378, 'error': 3.3709084105443135e-06, 'difference': -1.660220592500318e-05, 'iterations': 126}], 'cpu': 4.757060367999998}
{'index': 501, 'family': 3, 'gp_error': -1.9898490234426845e-06, 'uncertainty': 1.6938513192072127e-05, 'cost': 104, 'fits': [], 'cpu': 0.0036805199999889737}
{'index': 502, 'family': 4, 'gp_error': 1.7916420647079434e-07, 'uncertainty': 1.4082979807007588e-05, 'cost': 104, 'fits': [], 'cpu': 0.0036881699999753437}
{'index': 503, 'family': 5, 'gp_error': 7.771852400598186e-06, 'uncertainty': 2.852234953689436e-05, 'cost': 104, 'fits': [{'seed': 0, 'fit': 0.03822819655065146, 'error': 4.127593324977836e-06, 'difference': -3.64425907562035e-06, 'iterations': 147}], 'cpu': 0.6772740800000179}
{'index': 504, 'family': 0, 'gp_error': 2.673042668321912e-07, 'uncertainty': 2.8425893856727665e-05, 'cost': 104, 'fits': [], 'cpu': 0.0030542300000035993}
{'index': 505, 'family': 1, 'gp_error': 3.244479091155106e-06, 'uncertainty': 1.0807535504055284e-05, 'cost': 104, 'fits': [{'seed': 0, 'fit': 0.0034262473000347417, 'error': 3.245366996935983e-08, 'difference': -3.212025421185746e-06, 'iterations': 60}], 'cpu': 0.30297212000002105}
{'index': 506, 'family': 2, 'gp_error': 1.5791073548793153e-05, 'uncertainty': 9.735283304016555e-05, 'cost': 104, 'fits': [{'seed': 0, 'fit': 0.032845334541142274, 'error': -1.9059004619021211e-06, 'difference': -1.7696974010695274e-05, 'iterations': 216}], 'cpu': 1.1961726990000159}
{'index': 507, 'family': 3, 'gp_error': 4.746461920168656e-07, 'uncertainty': 1.2707409663671798e-05, 'cost': 104, 'fits': [], 'cpu': 0.002573119999993878}
{'index': 508, 'family': 4, 'gp_error': -5.723996709672271e-07, 'uncertainty': 8.16386102589008e-06, 'cost': 104, 'fits': [], 'cpu': 0.002459390000012718}
{'index': 509, 'family': 5, 'gp_error': -1.918300123970873e-06, 'uncertainty': 0.00010234612228282602, 'cost': 104, 'fits': [{'seed': 0, 'fit': 0.028057552640290587, 'error': -2.7186847177610026e-07, 'difference': 1.6464316521947728e-06, 'iterations': 146}], 'cpu': 0.6153092999999785}
{'index': 510, 'family': 0, 'gp_error': -7.896747766800161e-07, 'uncertainty': 6.9540032936805976e-06, 'cost': 104, 'fits': [], 'cpu': 0.0025676700000190067}
{'index': 511, 'family': 1, 'gp_error': 6.184907886119806e-07, 'uncertainty': 6.297663268799419e-06, 'cost': 104, 'fits': [{'seed': 0, 'fit': 0.02186455137506534, 'error': -5.211257495625562e-07, 'difference': -1.1396165381745368e-06, 'iterations': 300}], 'cpu': 1.2419007590000035}
{'index': 512, 'family': 2, 'gp_error': -2.677238159519424e-06, 'uncertainty': 1.2913695991213814e-05, 'cost': 104, 'fits': [{'seed': 0, 'fit': 0.09437362020703065, 'error': -4.184259973763887e-06, 'difference': -1.5070218142444629e-06, 'iterations': 106}, {'seed': 1, 'fit': 0.014103711342383666, 'error': -3.534894843565031e-07, 'difference': 2.323748675162921e-06, 'iterations': 87}], 'cpu': 0.959930608999997}
{'index': 513, 'family': 3, 'gp_error': -2.2269027710741796e-07, 'uncertainty': 8.425471118730346e-06, 'cost': 104, 'fits': [], 'cpu': 0.002612309999989293}
{'index': 514, 'family': 4, 'gp_error': 1.8968190179102784e-06, 'uncertainty': 7.325581134862635e-05, 'cost': 104, 'fits': [], 'cpu': 0.003382779999981267}
{'index': 515, 'family': 5, 'gp_error': 6.169706028014138e-08, 'uncertainty': 3.68744242554269e-06, 'cost': 104, 'fits': [{'seed': 0, 'fit': 0.006876828067658987, 'error': -1.6895045746542518e-08, 'difference': -7.85921060266839e-08, 'iterations': 44}], 'cpu': 0.2994610199999954}
{'index': 516, 'family': 0, 'gp_error': -3.8448661032752796e-08, 'uncertainty': 1.656218595307147e-06, 'cost': 104, 'fits': [], 'cpu': 0.0029626799999959985}
{'index': 517, 'family': 1, 'gp_error': 5.596105293742548e-07, 'uncertainty': 3.1364611879439592e-06, 'cost': 104, 'fits': [{'seed': 0, 'fit': 0.002692997573299512, 'error': 7.932405596018315e-09, 'difference': -5.516781237782365e-07, 'iterations': 30}], 'cpu': 0.20075959999999782}
{'index': 518, 'family': 2, 'gp_error': 6.151001249565798e-06, 'uncertainty': 0.00010323184567830163, 'cost': 104, 'fits': [{'seed': 0, 'fit': 0.045447948814976706, 'error': 1.2274580490223637e-06, 'difference': -4.923543200543435e-06, 'iterations': 73}], 'cpu': 0.4284095399999899}
{'index': 519, 'family': 3, 'gp_error': 2.984130709204891e-08, 'uncertainty': 7.406984020403492e-06, 'cost': 104, 'fits': [], 'cpu': 0.0022281199999838464}
{'index': 520, 'family': 4, 'gp_error': 5.289036725253382e-07, 'uncertainty': 2.21026312996947e-05, 'cost': 104, 'fits': [], 'cpu': 0.002192049999990786}
{'index': 521, 'family': 5, 'gp_error': 8.242865124230558e-05, 'uncertainty': 0.0002526887002773554, 'cost': 104, 'fits': [{'seed': 0, 'fit': 0.028223170934510624, 'error': 3.3737653788236703e-06, 'difference': -7.905488586348191e-05, 'iterations': 264}], 'cpu': 1.1397377799999902}
{'index': 522, 'family': 0, 'gp_error': 9.645263920887714e-09, 'uncertainty': 3.283469107435434e-07, 'cost': 104, 'fits': [], 'cpu': 0.0022942500000056043}
{'index': 523, 'family': 1, 'gp_error': 1.4030369142742365e-06, 'uncertainty': 1.7351135672872612e-05, 'cost': 104, 'fits': [{'seed': 0, 'fit': 0.004165816791918252, 'error': 1.2807621984655598e-08, 'difference': -1.3902292922895809e-06, 'iterations': 123}], 'cpu': 0.5289489000000174}
{'index': 524, 'family': 2, 'gp_error': -1.1426758569799134e-05, 'uncertainty': 0.00010969404722703486, 'cost': 104, 'fits': [{'seed': 0, 'fit': 0.26200809220502536, 'error': 1.6410335970499265e-06, 'difference': 1.306779216684906e-05, 'iterations': 300}, {'seed': 1, 'fit': 0.26043810432377773, 'error': 1.4264262167386959e-05, 'difference': 2.5691020737186093e-05, 'iterations': 300}, {'seed': 2, 'fit': 1.9542519306803072, 'error': -6.61072187973018e-05, 'difference': -5.468046022750267e-05, 'iterations': 164}, {'seed': 3, 'fit': 0.294616894603167, 'error': 6.88105695529917e-05, 'difference': 8.023732812279083e-05, 'iterations': 300}], 'cpu': 4.912896458000006}
{'index': 525, 'family': 3, 'gp_error': 8.622579874439932e-06, 'uncertainty': 2.13978699375022e-05, 'cost': 104, 'fits': [], 'cpu': 0.0025148500000113927}
{'index': 526, 'family': 4, 'gp_error': -4.476232492889309e-06, 'uncertainty': 9.307090966849692e-05, 'cost': 104, 'fits': [], 'cpu': 0.0025907099999926686}
{'index': 527, 'family': 5, 'gp_error': -3.8766787698735195e-07, 'uncertainty': 2.970617015633756e-06, 'cost': 104, 'fits': [{'seed': 0, 'fit': 0.019513320409050856, 'error': 4.216556977851982e-08, 'difference': 4.2983344676587177e-07, 'iterations': 252}], 'cpu': 1.1309799999999939}
{'index': 528, 'family': 0, 'gp_error': -5.49871118860068e-07, 'uncertainty': 1.4197108072014194e-05, 'cost': 104, 'fits': [], 'cpu': 0.0021369000000106553}
{'index': 529, 'family': 1, 'gp_error': 5.679890705771046e-07, 'uncertainty': 1.9244524753581925e-06, 'cost': 104, 'fits': [{'seed': 0, 'fit': 0.0024464324220805295, 'error': 1.4631345751925786e-08, 'difference': -5.533577248251788e-07, 'iterations': 300}], 'cpu': 1.6026367289999826}
{'index': 530, 'family': 2, 'gp_error': -1.7401163860952806e-06, 'uncertainty': 2.758841369498126e-05, 'cost': 104, 'fits': [{'seed': 0, 'fit': 0.2205131837897276, 'error': 8.256490481579437e-07, 'difference': 2.5657654342532246e-06, 'iterations': 300}, {'seed': 1, 'fit': 0.21442579028159026, 'error': -2.963660144092812e-05, 'difference': -2.789648505483284e-05, 'iterations': 73}, {'seed': 2, 'fit': 0.22664585759105038, 'error': 4.896914054936763e-06, 'difference': 6.637030441032044e-06, 'iterations': 300}, {'seed': 3, 'fit': 0.04051673478003533, 'error': -1.3705908979383037e-06, 'difference': 3.6952548815697696e-07, 'iterations': 80}], 'cpu': 4.062547408}
{'index': 531, 'family': 3, 'gp_error': -1.2461296138743873e-05, 'uncertainty': 0.0001361069021033818, 'cost': 104, 'fits': [{'seed': 0, 'fit': 0.1565394315657516, 'error': -4.2442204189930654e-05, 'difference': -2.9980908051186782e-05, 'iterations': 300}, {'seed': 1, 'fit': 0.2489353476270043, 'error': 4.810702127127297e-05, 'difference': 6.056831741001684e-05, 'iterations': 300}, {'seed': 2, 'fit': 0.20156691290230178, 'error': 0.00012300218037496273, 'difference': 0.00013546347651370659, 'iterations': 300}, {'seed': 3, 'fit': 0.23221194110564417, 'error': -4.7604646065735944e-05, 'difference': -3.514334992699207e-05, 'iterations': 300}], 'cpu': 5.592902087999988}
{'index': 532, 'family': 4, 'gp_error': 7.334277787762744e-06, 'uncertainty': 8.569014448777979e-05, 'cost': 104, 'fits': [], 'cpu': 0.003146729999997433}
{'index': 533, 'family': 5, 'gp_error': 6.629507804216395e-07, 'uncertainty': 4.2681908867925664e-06, 'cost': 104, 'fits': [{'seed': 0, 'fit': 0.020046653004006678, 'error': 4.02079479849974e-07, 'difference': -2.608713005716655e-07, 'iterations': 271}], 'cpu': 1.3388730500000179}
{'index': 534, 'family': 0, 'gp_error': -1.1540974681478725e-06, 'uncertainty': 2.1732326899273714e-05, 'cost': 104, 'fits': [], 'cpu': 0.004894019999994725}
{'index': 535, 'family': 1, 'gp_error': 5.603180851174172e-07, 'uncertainty': 3.682702985582985e-06, 'cost': 104, 'fits': [{'seed': 0, 'fit': 0.002432398756054613, 'error': -1.3815572249265629e-08, 'difference': -5.741336573666828e-07, 'iterations': 300}], 'cpu': 1.9090622390000078}
{'index': 536, 'family': 2, 'gp_error': 9.216548623319776e-07, 'uncertainty': 8.623957149483871e-06, 'cost': 104, 'fits': [{'seed': 0, 'fit': 0.01451489753318318, 'error': -1.6978229209971841e-07, 'difference': -1.091437154431696e-06, 'iterations': 300}], 'cpu': 1.355361859999988}
{'index': 537, 'family': 3, 'gp_error': 1.2003716509667584e-07, 'uncertainty': 2.5304643236437662e-05, 'cost': 104, 'fits': [], 'cpu': 0.0035822600000017246}
{'index': 538, 'family': 4, 'gp_error': -4.688975411282218e-07, 'uncertainty': 1.4195619310848403e-05, 'cost': 104, 'fits': [], 'cpu': 0.003120510000002241}
{'index': 539, 'family': 5, 'gp_error': 4.312791108129765e-06, 'uncertainty': 5.28039724659431e-05, 'cost': 104, 'fits': [{'seed': 0, 'fit': 0.19522872451400722, 'error': 5.010295606895669e-06, 'difference': 6.975044987659038e-07, 'iterations': 300}, {'seed': 1, 'fit': 0.2691455338974866, 'error': 3.7717163949616905e-06, 'difference': -5.410747131680749e-07, 'iterations': 300}, {'seed': 2, 'fit': 0.26274450681483946, 'error': 2.684180761568105e-05, 'difference': 2.2529016507551284e-05, 'iterations': 300}, {'seed': 3, 'fit': 0.2127328160114164, 'error': -1.995494566423168e-05, 'difference': -2.4267736772361446e-05, 'iterations': 300}], 'cpu': 5.714606498000023}
{'index': 540, 'family': 0, 'gp_error': 5.430815797069499e-10, 'uncertainty': 1.055595745149452e-07, 'cost': 104, 'fits': [], 'cpu': 0.004065870000005134}
{'index': 541, 'family': 1, 'gp_error': 2.0448957367968923e-06, 'uncertainty': 0.00015158575441132004, 'cost': 104, 'fits': [{'seed': 0, 'fit': 0.0063752786808211745, 'error': -1.3653741347927789e-07, 'difference': -2.18143315027617e-06, 'iterations': 300}], 'cpu': 1.3423736199999894}
{'index': 542, 'family': 2, 'gp_error': 2.745285304317502e-05, 'uncertainty': 0.0005206514901765192, 'cost': 104, 'fits': [{'seed': 0, 'fit': 1.9948428909666565, 'error': 0.0011911498914173608, 'difference': 0.0011636970383741858, 'iterations': 104}, {'seed': 1, 'fit': 3.0176889225760584, 'error': 0.005263686041899223, 'difference': 0.005236233188856048, 'iterations': 153}, {'seed': 2, 'fit': 4.355826402373304, 'error': 0.0003921724546349398, 'difference': 0.0003647196015917648, 'iterations': 169}, {'seed': 3, 'fit': 5.601755183195136, 'error': 0.000984941648753834, 'difference': 0.0009574887957106591, 'iterations': 300}], 'cpu': 3.3986053889999823}
{'index': 543, 'family': 3, 'gp_error': -1.0562117672696654e-06, 'uncertainty': 8.559053739366232e-06, 'cost': 104, 'fits': [], 'cpu': 0.0028987099999824295}
{'index': 544, 'family': 4, 'gp_error': -3.3234288531192052e-06, 'uncertainty': 0.00010808196561578794, 'cost': 104, 'fits': [{'seed': 0, 'fit': 0.47730243289594926, 'error': -3.311753118082347e-05, 'difference': -2.9794102327704266e-05, 'iterations': 166}, {'seed': 1, 'fit': 0.5236026799551494, 'error': 5.31997597713123e-05, 'difference': 5.6523188624431505e-05, 'iterations': 300}, {'seed': 2, 'fit': 0.39412028312149255, 'error': -2.212376496684668e-05, 'difference': -1.8800336113727477e-05, 'iterations': 243}, {'seed': 3, 'fit': 0.3446543600402111, 'error': -5.416457732579145e-06, 'difference': -2.09302887945994e-06, 'iterations': 192}], 'cpu': 3.9552269579999972}
{'index': 545, 'family': 5, 'gp_error': -2.1226970595145078e-06, 'uncertainty': 8.854175578580469e-05, 'cost': 104, 'fits': [{'seed': 0, 'fit': 0.1962341655016412, 'error': 7.2396285538872e-05, 'difference': 7.451898259838651e-05, 'iterations': 300}, {'seed': 1, 'fit': 0.4273093855302954, 'error': 2.412656980065724e-05, 'difference': 2.6249266860171746e-05, 'iterations': 300}, {'seed': 2, 'fit': 0.30496479622945966, 'error': -4.4770102304051474e-05, 'difference': -4.264740524453697e-05, 'iterations': 300}, {'seed': 3, 'fit': 0.27875605252622176, 'error': 3.0943228307701073e-06, 'difference': 5.217019890284615e-06, 'iterations': 261}], 'cpu': 5.227591477999994}
{'index': 546, 'family': 0, 'gp_error': 3.3577587410516017e-07, 'uncertainty': 1.2682531243664832e-05, 'cost': 104, 'fits': [], 'cpu': 0.00300384999999892}
{'index': 547, 'family': 1, 'gp_error': 5.2372055131446466e-08, 'uncertainty': 1.6148408056400828e-06, 'cost': 104, 'fits': [{'seed': 0, 'fit': 0.001550931358453939, 'error': -1.9604749084513306e-10, 'difference': -5.25681026222916e-08, 'iterations': 42}], 'cpu': 0.27367639900000995}
{'index': 548, 'family': 2, 'gp_error': -1.5276372970829386e-05, 'uncertainty': 0.00010202910946915443, 'cost': 104, 'fits': [{'seed': 0, 'fit': 0.016941090207226277, 'error': 2.3107139947903303e-06, 'difference': 1.7587086965619716e-05, 'iterations': 175}], 'cpu': 0.8229587799999933}
{'index': 549, 'family': 3, 'gp_error': 4.101475145068534e-07, 'uncertainty': 6.3233573966300616e-06, 'cost': 104, 'fits': [], 'cpu': 0.003158659999996871}
{'index': 550, 'family': 4, 'gp_error': -1.3917048065081872e-06, 'uncertainty': 1.533412530311186e-05, 'cost': 104, 'fits': [], 'cpu': 0.0028996199999937744}
{'index': 551, 'family': 5, 'gp_error': -6.921439089191063e-06, 'uncertainty': 0.00012830557649100302, 'cost': 104, 'fits': [{'seed': 0, 'fit': 0.3814433118606208, 'error': -0.00031884706516121137, 'difference': -0.0003119256260720203, 'iterations': 202}, {'seed': 1, 'fit': 0.5634953000657488, 'error': -6.122194686383043e-05, 'difference': -5.4300507774639364e-05, 'iterations': 300}, {'seed': 2, 'fit': 0.4439683201363454, 'error': 0.00017872419929909687, 'difference': 0.00018564563838828794, 'iterations': 300}, {'seed': 3, 'fit': 0.4050095886776164, 'error': -0.00017206720387614468, 'difference': -0.0001651457647869536, 'iterations': 300}], 'cpu': 4.553158188000026}
{'index': 552, 'family': 0, 'gp_error': 9.09978543628398e-08, 'uncertainty': 4.528628746971715e-06, 'cost': 104, 'fits': [], 'cpu': 0.0026349899999900117}
{'index': 553, 'family': 1, 'gp_error': -3.049876080019054e-06, 'uncertainty': 0.00018197112166423512, 'cost': 104, 'fits': [{'seed': 0, 'fit': 0.008519116434396533, 'error': -1.2648794834505103e-07, 'difference': 2.923388131674003e-06, 'iterations': 300}], 'cpu': 1.329427360000011}
{'index': 554, 'family': 2, 'gp_error': 3.220493461020264e-06, 'uncertainty': 0.0001094904242730583, 'cost': 104, 'fits': [{'seed': 0, 'fit': 0.28132686786230937, 'error': -4.837288594917908e-05, 'difference': -5.159337941019934e-05, 'iterations': 300}, {'seed': 1, 'fit': 0.24796450281973242, 'error': -0.00010138063130350284, 'difference': -0.0001046011247645231, 'iterations': 280}, {'seed': 2, 'fit': 3.088953898026216, 'error': 0.000350885235038616, 'difference': 0.00034766474157759574, 'iterations': 90}, {'seed': 3, 'fit': 0.5740333767855038, 'error': -0.00022716876680018225, 'difference': -0.00023038926026120252, 'iterations': 300}], 'cpu': 4.909360037999988}
{'index': 555, 'family': 3, 'gp_error': 6.653381197874175e-06, 'uncertainty': 1.8818862849792702e-05, 'cost': 104, 'fits': [], 'cpu': 0.002669459999992796}
{'index': 556, 'family': 4, 'gp_error': -6.467300976975565e-07, 'uncertainty': 4.8939744801370235e-06, 'cost': 104, 'fits': [], 'cpu': 0.0023717899999837755}
{'index': 557, 'family': 5, 'gp_error': 8.976731322717801e-07, 'uncertainty': 0.00011112954130744372, 'cost': 104, 'fits': [{'seed': 0, 'fit': 0.07734528648784557, 'error': 1.3126740427717662e-05, 'difference': 1.2229067295445882e-05, 'iterations': 300}], 'cpu': 1.229614598999973}
{'index': 558, 'family': 0, 'gp_error': -5.438745387387198e-08, 'uncertainty': 1.0982462242747255e-06, 'cost': 104, 'fits': [], 'cpu': 0.002527300000025434}
{'index': 559, 'family': 1, 'gp_error': 2.0424749155693867e-07, 'uncertainty': 3.880682641316772e-06, 'cost': 104, 'fits': [{'seed': 0, 'fit': 0.005722615041456669, 'error': 3.820571713765916e-09, 'difference': -2.0042691984317275e-07, 'iterations': 47}], 'cpu': 0.2732281589999843}
{'index': 560, 'family': 2, 'gp_error': -5.802349516748073e-06, 'uncertainty': 4.53257345002968e-05, 'cost': 104, 'fits': [{'seed': 0, 'fit': 0.021247607373841623, 'error': 7.587953575906084e-07, 'difference': 6.5611448743386816e-06, 'iterations': 178}], 'cpu': 0.8222206300000039}
{'index': 561, 'family': 3, 'gp_error': 7.157665364854212e-07, 'uncertainty': 7.819456466542154e-06, 'cost': 104, 'fits': [], 'cpu': 0.0025566799999978684}
{'index': 562, 'family': 4, 'gp_error': -9.330434647126532e-09, 'uncertainty': 1.1659864572910646e-05, 'cost': 104, 'fits': [], 'cpu': 0.0032823700000221834}
{'index': 563, 'family': 5, 'gp_error': -5.01092654037194e-07, 'uncertainty': 2.0349244468919037e-05, 'cost': 104, 'fits': [{'seed': 0, 'fit': 0.021692039827792126, 'error': 1.548626932732636e-07, 'difference': 6.559553473104577e-07, 'iterations': 40}], 'cpu': 0.21550566000001936}
{'index': 564, 'family': 0, 'gp_error': 2.1005660877371213e-08, 'uncertainty': 2.174133453049488e-06, 'cost': 104, 'fits': [], 'cpu': 0.0029798500000026706}
{'index': 565, 'family': 1, 'gp_error': -1.4727768443467681e-05, 'uncertainty': 0.0008838701736498963, 'cost': 104, 'fits': [{'seed': 0, 'fit': 5.8386558999879545, 'error': -0.000593473518812283, 'difference': -0.0005787457503688153, 'iterations': 300}, {'seed': 1, 'fit': 0.10422051672642925, 'error': 1.0299367730184916e-05, 'difference': 2.5027136173652598e-05, 'iterations': 300}, {'seed': 2, 'fit': 1.1770065618437249, 'error': -1.1742286789120796e-05, 'difference': 2.9854816543468856e-06, 'iterations': 300}, {'seed': 3, 'fit': 0.014151823238669549, 'error': -2.765512763258128e-08, 'difference': 1.47001133158351e-05, 'iterations': 300}], 'cpu': 5.151379357999986}
{'index': 566, 'family': 2, 'gp_error': 1.8160746744594683e-05, 'uncertainty': 6.459547303151791e-05, 'cost': 104, 'fits': [{'seed': 0, 'fit': 0.24512906899441025, 'error': -3.907236062635241e-06, 'difference': -2.2067982807229924e-05, 'iterations': 300}, {'seed': 1, 'fit': 0.2630970984543649, 'error': 2.1886848753462817e-06, 'difference': -1.59720618692484e-05, 'iterations': 300}, {'seed': 2, 'fit': 0.18515348648661556, 'error': 1.3497452965385926e-05, 'difference': -4.663293779208757e-06, 'iterations': 300}, {'seed': 3, 'fit': 0.19106472766881072, 'error': -8.663063827028876e-06, 'difference': -2.682381057162356e-05, 'iterations': 300}], 'cpu': 5.2367733389999955}
{'index': 567, 'family': 3, 'gp_error': 1.1664770363850614e-05, 'uncertainty': 5.422520053266633e-05, 'cost': 104, 'fits': [], 'cpu': 0.002898170000008804}
{'index': 568, 'family': 4, 'gp_error': 1.7148591291427104e-06, 'uncertainty': 3.200472824453688e-05, 'cost': 104, 'fits': [], 'cpu': 0.002913980000016636}
{'index': 569, 'family': 5, 'gp_error': 5.206522305100007e-07, 'uncertainty': 5.873857789861247e-06, 'cost': 104, 'fits': [{'seed': 0, 'fit': 0.018666652868254367, 'error': -8.187306628906411e-08, 'difference': -6.025252967990649e-07, 'iterations': 47}], 'cpu': 0.28512616999998386}
{'index': 570, 'family': 0, 'gp_error': -3.185643637770852e-09, 'uncertainty': 1.5415791169469285e-06, 'cost': 104, 'fits': [], 'cpu': 0.0030540900000062265}
{'index': 571, 'family': 1, 'gp_error': -5.671954783903477e-07, 'uncertainty': 4.4763654960844726e-05, 'cost': 104, 'fits': [{'seed': 0, 'fit': 0.008525541319815358, 'error': -4.207357747345957e-07, 'difference': 1.4645970365575198e-07, 'iterations': 99}], 'cpu': 0.4609959299999957}
{'index': 572, 'family': 2, 'gp_error': 7.918593408554053e-07, 'uncertainty': 1.421460193257973e-05, 'cost': 104, 'fits': [{'seed': 0, 'fit': 0.008867208640831485, 'error': -2.667486099383329e-07, 'difference': -1.0586079507937382e-06, 'iterations': 112}], 'cpu': 0.5921131799999841}
{'index': 573, 'family': 3, 'gp_error': -1.070039096884307e-06, 'uncertainty': 2.6536677955169117e-05, 'cost': 104, 'fits': [], 'cpu': 0.0019731900000010683}
{'index': 574, 'family': 4, 'gp_error': 3.2289185419864808e-06, 'uncertainty': 2.0667022410293667e-05, 'cost': 104, 'fits': [], 'cpu': 0.0023154299999816885}
{'index': 575, 'family': 5, 'gp_error': -8.636192215888405e-06, 'uncertainty': 8.388218982418324e-05, 'cost': 104, 'fits': [{'seed': 0, 'fit': 0.3354885371914269, 'error': 5.719742992593998e-05, 'difference': 6.583362214182838e-05, 'iterations': 300}, {'seed': 1, 'fit': 0.3033936155382903, 'error': 2.3342975503800948e-05, 'difference': 3.197916771968935e-05, 'iterations': 300}, {'seed': 2, 'fit': 0.37624326666162944, 'error': 5.808801235737137e-05, 'difference': 6.672420457325977e-05, 'iterations': 300}, {'seed': 3, 'fit': 0.3579404337871889, 'error': -4.615043919141798e-05, 'difference': -3.751424697552957e-05, 'iterations': 300}], 'cpu': 5.5033306880000055}
{'index': 576, 'family': 0, 'gp_error': -4.367748411948636e-06, 'uncertainty': 3.119994643413801e-05, 'cost': 104, 'fits': [], 'cpu': 0.0025354800000059186}
{'index': 577, 'family': 1, 'gp_error': 8.126315050593916e-07, 'uncertainty': 4.730859032802447e-06, 'cost': 104, 'fits': [{'seed': 0, 'fit': 0.0020483177804402914, 'error': -3.855704139895639e-08, 'difference': -8.51188546458348e-07, 'iterations': 74}], 'cpu': 0.391908959999995}
{'index': 578, 'family': 2, 'gp_error': -0.00015936217496692606, 'uncertainty': 0.0004908843241657152, 'cost': 104, 'fits': [{'seed': 0, 'fit': 0.6862508904759346, 'error': 0.0013050196987779501, 'difference': 0.0014643818737448762, 'iterations': 300}, {'seed': 1, 'fit': 0.8290405348979094, 'error': -8.594726401546992e-05, 'difference': 7.341491095145614e-05, 'iterations': 105}, {'seed': 2, 'fit': 1.4371079068542596, 'error': -0.0015770819901204985, 'difference': -0.0014177198151535725, 'iterations': 300}, {'seed': 3, 'fit': 2.8328908873563567, 'error': 0.0010587988157838974, 'difference': 0.0012181609907508234, 'iterations': 211}], 'cpu': 3.9080370279999954}
{'index': 579, 'family': 3, 'gp_error': -1.9298817917623445e-05, 'uncertainty': 4.616810456500399e-05, 'cost': 104, 'fits': [], 'cpu': 0.0027632800000105817}
{'index': 580, 'family': 4, 'gp_error': -7.570785109933802e-09, 'uncertainty': 1.3243375446732732e-06, 'cost': 104, 'fits': [], 'cpu': 0.003338670000005095}
{'index': 581, 'family': 5, 'gp_error': 2.95677082946463e-06, 'uncertainty': 2.1456904167070515e-05, 'cost': 104, 'fits': [{'seed': 0, 'fit': 0.020775467079641004, 'error': -6.215928898567908e-07, 'difference': -3.5783637193214207e-06, 'iterations': 115}], 'cpu': 0.531912559999995}
{'index': 582, 'family': 0, 'gp_error': 2.2207394940743086e-06, 'uncertainty': 3.278464593185653e-05, 'cost': 104, 'fits': [], 'cpu': 0.0030737700000145196}
{'index': 583, 'family': 1, 'gp_error': 1.3988979971034385e-06, 'uncertainty': 7.136475338946895e-06, 'cost': 104, 'fits': [{'seed': 0, 'fit': 0.005195295899138693, 'error': 6.419506011991406e-08, 'difference': -1.3347029369835244e-06, 'iterations': 300}], 'cpu': 1.3717661089999922}
{'index': 584, 'family': 2, 'gp_error': 6.4361076951885594e-06, 'uncertainty': 2.5314109817766993e-05, 'cost': 104, 'fits': [{'seed': 0, 'fit': 0.15552267394939054, 'error': 1.2484081903357353e-05, 'difference': 6.047974208168793e-06, 'iterations': 58}, {'seed': 1, 'fit': 0.041785070431627026, 'error': 1.1986717946104846e-06, 'difference': -5.237435900578075e-06, 'iterations': 43}], 'cpu': 0.47694437999999195}
{'index': 585, 'family': 3, 'gp_error': 2.4822025540549583e-06, 'uncertainty': 2.094741606317621e-05, 'cost': 104, 'fits': [], 'cpu': 0.002919249999990825}
{'index': 586, 'family': 4, 'gp_error': -5.422421986756021e-06, 'uncertainty': 6.375598392058922e-05, 'cost': 104, 'fits': [], 'cpu': 0.0023730400000090413}
{'index': 587, 'family': 5, 'gp_error': 1.101995718288954e-06, 'uncertainty': 2.9685103828499483e-05, 'cost': 104, 'fits': [{'seed': 0, 'fit': 0.012452104968316634, 'error': 1.866691036658023e-07, 'difference': -9.153266146231517e-07, 'iterations': 83}], 'cpu': 0.3632199600000092}
{'index': 588, 'family': 0, 'gp_error': -8.06396528441056e-08, 'uncertainty': 2.6664208011512042e-06, 'cost': 104, 'fits': [], 'cpu': 0.0027473600000007536}
{'index': 589, 'family': 1, 'gp_error': 3.3443690584250563e-06, 'uncertainty': 7.24983308398711e-05, 'cost': 104, 'fits': [{'seed': 0, 'fit': 0.007585559051869195, 'error': 2.3395028311888697e-07, 'difference': -3.1104187753061693e-06, 'iterations': 300}], 'cpu': 1.3452798290000203}
{'index': 590, 'family': 2, 'gp_error': -4.776862386368652e-05, 'uncertainty': 0.00020200866850501523, 'cost': 104, 'fits': [{'seed': 0, 'fit': 0.10694291874076865, 'error': 2.1671932043948927e-05, 'difference': 6.944055590763545e-05, 'iterations': 66}, {'seed': 1, 'fit': 0.775347134116132, 'error': 7.03366111853281e-05, 'difference': 0.00011810523504901462, 'iterations': 209}, {'seed': 2, 'fit': 0.7872847671471896, 'error': -0.0007466734480034453, 'difference': -0.0006989048241397588, 'iterations': 300}, {'seed': 3, 'fit': 1.14868444233183, 'error': 0.0009683636676596887, 'difference': 0.0010161322915233752, 'iterations': 300}], 'cpu': 3.790867908999985}
{'index': 591, 'family': 3, 'gp_error': -6.851401579410776e-07, 'uncertainty': 1.336472387205566e-05, 'cost': 104, 'fits': [], 'cpu': 0.0029950199999859706}
{'index': 592, 'family': 4, 'gp_error': -4.717235050355484e-07, 'uncertainty': 6.108066076670785e-05, 'cost': 104, 'fits': [], 'cpu': 0.0026386300000069696}
{'index': 593, 'family': 5, 'gp_error': 1.997330791801699e-05, 'uncertainty': 4.23314053518046e-05, 'cost': 104, 'fits': [{'seed': 0, 'fit': 0.15364545332457608, 'error': 3.834174105710975e-05, 'difference': 1.836843313909276e-05, 'iterations': 300}, {'seed': 1, 'fit': 0.3021781930284896, 'error': 4.489717290556745e-05, 'difference': 2.4923864987550457e-05, 'iterations': 290}, {'seed': 2, 'fit': 0.14158630697097424, 'error': 1.760544995560995e-05, 'difference': -2.3678579624070413e-06, 'iterations': 300}, {'seed': 3, 'fit': 0.020316769617704514, 'error': 3.9149421836737213e-07, 'difference': -1.958181369964962e-05, 'iterations': 94}], 'cpu': 4.834433608000012}
{'index': 594, 'family': 0, 'gp_error': -1.2197623951992753e-06, 'uncertainty': 1.9462257078102923e-05, 'cost': 104, 'fits': [], 'cpu': 0.0027191799999854993}
{'index': 595, 'family': 1, 'gp_error': 3.64926609389693e-05, 'uncertainty': 0.0002926391849903677, 'cost': 104, 'fits': [{'seed': 0, 'fit': 0.007538090064079086, 'error': 7.252549627003975e-07, 'difference': -3.5767405976268904e-05, 'iterations': 300}], 'cpu': 1.6410436490000109}
{'index': 596, 'family': 2, 'gp_error': 5.768795148186623e-06, 'uncertainty': 4.3810185424329566e-05, 'cost': 104, 'fits': [{'seed': 0, 'fit': 0.14361456112933044, 'error': 9.939463750789432e-06, 'difference': 4.17066860260281e-06, 'iterations': 300}, {'seed': 1, 'fit': 0.02243018149207548, 'error': 5.918011039125457e-07, 'difference': -5.176994044274077e-06, 'iterations': 88}], 'cpu': 2.0079998489999866}
{'index': 597, 'family': 3, 'gp_error': -1.1084513540371432e-06, 'uncertainty': 2.1041449100912407e-05, 'cost': 104, 'fits': [], 'cpu': 0.0034724000000210253}
{'index': 598, 'family': 4, 'gp_error': 5.384113554995906e-08, 'uncertainty': 1.8366471198335751e-06, 'cost': 104, 'fits': [], 'cpu': 0.0030580899999961275}
{'index': 599, 'family': 5, 'gp_error': 9.27506445203008e-07, 'uncertainty': 8.808313509598634e-06, 'cost': 104, 'fits': [{'seed': 0, 'fit': 0.07125569702937506, 'error': 2.8632500544666047e-06, 'difference': 1.9357436092635967e-06, 'iterations': 91}], 'cpu': 0.5472546700000009}
elapsed 169.95530128479004 CPU 629.333344333
