DENSE 1 301 0 750 7.788245081226177e-28
SPARSE 1 301 0 0 103 0.00032203244475438565 l1 14.550871337528672
SPARSE 1 301 0 1 56 0.01631459398796112 l1 13.322878194415427
SPARSE 1 301 0 2 55 0.007790120663489607 l1 14.273757889336647
TRIM 1 301 0 2 0.12605299708122641
SPARSE 1 301 0 3 55 0.007628713895184586 l1 14.301963202962057
SPARSE 1 301 0 4 55 0.007625478685979476 l1 14.303107423411328
SPARSE 1 301 0 5 55 0.007625355802079163 l1 14.303121693707016
TRIM 1 301 0 5 0.13403791302293877
SPARSE 1 301 0 6 55 0.007625347714309576 l1 14.30311790705885
SPARSE 1 301 0 7 55 0.0076253462465900234 l1 14.303115173479297
SPARSE 1 301 0 8 55 0.0076253461174263385 l1 14.3031153719504
TRIM 1 301 0 8 0.13403791302293872
SPARSE 1 301 0 9 55 0.007625346136315994 l1 14.303115428415595
SPARSE 1 301 0 10 55 0.007625346179556719 l1 14.303115462487321
SPARSE 1 301 0 11 55 0.007625346208871723 l1 14.303115509065979
TRIM 1 301 0 11 0.13403791302293874
SPARSE 1 301 0 12 55 0.007625346241640946 l1 14.30311554700852
SPARSE 1 301 0 13 55 0.007625346270024312 l1 14.303115585637546
SPARSE 1 301 0 14 55 0.007625346297478941 l1 14.303115620979236
TRIM 1 301 0 14 0.1340379130229387
SPARSE 1 301 0 15 55 0.007625346322986277 l1 14.303115654487113
SPARSE 1 301 0 16 55 0.007625346347154322 l1 14.303115685650182
SPARSE 1 301 0 17 55 0.007625346369934869 l1 14.303115714750351
TRIM 1 301 0 17 0.13403791302293872
SPARSE 1 301 0 18 55 0.007625346391493097 l1 14.30311574180633
SPARSE 1 301 0 19 55 0.007625346411895464 l1 14.303115766950787
DENSE 1 301 1 448 3.366558340773988e-27
SPARSE 1 301 1 0 109 0.0006303842127761093 l1 16.945015835427363
SPARSE 1 301 1 1 48 0.018754920432125774 l1 14.982648321017143
SPARSE 1 301 1 2 48 0.010402907266100414 l1 16.15701371011281
TRIM 1 301 1 2 0.08427711954070664
SPARSE 1 301 1 3 48 0.01021370515600925 l1 16.238613080270817
SPARSE 1 301 1 4 48 0.010207478581937013 l1 16.243277638986488
SPARSE 1 301 1 5 48 0.010206963177348453 l1 16.2436057192882
TRIM 1 301 1 5 0.08199374454310206
SPARSE 1 301 1 6 48 0.010206902147954928 l1 16.243638637140318
SPARSE 1 301 1 7 48 0.010206895078720909 l1 16.243639601638012
SPARSE 1 301 1 8 48 0.010206894984561411 l1 16.24363980934346
TRIM 1 301 1 8 0.08199374454310232
SPARSE 1 301 1 9 48 0.010206894816343978 l1 16.24364007443984
SPARSE 1 301 1 10 48 0.010206894682293063 l1 16.243640286847008
SPARSE 1 301 1 11 48 0.010206894565169095 l1 16.243640469574924
TRIM 1 301 1 11 0.0819937445431023
SPARSE 1 301 1 12 48 0.010206894463630753 l1 16.24364062621913
SPARSE 1 301 1 13 48 0.010206894375087377 l1 16.2436407612401
SPARSE 1 301 1 14 48 0.010206894297584207 l1 16.243640878010105
TRIM 1 301 1 14 0.08199374454310229
SPARSE 1 301 1 15 48 0.010206894229459 l1 16.243640979351238
SPARSE 1 301 1 16 48 0.010206894169316187 l1 16.24364106761304
SPARSE 1 301 1 17 48 0.01020689411597842 l1 16.243641144764332
TRIM 1 301 1 17 0.08199374454310229
SPARSE 1 301 1 18 48 0.010206894068452163 l1 16.243641212457362
SPARSE 1 301 1 19 48 0.01020689402589853 l1 16.243641272080467
DENSE 1 301 2 750 1.1605040127740478e-27
SPARSE 1 301 2 0 110 0.00040872374501112126 l1 13.963994056721774
SPARSE 1 301 2 1 52 0.01848396332257866 l1 12.454641576486697
SPARSE 1 301 2 2 52 0.009795350691268067 l1 13.31002210808597
TRIM 1 301 2 2 0.06637984001872049
SPARSE 1 301 2 3 51 0.009566809982950512 l1 13.35440011210743
SPARSE 1 301 2 4 51 0.009546517243114656 l1 13.359519265903305
SPARSE 1 301 2 5 51 0.009543098104465136 l1 13.36065104636293
TRIM 1 301 2 5 0.08025638777191867
SPARSE 1 301 2 6 51 0.009542460145688084 l1 13.3609339585447
SPARSE 1 301 2 7 51 0.009542332517511335 l1 13.3610082019736
SPARSE 1 301 2 8 51 0.009542306196041775 l1 13.36102705164984
TRIM 1 301 2 8 0.08025638777191998
SPARSE 1 301 2 9 51 0.009542302691084383 l1 13.361032630982686
SPARSE 1 301 2 10 51 0.009542300488693239 l1 13.3610338196889
SPARSE 1 301 2 11 51 0.009542300605628917 l1 13.36103369616854
TRIM 1 301 2 11 0.08025638777192004
SPARSE 1 301 2 12 51 0.009542300595001656 l1 13.361033759199618
SPARSE 1 301 2 13 51 0.009542300622104012 l1 13.361033732965135
SPARSE 1 301 2 14 51 0.009542300617557212 l1 13.361033751784651
TRIM 1 301 2 14 0.08025638777192007
SPARSE 1 301 2 15 51 0.00954230062016065 l1 13.361033750846861
SPARSE 1 301 2 16 51 0.009542300614451191 l1 13.361033760045878
SPARSE 1 301 2 17 51 0.009542300610258765 l1 13.361033764389562
TRIM 1 301 2 17 0.0802563877719201
SPARSE 1 301 2 18 51 0.009542300603953722 l1 13.361033771276164
SPARSE 1 301 2 19 51 0.009542300598378621 l1 13.36103377672346
DENSE 1 301 3 448 1.4849200259542101e-28
SPARSE 1 301 3 0 96 0.0007033267598300535 l1 17.891701528363782
SPARSE 1 301 3 1 46 0.02043062595415256 l1 15.571308071499907
SPARSE 1 301 3 2 46 0.01029777686165387 l1 17.347488047078627
TRIM 1 301 3 2 0.07075721525587704
SPARSE 1 301 3 3 45 0.010078501761499848 l1 17.444541624824584
SPARSE 1 301 3 4 45 0.010038130476703802 l1 17.446990335010295
SPARSE 1 301 3 5 45 0.010034090690004742 l1 17.44675352020512
TRIM 1 301 3 5 0.07627793269770956
SPARSE 1 301 3 6 45 0.010033610769577067 l1 17.44667399647978
SPARSE 1 301 3 7 45 0.010033542427918186 l1 17.446659669305568
SPARSE 1 301 3 8 45 0.010033531634647545 l1 17.446660130905645
TRIM 1 301 3 8 0.07627793269770965
SPARSE 1 301 3 9 45 0.010033531455298596 l1 17.446660152080682
SPARSE 1 301 3 10 45 0.010033531314357049 l1 17.446660051546218
SPARSE 1 301 3 11 45 0.01003353119401347 l1 17.446659999744856
TRIM 1 301 3 11 0.0762779326977096
SPARSE 1 301 3 12 45 0.010033531093168093 l1 17.446659937099522
SPARSE 1 301 3 13 45 0.010033531005147282 l1 17.446659879872765
SPARSE 1 301 3 14 45 0.010033530929632498 l1 17.446659819655817
TRIM 1 301 3 14 0.0762779326977096
SPARSE 1 301 3 15 45 0.010033530863474797 l1 17.44665975913363
SPARSE 1 301 3 16 45 0.010033530805756937 l1 17.44665969704824
SPARSE 1 301 3 17 45 0.010033530754735473 l1 17.446659634425917
TRIM 1 301 3 17 0.07627793269770958
SPARSE 1 301 3 18 45 0.010033530709512708 l1 17.446659571284194
SPARSE 1 301 3 19 45 0.01003353066902909 l1 17.44665950819686
DENSE 1 301 4 750 8.729198238973528e-28
SPARSE 1 301 4 0 108 0.00035576101043764176 l1 14.922685915875343
SPARSE 1 301 4 1 55 0.017304919297646135 l1 13.36196070076094
SPARSE 1 301 4 2 55 0.008103568210013878 l1 14.459348058417536
TRIM 1 301 4 2 0.10846149137566218
SPARSE 1 301 4 3 55 0.008070455461755638 l1 14.487784871338814
SPARSE 1 301 4 4 55 0.008075645027966536 l1 14.487788747085506
SPARSE 1 301 4 5 55 0.00807810333557002 l1 14.487450649547634
TRIM 1 301 4 5 0.10846149137566781
SPARSE 1 301 4 6 55 0.00807940569512767 l1 14.487258286177221
SPARSE 1 301 4 7 55 0.008080167823579317 l1 14.48714614771533
SPARSE 1 301 4 8 55 0.008080633853279513 l1 14.487079052067978
TRIM 1 301 4 8 0.10846149137566526
SPARSE 1 301 4 9 55 0.008080924266184186 l1 14.487037399544365
SPARSE 1 301 4 10 55 0.008081106206273907 l1 14.487011683110826
SPARSE 1 301 4 11 55 0.008081220104003896 l1 14.486996565886667
TRIM 1 301 4 11 0.10846149137566602
SPARSE 1 301 4 12 55 0.008081291996736193 l1 14.486986685102025
SPARSE 1 301 4 13 55 0.008081337884507206 l1 14.48698039024888
SPARSE 1 301 4 14 55 0.008081367157676326 l1 14.48697623709458
TRIM 1 301 4 14 0.10846149137566213
SPARSE 1 301 4 15 55 0.008081385111488008 l1 14.486974223462376
SPARSE 1 301 4 16 55 0.008081397020589322 l1 14.486972273991464
SPARSE 1 301 4 17 55 0.008081404348010553 l1 14.486970644070354
TRIM 1 301 4 17 0.1084614913756621
SPARSE 1 301 4 18 55 0.008081404706671137 l1 14.486970426053219
SPARSE 1 301 4 19 55 0.008081404876677635 l1 14.486970331011028
DENSE 1 301 5 448 2.4327279215861785e-27
SPARSE 1 301 5 0 97 0.000769576153464381 l1 17.435789948793417
SPARSE 1 301 5 1 49 0.017592322902809973 l1 15.3923336146357
SPARSE 1 301 5 2 49 0.008977355688912366 l1 16.66610061185763
TRIM 1 301 5 2 0.12118660100270859
SPARSE 1 301 5 3 49 0.008796026266422462 l1 16.732618003282308
SPARSE 1 301 5 4 49 0.008788882153829398 l1 16.73859464875333
SPARSE 1 301 5 5 49 0.00878838472292371 l1 16.739145067762035
TRIM 1 301 5 5 0.12118660100270887
SPARSE 1 301 5 6 49 0.008788336741082235 l1 16.73919919031352
SPARSE 1 301 5 7 49 0.008788332242794628 l1 16.739204761951427
SPARSE 1 301 5 8 49 0.0087883321494489 l1 16.739204777846012
TRIM 1 301 5 8 0.12118660100270884
SPARSE 1 301 5 9 49 0.008788332136689486 l1 16.739204750855283
SPARSE 1 301 5 10 49 0.008788332122717069 l1 16.73920474265706
SPARSE 1 301 5 11 49 0.008788332110731519 l1 16.739204738953987
TRIM 1 301 5 11 0.12118660100270888
SPARSE 1 301 5 12 49 0.008788332097494614 l1 16.739204738744434
SPARSE 1 301 5 13 49 0.008788332082870979 l1 16.739204743521466
SPARSE 1 301 5 14 49 0.008788332067037686 l1 16.739204751164298
TRIM 1 301 5 14 0.12118660100270891
SPARSE 1 301 5 15 49 0.008788332050139682 l1 16.739204761907928
SPARSE 1 301 5 16 49 0.008788332032492893 l1 16.73920477462991
SPARSE 1 301 5 17 49 0.008788332014294851 l1 16.7392047891053
TRIM 1 301 5 17 0.12118660100270887
SPARSE 1 301 5 18 49 0.00878833199576785 l1 16.7392048047512
SPARSE 1 301 5 19 49 0.008788331977067371 l1 16.739204821313994
DENSE 1 301 6 750 6.39112240860042e-28
SPARSE 1 301 6 0 102 0.0003785127354772338 l1 14.635016361849058
SPARSE 1 301 6 1 52 0.014905001255968421 l1 13.393146662512569
SPARSE 1 301 6 2 51 0.005761980558022669 l1 14.473033717122897
TRIM 1 301 6 2 0.10754228926666827
SPARSE 1 301 6 3 51 0.005570594310362862 l1 14.52080606186312
SPARSE 1 301 6 4 51 0.005568900012539938 l1 14.522636003640475
SPARSE 1 301 6 5 51 0.00556895061693459 l1 14.522712285797214
TRIM 1 301 6 5 0.1075422892666677
SPARSE 1 301 6 6 51 0.005568966132853337 l1 14.522715162250426
SPARSE 1 301 6 7 51 0.005568969252915727 l1 14.52271455997091
SPARSE 1 301 6 8 51 0.005568969167087656 l1 14.52271476281353
TRIM 1 301 6 8 0.10754228926667533
SPARSE 1 301 6 9 51 0.005568969129374737 l1 14.522714831741236
SPARSE 1 301 6 10 51 0.005568969100297404 l1 14.522714901500805
SPARSE 1 301 6 11 51 0.005568969077757197 l1 14.52271495225395
TRIM 1 301 6 11 0.10754228926667524
SPARSE 1 301 6 12 51 0.005568969058625192 l1 14.522714995358069
SPARSE 1 301 6 13 51 0.005568969043030147 l1 14.522715030505632
SPARSE 1 301 6 14 51 0.005568969030325372 l1 14.522715059867597
TRIM 1 301 6 14 0.10754228926667529
SPARSE 1 301 6 15 51 0.005568969020276965 l1 14.522715084301876
SPARSE 1 301 6 16 51 0.005568969012569808 l1 14.522715104720236
SPARSE 1 301 6 17 51 0.005568969006947916 l1 14.522715121779695
TRIM 1 301 6 17 0.10754228926667522
SPARSE 1 301 6 18 51 0.005568969003165393 l1 14.522715136036744
SPARSE 1 301 6 19 51 0.0055689690010006405 l1 14.522715147941751
DENSE 1 301 7 448 2.3437027976982914e-27
SPARSE 1 301 7 0 91 0.0006571253137987464 l1 18.283832631720966
SPARSE 1 301 7 1 49 0.016101663002746985 l1 16.559280461683645
SPARSE 1 301 7 2 49 0.008395778732936189 l1 17.670962969962048
TRIM 1 301 7 2 0.08034791230863285
SPARSE 1 301 7 3 49 0.008159170543373893 l1 17.70484122079482
SPARSE 1 301 7 4 49 0.008133484822698725 l1 17.71016380191196
SPARSE 1 301 7 5 49 0.00813075579187058 l1 17.710982974422805
TRIM 1 301 7 5 0.08034791230863363
SPARSE 1 301 7 6 49 0.008130381228833904 l1 17.711107762237788
SPARSE 1 301 7 7 49 0.008130326376498052 l1 17.711130484129
SPARSE 1 301 7 8 49 0.008130319274162023 l1 17.711129237624604
TRIM 1 301 7 8 0.08034791230863358
SPARSE 1 301 7 9 49 0.008130319090722244 l1 17.711129394398995
SPARSE 1 301 7 10 49 0.008130319007547885 l1 17.711129550626065
SPARSE 1 301 7 11 49 0.008130318939923508 l1 17.711129647482085
TRIM 1 301 7 11 0.08034791230863446
SPARSE 1 301 7 12 49 0.008130318887461246 l1 17.711129725536082
SPARSE 1 301 7 13 49 0.008130318841434128 l1 17.711129789246957
SPARSE 1 301 7 14 49 0.008130318799938002 l1 17.71112984646335
TRIM 1 301 7 14 0.08034791230863449
SPARSE 1 301 7 15 49 0.008130318760207885 l1 17.711129898566572
SPARSE 1 301 7 16 49 0.008130318721919282 l1 17.711129948373877
SPARSE 1 301 7 17 49 0.008130318683942183 l1 17.711129995759553
TRIM 1 301 7 17 0.08034791230863444
SPARSE 1 301 7 18 49 0.008130318646444808 l1 17.711130041940713
SPARSE 1 301 7 19 49 0.00813031860892704 l1 17.711130086507087
DENSE 1 301 8 750 1.6365480466091503e-27
SPARSE 1 301 8 0 100 0.0003958156838481567 l1 14.551058249563184
SPARSE 1 301 8 1 57 0.016512312260563294 l1 13.171193968640583
SPARSE 1 301 8 2 57 0.007662242730027422 l1 14.396200627742088
TRIM 1 301 8 2 0.11326923212015022
SPARSE 1 301 8 3 57 0.007413792483790339 l1 14.613872251314318
SPARSE 1 301 8 4 57 0.007384482701018287 l1 14.68121241249628
SPARSE 1 301 8 5 57 0.00738048412503883 l1 14.694929750162794
TRIM 1 301 8 5 0.12869699946518298
SPARSE 1 301 8 6 57 0.007379899494124545 l1 14.697465034376323
SPARSE 1 301 8 7 57 0.007379817649376799 l1 14.697930319687673
SPARSE 1 301 8 8 57 0.007379809513019235 l1 14.698015632168994
TRIM 1 301 8 8 0.12869699946518348
SPARSE 1 301 8 9 57 0.0073798123743925095 l1 14.698022351957048
SPARSE 1 301 8 10 57 0.007379812725822783 l1 14.698022001755664
SPARSE 1 301 8 11 57 0.007379812690921867 l1 14.698022126581504
TRIM 1 301 8 11 0.1286969994651835
SPARSE 1 301 8 12 57 0.007379812790427368 l1 14.698022105263783
SPARSE 1 301 8 13 57 0.007379812826572618 l1 14.698022152867065
SPARSE 1 301 8 14 57 0.00737981287177978 l1 14.698022194694557
TRIM 1 301 8 14 0.12869699946518348
SPARSE 1 301 8 15 57 0.007379812903521351 l1 14.698022249340633
SPARSE 1 301 8 16 57 0.007379812930392393 l1 14.698022310844822
SPARSE 1 301 8 17 57 0.007379812951639212 l1 14.698022376826078
TRIM 1 301 8 17 0.12869699946518348
SPARSE 1 301 8 18 57 0.007379812968079377 l1 14.698022448045771
SPARSE 1 301 8 19 57 0.007379812980834815 l1 14.698022521849989
DENSE 1 301 9 448 5.368278374836932e-28
SPARSE 1 301 9 0 102 0.0008202087547217233 l1 16.843218734470998
SPARSE 1 301 9 1 52 0.01815704570492813 l1 14.925389875845974
SPARSE 1 301 9 2 51 0.007791155597009542 l1 16.332649874310277
TRIM 1 301 9 2 0.07961659371198607
SPARSE 1 301 9 3 51 0.007611470468271297 l1 16.40865725061712
SPARSE 1 301 9 4 51 0.007603059502552544 l1 16.413831606091783
SPARSE 1 301 9 5 51 0.007602259498068011 l1 16.41427708307279
TRIM 1 301 9 5 0.10063950608975167
SPARSE 1 301 9 6 51 0.007602156864056059 l1 16.414329866651144
SPARSE 1 301 9 7 51 0.0076021426929337305 l1 16.414338992452915
SPARSE 1 301 9 8 51 0.0076021427328809964 l1 16.414339002225564
TRIM 1 301 9 8 0.10063950608975178
SPARSE 1 301 9 9 51 0.007602142672000043 l1 16.414339090713973
SPARSE 1 301 9 10 51 0.007602142631242284 l1 16.414339151529465
SPARSE 1 301 9 11 51 0.007602142576269651 l1 16.414339211614394
TRIM 1 301 9 11 0.10063950608975177
SPARSE 1 301 9 12 51 0.0076021425261771905 l1 16.414339258612138
SPARSE 1 301 9 13 51 0.007602142473672436 l1 16.41433929928595
SPARSE 1 301 9 14 51 0.007602142423003499 l1 16.41433933197742
TRIM 1 301 9 14 0.1006395060897518
SPARSE 1 301 9 15 51 0.007602142372754533 l1 16.414339358859223
SPARSE 1 301 9 16 51 0.007602142323878068 l1 16.41433938023617
SPARSE 1 301 9 17 51 0.007602142276146842 l1 16.41433939708911
TRIM 1 301 9 17 0.10063950608975185
SPARSE 1 301 9 18 51 0.007602142229792337 l1 16.41433940994118
SPARSE 1 301 9 19 51 0.007602142184795103 l1 16.41433941938322
DENSE 1 301 10 750 9.37387091568313e-28
SPARSE 1 301 10 0 101 0.0003560272420159827 l1 13.815490632057704
SPARSE 1 301 10 1 57 0.016513941653508613 l1 12.571133727137079
SPARSE 1 301 10 2 57 0.005769538594592997 l1 13.589563511676902
TRIM 1 301 10 2 0.14233198351152893
SPARSE 1 301 10 3 57 0.005634946338075716 l1 13.624892922382895
SPARSE 1 301 10 4 57 0.005633107629425872 l1 13.625379318814252
SPARSE 1 301 10 5 57 0.00563343713770305 l1 13.62521272118883
TRIM 1 301 10 5 0.14233198351152987
SPARSE 1 301 10 6 57 0.0056335710247859255 l1 13.625158891291646
SPARSE 1 301 10 7 57 0.005633610766146242 l1 13.625143592022228
SPARSE 1 301 10 8 57 0.005633623337000841 l1 13.625139760575514
TRIM 1 301 10 8 0.14233198351152954
SPARSE 1 301 10 9 57 0.005633623610215847 l1 13.625139520248958
SPARSE 1 301 10 10 57 0.005633623654151758 l1 13.625139561078585
SPARSE 1 301 10 11 57 0.00563362380440582 l1 13.625139448496949
TRIM 1 301 10 11 0.14233198351152948
SPARSE 1 301 10 12 57 0.005633623876203633 l1 13.625139458649926
SPARSE 1 301 10 13 57 0.0056336239982412205 l1 13.625139395058088
SPARSE 1 301 10 14 57 0.005633624083831099 l1 13.625139388558363
TRIM 1 301 10 14 0.1423319835115296
SPARSE 1 301 10 15 57 0.0056336241908463616 l1 13.625139348924701
SPARSE 1 301 10 16 57 0.00563362427971992 l1 13.625139336328788
SPARSE 1 301 10 17 57 0.005633624377023111 l1 13.625139309089985
TRIM 1 301 10 17 0.14233198351152954
SPARSE 1 301 10 18 57 0.005633624464675048 l1 13.625139294791794
SPARSE 1 301 10 19 57 0.005633624554963964 l1 13.625139274133224
DENSE 1 301 11 448 3.203388356626968e-28
SPARSE 1 301 11 0 90 0.0006397702463570788 l1 17.45646510508453
SPARSE 1 301 11 1 47 0.018643271856163122 l1 15.776983274533514
SPARSE 1 301 11 2 47 0.010092466901136946 l1 17.116937231404922
TRIM 1 301 11 2 0.0874684818041848
SPARSE 1 301 11 3 47 0.010046069189622676 l1 17.15400375654156
SPARSE 1 301 11 4 47 0.010044792723205808 l1 17.15516198422663
SPARSE 1 301 11 5 47 0.0100447170583917 l1 17.155213550885858
TRIM 1 301 11 5 0.08746848180418691
SPARSE 1 301 11 6 47 0.010044711777091955 l1 17.155217510107224
SPARSE 1 301 11 7 47 0.010044711589377147 l1 17.155217542392183
SPARSE 1 301 11 8 47 0.010044711579064213 l1 17.15521745816145
TRIM 1 301 11 8 0.08746848180418688
SPARSE 1 301 11 9 47 0.010044711573511141 l1 17.155217379491503
SPARSE 1 301 11 10 47 0.010044711581548812 l1 17.155217308386284
SPARSE 1 301 11 11 47 0.010044711586987547 l1 17.155217247204995
TRIM 1 301 11 11 0.08746848180418683
SPARSE 1 301 11 12 47 0.010044711592609269 l1 17.155217195038716
SPARSE 1 301 11 13 47 0.010044711595264539 l1 17.15521715088928
SPARSE 1 301 11 14 47 0.010044711595986425 l1 17.155217113776324
TRIM 1 301 11 14 0.08746848180418691
SPARSE 1 301 11 15 47 0.01004471159427239 l1 17.155217082848008
SPARSE 1 301 11 16 47 0.010044711590615174 l1 17.15521705733735
SPARSE 1 301 11 17 47 0.010044711585105939 l1 17.155217036564235
TRIM 1 301 11 17 0.08746848180418687
SPARSE 1 301 11 18 47 0.010044711578059171 l1 17.155217019918766
SPARSE 1 301 11 19 47 0.010044711569669186 l1 17.15521700685843
DENSE 1 301 12 750 1.3152926875931513e-27
SPARSE 1 301 12 0 106 0.0003878168109406228 l1 14.857232605560252
SPARSE 1 301 12 1 55 0.015311868094818212 l1 13.500002481625
SPARSE 1 301 12 2 54 0.005362040159881674 l1 14.608827261320355
TRIM 1 301 12 2 0.08785100134541902
SPARSE 1 301 12 3 54 0.005185967102730801 l1 14.674289747507506
SPARSE 1 301 12 4 54 0.005179985934721166 l1 14.677860665295928
SPARSE 1 301 12 5 54 0.005179499489818815 l1 14.678091639275072
TRIM 1 301 12 5 0.08429744351465507
SPARSE 1 301 12 6 54 0.00517944098329277 l1 14.678113911232565
SPARSE 1 301 12 7 54 0.0051794307591286025 l1 14.678116026480776
SPARSE 1 301 12 8 54 0.00517943074337007 l1 14.678115885718423
TRIM 1 301 12 8 0.08429744351465501
SPARSE 1 301 12 9 54 0.00517943070368005 l1 14.678115886951959
SPARSE 1 301 12 10 54 0.005179430714239055 l1 14.678115794503611
SPARSE 1 301 12 11 54 0.005179430687614075 l1 14.678115793630521
TRIM 1 301 12 11 0.08429744351465508
SPARSE 1 301 12 12 54 0.005179430684873615 l1 14.678115749743748
SPARSE 1 301 12 13 54 0.005179430666703285 l1 14.678115746003899
SPARSE 1 301 12 14 54 0.005179430659093968 l1 14.678115725731777
TRIM 1 301 12 14 0.08429744351465507
SPARSE 1 301 12 15 54 0.005179430646016662 l1 14.678115722580225
SPARSE 1 301 12 16 54 0.005179430637943304 l1 14.678115713571232
SPARSE 1 301 12 17 54 0.005179430628322412 l1 14.678115712165319
TRIM 1 301 12 17 0.08429744351465508
SPARSE 1 301 12 18 54 0.005179430621376768 l1 14.67811570893837
SPARSE 1 301 12 19 54 0.005179430614345484 l1 14.678115709333209
DENSE 1 301 13 448 2.5514915016496427e-27
SPARSE 1 301 13 0 92 0.0006064897027772784 l1 17.584860668207195
SPARSE 1 301 13 1 48 0.018841274240439167 l1 15.797360941972704
SPARSE 1 301 13 2 48 0.01020298681654467 l1 17.115359532745074
TRIM 1 301 13 2 0.12380816187427585
SPARSE 1 301 13 3 48 0.010145885835287319 l1 17.142325809522
SPARSE 1 301 13 4 48 0.0101440470551675 l1 17.142896686325056
SPARSE 1 301 13 5 48 0.010143893891153364 l1 17.14290678952094
TRIM 1 301 13 5 0.12380816187427399
SPARSE 1 301 13 6 48 0.010143877125070984 l1 17.142904021350976
SPARSE 1 301 13 7 48 0.010143876669927403 l1 17.142904592305946
SPARSE 1 301 13 8 48 0.010143876344631342 l1 17.14290499621078
TRIM 1 301 13 8 0.12380816187427401
SPARSE 1 301 13 9 48 0.010143876090325727 l1 17.14290529156206
SPARSE 1 301 13 10 48 0.010143875886945482 l1 17.142905517721292
SPARSE 1 301 13 11 48 0.010143875720279773 l1 17.14290569328819
TRIM 1 301 13 11 0.12380816187427401
SPARSE 1 301 13 12 48 0.010143875580205868 l1 17.142905835172513
SPARSE 1 301 13 13 48 0.010143875461368334 l1 17.14290595008516
SPARSE 1 301 13 14 48 0.01014387535931062 l1 17.142906044418226
TRIM 1 301 13 14 0.12380816187427401
SPARSE 1 301 13 15 48 0.010143875271160816 l1 17.14290612174129
SPARSE 1 301 13 16 48 0.010143875194552404 l1 17.14290618518078
SPARSE 1 301 13 17 48 0.010143875127707137 l1 17.142906236991305
TRIM 1 301 13 17 0.12380816187427394
SPARSE 1 301 13 18 48 0.010143875069156896 l1 17.14290627908712
SPARSE 1 301 13 19 48 0.010143875017714953 l1 17.142906313009263
DENSE 1 301 14 750 8.586609280870761e-28
SPARSE 1 301 14 0 100 0.00036296168378795635 l1 13.82538040588769
SPARSE 1 301 14 1 53 0.014891997614378275 l1 12.41331474009285
SPARSE 1 301 14 2 52 0.007824149223627844 l1 13.29227491115665
TRIM 1 301 14 2 0.13623335263944464
SPARSE 1 301 14 3 52 0.007780608930566805 l1 13.32115972566804
SPARSE 1 301 14 4 52 0.0077854347584304555 l1 13.32308184957318
SPARSE 1 301 14 5 52 0.007788295999889864 l1 13.323706110002261
TRIM 1 301 14 5 0.13623335263944025
SPARSE 1 301 14 6 52 0.007789535021117527 l1 13.323972282611741
SPARSE 1 301 14 7 52 0.007790044998853696 l1 13.324081968258254
SPARSE 1 301 14 8 52 0.0077902515292822576 l1 13.324125017376815
TRIM 1 301 14 8 0.1362333526394399
SPARSE 1 301 14 9 52 0.00779033284870936 l1 13.324143677517075
SPARSE 1 301 14 10 52 0.007790368188938954 l1 13.32415222408923
SPARSE 1 301 14 11 52 0.007790380389567692 l1 13.324154404568459
TRIM 1 301 14 11 0.1362333526394399
SPARSE 1 301 14 12 52 0.007790384143118039 l1 13.32415372067658
SPARSE 1 301 14 13 52 0.007790383959291555 l1 13.32415406076077
SPARSE 1 301 14 14 52 0.007790384306535773 l1 13.324153854439794
TRIM 1 301 14 14 0.1362333526394399
SPARSE 1 301 14 15 52 0.007790384245705512 l1 13.324154128682068
SPARSE 1 301 14 16 52 0.0077903846346942356 l1 13.324153959773795
SPARSE 1 301 14 17 52 0.007790384396149632 l1 13.32415438850629
TRIM 1 301 14 17 0.13623335263943978
SPARSE 1 301 14 18 52 0.007790384742158479 l1 13.32415415616378
SPARSE 1 301 14 19 52 0.007790384741210132 l1 13.32415434829288
DENSE 1 301 15 448 2.199716812519742e-28
SPARSE 1 301 15 0 92 0.0007163473789131269 l1 17.5569536055874
SPARSE 1 301 15 1 46 0.0219729941118372 l1 15.475599759453152
SPARSE 1 301 15 2 46 0.012199493773951737 l1 16.87303327159273
TRIM 1 301 15 2 0.08918005879409446
SPARSE 1 301 15 3 46 0.012005365340511599 l1 16.96664893441708
SPARSE 1 301 15 4 46 0.012005547687336228 l1 16.975032167714602
SPARSE 1 301 15 5 46 0.012006743674104462 l1 16.97629898225543
TRIM 1 301 15 5 0.089180058794091
SPARSE 1 301 15 6 46 0.012007178311001608 l1 16.976612997578812
SPARSE 1 301 15 7 46 0.012007319889784948 l1 16.97670519663415
SPARSE 1 301 15 8 46 0.012007367204957506 l1 16.976730478514167
TRIM 1 301 15 8 0.08918005879409152
SPARSE 1 301 15 9 46 0.012007381468039036 l1 16.97674229824234
SPARSE 1 301 15 10 46 0.01200738154137535 l1 16.976742241311744
SPARSE 1 301 15 11 46 0.012007381561614542 l1 16.976742278430596
TRIM 1 301 15 11 0.08918005879409567
SPARSE 1 301 15 12 46 0.012007381600731932 l1 16.97674228172213
SPARSE 1 301 15 13 46 0.012007381634134458 l1 16.976742293481948
SPARSE 1 301 15 14 46 0.012007381669087965 l1 16.97674230080582
TRIM 1 301 15 14 0.08918005879409563
SPARSE 1 301 15 15 46 0.012007381704222159 l1 16.976742307053406
SPARSE 1 301 15 16 46 0.012007381739795769 l1 16.976742311826424
SPARSE 1 301 15 17 46 0.01200738177585511 l1 16.976742315394933
TRIM 1 301 15 17 0.08918005879409562
SPARSE 1 301 15 18 46 0.01200738181221694 l1 16.976742318090174
SPARSE 1 301 15 19 46 0.01200738184886547 l1 16.976742320035637
DENSE 1 301 16 750 7.915272040134226e-28
SPARSE 1 301 16 0 99 0.0003618294188625452 l1 15.00578640476434
SPARSE 1 301 16 1 55 0.015209913588558836 l1 13.927632059931023
SPARSE 1 301 16 2 55 0.006804211563976478 l1 14.811250636956897
TRIM 1 301 16 2 0.16516351979604588
SPARSE 1 301 16 3 55 0.006728721091329451 l1 14.824772387779632
SPARSE 1 301 16 4 55 0.006728475537363269 l1 14.824917459013626
SPARSE 1 301 16 5 55 0.006728602125284189 l1 14.82488817023366
TRIM 1 301 16 5 0.16516351979604593
SPARSE 1 301 16 6 55 0.0067286356619201525 l1 14.824876911192783
SPARSE 1 301 16 7 55 0.006728644693530664 l1 14.824872942494284
SPARSE 1 301 16 8 55 0.006728644735655869 l1 14.82487301993146
TRIM 1 301 16 8 0.16516351979604585
SPARSE 1 301 16 9 55 0.006728644855604073 l1 14.824872922087232
SPARSE 1 301 16 10 55 0.006728644891413923 l1 14.824872968146577
SPARSE 1 301 16 11 55 0.0067286449803461825 l1 14.824872927978493
TRIM 1 301 16 11 0.165163519796046
SPARSE 1 301 16 12 55 0.006728645034420008 l1 14.824872934944041
SPARSE 1 301 16 13 55 0.00672864510427849 l1 14.824872913532026
SPARSE 1 301 16 14 55 0.006728645161914368 l1 14.824872905172723
TRIM 1 301 16 14 0.16516351979604588
SPARSE 1 301 16 15 55 0.006728645222229304 l1 14.824872888449644
SPARSE 1 301 16 16 55 0.006728645277439359 l1 14.82487287507047
SPARSE 1 301 16 17 55 0.006728645331712879 l1 14.824872859332144
TRIM 1 301 16 17 0.1651635197960459
SPARSE 1 301 16 18 55 0.0067286453830448355 l1 14.8248728444709
SPARSE 1 301 16 19 55 0.006728645432644298 l1 14.824872829024933
DENSE 1 301 17 448 1.2037021828262013e-28
SPARSE 1 301 17 0 93 0.0006656052486679456 l1 16.871319428386055
SPARSE 1 301 17 1 48 0.01947901277383947 l1 14.665055364534584
SPARSE 1 301 17 2 48 0.010175836531380744 l1 15.864512259994308
TRIM 1 301 17 2 0.07077030956463644
SPARSE 1 301 17 3 48 0.009909792455244969 l1 15.94498639205666
SPARSE 1 301 17 4 48 0.009908653297126434 l1 15.949889751505504
SPARSE 1 301 17 5 48 0.009912565317544947 l1 15.950382750037205
TRIM 1 301 17 5 0.07077030956463652
SPARSE 1 301 17 6 48 0.009916194964928739 l1 15.950353473495532
SPARSE 1 301 17 7 48 0.009919349140868377 l1 15.950140487351698
SPARSE 1 301 17 8 48 0.009922066158432252 l1 15.949868408699539
TRIM 1 301 17 8 0.07077030956463588
SPARSE 1 301 17 9 48 0.00992442191821696 l1 15.949583687469833
SPARSE 1 301 17 10 48 0.009926475303663761 l1 15.94931140272455
SPARSE 1 301 17 11 48 0.009928279637253677 l1 15.949060138195758
TRIM 1 301 17 11 0.0707703095646372
SPARSE 1 301 17 12 48 0.009929880744787505 l1 15.948832335148438
SPARSE 1 301 17 13 48 0.009931316904597294 l1 15.948625397469545
SPARSE 1 301 17 14 48 0.00993261886634977 l1 15.948437357382966
TRIM 1 301 17 14 0.07077030956463716
SPARSE 1 301 17 15 48 0.009933811793352067 l1 15.948265274515622
SPARSE 1 301 17 16 48 0.009934916069671259 l1 15.948106328455644
SPARSE 1 301 17 17 48 0.009935948208936523 l1 15.947958912358787
TRIM 1 301 17 17 0.07077030956463688
SPARSE 1 301 17 18 48 0.009936922418142579 l1 15.947820237724013
SPARSE 1 301 17 19 48 0.009937850515738703 l1 15.947688366678975
DENSE 1 301 18 750 6.837282613531856e-28
SPARSE 1 301 18 0 111 0.00033697171854864597 l1 13.773604244717763
SPARSE 1 301 18 1 51 0.020701637629931352 l1 12.156375292905505
SPARSE 1 301 18 2 51 0.008491255517063367 l1 13.436208187167455
TRIM 1 301 18 2 0.09329362814491927
SPARSE 1 301 18 3 51 0.008287573149536927 l1 13.511185098140556
SPARSE 1 301 18 4 51 0.008282593594414696 l1 13.513866073586549
SPARSE 1 301 18 5 51 0.008281778399665117 l1 13.514072614693426
TRIM 1 301 18 5 0.0932936281449195
SPARSE 1 301 18 6 51 0.008281473119920595 l1 13.514085249150252
SPARSE 1 301 18 7 51 0.008281302080097034 l1 13.51407354921954
SPARSE 1 301 18 8 51 0.008281189187291087 l1 13.5140625858064
TRIM 1 301 18 8 0.09329362814492181
SPARSE 1 301 18 9 51 0.008281108103321973 l1 13.514054553463593
SPARSE 1 301 18 10 51 0.008281046994632116 l1 13.514046549395351
SPARSE 1 301 18 11 51 0.008281000501736113 l1 13.514039977941048
TRIM 1 301 18 11 0.09329362814492247
SPARSE 1 301 18 12 51 0.00828096577484291 l1 13.514035450781279
SPARSE 1 301 18 13 51 0.008280941456926764 l1 13.51403338722994
SPARSE 1 301 18 14 51 0.00828092155119753 l1 13.514030647183272
TRIM 1 301 18 14 0.09329362814492283
SPARSE 1 301 18 15 51 0.008280905984403798 l1 13.514027990558185
SPARSE 1 301 18 16 51 0.008280897869388468 l1 13.514029447556947
SPARSE 1 301 18 17 51 0.00828088871260023 l1 13.514026247687616
TRIM 1 301 18 17 0.09329362814492305
SPARSE 1 301 18 18 51 0.008280884536489841 l1 13.514026508924092
SPARSE 1 301 18 19 51 0.008280883504484879 l1 13.514026686701234
DENSE 1 301 19 448 3.748197842882462e-27
SPARSE 1 301 19 0 96 0.0005311361937058805 l1 16.96311751250354
SPARSE 1 301 19 1 54 0.020277752050953293 l1 14.847057775099557
SPARSE 1 301 19 2 54 0.008839741580102528 l1 16.245105231263178
TRIM 1 301 19 2 0.1188602772846314
SPARSE 1 301 19 3 53 0.008566848707275044 l1 16.32068734478839
SPARSE 1 301 19 4 53 0.008551134933672976 l1 16.324707935771084
SPARSE 1 301 19 5 53 0.00854825328206401 l1 16.324996247617545
TRIM 1 301 19 5 0.11886027728463307
SPARSE 1 301 19 6 53 0.008547515647460202 l1 16.325029887840028
SPARSE 1 301 19 7 53 0.008547308964815334 l1 16.325035949548923
SPARSE 1 301 19 8 53 0.008547248989732647 l1 16.32503726005575
TRIM 1 301 19 8 0.11886027728463165
SPARSE 1 301 19 9 53 0.008547231477620662 l1 16.3250383405148
SPARSE 1 301 19 10 53 0.008547231052603972 l1 16.325038583610997
SPARSE 1 301 19 11 53 0.008547230839405702 l1 16.325038629374358
TRIM 1 301 19 11 0.11886027728463164
SPARSE 1 301 19 12 53 0.008547230651895388 l1 16.325038658744084
SPARSE 1 301 19 13 53 0.008547230478196461 l1 16.32503866663976
SPARSE 1 301 19 14 53 0.008547230317163985 l1 16.325038667295555
TRIM 1 301 19 14 0.11886027728463164
SPARSE 1 301 19 15 53 0.008547230164676485 l1 16.325038660453846
SPARSE 1 301 19 16 53 0.008547230020443622 l1 16.325038650374314
SPARSE 1 301 19 17 53 0.008547229882614096 l1 16.325038637532394
TRIM 1 301 19 17 0.11886027728463164
SPARSE 1 301 19 18 53 0.008547229750632252 l1 16.325038623520786
SPARSE 1 301 19 19 53 0.008547229623573533 l1 16.3250386087239
DENSE 1 301 20 750 9.708783986587208e-28
SPARSE 1 301 20 0 111 0.00031784011428409895 l1 14.07578059181094
SPARSE 1 301 20 1 52 0.01869564995323098 l1 12.715413855937244
SPARSE 1 301 20 2 52 0.0097669263839432 l1 13.590074919842415
TRIM 1 301 20 2 0.09801124301895599
SPARSE 1 301 20 3 51 0.009691916343833545 l1 13.617352090787792
SPARSE 1 301 20 4 51 0.009688990420785793 l1 13.618173131716892
SPARSE 1 301 20 5 51 0.009688772828991766 l1 13.618181652158663
TRIM 1 301 20 5 0.10541271253988946
SPARSE 1 301 20 6 51 0.009688754915319184 l1 13.618179120029936
SPARSE 1 301 20 7 51 0.009688754435143054 l1 13.61817954658775
SPARSE 1 301 20 8 51 0.009688754381786912 l1 13.618179309763967
TRIM 1 301 20 8 0.10541271253988946
SPARSE 1 301 20 9 51 0.009688754256874234 l1 13.618179240434273
SPARSE 1 301 20 10 51 0.009688754164536234 l1 13.618179137946141
SPARSE 1 301 20 11 51 0.009688754072327001 l1 13.61817905904878
TRIM 1 301 20 11 0.10541271253988947
SPARSE 1 301 20 12 51 0.00968875398794027 l1 13.61817898615006
SPARSE 1 301 20 13 51 0.009688753907982075 l1 13.618178923286788
SPARSE 1 301 20 14 51 0.009688753832708783 l1 13.618178867798282
TRIM 1 301 20 14 0.10541271253988942
SPARSE 1 301 20 15 51 0.009688753761399863 l1 13.618178819240292
SPARSE 1 301 20 16 51 0.009688753693743916 l1 13.618178776613092
SPARSE 1 301 20 17 51 0.009688753629373699 l1 13.618178739243092
TRIM 1 301 20 17 0.10541271253988947
SPARSE 1 301 20 18 51 0.009688753567998459 l1 13.61817870648474
SPARSE 1 301 20 19 51 0.009688753509351432 l1 13.618178677799213
DENSE 1 301 21 448 3.0150192839065683e-28
SPARSE 1 301 21 0 101 0.0006662749115351739 l1 18.300667094486762
SPARSE 1 301 21 1 47 0.019643047714551103 l1 16.52263020700103
SPARSE 1 301 21 2 46 0.00944311524085651 l1 17.8462274075152
TRIM 1 301 21 2 0.06187405347675207
SPARSE 1 301 21 3 46 0.0092985859379629 l1 17.882680617387564
SPARSE 1 301 21 4 46 0.00929136980388428 l1 17.88466915753394
SPARSE 1 301 21 5 46 0.009289971596387794 l1 17.885088048225004
TRIM 1 301 21 5 0.061874053476751706
SPARSE 1 301 21 6 46 0.009289644403063145 l1 17.885193130019996
SPARSE 1 301 21 7 46 0.009289563474103398 l1 17.885221441425532
SPARSE 1 301 21 8 46 0.009289544543965996 l1 17.88522606941413
TRIM 1 301 21 8 0.06187405347675175
SPARSE 1 301 21 9 46 0.0092895396614762 l1 17.88522927298163
SPARSE 1 301 21 10 46 0.009289539637975845 l1 17.885228946406468
SPARSE 1 301 21 11 46 0.009289539547199431 l1 17.885229002274322
TRIM 1 301 21 11 0.061874053476751734
SPARSE 1 301 21 12 46 0.009289539490653097 l1 17.885228917539596
SPARSE 1 301 21 13 46 0.009289539420758906 l1 17.88522890470991
SPARSE 1 301 21 14 46 0.009289539360682782 l1 17.885228868504996
TRIM 1 301 21 14 0.061874053476751734
SPARSE 1 301 21 15 46 0.009289539298468222 l1 17.885228852291778
SPARSE 1 301 21 16 46 0.009289539240611183 l1 17.885228832941575
SPARSE 1 301 21 17 46 0.00928953918384207 l1 17.885228820916808
TRIM 1 301 21 17 0.061874053476751734
SPARSE 1 301 21 18 46 0.009289539130051108 l1 17.88522880953353
SPARSE 1 301 21 19 46 0.009289539078283858 l1 17.88522880138871
DENSE 1 301 22 750 1.3620486220130403e-27
SPARSE 1 301 22 0 102 0.0003933100753673451 l1 13.797254671729867
SPARSE 1 301 22 1 54 0.016622572896095998 l1 12.502616747915233
SPARSE 1 301 22 2 53 0.008044432249479086 l1 13.489943267787888
TRIM 1 301 22 2 0.11159078154281271
SPARSE 1 301 22 3 53 0.007894194746275139 l1 13.52718811209459
SPARSE 1 301 22 4 53 0.007889045767051558 l1 13.52733239943894
SPARSE 1 301 22 5 53 0.007888588088635474 l1 13.526830212545926
TRIM 1 301 22 5 0.11159078154281256
SPARSE 1 301 22 6 53 0.007888528631519674 l1 13.52662673850502
SPARSE 1 301 22 7 53 0.007888517364793176 l1 13.526553968870562
SPARSE 1 301 22 8 53 0.007888515058914478 l1 13.526529305574801
TRIM 1 301 22 8 0.11159078154281152
SPARSE 1 301 22 9 53 0.007888514173736655 l1 13.526518978595773
SPARSE 1 301 22 10 53 0.007888514225253928 l1 13.526518938894423
SPARSE 1 301 22 11 53 0.007888514105159087 l1 13.526519091991968
TRIM 1 301 22 11 0.11159078154281193
SPARSE 1 301 22 12 53 0.007888514047816365 l1 13.526519141700273
SPARSE 1 301 22 13 53 0.007888513982615045 l1 13.526519201308545
SPARSE 1 301 22 14 53 0.007888513932308114 l1 13.526519237642091
TRIM 1 301 22 14 0.11159078154281174
SPARSE 1 301 22 15 53 0.007888513885781205 l1 13.526519270149803
SPARSE 1 301 22 16 53 0.007888513846171298 l1 13.526519294176634
SPARSE 1 301 22 17 53 0.007888513810676668 l1 13.52651931443594
TRIM 1 301 22 17 0.11159078154281178
SPARSE 1 301 22 18 53 0.007888513779571579 l1 13.526519330409833
SPARSE 1 301 22 19 53 0.007888513751847919 l1 13.526519343548113
DENSE 1 301 23 448 1.551211317801375e-27
SPARSE 1 301 23 0 97 0.0005796941213446085 l1 17.54200064142391
SPARSE 1 301 23 1 50 0.01732883297187829 l1 16.01656612009596
SPARSE 1 301 23 2 49 0.006997591121619021 l1 17.17586365441825
TRIM 1 301 23 2 0.07398860894522308
SPARSE 1 301 23 3 49 0.006620804097772339 l1 17.237456934258315
SPARSE 1 301 23 4 48 0.0066236246044456 l1 17.238862020510247
SPARSE 1 301 23 5 48 0.006624263798850699 l1 17.23876957828435
TRIM 1 301 23 5 0.07398860894519275
SPARSE 1 301 23 6 48 0.006624371064870925 l1 17.23875304155672
SPARSE 1 301 23 7 48 0.006624385735802467 l1 17.238749823840386
SPARSE 1 301 23 8 48 0.006624385776184901 l1 17.238749960951377
TRIM 1 301 23 8 0.07398860894519281
SPARSE 1 301 23 9 48 0.006624385871903616 l1 17.238750014106287
SPARSE 1 301 23 10 48 0.0066243859518932266 l1 17.238750055038107
SPARSE 1 301 23 11 48 0.006624386024953077 l1 17.238750097674277
TRIM 1 301 23 11 0.07398860894519281
SPARSE 1 301 23 12 48 0.006624386091417634 l1 17.238750136687685
SPARSE 1 301 23 13 48 0.0066243861529764235 l1 17.23875017308557
SPARSE 1 301 23 14 48 0.006624386210321438 l1 17.23875020665891
TRIM 1 301 23 14 0.0739886089451928
SPARSE 1 301 23 15 48 0.0066243862641385135 l1 17.238750237606272
SPARSE 1 301 23 16 48 0.006624386314904976 l1 17.238750266087145
SPARSE 1 301 23 17 48 0.0066243863630112915 l1 17.23875029229229
TRIM 1 301 23 17 0.0739886089451928
SPARSE 1 301 23 18 48 0.006624386408763135 l1 17.23875031641153
SPARSE 1 301 23 19 48 0.0066243864524079855 l1 17.238750338630087
DENSE 1 301 24 750 6.812831747989554e-28
SPARSE 1 301 24 0 102 0.00037097454465562414 l1 13.630547864204948
SPARSE 1 301 24 1 63 0.01692273079384349 l1 12.339361720220644
SPARSE 1 301 24 2 61 0.006765210297576662 l1 13.41109353178237
TRIM 1 301 24 2 0.15054444056666272
SPARSE 1 301 24 3 60 0.00673138205122487 l1 13.437791044165252
SPARSE 1 301 24 4 59 0.006758065152820388 l1 13.440301640820552
SPARSE 1 301 24 5 59 0.006761466550550901 l1 13.440102093663786
TRIM 1 301 24 5 0.1544973745131108
SPARSE 1 301 24 6 59 0.0067633515615556595 l1 13.440025870415349
SPARSE 1 301 24 7 59 0.006764387335752226 l1 13.439998217942305
SPARSE 1 301 24 8 59 0.006764960199578964 l1 13.439987198439619
TRIM 1 301 24 8 0.15449737451311063
SPARSE 1 301 24 9 59 0.006765278518396914 l1 13.439982122692037
SPARSE 1 301 24 10 59 0.006765455440912293 l1 13.439978993697881
SPARSE 1 301 24 11 59 0.006765552664505998 l1 13.439978348963562
TRIM 1 301 24 11 0.15449737451311063
SPARSE 1 301 24 12 59 0.00676560874132463 l1 13.439974112394516
SPARSE 1 301 24 13 59 0.006765640721068877 l1 13.43997401774936
SPARSE 1 301 24 14 59 0.00676564388186603 l1 13.439973575068944
TRIM 1 301 24 14 0.15449737451311066
SPARSE 1 301 24 15 59 0.006765646497816204 l1 13.439973050662623
SPARSE 1 301 24 16 59 0.006765646676002707 l1 13.439973623068202
SPARSE 1 301 24 17 59 0.006765647490685614 l1 13.439973239359992
TRIM 1 301 24 17 0.15449737451311063
SPARSE 1 301 24 18 59 0.006765647761665771 l1 13.439973664538856
SPARSE 1 301 24 19 59 0.006765648456543897 l1 13.439973408816433
DENSE 1 301 25 448 1.3242192991583805e-28
SPARSE 1 301 25 0 95 0.0007187262951871437 l1 18.60133857131975
SPARSE 1 301 25 1 40 0.01740517075064071 l1 16.64685071366763
SPARSE 1 301 25 2 40 0.012003494263438887 l1 17.725000525114375
TRIM 1 301 25 2 0.03154221707589021
SPARSE 1 301 25 3 39 0.011944970690656916 l1 17.752778346294466
SPARSE 1 301 25 4 39 0.011940628453503292 l1 17.75526869297236
SPARSE 1 301 25 5 39 0.011940271684696298 l1 17.755499007082083
TRIM 1 301 25 5 0.031542217075891166
SPARSE 1 301 25 6 39 0.011940238970938802 l1 17.755521228901443
SPARSE 1 301 25 7 39 0.011940237480560452 l1 17.75552185167264
SPARSE 1 301 25 8 39 0.011940237423764564 l1 17.755521883237396
TRIM 1 301 25 8 0.03154221707589079
SPARSE 1 301 25 9 39 0.0119402373237002 l1 17.755521899568077
SPARSE 1 301 25 10 39 0.011940237218215457 l1 17.755521929725713
SPARSE 1 301 25 11 39 0.011940237118142337 l1 17.75552196497598
TRIM 1 301 25 11 0.03154221707589076
SPARSE 1 301 25 12 39 0.011940237026128392 l1 17.75552200055142
SPARSE 1 301 25 13 39 0.01194023694242336 l1 17.755522034526532
SPARSE 1 301 25 14 39 0.011940236866287285 l1 17.755522066010318
TRIM 1 301 25 14 0.03154221707589075
SPARSE 1 301 25 15 39 0.011940236796848082 l1 17.755522094784443
SPARSE 1 301 25 16 39 0.011940236733254896 l1 17.75552212082963
SPARSE 1 301 25 17 39 0.011940236674772167 l1 17.755522144249397
TRIM 1 301 25 17 0.031542217075890736
SPARSE 1 301 25 18 39 0.01194023662077235 l1 17.75552216518209
SPARSE 1 301 25 19 39 0.011940236570729032 l1 17.75552218378627
DENSE 1 301 26 750 1.6204822587475354e-27
SPARSE 1 301 26 0 95 0.00038913708022266023 l1 14.269678475884414
SPARSE 1 301 26 1 50 0.01838815315553706 l1 12.844006170519862
SPARSE 1 301 26 2 50 0.007428809004172211 l1 14.01354169269797
TRIM 1 301 26 2 0.05205568210970649
SPARSE 1 301 26 3 50 0.007334631356154117 l1 14.05226805810418
SPARSE 1 301 26 4 50 0.0073336971644976535 l1 14.055515400391823
SPARSE 1 301 26 5 50 0.007333964422842663 l1 14.056094059012867
TRIM 1 301 26 5 0.052055682109704834
SPARSE 1 301 26 6 50 0.007334040574844789 l1 14.056213650582151
SPARSE 1 301 26 7 50 0.007334056585329954 l1 14.05624110192425
SPARSE 1 301 26 8 50 0.007334059329763681 l1 14.056246314333386
TRIM 1 301 26 8 0.05205568210970632
SPARSE 1 301 26 9 50 0.007334061003208988 l1 14.05624522604591
SPARSE 1 301 26 10 50 0.00733406054147374 l1 14.056245689060479
SPARSE 1 301 26 11 50 0.007334060616946605 l1 14.056245639557773
TRIM 1 301 26 11 0.052055682109704855
SPARSE 1 301 26 12 50 0.007334060552159117 l1 14.056245794984065
SPARSE 1 301 26 13 50 0.00733406062510289 l1 14.056245736387382
SPARSE 1 301 26 14 50 0.007334060557661009 l1 14.056245895933182
TRIM 1 301 26 14 0.052055682109704834
SPARSE 1 301 26 15 50 0.007334060642037172 l1 14.056245818670803
SPARSE 1 301 26 16 50 0.007334060564831258 l1 14.056245993662413
SPARSE 1 301 26 17 50 0.007334060662637909 l1 14.056245895912811
TRIM 1 301 26 17 0.052055682109706305
SPARSE 1 301 26 18 50 0.007334060573054331 l1 14.056246090803239
SPARSE 1 301 26 19 50 0.0073340606860652045 l1 14.05624596986451
DENSE 1 301 27 448 2.8527493707058372e-27
SPARSE 1 301 27 0 97 0.0005375346270095403 l1 16.491851998558847
SPARSE 1 301 27 1 42 0.019885165099405893 l1 14.621336060580914
SPARSE 1 301 27 2 42 0.012972848077793362 l1 15.574107496184293
TRIM 1 301 27 2 0.04466471988482956
SPARSE 1 301 27 3 42 0.012912928702376541 l1 15.594029059269918
SPARSE 1 301 27 4 42 0.012908297845032939 l1 15.594865454604577
SPARSE 1 301 27 5 42 0.012907678074226697 l1 15.594927381906992
TRIM 1 301 27 5 0.04466471988482953
SPARSE 1 301 27 6 42 0.012907579131419688 l1 15.594933793668847
SPARSE 1 301 27 7 42 0.012907561898613747 l1 15.594934615765071
SPARSE 1 301 27 8 42 0.012907558445250013 l1 15.594935908508237
TRIM 1 301 27 8 0.044664719884829514
SPARSE 1 301 27 9 42 0.012907558501446842 l1 15.594935722818864
SPARSE 1 301 27 10 42 0.01290755853386898 l1 15.594935578358312
SPARSE 1 301 27 11 42 0.012907558506624003 l1 15.594935524360586
TRIM 1 301 27 11 0.0446647198848295
SPARSE 1 301 27 12 42 0.012907558506555844 l1 15.594935433862476
SPARSE 1 301 27 13 42 0.01290755847187281 l1 15.594935400224148
SPARSE 1 301 27 14 42 0.012907558469130264 l1 15.594935324424046
TRIM 1 301 27 14 0.0446647198848295
SPARSE 1 301 27 15 42 0.012907558437995592 l1 15.594935296340118
SPARSE 1 301 27 16 42 0.012907558436647114 l1 15.594935228749792
SPARSE 1 301 27 17 42 0.012907558409923327 l1 15.594935203522839
TRIM 1 301 27 17 0.04466471988482949
SPARSE 1 301 27 18 42 0.012907558410002953 l1 15.59493514232473
SPARSE 1 301 27 19 42 0.012907558387037938 l1 15.594935119136295
DENSE 1 301 28 750 9.399790284000116e-28
SPARSE 1 301 28 0 97 0.000335520152528229 l1 13.648191653071672
SPARSE 1 301 28 1 54 0.013350995044362966 l1 12.639452970886428
SPARSE 1 301 28 2 53 0.0048928340496775585 l1 13.58518913782313
TRIM 1 301 28 2 0.13718937801658856
SPARSE 1 301 28 3 52 0.004886571560263041 l1 13.614670085587532
SPARSE 1 301 28 4 52 0.004895322735122881 l1 13.618206577831518
SPARSE 1 301 28 5 52 0.004907643464348438 l1 13.621195832154294
TRIM 1 301 28 5 0.1204737462323091
SPARSE 1 301 28 6 52 0.004929339911910165 l1 13.625388471381791
SPARSE 1 301 28 7 51 0.00493436159121833 l1 13.626305523609831
SPARSE 1 301 28 8 51 0.0049343533310631715 l1 13.62631928964255
TRIM 1 301 28 8 0.12047374623230896
SPARSE 1 301 28 9 51 0.004934353348329278 l1 13.626319134127584
SPARSE 1 301 28 10 51 0.004934353361776771 l1 13.62631907545836
SPARSE 1 301 28 11 51 0.004934353399081018 l1 13.626319015134234
TRIM 1 301 28 11 0.12047374623230896
SPARSE 1 301 28 12 51 0.0049343534357569495 l1 13.626318976596266
SPARSE 1 301 28 13 51 0.004934353475080262 l1 13.626318948646762
SPARSE 1 301 28 14 51 0.004934353514639386 l1 13.62631893033931
TRIM 1 301 28 14 0.12047374623230893
SPARSE 1 301 28 15 51 0.004934353554183054 l1 13.626318918974972
SPARSE 1 301 28 16 51 0.004934353593407365 l1 13.62631891278999
SPARSE 1 301 28 17 51 0.004934353632043346 l1 13.626318910613291
TRIM 1 301 28 17 0.12047374623230898
SPARSE 1 301 28 18 51 0.0049343536700037745 l1 13.62631891140673
SPARSE 1 301 28 19 51 0.004934353707165813 l1 13.626318914500443
DENSE 1 301 29 448 2.3423860427807376e-28
SPARSE 1 301 29 0 91 0.0006444966712740864 l1 16.659999007811876
SPARSE 1 301 29 1 45 0.016598836098345268 l1 14.77309104776202
SPARSE 1 301 29 2 45 0.006723540346019417 l1 16.11154360764603
TRIM 1 301 29 2 0.05986566969209544
SPARSE 1 301 29 3 45 0.006638431877739712 l1 16.14937395566367
SPARSE 1 301 29 4 45 0.006636908364453931 l1 16.150062121914
SPARSE 1 301 29 5 45 0.006636840477976557 l1 16.150064430448946
TRIM 1 301 29 5 0.05986566969209315
SPARSE 1 301 29 6 45 0.006636835588747901 l1 16.150065234117665
SPARSE 1 301 29 7 45 0.006636835565880368 l1 16.150065213386945
SPARSE 1 301 29 8 45 0.006636835550692248 l1 16.150065252780553
TRIM 1 301 29 8 0.05986566969209315
SPARSE 1 301 29 9 45 0.006636835567154743 l1 16.150065231429544
SPARSE 1 301 29 10 45 0.006636835590144976 l1 16.150065198664816
SPARSE 1 301 29 11 45 0.006636835616387691 l1 16.150065155901306
TRIM 1 301 29 11 0.05986566969209316
SPARSE 1 301 29 12 45 0.006636835641836574 l1 16.1500651103837
SPARSE 1 301 29 13 45 0.006636835665494577 l1 16.15006506404467
SPARSE 1 301 29 14 45 0.006636835686896649 l1 16.150065018300598
TRIM 1 301 29 14 0.05986566969209316
SPARSE 1 301 29 15 45 0.006636835706072966 l1 16.15006497369339
SPARSE 1 301 29 16 45 0.006636835723193832 l1 16.1500649304871
SPARSE 1 301 29 17 45 0.006636835738492327 l1 16.150064888760276
TRIM 1 301 29 17 0.05986566969209316
SPARSE 1 301 29 18 45 0.006636835752203797 l1 16.150064848512407
SPARSE 1 301 29 19 45 0.006636835764546945 l1 16.15006480970181
DENSE 1 301 30 750 1.076806461373692e-27
SPARSE 1 301 30 0 125 0.0003809796394246519 l1 15.34020624692726
SPARSE 1 301 30 1 52 0.016609472884058837 l1 13.891372142765793
SPARSE 1 301 30 2 52 0.009319979747401412 l1 14.72630528904016
TRIM 1 301 30 2 0.1546490469762377
SPARSE 1 301 30 3 52 0.009190087173745443 l1 14.773844787257659
SPARSE 1 301 30 4 52 0.009185752309766197 l1 14.780838102603877
SPARSE 1 301 30 5 52 0.009185323858254475 l1 14.782022523149289
TRIM 1 301 30 5 0.15464904697623882
SPARSE 1 301 30 6 52 0.009185259609257996 l1 14.782230805534011
SPARSE 1 301 30 7 52 0.0091852489381174 l1 14.782266780298166
SPARSE 1 301 30 8 52 0.009185248777539609 l1 14.782266894886375
TRIM 1 301 30 8 0.15464904697627269
SPARSE 1 301 30 9 52 0.009185248827194497 l1 14.782266740141754
SPARSE 1 301 30 10 52 0.009185248750606103 l1 14.782266806516821
SPARSE 1 301 30 11 52 0.00918524876825343 l1 14.782266759110588
TRIM 1 301 30 11 0.15464904697627252
SPARSE 1 301 30 12 52 0.009185248711370319 l1 14.782266832877053
SPARSE 1 301 30 13 52 0.009185248719620545 l1 14.782266820361755
SPARSE 1 301 30 14 52 0.009185248675793744 l1 14.782266888391062
TRIM 1 301 30 14 0.15464904697627266
SPARSE 1 301 30 15 52 0.009185248679658984 l1 14.782266890103694
SPARSE 1 301 30 16 52 0.009185248645489858 l1 14.78226694889504
SPARSE 1 301 30 17 52 0.009185248646415305 l1 14.782266957710927
TRIM 1 301 30 17 0.15464904697627263
SPARSE 1 301 30 18 52 0.00918524861925675 l1 14.78226700795424
SPARSE 1 301 30 19 52 0.009185248617911637 l1 14.782267020967078
DENSE 1 301 31 448 2.054020909624136e-27
SPARSE 1 301 31 0 94 0.0007105753823395505 l1 16.754687837352012
SPARSE 1 301 31 1 48 0.01975545986484796 l1 14.726246668329267
SPARSE 1 301 31 2 48 0.006739174394879 l1 16.407231286790495
TRIM 1 301 31 2 0.05695635884955494
SPARSE 1 301 31 3 47 0.006585883891754828 l1 16.50427288472049
SPARSE 1 301 31 4 47 0.006584656720764597 l1 16.50691600302751
SPARSE 1 301 31 5 47 0.006584656204714523 l1 16.50698729273234
TRIM 1 301 31 5 0.05339274612522923
SPARSE 1 301 31 6 47 0.006584658084658292 l1 16.50698921457129
SPARSE 1 301 31 7 47 0.0065846581434221806 l1 16.50698907371064
SPARSE 1 301 31 8 47 0.0065846581812530934 l1 16.50698901115729
TRIM 1 301 31 8 0.05339274612522925
SPARSE 1 301 31 9 47 0.006584658191161893 l1 16.506988979894068
SPARSE 1 301 31 10 47 0.006584658192847243 l1 16.506988970553927
SPARSE 1 301 31 11 47 0.006584658186387291 l1 16.506988973340647
TRIM 1 301 31 11 0.053392746125229235
SPARSE 1 301 31 12 47 0.006584658176699635 l1 16.506988983857127
SPARSE 1 301 31 13 47 0.006584658164596624 l1 16.506988999069822
SPARSE 1 301 31 14 47 0.006584658151485443 l1 16.506989017191145
TRIM 1 301 31 14 0.053392746125229235
SPARSE 1 301 31 15 47 0.006584658137827893 l1 16.5069890370947
SPARSE 1 301 31 16 47 0.006584658124068192 l1 16.506989058057133
SPARSE 1 301 31 17 47 0.006584658110403228 l1 16.506989079615913
TRIM 1 301 31 17 0.053392746125229214
SPARSE 1 301 31 18 47 0.0065846580969775555 l1 16.506989101461116
SPARSE 1 301 31 19 47 0.0065846580838614605 l1 16.506989123385015
DENSE 1 301 32 750 8.138273587603863e-28
SPARSE 1 301 32 0 100 0.00034621739164628773 l1 15.341331509911912
SPARSE 1 301 32 1 58 0.015276805332333278 l1 14.459789016724283
SPARSE 1 301 32 2 57 0.00493081059310464 l1 15.374357811134999
TRIM 1 301 32 2 0.09895471311291609
SPARSE 1 301 32 3 57 0.004389916112041177 l1 15.398160750202203
SPARSE 1 301 32 4 57 0.004367373772671831 l1 15.396623783229893
SPARSE 1 301 32 5 57 0.0043653226856605895 l1 15.395932461438603
TRIM 1 301 32 5 0.11062333873678519
SPARSE 1 301 32 6 57 0.004365035623081508 l1 15.395788090119058
SPARSE 1 301 32 7 57 0.004364990732701073 l1 15.395757591836219
SPARSE 1 301 32 8 57 0.004364981465713946 l1 15.395753993703579
TRIM 1 301 32 8 0.1106233387367851
SPARSE 1 301 32 9 57 0.004364981408881924 l1 15.395754017480169
SPARSE 1 301 32 10 57 0.004364981348428158 l1 15.395754052700905
SPARSE 1 301 32 11 57 0.004364981291228062 l1 15.39575407240281
TRIM 1 301 32 11 0.11062333873678513
SPARSE 1 301 32 12 57 0.0043649812436259115 l1 15.395754079019534
SPARSE 1 301 32 13 57 0.004364981195032962 l1 15.395754081806722
SPARSE 1 301 32 14 57 0.004364981152561125 l1 15.395754075982609
TRIM 1 301 32 14 0.11062333873678512
SPARSE 1 301 32 15 57 0.0043649811094683 l1 15.395754068948063
SPARSE 1 301 32 16 57 0.004364981069852044 l1 15.39575405729124
SPARSE 1 301 32 17 57 0.004364981030171942 l1 15.39575404521908
TRIM 1 301 32 17 0.11062333873678509
SPARSE 1 301 32 18 57 0.004364980992541006 l1 15.39575403083752
SPARSE 1 301 32 19 57 0.004364980955179872 l1 15.395754016368848
DENSE 1 301 33 448 3.2076453343749116e-27
SPARSE 1 301 33 0 111 0.0005746368547875386 l1 15.859501220169724
SPARSE 1 301 33 1 52 0.0215447768974519 l1 13.771066585115898
SPARSE 1 301 33 2 52 0.006932255842752778 l1 15.460445131113028
TRIM 1 301 33 2 0.06561307590282156
SPARSE 1 301 33 3 52 0.006584801979990311 l1 15.583733453768021
SPARSE 1 301 33 4 51 0.006584878991790776 l1 15.591578649256455
SPARSE 1 301 33 5 51 0.006584477009593252 l1 15.591981645245658
TRIM 1 301 33 5 0.06491934973510963
SPARSE 1 301 33 6 51 0.006584453045661417 l1 15.59200397599636
SPARSE 1 301 33 7 51 0.0065844509605131555 l1 15.592006219535282
SPARSE 1 301 33 8 51 0.006584451047806176 l1 15.592006100784927
TRIM 1 301 33 8 0.06491934973510964
SPARSE 1 301 33 9 51 0.006584451105662701 l1 15.592005996705629
SPARSE 1 301 33 10 51 0.006584451148669169 l1 15.59200592261588
SPARSE 1 301 33 11 51 0.006584451180739764 l1 15.59200586546389
TRIM 1 301 33 11 0.06491934973510964
SPARSE 1 301 33 12 51 0.006584451205017372 l1 15.59200582235265
SPARSE 1 301 33 13 51 0.006584451223550991 l1 15.59200578943516
SPARSE 1 301 33 14 51 0.006584451237791626 l1 15.592005764485302
TRIM 1 301 33 14 0.06491934973510968
SPARSE 1 301 33 15 51 0.006584451248749349 l1 15.592005745746057
SPARSE 1 301 33 16 51 0.006584451257158427 l1 15.592005731965562
SPARSE 1 301 33 17 51 0.006584451263556288 l1 15.59200572218709
TRIM 1 301 33 17 0.06491934973510965
SPARSE 1 301 33 18 51 0.006584451268345153 l1 15.592005715683
SPARSE 1 301 33 19 51 0.0065844512718296715 l1 15.592005711886392
DENSE 1 301 34 750 9.335917998531238e-28
SPARSE 1 301 34 0 112 0.00034361034315990414 l1 14.227578032025107
SPARSE 1 301 34 1 51 0.019354701642286278 l1 12.820341639105509
SPARSE 1 301 34 2 51 0.009178237239604599 l1 13.94916387385529
TRIM 1 301 34 2 0.09079618319999692
SPARSE 1 301 34 3 51 0.00904862974425328 l1 13.991338048161513
SPARSE 1 301 34 4 50 0.009069550451918295 l1 14.000964881346924
SPARSE 1 301 34 5 50 0.009069544262069951 l1 14.001396087723037
TRIM 1 301 34 5 0.09294170344233679
SPARSE 1 301 34 6 50 0.009069673013186882 l1 14.001461317143402
SPARSE 1 301 34 7 50 0.009069720369367304 l1 14.001483103560172
SPARSE 1 301 34 8 50 0.009069736704153427 l1 14.001488364229882
TRIM 1 301 34 8 0.09294170344233679
SPARSE 1 301 34 9 50 0.00906973694372201 l1 14.00148832013963
SPARSE 1 301 34 10 50 0.009069737165942547 l1 14.001488419029855
SPARSE 1 301 34 11 50 0.00906973735203988 l1 14.001488532640787
TRIM 1 301 34 11 0.09294170344233678
SPARSE 1 301 34 12 50 0.00906973752930053 l1 14.001488641562798
SPARSE 1 301 34 13 50 0.009069737697993468 l1 14.00148874585857
SPARSE 1 301 34 14 50 0.009069737859939411 l1 14.001488844504168
TRIM 1 301 34 14 0.09294170344233676
SPARSE 1 301 34 15 50 0.00906973801573007 l1 14.001488937769135
SPARSE 1 301 34 16 50 0.009069738165801448 l1 14.001489026026722
SPARSE 1 301 34 17 50 0.009069738310462963 l1 14.00148910971393
TRIM 1 301 34 17 0.09294170344233678
SPARSE 1 301 34 18 50 0.00906973844997194 l1 14.001489189248154
SPARSE 1 301 34 19 50 0.009069738584556307 l1 14.001489265008816
DENSE 1 301 35 448 2.4508905231688693e-27
SPARSE 1 301 35 0 89 0.000642820908376635 l1 16.202922938338688
SPARSE 1 301 35 1 51 0.017386881755430135 l1 14.436360126003242
SPARSE 1 301 35 2 51 0.00745849339112306 l1 15.622441161307712
TRIM 1 301 35 2 0.08729050339827278
SPARSE 1 301 35 3 50 0.007365673682363099 l1 15.64409598734314
SPARSE 1 301 35 4 50 0.007366493119173307 l1 15.64363968508541
SPARSE 1 301 35 5 50 0.00736716579562439 l1 15.643447753003912
TRIM 1 301 35 5 0.11359105003205668
SPARSE 1 301 35 6 50 0.007367356556494454 l1 15.64340887153705
SPARSE 1 301 35 7 50 0.007367407512820754 l1 15.643400839988377
SPARSE 1 301 35 8 50 0.007367420356107186 l1 15.643398753970194
TRIM 1 301 35 8 0.11359105003205648
SPARSE 1 301 35 9 50 0.007367420567059558 l1 15.643398837890702
SPARSE 1 301 35 10 50 0.007367420720404127 l1 15.643398954423086
SPARSE 1 301 35 11 50 0.007367420881702652 l1 15.643398995084437
TRIM 1 301 35 11 0.11359105003205645
SPARSE 1 301 35 12 50 0.007367421023678437 l1 15.6433990474136
SPARSE 1 301 35 13 50 0.0073674211667000035 l1 15.643399049050414
SPARSE 1 301 35 14 50 0.007367421292809551 l1 15.64339906961231
TRIM 1 301 35 14 0.11359105003205644
SPARSE 1 301 35 15 50 0.007367421418986843 l1 15.643399053289727
SPARSE 1 301 35 16 50 0.007367421530199897 l1 15.643399058661899
SPARSE 1 301 35 17 50 0.007367421641462218 l1 15.64339903558999
TRIM 1 301 35 17 0.11359105003205647
SPARSE 1 301 35 18 50 0.007367421739796776 l1 15.643399034203656
SPARSE 1 301 35 19 50 0.007367421838400016 l1 15.643399009923554
DENSE 1 301 36 750 1.1666156384889448e-27
SPARSE 1 301 36 0 99 0.0003648685882611086 l1 13.8624537648315
SPARSE 1 301 36 1 55 0.018658367597012573 l1 12.552149734986358
SPARSE 1 301 36 2 55 0.006609941871970501 l1 13.574632904687375
TRIM 1 301 36 2 0.12018924118844822
SPARSE 1 301 36 3 55 0.006273722188055033 l1 13.622690831278208
SPARSE 1 301 36 4 55 0.006233137536822172 l1 13.62403261125565
SPARSE 1 301 36 5 55 0.006193871914208608 l1 13.624549152110326
TRIM 1 301 36 5 0.12018924118844689
SPARSE 1 301 36 6 55 0.006162166437871456 l1 13.625592218271432
SPARSE 1 301 36 7 55 0.006144217908760999 l1 13.626418247222496
SPARSE 1 301 36 8 55 0.006135967028723773 l1 13.626823863475257
TRIM 1 301 36 8 0.1201892411884581
SPARSE 1 301 36 9 55 0.006132435395688333 l1 13.626977320365242
SPARSE 1 301 36 10 55 0.006130949194119234 l1 13.627028622286712
SPARSE 1 301 36 11 55 0.006130326412068819 l1 13.627043246522113
TRIM 1 301 36 11 0.1201892411884495
SPARSE 1 301 36 12 55 0.006130065147789065 l1 13.627047850704729
SPARSE 1 301 36 13 55 0.006129955445900998 l1 13.62704957543061
SPARSE 1 301 36 14 55 0.006129909472927686 l1 13.62705123551778
TRIM 1 301 36 14 0.12018924118844969
SPARSE 1 301 36 15 55 0.006129890021990538 l1 13.627051506812426
SPARSE 1 301 36 16 55 0.006129888054626867 l1 13.627051210750736
SPARSE 1 301 36 17 55 0.0061298878542256924 l1 13.627051135145605
TRIM 1 301 36 17 0.1201892411884497
SPARSE 1 301 36 18 55 0.00612988753916678 l1 13.62705079771285
SPARSE 1 301 36 19 55 0.006129887136773032 l1 13.627050902295426
DENSE 1 301 37 448 1.4389696151189848e-27
SPARSE 1 301 37 0 91 0.0005643427384480054 l1 16.590312504334978
SPARSE 1 301 37 1 46 0.01720724611665233 l1 14.883187755983519
SPARSE 1 301 37 2 46 0.008566698129709551 l1 16.102358695126266
TRIM 1 301 37 2 0.05506237751797512
SPARSE 1 301 37 3 46 0.008494698619965534 l1 16.13151416206155
SPARSE 1 301 37 4 46 0.008492112746261701 l1 16.13228091010406
SPARSE 1 301 37 5 46 0.008491919349005655 l1 16.13229481839427
TRIM 1 301 37 5 0.05152937724629988
SPARSE 1 301 37 6 46 0.008491900922139856 l1 16.132294019038273
SPARSE 1 301 37 7 46 0.008491900591982455 l1 16.132294233937476
SPARSE 1 301 37 8 46 0.00849190048445578 l1 16.13229414627202
TRIM 1 301 37 8 0.051529377246299905
SPARSE 1 301 37 9 46 0.008491900388654095 l1 16.13229408168586
SPARSE 1 301 37 10 46 0.008491900308490034 l1 16.1322940145651
SPARSE 1 301 37 11 46 0.008491900238104992 l1 16.132293950423854
TRIM 1 301 37 11 0.05152937724629988
SPARSE 1 301 37 12 46 0.00849190017508211 l1 16.132293890086718
SPARSE 1 301 37 13 46 0.008491900117805427 l1 16.13229383403343
SPARSE 1 301 37 14 46 0.00849190006521391 l1 16.132293782247572
TRIM 1 301 37 14 0.051529377246299884
SPARSE 1 301 37 15 46 0.008491900016558147 l1 16.132293734489075
SPARSE 1 301 37 16 46 0.008491899971284468 l1 16.13229369041629
SPARSE 1 301 37 17 46 0.008491899928967213 l1 16.132293649658305
TRIM 1 301 37 17 0.0515293772462999
SPARSE 1 301 37 18 46 0.008491899889268455 l1 16.132293611852273
SPARSE 1 301 37 19 46 0.008491899851912867 l1 16.132293576661546
DENSE 1 301 38 750 7.9418267283532e-28
SPARSE 1 301 38 0 100 0.0004028554016559773 l1 14.052363293924849
SPARSE 1 301 38 1 58 0.017293517053180406 l1 12.757046768884495
SPARSE 1 301 38 2 57 0.006522922618477897 l1 13.782909510098131
TRIM 1 301 38 2 0.11644712496409147
SPARSE 1 301 38 3 54 0.0064448413204953245 l1 13.859735332446375
SPARSE 1 301 38 4 54 0.006441832226181457 l1 13.861236192721693
SPARSE 1 301 38 5 54 0.006441670627550385 l1 13.861294304937553
TRIM 1 301 38 5 0.11644712496408699
SPARSE 1 301 38 6 54 0.006441659260309177 l1 13.861295932539004
SPARSE 1 301 38 7 54 0.006441658321667374 l1 13.861296753165067
SPARSE 1 301 38 8 54 0.006441658568968488 l1 13.861296556542163
TRIM 1 301 38 8 0.116447124964087
SPARSE 1 301 38 9 54 0.006441658573086972 l1 13.861296516634964
SPARSE 1 301 38 10 54 0.006441658553515022 l1 13.861296514301086
SPARSE 1 301 38 11 54 0.006441658534107066 l1 13.861296512568137
TRIM 1 301 38 11 0.11644712496408695
SPARSE 1 301 38 12 54 0.006441658513785719 l1 13.861296514260008
SPARSE 1 301 38 13 54 0.006441658493597568 l1 13.86129651754457
SPARSE 1 301 38 14 54 0.006441658473704294 l1 13.861296522164423
TRIM 1 301 38 14 0.11644712496408699
SPARSE 1 301 38 15 54 0.00644165845426585 l1 13.861296527831751
SPARSE 1 301 38 16 54 0.006441658435375438 l1 13.861296534353075
SPARSE 1 301 38 17 54 0.0064416584171001654 l1 13.861296541560588
TRIM 1 301 38 17 0.11644712496408703
SPARSE 1 301 38 18 54 0.006441658399485787 l1 13.861296549309673
SPARSE 1 301 38 19 54 0.0064416583825617655 l1 13.861296557474683
DENSE 1 301 39 448 2.1193523070784307e-27
SPARSE 1 301 39 0 90 0.000668235723331161 l1 16.709307371204662
SPARSE 1 301 39 1 43 0.016691502524555413 l1 14.697060471326068
SPARSE 1 301 39 2 42 0.009365075505698345 l1 15.931130185997686
TRIM 1 301 39 2 0.053813820104117546
SPARSE 1 301 39 3 42 0.00931905401546548 l1 15.967160591008284
SPARSE 1 301 39 4 42 0.009317284455051277 l1 15.969267531573724
SPARSE 1 301 39 5 42 0.009317131294281746 l1 15.969423709573057
TRIM 1 301 39 5 0.05381382010412003
SPARSE 1 301 39 6 42 0.009317113821121258 l1 15.969436516215527
SPARSE 1 301 39 7 42 0.009317113537377818 l1 15.969436774677146
SPARSE 1 301 39 8 42 0.009317113314485306 l1 15.969436928045504
TRIM 1 301 39 8 0.053813820104117865
SPARSE 1 301 39 9 42 0.009317113120538484 l1 15.969437056302906
SPARSE 1 301 39 10 42 0.009317112949519351 l1 15.969437161612015
SPARSE 1 301 39 11 42 0.009317112797337523 l1 15.969437248788568
TRIM 1 301 39 11 0.05381382010411785
SPARSE 1 301 39 12 42 0.00931711266093003 l1 15.969437321182228
SPARSE 1 301 39 13 42 0.009317112537868813 l1 15.969437381497137
SPARSE 1 301 39 14 42 0.00931711242617849 l1 15.969437431907991
TRIM 1 301 39 14 0.053813820104117845
SPARSE 1 301 39 15 42 0.009317112324228683 l1 15.969437474178763
SPARSE 1 301 39 16 42 0.009317112230663342 l1 15.96943750974433
SPARSE 1 301 39 17 42 0.009317112144349353 l1 15.969437539774095
TRIM 1 301 39 17 0.05381382010411785
SPARSE 1 301 39 18 42 0.009317112064336889 l1 15.969437565222474
SPARSE 1 301 39 19 42 0.00931711198982783 l1 15.969437586869587
DENSE 1 301 40 750 1.548420383129698e-27
SPARSE 1 301 40 0 99 0.0003727447425757538 l1 13.96862890019219
SPARSE 1 301 40 1 52 0.017850233247392235 l1 12.4675241772591
SPARSE 1 301 40 2 52 0.008158922431840144 l1 13.62516988813682
TRIM 1 301 40 2 0.1034194774133629
SPARSE 1 301 40 3 50 0.008057533581337848 l1 13.689414006744483
SPARSE 1 301 40 4 50 0.008049931003573511 l1 13.696928950012232
SPARSE 1 301 40 5 50 0.008048091959505533 l1 13.698967353510563
TRIM 1 301 40 5 0.10341947741336191
SPARSE 1 301 40 6 50 0.008047504884060735 l1 13.69960418076678
SPARSE 1 301 40 7 50 0.008047300072157973 l1 13.699817132501677
SPARSE 1 301 40 8 50 0.008047221975066457 l1 13.699893386002646
TRIM 1 301 40 8 0.10341947741336194
SPARSE 1 301 40 9 50 0.008047194687057427 l1 13.699919709171825
SPARSE 1 301 40 10 50 0.008047192769554892 l1 13.699920857382663
SPARSE 1 301 40 11 50 0.008047192716225872 l1 13.699921090174923
TRIM 1 301 40 11 0.10341947741336192
SPARSE 1 301 40 12 50 0.008047192424242844 l1 13.69992127650031
SPARSE 1 301 40 13 50 0.00804719215800898 l1 13.699921539009042
SPARSE 1 301 40 14 50 0.008047191910679482 l1 13.699921744088055
TRIM 1 301 40 14 0.10341947741336192
SPARSE 1 301 40 15 50 0.008047191659335047 l1 13.699921983217406
SPARSE 1 301 40 16 50 0.00804719141952319 l1 13.69992220107898
SPARSE 1 301 40 17 50 0.008047191179230789 l1 13.699922430574526
TRIM 1 301 40 17 0.10341947741336191
SPARSE 1 301 40 18 50 0.008047190944942549 l1 13.699922652065935
SPARSE 1 301 40 19 50 0.008047190712387006 l1 13.699922876512453
DENSE 1 301 41 448 2.0585619906268992e-27
SPARSE 1 301 41 0 105 0.0006908697024422373 l1 17.044544068793467
SPARSE 1 301 41 1 43 0.01939331042181487 l1 14.976978090579157
SPARSE 1 301 41 2 43 0.010626404835526173 l1 16.36326693062417
TRIM 1 301 41 2 0.039000743431171235
SPARSE 1 301 41 3 43 0.010392196722907017 l1 16.45020328745523
SPARSE 1 301 41 4 43 0.010382030469076778 l1 16.456978406772258
SPARSE 1 301 41 5 43 0.010381239996235546 l1 16.457582692897514
TRIM 1 301 41 5 0.03900074343117101
SPARSE 1 301 41 6 43 0.010381164160750593 l1 16.45764613328768
SPARSE 1 301 41 7 43 0.010381157152905753 l1 16.45764861746283
SPARSE 1 301 41 8 43 0.01038115698962173 l1 16.457648763966734
TRIM 1 301 41 8 0.03900074343117105
SPARSE 1 301 41 9 43 0.010381156824695374 l1 16.45764901015134
SPARSE 1 301 41 10 43 0.010381156717052633 l1 16.457649166512237
SPARSE 1 301 41 11 43 0.010381156636715686 l1 16.457649280547344
TRIM 1 301 41 11 0.03900074343117105
SPARSE 1 301 41 12 43 0.010381156575593903 l1 16.457649365253776
SPARSE 1 301 41 13 43 0.010381156527309617 l1 16.457649431179618
SPARSE 1 301 41 14 43 0.01038115648790819 l1 16.457649484744085
TRIM 1 301 41 14 0.039000743431171034
SPARSE 1 301 41 15 43 0.010381156454730098 l1 16.457649530112775
SPARSE 1 301 41 16 43 0.010381156425981546 l1 16.457649569965444
SPARSE 1 301 41 17 43 0.010381156400433586 l1 16.457649606036192
TRIM 1 301 41 17 0.03900074343117104
SPARSE 1 301 41 18 43 0.010381156377235098 l1 16.45764963944836
SPARSE 1 301 41 19 43 0.010381156355790398 l1 16.45764967092993
DENSE 1 301 42 750 6.637539638028832e-28
SPARSE 1 301 42 0 102 0.00034116240553732507 l1 14.016105698472918
SPARSE 1 301 42 1 55 0.015081880526775946 l1 12.86277077373154
SPARSE 1 301 42 2 55 0.004684058854712446 l1 13.994359611600954
TRIM 1 301 42 2 0.13392255169634892
SPARSE 1 301 42 3 55 0.004558064494733686 l1 14.029978545906395
SPARSE 1 301 42 4 55 0.0045526172534861185 l1 14.030970161196237
SPARSE 1 301 42 5 55 0.004551855857244383 l1 14.030954062768888
TRIM 1 301 42 5 0.1339225516963471
SPARSE 1 301 42 6 55 0.004551707213026111 l1 14.030939388929959
SPARSE 1 301 42 7 55 0.004551670975107802 l1 14.030935397789287
SPARSE 1 301 42 8 55 0.004551659481586178 l1 14.030932510187915
TRIM 1 301 42 8 0.1339225516963489
SPARSE 1 301 42 9 55 0.0045516533773819565 l1 14.030932737184353
SPARSE 1 301 42 10 55 0.004551652968033871 l1 14.030932773615511
SPARSE 1 301 42 11 55 0.004551652995424535 l1 14.030932585728367
TRIM 1 301 42 11 0.13392255169634892
SPARSE 1 301 42 12 55 0.004551652616960749 l1 14.030932734774346
SPARSE 1 301 42 13 55 0.004551652654285842 l1 14.030932538454367
SPARSE 1 301 42 14 55 0.004551652327026371 l1 14.030932674843493
TRIM 1 301 42 14 0.13392255169634895
SPARSE 1 301 42 15 55 0.004551652351835571 l1 14.030932501744552
SPARSE 1 301 42 16 55 0.004551652068778115 l1 14.03093261377693
SPARSE 1 301 42 17 55 0.0045516520779893275 l1 14.03093246631795
TRIM 1 301 42 17 0.13392255169634895
SPARSE 1 301 42 18 55 0.004551651830924867 l1 14.030932557046233
SPARSE 1 301 42 19 55 0.004551651826187786 l1 14.030932432319638
DENSE 1 301 43 448 3.445676707851337e-27
SPARSE 1 301 43 0 92 0.0006756198021900208 l1 17.42626179239896
SPARSE 1 301 43 1 45 0.018512489854458573 l1 15.329451657813568
SPARSE 1 301 43 2 44 0.007550793850829256 l1 16.832636898247106
TRIM 1 301 43 2 0.06518012522551167
SPARSE 1 301 43 3 44 0.007219417326960522 l1 16.900149660402157
SPARSE 1 301 43 4 44 0.007208175467860162 l1 16.902948075124865
SPARSE 1 301 43 5 44 0.007207562662428527 l1 16.903071123890285
TRIM 1 301 43 5 0.06518012522551374
SPARSE 1 301 43 6 44 0.007207512462039359 l1 16.903079807712835
SPARSE 1 301 43 7 44 0.007207508023858709 l1 16.9030802475629
SPARSE 1 301 43 8 44 0.007207507912964393 l1 16.903080335066242
TRIM 1 301 43 8 0.06518012522551375
SPARSE 1 301 43 9 44 0.007207507829021189 l1 16.903080422655822
SPARSE 1 301 43 10 44 0.007207507765285801 l1 16.90308049304225
SPARSE 1 301 43 11 44 0.007207507715239228 l1 16.90308054822656
TRIM 1 301 43 11 0.06518012522551374
SPARSE 1 301 43 12 44 0.007207507675144296 l1 16.90308058989629
SPARSE 1 301 43 13 44 0.007207507642132747 l1 16.90308062091594
SPARSE 1 301 43 14 44 0.0072075076142847205 l1 16.903080643641946
TRIM 1 301 43 14 0.06518012522551371
SPARSE 1 301 43 15 44 0.0072075075901872655 l1 16.90308066016231
SPARSE 1 301 43 16 44 0.007207507568853207 l1 16.90308067208207
SPARSE 1 301 43 17 44 0.007207507549570555 l1 16.90308068065226
TRIM 1 301 43 17 0.06518012522551374
SPARSE 1 301 43 18 44 0.007207507531835608 l1 16.903080686805133
SPARSE 1 301 43 19 44 0.0072075075152883755 l1 16.90308069123549
DENSE 1 301 44 750 1.0515278420498803e-27
SPARSE 1 301 44 0 106 0.00035707604283273265 l1 14.707699004347845
SPARSE 1 301 44 1 56 0.01821502718543827 l1 13.287016698956501
SPARSE 1 301 44 2 55 0.008565949771510019 l1 14.288826384389017
TRIM 1 301 44 2 0.1386024006003359
SPARSE 1 301 44 3 54 0.008401967848082706 l1 14.324140959687398
SPARSE 1 301 44 4 54 0.008396225400663487 l1 14.324068256019393
SPARSE 1 301 44 5 54 0.008396177713066454 l1 14.323838601260613
TRIM 1 301 44 5 0.13927230132247942
SPARSE 1 301 44 6 54 0.008396254477328436 l1 14.32379125397551
SPARSE 1 301 44 7 54 0.008396280770367538 l1 14.323783805485286
SPARSE 1 301 44 8 54 0.008396290364005762 l1 14.32378228953609
TRIM 1 301 44 8 0.1392723013224794
SPARSE 1 301 44 9 54 0.008396291503580119 l1 14.3237817948572
SPARSE 1 301 44 10 54 0.008396291635195242 l1 14.32378179702175
SPARSE 1 301 44 11 54 0.008396291882677941 l1 14.323781675133226
TRIM 1 301 44 11 0.13927230132247947
SPARSE 1 301 44 12 54 0.008396291968409058 l1 14.323781660908852
SPARSE 1 301 44 13 54 0.008396292081067847 l1 14.323781613464467
SPARSE 1 301 44 14 54 0.008396292150137194 l1 14.32378159092633
TRIM 1 301 44 14 0.13927230132247945
SPARSE 1 301 44 15 54 0.008396292218596486 l1 14.323781561415235
SPARSE 1 301 44 16 54 0.008396292270318035 l1 14.323781538735561
SPARSE 1 301 44 17 54 0.00839629231638339 l1 14.323781515363265
TRIM 1 301 44 17 0.13927230132247947
SPARSE 1 301 44 18 54 0.008396292353669944 l1 14.323781494587555
SPARSE 1 301 44 19 54 0.008396292385516958 l1 14.323781474561486
DENSE 1 301 45 448 2.3191425953827192e-27
SPARSE 1 301 45 0 95 0.0005994105985058228 l1 16.442726974145835
SPARSE 1 301 45 1 53 0.01874228208992505 l1 14.589115612901033
SPARSE 1 301 45 2 53 0.006531407958453158 l1 16.041525474080302
TRIM 1 301 45 2 0.06843494428928895
SPARSE 1 301 45 3 53 0.006205920571036921 l1 16.118838263638818
SPARSE 1 301 45 4 53 0.006193811211883804 l1 16.125866106259508
SPARSE 1 301 45 5 53 0.006192882803646612 l1 16.126712640530684
TRIM 1 301 45 5 0.07928810634605156
SPARSE 1 301 45 6 53 0.006192751189854703 l1 16.126865928260173
SPARSE 1 301 45 7 53 0.0061927239652150344 l1 16.12690378466152
SPARSE 1 301 45 8 53 0.006192716829975678 l1 16.12691304584658
TRIM 1 301 45 8 0.07928810634605142
SPARSE 1 301 45 9 53 0.006192716782491177 l1 16.12691319001917
SPARSE 1 301 45 10 53 0.006192716689404594 l1 16.126913268284905
SPARSE 1 301 45 11 53 0.00619271663775361 l1 16.126913333568066
TRIM 1 301 45 11 0.07928810634605143
SPARSE 1 301 45 12 53 0.006192716570605314 l1 16.126913407350603
SPARSE 1 301 45 13 53 0.006192716509957162 l1 16.12691348146622
SPARSE 1 301 45 14 53 0.006192716447379498 l1 16.126913558399007
TRIM 1 301 45 14 0.07928810634605139
SPARSE 1 301 45 15 53 0.006192716386872926 l1 16.126913635700276
SPARSE 1 301 45 16 53 0.006192716327191243 l1 16.126913713425648
SPARSE 1 301 45 17 53 0.006192716269056906 l1 16.126913790871296
TRIM 1 301 45 17 0.07928810634605142
SPARSE 1 301 45 18 53 0.006192716212295874 l1 16.1269138678386
SPARSE 1 301 45 19 53 0.006192716157033013 l1 16.12691394405088
DENSE 1 301 46 750 8.421841588123912e-28
SPARSE 1 301 46 0 98 0.0003312954810392293 l1 15.652025945101617
SPARSE 1 301 46 1 54 0.01121107249568324 l1 14.656348999290339
SPARSE 1 301 46 2 54 0.005033108128425844 l1 15.513054873412553
TRIM 1 301 46 2 0.14879382227840326
SPARSE 1 301 46 3 54 0.004949591459723773 l1 15.518052352373571
SPARSE 1 301 46 4 54 0.004941019729231269 l1 15.516824183743076
SPARSE 1 301 46 5 54 0.004939500576834608 l1 15.516429353982046
TRIM 1 301 46 5 0.16052262280387844
SPARSE 1 301 46 6 54 0.004939161593694881 l1 15.516318379474972
SPARSE 1 301 46 7 54 0.00493907713018539 l1 15.516286848230203
SPARSE 1 301 46 8 54 0.004939056095016074 l1 15.516278817180055
TRIM 1 301 46 8 0.16052262280387908
SPARSE 1 301 46 9 54 0.004939055963079974 l1 15.51627892196574
SPARSE 1 301 46 10 54 0.004939055872474799 l1 15.516278939561472
SPARSE 1 301 46 11 54 0.004939055744399332 l1 15.516278979569599
TRIM 1 301 46 11 0.16052262280387905
SPARSE 1 301 46 12 54 0.0049390556361844475 l1 15.516278996966076
SPARSE 1 301 46 13 54 0.004939055531615755 l1 15.516279002016814
SPARSE 1 301 46 14 54 0.00493905543035878 l1 15.516279003163039
TRIM 1 301 46 14 0.16052262280387908
SPARSE 1 301 46 15 54 0.004939055335886326 l1 15.51627899219619
SPARSE 1 301 46 16 54 0.004939055242610331 l1 15.516278980153261
SPARSE 1 301 46 17 54 0.004939055154678597 l1 15.516278959889709
TRIM 1 301 46 17 0.16052262280387908
SPARSE 1 301 46 18 54 0.004939055067848167 l1 15.516278938974573
SPARSE 1 301 46 19 54 0.0049390549849301826 l1 15.51627891282953
DENSE 1 301 47 448 1.336068000096025e-28
SPARSE 1 301 47 0 95 0.0005946571422734108 l1 16.88658037565888
SPARSE 1 301 47 1 44 0.015245537226550592 l1 15.308617176337679
SPARSE 1 301 47 2 44 0.0076471718866923605 l1 16.559699873280962
TRIM 1 301 47 2 0.040601467868022545
SPARSE 1 301 47 3 44 0.0076035272673949114 l1 16.57770288596171
SPARSE 1 301 47 4 44 0.007599942397629588 l1 16.578002906040915
SPARSE 1 301 47 5 44 0.007599272449222392 l1 16.57800393926684
TRIM 1 301 47 5 0.040601467868022045
SPARSE 1 301 47 6 44 0.007599120128000549 l1 16.578003504176767
SPARSE 1 301 47 7 44 0.00759908513822509 l1 16.57800107994016
SPARSE 1 301 47 8 44 0.007599077085715236 l1 16.578003813415272
TRIM 1 301 47 8 0.04060146786802209
SPARSE 1 301 47 9 44 0.007599077112854642 l1 16.578003359464077
SPARSE 1 301 47 10 44 0.007599076980309505 l1 16.57800327313462
SPARSE 1 301 47 11 44 0.007599076899645628 l1 16.578003109660056
TRIM 1 301 47 11 0.0406014678680221
SPARSE 1 301 47 12 44 0.007599076803174813 l1 16.578002991917888
SPARSE 1 301 47 13 44 0.007599076708998833 l1 16.578002882137266
SPARSE 1 301 47 14 44 0.007599076613080706 l1 16.578002786933347
TRIM 1 301 47 14 0.04060146786802208
SPARSE 1 301 47 15 44 0.007599076517439907 l1 16.57800270172542
SPARSE 1 301 47 16 44 0.007599076422244036 l1 16.5780026256762
SPARSE 1 301 47 17 44 0.0075990763280021 l1 16.57800255735463
TRIM 1 301 47 17 0.04060146786802209
SPARSE 1 301 47 18 44 0.007599076235002004 l1 16.578002495790432
SPARSE 1 301 47 19 44 0.0075990761434939855 l1 16.578002440109344
DENSE 1 301 48 750 9.220404192407006e-28
SPARSE 1 301 48 0 97 0.00041972967230942426 l1 14.933647195485166
SPARSE 1 301 48 1 56 0.015663393845989495 l1 13.582991679927579
SPARSE 1 301 48 2 56 0.005858828505378396 l1 14.513603671587711
TRIM 1 301 48 2 0.10089175736296996
SPARSE 1 301 48 3 55 0.005694951187318026 l1 14.553044189346936
SPARSE 1 301 48 4 55 0.005684048317678977 l1 14.55920784813777
SPARSE 1 301 48 5 55 0.005683726422618322 l1 14.560779789428796
TRIM 1 301 48 5 0.10587554788858608
SPARSE 1 301 48 6 55 0.0056838857030882895 l1 14.561187164145617
SPARSE 1 301 48 7 55 0.00568396002148464 l1 14.561292309704617
SPARSE 1 301 48 8 55 0.005683983160930554 l1 14.561318414421796
TRIM 1 301 48 8 0.10587554788858605
SPARSE 1 301 48 9 55 0.005683991835026007 l1 14.561326158478103
SPARSE 1 301 48 10 55 0.005683992196248306 l1 14.56132596674277
SPARSE 1 301 48 11 55 0.005683992293064697 l1 14.561326046750109
TRIM 1 301 48 11 0.10587554788858601
SPARSE 1 301 48 12 55 0.0056839923750841926 l1 14.561326115238582
SPARSE 1 301 48 13 55 0.005683992446629299 l1 14.561326180239911
SPARSE 1 301 48 14 55 0.005683992514197497 l1 14.561326238632436
TRIM 1 301 48 14 0.10587554788858607
SPARSE 1 301 48 15 55 0.0056839925789154274 l1 14.561326290610664
SPARSE 1 301 48 16 55 0.0056839926409132605 l1 14.561326338340866
SPARSE 1 301 48 17 55 0.005683992700642701 l1 14.561326382267845
TRIM 1 301 48 17 0.10587554788858607
SPARSE 1 301 48 18 55 0.0056839927582012515 l1 14.561326423325342
SPARSE 1 301 48 19 55 0.00568399281377741 l1 14.561326461954117
DENSE 1 301 49 448 1.7573721964233914e-27
SPARSE 1 301 49 0 91 0.0006227867905513445 l1 16.34159190412707
SPARSE 1 301 49 1 47 0.016825561199951895 l1 14.622581133994718
SPARSE 1 301 49 2 47 0.00764483369103451 l1 15.9435216956512
TRIM 1 301 49 2 0.06584362043961321
SPARSE 1 301 49 3 47 0.007532970318212366 l1 15.969682875888559
SPARSE 1 301 49 4 47 0.007504791674040058 l1 15.973626288052321
SPARSE 1 301 49 5 47 0.007499549913503335 l1 15.974564590524677
TRIM 1 301 49 5 0.06584362043961199
SPARSE 1 301 49 6 47 0.007498540029070502 l1 15.974754854635238
SPARSE 1 301 49 7 47 0.007498337396507467 l1 15.974795362569559
SPARSE 1 301 49 8 47 0.007498296939139319 l1 15.974802262153752
TRIM 1 301 49 8 0.06584362043961269
SPARSE 1 301 49 9 47 0.007498289689695945 l1 15.974806107082555
SPARSE 1 301 49 10 47 0.007498289332313131 l1 15.974806813030385
SPARSE 1 301 49 11 47 0.007498289573111369 l1 15.97480582580467
TRIM 1 301 49 11 0.06584362043961266
SPARSE 1 301 49 12 47 0.007498289305360051 l1 15.974806221311287
SPARSE 1 301 49 13 47 0.007498289399074995 l1 15.974805618906881
SPARSE 1 301 49 14 47 0.007498289202446181 l1 15.974805818069171
TRIM 1 301 49 14 0.06584362043961263
SPARSE 1 301 49 15 47 0.007498289217482832 l1 15.974805442295724
SPARSE 1 301 49 16 47 0.007498289066521648 l1 15.974805532188933
SPARSE 1 301 49 17 47 0.007498289039520056 l1 15.974805291576937
TRIM 1 301 49 17 0.06584362043961262
SPARSE 1 301 49 18 47 0.007498288917915497 l1 15.974805321963848
SPARSE 1 301 49 19 47 0.007498288869268858 l1 15.974805162775949
DENSE 1 301 50 750 1.1682254616395145e-27
SPARSE 1 301 50 0 104 0.0003943539424854805 l1 14.66470406191811
SPARSE 1 301 50 1 55 0.011346383124895061 l1 13.692744160622924
SPARSE 1 301 50 2 55 0.004200820644718215 l1 14.732157325871228
TRIM 1 301 50 2 0.17358713675540782
SPARSE 1 301 50 3 55 0.004044493048706881 l1 14.747310550550798
SPARSE 1 301 50 4 55 0.004081819451413457 l1 14.701248627637266
SPARSE 1 301 50 5 53 0.004099698262209371 l1 14.715470519149209
TRIM 1 301 50 5 0.14676211501462397
SPARSE 1 301 50 6 53 0.004100923700836296 l1 14.715645648468804
SPARSE 1 301 50 7 53 0.004102773661451217 l1 14.715771849356807
SPARSE 1 301 50 8 53 0.004104627940317735 l1 14.715928966796742
TRIM 1 301 50 8 0.14676211501462372
SPARSE 1 301 50 9 53 0.004106507042942065 l1 14.716105628070672
SPARSE 1 301 50 10 53 0.0041084985805765195 l1 14.716306255126744
SPARSE 1 301 50 11 53 0.004110733316987561 l1 14.716543455833012
TRIM 1 301 50 11 0.14676211501462394
SPARSE 1 301 50 12 53 0.00411341593855975 l1 14.71684124719262
SPARSE 1 301 50 13 53 0.004116916487796738 l1 14.717245932646623
SPARSE 1 301 50 14 53 0.004122013095705832 l1 14.717857249049167
TRIM 1 301 50 14 0.1316981439160457
SPARSE 1 301 50 15 53 0.004130717534388568 l1 14.718941507322404
SPARSE 1 301 50 16 53 0.004150224079874866 l1 14.721464054673252
SPARSE 1 301 50 17 52 0.004185665884252785 l1 14.726168877119033
TRIM 1 301 50 17 0.13169814391604728
SPARSE 1 301 50 18 52 0.00418603060040092 l1 14.726236973624838
SPARSE 1 301 50 19 52 0.004186117657728956 l1 14.726243845019894
DENSE 1 301 51 448 3.023408133701607e-27
SPARSE 1 301 51 0 96 0.0006141581025489289 l1 16.419694905009603
SPARSE 1 301 51 1 48 0.017833505682584717 l1 14.584916714111536
SPARSE 1 301 51 2 48 0.009015065063646233 l1 15.794956582898243
TRIM 1 301 51 2 0.09016882000560415
SPARSE 1 301 51 3 48 0.008856292434792254 l1 15.830289925151968
SPARSE 1 301 51 4 48 0.008851341844924206 l1 15.832249264798744
SPARSE 1 301 51 5 48 0.008850958866929857 l1 15.832410443098363
TRIM 1 301 51 5 0.0932573128995848
SPARSE 1 301 51 6 48 0.008850919326637575 l1 15.832425306941158
SPARSE 1 301 51 7 48 0.008850914759593728 l1 15.832428804293091
SPARSE 1 301 51 8 48 0.00885091459640419 l1 15.832428990374165
TRIM 1 301 51 8 0.09325731289958472
SPARSE 1 301 51 9 48 0.008850914666048036 l1 15.832428834868216
SPARSE 1 301 51 10 48 0.008850914652955271 l1 15.832428842244965
SPARSE 1 301 51 11 48 0.008850914718712398 l1 15.832428711704067
TRIM 1 301 51 11 0.09325731289958465
SPARSE 1 301 51 12 48 0.008850914721443844 l1 15.832428700776605
SPARSE 1 301 51 13 48 0.008850914768181256 l1 15.83242860721098
SPARSE 1 301 51 14 48 0.008850914771478568 l1 15.832428594734814
TRIM 1 301 51 14 0.09325731289958471
SPARSE 1 301 51 15 48 0.008850914802835381 l1 15.832428528363035
SPARSE 1 301 51 16 48 0.008850914804742354 l1 15.832428516464242
SPARSE 1 301 51 17 48 0.008850914824913503 l1 15.832428469100751
TRIM 1 301 51 17 0.09325731289958464
SPARSE 1 301 51 18 48 0.008850914825148578 l1 15.83242845840182
SPARSE 1 301 51 19 48 0.008850914837275212 l1 15.832428424447036
DENSE 1 301 52 750 7.998800389185013e-28
SPARSE 1 301 52 0 106 0.0003334421805594541 l1 14.426586570592065
SPARSE 1 301 52 1 53 0.013485298631292018 l1 13.299873875866348
SPARSE 1 301 52 2 53 0.006806868580788863 l1 14.245555459177433
TRIM 1 301 52 2 0.11183172505857088
SPARSE 1 301 52 3 53 0.006760340162064893 l1 14.273953932365178
SPARSE 1 301 52 4 52 0.006778829742564074 l1 14.283283607980042
SPARSE 1 301 52 5 52 0.0067766520190912114 l1 14.283170094507543
TRIM 1 301 52 5 0.11183172505856838
SPARSE 1 301 52 6 52 0.006776115899304177 l1 14.283027195722417
SPARSE 1 301 52 7 52 0.006775969386899802 l1 14.282980132874568
SPARSE 1 301 52 8 52 0.00677593053979702 l1 14.28296162500014
TRIM 1 301 52 8 0.11183172505856832
SPARSE 1 301 52 9 52 0.0067759234865284405 l1 14.282958391787673
SPARSE 1 301 52 10 52 0.00677592094005232 l1 14.282956863112375
SPARSE 1 301 52 11 52 0.006775920643574431 l1 14.282956873705363
TRIM 1 301 52 11 0.11183172505856831
SPARSE 1 301 52 12 52 0.00677592068967919 l1 14.282956590143893
SPARSE 1 301 52 13 52 0.006775920659800415 l1 14.282956422662647
SPARSE 1 301 52 14 52 0.006775920666702679 l1 14.28295625902102
TRIM 1 301 52 14 0.1118317250585683
SPARSE 1 301 52 15 52 0.006775920663309865 l1 14.28295612966838
SPARSE 1 301 52 16 52 0.0067759206649195365 l1 14.282956017459359
SPARSE 1 301 52 17 52 0.006775920663519729 l1 14.282955923428794
TRIM 1 301 52 17 0.11183172505856832
SPARSE 1 301 52 18 52 0.006775920661690004 l1 14.282955842495058
SPARSE 1 301 52 19 52 0.006775920657874603 l1 14.282955772999744
DENSE 1 301 53 448 2.0670649901392785e-27
SPARSE 1 301 53 0 111 0.0007484346129344802 l1 16.342428245794952
SPARSE 1 301 53 1 51 0.01691363808348169 l1 14.528642490017601
SPARSE 1 301 53 2 50 0.006632319721596881 l1 15.79985221856456
TRIM 1 301 53 2 0.08814847111818112
SPARSE 1 301 53 3 50 0.006512002506510104 l1 15.849282980345112
SPARSE 1 301 53 4 50 0.006519637937546393 l1 15.849941526263597
SPARSE 1 301 53 5 50 0.006530102518432252 l1 15.848701096724966
TRIM 1 301 53 5 0.09085634483984037
SPARSE 1 301 53 6 50 0.0065442698392885156 l1 15.847100791945014
SPARSE 1 301 53 7 50 0.0065709300877015995 l1 15.84453926375122
SPARSE 1 301 53 8 49 0.006591169406001829 l1 15.843133231754026
TRIM 1 301 53 8 0.09085634483984198
SPARSE 1 301 53 9 49 0.006591246132596439 l1 15.84340803360777
SPARSE 1 301 53 10 49 0.006591270926432494 l1 15.843442566140176
SPARSE 1 301 53 11 49 0.006591271041642505 l1 15.84344228566967
TRIM 1 301 53 11 0.09085634483984094
SPARSE 1 301 53 12 49 0.006591271097646254 l1 15.843442211341973
SPARSE 1 301 53 13 49 0.00659127114859048 l1 15.84344216502592
SPARSE 1 301 53 14 49 0.006591271199464605 l1 15.843442130701586
TRIM 1 301 53 14 0.09085634483984091
SPARSE 1 301 53 15 49 0.006591271246098803 l1 15.843442113065949
SPARSE 1 301 53 16 49 0.006591271289397815 l1 15.843442107923734
SPARSE 1 301 53 17 49 0.0065912713292459 l1 15.843442113908015
TRIM 1 301 53 17 0.09085634483984091
SPARSE 1 301 53 18 49 0.006591271366271804 l1 15.84344212863074
SPARSE 1 301 53 19 49 0.006591271400856657 l1 15.843442150504544
DENSE 1 301 54 750 5.6979024772402765e-28
SPARSE 1 301 54 0 99 0.00034623532331133394 l1 13.629250120554719
SPARSE 1 301 54 1 54 0.01678623681079463 l1 12.279169592808275
SPARSE 1 301 54 2 51 0.007370423201805774 l1 13.14947125538774
TRIM 1 301 54 2 0.09391302117882037
SPARSE 1 301 54 3 51 0.007273114220704751 l1 13.172981971547696
SPARSE 1 301 54 4 51 0.007270541271694077 l1 13.173412311075746
SPARSE 1 301 54 5 51 0.0072703965957812726 l1 13.173381494067167
TRIM 1 301 54 5 0.0939130211788209
SPARSE 1 301 54 6 51 0.007270387714192175 l1 13.173372573526928
SPARSE 1 301 54 7 51 0.007270391261502522 l1 13.17337114143696
SPARSE 1 301 54 8 51 0.007270391198048687 l1 13.173371239666777
TRIM 1 301 54 8 0.09391302117882093
SPARSE 1 301 54 9 51 0.007270391163528004 l1 13.173371330713612
SPARSE 1 301 54 10 51 0.007270391151514306 l1 13.173371379813041
SPARSE 1 301 54 11 51 0.007270391128588761 l1 13.173371440389069
TRIM 1 301 54 11 0.09391302117882092
SPARSE 1 301 54 12 51 0.00727039111630177 l1 13.173371478282174
SPARSE 1 301 54 13 51 0.007270391099308768 l1 13.173371519078254
SPARSE 1 301 54 14 51 0.007270391086783499 l1 13.173371549018979
TRIM 1 301 54 14 0.09391302117882093
SPARSE 1 301 54 15 51 0.007270391072683668 l1 13.17337157798694
SPARSE 1 301 54 16 51 0.007270391060280447 l1 13.173371601327965
SPARSE 1 301 54 17 51 0.0072703910473248725 l1 13.173371622759936
TRIM 1 301 54 17 0.09391302117882086
SPARSE 1 301 54 18 51 0.0072703910349275445 l1 13.173371640846938
SPARSE 1 301 54 19 51 0.007270391022250966 l1 13.173371657054256
DENSE 1 301 55 448 2.5524702964870414e-27
SPARSE 1 301 55 0 95 0.0006722186998208505 l1 17.01043914145065
SPARSE 1 301 55 1 47 0.017760559807717746 l1 14.867607534498907
SPARSE 1 301 55 2 46 0.009088973785997254 l1 16.10645799834885
TRIM 1 301 55 2 0.06078563627256697
SPARSE 1 301 55 3 46 0.008413711692925747 l1 16.229775742801976
SPARSE 1 301 55 4 46 0.008398621854076492 l1 16.242384912706413
SPARSE 1 301 55 5 46 0.008398055237464265 l1 16.243147443561817
TRIM 1 301 55 5 0.0610181698653138
SPARSE 1 301 55 6 46 0.008398012301346994 l1 16.243198719629884
SPARSE 1 301 55 7 46 0.008398009105660326 l1 16.24320156551942
SPARSE 1 301 55 8 46 0.008398009076341403 l1 16.243201762026338
TRIM 1 301 55 8 0.061018169865313776
SPARSE 1 301 55 9 46 0.00839800916799822 l1 16.243201668445376
SPARSE 1 301 55 10 46 0.008398009125985836 l1 16.243201780418975
SPARSE 1 301 55 11 46 0.008398009187592054 l1 16.243201709643866
TRIM 1 301 55 11 0.06101816986531378
SPARSE 1 301 55 12 46 0.008398009129005221 l1 16.243201815006483
SPARSE 1 301 55 13 46 0.008398009186778325 l1 16.24320173289922
SPARSE 1 301 55 14 46 0.008398009114115602 l1 16.243201845668658
TRIM 1 301 55 14 0.06101816986531377
SPARSE 1 301 55 15 46 0.00839800917507918 l1 16.243201749652403
SPARSE 1 301 55 16 46 0.008398009089402487 l1 16.24320187591954
SPARSE 1 301 55 17 46 0.008398009156984404 l1 16.24320176560212
TRIM 1 301 55 17 0.061018169865313804
SPARSE 1 301 55 18 46 0.008398009058409081 l1 16.243201908952656
SPARSE 1 301 55 19 46 0.008398009135166622 l1 16.243201782997293
DENSE 1 301 56 750 1.0367260871497498e-27
SPARSE 1 301 56 0 105 0.0003833443354514365 l1 13.67815738558424
SPARSE 1 301 56 1 56 0.014967417057771354 l1 12.29549349115528
SPARSE 1 301 56 2 56 0.006516446344653126 l1 13.316652725938104
TRIM 1 301 56 2 0.1478345394606483
SPARSE 1 301 56 3 56 0.006378625805257884 l1 13.354648158094168
SPARSE 1 301 56 4 56 0.006372235253425262 l1 13.361707876572055
SPARSE 1 301 56 5 56 0.006372099468428718 l1 13.364086792500046
TRIM 1 301 56 5 0.13196622226411964
SPARSE 1 301 56 6 56 0.006372280897458408 l1 13.365012383722668
SPARSE 1 301 56 7 56 0.006372384607568695 l1 13.365389055590077
SPARSE 1 301 56 8 56 0.006372431208890038 l1 13.365544331057317
TRIM 1 301 56 8 0.13196622226411486
SPARSE 1 301 56 9 56 0.0063724526340835745 l1 13.365608169343867
SPARSE 1 301 56 10 56 0.006372462013535083 l1 13.365633816178184
SPARSE 1 301 56 11 56 0.006372465358534433 l1 13.365645029452624
TRIM 1 301 56 11 0.13196622226411642
SPARSE 1 301 56 12 56 0.0063724654118917385 l1 13.365645004236333
SPARSE 1 301 56 13 56 0.006372465379448843 l1 13.365645123394938
SPARSE 1 301 56 14 56 0.006372465383498815 l1 13.365645176851185
TRIM 1 301 56 14 0.1319662222641164
SPARSE 1 301 56 15 56 0.006372465378973839 l1 13.365645243468217
SPARSE 1 301 56 16 56 0.006372465388722198 l1 13.365645288187258
SPARSE 1 301 56 17 56 0.006372465393517818 l1 13.365645339736682
TRIM 1 301 56 17 0.1319662222641165
SPARSE 1 301 56 18 56 0.006372465407799005 l1 13.36564537743833
SPARSE 1 301 56 19 56 0.0063724654172300325 l1 13.365645421855643
DENSE 1 301 57 448 2.1248066990435343e-28
SPARSE 1 301 57 0 103 0.0006173642947231898 l1 16.467125653045994
SPARSE 1 301 57 1 48 0.01883719615806383 l1 14.586776178013018
SPARSE 1 301 57 2 48 0.007641814043668589 l1 15.981874346145341
TRIM 1 301 57 2 0.06483651761548528
SPARSE 1 301 57 3 48 0.007460121112536134 l1 16.047358410009014
SPARSE 1 301 57 4 48 0.00745099205536671 l1 16.052908887567433
SPARSE 1 301 57 5 48 0.007450010663947982 l1 16.053561670626873
TRIM 1 301 57 5 0.06483651761548273
SPARSE 1 301 57 6 48 0.007449866064981647 l1 16.05365595156659
SPARSE 1 301 57 7 48 0.007449841640016909 l1 16.053670545374906
SPARSE 1 301 57 8 48 0.007449841240382163 l1 16.053670860456254
TRIM 1 301 57 8 0.06483651761548273
SPARSE 1 301 57 9 48 0.007449840905836147 l1 16.053671136728124
SPARSE 1 301 57 10 48 0.0074498406269821234 l1 16.05367134020436
SPARSE 1 301 57 11 48 0.007449840384275393 l1 16.05367151498806
TRIM 1 301 57 11 0.06483651761548273
SPARSE 1 301 57 12 48 0.0074498401727613765 l1 16.05367165850684
SPARSE 1 301 57 13 48 0.0074498399843620855 l1 16.05367178596597
SPARSE 1 301 57 14 48 0.0074498398166743885 l1 16.053671896565476
TRIM 1 301 57 14 0.06483651761548273
SPARSE 1 301 57 15 48 0.007449839665436876 l1 16.053671996566177
SPARSE 1 301 57 16 48 0.007449839529034755 l1 16.05367208598846
SPARSE 1 301 57 17 48 0.007449839404904448 l1 16.053672167848312
TRIM 1 301 57 17 0.06483651761548273
SPARSE 1 301 57 18 48 0.00744983929183126 l1 16.05367224244387
SPARSE 1 301 57 19 48 0.007449839188148144 l1 16.053672311418868
DENSE 1 301 58 750 8.315402541964299e-28
SPARSE 1 301 58 0 121 0.0003410548026578841 l1 14.586129520874223
SPARSE 1 301 58 1 57 0.016830639836991988 l1 12.99959864545239
SPARSE 1 301 58 2 56 0.008915664414805277 l1 14.020750390144839
TRIM 1 301 58 2 0.11197412594532824
SPARSE 1 301 58 3 56 0.00888734911454096 l1 14.056541416057755
SPARSE 1 301 58 4 54 0.008941267666603362 l1 14.066741873968818
SPARSE 1 301 58 5 54 0.008942144185593229 l1 14.067088609937333
TRIM 1 301 58 5 0.11197412594533547
SPARSE 1 301 58 6 54 0.008942315806204103 l1 14.067096490977411
SPARSE 1 301 58 7 54 0.008942345454729845 l1 14.067093763726128
SPARSE 1 301 58 8 54 0.008942350303291135 l1 14.067094200103405
TRIM 1 301 58 8 0.11197412594533539
SPARSE 1 301 58 9 54 0.008942350862064444 l1 14.067093717730291
SPARSE 1 301 58 10 54 0.008942351011924731 l1 14.067093639604161
SPARSE 1 301 58 11 54 0.00894235109637833 l1 14.067093610133169
TRIM 1 301 58 11 0.1119741259453354
SPARSE 1 301 58 12 54 0.008942351149607354 l1 14.067093595263778
SPARSE 1 301 58 13 54 0.008942351189796797 l1 14.067093583308102
SPARSE 1 301 58 14 54 0.008942351223539634 l1 14.067093570940647
TRIM 1 301 58 14 0.11197412594533547
SPARSE 1 301 58 15 54 0.00894235125397154 l1 14.067093557441922
SPARSE 1 301 58 16 54 0.008942351282518935 l1 14.067093542889722
SPARSE 1 301 58 17 54 0.008942351309867399 l1 14.067093527581303
TRIM 1 301 58 17 0.1119741259453354
SPARSE 1 301 58 18 54 0.008942351336350124 l1 14.067093511814125
SPARSE 1 301 58 19 54 0.008942351362132984 l1 14.067093495830223
DENSE 1 301 59 448 1.7582397484939592e-27
SPARSE 1 301 59 0 95 0.0006441086867910319 l1 16.359854186263604
SPARSE 1 301 59 1 54 0.015774035020607008 l1 14.75834465313041
SPARSE 1 301 59 2 54 0.005082855823775131 l1 16.129801462808803
TRIM 1 301 59 2 0.07431266875871842
SPARSE 1 301 59 3 54 0.004796547954768855 l1 16.193974617755835
SPARSE 1 301 59 4 54 0.004767960519408731 l1 16.20639319990165
SPARSE 1 301 59 5 54 0.004787484077838952 l1 16.21147937527831
TRIM 1 301 59 5 0.08701860273886268
SPARSE 1 301 59 6 54 0.004818647690804354 l1 16.228068635337294
SPARSE 1 301 59 7 53 0.004830911450981905 l1 16.21626701833559
SPARSE 1 301 59 8 53 0.004832128518188207 l1 16.215610393535812
TRIM 1 301 59 8 0.08701860273886267
SPARSE 1 301 59 9 53 0.004832403984598391 l1 16.215483054609834
SPARSE 1 301 59 10 53 0.004832473994835194 l1 16.215449299647002
SPARSE 1 301 59 11 53 0.004832493931955475 l1 16.215439287318215
TRIM 1 301 59 11 0.08701860273886408
SPARSE 1 301 59 12 53 0.004832499717945173 l1 16.21543520827977
SPARSE 1 301 59 13 53 0.004832499926940357 l1 16.215435032957746
SPARSE 1 301 59 14 53 0.004832500019211575 l1 16.215435030299588
TRIM 1 301 59 14 0.08701860273886468
SPARSE 1 301 59 15 53 0.0048325000913121705 l1 16.2154350177883
SPARSE 1 301 59 16 53 0.0048325001537565465 l1 16.21543500983829
SPARSE 1 301 59 17 53 0.004832500208931821 l1 16.215434999193736
TRIM 1 301 59 17 0.08701860273886468
SPARSE 1 301 59 18 53 0.0048325002585276255 l1 16.215434987883995
SPARSE 1 301 59 19 53 0.004832500304179946 l1 16.21543497494695
DENSE 1 301 60 750 5.65481145359224e-28
SPARSE 1 301 60 0 111 0.00034248266419433014 l1 15.015062459600125
SPARSE 1 301 60 1 57 0.01442148640733827 l1 13.929498691684902
SPARSE 1 301 60 2 57 0.005809299577899123 l1 14.874440006580757
TRIM 1 301 60 2 0.11323243595690038
SPARSE 1 301 60 3 57 0.005711591929175331 l1 14.904517859386017
SPARSE 1 301 60 4 57 0.005727304563887048 l1 14.909632412075453
SPARSE 1 301 60 5 57 0.0057537993436044405 l1 14.91410090414892
TRIM 1 301 60 5 0.11992473828924706
SPARSE 1 301 60 6 56 0.005754387629391153 l1 14.914020378775836
SPARSE 1 301 60 7 56 0.005754427954102821 l1 14.913996576370842
SPARSE 1 301 60 8 56 0.005754433891755095 l1 14.913994853341572
TRIM 1 301 60 8 0.11992473828924899
SPARSE 1 301 60 9 56 0.005754433835460572 l1 14.91399484126636
SPARSE 1 301 60 10 56 0.00575443385623977 l1 14.91399481751173
SPARSE 1 301 60 11 56 0.005754433796759929 l1 14.913994851674843
TRIM 1 301 60 11 0.11992473828924896
SPARSE 1 301 60 12 56 0.005754433784343495 l1 14.913994855815652
SPARSE 1 301 60 13 56 0.005754433754937097 l1 14.913994873029406
SPARSE 1 301 60 14 56 0.005754433745031119 l1 14.913994878360693
TRIM 1 301 60 14 0.11992473828924895
SPARSE 1 301 60 15 56 0.005754433733909166 l1 14.913994885946696
SPARSE 1 301 60 16 56 0.005754433731920892 l1 14.913994888738182
SPARSE 1 301 60 17 56 0.00575443373216268 l1 14.913994891382426
TRIM 1 301 60 17 0.11992473828924897
SPARSE 1 301 60 18 56 0.0057544337373283344 l1 14.913994891956586
SPARSE 1 301 60 19 56 0.0057544337449263105 l1 14.913994892042712
DENSE 1 301 61 448 1.803061508334203e-27
SPARSE 1 301 61 0 93 0.0005892529347381741 l1 16.223685885503
SPARSE 1 301 61 1 51 0.01833220937852488 l1 14.377592858882508
SPARSE 1 301 61 2 51 0.006808954045100763 l1 15.725047390017588
TRIM 1 301 61 2 0.0656305092066364
SPARSE 1 301 61 3 51 0.006672053542902439 l1 15.77010457510124
SPARSE 1 301 61 4 51 0.00666235465611131 l1 15.772635205936279
SPARSE 1 301 61 5 51 0.006659488713858234 l1 15.773345075782695
TRIM 1 301 61 5 0.06563050920663607
SPARSE 1 301 61 6 51 0.006658308634701444 l1 15.773657467426803
SPARSE 1 301 61 7 51 0.006657792030369567 l1 15.773799061569191
SPARSE 1 301 61 8 51 0.006657562849610893 l1 15.773862998793549
TRIM 1 301 61 8 0.06563050920663605
SPARSE 1 301 61 9 51 0.0066574609683827364 l1 15.773891066032578
SPARSE 1 301 61 10 51 0.006657415394212519 l1 15.773902933942878
SPARSE 1 301 61 11 51 0.006657394450271075 l1 15.773909273036173
TRIM 1 301 61 11 0.06563050920663605
SPARSE 1 301 61 12 51 0.006657387793171773 l1 15.773911296388663
SPARSE 1 301 61 13 51 0.006657387609425304 l1 15.773911453989989
SPARSE 1 301 61 14 51 0.006657387454198115 l1 15.7739115903059
TRIM 1 301 61 14 0.06563050920663605
SPARSE 1 301 61 15 51 0.006657387350735708 l1 15.77391167372347
SPARSE 1 301 61 16 51 0.006657387260789291 l1 15.773911737980525
SPARSE 1 301 61 17 51 0.006657387180373202 l1 15.773911786834583
TRIM 1 301 61 17 0.06563050920663606
SPARSE 1 301 61 18 51 0.006657387104623647 l1 15.773911826217818
SPARSE 1 301 61 19 51 0.006657387031608332 l1 15.77391185906583
DENSE 1 301 62 750 9.29362326039882e-28
SPARSE 1 301 62 0 96 0.000323810794549363 l1 13.737064325576036
SPARSE 1 301 62 1 51 0.014308727015261936 l1 12.533480097488065
SPARSE 1 301 62 2 51 0.005836243630491936 l1 13.585326436117745
TRIM 1 301 62 2 0.08607293615423349
SPARSE 1 301 62 3 50 0.005617419130879106 l1 13.629316822754179
SPARSE 1 301 62 4 50 0.005610048080100088 l1 13.630707526393316
SPARSE 1 301 62 5 50 0.005610045520014219 l1 13.630569042267068
TRIM 1 301 62 5 0.08607293615422575
SPARSE 1 301 62 6 50 0.005610173885287601 l1 13.630499562447403
SPARSE 1 301 62 7 50 0.00561021902533441 l1 13.630478338498465
SPARSE 1 301 62 8 50 0.0056102333030907834 l1 13.63047169891513
TRIM 1 301 62 8 0.08607293615422566
SPARSE 1 301 62 9 50 0.005610239625250355 l1 13.630471993775895
SPARSE 1 301 62 10 50 0.005610239913628009 l1 13.630471582850252
SPARSE 1 301 62 11 50 0.005610239870979275 l1 13.63047167551508
TRIM 1 301 62 11 0.08607293615422569
SPARSE 1 301 62 12 50 0.005610239905142123 l1 13.630471541784004
SPARSE 1 301 62 13 50 0.005610239861668968 l1 13.630471564339384
SPARSE 1 301 62 14 50 0.005610239860519993 l1 13.630471489209073
TRIM 1 301 62 14 0.08607293615422573
SPARSE 1 301 62 15 50 0.005610239831661421 l1 13.630471474752218
SPARSE 1 301 62 16 50 0.005610239820351521 l1 13.630471421080703
SPARSE 1 301 62 17 50 0.005610239797938911 l1 13.63047139190319
TRIM 1 301 62 17 0.08607293615422573
SPARSE 1 301 62 18 50 0.005610239782353207 l1 13.630471347150172
SPARSE 1 301 62 19 50 0.00561023976200538 l1 13.630471312431952
DENSE 1 301 63 448 1.6554421904878833e-28
SPARSE 1 301 63 0 95 0.0005600087067604922 l1 15.582072044835662
SPARSE 1 301 63 1 52 0.017196762282816695 l1 13.663403427807943
SPARSE 1 301 63 2 52 0.0072166143836179504 l1 15.084418974185327
TRIM 1 301 63 2 0.1086233053620867
SPARSE 1 301 63 3 52 0.007116403494138644 l1 15.123338921383796
SPARSE 1 301 63 4 52 0.007113464709815038 l1 15.124110653933718
SPARSE 1 301 63 5 52 0.007113273402222796 l1 15.124017487582861
TRIM 1 301 63 5 0.10862330536205012
SPARSE 1 301 63 6 52 0.00711325378571991 l1 15.123990137347462
SPARSE 1 301 63 7 52 0.007113251882391364 l1 15.123983683572485
SPARSE 1 301 63 8 52 0.007113251775410342 l1 15.12398377757514
TRIM 1 301 63 8 0.10862330536205075
SPARSE 1 301 63 9 52 0.007113251763921539 l1 15.123983839311126
SPARSE 1 301 63 10 52 0.007113251731230465 l1 15.12398387396562
SPARSE 1 301 63 11 52 0.007113251711076009 l1 15.123983913994383
TRIM 1 301 63 11 0.10862330536205073
SPARSE 1 301 63 12 52 0.007113251685752376 l1 15.12398393497498
SPARSE 1 301 63 13 52 0.007113251665477592 l1 15.12398395907131
SPARSE 1 301 63 14 52 0.007113251643854999 l1 15.123983970790677
TRIM 1 301 63 14 0.10862330536205077
SPARSE 1 301 63 15 52 0.007113251625239617 l1 15.123983983665562
SPARSE 1 301 63 16 52 0.007113251606420482 l1 15.123983988860724
SPARSE 1 301 63 17 52 0.007113251589615281 l1 15.123983994123494
TRIM 1 301 63 17 0.10862330536205063
SPARSE 1 301 63 18 52 0.007113251573044482 l1 15.12398399456391
SPARSE 1 301 63 19 52 0.007113251557888924 l1 15.123983994567302
DENSE 1 301 64 750 6.379842955378291e-28
SPARSE 1 301 64 0 112 0.00041194819370330213 l1 14.432302602079881
SPARSE 1 301 64 1 52 0.01523032013386699 l1 13.144910506185804
SPARSE 1 301 64 2 51 0.0065191637413169615 l1 14.210323935882162
TRIM 1 301 64 2 0.1121826186483466
SPARSE 1 301 64 3 51 0.006408425209761872 l1 14.277417442026827
SPARSE 1 301 64 4 51 0.006408223953602902 l1 14.279947693101176
SPARSE 1 301 64 5 51 0.006408841487857694 l1 14.280108776704735
TRIM 1 301 64 5 0.1277124352826304
SPARSE 1 301 64 6 51 0.006409096317917503 l1 14.280137397697949
SPARSE 1 301 64 7 51 0.006409189489853512 l1 14.280146221180988
SPARSE 1 301 64 8 51 0.006409219241038353 l1 14.280153392357658
TRIM 1 301 64 8 0.1277124352826304
SPARSE 1 301 64 9 51 0.006409231693792843 l1 14.280153928501374
SPARSE 1 301 64 10 51 0.006409231964263767 l1 14.280153496110126
SPARSE 1 301 64 11 51 0.006409232001737347 l1 14.28015347603548
TRIM 1 301 64 11 0.12771243528263038
SPARSE 1 301 64 12 51 0.006409232068266121 l1 14.28015341637079
SPARSE 1 301 64 13 51 0.006409232129755624 l1 14.28015338194754
SPARSE 1 301 64 14 51 0.006409232197996834 l1 14.28015334693107
TRIM 1 301 64 14 0.12771243528263038
SPARSE 1 301 64 15 51 0.006409232267234891 l1 14.280153318480066
SPARSE 1 301 64 16 51 0.006409232338913336 l1 14.280153292160804
SPARSE 1 301 64 17 51 0.0064092324114686005 l1 14.280153269196054
TRIM 1 301 64 17 0.12771243528263038
SPARSE 1 301 64 18 51 0.0064092324849128164 l1 14.280153248479904
SPARSE 1 301 64 19 51 0.006409232558690009 l1 14.280153230087446
DENSE 1 301 65 448 2.3019331165931215e-27
SPARSE 1 301 65 0 92 0.0007787529185123076 l1 16.000701902918532
SPARSE 1 301 65 1 45 0.012460405059706905 l1 14.58986080692529
SPARSE 1 301 65 2 44 0.0061489350125812315 l1 15.606490347167862
TRIM 1 301 65 2 0.0723029434857899
SPARSE 1 301 65 3 44 0.006038737165279347 l1 15.648016981338749
SPARSE 1 301 65 4 44 0.0060362055984991446 l1 15.649879124348397
SPARSE 1 301 65 5 44 0.006036021749089916 l1 15.649943497524927
TRIM 1 301 65 5 0.07230294348578988
SPARSE 1 301 65 6 44 0.006036000607565198 l1 15.649942030728475
SPARSE 1 301 65 7 44 0.00603599793396623 l1 15.649943441105638
SPARSE 1 301 65 8 44 0.006035997924550761 l1 15.649943175587786
TRIM 1 301 65 8 0.0723029434857899
SPARSE 1 301 65 9 44 0.006035997864571467 l1 15.649943013090484
SPARSE 1 301 65 10 44 0.00603599779556134 l1 15.649942886965096
SPARSE 1 301 65 11 44 0.006035997720174703 l1 15.649942787833258
TRIM 1 301 65 11 0.07230294348578988
SPARSE 1 301 65 12 44 0.00603599764347438 l1 15.64994270550507
SPARSE 1 301 65 13 44 0.006035997567537387 l1 15.649942635124601
SPARSE 1 301 65 14 44 0.006035997493764305 l1 15.649942573235627
TRIM 1 301 65 14 0.07230294348578989
SPARSE 1 301 65 15 44 0.0060359974228813345 l1 15.649942517696852
SPARSE 1 301 65 16 44 0.006035997355269317 l1 15.649942467060274
