0.000000000000000000e+00 9.817477042468103487e-02 0.000000000000000000e+00 1.120000000000000000e+03 -3.511625796288532064e-03 1.000000000000005107e+00
0.000000000000000000e+00 9.817477042468103487e-02 1.000000000000000000e+00 1.056000000000000000e+03 -3.511625796288285299e-03 1.000000000000001554e+00
0.000000000000000000e+00 9.817477042468103487e-02 2.000000000000000000e+00 1.056000000000000000e+03 -3.511625796288228921e-03 1.000000000000000444e+00
0.000000000000000000e+00 9.817477042468103487e-02 3.000000000000000000e+00 1.056000000000000000e+03 -3.511625796288176445e-03 1.000000000000000000e+00
0.000000000000000000e+00 9.817477042468103487e-02 4.000000000000000000e+00 1.072000000000000000e+03 -3.511625796288171675e-03 1.000000000000000000e+00
0.000000000000000000e+00 9.817477042468103487e-02 5.000000000000000000e+00 9.440000000000000000e+02 -3.511625796288171241e-03 1.000000000000000000e+00
0.000000000000000000e+00 9.817477042468103487e-02 6.000000000000000000e+00 8.960000000000000000e+02 -3.511625796288172976e-03 1.000000000000000000e+00
0.000000000000000000e+00 9.817477042468103487e-02 7.000000000000000000e+00 9.600000000000000000e+02 -3.511625796288171675e-03 1.000000000000000000e+00
0.000000000000000000e+00 9.817477042468103487e-02 8.000000000000000000e+00 9.280000000000000000e+02 -3.511625796288171241e-03 1.000000000000000000e+00
0.000000000000000000e+00 9.817477042468103487e-02 9.000000000000000000e+00 9.120000000000000000e+02 -3.511625796288171241e-03 1.000000000000000000e+00
0.000000000000000000e+00 9.817477042468103487e-02 1.000000000000000000e+01 8.800000000000000000e+02 -3.511625796288167338e-03 1.000000000000000000e+00
0.000000000000000000e+00 9.817477042468103487e-02 1.100000000000000000e+01 8.640000000000000000e+02 -3.511625796288167338e-03 1.000000000000000000e+00
0.000000000000000000e+00 9.817477042468103487e-02 1.200000000000000000e+01 8.000000000000000000e+02 -3.511625796288165170e-03 9.999999999999998890e-01
0.000000000000000000e+00 9.817477042468103487e-02 1.300000000000000000e+01 9.280000000000000000e+02 -3.511625796288165170e-03 9.999999999999998890e-01
0.000000000000000000e+00 9.817477042468103487e-02 1.400000000000000000e+01 9.280000000000000000e+02 -3.511625796288164736e-03 1.000000000000000000e+00
0.000000000000000000e+00 9.817477042468103487e-02 1.500000000000000000e+01 8.320000000000000000e+02 -3.511625796288165170e-03 1.000000000000000000e+00
0.000000000000000000e+00 9.817477042468103487e-02 1.600000000000000000e+01 1.008000000000000000e+03 -3.511625796288164736e-03 1.000000000000000000e+00
0.000000000000000000e+00 9.817477042468103487e-02 1.700000000000000000e+01 9.760000000000000000e+02 -3.511625796288164302e-03 1.000000000000000000e+00
0.000000000000000000e+00 9.817477042468103487e-02 1.800000000000000000e+01 1.008000000000000000e+03 -3.511625796288163001e-03 1.000000000000000000e+00
0.000000000000000000e+00 9.817477042468103487e-02 1.900000000000000000e+01 9.280000000000000000e+02 -3.511625796288157363e-03 1.000000000000000000e+00
0.000000000000000000e+00 9.817477042468103487e-02 2.000000000000000000e+01 1.040000000000000000e+03 -3.511625796288156930e-03 1.000000000000000000e+00
0.000000000000000000e+00 9.817477042468103487e-02 2.100000000000000000e+01 1.040000000000000000e+03 -3.511625796288143052e-03 1.000000000000000000e+00
0.000000000000000000e+00 9.817477042468103487e-02 2.200000000000000000e+01 1.008000000000000000e+03 -3.511625796288140450e-03 1.000000000000000000e+00
0.000000000000000000e+00 9.817477042468103487e-02 2.300000000000000000e+01 1.072000000000000000e+03 -3.511625796288132210e-03 1.000000000000000000e+00
0.000000000000000000e+00 9.817477042468103487e-02 2.400000000000000000e+01 1.056000000000000000e+03 -3.511625796288073663e-03 1.000000000000000000e+00
0.000000000000000000e+00 9.817477042468103487e-02 2.500000000000000000e+01 1.072000000000000000e+03 -3.511625796288075831e-03 1.000000000000000000e+00
0.000000000000000000e+00 9.817477042468103487e-02 2.600000000000000000e+01 1.024000000000000000e+03 -3.511625796288065857e-03 1.000000000000000000e+00
0.000000000000000000e+00 9.817477042468103487e-02 2.700000000000000000e+01 1.040000000000000000e+03 -3.511625796288050678e-03 1.000000000000000000e+00
0.000000000000000000e+00 9.817477042468103487e-02 2.800000000000000000e+01 1.072000000000000000e+03 -3.511625796288052846e-03 1.000000000000000000e+00
0.000000000000000000e+00 9.817477042468103487e-02 2.900000000000000000e+01 1.024000000000000000e+03 -3.511625796288043305e-03 1.000000000000000000e+00
0.000000000000000000e+00 9.817477042468103487e-02 3.000000000000000000e+01 8.320000000000000000e+02 -3.511625796287874170e-03 1.000000000000000000e+00
0.000000000000000000e+00 9.817477042468103487e-02 3.100000000000000000e+01 9.440000000000000000e+02 -3.511625796287854220e-03 1.000000000000000000e+00
0.000000000000000000e+00 9.817477042468103487e-02 3.200000000000000000e+01 1.072000000000000000e+03 -3.511625796287837740e-03 9.999999999999997780e-01
0.000000000000000000e+00 9.817477042468103487e-02 3.300000000000000000e+01 1.056000000000000000e+03 -3.511625796287838608e-03 1.000000000000000000e+00
0.000000000000000000e+00 9.817477042468103487e-02 3.400000000000000000e+01 9.760000000000000000e+02 -3.511625796287842511e-03 1.000000000000000000e+00
0.000000000000000000e+00 9.817477042468103487e-02 3.500000000000000000e+01 1.024000000000000000e+03 -3.511625796287836873e-03 1.000000000000000000e+00
0.000000000000000000e+00 9.817477042468103487e-02 3.600000000000000000e+01 9.440000000000000000e+02 -3.511625796287841210e-03 1.000000000000000000e+00
0.000000000000000000e+00 9.817477042468103487e-02 3.700000000000000000e+01 9.920000000000000000e+02 -3.511625796287818225e-03 1.000000000000000000e+00
0.000000000000000000e+00 9.817477042468103487e-02 3.800000000000000000e+01 1.104000000000000000e+03 -3.511625796287808250e-03 1.000000000000000000e+00
0.000000000000000000e+00 9.817477042468103487e-02 3.900000000000000000e+01 9.920000000000000000e+02 -3.511625796287751872e-03 1.000000000000000000e+00
0.000000000000000000e+00 9.817477042468103487e-02 4.000000000000000000e+01 9.920000000000000000e+02 -3.511625796287745366e-03 1.000000000000000000e+00
0.000000000000000000e+00 9.817477042468103487e-02 4.100000000000000000e+01 9.120000000000000000e+02 -3.511625796287729754e-03 1.000000000000000000e+00
0.000000000000000000e+00 9.817477042468103487e-02 4.200000000000000000e+01 9.920000000000000000e+02 -3.511625796287720213e-03 1.000000000000000000e+00
0.000000000000000000e+00 9.817477042468103487e-02 4.300000000000000000e+01 8.800000000000000000e+02 -3.511625796287713274e-03 1.000000000000000000e+00
0.000000000000000000e+00 9.817477042468103487e-02 4.400000000000000000e+01 8.960000000000000000e+02 -3.511625796287693325e-03 1.000000000000000000e+00
0.000000000000000000e+00 9.817477042468103487e-02 4.500000000000000000e+01 9.120000000000000000e+02 -3.511625796287612660e-03 1.000000000000000000e+00
0.000000000000000000e+00 9.817477042468103487e-02 4.600000000000000000e+01 9.280000000000000000e+02 -3.511625796287592277e-03 9.999999999999998890e-01
0.000000000000000000e+00 9.817477042468103487e-02 4.700000000000000000e+01 1.008000000000000000e+03 -3.511625796287602252e-03 1.000000000000000000e+00
0.000000000000000000e+00 9.817477042468103487e-02 4.800000000000000000e+01 9.280000000000000000e+02 -3.511625796287414034e-03 1.000000000000000000e+00
0.000000000000000000e+00 9.817477042468103487e-02 4.900000000000000000e+01 9.440000000000000000e+02 -3.511625796287410131e-03 1.000000000000000000e+00
0.000000000000000000e+00 9.817477042468103487e-02 5.000000000000000000e+01 9.440000000000000000e+02 -3.511625796287404060e-03 1.000000000000000000e+00
0.000000000000000000e+00 9.817477042468103487e-02 5.100000000000000000e+01 9.440000000000000000e+02 -3.511625796287382809e-03 1.000000000000000000e+00
0.000000000000000000e+00 9.817477042468103487e-02 5.200000000000000000e+01 1.056000000000000000e+03 -3.511625796287342043e-03 1.000000000000000000e+00
0.000000000000000000e+00 9.817477042468103487e-02 5.300000000000000000e+01 9.760000000000000000e+02 -3.511625796287307349e-03 1.000000000000000000e+00
0.000000000000000000e+00 9.817477042468103487e-02 5.400000000000000000e+01 9.760000000000000000e+02 -3.511625796287286098e-03 1.000000000000000000e+00
0.000000000000000000e+00 9.817477042468103487e-02 5.500000000000000000e+01 1.008000000000000000e+03 -3.511625796287276557e-03 1.000000000000000000e+00
0.000000000000000000e+00 9.817477042468103487e-02 5.600000000000000000e+01 1.056000000000000000e+03 -3.511625796287274389e-03 1.000000000000000000e+00
0.000000000000000000e+00 9.817477042468103487e-02 5.700000000000000000e+01 1.104000000000000000e+03 -3.511625796287254873e-03 1.000000000000000000e+00
0.000000000000000000e+00 9.817477042468103487e-02 5.800000000000000000e+01 1.072000000000000000e+03 -3.511625796287244465e-03 1.000000000000000000e+00
0.000000000000000000e+00 9.817477042468103487e-02 5.900000000000000000e+01 1.088000000000000000e+03 -3.511625796287188087e-03 1.000000000000000000e+00
0.000000000000000000e+00 9.817477042468103487e-02 6.000000000000000000e+01 9.280000000000000000e+02 -3.511625796286975583e-03 1.000000000000000000e+00
0.000000000000000000e+00 9.817477042468103487e-02 6.100000000000000000e+01 1.024000000000000000e+03 -3.511625796286955634e-03 9.999999999999998890e-01
0.000000000000000000e+00 9.817477042468103487e-02 6.200000000000000000e+01 9.920000000000000000e+02 -3.511625796286953899e-03 1.000000000000000000e+00
0.000000000000000000e+00 9.817477042468103487e-02 6.300000000000000000e+01 9.920000000000000000e+02 -3.511625796286933082e-03 1.000000000000000000e+00
1.000000000000000000e+00 1.963495408493620697e-01 0.000000000000000000e+00 1.040000000000000000e+03 -6.888301782564526521e-03 1.000000000000000000e+00
1.000000000000000000e+00 1.963495408493620697e-01 1.000000000000000000e+00 1.040000000000000000e+03 -6.888301782564523919e-03 1.000000000000000000e+00
1.000000000000000000e+00 1.963495408493620697e-01 2.000000000000000000e+00 1.008000000000000000e+03 -6.888301782564519582e-03 1.000000000000000000e+00
1.000000000000000000e+00 1.963495408493620697e-01 3.000000000000000000e+00 1.040000000000000000e+03 -6.888301782564472744e-03 1.000000000000000000e+00
1.000000000000000000e+00 1.963495408493620697e-01 4.000000000000000000e+00 9.920000000000000000e+02 -6.888301782564425040e-03 1.000000000000000000e+00
1.000000000000000000e+00 1.963495408493620697e-01 5.000000000000000000e+00 1.024000000000000000e+03 -6.888301782564337436e-03 1.000000000000000000e+00
1.000000000000000000e+00 1.963495408493620697e-01 6.000000000000000000e+00 1.024000000000000000e+03 -6.888301782564336569e-03 1.000000000000000000e+00
1.000000000000000000e+00 1.963495408493620697e-01 7.000000000000000000e+00 9.440000000000000000e+02 -6.888301782564294068e-03 9.999999999999998890e-01
1.000000000000000000e+00 1.963495408493620697e-01 8.000000000000000000e+00 1.072000000000000000e+03 -6.888301782564305344e-03 1.000000000000000000e+00
1.000000000000000000e+00 1.963495408493620697e-01 9.000000000000000000e+00 9.920000000000000000e+02 -6.888301782564281057e-03 1.000000000000000000e+00
1.000000000000000000e+00 1.963495408493620697e-01 1.000000000000000000e+01 9.920000000000000000e+02 -6.888301782564277588e-03 1.000000000000000000e+00
1.000000000000000000e+00 1.963495408493620697e-01 1.100000000000000000e+01 1.024000000000000000e+03 -6.888301782564274986e-03 1.000000000000000000e+00
1.000000000000000000e+00 1.963495408493620697e-01 1.200000000000000000e+01 1.040000000000000000e+03 -6.888301782564275853e-03 1.000000000000000000e+00
1.000000000000000000e+00 1.963495408493620697e-01 1.300000000000000000e+01 1.056000000000000000e+03 -6.888301782564248965e-03 1.000000000000000000e+00
1.000000000000000000e+00 1.963495408493620697e-01 1.400000000000000000e+01 9.920000000000000000e+02 -6.888301782564250700e-03 1.000000000000000000e+00
1.000000000000000000e+00 1.963495408493620697e-01 1.500000000000000000e+01 9.760000000000000000e+02 -6.888301782564260241e-03 1.000000000000000000e+00
1.000000000000000000e+00 1.963495408493620697e-01 1.600000000000000000e+01 1.024000000000000000e+03 -6.888301782564229016e-03 9.999999999999998890e-01
1.000000000000000000e+00 1.963495408493620697e-01 1.700000000000000000e+01 1.056000000000000000e+03 -6.888301782564267180e-03 1.000000000000000000e+00
1.000000000000000000e+00 1.963495408493620697e-01 1.800000000000000000e+01 9.760000000000000000e+02 -6.888301782564274986e-03 1.000000000000000000e+00
1.000000000000000000e+00 1.963495408493620697e-01 1.900000000000000000e+01 9.600000000000000000e+02 -6.888301782564277588e-03 9.999999999999998890e-01
1.000000000000000000e+00 1.963495408493620697e-01 2.000000000000000000e+01 9.920000000000000000e+02 -6.888301782564282792e-03 1.000000000000000000e+00
1.000000000000000000e+00 1.963495408493620697e-01 2.100000000000000000e+01 9.920000000000000000e+02 -6.888301782564292333e-03 1.000000000000000000e+00
1.000000000000000000e+00 1.963495408493620697e-01 2.200000000000000000e+01 1.024000000000000000e+03 -6.888301782564285394e-03 1.000000000000000000e+00
1.000000000000000000e+00 1.963495408493620697e-01 2.300000000000000000e+01 1.008000000000000000e+03 -6.888301782564290598e-03 1.000000000000000000e+00
1.000000000000000000e+00 1.963495408493620697e-01 2.400000000000000000e+01 1.024000000000000000e+03 -6.888301782564327028e-03 1.000000000000000000e+00
1.000000000000000000e+00 1.963495408493620697e-01 2.500000000000000000e+01 1.008000000000000000e+03 -6.888301782564456265e-03 1.000000000000000000e+00
1.000000000000000000e+00 1.963495408493620697e-01 2.600000000000000000e+01 1.008000000000000000e+03 -6.888301782564472744e-03 1.000000000000000000e+00
1.000000000000000000e+00 1.963495408493620697e-01 2.700000000000000000e+01 1.024000000000000000e+03 -6.888301782564476214e-03 9.999999999999998890e-01
1.000000000000000000e+00 1.963495408493620697e-01 2.800000000000000000e+01 9.760000000000000000e+02 -6.888301782564480551e-03 1.000000000000000000e+00
1.000000000000000000e+00 1.963495408493620697e-01 2.900000000000000000e+01 1.008000000000000000e+03 -6.888301782564516113e-03 1.000000000000000000e+00
1.000000000000000000e+00 1.963495408493620697e-01 3.000000000000000000e+01 1.024000000000000000e+03 -6.888301782564829230e-03 1.000000000000000000e+00
1.000000000000000000e+00 1.963495408493620697e-01 3.100000000000000000e+01 1.008000000000000000e+03 -6.888301782564912497e-03 1.000000000000000000e+00
1.000000000000000000e+00 1.963495408493620697e-01 3.200000000000000000e+01 1.040000000000000000e+03 -6.888301782564953263e-03 1.000000000000000000e+00
1.000000000000000000e+00 1.963495408493620697e-01 3.300000000000000000e+01 1.024000000000000000e+03 -6.888301782564960202e-03 1.000000000000000000e+00
1.000000000000000000e+00 1.963495408493620697e-01 3.400000000000000000e+01 9.600000000000000000e+02 -6.888301782564913364e-03 1.000000000000000000e+00
1.000000000000000000e+00 1.963495408493620697e-01 3.500000000000000000e+01 1.008000000000000000e+03 -6.888301782564953263e-03 1.000000000000000000e+00
1.000000000000000000e+00 1.963495408493620697e-01 3.600000000000000000e+01 1.072000000000000000e+03 -6.888301782564970610e-03 1.000000000000000000e+00
1.000000000000000000e+00 1.963495408493620697e-01 3.700000000000000000e+01 1.024000000000000000e+03 -6.888301782564964539e-03 1.000000000000000000e+00
1.000000000000000000e+00 1.963495408493620697e-01 3.800000000000000000e+01 8.480000000000000000e+02 -6.888301782565053009e-03 1.000000000000000000e+00
1.000000000000000000e+00 1.963495408493620697e-01 3.900000000000000000e+01 1.040000000000000000e+03 -6.888301782565113725e-03 9.999999999999997780e-01
1.000000000000000000e+00 1.963495408493620697e-01 4.000000000000000000e+01 1.056000000000000000e+03 -6.888301782565120664e-03 1.000000000000000000e+00
1.000000000000000000e+00 1.963495408493620697e-01 4.100000000000000000e+01 1.088000000000000000e+03 -6.888301782565120664e-03 1.000000000000000000e+00
1.000000000000000000e+00 1.963495408493620697e-01 4.200000000000000000e+01 1.072000000000000000e+03 -6.888301782565117194e-03 1.000000000000000000e+00
1.000000000000000000e+00 1.963495408493620697e-01 4.300000000000000000e+01 9.920000000000000000e+02 -6.888301782565128470e-03 9.999999999999998890e-01
1.000000000000000000e+00 1.963495408493620697e-01 4.400000000000000000e+01 1.040000000000000000e+03 -6.888301782565115459e-03 9.999999999999997780e-01
1.000000000000000000e+00 1.963495408493620697e-01 4.500000000000000000e+01 9.920000000000000000e+02 -6.888301782565150154e-03 1.000000000000000000e+00
1.000000000000000000e+00 1.963495408493620697e-01 4.600000000000000000e+01 1.008000000000000000e+03 -6.888301782565149287e-03 9.999999999999998890e-01
1.000000000000000000e+00 1.963495408493620697e-01 4.700000000000000000e+01 9.920000000000000000e+02 -6.888301782565116327e-03 1.000000000000000000e+00
1.000000000000000000e+00 1.963495408493620697e-01 4.800000000000000000e+01 1.008000000000000000e+03 -6.888301782565112857e-03 1.000000000000000000e+00
1.000000000000000000e+00 1.963495408493620697e-01 4.900000000000000000e+01 1.040000000000000000e+03 -6.888301782565103316e-03 1.000000000000000000e+00
1.000000000000000000e+00 1.963495408493620697e-01 5.000000000000000000e+01 1.008000000000000000e+03 -6.888301782565014846e-03 1.000000000000000000e+00
1.000000000000000000e+00 1.963495408493620697e-01 5.100000000000000000e+01 1.024000000000000000e+03 -6.888301782564972345e-03 9.999999999999998890e-01
1.000000000000000000e+00 1.963495408493620697e-01 5.200000000000000000e+01 1.024000000000000000e+03 -6.888301782564975814e-03 1.000000000000000000e+00
1.000000000000000000e+00 1.963495408493620697e-01 5.300000000000000000e+01 1.056000000000000000e+03 -6.888301782564979284e-03 1.000000000000000000e+00
1.000000000000000000e+00 1.963495408493620697e-01 5.400000000000000000e+01 1.024000000000000000e+03 -6.888301782564972345e-03 1.000000000000000000e+00
1.000000000000000000e+00 1.963495408493620697e-01 5.500000000000000000e+01 1.024000000000000000e+03 -6.888301782564964539e-03 9.999999999999998890e-01
1.000000000000000000e+00 1.963495408493620697e-01 5.600000000000000000e+01 1.024000000000000000e+03 -6.888301782564973212e-03 1.000000000000000000e+00
1.000000000000000000e+00 1.963495408493620697e-01 5.700000000000000000e+01 9.920000000000000000e+02 -6.888301782564966273e-03 1.000000000000000000e+00
1.000000000000000000e+00 1.963495408493620697e-01 5.800000000000000000e+01 1.008000000000000000e+03 -6.888301782564957600e-03 1.000000000000000000e+00
1.000000000000000000e+00 1.963495408493620697e-01 5.900000000000000000e+01 9.440000000000000000e+02 -6.888301782564906425e-03 1.000000000000000000e+00
1.000000000000000000e+00 1.963495408493620697e-01 6.000000000000000000e+01 9.920000000000000000e+02 -6.888301782564908160e-03 1.000000000000000000e+00
1.000000000000000000e+00 1.963495408493620697e-01 6.100000000000000000e+01 9.280000000000000000e+02 -6.888301782564890813e-03 1.000000000000000000e+00
1.000000000000000000e+00 1.963495408493620697e-01 6.200000000000000000e+01 9.280000000000000000e+02 -6.888301782564555144e-03 1.000000000000000000e+00
1.000000000000000000e+00 1.963495408493620697e-01 6.300000000000000000e+01 8.960000000000000000e+02 -6.888301782564560348e-03 1.000000000000000000e+00
2.000000000000000000e+00 2.945243112740431046e-01 0.000000000000000000e+00 8.320000000000000000e+02 -1.000026419434103461e-02 1.000000000000000000e+00
2.000000000000000000e+00 2.945243112740431046e-01 1.000000000000000000e+00 8.480000000000000000e+02 -1.000026419434091492e-02 9.999999999999998890e-01
2.000000000000000000e+00 2.945243112740431046e-01 2.000000000000000000e+00 8.640000000000000000e+02 -1.000026419434089930e-02 1.000000000000000000e+00
2.000000000000000000e+00 2.945243112740431046e-01 3.000000000000000000e+00 8.320000000000000000e+02 -1.000026419434086461e-02 1.000000000000000000e+00
2.000000000000000000e+00 2.945243112740431046e-01 4.000000000000000000e+00 8.160000000000000000e+02 -1.000026419434084726e-02 1.000000000000000000e+00
2.000000000000000000e+00 2.945243112740431046e-01 5.000000000000000000e+00 8.320000000000000000e+02 -1.000026419434081083e-02 1.000000000000000000e+00
2.000000000000000000e+00 2.945243112740431046e-01 6.000000000000000000e+00 8.320000000000000000e+02 -1.000026419434034940e-02 1.000000000000000000e+00
2.000000000000000000e+00 2.945243112740431046e-01 7.000000000000000000e+00 7.680000000000000000e+02 -1.000026419434018286e-02 1.000000000000000000e+00
2.000000000000000000e+00 2.945243112740431046e-01 8.000000000000000000e+00 7.680000000000000000e+02 -1.000026419434014296e-02 1.000000000000000000e+00
2.000000000000000000e+00 2.945243112740431046e-01 9.000000000000000000e+00 7.840000000000000000e+02 -1.000026419434003541e-02 1.000000000000000000e+00
2.000000000000000000e+00 2.945243112740431046e-01 1.000000000000000000e+01 7.840000000000000000e+02 -1.000026419433997990e-02 1.000000000000000000e+00
2.000000000000000000e+00 2.945243112740431046e-01 1.100000000000000000e+01 8.000000000000000000e+02 -1.000026419433995388e-02 1.000000000000000000e+00
2.000000000000000000e+00 2.945243112740431046e-01 1.200000000000000000e+01 7.200000000000000000e+02 -1.000026419433978388e-02 1.000000000000000000e+00
2.000000000000000000e+00 2.945243112740431046e-01 1.300000000000000000e+01 7.840000000000000000e+02 -1.000026419433952367e-02 1.000000000000000000e+00
2.000000000000000000e+00 2.945243112740431046e-01 1.400000000000000000e+01 9.440000000000000000e+02 -1.000026419433924264e-02 1.000000000000000000e+00
2.000000000000000000e+00 2.945243112740431046e-01 1.500000000000000000e+01 8.800000000000000000e+02 -1.000026419433924264e-02 1.000000000000000000e+00
2.000000000000000000e+00 2.945243112740431046e-01 1.600000000000000000e+01 9.440000000000000000e+02 -1.000026419433909693e-02 1.000000000000000000e+00
2.000000000000000000e+00 2.945243112740431046e-01 1.700000000000000000e+01 9.280000000000000000e+02 -1.000026419433897723e-02 1.000000000000000000e+00
2.000000000000000000e+00 2.945243112740431046e-01 1.800000000000000000e+01 8.960000000000000000e+02 -1.000026419433877253e-02 1.000000000000000000e+00
2.000000000000000000e+00 2.945243112740431046e-01 1.900000000000000000e+01 9.280000000000000000e+02 -1.000026419433849151e-02 1.000000000000000000e+00
2.000000000000000000e+00 2.945243112740431046e-01 2.000000000000000000e+01 8.960000000000000000e+02 -1.000026419433814283e-02 1.000000000000000000e+00
2.000000000000000000e+00 2.945243112740431046e-01 2.100000000000000000e+01 1.104000000000000000e+03 -1.000026419433793987e-02 1.000000000000000000e+00
2.000000000000000000e+00 2.945243112740431046e-01 2.200000000000000000e+01 1.088000000000000000e+03 -1.000026419433783752e-02 1.000000000000000000e+00
2.000000000000000000e+00 2.945243112740431046e-01 2.300000000000000000e+01 1.040000000000000000e+03 -1.000026419433781844e-02 1.000000000000000000e+00
2.000000000000000000e+00 2.945243112740431046e-01 2.400000000000000000e+01 1.008000000000000000e+03 -1.000026419433748537e-02 1.000000000000000000e+00
2.000000000000000000e+00 2.945243112740431046e-01 2.500000000000000000e+01 1.104000000000000000e+03 -1.000026419433743680e-02 1.000000000000000000e+00
2.000000000000000000e+00 2.945243112740431046e-01 2.600000000000000000e+01 1.136000000000000000e+03 -1.000026419433733965e-02 1.000000000000000000e+00
2.000000000000000000e+00 2.945243112740431046e-01 2.700000000000000000e+01 1.056000000000000000e+03 -1.000026419433730669e-02 1.000000000000000000e+00
2.000000000000000000e+00 2.945243112740431046e-01 2.800000000000000000e+01 1.136000000000000000e+03 -1.000026419433719393e-02 1.000000000000000000e+00
2.000000000000000000e+00 2.945243112740431046e-01 2.900000000000000000e+01 9.280000000000000000e+02 -1.000026419433673076e-02 1.000000000000000000e+00
2.000000000000000000e+00 2.945243112740431046e-01 3.000000000000000000e+01 9.760000000000000000e+02 -1.000026419433672209e-02 1.000000000000000000e+00
2.000000000000000000e+00 2.945243112740431046e-01 3.100000000000000000e+01 1.104000000000000000e+03 -1.000026419433617912e-02 1.000000000000000000e+00
2.000000000000000000e+00 2.945243112740431046e-01 3.200000000000000000e+01 1.152000000000000000e+03 -1.000026419433584432e-02 1.000000000000000000e+00
2.000000000000000000e+00 2.945243112740431046e-01 3.300000000000000000e+01 1.104000000000000000e+03 -1.000026419433556850e-02 1.000000000000000000e+00
2.000000000000000000e+00 2.945243112740431046e-01 3.400000000000000000e+01 1.120000000000000000e+03 -1.000026419433552340e-02 1.000000000000000000e+00
2.000000000000000000e+00 2.945243112740431046e-01 3.500000000000000000e+01 1.184000000000000000e+03 -1.000026419433507757e-02 1.000000000000000000e+00
2.000000000000000000e+00 2.945243112740431046e-01 3.600000000000000000e+01 1.120000000000000000e+03 -1.000026419433439583e-02 1.000000000000000000e+00
2.000000000000000000e+00 2.945243112740431046e-01 3.700000000000000000e+01 1.088000000000000000e+03 -1.000026419433392398e-02 1.000000000000000000e+00
2.000000000000000000e+00 2.945243112740431046e-01 3.800000000000000000e+01 1.104000000000000000e+03 -1.000026419433376265e-02 1.000000000000000000e+00
2.000000000000000000e+00 2.945243112740431046e-01 3.900000000000000000e+01 1.120000000000000000e+03 -1.000026419433363428e-02 1.000000000000000000e+00
2.000000000000000000e+00 2.945243112740431046e-01 4.000000000000000000e+01 1.184000000000000000e+03 -1.000026419433330642e-02 1.000000000000000000e+00
2.000000000000000000e+00 2.945243112740431046e-01 4.100000000000000000e+01 1.072000000000000000e+03 -1.000026419433264549e-02 1.000000000000000000e+00
2.000000000000000000e+00 2.945243112740431046e-01 4.200000000000000000e+01 1.136000000000000000e+03 -1.000026419433222916e-02 1.000000000000000000e+00
2.000000000000000000e+00 2.945243112740431046e-01 4.300000000000000000e+01 1.072000000000000000e+03 -1.000026419433210946e-02 1.000000000000000000e+00
2.000000000000000000e+00 2.945243112740431046e-01 4.400000000000000000e+01 1.136000000000000000e+03 -1.000026419433201058e-02 1.000000000000000000e+00
2.000000000000000000e+00 2.945243112740431046e-01 4.500000000000000000e+01 1.184000000000000000e+03 -1.000026419433186313e-02 1.000000000000000000e+00
2.000000000000000000e+00 2.945243112740431046e-01 4.600000000000000000e+01 1.136000000000000000e+03 -1.000026419433147802e-02 1.000000000000000000e+00
2.000000000000000000e+00 2.945243112740431046e-01 4.700000000000000000e+01 1.152000000000000000e+03 -1.000026419433083964e-02 1.000000000000000000e+00
2.000000000000000000e+00 2.945243112740431046e-01 4.800000000000000000e+01 1.168000000000000000e+03 -1.000026419433052566e-02 1.000000000000000000e+00
2.000000000000000000e+00 2.945243112740431046e-01 4.900000000000000000e+01 1.152000000000000000e+03 -1.000026419433032443e-02 1.000000000000000000e+00
2.000000000000000000e+00 2.945243112740431046e-01 5.000000000000000000e+01 1.152000000000000000e+03 -1.000026419433019780e-02 1.000000000000000000e+00
2.000000000000000000e+00 2.945243112740431046e-01 5.100000000000000000e+01 1.168000000000000000e+03 -1.000026419433008504e-02 9.999999999999997780e-01
2.000000000000000000e+00 2.945243112740431046e-01 5.200000000000000000e+01 1.136000000000000000e+03 -1.000026419432973983e-02 1.000000000000000000e+00
2.000000000000000000e+00 2.945243112740431046e-01 5.300000000000000000e+01 1.152000000000000000e+03 -1.000026419432904941e-02 1.000000000000000000e+00
2.000000000000000000e+00 2.945243112740431046e-01 5.400000000000000000e+01 1.152000000000000000e+03 -1.000026419432903033e-02 1.000000000000000000e+00
2.000000000000000000e+00 2.945243112740431046e-01 5.500000000000000000e+01 1.104000000000000000e+03 -1.000026419432894532e-02 1.000000000000000000e+00
2.000000000000000000e+00 2.945243112740431046e-01 5.600000000000000000e+01 1.152000000000000000e+03 -1.000026419432857930e-02 1.000000000000000000e+00
2.000000000000000000e+00 2.945243112740431046e-01 5.700000000000000000e+01 1.136000000000000000e+03 -1.000026419432854981e-02 1.000000000000000000e+00
2.000000000000000000e+00 2.945243112740431046e-01 5.800000000000000000e+01 1.152000000000000000e+03 -1.000026419432843185e-02 1.000000000000000000e+00
2.000000000000000000e+00 2.945243112740431046e-01 5.900000000000000000e+01 1.120000000000000000e+03 -1.000026419432830348e-02 1.000000000000000000e+00
2.000000000000000000e+00 2.945243112740431046e-01 6.000000000000000000e+01 1.168000000000000000e+03 -1.000026419432827919e-02 1.000000000000000000e+00
2.000000000000000000e+00 2.945243112740431046e-01 6.100000000000000000e+01 1.152000000000000000e+03 -1.000026419432827225e-02 1.000000000000000000e+00
2.000000000000000000e+00 2.945243112740431046e-01 6.200000000000000000e+01 1.104000000000000000e+03 -1.000026419432829133e-02 1.000000000000000000e+00
2.000000000000000000e+00 2.945243112740431046e-01 6.300000000000000000e+01 1.136000000000000000e+03 -1.000026419432795480e-02 1.000000000000000000e+00
3.000000000000000000e+00 3.926990816987241395e-01 0.000000000000000000e+00 1.008000000000000000e+03 -1.272792206132500326e-02 1.000000000000000000e+00
3.000000000000000000e+00 3.926990816987241395e-01 1.000000000000000000e+00 9.440000000000000000e+02 -1.272792206132497377e-02 1.000000000000000000e+00
3.000000000000000000e+00 3.926990816987241395e-01 2.000000000000000000e+00 9.120000000000000000e+02 -1.272792206132488876e-02 1.000000000000000000e+00
3.000000000000000000e+00 3.926990816987241395e-01 3.000000000000000000e+00 9.440000000000000000e+02 -1.272792206132486448e-02 1.000000000000000000e+00
3.000000000000000000e+00 3.926990816987241395e-01 4.000000000000000000e+00 9.920000000000000000e+02 -1.272792206132487836e-02 1.000000000000000000e+00
3.000000000000000000e+00 3.926990816987241395e-01 5.000000000000000000e+00 9.760000000000000000e+02 -1.272792206132456784e-02 1.000000000000000000e+00
3.000000000000000000e+00 3.926990816987241395e-01 6.000000000000000000e+00 9.280000000000000000e+02 -1.272792206132454355e-02 1.000000000000000000e+00
3.000000000000000000e+00 3.926990816987241395e-01 7.000000000000000000e+00 8.800000000000000000e+02 -1.272792206132451927e-02 1.000000000000000000e+00
3.000000000000000000e+00 3.926990816987241395e-01 8.000000000000000000e+00 9.760000000000000000e+02 -1.272792206132446549e-02 1.000000000000000000e+00
3.000000000000000000e+00 3.926990816987241395e-01 9.000000000000000000e+00 9.600000000000000000e+02 -1.272792206132445682e-02 1.000000000000000000e+00
3.000000000000000000e+00 3.926990816987241395e-01 1.000000000000000000e+01 9.600000000000000000e+02 -1.272792206132428855e-02 1.000000000000000000e+00
3.000000000000000000e+00 3.926990816987241395e-01 1.100000000000000000e+01 9.120000000000000000e+02 -1.272792206132383926e-02 1.000000000000000000e+00
3.000000000000000000e+00 3.926990816987241395e-01 1.200000000000000000e+01 1.008000000000000000e+03 -1.272792206132377160e-02 1.000000000000000000e+00
3.000000000000000000e+00 3.926990816987241395e-01 1.300000000000000000e+01 1.024000000000000000e+03 -1.272792206132366925e-02 1.000000000000000000e+00
3.000000000000000000e+00 3.926990816987241395e-01 1.400000000000000000e+01 1.056000000000000000e+03 -1.272792206132371609e-02 1.000000000000000000e+00
3.000000000000000000e+00 3.926990816987241395e-01 1.500000000000000000e+01 1.008000000000000000e+03 -1.272792206132368313e-02 9.999999999999998890e-01
3.000000000000000000e+00 3.926990816987241395e-01 1.600000000000000000e+01 1.056000000000000000e+03 -1.272792206132372650e-02 1.000000000000000000e+00
3.000000000000000000e+00 3.926990816987241395e-01 1.700000000000000000e+01 9.920000000000000000e+02 -1.272792206132367272e-02 1.000000000000000000e+00
3.000000000000000000e+00 3.926990816987241395e-01 1.800000000000000000e+01 1.024000000000000000e+03 -1.272792206132344200e-02 1.000000000000000000e+00
3.000000000000000000e+00 3.926990816987241395e-01 1.900000000000000000e+01 1.040000000000000000e+03 -1.272792206132336221e-02 1.000000000000000000e+00
3.000000000000000000e+00 3.926990816987241395e-01 2.000000000000000000e+01 1.008000000000000000e+03 -1.272792206132326680e-02 1.000000000000000000e+00
3.000000000000000000e+00 3.926990816987241395e-01 2.100000000000000000e+01 1.024000000000000000e+03 -1.272792206132323557e-02 1.000000000000000000e+00
3.000000000000000000e+00 3.926990816987241395e-01 2.200000000000000000e+01 1.008000000000000000e+03 -1.272792206132320261e-02 1.000000000000000000e+00
3.000000000000000000e+00 3.926990816987241395e-01 2.300000000000000000e+01 1.024000000000000000e+03 -1.272792206132298404e-02 1.000000000000000000e+00
3.000000000000000000e+00 3.926990816987241395e-01 2.400000000000000000e+01 1.040000000000000000e+03 -1.272792206132282791e-02 1.000000000000000000e+00
3.000000000000000000e+00 3.926990816987241395e-01 2.500000000000000000e+01 1.024000000000000000e+03 -1.272792206132271862e-02 1.000000000000000000e+00
3.000000000000000000e+00 3.926990816987241395e-01 2.600000000000000000e+01 1.024000000000000000e+03 -1.272792206132247229e-02 1.000000000000000000e+00
3.000000000000000000e+00 3.926990816987241395e-01 2.700000000000000000e+01 1.024000000000000000e+03 -1.272792206132198831e-02 1.000000000000000000e+00
3.000000000000000000e+00 3.926990816987241395e-01 2.800000000000000000e+01 1.024000000000000000e+03 -1.272792206132196749e-02 1.000000000000000000e+00
3.000000000000000000e+00 3.926990816987241395e-01 2.900000000000000000e+01 1.040000000000000000e+03 -1.272792206132187902e-02 1.000000000000000000e+00
3.000000000000000000e+00 3.926990816987241395e-01 3.000000000000000000e+01 1.008000000000000000e+03 -1.272792206132156330e-02 1.000000000000000000e+00
3.000000000000000000e+00 3.926990816987241395e-01 3.100000000000000000e+01 1.024000000000000000e+03 -1.272792206132145401e-02 1.000000000000000000e+00
3.000000000000000000e+00 3.926990816987241395e-01 3.200000000000000000e+01 1.040000000000000000e+03 -1.272792206132133778e-02 1.000000000000000000e+00
3.000000000000000000e+00 3.926990816987241395e-01 3.300000000000000000e+01 1.024000000000000000e+03 -1.272792206132104288e-02 1.000000000000000000e+00
3.000000000000000000e+00 3.926990816987241395e-01 3.400000000000000000e+01 1.008000000000000000e+03 -1.272792206132121982e-02 1.000000000000000000e+00
3.000000000000000000e+00 3.926990816987241395e-01 3.500000000000000000e+01 1.040000000000000000e+03 -1.272792206132104288e-02 1.000000000000000000e+00
3.000000000000000000e+00 3.926990816987241395e-01 3.600000000000000000e+01 1.024000000000000000e+03 -1.272792206132100819e-02 1.000000000000000000e+00
3.000000000000000000e+00 3.926990816987241395e-01 3.700000000000000000e+01 1.040000000000000000e+03 -1.272792206132097523e-02 1.000000000000000000e+00
3.000000000000000000e+00 3.926990816987241395e-01 3.800000000000000000e+01 1.024000000000000000e+03 -1.272792206132021889e-02 1.000000000000000000e+00
3.000000000000000000e+00 3.926990816987241395e-01 3.900000000000000000e+01 1.008000000000000000e+03 -1.272792206132019634e-02 1.000000000000000000e+00
3.000000000000000000e+00 3.926990816987241395e-01 4.000000000000000000e+01 9.920000000000000000e+02 -1.272792206132013042e-02 1.000000000000000000e+00
3.000000000000000000e+00 3.926990816987241395e-01 4.100000000000000000e+01 1.040000000000000000e+03 -1.272792206132009052e-02 1.000000000000000000e+00
3.000000000000000000e+00 3.926990816987241395e-01 4.200000000000000000e+01 9.760000000000000000e+02 -1.272792206131981643e-02 1.000000000000000000e+00
3.000000000000000000e+00 3.926990816987241395e-01 4.300000000000000000e+01 1.024000000000000000e+03 -1.272792206131978347e-02 1.000000000000000000e+00
3.000000000000000000e+00 3.926990816987241395e-01 4.400000000000000000e+01 1.024000000000000000e+03 -1.272792206131977480e-02 9.999999999999998890e-01
3.000000000000000000e+00 3.926990816987241395e-01 4.500000000000000000e+01 1.040000000000000000e+03 -1.272792206131977653e-02 1.000000000000000000e+00
3.000000000000000000e+00 3.926990816987241395e-01 4.600000000000000000e+01 1.024000000000000000e+03 -1.272792206131980429e-02 1.000000000000000000e+00
3.000000000000000000e+00 3.926990816987241395e-01 4.700000000000000000e+01 1.008000000000000000e+03 -1.272792206131980602e-02 1.000000000000000000e+00
3.000000000000000000e+00 3.926990816987241395e-01 4.800000000000000000e+01 1.056000000000000000e+03 -1.272792206131976266e-02 1.000000000000000000e+00
3.000000000000000000e+00 3.926990816987241395e-01 4.900000000000000000e+01 1.008000000000000000e+03 -1.272792206131964816e-02 1.000000000000000000e+00
3.000000000000000000e+00 3.926990816987241395e-01 5.000000000000000000e+01 1.024000000000000000e+03 -1.272792206131965163e-02 1.000000000000000000e+00
3.000000000000000000e+00 3.926990816987241395e-01 5.100000000000000000e+01 8.480000000000000000e+02 -1.272792206131964123e-02 1.000000000000000000e+00
3.000000000000000000e+00 3.926990816987241395e-01 5.200000000000000000e+01 9.760000000000000000e+02 -1.272792206131963949e-02 1.000000000000000000e+00
3.000000000000000000e+00 3.926990816987241395e-01 5.300000000000000000e+01 9.120000000000000000e+02 -1.272792206131963776e-02 1.000000000000000000e+00
3.000000000000000000e+00 3.926990816987241395e-01 5.400000000000000000e+01 1.008000000000000000e+03 -1.272792206131967072e-02 1.000000000000000000e+00
3.000000000000000000e+00 3.926990816987241395e-01 5.500000000000000000e+01 1.056000000000000000e+03 -1.272792206131967245e-02 1.000000000000000000e+00
3.000000000000000000e+00 3.926990816987241395e-01 5.600000000000000000e+01 9.920000000000000000e+02 -1.272792206131968112e-02 1.000000000000000000e+00
3.000000000000000000e+00 3.926990816987241395e-01 5.700000000000000000e+01 1.008000000000000000e+03 -1.272792206131970888e-02 1.000000000000000000e+00
3.000000000000000000e+00 3.926990816987241395e-01 5.800000000000000000e+01 1.024000000000000000e+03 -1.272792206131967419e-02 1.000000000000000000e+00
3.000000000000000000e+00 3.926990816987241395e-01 5.900000000000000000e+01 1.008000000000000000e+03 -1.272792206131959265e-02 1.000000000000000000e+00
3.000000000000000000e+00 3.926990816987241395e-01 6.000000000000000000e+01 1.024000000000000000e+03 -1.272792206131924918e-02 1.000000000000000000e+00
3.000000000000000000e+00 3.926990816987241395e-01 6.100000000000000000e+01 1.040000000000000000e+03 -1.272792206131914509e-02 1.000000000000000000e+00
3.000000000000000000e+00 3.926990816987241395e-01 6.200000000000000000e+01 1.040000000000000000e+03 -1.272792206131914509e-02 1.000000000000000000e+00
3.000000000000000000e+00 3.926990816987241395e-01 6.300000000000000000e+01 1.008000000000000000e+03 -1.272792206131860039e-02 1.000000000000000000e+00
4.000000000000000000e+00 4.908738521234051744e-01 0.000000000000000000e+00 1.040000000000000000e+03 -1.496645302139931397e-02 1.000000000000000000e+00
4.000000000000000000e+00 4.908738521234051744e-01 1.000000000000000000e+00 1.008000000000000000e+03 -1.496645302139928795e-02 9.999999999999998890e-01
4.000000000000000000e+00 4.908738521234051744e-01 2.000000000000000000e+00 1.040000000000000000e+03 -1.496645302139930876e-02 1.000000000000000000e+00
4.000000000000000000e+00 4.908738521234051744e-01 3.000000000000000000e+00 1.056000000000000000e+03 -1.496645302139922723e-02 1.000000000000000000e+00
4.000000000000000000e+00 4.908738521234051744e-01 4.000000000000000000e+00 1.072000000000000000e+03 -1.496645302139909539e-02 1.000000000000000000e+00
4.000000000000000000e+00 4.908738521234051744e-01 5.000000000000000000e+00 1.024000000000000000e+03 -1.496645302139896529e-02 1.000000000000000000e+00
4.000000000000000000e+00 4.908738521234051744e-01 6.000000000000000000e+00 1.024000000000000000e+03 -1.496645302139894794e-02 1.000000000000000000e+00
4.000000000000000000e+00 4.908738521234051744e-01 7.000000000000000000e+00 1.056000000000000000e+03 -1.496645302139822456e-02 1.000000000000000000e+00
4.000000000000000000e+00 4.908738521234051744e-01 8.000000000000000000e+00 1.008000000000000000e+03 -1.496645302139800252e-02 1.000000000000000000e+00
4.000000000000000000e+00 4.908738521234051744e-01 9.000000000000000000e+00 1.056000000000000000e+03 -1.496645302139790017e-02 1.000000000000000000e+00
4.000000000000000000e+00 4.908738521234051744e-01 1.000000000000000000e+01 1.056000000000000000e+03 -1.496645302139754802e-02 1.000000000000000000e+00
4.000000000000000000e+00 4.908738521234051744e-01 1.100000000000000000e+01 1.040000000000000000e+03 -1.496645302139752373e-02 1.000000000000000000e+00
4.000000000000000000e+00 4.908738521234051744e-01 1.200000000000000000e+01 1.024000000000000000e+03 -1.496645302139743006e-02 1.000000000000000000e+00
4.000000000000000000e+00 4.908738521234051744e-01 1.300000000000000000e+01 1.040000000000000000e+03 -1.496645302139710740e-02 1.000000000000000000e+00
4.000000000000000000e+00 4.908738521234051744e-01 1.400000000000000000e+01 7.840000000000000000e+02 -1.496645302139640657e-02 1.000000000000000000e+00
4.000000000000000000e+00 4.908738521234051744e-01 1.500000000000000000e+01 1.008000000000000000e+03 -1.496645302139616891e-02 1.000000000000000000e+00
4.000000000000000000e+00 4.908738521234051744e-01 1.600000000000000000e+01 1.104000000000000000e+03 -1.496645302139610646e-02 1.000000000000000000e+00
4.000000000000000000e+00 4.908738521234051744e-01 1.700000000000000000e+01 1.088000000000000000e+03 -1.496645302139582370e-02 1.000000000000000000e+00
4.000000000000000000e+00 4.908738521234051744e-01 1.800000000000000000e+01 1.040000000000000000e+03 -1.496645302139567799e-02 1.000000000000000000e+00
4.000000000000000000e+00 4.908738521234051744e-01 1.900000000000000000e+01 1.120000000000000000e+03 -1.496645302139552013e-02 1.000000000000000000e+00
4.000000000000000000e+00 4.908738521234051744e-01 2.000000000000000000e+01 1.072000000000000000e+03 -1.496645302139487307e-02 1.000000000000000000e+00
4.000000000000000000e+00 4.908738521234051744e-01 2.100000000000000000e+01 1.120000000000000000e+03 -1.496645302139439429e-02 1.000000000000000000e+00
4.000000000000000000e+00 4.908738521234051744e-01 2.200000000000000000e+01 1.184000000000000000e+03 -1.496645302139409071e-02 1.000000000000000000e+00
4.000000000000000000e+00 4.908738521234051744e-01 2.300000000000000000e+01 1.008000000000000000e+03 -1.496645302139408204e-02 1.000000000000000000e+00
4.000000000000000000e+00 4.908738521234051744e-01 2.400000000000000000e+01 1.104000000000000000e+03 -1.496645302139401786e-02 1.000000000000000000e+00
4.000000000000000000e+00 4.908738521234051744e-01 2.500000000000000000e+01 1.120000000000000000e+03 -1.496645302139400398e-02 1.000000000000000000e+00
4.000000000000000000e+00 4.908738521234051744e-01 2.600000000000000000e+01 1.104000000000000000e+03 -1.496645302139392418e-02 1.000000000000000000e+00
4.000000000000000000e+00 4.908738521234051744e-01 2.700000000000000000e+01 1.168000000000000000e+03 -1.496645302139398837e-02 1.000000000000000000e+00
4.000000000000000000e+00 4.908738521234051744e-01 2.800000000000000000e+01 1.120000000000000000e+03 -1.496645302139398490e-02 1.000000000000000000e+00
4.000000000000000000e+00 4.908738521234051744e-01 2.900000000000000000e+01 9.120000000000000000e+02 -1.496645302139372816e-02 1.000000000000000000e+00
4.000000000000000000e+00 4.908738521234051744e-01 3.000000000000000000e+01 1.136000000000000000e+03 -1.496645302139365009e-02 1.000000000000000000e+00
4.000000000000000000e+00 4.908738521234051744e-01 3.100000000000000000e+01 1.152000000000000000e+03 -1.496645302139275845e-02 1.000000000000000000e+00
4.000000000000000000e+00 4.908738521234051744e-01 3.200000000000000000e+01 1.200000000000000000e+03 -1.496645302139270987e-02 1.000000000000000000e+00
4.000000000000000000e+00 4.908738521234051744e-01 3.300000000000000000e+01 1.120000000000000000e+03 -1.496645302139238028e-02 1.000000000000000000e+00
4.000000000000000000e+00 4.908738521234051744e-01 3.400000000000000000e+01 1.184000000000000000e+03 -1.496645302139206456e-02 1.000000000000000000e+00
4.000000000000000000e+00 4.908738521234051744e-01 3.500000000000000000e+01 1.088000000000000000e+03 -1.496645302139195353e-02 1.000000000000000000e+00
4.000000000000000000e+00 4.908738521234051744e-01 3.600000000000000000e+01 1.184000000000000000e+03 -1.496645302139170547e-02 1.000000000000000000e+00
4.000000000000000000e+00 4.908738521234051744e-01 3.700000000000000000e+01 1.168000000000000000e+03 -1.496645302139084852e-02 1.000000000000000000e+00
4.000000000000000000e+00 4.908738521234051744e-01 3.800000000000000000e+01 1.088000000000000000e+03 -1.496645302139054667e-02 1.000000000000000000e+00
4.000000000000000000e+00 4.908738521234051744e-01 3.900000000000000000e+01 1.136000000000000000e+03 -1.496645302139048596e-02 1.000000000000000000e+00
4.000000000000000000e+00 4.908738521234051744e-01 4.000000000000000000e+01 1.136000000000000000e+03 -1.496645302139032636e-02 1.000000000000000000e+00
4.000000000000000000e+00 4.908738521234051744e-01 4.100000000000000000e+01 1.136000000000000000e+03 -1.496645302138920400e-02 1.000000000000000000e+00
4.000000000000000000e+00 4.908738521234051744e-01 4.200000000000000000e+01 1.120000000000000000e+03 -1.496645302138885011e-02 1.000000000000000000e+00
4.000000000000000000e+00 4.908738521234051744e-01 4.300000000000000000e+01 1.168000000000000000e+03 -1.496645302138851358e-02 1.000000000000000000e+00
4.000000000000000000e+00 4.908738521234051744e-01 4.400000000000000000e+01 1.152000000000000000e+03 -1.496645302138842511e-02 1.000000000000000000e+00
4.000000000000000000e+00 4.908738521234051744e-01 4.500000000000000000e+01 1.104000000000000000e+03 -1.496645302138825684e-02 1.000000000000000000e+00
4.000000000000000000e+00 4.908738521234051744e-01 4.600000000000000000e+01 1.168000000000000000e+03 -1.496645302138817184e-02 1.000000000000000000e+00
4.000000000000000000e+00 4.908738521234051744e-01 4.700000000000000000e+01 1.104000000000000000e+03 -1.496645302138823082e-02 1.000000000000000000e+00
4.000000000000000000e+00 4.908738521234051744e-01 4.800000000000000000e+01 1.152000000000000000e+03 -1.496645302138729060e-02 1.000000000000000000e+00
4.000000000000000000e+00 4.908738521234051744e-01 4.900000000000000000e+01 1.120000000000000000e+03 -1.496645302138725764e-02 1.000000000000000000e+00
4.000000000000000000e+00 4.908738521234051744e-01 5.000000000000000000e+01 1.104000000000000000e+03 -1.496645302138710151e-02 1.000000000000000000e+00
4.000000000000000000e+00 4.908738521234051744e-01 5.100000000000000000e+01 1.040000000000000000e+03 -1.496645302138699049e-02 1.000000000000000000e+00
4.000000000000000000e+00 4.908738521234051744e-01 5.200000000000000000e+01 1.040000000000000000e+03 -1.496645302138688467e-02 1.000000000000000000e+00
4.000000000000000000e+00 4.908738521234051744e-01 5.300000000000000000e+01 9.600000000000000000e+02 -1.496645302138683610e-02 1.000000000000000000e+00
4.000000000000000000e+00 4.908738521234051744e-01 5.400000000000000000e+01 1.024000000000000000e+03 -1.496645302138678753e-02 1.000000000000000000e+00
4.000000000000000000e+00 4.908738521234051744e-01 5.500000000000000000e+01 1.072000000000000000e+03 -1.496645302138655161e-02 1.000000000000000000e+00
4.000000000000000000e+00 4.908738521234051744e-01 5.600000000000000000e+01 1.008000000000000000e+03 -1.496645302138618558e-02 1.000000000000000000e+00
4.000000000000000000e+00 4.908738521234051744e-01 5.700000000000000000e+01 1.008000000000000000e+03 -1.496645302138557149e-02 1.000000000000000000e+00
4.000000000000000000e+00 4.908738521234051744e-01 5.800000000000000000e+01 1.024000000000000000e+03 -1.496645302138548302e-02 1.000000000000000000e+00
4.000000000000000000e+00 4.908738521234051744e-01 5.900000000000000000e+01 9.600000000000000000e+02 -1.496645302138550557e-02 1.000000000000000000e+00
4.000000000000000000e+00 4.908738521234051744e-01 6.000000000000000000e+01 1.056000000000000000e+03 -1.496645302138545353e-02 1.000000000000000000e+00
4.000000000000000000e+00 4.908738521234051744e-01 6.100000000000000000e+01 1.008000000000000000e+03 -1.496645302138528179e-02 1.000000000000000000e+00
4.000000000000000000e+00 4.908738521234051744e-01 6.200000000000000000e+01 1.040000000000000000e+03 -1.496645302138513434e-02 1.000000000000000000e+00
4.000000000000000000e+00 4.908738521234051744e-01 6.300000000000000000e+01 1.008000000000000000e+03 -1.496645302138510832e-02 1.000000000000000000e+00
5.000000000000000000e+00 5.890486225480862092e-01 0.000000000000000000e+00 9.920000000000000000e+02 -1.662983158513191284e-02 1.000000000000000000e+00
5.000000000000000000e+00 5.890486225480862092e-01 1.000000000000000000e+00 9.920000000000000000e+02 -1.662983158513182957e-02 1.000000000000000000e+00
5.000000000000000000e+00 5.890486225480862092e-01 2.000000000000000000e+00 9.920000000000000000e+02 -1.662983158513173937e-02 1.000000000000000000e+00
5.000000000000000000e+00 5.890486225480862092e-01 3.000000000000000000e+00 1.024000000000000000e+03 -1.662983158513151732e-02 1.000000000000000000e+00
5.000000000000000000e+00 5.890486225480862092e-01 4.000000000000000000e+00 9.920000000000000000e+02 -1.662983158513142712e-02 1.000000000000000000e+00
5.000000000000000000e+00 5.890486225480862092e-01 5.000000000000000000e+00 1.008000000000000000e+03 -1.662983158513114609e-02 1.000000000000000000e+00
5.000000000000000000e+00 5.890486225480862092e-01 6.000000000000000000e+00 1.024000000000000000e+03 -1.662983158513060139e-02 1.000000000000000000e+00
5.000000000000000000e+00 5.890486225480862092e-01 7.000000000000000000e+00 9.920000000000000000e+02 -1.662983158513010873e-02 1.000000000000000000e+00
5.000000000000000000e+00 5.890486225480862092e-01 8.000000000000000000e+00 9.280000000000000000e+02 -1.662983158513008791e-02 1.000000000000000000e+00
5.000000000000000000e+00 5.890486225480862092e-01 9.000000000000000000e+00 1.024000000000000000e+03 -1.662983158513015383e-02 1.000000000000000000e+00
5.000000000000000000e+00 5.890486225480862092e-01 1.000000000000000000e+01 1.008000000000000000e+03 -1.662983158513007056e-02 1.000000000000000000e+00
5.000000000000000000e+00 5.890486225480862092e-01 1.100000000000000000e+01 1.040000000000000000e+03 -1.662983158513009832e-02 1.000000000000000000e+00
5.000000000000000000e+00 5.890486225480862092e-01 1.200000000000000000e+01 1.008000000000000000e+03 -1.662983158513007056e-02 1.000000000000000000e+00
5.000000000000000000e+00 5.890486225480862092e-01 1.300000000000000000e+01 1.008000000000000000e+03 -1.662983158513012955e-02 1.000000000000000000e+00
5.000000000000000000e+00 5.890486225480862092e-01 1.400000000000000000e+01 9.600000000000000000e+02 -1.662983158513008791e-02 1.000000000000000000e+00
5.000000000000000000e+00 5.890486225480862092e-01 1.500000000000000000e+01 9.760000000000000000e+02 -1.662983158512986240e-02 1.000000000000000000e+00
5.000000000000000000e+00 5.890486225480862092e-01 1.600000000000000000e+01 1.024000000000000000e+03 -1.662983158513013648e-02 1.000000000000000000e+00
5.000000000000000000e+00 5.890486225480862092e-01 1.700000000000000000e+01 1.008000000000000000e+03 -1.662983158513007750e-02 1.000000000000000000e+00
5.000000000000000000e+00 5.890486225480862092e-01 1.800000000000000000e+01 1.040000000000000000e+03 -1.662983158513009138e-02 1.000000000000000000e+00
5.000000000000000000e+00 5.890486225480862092e-01 1.900000000000000000e+01 9.920000000000000000e+02 -1.662983158512962995e-02 1.000000000000000000e+00
5.000000000000000000e+00 5.890486225480862092e-01 2.000000000000000000e+01 1.040000000000000000e+03 -1.662983158512944259e-02 1.000000000000000000e+00
5.000000000000000000e+00 5.890486225480862092e-01 2.100000000000000000e+01 1.040000000000000000e+03 -1.662983158512881462e-02 1.000000000000000000e+00
5.000000000000000000e+00 5.890486225480862092e-01 2.200000000000000000e+01 1.008000000000000000e+03 -1.662983158512843299e-02 1.000000000000000000e+00
5.000000000000000000e+00 5.890486225480862092e-01 2.300000000000000000e+01 1.008000000000000000e+03 -1.662983158512854054e-02 1.000000000000000000e+00
5.000000000000000000e+00 5.890486225480862092e-01 2.400000000000000000e+01 1.056000000000000000e+03 -1.662983158512845727e-02 1.000000000000000000e+00
5.000000000000000000e+00 5.890486225480862092e-01 2.500000000000000000e+01 1.040000000000000000e+03 -1.662983158512824564e-02 1.000000000000000000e+00
5.000000000000000000e+00 5.890486225480862092e-01 2.600000000000000000e+01 1.008000000000000000e+03 -1.662983158512797502e-02 1.000000000000000000e+00
5.000000000000000000e+00 5.890486225480862092e-01 2.700000000000000000e+01 1.008000000000000000e+03 -1.662983158512789869e-02 1.000000000000000000e+00
5.000000000000000000e+00 5.890486225480862092e-01 2.800000000000000000e+01 1.008000000000000000e+03 -1.662983158512786747e-02 1.000000000000000000e+00
5.000000000000000000e+00 5.890486225480862092e-01 2.900000000000000000e+01 9.600000000000000000e+02 -1.662983158512786747e-02 1.000000000000000000e+00
5.000000000000000000e+00 5.890486225480862092e-01 3.000000000000000000e+01 1.040000000000000000e+03 -1.662983158512779461e-02 1.000000000000000000e+00
5.000000000000000000e+00 5.890486225480862092e-01 3.100000000000000000e+01 9.920000000000000000e+02 -1.662983158512779114e-02 1.000000000000000000e+00
5.000000000000000000e+00 5.890486225480862092e-01 3.200000000000000000e+01 1.024000000000000000e+03 -1.662983158512786747e-02 1.000000000000000000e+00
5.000000000000000000e+00 5.890486225480862092e-01 3.300000000000000000e+01 1.024000000000000000e+03 -1.662983158512784665e-02 1.000000000000000000e+00
5.000000000000000000e+00 5.890486225480862092e-01 3.400000000000000000e+01 1.008000000000000000e+03 -1.662983158512787094e-02 1.000000000000000000e+00
5.000000000000000000e+00 5.890486225480862092e-01 3.500000000000000000e+01 1.024000000000000000e+03 -1.662983158512788481e-02 1.000000000000000000e+00
5.000000000000000000e+00 5.890486225480862092e-01 3.600000000000000000e+01 9.920000000000000000e+02 -1.662983158512789869e-02 1.000000000000000000e+00
5.000000000000000000e+00 5.890486225480862092e-01 3.700000000000000000e+01 1.008000000000000000e+03 -1.662983158512789869e-02 1.000000000000000000e+00
5.000000000000000000e+00 5.890486225480862092e-01 3.800000000000000000e+01 1.024000000000000000e+03 -1.662983158512792645e-02 1.000000000000000000e+00
5.000000000000000000e+00 5.890486225480862092e-01 3.900000000000000000e+01 1.040000000000000000e+03 -1.662983158512789869e-02 1.000000000000000000e+00
5.000000000000000000e+00 5.890486225480862092e-01 4.000000000000000000e+01 1.040000000000000000e+03 -1.662983158512786053e-02 1.000000000000000000e+00
5.000000000000000000e+00 5.890486225480862092e-01 4.100000000000000000e+01 1.024000000000000000e+03 -1.662983158512760032e-02 9.999999999999998890e-01
5.000000000000000000e+00 5.890486225480862092e-01 4.200000000000000000e+01 1.040000000000000000e+03 -1.662983158512784318e-02 1.000000000000000000e+00
5.000000000000000000e+00 5.890486225480862092e-01 4.300000000000000000e+01 1.024000000000000000e+03 -1.662983158512784665e-02 9.999999999999998890e-01
5.000000000000000000e+00 5.890486225480862092e-01 4.400000000000000000e+01 1.024000000000000000e+03 -1.662983158512787440e-02 9.999999999999998890e-01
5.000000000000000000e+00 5.890486225480862092e-01 4.500000000000000000e+01 1.040000000000000000e+03 -1.662983158512795767e-02 1.000000000000000000e+00
5.000000000000000000e+00 5.890486225480862092e-01 4.600000000000000000e+01 1.024000000000000000e+03 -1.662983158512808257e-02 1.000000000000000000e+00
5.000000000000000000e+00 5.890486225480862092e-01 4.700000000000000000e+01 1.024000000000000000e+03 -1.662983158512823870e-02 1.000000000000000000e+00
5.000000000000000000e+00 5.890486225480862092e-01 4.800000000000000000e+01 1.024000000000000000e+03 -1.662983158512821094e-02 1.000000000000000000e+00
5.000000000000000000e+00 5.890486225480862092e-01 4.900000000000000000e+01 9.920000000000000000e+02 -1.662983158512809992e-02 1.000000000000000000e+00
5.000000000000000000e+00 5.890486225480862092e-01 5.000000000000000000e+01 1.008000000000000000e+03 -1.662983158512796114e-02 9.999999999999998890e-01
5.000000000000000000e+00 5.890486225480862092e-01 5.100000000000000000e+01 1.024000000000000000e+03 -1.662983158512788481e-02 1.000000000000000000e+00
5.000000000000000000e+00 5.890486225480862092e-01 5.200000000000000000e+01 1.008000000000000000e+03 -1.662983158512790216e-02 1.000000000000000000e+00
5.000000000000000000e+00 5.890486225480862092e-01 5.300000000000000000e+01 1.008000000000000000e+03 -1.662983158512787787e-02 1.000000000000000000e+00
5.000000000000000000e+00 5.890486225480862092e-01 5.400000000000000000e+01 9.920000000000000000e+02 -1.662983158512788828e-02 1.000000000000000000e+00
5.000000000000000000e+00 5.890486225480862092e-01 5.500000000000000000e+01 1.024000000000000000e+03 -1.662983158512783971e-02 1.000000000000000000e+00
5.000000000000000000e+00 5.890486225480862092e-01 5.600000000000000000e+01 9.760000000000000000e+02 -1.662983158512785359e-02 1.000000000000000000e+00
5.000000000000000000e+00 5.890486225480862092e-01 5.700000000000000000e+01 9.760000000000000000e+02 -1.662983158512786747e-02 1.000000000000000000e+00
5.000000000000000000e+00 5.890486225480862092e-01 5.800000000000000000e+01 9.920000000000000000e+02 -1.662983158512794032e-02 9.999999999999998890e-01
5.000000000000000000e+00 5.890486225480862092e-01 5.900000000000000000e+01 1.024000000000000000e+03 -1.662983158512790910e-02 1.000000000000000000e+00
5.000000000000000000e+00 5.890486225480862092e-01 6.000000000000000000e+01 9.920000000000000000e+02 -1.662983158512787440e-02 1.000000000000000000e+00
5.000000000000000000e+00 5.890486225480862092e-01 6.100000000000000000e+01 1.008000000000000000e+03 -1.662983158512787787e-02 9.999999999999998890e-01
5.000000000000000000e+00 5.890486225480862092e-01 6.200000000000000000e+01 1.024000000000000000e+03 -1.662983158512788134e-02 1.000000000000000000e+00
5.000000000000000000e+00 5.890486225480862092e-01 6.300000000000000000e+01 1.056000000000000000e+03 -1.662983158512787787e-02 1.000000000000000000e+00
6.000000000000000000e+00 6.872233929727672441e-01 0.000000000000000000e+00 1.088000000000000000e+03 -1.765413504717935900e-02 1.000000000000000000e+00
6.000000000000000000e+00 6.872233929727672441e-01 1.000000000000000000e+00 9.920000000000000000e+02 -1.765413504717951165e-02 1.000000000000000000e+00
6.000000000000000000e+00 6.872233929727672441e-01 2.000000000000000000e+00 1.008000000000000000e+03 -1.765413504717953247e-02 1.000000000000000000e+00
6.000000000000000000e+00 6.872233929727672441e-01 3.000000000000000000e+00 9.920000000000000000e+02 -1.765413504717942492e-02 1.000000000000000000e+00
6.000000000000000000e+00 6.872233929727672441e-01 4.000000000000000000e+00 1.072000000000000000e+03 -1.765413504717960880e-02 1.000000000000000000e+00
6.000000000000000000e+00 6.872233929727672441e-01 5.000000000000000000e+00 1.040000000000000000e+03 -1.765413504717948043e-02 9.999999999999997780e-01
6.000000000000000000e+00 6.872233929727672441e-01 6.000000000000000000e+00 9.920000000000000000e+02 -1.765413504717958451e-02 9.999999999999998890e-01
6.000000000000000000e+00 6.872233929727672441e-01 7.000000000000000000e+00 1.024000000000000000e+03 -1.765413504717966084e-02 1.000000000000000000e+00
6.000000000000000000e+00 6.872233929727672441e-01 8.000000000000000000e+00 9.760000000000000000e+02 -1.765413504717991064e-02 1.000000000000000000e+00
6.000000000000000000e+00 6.872233929727672441e-01 9.000000000000000000e+00 1.024000000000000000e+03 -1.765413504718044146e-02 1.000000000000000000e+00
6.000000000000000000e+00 6.872233929727672441e-01 1.000000000000000000e+01 1.040000000000000000e+03 -1.765413504718051432e-02 1.000000000000000000e+00
6.000000000000000000e+00 6.872233929727672441e-01 1.100000000000000000e+01 1.008000000000000000e+03 -1.765413504718072943e-02 1.000000000000000000e+00
6.000000000000000000e+00 6.872233929727672441e-01 1.200000000000000000e+01 9.920000000000000000e+02 -1.765413504718052820e-02 1.000000000000000000e+00
6.000000000000000000e+00 6.872233929727672441e-01 1.300000000000000000e+01 9.760000000000000000e+02 -1.765413504718067739e-02 1.000000000000000000e+00
6.000000000000000000e+00 6.872233929727672441e-01 1.400000000000000000e+01 1.008000000000000000e+03 -1.765413504718052473e-02 1.000000000000000000e+00
6.000000000000000000e+00 6.872233929727672441e-01 1.500000000000000000e+01 1.008000000000000000e+03 -1.765413504718052473e-02 1.000000000000000000e+00
6.000000000000000000e+00 6.872233929727672441e-01 1.600000000000000000e+01 9.920000000000000000e+02 -1.765413504718045187e-02 1.000000000000000000e+00
6.000000000000000000e+00 6.872233929727672441e-01 1.700000000000000000e+01 1.024000000000000000e+03 -1.765413504718045881e-02 1.000000000000000000e+00
6.000000000000000000e+00 6.872233929727672441e-01 1.800000000000000000e+01 9.920000000000000000e+02 -1.765413504718043800e-02 1.000000000000000000e+00
6.000000000000000000e+00 6.872233929727672441e-01 1.900000000000000000e+01 1.056000000000000000e+03 -1.765413504718073637e-02 1.000000000000000000e+00
6.000000000000000000e+00 6.872233929727672441e-01 2.000000000000000000e+01 1.008000000000000000e+03 -1.765413504718052820e-02 1.000000000000000000e+00
6.000000000000000000e+00 6.872233929727672441e-01 2.100000000000000000e+01 1.008000000000000000e+03 -1.765413504718062535e-02 1.000000000000000000e+00
6.000000000000000000e+00 6.872233929727672441e-01 2.200000000000000000e+01 9.760000000000000000e+02 -1.765413504718050045e-02 1.000000000000000000e+00
6.000000000000000000e+00 6.872233929727672441e-01 2.300000000000000000e+01 1.008000000000000000e+03 -1.765413504718052820e-02 1.000000000000000000e+00
6.000000000000000000e+00 6.872233929727672441e-01 2.400000000000000000e+01 1.072000000000000000e+03 -1.765413504718075371e-02 9.999999999999997780e-01
6.000000000000000000e+00 6.872233929727672441e-01 2.500000000000000000e+01 1.024000000000000000e+03 -1.765413504718080923e-02 1.000000000000000000e+00
6.000000000000000000e+00 6.872233929727672441e-01 2.600000000000000000e+01 1.008000000000000000e+03 -1.765413504718082310e-02 1.000000000000000000e+00
6.000000000000000000e+00 6.872233929727672441e-01 2.700000000000000000e+01 1.040000000000000000e+03 -1.765413504718082657e-02 1.000000000000000000e+00
6.000000000000000000e+00 6.872233929727672441e-01 2.800000000000000000e+01 7.520000000000000000e+02 -1.765413504718083004e-02 1.000000000000000000e+00
6.000000000000000000e+00 6.872233929727672441e-01 2.900000000000000000e+01 6.880000000000000000e+02 -1.765413504718079535e-02 9.999999999999998890e-01
6.000000000000000000e+00 6.872233929727672441e-01 3.000000000000000000e+01 1.040000000000000000e+03 -1.765413504718085433e-02 9.999999999999997780e-01
6.000000000000000000e+00 6.872233929727672441e-01 3.100000000000000000e+01 1.040000000000000000e+03 -1.765413504718094800e-02 9.999999999999997780e-01
6.000000000000000000e+00 6.872233929727672441e-01 3.200000000000000000e+01 9.920000000000000000e+02 -1.765413504718121168e-02 1.000000000000000000e+00
6.000000000000000000e+00 6.872233929727672441e-01 3.300000000000000000e+01 1.040000000000000000e+03 -1.765413504718112842e-02 1.000000000000000000e+00
6.000000000000000000e+00 6.872233929727672441e-01 3.400000000000000000e+01 1.024000000000000000e+03 -1.765413504718112842e-02 1.000000000000000000e+00
6.000000000000000000e+00 6.872233929727672441e-01 3.500000000000000000e+01 9.920000000000000000e+02 -1.765413504718113535e-02 1.000000000000000000e+00
6.000000000000000000e+00 6.872233929727672441e-01 3.600000000000000000e+01 9.920000000000000000e+02 -1.765413504718092719e-02 1.000000000000000000e+00
6.000000000000000000e+00 6.872233929727672441e-01 3.700000000000000000e+01 1.008000000000000000e+03 -1.765413504718090637e-02 1.000000000000000000e+00
6.000000000000000000e+00 6.872233929727672441e-01 3.800000000000000000e+01 1.008000000000000000e+03 -1.765413504718082310e-02 9.999999999999998890e-01
6.000000000000000000e+00 6.872233929727672441e-01 3.900000000000000000e+01 1.008000000000000000e+03 -1.765413504718075718e-02 1.000000000000000000e+00
6.000000000000000000e+00 6.872233929727672441e-01 4.000000000000000000e+01 1.008000000000000000e+03 -1.765413504718075025e-02 1.000000000000000000e+00
6.000000000000000000e+00 6.872233929727672441e-01 4.100000000000000000e+01 9.760000000000000000e+02 -1.765413504718047616e-02 1.000000000000000000e+00
6.000000000000000000e+00 6.872233929727672441e-01 4.200000000000000000e+01 1.008000000000000000e+03 -1.765413504718056983e-02 1.000000000000000000e+00
6.000000000000000000e+00 6.872233929727672441e-01 4.300000000000000000e+01 1.040000000000000000e+03 -1.765413504718073637e-02 1.000000000000000000e+00
6.000000000000000000e+00 6.872233929727672441e-01 4.400000000000000000e+01 1.008000000000000000e+03 -1.765413504718068086e-02 1.000000000000000000e+00
6.000000000000000000e+00 6.872233929727672441e-01 4.500000000000000000e+01 1.024000000000000000e+03 -1.765413504718075025e-02 1.000000000000000000e+00
6.000000000000000000e+00 6.872233929727672441e-01 4.600000000000000000e+01 9.760000000000000000e+02 -1.765413504718080576e-02 9.999999999999998890e-01
6.000000000000000000e+00 6.872233929727672441e-01 4.700000000000000000e+01 8.800000000000000000e+02 -1.765413504718074331e-02 1.000000000000000000e+00
6.000000000000000000e+00 6.872233929727672441e-01 4.800000000000000000e+01 7.520000000000000000e+02 -1.765413504718079535e-02 9.999999999999998890e-01
6.000000000000000000e+00 6.872233929727672441e-01 4.900000000000000000e+01 8.480000000000000000e+02 -1.765413504718081270e-02 1.000000000000000000e+00
6.000000000000000000e+00 6.872233929727672441e-01 5.000000000000000000e+01 8.160000000000000000e+02 -1.765413504718083351e-02 1.000000000000000000e+00
6.000000000000000000e+00 6.872233929727672441e-01 5.100000000000000000e+01 8.800000000000000000e+02 -1.765413504718083351e-02 1.000000000000000000e+00
6.000000000000000000e+00 6.872233929727672441e-01 5.200000000000000000e+01 1.008000000000000000e+03 -1.765413504718082310e-02 1.000000000000000000e+00
6.000000000000000000e+00 6.872233929727672441e-01 5.300000000000000000e+01 9.440000000000000000e+02 -1.765413504718079882e-02 1.000000000000000000e+00
6.000000000000000000e+00 6.872233929727672441e-01 5.400000000000000000e+01 1.024000000000000000e+03 -1.765413504718080576e-02 1.000000000000000000e+00
6.000000000000000000e+00 6.872233929727672441e-01 5.500000000000000000e+01 9.920000000000000000e+02 -1.765413504718074678e-02 1.000000000000000000e+00
6.000000000000000000e+00 6.872233929727672441e-01 5.600000000000000000e+01 9.920000000000000000e+02 -1.765413504718072943e-02 9.999999999999998890e-01
6.000000000000000000e+00 6.872233929727672441e-01 5.700000000000000000e+01 9.920000000000000000e+02 -1.765413504718050738e-02 1.000000000000000000e+00
6.000000000000000000e+00 6.872233929727672441e-01 5.800000000000000000e+01 9.760000000000000000e+02 -1.765413504718047269e-02 1.000000000000000000e+00
6.000000000000000000e+00 6.872233929727672441e-01 5.900000000000000000e+01 8.480000000000000000e+02 -1.765413504717972329e-02 1.000000000000000000e+00
6.000000000000000000e+00 6.872233929727672441e-01 6.000000000000000000e+01 8.800000000000000000e+02 -1.765413504717948737e-02 1.000000000000000000e+00
6.000000000000000000e+00 6.872233929727672441e-01 6.100000000000000000e+01 1.008000000000000000e+03 -1.765413504717962961e-02 9.999999999999998890e-01
6.000000000000000000e+00 6.872233929727672441e-01 6.200000000000000000e+01 1.008000000000000000e+03 -1.765413504717959145e-02 1.000000000000000000e+00
6.000000000000000000e+00 6.872233929727672441e-01 6.300000000000000000e+01 7.200000000000000000e+02 -1.765413504717957757e-02 1.000000000000000000e+00
7.000000000000000000e+00 7.853981633974482790e-01 0.000000000000000000e+00 5.120000000000000000e+02 -1.799999999991917093e-02 1.000000000000000000e+00
7.000000000000000000e+00 7.853981633974482790e-01 1.000000000000000000e+00 5.920000000000000000e+02 -1.799999999991913277e-02 1.000000000000000000e+00
7.000000000000000000e+00 7.853981633974482790e-01 2.000000000000000000e+00 5.280000000000000000e+02 -1.799999999991896624e-02 1.000000000000000000e+00
7.000000000000000000e+00 7.853981633974482790e-01 3.000000000000000000e+00 5.600000000000000000e+02 -1.799999999991893501e-02 1.000000000000000000e+00
7.000000000000000000e+00 7.853981633974482790e-01 4.000000000000000000e+00 5.600000000000000000e+02 -1.799999999991867480e-02 1.000000000000000000e+00
7.000000000000000000e+00 7.853981633974482790e-01 5.000000000000000000e+00 5.440000000000000000e+02 -1.799999999991839031e-02 1.000000000000000000e+00
7.000000000000000000e+00 7.853981633974482790e-01 6.000000000000000000e+00 5.120000000000000000e+02 -1.799999999991838684e-02 1.000000000000000000e+00
7.000000000000000000e+00 7.853981633974482790e-01 7.000000000000000000e+00 5.440000000000000000e+02 -1.799999999991841459e-02 9.999999999999997780e-01
7.000000000000000000e+00 7.853981633974482790e-01 8.000000000000000000e+00 5.120000000000000000e+02 -1.799999999991833133e-02 1.000000000000000000e+00
7.000000000000000000e+00 7.853981633974482790e-01 9.000000000000000000e+00 5.600000000000000000e+02 -1.799999999991824112e-02 1.000000000000000000e+00
7.000000000000000000e+00 7.853981633974482790e-01 1.000000000000000000e+01 5.280000000000000000e+02 -1.799999999991793581e-02 1.000000000000000000e+00
7.000000000000000000e+00 7.853981633974482790e-01 1.100000000000000000e+01 5.280000000000000000e+02 -1.799999999991791499e-02 1.000000000000000000e+00
7.000000000000000000e+00 7.853981633974482790e-01 1.200000000000000000e+01 8.960000000000000000e+02 -1.799999999991752989e-02 1.000000000000000000e+00
7.000000000000000000e+00 7.853981633974482790e-01 1.300000000000000000e+01 8.960000000000000000e+02 -1.799999999991721417e-02 1.000000000000000000e+00
7.000000000000000000e+00 7.853981633974482790e-01 1.400000000000000000e+01 8.480000000000000000e+02 -1.799999999991717947e-02 1.000000000000000000e+00
7.000000000000000000e+00 7.853981633974482790e-01 1.500000000000000000e+01 8.960000000000000000e+02 -1.799999999991710661e-02 1.000000000000000000e+00
7.000000000000000000e+00 7.853981633974482790e-01 1.600000000000000000e+01 7.840000000000000000e+02 -1.799999999991681171e-02 1.000000000000000000e+00
7.000000000000000000e+00 7.853981633974482790e-01 1.700000000000000000e+01 9.120000000000000000e+02 -1.799999999991674926e-02 1.000000000000000000e+00
7.000000000000000000e+00 7.853981633974482790e-01 1.800000000000000000e+01 9.600000000000000000e+02 -1.799999999991666946e-02 1.000000000000000000e+00
7.000000000000000000e+00 7.853981633974482790e-01 1.900000000000000000e+01 8.480000000000000000e+02 -1.799999999991671110e-02 9.999999999999998890e-01
7.000000000000000000e+00 7.853981633974482790e-01 2.000000000000000000e+01 8.480000000000000000e+02 -1.799999999991594782e-02 1.000000000000000000e+00
7.000000000000000000e+00 7.853981633974482790e-01 2.100000000000000000e+01 8.800000000000000000e+02 -1.799999999991585761e-02 9.999999999999998890e-01
7.000000000000000000e+00 7.853981633974482790e-01 2.200000000000000000e+01 8.320000000000000000e+02 -1.799999999991545863e-02 1.000000000000000000e+00
7.000000000000000000e+00 7.853981633974482790e-01 2.300000000000000000e+01 9.280000000000000000e+02 -1.799999999991542046e-02 1.000000000000000000e+00
7.000000000000000000e+00 7.853981633974482790e-01 2.400000000000000000e+01 9.120000000000000000e+02 -1.799999999991539271e-02 1.000000000000000000e+00
7.000000000000000000e+00 7.853981633974482790e-01 2.500000000000000000e+01 9.440000000000000000e+02 -1.799999999991534413e-02 1.000000000000000000e+00
7.000000000000000000e+00 7.853981633974482790e-01 2.600000000000000000e+01 8.640000000000000000e+02 -1.799999999991508046e-02 1.000000000000000000e+00
7.000000000000000000e+00 7.853981633974482790e-01 2.700000000000000000e+01 8.000000000000000000e+02 -1.799999999991419922e-02 1.000000000000000000e+00
7.000000000000000000e+00 7.853981633974482790e-01 2.800000000000000000e+01 8.000000000000000000e+02 -1.799999999991409860e-02 1.000000000000000000e+00
7.000000000000000000e+00 7.853981633974482790e-01 2.900000000000000000e+01 6.560000000000000000e+02 -1.799999999991416452e-02 1.000000000000000000e+00
7.000000000000000000e+00 7.853981633974482790e-01 3.000000000000000000e+01 7.040000000000000000e+02 -1.799999999991378288e-02 1.000000000000000000e+00
7.000000000000000000e+00 7.853981633974482790e-01 3.100000000000000000e+01 8.000000000000000000e+02 -1.799999999991366839e-02 1.000000000000000000e+00
7.000000000000000000e+00 7.853981633974482790e-01 3.200000000000000000e+01 8.160000000000000000e+02 -1.799999999991364064e-02 9.999999999999998890e-01
7.000000000000000000e+00 7.853981633974482790e-01 3.300000000000000000e+01 6.720000000000000000e+02 -1.799999999991366839e-02 9.999999999999997780e-01
7.000000000000000000e+00 7.853981633974482790e-01 3.400000000000000000e+01 8.000000000000000000e+02 -1.799999999991365104e-02 9.999999999999998890e-01
7.000000000000000000e+00 7.853981633974482790e-01 3.500000000000000000e+01 6.880000000000000000e+02 -1.799999999991361635e-02 9.999999999999998890e-01
7.000000000000000000e+00 7.853981633974482790e-01 3.600000000000000000e+01 6.880000000000000000e+02 -1.799999999991343941e-02 9.999999999999998890e-01
7.000000000000000000e+00 7.853981633974482790e-01 3.700000000000000000e+01 9.120000000000000000e+02 -1.799999999991326594e-02 9.999999999999998890e-01
7.000000000000000000e+00 7.853981633974482790e-01 3.800000000000000000e+01 8.480000000000000000e+02 -1.799999999991325900e-02 1.000000000000000000e+00
7.000000000000000000e+00 7.853981633974482790e-01 3.900000000000000000e+01 9.120000000000000000e+02 -1.799999999991258939e-02 1.000000000000000000e+00
7.000000000000000000e+00 7.853981633974482790e-01 4.000000000000000000e+01 8.480000000000000000e+02 -1.799999999991224245e-02 1.000000000000000000e+00
7.000000000000000000e+00 7.853981633974482790e-01 4.100000000000000000e+01 8.320000000000000000e+02 -1.799999999991196836e-02 1.000000000000000000e+00
7.000000000000000000e+00 7.853981633974482790e-01 4.200000000000000000e+01 3.040000000000000000e+02 -1.799999999991186081e-02 1.000000000000000000e+00
7.000000000000000000e+00 7.853981633974482790e-01 4.300000000000000000e+01 6.720000000000000000e+02 -1.799999999991183652e-02 1.000000000000000000e+00
7.000000000000000000e+00 7.853981633974482790e-01 4.400000000000000000e+01 7.040000000000000000e+02 -1.799999999991165611e-02 1.000000000000000000e+00
7.000000000000000000e+00 7.853981633974482790e-01 4.500000000000000000e+01 7.360000000000000000e+02 -1.799999999991089977e-02 1.000000000000000000e+00
7.000000000000000000e+00 7.853981633974482790e-01 4.600000000000000000e+01 9.760000000000000000e+02 -1.799999999991064650e-02 1.000000000000000000e+00
7.000000000000000000e+00 7.853981633974482790e-01 4.700000000000000000e+01 9.280000000000000000e+02 -1.799999999991011915e-02 1.000000000000000000e+00
7.000000000000000000e+00 7.853981633974482790e-01 4.800000000000000000e+01 9.600000000000000000e+02 -1.799999999990995261e-02 1.000000000000000222e+00
7.000000000000000000e+00 7.853981633974482790e-01 4.900000000000000000e+01 8.320000000000000000e+02 -1.799999999990973404e-02 1.000000000000000222e+00
7.000000000000000000e+00 7.853981633974482790e-01 5.000000000000000000e+01 8.640000000000000000e+02 -1.799999999990904709e-02 1.000000000000000000e+00
7.000000000000000000e+00 7.853981633974482790e-01 5.100000000000000000e+01 9.760000000000000000e+02 -1.799999999990864116e-02 1.000000000000000000e+00
7.000000000000000000e+00 7.853981633974482790e-01 5.200000000000000000e+01 9.920000000000000000e+02 -1.799999999990835320e-02 1.000000000000000000e+00
7.000000000000000000e+00 7.853981633974482790e-01 5.300000000000000000e+01 8.480000000000000000e+02 -1.799999999990831157e-02 1.000000000000000000e+00
7.000000000000000000e+00 7.853981633974482790e-01 5.400000000000000000e+01 7.520000000000000000e+02 -1.799999999990818320e-02 1.000000000000000000e+00
7.000000000000000000e+00 7.853981633974482790e-01 5.500000000000000000e+01 8.960000000000000000e+02 -1.799999999990790564e-02 1.000000000000000000e+00
7.000000000000000000e+00 7.853981633974482790e-01 5.600000000000000000e+01 8.320000000000000000e+02 -1.799999999990733318e-02 1.000000000000000000e+00
7.000000000000000000e+00 7.853981633974482790e-01 5.700000000000000000e+01 8.960000000000000000e+02 -1.799999999990698971e-02 1.000000000000000000e+00
7.000000000000000000e+00 7.853981633974482790e-01 5.800000000000000000e+01 9.600000000000000000e+02 -1.799999999990697930e-02 1.000000000000000000e+00
7.000000000000000000e+00 7.853981633974482790e-01 5.900000000000000000e+01 9.760000000000000000e+02 -1.799999999990700011e-02 1.000000000000000000e+00
7.000000000000000000e+00 7.853981633974482790e-01 6.000000000000000000e+01 1.008000000000000000e+03 -1.799999999990703828e-02 1.000000000000000000e+00
7.000000000000000000e+00 7.853981633974482790e-01 6.100000000000000000e+01 9.600000000000000000e+02 -1.799999999990675378e-02 1.000000000000000000e+00
7.000000000000000000e+00 7.853981633974482790e-01 6.200000000000000000e+01 9.280000000000000000e+02 -1.799999999990649011e-02 1.000000000000000000e+00
7.000000000000000000e+00 7.853981633974482790e-01 6.300000000000000000e+01 8.640000000000000000e+02 -1.799999999990652827e-02 9.999999999999998890e-01
8.000000000000000000e+00 8.835729338221293139e-01 0.000000000000000000e+00 1.024000000000000000e+03 -1.765413504716434670e-02 9.999999999999998890e-01
8.000000000000000000e+00 8.835729338221293139e-01 1.000000000000000000e+00 9.760000000000000000e+02 -1.765413504716439874e-02 1.000000000000000000e+00
8.000000000000000000e+00 8.835729338221293139e-01 2.000000000000000000e+00 9.920000000000000000e+02 -1.765413504716347934e-02 1.000000000000000000e+00
8.000000000000000000e+00 8.835729338221293139e-01 3.000000000000000000e+00 1.024000000000000000e+03 -1.765413504716338913e-02 1.000000000000000000e+00
8.000000000000000000e+00 8.835729338221293139e-01 4.000000000000000000e+00 1.040000000000000000e+03 -1.765413504716316362e-02 1.000000000000000000e+00
8.000000000000000000e+00 8.835729338221293139e-01 5.000000000000000000e+00 9.120000000000000000e+02 -1.765413504716309423e-02 1.000000000000000000e+00
8.000000000000000000e+00 8.835729338221293139e-01 6.000000000000000000e+00 8.320000000000000000e+02 -1.765413504716306647e-02 1.000000000000000000e+00
8.000000000000000000e+00 8.835729338221293139e-01 7.000000000000000000e+00 8.320000000000000000e+02 -1.765413504716304566e-02 9.999999999999998890e-01
8.000000000000000000e+00 8.835729338221293139e-01 8.000000000000000000e+00 9.760000000000000000e+02 -1.765413504716303872e-02 1.000000000000000000e+00
8.000000000000000000e+00 8.835729338221293139e-01 9.000000000000000000e+00 9.760000000000000000e+02 -1.765413504716275769e-02 1.000000000000000000e+00
8.000000000000000000e+00 8.835729338221293139e-01 1.000000000000000000e+01 9.760000000000000000e+02 -1.765413504716213666e-02 1.000000000000000000e+00
8.000000000000000000e+00 8.835729338221293139e-01 1.100000000000000000e+01 9.760000000000000000e+02 -1.765413504716175155e-02 1.000000000000000000e+00
8.000000000000000000e+00 8.835729338221293139e-01 1.200000000000000000e+01 9.920000000000000000e+02 -1.765413504716116522e-02 1.000000000000000000e+00
8.000000000000000000e+00 8.835729338221293139e-01 1.300000000000000000e+01 9.600000000000000000e+02 -1.765413504716118603e-02 1.000000000000000000e+00
8.000000000000000000e+00 8.835729338221293139e-01 1.400000000000000000e+01 9.280000000000000000e+02 -1.765413504716124501e-02 1.000000000000000000e+00
8.000000000000000000e+00 8.835729338221293139e-01 1.500000000000000000e+01 9.920000000000000000e+02 -1.765413504716111318e-02 9.999999999999998890e-01
8.000000000000000000e+00 8.835729338221293139e-01 1.600000000000000000e+01 9.600000000000000000e+02 -1.765413504716111318e-02 1.000000000000000000e+00
8.000000000000000000e+00 8.835729338221293139e-01 1.700000000000000000e+01 9.760000000000000000e+02 -1.765413504716139420e-02 1.000000000000000000e+00
8.000000000000000000e+00 8.835729338221293139e-01 1.800000000000000000e+01 1.024000000000000000e+03 -1.765413504716109236e-02 1.000000000000000000e+00
8.000000000000000000e+00 8.835729338221293139e-01 1.900000000000000000e+01 1.040000000000000000e+03 -1.765413504716105073e-02 1.000000000000000000e+00
8.000000000000000000e+00 8.835729338221293139e-01 2.000000000000000000e+01 9.600000000000000000e+02 -1.765413504716110277e-02 1.000000000000000000e+00
8.000000000000000000e+00 8.835729338221293139e-01 2.100000000000000000e+01 1.008000000000000000e+03 -1.765413504716096052e-02 1.000000000000000000e+00
8.000000000000000000e+00 8.835729338221293139e-01 2.200000000000000000e+01 1.024000000000000000e+03 -1.765413504716076970e-02 1.000000000000000000e+00
8.000000000000000000e+00 8.835729338221293139e-01 2.300000000000000000e+01 9.120000000000000000e+02 -1.765413504716086684e-02 1.000000000000000000e+00
8.000000000000000000e+00 8.835729338221293139e-01 2.400000000000000000e+01 8.960000000000000000e+02 -1.765413504716095011e-02 1.000000000000000000e+00
8.000000000000000000e+00 8.835729338221293139e-01 2.500000000000000000e+01 8.800000000000000000e+02 -1.765413504716094664e-02 1.000000000000000000e+00
8.000000000000000000e+00 8.835729338221293139e-01 2.600000000000000000e+01 9.440000000000000000e+02 -1.765413504716111318e-02 9.999999999999998890e-01
8.000000000000000000e+00 8.835729338221293139e-01 2.700000000000000000e+01 9.440000000000000000e+02 -1.765413504716133869e-02 1.000000000000000000e+00
8.000000000000000000e+00 8.835729338221293139e-01 2.800000000000000000e+01 9.440000000000000000e+02 -1.765413504716122073e-02 1.000000000000000000e+00
8.000000000000000000e+00 8.835729338221293139e-01 2.900000000000000000e+01 9.760000000000000000e+02 -1.765413504716116175e-02 1.000000000000000000e+00
8.000000000000000000e+00 8.835729338221293139e-01 3.000000000000000000e+01 9.440000000000000000e+02 -1.765413504716119991e-02 9.999999999999998890e-01
8.000000000000000000e+00 8.835729338221293139e-01 3.100000000000000000e+01 8.800000000000000000e+02 -1.765413504716128665e-02 1.000000000000000000e+00
8.000000000000000000e+00 8.835729338221293139e-01 3.200000000000000000e+01 9.280000000000000000e+02 -1.765413504716118256e-02 1.000000000000000000e+00
8.000000000000000000e+00 8.835729338221293139e-01 3.300000000000000000e+01 8.960000000000000000e+02 -1.765413504716119991e-02 1.000000000000000000e+00
8.000000000000000000e+00 8.835729338221293139e-01 3.400000000000000000e+01 9.760000000000000000e+02 -1.765413504716114440e-02 1.000000000000000000e+00
8.000000000000000000e+00 8.835729338221293139e-01 3.500000000000000000e+01 9.600000000000000000e+02 -1.765413504716111318e-02 1.000000000000000000e+00
8.000000000000000000e+00 8.835729338221293139e-01 3.600000000000000000e+01 9.280000000000000000e+02 -1.765413504716090501e-02 1.000000000000000000e+00
8.000000000000000000e+00 8.835729338221293139e-01 3.700000000000000000e+01 9.760000000000000000e+02 -1.765413504716075929e-02 1.000000000000000000e+00
8.000000000000000000e+00 8.835729338221293139e-01 3.800000000000000000e+01 9.920000000000000000e+02 -1.765413504716075582e-02 1.000000000000000000e+00
8.000000000000000000e+00 8.835729338221293139e-01 3.900000000000000000e+01 1.008000000000000000e+03 -1.765413504716073154e-02 1.000000000000000000e+00
8.000000000000000000e+00 8.835729338221293139e-01 4.000000000000000000e+01 9.920000000000000000e+02 -1.765413504716081133e-02 1.000000000000000000e+00
8.000000000000000000e+00 8.835729338221293139e-01 4.100000000000000000e+01 9.760000000000000000e+02 -1.765413504716022153e-02 1.000000000000000000e+00
8.000000000000000000e+00 8.835729338221293139e-01 4.200000000000000000e+01 9.760000000000000000e+02 -1.765413504716075235e-02 1.000000000000000000e+00
8.000000000000000000e+00 8.835729338221293139e-01 4.300000000000000000e+01 9.920000000000000000e+02 -1.765413504716065868e-02 1.000000000000000000e+00
8.000000000000000000e+00 8.835729338221293139e-01 4.400000000000000000e+01 1.008000000000000000e+03 -1.765413504715990928e-02 1.000000000000000000e+00
8.000000000000000000e+00 8.835729338221293139e-01 4.500000000000000000e+01 9.760000000000000000e+02 -1.765413504715985030e-02 1.000000000000000000e+00
8.000000000000000000e+00 8.835729338221293139e-01 4.600000000000000000e+01 9.760000000000000000e+02 -1.765413504715961784e-02 1.000000000000000000e+00
8.000000000000000000e+00 8.835729338221293139e-01 4.700000000000000000e+01 9.600000000000000000e+02 -1.765413504715961437e-02 1.000000000000000000e+00
8.000000000000000000e+00 8.835729338221293139e-01 4.800000000000000000e+01 8.800000000000000000e+02 -1.765413504715959009e-02 1.000000000000000000e+00
8.000000000000000000e+00 8.835729338221293139e-01 4.900000000000000000e+01 8.800000000000000000e+02 -1.765413504715960744e-02 1.000000000000000000e+00
8.000000000000000000e+00 8.835729338221293139e-01 5.000000000000000000e+01 8.800000000000000000e+02 -1.765413504715960744e-02 1.000000000000000000e+00
8.000000000000000000e+00 8.835729338221293139e-01 5.100000000000000000e+01 9.120000000000000000e+02 -1.765413504715950682e-02 1.000000000000000000e+00
8.000000000000000000e+00 8.835729338221293139e-01 5.200000000000000000e+01 9.280000000000000000e+02 -1.765413504715951376e-02 1.000000000000000000e+00
8.000000000000000000e+00 8.835729338221293139e-01 5.300000000000000000e+01 9.280000000000000000e+02 -1.765413504715949988e-02 1.000000000000000000e+00
8.000000000000000000e+00 8.835729338221293139e-01 5.400000000000000000e+01 7.520000000000000000e+02 -1.765413504715950682e-02 9.999999999999998890e-01
8.000000000000000000e+00 8.835729338221293139e-01 5.500000000000000000e+01 9.280000000000000000e+02 -1.765413504715948947e-02 9.999999999999998890e-01
8.000000000000000000e+00 8.835729338221293139e-01 5.600000000000000000e+01 9.440000000000000000e+02 -1.765413504715949641e-02 1.000000000000000000e+00
8.000000000000000000e+00 8.835729338221293139e-01 5.700000000000000000e+01 9.440000000000000000e+02 -1.765413504715951723e-02 1.000000000000000000e+00
8.000000000000000000e+00 8.835729338221293139e-01 5.800000000000000000e+01 1.024000000000000000e+03 -1.765413504715953805e-02 1.000000000000000000e+00
8.000000000000000000e+00 8.835729338221293139e-01 5.900000000000000000e+01 1.056000000000000000e+03 -1.765413504715944437e-02 1.000000000000000000e+00
8.000000000000000000e+00 8.835729338221293139e-01 6.000000000000000000e+01 5.920000000000000000e+02 -1.765413504715947560e-02 1.000000000000000000e+00
8.000000000000000000e+00 8.835729338221293139e-01 6.100000000000000000e+01 6.400000000000000000e+02 -1.765413504715951376e-02 1.000000000000000000e+00
8.000000000000000000e+00 8.835729338221293139e-01 6.200000000000000000e+01 8.960000000000000000e+02 -1.765413504715950682e-02 1.000000000000000000e+00
8.000000000000000000e+00 8.835729338221293139e-01 6.300000000000000000e+01 9.440000000000000000e+02 -1.765413504715951029e-02 1.000000000000000000e+00
9.000000000000000000e+00 9.817477042468103487e-01 0.000000000000000000e+00 8.800000000000000000e+02 -1.662983158511053758e-02 1.000000000000000000e+00
9.000000000000000000e+00 9.817477042468103487e-01 1.000000000000000000e+00 8.960000000000000000e+02 -1.662983158511047513e-02 1.000000000000000000e+00
9.000000000000000000e+00 9.817477042468103487e-01 2.000000000000000000e+00 9.280000000000000000e+02 -1.662983158511046125e-02 1.000000000000000000e+00
9.000000000000000000e+00 9.817477042468103487e-01 3.000000000000000000e+00 9.760000000000000000e+02 -1.662983158511052717e-02 1.000000000000000000e+00
9.000000000000000000e+00 9.817477042468103487e-01 4.000000000000000000e+00 9.120000000000000000e+02 -1.662983158511042656e-02 1.000000000000000000e+00
9.000000000000000000e+00 9.817477042468103487e-01 5.000000000000000000e+00 8.960000000000000000e+02 -1.662983158511049248e-02 1.000000000000000000e+00
9.000000000000000000e+00 9.817477042468103487e-01 6.000000000000000000e+00 8.960000000000000000e+02 -1.662983158511020104e-02 1.000000000000000000e+00
9.000000000000000000e+00 9.817477042468103487e-01 7.000000000000000000e+00 9.280000000000000000e+02 -1.662983158511011431e-02 1.000000000000000000e+00
9.000000000000000000e+00 9.817477042468103487e-01 8.000000000000000000e+00 8.640000000000000000e+02 -1.662983158511014206e-02 1.000000000000000000e+00
9.000000000000000000e+00 9.817477042468103487e-01 9.000000000000000000e+00 9.440000000000000000e+02 -1.662983158511013512e-02 1.000000000000000000e+00
9.000000000000000000e+00 9.817477042468103487e-01 1.000000000000000000e+01 9.600000000000000000e+02 -1.662983158511012818e-02 1.000000000000000000e+00
9.000000000000000000e+00 9.817477042468103487e-01 1.100000000000000000e+01 8.960000000000000000e+02 -1.662983158511011084e-02 1.000000000000000000e+00
9.000000000000000000e+00 9.817477042468103487e-01 1.200000000000000000e+01 8.960000000000000000e+02 -1.662983158511012471e-02 1.000000000000000000e+00
9.000000000000000000e+00 9.817477042468103487e-01 1.300000000000000000e+01 9.120000000000000000e+02 -1.662983158511013859e-02 1.000000000000000000e+00
9.000000000000000000e+00 9.817477042468103487e-01 1.400000000000000000e+01 9.120000000000000000e+02 -1.662983158511010737e-02 1.000000000000000000e+00
9.000000000000000000e+00 9.817477042468103487e-01 1.500000000000000000e+01 9.120000000000000000e+02 -1.662983158511008655e-02 1.000000000000000000e+00
9.000000000000000000e+00 9.817477042468103487e-01 1.600000000000000000e+01 9.280000000000000000e+02 -1.662983158511002063e-02 1.000000000000000000e+00
9.000000000000000000e+00 9.817477042468103487e-01 1.700000000000000000e+01 8.800000000000000000e+02 -1.662983158511001022e-02 1.000000000000000000e+00
9.000000000000000000e+00 9.817477042468103487e-01 1.800000000000000000e+01 9.280000000000000000e+02 -1.662983158510986104e-02 1.000000000000000000e+00
9.000000000000000000e+00 9.817477042468103487e-01 1.900000000000000000e+01 9.440000000000000000e+02 -1.662983158511000675e-02 1.000000000000000000e+00
9.000000000000000000e+00 9.817477042468103487e-01 2.000000000000000000e+01 8.320000000000000000e+02 -1.662983158511000328e-02 1.000000000000000000e+00
9.000000000000000000e+00 9.817477042468103487e-01 2.100000000000000000e+01 8.800000000000000000e+02 -1.662983158511007961e-02 9.999999999999998890e-01
9.000000000000000000e+00 9.817477042468103487e-01 2.200000000000000000e+01 8.800000000000000000e+02 -1.662983158511011084e-02 1.000000000000000000e+00
9.000000000000000000e+00 9.817477042468103487e-01 2.300000000000000000e+01 8.960000000000000000e+02 -1.662983158511018716e-02 1.000000000000000000e+00
9.000000000000000000e+00 9.817477042468103487e-01 2.400000000000000000e+01 9.440000000000000000e+02 -1.662983158511024614e-02 1.000000000000000000e+00
9.000000000000000000e+00 9.817477042468103487e-01 2.500000000000000000e+01 9.440000000000000000e+02 -1.662983158511009349e-02 1.000000000000000000e+00
9.000000000000000000e+00 9.817477042468103487e-01 2.600000000000000000e+01 9.120000000000000000e+02 -1.662983158511011778e-02 1.000000000000000000e+00
9.000000000000000000e+00 9.817477042468103487e-01 2.700000000000000000e+01 8.960000000000000000e+02 -1.662983158511007961e-02 1.000000000000000000e+00
9.000000000000000000e+00 9.817477042468103487e-01 2.800000000000000000e+01 9.120000000000000000e+02 -1.662983158511008655e-02 1.000000000000000000e+00
9.000000000000000000e+00 9.817477042468103487e-01 2.900000000000000000e+01 9.120000000000000000e+02 -1.662983158510997900e-02 1.000000000000000000e+00
9.000000000000000000e+00 9.817477042468103487e-01 3.000000000000000000e+01 8.960000000000000000e+02 -1.662983158510999634e-02 1.000000000000000000e+00
9.000000000000000000e+00 9.817477042468103487e-01 3.100000000000000000e+01 9.600000000000000000e+02 -1.662983158510975695e-02 9.999999999999998890e-01
9.000000000000000000e+00 9.817477042468103487e-01 3.200000000000000000e+01 8.960000000000000000e+02 -1.662983158510999288e-02 1.000000000000000000e+00
9.000000000000000000e+00 9.817477042468103487e-01 3.300000000000000000e+01 9.120000000000000000e+02 -1.662983158510994083e-02 1.000000000000000000e+00
9.000000000000000000e+00 9.817477042468103487e-01 3.400000000000000000e+01 9.920000000000000000e+02 -1.662983158510993043e-02 1.000000000000000000e+00
9.000000000000000000e+00 9.817477042468103487e-01 3.500000000000000000e+01 9.600000000000000000e+02 -1.662983158510979165e-02 1.000000000000000000e+00
9.000000000000000000e+00 9.817477042468103487e-01 3.600000000000000000e+01 8.960000000000000000e+02 -1.662983158510984022e-02 1.000000000000000000e+00
9.000000000000000000e+00 9.817477042468103487e-01 3.700000000000000000e+01 8.640000000000000000e+02 -1.662983158510998594e-02 9.999999999999998890e-01
9.000000000000000000e+00 9.817477042468103487e-01 3.800000000000000000e+01 8.800000000000000000e+02 -1.662983158510999288e-02 9.999999999999998890e-01
9.000000000000000000e+00 9.817477042468103487e-01 3.900000000000000000e+01 9.920000000000000000e+02 -1.662983158511000328e-02 1.000000000000000000e+00
9.000000000000000000e+00 9.817477042468103487e-01 4.000000000000000000e+01 9.920000000000000000e+02 -1.662983158510976736e-02 1.000000000000000000e+00
9.000000000000000000e+00 9.817477042468103487e-01 4.100000000000000000e+01 1.008000000000000000e+03 -1.662983158510978471e-02 1.000000000000000000e+00
9.000000000000000000e+00 9.817477042468103487e-01 4.200000000000000000e+01 9.600000000000000000e+02 -1.662983158510968756e-02 1.000000000000000000e+00
9.000000000000000000e+00 9.817477042468103487e-01 4.300000000000000000e+01 9.440000000000000000e+02 -1.662983158510971185e-02 1.000000000000000000e+00
9.000000000000000000e+00 9.817477042468103487e-01 4.400000000000000000e+01 8.960000000000000000e+02 -1.662983158510972573e-02 1.000000000000000000e+00
9.000000000000000000e+00 9.817477042468103487e-01 4.500000000000000000e+01 8.960000000000000000e+02 -1.662983158510964940e-02 1.000000000000000000e+00
9.000000000000000000e+00 9.817477042468103487e-01 4.600000000000000000e+01 9.280000000000000000e+02 -1.662983158510975695e-02 1.000000000000000000e+00
9.000000000000000000e+00 9.817477042468103487e-01 4.700000000000000000e+01 9.120000000000000000e+02 -1.662983158510973614e-02 1.000000000000000000e+00
9.000000000000000000e+00 9.817477042468103487e-01 4.800000000000000000e+01 9.920000000000000000e+02 -1.662983158510979165e-02 1.000000000000000000e+00
9.000000000000000000e+00 9.817477042468103487e-01 4.900000000000000000e+01 8.960000000000000000e+02 -1.662983158511007614e-02 1.000000000000000000e+00
9.000000000000000000e+00 9.817477042468103487e-01 5.000000000000000000e+01 9.600000000000000000e+02 -1.662983158511009349e-02 1.000000000000000000e+00
9.000000000000000000e+00 9.817477042468103487e-01 5.100000000000000000e+01 8.800000000000000000e+02 -1.662983158511010737e-02 1.000000000000000000e+00
9.000000000000000000e+00 9.817477042468103487e-01 5.200000000000000000e+01 7.360000000000000000e+02 -1.662983158511013859e-02 1.000000000000000000e+00
9.000000000000000000e+00 9.817477042468103487e-01 5.300000000000000000e+01 8.480000000000000000e+02 -1.662983158511014206e-02 1.000000000000000000e+00
9.000000000000000000e+00 9.817477042468103487e-01 5.400000000000000000e+01 7.360000000000000000e+02 -1.662983158511013512e-02 1.000000000000000000e+00
9.000000000000000000e+00 9.817477042468103487e-01 5.500000000000000000e+01 7.520000000000000000e+02 -1.662983158511007614e-02 1.000000000000000000e+00
9.000000000000000000e+00 9.817477042468103487e-01 5.600000000000000000e+01 9.760000000000000000e+02 -1.662983158511011084e-02 1.000000000000000000e+00
9.000000000000000000e+00 9.817477042468103487e-01 5.700000000000000000e+01 1.024000000000000000e+03 -1.662983158511011084e-02 1.000000000000000000e+00
9.000000000000000000e+00 9.817477042468103487e-01 5.800000000000000000e+01 7.360000000000000000e+02 -1.662983158511010737e-02 1.000000000000000000e+00
9.000000000000000000e+00 9.817477042468103487e-01 5.900000000000000000e+01 8.800000000000000000e+02 -1.662983158511001716e-02 1.000000000000000000e+00
9.000000000000000000e+00 9.817477042468103487e-01 6.000000000000000000e+01 9.280000000000000000e+02 -1.662983158510999634e-02 1.000000000000000000e+00
9.000000000000000000e+00 9.817477042468103487e-01 6.100000000000000000e+01 9.920000000000000000e+02 -1.662983158511001716e-02 1.000000000000000000e+00
9.000000000000000000e+00 9.817477042468103487e-01 6.200000000000000000e+01 9.120000000000000000e+02 -1.662983158510998247e-02 1.000000000000000000e+00
9.000000000000000000e+00 9.817477042468103487e-01 6.300000000000000000e+01 8.960000000000000000e+02 -1.662983158511001022e-02 9.999999999999998890e-01
1.000000000000000000e+01 1.079922474671491273e+00 0.000000000000000000e+00 9.280000000000000000e+02 -1.496645302136065045e-02 1.000000000000000000e+00
1.000000000000000000e+01 1.079922474671491273e+00 1.000000000000000000e+00 9.280000000000000000e+02 -1.496645302136031738e-02 1.000000000000000000e+00
1.000000000000000000e+01 1.079922474671491273e+00 2.000000000000000000e+00 9.760000000000000000e+02 -1.496645302136021330e-02 1.000000000000000000e+00
1.000000000000000000e+01 1.079922474671491273e+00 3.000000000000000000e+00 9.440000000000000000e+02 -1.496645302136020983e-02 1.000000000000000000e+00
1.000000000000000000e+01 1.079922474671491273e+00 4.000000000000000000e+00 9.120000000000000000e+02 -1.496645302136023238e-02 1.000000000000000000e+00
1.000000000000000000e+01 1.079922474671491273e+00 5.000000000000000000e+00 6.560000000000000000e+02 -1.496645302136025320e-02 1.000000000000000000e+00
1.000000000000000000e+01 1.079922474671491273e+00 6.000000000000000000e+00 7.360000000000000000e+02 -1.496645302136020636e-02 1.000000000000000000e+00
1.000000000000000000e+01 1.079922474671491273e+00 7.000000000000000000e+00 9.120000000000000000e+02 -1.496645302136011615e-02 1.000000000000000000e+00
1.000000000000000000e+01 1.079922474671491273e+00 8.000000000000000000e+00 9.440000000000000000e+02 -1.496645302135985942e-02 1.000000000000000000e+00
1.000000000000000000e+01 1.079922474671491273e+00 9.000000000000000000e+00 9.120000000000000000e+02 -1.496645302135963043e-02 1.000000000000000000e+00
1.000000000000000000e+01 1.079922474671491273e+00 1.000000000000000000e+01 7.360000000000000000e+02 -1.496645302135910308e-02 1.000000000000000000e+00
1.000000000000000000e+01 1.079922474671491273e+00 1.100000000000000000e+01 6.880000000000000000e+02 -1.496645302135902154e-02 1.000000000000000000e+00
1.000000000000000000e+01 1.079922474671491273e+00 1.200000000000000000e+01 8.480000000000000000e+02 -1.496645302135880470e-02 1.000000000000000000e+00
1.000000000000000000e+01 1.079922474671491273e+00 1.300000000000000000e+01 9.440000000000000000e+02 -1.496645302135856358e-02 1.000000000000000000e+00
1.000000000000000000e+01 1.079922474671491273e+00 1.400000000000000000e+01 9.120000000000000000e+02 -1.496645302135847511e-02 1.000000000000000000e+00
1.000000000000000000e+01 1.079922474671491273e+00 1.500000000000000000e+01 9.280000000000000000e+02 -1.496645302135849419e-02 1.000000000000000000e+00
1.000000000000000000e+01 1.079922474671491273e+00 1.600000000000000000e+01 9.760000000000000000e+02 -1.496645302135840225e-02 1.000000000000000000e+00
1.000000000000000000e+01 1.079922474671491273e+00 1.700000000000000000e+01 9.600000000000000000e+02 -1.496645302135843174e-02 1.000000000000000000e+00
1.000000000000000000e+01 1.079922474671491273e+00 1.800000000000000000e+01 9.280000000000000000e+02 -1.496645302135826347e-02 1.000000000000000000e+00
1.000000000000000000e+01 1.079922474671491273e+00 1.900000000000000000e+01 8.160000000000000000e+02 -1.496645302135726774e-02 1.000000000000000000e+00
1.000000000000000000e+01 1.079922474671491273e+00 2.000000000000000000e+01 8.160000000000000000e+02 -1.496645302135715672e-02 1.000000000000000000e+00
1.000000000000000000e+01 1.079922474671491273e+00 2.100000000000000000e+01 9.600000000000000000e+02 -1.496645302135681151e-02 1.000000000000000000e+00
1.000000000000000000e+01 1.079922474671491273e+00 2.200000000000000000e+01 8.960000000000000000e+02 -1.496645302135679589e-02 1.000000000000000000e+00
1.000000000000000000e+01 1.079922474671491273e+00 2.300000000000000000e+01 9.920000000000000000e+02 -1.496645302135669008e-02 1.000000000000000000e+00
1.000000000000000000e+01 1.079922474671491273e+00 2.400000000000000000e+01 8.160000000000000000e+02 -1.496645302135663630e-02 1.000000000000000000e+00
1.000000000000000000e+01 1.079922474671491273e+00 2.500000000000000000e+01 9.120000000000000000e+02 -1.496645302135650099e-02 1.000000000000000000e+00
1.000000000000000000e+01 1.079922474671491273e+00 2.600000000000000000e+01 9.440000000000000000e+02 -1.496645302135630670e-02 1.000000000000000000e+00
1.000000000000000000e+01 1.079922474671491273e+00 2.700000000000000000e+01 9.120000000000000000e+02 -1.496645302135626854e-02 1.000000000000000000e+00
1.000000000000000000e+01 1.079922474671491273e+00 2.800000000000000000e+01 1.024000000000000000e+03 -1.496645302135632925e-02 1.000000000000000000e+00
1.000000000000000000e+01 1.079922474671491273e+00 2.900000000000000000e+01 1.024000000000000000e+03 -1.496645302135538383e-02 1.000000000000000000e+00
1.000000000000000000e+01 1.079922474671491273e+00 3.000000000000000000e+01 1.040000000000000000e+03 -1.496645302135528148e-02 1.000000000000000000e+00
1.000000000000000000e+01 1.079922474671491273e+00 3.100000000000000000e+01 9.600000000000000000e+02 -1.496645302135527801e-02 1.000000000000000000e+00
1.000000000000000000e+01 1.079922474671491273e+00 3.200000000000000000e+01 1.104000000000000000e+03 -1.496645302135500219e-02 1.000000000000000000e+00
1.000000000000000000e+01 1.079922474671491273e+00 3.300000000000000000e+01 1.072000000000000000e+03 -1.496645302135492760e-02 1.000000000000000000e+00
1.000000000000000000e+01 1.079922474671491273e+00 3.400000000000000000e+01 1.088000000000000000e+03 -1.496645302135487902e-02 1.000000000000000000e+00
1.000000000000000000e+01 1.079922474671491273e+00 3.500000000000000000e+01 9.600000000000000000e+02 -1.496645302135450779e-02 1.000000000000000222e+00
1.000000000000000000e+01 1.079922474671491273e+00 3.600000000000000000e+01 9.440000000000000000e+02 -1.496645302135450779e-02 1.000000000000000000e+00
1.000000000000000000e+01 1.079922474671491273e+00 3.700000000000000000e+01 9.280000000000000000e+02 -1.496645302135442973e-02 1.000000000000000000e+00
1.000000000000000000e+01 1.079922474671491273e+00 3.800000000000000000e+01 1.056000000000000000e+03 -1.496645302135446096e-02 1.000000000000000000e+00
1.000000000000000000e+01 1.079922474671491273e+00 3.900000000000000000e+01 9.280000000000000000e+02 -1.496645302135364564e-02 1.000000000000000000e+00
1.000000000000000000e+01 1.079922474671491273e+00 4.000000000000000000e+01 1.008000000000000000e+03 -1.496645302135343747e-02 1.000000000000000000e+00
1.000000000000000000e+01 1.079922474671491273e+00 4.100000000000000000e+01 1.120000000000000000e+03 -1.496645302135353114e-02 1.000000000000000000e+00
1.000000000000000000e+01 1.079922474671491273e+00 4.200000000000000000e+01 1.088000000000000000e+03 -1.496645302135321716e-02 1.000000000000000000e+00
1.000000000000000000e+01 1.079922474671491273e+00 4.300000000000000000e+01 8.960000000000000000e+02 -1.496645302135313216e-02 1.000000000000000000e+00
1.000000000000000000e+01 1.079922474671491273e+00 4.400000000000000000e+01 1.104000000000000000e+03 -1.496645302135301073e-02 1.000000000000000000e+00
1.000000000000000000e+01 1.079922474671491273e+00 4.500000000000000000e+01 1.104000000000000000e+03 -1.496645302135297430e-02 1.000000000000000000e+00
1.000000000000000000e+01 1.079922474671491273e+00 4.600000000000000000e+01 1.152000000000000000e+03 -1.496645302135292573e-02 1.000000000000000000e+00
1.000000000000000000e+01 1.079922474671491273e+00 4.700000000000000000e+01 9.440000000000000000e+02 -1.496645302135303675e-02 1.000000000000000000e+00
1.000000000000000000e+01 1.079922474671491273e+00 4.800000000000000000e+01 9.920000000000000000e+02 -1.496645302135304022e-02 1.000000000000000000e+00
1.000000000000000000e+01 1.079922474671491273e+00 4.900000000000000000e+01 9.440000000000000000e+02 -1.496645302135303675e-02 1.000000000000000000e+00
1.000000000000000000e+01 1.079922474671491273e+00 5.000000000000000000e+01 9.120000000000000000e+02 -1.496645302135289970e-02 1.000000000000000000e+00
1.000000000000000000e+01 1.079922474671491273e+00 5.100000000000000000e+01 9.920000000000000000e+02 -1.496645302135277480e-02 1.000000000000000000e+00
1.000000000000000000e+01 1.079922474671491273e+00 5.200000000000000000e+01 1.008000000000000000e+03 -1.496645302135275052e-02 1.000000000000000000e+00
1.000000000000000000e+01 1.079922474671491273e+00 5.300000000000000000e+01 9.920000000000000000e+02 -1.496645302135270021e-02 1.000000000000000000e+00
1.000000000000000000e+01 1.079922474671491273e+00 5.400000000000000000e+01 8.800000000000000000e+02 -1.496645302135222837e-02 1.000000000000000000e+00
1.000000000000000000e+01 1.079922474671491273e+00 5.500000000000000000e+01 6.720000000000000000e+02 -1.496645302135205143e-02 1.000000000000000000e+00
1.000000000000000000e+01 1.079922474671491273e+00 5.600000000000000000e+01 1.040000000000000000e+03 -1.496645302135178948e-02 1.000000000000000000e+00
1.000000000000000000e+01 1.079922474671491273e+00 5.700000000000000000e+01 9.760000000000000000e+02 -1.496645302135183458e-02 1.000000000000000000e+00
1.000000000000000000e+01 1.079922474671491273e+00 5.800000000000000000e+01 9.600000000000000000e+02 -1.496645302135147897e-02 1.000000000000000000e+00
1.000000000000000000e+01 1.079922474671491273e+00 5.900000000000000000e+01 9.760000000000000000e+02 -1.496645302135144948e-02 1.000000000000000000e+00
1.000000000000000000e+01 1.079922474671491273e+00 6.000000000000000000e+01 9.760000000000000000e+02 -1.496645302135133151e-02 1.000000000000000000e+00
1.000000000000000000e+01 1.079922474671491273e+00 6.100000000000000000e+01 1.008000000000000000e+03 -1.496645302135134886e-02 1.000000000000000000e+00
1.000000000000000000e+01 1.079922474671491273e+00 6.200000000000000000e+01 1.008000000000000000e+03 -1.496645302135112335e-02 1.000000000000000000e+00
1.000000000000000000e+01 1.079922474671491273e+00 6.300000000000000000e+01 1.008000000000000000e+03 -1.496645302135085447e-02 1.000000000000000000e+00
1.100000000000000000e+01 1.178097245096172418e+00 0.000000000000000000e+00 9.120000000000000000e+02 -1.272792206127530169e-02 1.000000000000000000e+00
1.100000000000000000e+01 1.178097245096172418e+00 1.000000000000000000e+00 9.600000000000000000e+02 -1.272792206127527220e-02 1.000000000000000000e+00
1.100000000000000000e+01 1.178097245096172418e+00 2.000000000000000000e+00 8.960000000000000000e+02 -1.272792206127526526e-02 1.000000000000000000e+00
1.100000000000000000e+01 1.178097245096172418e+00 3.000000000000000000e+00 1.024000000000000000e+03 -1.272792206127523924e-02 1.000000000000000000e+00
1.100000000000000000e+01 1.178097245096172418e+00 4.000000000000000000e+00 1.024000000000000000e+03 -1.272792206127519241e-02 1.000000000000000000e+00
1.100000000000000000e+01 1.178097245096172418e+00 5.000000000000000000e+00 9.920000000000000000e+02 -1.272792206127518026e-02 1.000000000000000000e+00
1.100000000000000000e+01 1.178097245096172418e+00 6.000000000000000000e+00 9.440000000000000000e+02 -1.272792206127514730e-02 9.999999999999998890e-01
1.100000000000000000e+01 1.178097245096172418e+00 7.000000000000000000e+00 1.056000000000000000e+03 -1.272792206127526353e-02 1.000000000000000000e+00
1.100000000000000000e+01 1.178097245096172418e+00 8.000000000000000000e+00 1.056000000000000000e+03 -1.272792206127534333e-02 1.000000000000000000e+00
1.100000000000000000e+01 1.178097245096172418e+00 9.000000000000000000e+00 1.024000000000000000e+03 -1.272792206127536761e-02 1.000000000000000000e+00
1.100000000000000000e+01 1.178097245096172418e+00 1.000000000000000000e+01 9.120000000000000000e+02 -1.272792206127540404e-02 1.000000000000000000e+00
1.100000000000000000e+01 1.178097245096172418e+00 1.100000000000000000e+01 1.040000000000000000e+03 -1.272792206127539884e-02 1.000000000000000000e+00
1.100000000000000000e+01 1.178097245096172418e+00 1.200000000000000000e+01 1.040000000000000000e+03 -1.272792206127537282e-02 1.000000000000000000e+00
1.100000000000000000e+01 1.178097245096172418e+00 1.300000000000000000e+01 9.760000000000000000e+02 -1.272792206127532945e-02 1.000000000000000000e+00
1.100000000000000000e+01 1.178097245096172418e+00 1.400000000000000000e+01 8.480000000000000000e+02 -1.272792206127526526e-02 1.000000000000000000e+00
1.100000000000000000e+01 1.178097245096172418e+00 1.500000000000000000e+01 1.072000000000000000e+03 -1.272792206127525833e-02 1.000000000000000000e+00
1.100000000000000000e+01 1.178097245096172418e+00 1.600000000000000000e+01 1.136000000000000000e+03 -1.272792206127514383e-02 1.000000000000000000e+00
1.100000000000000000e+01 1.178097245096172418e+00 1.700000000000000000e+01 1.056000000000000000e+03 -1.272792206127487842e-02 1.000000000000000000e+00
1.100000000000000000e+01 1.178097245096172418e+00 1.800000000000000000e+01 1.072000000000000000e+03 -1.272792206127514036e-02 1.000000000000000000e+00
1.100000000000000000e+01 1.178097245096172418e+00 1.900000000000000000e+01 1.024000000000000000e+03 -1.272792206127483679e-02 1.000000000000000000e+00
1.100000000000000000e+01 1.178097245096172418e+00 2.000000000000000000e+01 1.056000000000000000e+03 -1.272792206127484893e-02 1.000000000000000000e+00
1.100000000000000000e+01 1.178097245096172418e+00 2.100000000000000000e+01 1.088000000000000000e+03 -1.272792206127400239e-02 1.000000000000000000e+00
1.100000000000000000e+01 1.178097245096172418e+00 2.200000000000000000e+01 1.088000000000000000e+03 -1.272792206127399198e-02 1.000000000000000000e+00
1.100000000000000000e+01 1.178097245096172418e+00 2.300000000000000000e+01 1.024000000000000000e+03 -1.272792206127400759e-02 1.000000000000000000e+00
1.100000000000000000e+01 1.178097245096172418e+00 2.400000000000000000e+01 1.008000000000000000e+03 -1.272792206127400932e-02 1.000000000000000000e+00
1.100000000000000000e+01 1.178097245096172418e+00 2.500000000000000000e+01 9.280000000000000000e+02 -1.272792206127396596e-02 1.000000000000000000e+00
1.100000000000000000e+01 1.178097245096172418e+00 2.600000000000000000e+01 1.056000000000000000e+03 -1.272792206127430423e-02 1.000000000000000000e+00
1.100000000000000000e+01 1.178097245096172418e+00 2.700000000000000000e+01 9.760000000000000000e+02 -1.272792206127471536e-02 1.000000000000000000e+00
1.100000000000000000e+01 1.178097245096172418e+00 2.800000000000000000e+01 1.008000000000000000e+03 -1.272792206127481597e-02 9.999999999999998890e-01
1.100000000000000000e+01 1.178097245096172418e+00 2.900000000000000000e+01 1.024000000000000000e+03 -1.272792206127482464e-02 1.000000000000000000e+00
1.100000000000000000e+01 1.178097245096172418e+00 3.000000000000000000e+01 1.024000000000000000e+03 -1.272792206127485067e-02 1.000000000000000000e+00
1.100000000000000000e+01 1.178097245096172418e+00 3.100000000000000000e+01 1.088000000000000000e+03 -1.272792206127484720e-02 1.000000000000000000e+00
1.100000000000000000e+01 1.178097245096172418e+00 3.200000000000000000e+01 8.640000000000000000e+02 -1.272792206127477434e-02 1.000000000000000000e+00
1.100000000000000000e+01 1.178097245096172418e+00 3.300000000000000000e+01 1.024000000000000000e+03 -1.272792206127489924e-02 1.000000000000000000e+00
1.100000000000000000e+01 1.178097245096172418e+00 3.400000000000000000e+01 9.440000000000000000e+02 -1.272792206127512475e-02 1.000000000000000000e+00
1.100000000000000000e+01 1.178097245096172418e+00 3.500000000000000000e+01 1.024000000000000000e+03 -1.272792206127522710e-02 1.000000000000000000e+00
1.100000000000000000e+01 1.178097245096172418e+00 3.600000000000000000e+01 1.008000000000000000e+03 -1.272792206127526526e-02 1.000000000000000000e+00
1.100000000000000000e+01 1.178097245096172418e+00 3.700000000000000000e+01 9.760000000000000000e+02 -1.272792206127522883e-02 1.000000000000000000e+00
1.100000000000000000e+01 1.178097245096172418e+00 3.800000000000000000e+01 9.760000000000000000e+02 -1.272792206127523577e-02 1.000000000000000000e+00
1.100000000000000000e+01 1.178097245096172418e+00 3.900000000000000000e+01 9.600000000000000000e+02 -1.272792206127525312e-02 1.000000000000000000e+00
1.100000000000000000e+01 1.178097245096172418e+00 4.000000000000000000e+01 1.088000000000000000e+03 -1.272792206127522016e-02 1.000000000000000000e+00
1.100000000000000000e+01 1.178097245096172418e+00 4.100000000000000000e+01 1.056000000000000000e+03 -1.272792206127516465e-02 1.000000000000000000e+00
1.100000000000000000e+01 1.178097245096172418e+00 4.200000000000000000e+01 9.760000000000000000e+02 -1.272792206127512822e-02 1.000000000000000000e+00
1.100000000000000000e+01 1.178097245096172418e+00 4.300000000000000000e+01 9.760000000000000000e+02 -1.272792206127512128e-02 1.000000000000000000e+00
1.100000000000000000e+01 1.178097245096172418e+00 4.400000000000000000e+01 9.760000000000000000e+02 -1.272792206127489403e-02 1.000000000000000000e+00
1.100000000000000000e+01 1.178097245096172418e+00 4.500000000000000000e+01 1.008000000000000000e+03 -1.272792206127481250e-02 1.000000000000000000e+00
1.100000000000000000e+01 1.178097245096172418e+00 4.600000000000000000e+01 9.280000000000000000e+02 -1.272792206127469281e-02 1.000000000000000000e+00
1.100000000000000000e+01 1.178097245096172418e+00 4.700000000000000000e+01 9.920000000000000000e+02 -1.272792206127406310e-02 1.000000000000000000e+00
1.100000000000000000e+01 1.178097245096172418e+00 4.800000000000000000e+01 1.008000000000000000e+03 -1.272792206127404055e-02 1.000000000000000000e+00
1.100000000000000000e+01 1.178097245096172418e+00 4.900000000000000000e+01 1.024000000000000000e+03 -1.272792206127410300e-02 1.000000000000000000e+00
1.100000000000000000e+01 1.178097245096172418e+00 5.000000000000000000e+01 1.024000000000000000e+03 -1.272792206127461995e-02 1.000000000000000000e+00
1.100000000000000000e+01 1.178097245096172418e+00 5.100000000000000000e+01 1.008000000000000000e+03 -1.272792206127471883e-02 1.000000000000000000e+00
1.100000000000000000e+01 1.178097245096172418e+00 5.200000000000000000e+01 9.920000000000000000e+02 -1.272792206127471883e-02 1.000000000000000000e+00
1.100000000000000000e+01 1.178097245096172418e+00 5.300000000000000000e+01 1.120000000000000000e+03 -1.272792206127479342e-02 9.999999999999997780e-01
1.100000000000000000e+01 1.178097245096172418e+00 5.400000000000000000e+01 1.104000000000000000e+03 -1.272792206127476566e-02 1.000000000000000000e+00
1.100000000000000000e+01 1.178097245096172418e+00 5.500000000000000000e+01 1.136000000000000000e+03 -1.272792206127477954e-02 1.000000000000000000e+00
1.100000000000000000e+01 1.178097245096172418e+00 5.600000000000000000e+01 1.072000000000000000e+03 -1.272792206127503108e-02 1.000000000000000000e+00
1.100000000000000000e+01 1.178097245096172418e+00 5.700000000000000000e+01 1.040000000000000000e+03 -1.272792206127515077e-02 9.999999999999997780e-01
1.100000000000000000e+01 1.178097245096172418e+00 5.800000000000000000e+01 1.040000000000000000e+03 -1.272792206127515945e-02 1.000000000000000000e+00
1.100000000000000000e+01 1.178097245096172418e+00 5.900000000000000000e+01 1.088000000000000000e+03 -1.272792206127523230e-02 1.000000000000000000e+00
1.100000000000000000e+01 1.178097245096172418e+00 6.000000000000000000e+01 1.024000000000000000e+03 -1.272792206127525659e-02 1.000000000000000000e+00
1.100000000000000000e+01 1.178097245096172418e+00 6.100000000000000000e+01 1.072000000000000000e+03 -1.272792206127523404e-02 1.000000000000000000e+00
1.100000000000000000e+01 1.178097245096172418e+00 6.200000000000000000e+01 1.024000000000000000e+03 -1.272792206127526526e-02 1.000000000000000000e+00
1.100000000000000000e+01 1.178097245096172418e+00 6.300000000000000000e+01 1.152000000000000000e+03 -1.272792206127525833e-02 1.000000000000000000e+00
1.200000000000000000e+01 1.276272015520853564e+00 0.000000000000000000e+00 1.056000000000000000e+03 -1.000026419428769707e-02 9.999999999999997780e-01
1.200000000000000000e+01 1.276272015520853564e+00 1.000000000000000000e+00 1.072000000000000000e+03 -1.000026419428768493e-02 1.000000000000000000e+00
1.200000000000000000e+01 1.276272015520853564e+00 2.000000000000000000e+00 1.072000000000000000e+03 -1.000026419428757911e-02 1.000000000000000000e+00
1.200000000000000000e+01 1.276272015520853564e+00 3.000000000000000000e+00 1.056000000000000000e+03 -1.000026419428756697e-02 1.000000000000000000e+00
1.200000000000000000e+01 1.276272015520853564e+00 4.000000000000000000e+00 1.056000000000000000e+03 -1.000026419428755482e-02 1.000000000000000000e+00
1.200000000000000000e+01 1.276272015520853564e+00 5.000000000000000000e+00 1.088000000000000000e+03 -1.000026419428756176e-02 1.000000000000000000e+00
1.200000000000000000e+01 1.276272015520853564e+00 6.000000000000000000e+00 1.088000000000000000e+03 -1.000026419428756870e-02 1.000000000000000000e+00
1.200000000000000000e+01 1.276272015520853564e+00 7.000000000000000000e+00 1.008000000000000000e+03 -1.000026419428756350e-02 1.000000000000000000e+00
1.200000000000000000e+01 1.276272015520853564e+00 8.000000000000000000e+00 1.024000000000000000e+03 -1.000026419428756523e-02 1.000000000000000000e+00
1.200000000000000000e+01 1.276272015520853564e+00 9.000000000000000000e+00 8.960000000000000000e+02 -1.000026419428750799e-02 1.000000000000000000e+00
1.200000000000000000e+01 1.276272015520853564e+00 1.000000000000000000e+01 1.136000000000000000e+03 -1.000026419428755829e-02 1.000000000000000000e+00
1.200000000000000000e+01 1.276272015520853564e+00 1.100000000000000000e+01 1.072000000000000000e+03 -1.000026419428753227e-02 1.000000000000000000e+00
1.200000000000000000e+01 1.276272015520853564e+00 1.200000000000000000e+01 1.072000000000000000e+03 -1.000026419428751666e-02 1.000000000000000000e+00
1.200000000000000000e+01 1.276272015520853564e+00 1.300000000000000000e+01 1.024000000000000000e+03 -1.000026419428742819e-02 1.000000000000000000e+00
1.200000000000000000e+01 1.276272015520853564e+00 1.400000000000000000e+01 9.920000000000000000e+02 -1.000026419428738655e-02 1.000000000000000000e+00
1.200000000000000000e+01 1.276272015520853564e+00 1.500000000000000000e+01 1.072000000000000000e+03 -1.000026419428706216e-02 1.000000000000000000e+00
1.200000000000000000e+01 1.276272015520853564e+00 1.600000000000000000e+01 1.056000000000000000e+03 -1.000026419428693553e-02 9.999999999999997780e-01
1.200000000000000000e+01 1.276272015520853564e+00 1.700000000000000000e+01 9.120000000000000000e+02 -1.000026419428693726e-02 9.999999999999998890e-01
1.200000000000000000e+01 1.276272015520853564e+00 1.800000000000000000e+01 7.520000000000000000e+02 -1.000026419428678807e-02 9.999999999999998890e-01
1.200000000000000000e+01 1.276272015520853564e+00 1.900000000000000000e+01 1.056000000000000000e+03 -1.000026419428692338e-02 1.000000000000000000e+00
1.200000000000000000e+01 1.276272015520853564e+00 2.000000000000000000e+01 1.024000000000000000e+03 -1.000026419428690951e-02 9.999999999999998890e-01
1.200000000000000000e+01 1.276272015520853564e+00 2.100000000000000000e+01 1.056000000000000000e+03 -1.000026419428702226e-02 1.000000000000000000e+00
1.200000000000000000e+01 1.276272015520853564e+00 2.200000000000000000e+01 9.280000000000000000e+02 -1.000026419428694940e-02 9.999999999999998890e-01
1.200000000000000000e+01 1.276272015520853564e+00 2.300000000000000000e+01 1.056000000000000000e+03 -1.000026419428705869e-02 1.000000000000000000e+00
1.200000000000000000e+01 1.276272015520853564e+00 2.400000000000000000e+01 1.104000000000000000e+03 -1.000026419428708124e-02 1.000000000000000000e+00
1.200000000000000000e+01 1.276272015520853564e+00 2.500000000000000000e+01 1.072000000000000000e+03 -1.000026419428740043e-02 9.999999999999997780e-01
1.200000000000000000e+01 1.276272015520853564e+00 2.600000000000000000e+01 1.024000000000000000e+03 -1.000026419428743166e-02 1.000000000000000000e+00
1.200000000000000000e+01 1.276272015520853564e+00 2.700000000000000000e+01 1.024000000000000000e+03 -1.000026419428739523e-02 9.999999999999995559e-01
1.200000000000000000e+01 1.276272015520853564e+00 2.800000000000000000e+01 9.120000000000000000e+02 -1.000026419428745941e-02 9.999999999999995559e-01
1.200000000000000000e+01 1.276272015520853564e+00 2.900000000000000000e+01 1.040000000000000000e+03 -1.000026419428753401e-02 9.999999999999997780e-01
1.200000000000000000e+01 1.276272015520853564e+00 3.000000000000000000e+01 8.960000000000000000e+02 -1.000026419428756176e-02 9.999999999999998890e-01
1.200000000000000000e+01 1.276272015520853564e+00 3.100000000000000000e+01 9.760000000000000000e+02 -1.000026419428757737e-02 9.999999999999996669e-01
1.200000000000000000e+01 1.276272015520853564e+00 3.200000000000000000e+01 8.320000000000000000e+02 -1.000026419428772656e-02 9.999999999999998890e-01
1.200000000000000000e+01 1.276272015520853564e+00 3.300000000000000000e+01 9.280000000000000000e+02 -1.000026419428772136e-02 9.999999999999998890e-01
1.200000000000000000e+01 1.276272015520853564e+00 3.400000000000000000e+01 1.024000000000000000e+03 -1.000026419428767625e-02 9.999999999999998890e-01
1.200000000000000000e+01 1.276272015520853564e+00 3.500000000000000000e+01 9.920000000000000000e+02 -1.000026419428771095e-02 9.999999999999998890e-01
1.200000000000000000e+01 1.276272015520853564e+00 3.600000000000000000e+01 8.640000000000000000e+02 -1.000026419428820361e-02 9.999999999999998890e-01
1.200000000000000000e+01 1.276272015520853564e+00 3.700000000000000000e+01 6.720000000000000000e+02 -1.000026419428838576e-02 1.000000000000000000e+00
1.200000000000000000e+01 1.276272015520853564e+00 3.800000000000000000e+01 8.320000000000000000e+02 -1.000026419428837361e-02 1.000000000000000000e+00
1.200000000000000000e+01 1.276272015520853564e+00 3.900000000000000000e+01 1.040000000000000000e+03 -1.000026419428857831e-02 9.999999999999997780e-01
1.200000000000000000e+01 1.276272015520853564e+00 4.000000000000000000e+01 1.040000000000000000e+03 -1.000026419428866331e-02 9.999999999999997780e-01
1.200000000000000000e+01 1.276272015520853564e+00 4.100000000000000000e+01 1.104000000000000000e+03 -1.000026419428873270e-02 9.999999999999997780e-01
1.200000000000000000e+01 1.276272015520853564e+00 4.200000000000000000e+01 1.136000000000000000e+03 -1.000026419428879688e-02 1.000000000000000000e+00
1.200000000000000000e+01 1.276272015520853564e+00 4.300000000000000000e+01 1.136000000000000000e+03 -1.000026419428883505e-02 1.000000000000000000e+00
1.200000000000000000e+01 1.276272015520853564e+00 4.400000000000000000e+01 9.440000000000000000e+02 -1.000026419428863729e-02 9.999999999999998890e-01
1.200000000000000000e+01 1.276272015520853564e+00 4.500000000000000000e+01 9.600000000000000000e+02 -1.000026419428867025e-02 1.000000000000000000e+00
1.200000000000000000e+01 1.276272015520853564e+00 4.600000000000000000e+01 1.024000000000000000e+03 -1.000026419428871015e-02 1.000000000000000000e+00
1.200000000000000000e+01 1.276272015520853564e+00 4.700000000000000000e+01 1.104000000000000000e+03 -1.000026419428900679e-02 9.999999999999997780e-01
1.200000000000000000e+01 1.276272015520853564e+00 4.800000000000000000e+01 1.104000000000000000e+03 -1.000026419428918720e-02 9.999999999999995559e-01
1.200000000000000000e+01 1.276272015520853564e+00 4.900000000000000000e+01 1.072000000000000000e+03 -1.000026419428933812e-02 9.999999999999997780e-01
1.200000000000000000e+01 1.276272015520853564e+00 5.000000000000000000e+01 1.024000000000000000e+03 -1.000026419428934506e-02 9.999999999999998890e-01
1.200000000000000000e+01 1.276272015520853564e+00 5.100000000000000000e+01 9.440000000000000000e+02 -1.000026419428930342e-02 9.999999999999983347e-01
1.200000000000000000e+01 1.276272015520853564e+00 5.200000000000000000e+01 9.440000000000000000e+02 -1.000026419428940577e-02 9.999999999999985567e-01
1.200000000000000000e+01 1.276272015520853564e+00 5.300000000000000000e+01 1.088000000000000000e+03 -1.000026419428947343e-02 9.999999999999995559e-01
1.200000000000000000e+01 1.276272015520853564e+00 5.400000000000000000e+01 1.072000000000000000e+03 -1.000026419428946996e-02 9.999999999999987788e-01
1.200000000000000000e+01 1.276272015520853564e+00 5.500000000000000000e+01 9.440000000000000000e+02 -1.000026419428990537e-02 9.999999999999994449e-01
1.200000000000000000e+01 1.276272015520853564e+00 5.600000000000000000e+01 9.920000000000000000e+02 -1.000026419429001466e-02 9.999999999999998890e-01
1.200000000000000000e+01 1.276272015520853564e+00 5.700000000000000000e+01 7.840000000000000000e+02 -1.000026419429017772e-02 9.999999999999998890e-01
1.200000000000000000e+01 1.276272015520853564e+00 5.800000000000000000e+01 1.104000000000000000e+03 -1.000026419429018119e-02 1.000000000000000000e+00
1.200000000000000000e+01 1.276272015520853564e+00 5.900000000000000000e+01 1.120000000000000000e+03 -1.000026419428997823e-02 9.999999999999997780e-01
1.200000000000000000e+01 1.276272015520853564e+00 6.000000000000000000e+01 1.040000000000000000e+03 -1.000026419428999384e-02 9.999999999999997780e-01
1.200000000000000000e+01 1.276272015520853564e+00 6.100000000000000000e+01 9.280000000000000000e+02 -1.000026419429006323e-02 9.999999999999997780e-01
1.200000000000000000e+01 1.276272015520853564e+00 6.200000000000000000e+01 1.168000000000000000e+03 -1.000026419428991578e-02 9.999999999999997780e-01
1.200000000000000000e+01 1.276272015520853564e+00 6.300000000000000000e+01 1.120000000000000000e+03 -1.000026419428979262e-02 9.999999999999995559e-01
1.300000000000000000e+01 1.374446785945534488e+00 0.000000000000000000e+00 1.088000000000000000e+03 -6.888301782527847528e-03 9.999999999999945599e-01
1.300000000000000000e+01 1.374446785945534488e+00 1.000000000000000000e+00 1.152000000000000000e+03 -6.888301782528066103e-03 9.999999999999995559e-01
1.300000000000000000e+01 1.374446785945534488e+00 2.000000000000000000e+00 1.072000000000000000e+03 -6.888301782528282943e-03 1.000000000000000000e+00
1.300000000000000000e+01 1.374446785945534488e+00 3.000000000000000000e+00 1.056000000000000000e+03 -6.888301782528507590e-03 1.000000000000000000e+00
1.300000000000000000e+01 1.374446785945534488e+00 4.000000000000000000e+00 1.136000000000000000e+03 -6.888301782528438201e-03 1.000000000000000000e+00
1.300000000000000000e+01 1.374446785945534488e+00 5.000000000000000000e+00 1.120000000000000000e+03 -6.888301782528087787e-03 9.999999999999997780e-01
1.300000000000000000e+01 1.374446785945534488e+00 6.000000000000000000e+00 1.040000000000000000e+03 -6.888301782528086052e-03 9.999999999999995559e-01
1.300000000000000000e+01 1.374446785945534488e+00 7.000000000000000000e+00 1.040000000000000000e+03 -6.888301782528108604e-03 9.999999999999997780e-01
1.300000000000000000e+01 1.374446785945534488e+00 8.000000000000000000e+00 1.120000000000000000e+03 -6.888301782528079981e-03 1.000000000000000000e+00
1.300000000000000000e+01 1.374446785945534488e+00 9.000000000000000000e+00 1.120000000000000000e+03 -6.888301782527920386e-03 9.999999999999997780e-01
1.300000000000000000e+01 1.374446785945534488e+00 1.000000000000000000e+01 1.104000000000000000e+03 -6.888301782527916049e-03 9.999999999999997780e-01
1.300000000000000000e+01 1.374446785945534488e+00 1.100000000000000000e+01 1.120000000000000000e+03 -6.888301782527919519e-03 1.000000000000000000e+00
1.300000000000000000e+01 1.374446785945534488e+00 1.200000000000000000e+01 1.120000000000000000e+03 -6.888301782527875283e-03 1.000000000000000000e+00
1.300000000000000000e+01 1.374446785945534488e+00 1.300000000000000000e+01 1.120000000000000000e+03 -6.888301782527860538e-03 9.999999999999997780e-01
1.300000000000000000e+01 1.374446785945534488e+00 1.400000000000000000e+01 1.120000000000000000e+03 -6.888301782527859671e-03 9.999999999999997780e-01
1.300000000000000000e+01 1.374446785945534488e+00 1.500000000000000000e+01 1.104000000000000000e+03 -6.888301782527816303e-03 1.000000000000000000e+00
1.300000000000000000e+01 1.374446785945534488e+00 1.600000000000000000e+01 1.088000000000000000e+03 -6.888301782527801558e-03 1.000000000000000000e+00
1.300000000000000000e+01 1.374446785945534488e+00 1.700000000000000000e+01 1.120000000000000000e+03 -6.888301782527689668e-03 1.000000000000000000e+00
1.300000000000000000e+01 1.374446785945534488e+00 1.800000000000000000e+01 1.104000000000000000e+03 -6.888301782527433796e-03 1.000000000000000000e+00
1.300000000000000000e+01 1.374446785945534488e+00 1.900000000000000000e+01 1.056000000000000000e+03 -6.888301782527179659e-03 1.000000000000000000e+00
1.300000000000000000e+01 1.374446785945534488e+00 2.000000000000000000e+01 1.088000000000000000e+03 -6.888301782527113740e-03 1.000000000000000000e+00
1.300000000000000000e+01 1.374446785945534488e+00 2.100000000000000000e+01 1.024000000000000000e+03 -6.888301782527163179e-03 1.000000000000000000e+00
1.300000000000000000e+01 1.374446785945534488e+00 2.200000000000000000e+01 8.800000000000000000e+02 -6.888301782527037412e-03 1.000000000000000000e+00
1.300000000000000000e+01 1.374446785945534488e+00 2.300000000000000000e+01 1.136000000000000000e+03 -6.888301782527145832e-03 9.999999999999997780e-01
1.300000000000000000e+01 1.374446785945534488e+00 2.400000000000000000e+01 1.104000000000000000e+03 -6.888301782527028738e-03 1.000000000000000000e+00
1.300000000000000000e+01 1.374446785945534488e+00 2.500000000000000000e+01 1.056000000000000000e+03 -6.888301782527018330e-03 1.000000000000000000e+00
1.300000000000000000e+01 1.374446785945534488e+00 2.600000000000000000e+01 1.104000000000000000e+03 -6.888301782526981033e-03 9.999999999999997780e-01
1.300000000000000000e+01 1.374446785945534488e+00 2.700000000000000000e+01 1.136000000000000000e+03 -6.888301782526973227e-03 9.999999999999995559e-01
1.300000000000000000e+01 1.374446785945534488e+00 2.800000000000000000e+01 1.120000000000000000e+03 -6.888301782527025269e-03 1.000000000000000000e+00
1.300000000000000000e+01 1.374446785945534488e+00 2.900000000000000000e+01 1.104000000000000000e+03 -6.888301782526973227e-03 9.999999999999997780e-01
1.300000000000000000e+01 1.374446785945534488e+00 3.000000000000000000e+01 9.760000000000000000e+02 -6.888301782526981033e-03 1.000000000000000000e+00
1.300000000000000000e+01 1.374446785945534488e+00 3.100000000000000000e+01 1.072000000000000000e+03 -6.888301782526963686e-03 9.999999999999997780e-01
1.300000000000000000e+01 1.374446785945534488e+00 3.200000000000000000e+01 1.136000000000000000e+03 -6.888301782526961084e-03 9.999999999999997780e-01
1.300000000000000000e+01 1.374446785945534488e+00 3.300000000000000000e+01 1.072000000000000000e+03 -6.888301782526969758e-03 9.999999999999997780e-01
1.300000000000000000e+01 1.374446785945534488e+00 3.400000000000000000e+01 9.280000000000000000e+02 -6.888301782526924655e-03 9.999999999999998890e-01
1.300000000000000000e+01 1.374446785945534488e+00 3.500000000000000000e+01 1.024000000000000000e+03 -6.888301782526926390e-03 9.999999999999996669e-01
1.300000000000000000e+01 1.374446785945534488e+00 3.600000000000000000e+01 1.120000000000000000e+03 -6.888301782526802357e-03 9.999999999999995559e-01
1.300000000000000000e+01 1.374446785945534488e+00 3.700000000000000000e+01 1.168000000000000000e+03 -6.888301782526955012e-03 9.999999999999997780e-01
1.300000000000000000e+01 1.374446785945534488e+00 3.800000000000000000e+01 1.072000000000000000e+03 -6.888301782526949808e-03 1.000000000000000000e+00
1.300000000000000000e+01 1.374446785945534488e+00 3.900000000000000000e+01 1.104000000000000000e+03 -6.888301782526801489e-03 9.999999999999997780e-01
1.300000000000000000e+01 1.374446785945534488e+00 4.000000000000000000e+01 1.072000000000000000e+03 -6.888301782526769397e-03 1.000000000000000000e+00
1.300000000000000000e+01 1.374446785945534488e+00 4.100000000000000000e+01 1.120000000000000000e+03 -6.888301782526314899e-03 1.000000000000000000e+00
1.300000000000000000e+01 1.374446785945534488e+00 4.200000000000000000e+01 1.088000000000000000e+03 -6.888301782526320104e-03 9.999999999999997780e-01
1.300000000000000000e+01 1.374446785945534488e+00 4.300000000000000000e+01 1.072000000000000000e+03 -6.888301782526314899e-03 1.000000000000000000e+00
1.300000000000000000e+01 1.374446785945534488e+00 4.400000000000000000e+01 1.120000000000000000e+03 -6.888301782526281940e-03 9.999999999999997780e-01
1.300000000000000000e+01 1.374446785945534488e+00 4.500000000000000000e+01 1.136000000000000000e+03 -6.888301782526296685e-03 1.000000000000000000e+00
1.300000000000000000e+01 1.374446785945534488e+00 4.600000000000000000e+01 1.184000000000000000e+03 -6.888301782526293215e-03 1.000000000000000000e+00
1.300000000000000000e+01 1.374446785945534488e+00 4.700000000000000000e+01 1.168000000000000000e+03 -6.888301782526294950e-03 1.000000000000000000e+00
1.300000000000000000e+01 1.374446785945534488e+00 4.800000000000000000e+01 1.104000000000000000e+03 -6.888301782526256786e-03 9.999999999999997780e-01
1.300000000000000000e+01 1.374446785945534488e+00 4.900000000000000000e+01 1.088000000000000000e+03 -6.888301782526279338e-03 9.999999999999997780e-01
1.300000000000000000e+01 1.374446785945534488e+00 5.000000000000000000e+01 1.072000000000000000e+03 -6.888301782526594190e-03 9.999999999999997780e-01
1.300000000000000000e+01 1.374446785945534488e+00 5.100000000000000000e+01 1.120000000000000000e+03 -6.888301782526743376e-03 9.999999999999997780e-01
1.300000000000000000e+01 1.374446785945534488e+00 5.200000000000000000e+01 1.088000000000000000e+03 -6.888301782526354798e-03 9.999999999999997780e-01
1.300000000000000000e+01 1.374446785945534488e+00 5.300000000000000000e+01 1.072000000000000000e+03 -6.888301782526728631e-03 9.999999999999995559e-01
1.300000000000000000e+01 1.374446785945534488e+00 5.400000000000000000e+01 1.104000000000000000e+03 -6.888301782526757254e-03 1.000000000000000000e+00
1.300000000000000000e+01 1.374446785945534488e+00 5.500000000000000000e+01 1.104000000000000000e+03 -6.888301782526743376e-03 9.999999999999997780e-01
1.300000000000000000e+01 1.374446785945534488e+00 5.600000000000000000e+01 1.104000000000000000e+03 -6.888301782526771132e-03 9.999999999999997780e-01
1.300000000000000000e+01 1.374446785945534488e+00 5.700000000000000000e+01 1.104000000000000000e+03 -6.888301782526791081e-03 9.999999999999997780e-01
1.300000000000000000e+01 1.374446785945534488e+00 5.800000000000000000e+01 1.104000000000000000e+03 -6.888301782526786744e-03 9.999999999999997780e-01
1.300000000000000000e+01 1.374446785945534488e+00 5.900000000000000000e+01 1.088000000000000000e+03 -6.888301782526913379e-03 9.999999999999997780e-01
1.300000000000000000e+01 1.374446785945534488e+00 6.000000000000000000e+01 1.152000000000000000e+03 -6.888301782526914246e-03 9.999999999999997780e-01
1.300000000000000000e+01 1.374446785945534488e+00 6.100000000000000000e+01 1.104000000000000000e+03 -6.888301782526798020e-03 1.000000000000000000e+00
1.300000000000000000e+01 1.374446785945534488e+00 6.200000000000000000e+01 1.136000000000000000e+03 -6.888301782526800622e-03 1.000000000000000000e+00
1.300000000000000000e+01 1.374446785945534488e+00 6.300000000000000000e+01 1.104000000000000000e+03 -6.888301782526748580e-03 1.000000000000000000e+00
1.400000000000000000e+01 1.472621556370215412e+00 0.000000000000000000e+00 1.104000000000000000e+03 -3.511625796267346319e-03 9.999999999999995559e-01
1.400000000000000000e+01 1.472621556370215412e+00 1.000000000000000000e+00 1.088000000000000000e+03 -3.511625796267400530e-03 9.999999999999997780e-01
1.400000000000000000e+01 1.472621556370215412e+00 2.000000000000000000e+00 1.136000000000000000e+03 -3.511625796267374942e-03 9.999999999999997780e-01
1.400000000000000000e+01 1.472621556370215412e+00 3.000000000000000000e+00 1.040000000000000000e+03 -3.511625796267299482e-03 9.999999999999995559e-01
1.400000000000000000e+01 1.472621556370215412e+00 4.000000000000000000e+00 1.008000000000000000e+03 -3.511625796267273461e-03 9.999999999999987788e-01
1.400000000000000000e+01 1.472621556370215412e+00 5.000000000000000000e+00 1.024000000000000000e+03 -3.511625796267288640e-03 9.999999999999995559e-01
1.400000000000000000e+01 1.472621556370215412e+00 6.000000000000000000e+00 1.088000000000000000e+03 -3.511625796267312059e-03 1.000000000000000000e+00
1.400000000000000000e+01 1.472621556370215412e+00 7.000000000000000000e+00 1.072000000000000000e+03 -3.511625796267292977e-03 9.999999999999995559e-01
1.400000000000000000e+01 1.472621556370215412e+00 8.000000000000000000e+00 1.040000000000000000e+03 -3.511625796267381881e-03 1.000000000000000000e+00
1.400000000000000000e+01 1.472621556370215412e+00 9.000000000000000000e+00 1.056000000000000000e+03 -3.511625796267315962e-03 1.000000000000000000e+00
1.400000000000000000e+01 1.472621556370215412e+00 1.000000000000000000e+01 9.920000000000000000e+02 -3.511625796267298615e-03 9.999999999999995559e-01
1.400000000000000000e+01 1.472621556370215412e+00 1.100000000000000000e+01 1.024000000000000000e+03 -3.511625796267289074e-03 9.999999999999987788e-01
1.400000000000000000e+01 1.472621556370215412e+00 1.200000000000000000e+01 9.440000000000000000e+02 -3.511625796267292543e-03 9.999999999999995559e-01
1.400000000000000000e+01 1.472621556370215412e+00 1.300000000000000000e+01 7.200000000000000000e+02 -3.511625796267301217e-03 9.999999999999993339e-01
1.400000000000000000e+01 1.472621556370215412e+00 1.400000000000000000e+01 7.680000000000000000e+02 -3.511625796267325936e-03 1.000000000000000000e+00
1.400000000000000000e+01 1.472621556370215412e+00 1.500000000000000000e+01 9.120000000000000000e+02 -3.511625796267327237e-03 1.000000000000000000e+00
1.400000000000000000e+01 1.472621556370215412e+00 1.600000000000000000e+01 7.200000000000000000e+02 -3.511625796267327671e-03 9.999999999999998890e-01
1.400000000000000000e+01 1.472621556370215412e+00 1.700000000000000000e+01 8.800000000000000000e+02 -3.511625796267328539e-03 9.999999999999998890e-01
1.400000000000000000e+01 1.472621556370215412e+00 1.800000000000000000e+01 9.280000000000000000e+02 -3.511625796267395325e-03 1.000000000000000000e+00
1.400000000000000000e+01 1.472621556370215412e+00 1.900000000000000000e+01 9.280000000000000000e+02 -3.511625796267336778e-03 1.000000000000000000e+00
1.400000000000000000e+01 1.472621556370215412e+00 2.000000000000000000e+01 7.680000000000000000e+02 -3.511625796267374075e-03 9.999999999999998890e-01
1.400000000000000000e+01 1.472621556370215412e+00 2.100000000000000000e+01 9.920000000000000000e+02 -3.511625796267411805e-03 1.000000000000000000e+00
1.400000000000000000e+01 1.472621556370215412e+00 2.200000000000000000e+01 9.440000000000000000e+02 -3.511625796267417877e-03 9.999999999999998890e-01
1.400000000000000000e+01 1.472621556370215412e+00 2.300000000000000000e+01 8.960000000000000000e+02 -3.511625796267431755e-03 9.999999999999998890e-01
1.400000000000000000e+01 1.472621556370215412e+00 2.400000000000000000e+01 9.280000000000000000e+02 -3.511625796267403132e-03 9.999999999999998890e-01
1.400000000000000000e+01 1.472621556370215412e+00 2.500000000000000000e+01 9.760000000000000000e+02 -3.511625796267395759e-03 1.000000000000000000e+00
1.400000000000000000e+01 1.472621556370215412e+00 2.600000000000000000e+01 8.480000000000000000e+02 -3.511625796267436959e-03 1.000000000000000000e+00
1.400000000000000000e+01 1.472621556370215412e+00 2.700000000000000000e+01 7.360000000000000000e+02 -3.511625796267338947e-03 9.999999999999995559e-01
1.400000000000000000e+01 1.472621556370215412e+00 2.800000000000000000e+01 9.920000000000000000e+02 -3.511625796267301650e-03 9.999999999999992228e-01
1.400000000000000000e+01 1.472621556370215412e+00 2.900000000000000000e+01 9.920000000000000000e+02 -3.511625796267319431e-03 9.999999999999987788e-01
1.400000000000000000e+01 1.472621556370215412e+00 3.000000000000000000e+01 9.600000000000000000e+02 -3.511625796267302084e-03 9.999999999999984457e-01
1.400000000000000000e+01 1.472621556370215412e+00 3.100000000000000000e+01 9.760000000000000000e+02 -3.511625796267355860e-03 9.999999999999995559e-01
1.400000000000000000e+01 1.472621556370215412e+00 3.200000000000000000e+01 1.008000000000000000e+03 -3.511625796267317696e-03 9.999999999999998890e-01
1.400000000000000000e+01 1.472621556370215412e+00 3.300000000000000000e+01 1.024000000000000000e+03 -3.511625796267321600e-03 9.999999999999998890e-01
1.400000000000000000e+01 1.472621556370215412e+00 3.400000000000000000e+01 1.024000000000000000e+03 -3.511625796267379279e-03 1.000000000000000000e+00
1.400000000000000000e+01 1.472621556370215412e+00 3.500000000000000000e+01 9.120000000000000000e+02 -3.511625796267395325e-03 9.999999999999998890e-01
1.400000000000000000e+01 1.472621556370215412e+00 3.600000000000000000e+01 1.040000000000000000e+03 -3.511625796267397494e-03 1.000000000000000000e+00
1.400000000000000000e+01 1.472621556370215412e+00 3.700000000000000000e+01 1.040000000000000000e+03 -3.511625796267608263e-03 1.000000000000000000e+00
1.400000000000000000e+01 1.472621556370215412e+00 3.800000000000000000e+01 9.120000000000000000e+02 -3.511625796267626477e-03 1.000000000000000000e+00
1.400000000000000000e+01 1.472621556370215412e+00 3.900000000000000000e+01 1.072000000000000000e+03 -3.511625796267647294e-03 9.999999999999997780e-01
1.400000000000000000e+01 1.472621556370215412e+00 4.000000000000000000e+01 1.120000000000000000e+03 -3.511625796267629513e-03 9.999999999999995559e-01
1.400000000000000000e+01 1.472621556370215412e+00 4.100000000000000000e+01 1.008000000000000000e+03 -3.511625796267633416e-03 9.999999999999998890e-01
1.400000000000000000e+01 1.472621556370215412e+00 4.200000000000000000e+01 9.600000000000000000e+02 -3.511625796267635585e-03 1.000000000000000000e+00
1.400000000000000000e+01 1.472621556370215412e+00 4.300000000000000000e+01 1.040000000000000000e+03 -3.511625796267705841e-03 1.000000000000000000e+00
1.400000000000000000e+01 1.472621556370215412e+00 4.400000000000000000e+01 9.600000000000000000e+02 -3.511625796267708443e-03 1.000000000000000000e+00
1.400000000000000000e+01 1.472621556370215412e+00 4.500000000000000000e+01 1.008000000000000000e+03 -3.511625796267707142e-03 9.999999999999998890e-01
1.400000000000000000e+01 1.472621556370215412e+00 4.600000000000000000e+01 9.440000000000000000e+02 -3.511625796267711912e-03 9.999999999999998890e-01
1.400000000000000000e+01 1.472621556370215412e+00 4.700000000000000000e+01 1.056000000000000000e+03 -3.511625796267711912e-03 9.999999999999986677e-01
1.400000000000000000e+01 1.472621556370215412e+00 4.800000000000000000e+01 1.088000000000000000e+03 -3.511625796267736199e-03 9.999999999999995559e-01
1.400000000000000000e+01 1.472621556370215412e+00 4.900000000000000000e+01 1.008000000000000000e+03 -3.511625796267744005e-03 9.999999999999995559e-01
1.400000000000000000e+01 1.472621556370215412e+00 5.000000000000000000e+01 1.008000000000000000e+03 -3.511625796267770026e-03 9.999999999999998890e-01
1.400000000000000000e+01 1.472621556370215412e+00 5.100000000000000000e+01 1.024000000000000000e+03 -3.511625796267828573e-03 9.999999999999998890e-01
1.400000000000000000e+01 1.472621556370215412e+00 5.200000000000000000e+01 1.088000000000000000e+03 -3.511625796267842017e-03 9.999999999999997780e-01
1.400000000000000000e+01 1.472621556370215412e+00 5.300000000000000000e+01 1.104000000000000000e+03 -3.511625796267847655e-03 1.000000000000000000e+00
1.400000000000000000e+01 1.472621556370215412e+00 5.400000000000000000e+01 1.136000000000000000e+03 -3.511625796267834210e-03 9.999999999999997780e-01
1.400000000000000000e+01 1.472621556370215412e+00 5.500000000000000000e+01 1.088000000000000000e+03 -3.511625796267825537e-03 9.999999999999997780e-01
1.400000000000000000e+01 1.472621556370215412e+00 5.600000000000000000e+01 1.056000000000000000e+03 -3.511625796267832042e-03 9.999999999999997780e-01
1.400000000000000000e+01 1.472621556370215412e+00 5.700000000000000000e+01 1.072000000000000000e+03 -3.511625796267827272e-03 9.999999999999995559e-01
1.400000000000000000e+01 1.472621556370215412e+00 5.800000000000000000e+01 1.104000000000000000e+03 -3.511625796267828139e-03 1.000000000000000000e+00
1.400000000000000000e+01 1.472621556370215412e+00 5.900000000000000000e+01 1.120000000000000000e+03 -3.511625796267846353e-03 1.000000000000000000e+00
1.400000000000000000e+01 1.472621556370215412e+00 6.000000000000000000e+01 9.280000000000000000e+02 -3.511625796267856762e-03 1.000000000000000000e+00
1.400000000000000000e+01 1.472621556370215412e+00 6.100000000000000000e+01 9.280000000000000000e+02 -3.511625796267842450e-03 1.000000000000000000e+00
1.400000000000000000e+01 1.472621556370215412e+00 6.200000000000000000e+01 1.072000000000000000e+03 -3.511625796267830741e-03 1.000000000000000000e+00
1.400000000000000000e+01 1.472621556370215412e+00 6.300000000000000000e+01 1.088000000000000000e+03 -3.511625796267847655e-03 1.000000000000000000e+00
