seed 42 tested 207360
seed 12345 tested 414720
seed 1234 tested 622080
seed 1337 tested 829440
seed 2024 tested 1036800
seed 2025 tested 1244160
seed 2026 tested 1451520
seed 123456 tested 1658880
seed 1234567 tested 1866240
seed 12345678 tested 2073600
seed 123456789 tested 2280960
seed 314159 tested 2488320
seed 271828 tested 2695680
seed 8675309 tested 2903040
seed 12713741 tested 3110400
seed 3254717750 tested 3317760
seed 49663 tested 3525120
seed 202505997 tested 3732480
seed 24301 tested 3939840
seed 12648430 tested 4147200
seed 195936478 tested 4354560
seed 20250308 tested 4561920
seed 20250301 tested 4769280
seed 20240517 tested 4976640
seed 20250101 tested 5184000
seed 20250403 tested 5391360
seed 20250321 tested 5598720
seed 20250911 tested 5806080
seed 20251001 tested 6013440
seed 20260101 tested 6220800
seed 20260301 tested 6428160
seed 20260828 tested 6635520
seed 20260217 tested 6842880
seed 20250217 tested 7050240
seed 20250617 tested 7257600
seed 424242 tested 7464960
seed 31415926 tested 7672320
seed 27182818 tested 7879680
seed 0 tested 8087040
seed 1 tested 8294400
seed 2 tested 8501760
seed 3 tested 8709120
seed 4 tested 8916480
seed 5 tested 9123840
seed 7 tested 9331200
seed 11 tested 9538560
seed 17 tested 9745920
seed 19 tested 9953280
seed 36 tested 10160640
seed 64 tested 10368000
seed 72 tested 10575360
seed 99 tested 10782720
seed 100 tested 10990080
seed 101 tested 11197440
seed 123 tested 11404800
seed 999 tested 11612160
seed 1000 tested 11819520
seed 20250314 tested 12026880
seed 20250317 tested 12234240
seed 20250318 tested 12441600
seed 20250417 tested 12648960
seed 20260417 tested 12856320
seed 20260401 tested 13063680
seed 31415 tested 13271040
seed 27182 tested 13478400
seed 20190101 tested 13685760
seed 20190102 tested 13893120
seed 20190103 tested 14100480
seed 20190104 tested 14307840
seed 20190105 tested 14515200
seed 20190106 tested 14722560
seed 20190107 tested 14929920
seed 20190108 tested 15137280
seed 20190109 tested 15344640
seed 20190110 tested 15552000
seed 20190111 tested 15759360
seed 20190112 tested 15966720
seed 20190113 tested 16174080
seed 20190114 tested 16381440
seed 20190115 tested 16588800
seed 20190116 tested 16796160
seed 20190117 tested 17003520
seed 20190118 tested 17210880
seed 20190119 tested 17418240
seed 20190120 tested 17625600
seed 20190121 tested 17832960
seed 20190122 tested 18040320
seed 20190123 tested 18247680
seed 20190124 tested 18455040
seed 20190125 tested 18662400
seed 20190126 tested 18869760
seed 20190127 tested 19077120
seed 20190128 tested 19284480
seed 20190129 tested 19491840
seed 20190130 tested 19699200
seed 20190131 tested 19906560
seed 20190201 tested 20113920
seed 20190202 tested 20321280
seed 20190203 tested 20528640
seed 20190204 tested 20736000
seed 20190205 tested 20943360
seed 20190206 tested 21150720
seed 20190207 tested 21358080
seed 20190208 tested 21565440
seed 20190209 tested 21772800
seed 20190210 tested 21980160
seed 20190211 tested 22187520
seed 20190212 tested 22394880
seed 20190213 tested 22602240
seed 20190214 tested 22809600
seed 20190215 tested 23016960
seed 20190216 tested 23224320
seed 20190217 tested 23431680
seed 20190218 tested 23639040
seed 20190219 tested 23846400
seed 20190220 tested 24053760
seed 20190221 tested 24261120
seed 20190222 tested 24468480
seed 20190223 tested 24675840
seed 20190224 tested 24883200
seed 20190225 tested 25090560
seed 20190226 tested 25297920
seed 20190227 tested 25505280
seed 20190228 tested 25712640
seed 20190229 tested 25920000
seed 20190230 tested 26127360
seed 20190231 tested 26334720
seed 20190301 tested 26542080
seed 20190302 tested 26749440
seed 20190303 tested 26956800
seed 20190304 tested 27164160
seed 20190305 tested 27371520
seed 20190306 tested 27578880
seed 20190307 tested 27786240
seed 20190308 tested 27993600
seed 20190309 tested 28200960
seed 20190310 tested 28408320
seed 20190311 tested 28615680
seed 20190312 tested 28823040
seed 20190313 tested 29030400
seed 20190314 tested 29237760
seed 20190315 tested 29445120
seed 20190316 tested 29652480
seed 20190317 tested 29859840
seed 20190318 tested 30067200
seed 20190319 tested 30274560
seed 20190320 tested 30481920
seed 20190321 tested 30689280
seed 20190322 tested 30896640
seed 20190323 tested 31104000
seed 20190324 tested 31311360
seed 20190325 tested 31518720
seed 20190326 tested 31726080
seed 20190327 tested 31933440
seed 20190328 tested 32140800
seed 20190329 tested 32348160
seed 20190330 tested 32555520
seed 20190331 tested 32762880
seed 20190401 tested 32970240
seed 20190402 tested 33177600
seed 20190403 tested 33384960
seed 20190404 tested 33592320
seed 20190405 tested 33799680
seed 20190406 tested 34007040
seed 20190407 tested 34214400
seed 20190408 tested 34421760
seed 20190409 tested 34629120
seed 20190410 tested 34836480
seed 20190411 tested 35043840
seed 20190412 tested 35251200
seed 20190413 tested 35458560
seed 20190414 tested 35665920
seed 20190415 tested 35873280
seed 20190416 tested 36080640
seed 20190417 tested 36288000
seed 20190418 tested 36495360
seed 20190419 tested 36702720
seed 20190420 tested 36910080
seed 20190421 tested 37117440
seed 20190422 tested 37324800
seed 20190423 tested 37532160
seed 20190424 tested 37739520
seed 20190425 tested 37946880
seed 20190426 tested 38154240
seed 20190427 tested 38361600
seed 20190428 tested 38568960
seed 20190429 tested 38776320
seed 20190430 tested 38983680
seed 20190431 tested 39191040
seed 20190501 tested 39398400
seed 20190502 tested 39605760
seed 20190503 tested 39813120
seed 20190504 tested 40020480
seed 20190505 tested 40227840
seed 20190506 tested 40435200
seed 20190507 tested 40642560
seed 20190508 tested 40849920
seed 20190509 tested 41057280
seed 20190510 tested 41264640
seed 20190511 tested 41472000
seed 20190512 tested 41679360
seed 20190513 tested 41886720
seed 20190514 tested 42094080
seed 20190515 tested 42301440
seed 20190516 tested 42508800
seed 20190517 tested 42716160
seed 20190518 tested 42923520
seed 20190519 tested 43130880
seed 20190520 tested 43338240
seed 20190521 tested 43545600
seed 20190522 tested 43752960
seed 20190523 tested 43960320
seed 20190524 tested 44167680
seed 20190525 tested 44375040
seed 20190526 tested 44582400
seed 20190527 tested 44789760
seed 20190528 tested 44997120
seed 20190529 tested 45204480
seed 20190530 tested 45411840
seed 20190531 tested 45619200
seed 20190601 tested 45826560
seed 20190602 tested 46033920
seed 20190603 tested 46241280
seed 20190604 tested 46448640
seed 20190605 tested 46656000
seed 20190606 tested 46863360
seed 20190607 tested 47070720
seed 20190608 tested 47278080
seed 20190609 tested 47485440
seed 20190610 tested 47692800
seed 20190611 tested 47900160
seed 20190612 tested 48107520
seed 20190613 tested 48314880
seed 20190614 tested 48522240
seed 20190615 tested 48729600
seed 20190616 tested 48936960
seed 20190617 tested 49144320
seed 20190618 tested 49351680
seed 20190619 tested 49559040
seed 20190620 tested 49766400
seed 20190621 tested 49973760
seed 20190622 tested 50181120
seed 20190623 tested 50388480
seed 20190624 tested 50595840
seed 20190625 tested 50803200
seed 20190626 tested 51010560
seed 20190627 tested 51217920
seed 20190628 tested 51425280
seed 20190629 tested 51632640
seed 20190630 tested 51840000
seed 20190631 tested 52047360
seed 20190701 tested 52254720
seed 20190702 tested 52462080
seed 20190703 tested 52669440
seed 20190704 tested 52876800
seed 20190705 tested 53084160
seed 20190706 tested 53291520
seed 20190707 tested 53498880
seed 20190708 tested 53706240
seed 20190709 tested 53913600
seed 20190710 tested 54120960
seed 20190711 tested 54328320
seed 20190712 tested 54535680
seed 20190713 tested 54743040
seed 20190714 tested 54950400
seed 20190715 tested 55157760
seed 20190716 tested 55365120
seed 20190717 tested 55572480
seed 20190718 tested 55779840
seed 20190719 tested 55987200
seed 20190720 tested 56194560
seed 20190721 tested 56401920
seed 20190722 tested 56609280
seed 20190723 tested 56816640
seed 20190724 tested 57024000
seed 20190725 tested 57231360
seed 20190726 tested 57438720
seed 20190727 tested 57646080
seed 20190728 tested 57853440
seed 20190729 tested 58060800
seed 20190730 tested 58268160
seed 20190731 tested 58475520
seed 20190801 tested 58682880
seed 20190802 tested 58890240
seed 20190803 tested 59097600
seed 20190804 tested 59304960
seed 20190805 tested 59512320
seed 20190806 tested 59719680
seed 20190807 tested 59927040
seed 20190808 tested 60134400
seed 20190809 tested 60341760
seed 20190810 tested 60549120
seed 20190811 tested 60756480
seed 20190812 tested 60963840
seed 20190813 tested 61171200
seed 20190814 tested 61378560
seed 20190815 tested 61585920
seed 20190816 tested 61793280
seed 20190817 tested 62000640
seed 20190818 tested 62208000
seed 20190819 tested 62415360
seed 20190820 tested 62622720
seed 20190821 tested 62830080
seed 20190822 tested 63037440
seed 20190823 tested 63244800
seed 20190824 tested 63452160
seed 20190825 tested 63659520
seed 20190826 tested 63866880
seed 20190827 tested 64074240
seed 20190828 tested 64281600
seed 20190829 tested 64488960
seed 20190830 tested 64696320
seed 20190831 tested 64903680
seed 20190901 tested 65111040
seed 20190902 tested 65318400
seed 20190903 tested 65525760
seed 20190904 tested 65733120
seed 20190905 tested 65940480
seed 20190906 tested 66147840
seed 20190907 tested 66355200
seed 20190908 tested 66562560
seed 20190909 tested 66769920
seed 20190910 tested 66977280
seed 20190911 tested 67184640
seed 20190912 tested 67392000
seed 20190913 tested 67599360
seed 20190914 tested 67806720
seed 20190915 tested 68014080
seed 20190916 tested 68221440
seed 20190917 tested 68428800
seed 20190918 tested 68636160
seed 20190919 tested 68843520
seed 20190920 tested 69050880
seed 20190921 tested 69258240
seed 20190922 tested 69465600
seed 20190923 tested 69672960
seed 20190924 tested 69880320
seed 20190925 tested 70087680
seed 20190926 tested 70295040
seed 20190927 tested 70502400
seed 20190928 tested 70709760
seed 20190929 tested 70917120
seed 20190930 tested 71124480
seed 20190931 tested 71331840
seed 20191001 tested 71539200
seed 20191002 tested 71746560
seed 20191003 tested 71953920
seed 20191004 tested 72161280
seed 20191005 tested 72368640
seed 20191006 tested 72576000
seed 20191007 tested 72783360
seed 20191008 tested 72990720
seed 20191009 tested 73198080
seed 20191010 tested 73405440
seed 20191011 tested 73612800
seed 20191012 tested 73820160
seed 20191013 tested 74027520
seed 20191014 tested 74234880
seed 20191015 tested 74442240
seed 20191016 tested 74649600
seed 20191017 tested 74856960
seed 20191018 tested 75064320
seed 20191019 tested 75271680
seed 20191020 tested 75479040
seed 20191021 tested 75686400
seed 20191022 tested 75893760
seed 20191023 tested 76101120
seed 20191024 tested 76308480
seed 20191025 tested 76515840
seed 20191026 tested 76723200
seed 20191027 tested 76930560
seed 20191028 tested 77137920
seed 20191029 tested 77345280
seed 20191030 tested 77552640
seed 20191031 tested 77760000
seed 20191101 tested 77967360
seed 20191102 tested 78174720
seed 20191103 tested 78382080
seed 20191104 tested 78589440
seed 20191105 tested 78796800
seed 20191106 tested 79004160
seed 20191107 tested 79211520
seed 20191108 tested 79418880
seed 20191109 tested 79626240
seed 20191110 tested 79833600
seed 20191111 tested 80040960
seed 20191112 tested 80248320
seed 20191113 tested 80455680
seed 20191114 tested 80663040
seed 20191115 tested 80870400
seed 20191116 tested 81077760
seed 20191117 tested 81285120
seed 20191118 tested 81492480
seed 20191119 tested 81699840
seed 20191120 tested 81907200
seed 20191121 tested 82114560
seed 20191122 tested 82321920
seed 20191123 tested 82529280
seed 20191124 tested 82736640
seed 20191125 tested 82944000
seed 20191126 tested 83151360
seed 20191127 tested 83358720
seed 20191128 tested 83566080
seed 20191129 tested 83773440
seed 20191130 tested 83980800
seed 20191131 tested 84188160
seed 20191201 tested 84395520
seed 20191202 tested 84602880
seed 20191203 tested 84810240
seed 20191204 tested 85017600
seed 20191205 tested 85224960
seed 20191206 tested 85432320
seed 20191207 tested 85639680
seed 20191208 tested 85847040
seed 20191209 tested 86054400
seed 20191210 tested 86261760
seed 20191211 tested 86469120
seed 20191212 tested 86676480
seed 20191213 tested 86883840
seed 20191214 tested 87091200
seed 20191215 tested 87298560
seed 20191216 tested 87505920
seed 20191217 tested 87713280
seed 20191218 tested 87920640
seed 20191219 tested 88128000
seed 20191220 tested 88335360
seed 20191221 tested 88542720
seed 20191222 tested 88750080
seed 20191223 tested 88957440
seed 20191224 tested 89164800
seed 20191225 tested 89372160
seed 20191226 tested 89579520
seed 20191227 tested 89786880
seed 20191228 tested 89994240
seed 20191229 tested 90201600
seed 20191230 tested 90408960
seed 20191231 tested 90616320
seed 20200101 tested 90823680
seed 20200102 tested 91031040
seed 20200103 tested 91238400
seed 20200104 tested 91445760
seed 20200105 tested 91653120
seed 20200106 tested 91860480
seed 20200107 tested 92067840
seed 20200108 tested 92275200
seed 20200109 tested 92482560
seed 20200110 tested 92689920
seed 20200111 tested 92897280
seed 20200112 tested 93104640
seed 20200113 tested 93312000
seed 20200114 tested 93519360
seed 20200115 tested 93726720
seed 20200116 tested 93934080
seed 20200117 tested 94141440
seed 20200118 tested 94348800
seed 20200119 tested 94556160
seed 20200120 tested 94763520
seed 20200121 tested 94970880
seed 20200122 tested 95178240
seed 20200123 tested 95385600
seed 20200124 tested 95592960
seed 20200125 tested 95800320
seed 20200126 tested 96007680
seed 20200127 tested 96215040
seed 20200128 tested 96422400
seed 20200129 tested 96629760
seed 20200130 tested 96837120
seed 20200131 tested 97044480
seed 20200201 tested 97251840
seed 20200202 tested 97459200
seed 20200203 tested 97666560
seed 20200204 tested 97873920
seed 20200205 tested 98081280
seed 20200206 tested 98288640
seed 20200207 tested 98496000
seed 20200208 tested 98703360
seed 20200209 tested 98910720
seed 20200210 tested 99118080
seed 20200211 tested 99325440
seed 20200212 tested 99532800
seed 20200213 tested 99740160
seed 20200214 tested 99947520
seed 20200215 tested 100154880
seed 20200216 tested 100362240
seed 20200217 tested 100569600
seed 20200218 tested 100776960
seed 20200219 tested 100984320
seed 20200220 tested 101191680
seed 20200221 tested 101399040
seed 20200222 tested 101606400
seed 20200223 tested 101813760
seed 20200224 tested 102021120
seed 20200225 tested 102228480
seed 20200226 tested 102435840
seed 20200227 tested 102643200
seed 20200228 tested 102850560
seed 20200229 tested 103057920
seed 20200230 tested 103265280
seed 20200231 tested 103472640
seed 20200301 tested 103680000
seed 20200302 tested 103887360
seed 20200303 tested 104094720
seed 20200304 tested 104302080
seed 20200305 tested 104509440
seed 20200306 tested 104716800
seed 20200307 tested 104924160
seed 20200308 tested 105131520
seed 20200309 tested 105338880
seed 20200310 tested 105546240
seed 20200311 tested 105753600
seed 20200312 tested 105960960
seed 20200313 tested 106168320
seed 20200314 tested 106375680
seed 20200315 tested 106583040
seed 20200316 tested 106790400
seed 20200317 tested 106997760
seed 20200318 tested 107205120
seed 20200319 tested 107412480
seed 20200320 tested 107619840
seed 20200321 tested 107827200
seed 20200322 tested 108034560
seed 20200323 tested 108241920
seed 20200324 tested 108449280
seed 20200325 tested 108656640
seed 20200326 tested 108864000
seed 20200327 tested 109071360
seed 20200328 tested 109278720
seed 20200329 tested 109486080
seed 20200330 tested 109693440
seed 20200331 tested 109900800
seed 20200401 tested 110108160
seed 20200402 tested 110315520
seed 20200403 tested 110522880
seed 20200404 tested 110730240
seed 20200405 tested 110937600
seed 20200406 tested 111144960
seed 20200407 tested 111352320
seed 20200408 tested 111559680
seed 20200409 tested 111767040
seed 20200410 tested 111974400
seed 20200411 tested 112181760
seed 20200412 tested 112389120
seed 20200413 tested 112596480
seed 20200414 tested 112803840
seed 20200415 tested 113011200
seed 20200416 tested 113218560
seed 20200417 tested 113425920
seed 20200418 tested 113633280
seed 20200419 tested 113840640
seed 20200420 tested 114048000
seed 20200421 tested 114255360
seed 20200422 tested 114462720
seed 20200423 tested 114670080
seed 20200424 tested 114877440
seed 20200425 tested 115084800
seed 20200426 tested 115292160
seed 20200427 tested 115499520
seed 20200428 tested 115706880
seed 20200429 tested 115914240
seed 20200430 tested 116121600
seed 20200431 tested 116328960
seed 20200501 tested 116536320
seed 20200502 tested 116743680
seed 20200503 tested 116951040
seed 20200504 tested 117158400
seed 20200505 tested 117365760
seed 20200506 tested 117573120
seed 20200507 tested 117780480
seed 20200508 tested 117987840
seed 20200509 tested 118195200
seed 20200510 tested 118402560
seed 20200511 tested 118609920
seed 20200512 tested 118817280
seed 20200513 tested 119024640
seed 20200514 tested 119232000
seed 20200515 tested 119439360
seed 20200516 tested 119646720
seed 20200517 tested 119854080
seed 20200518 tested 120061440
seed 20200519 tested 120268800
seed 20200520 tested 120476160
seed 20200521 tested 120683520
seed 20200522 tested 120890880
seed 20200523 tested 121098240
seed 20200524 tested 121305600
seed 20200525 tested 121512960
seed 20200526 tested 121720320
seed 20200527 tested 121927680
seed 20200528 tested 122135040
seed 20200529 tested 122342400
seed 20200530 tested 122549760
seed 20200531 tested 122757120
seed 20200601 tested 122964480
seed 20200602 tested 123171840
seed 20200603 tested 123379200
seed 20200604 tested 123586560
seed 20200605 tested 123793920
seed 20200606 tested 124001280
seed 20200607 tested 124208640
seed 20200608 tested 124416000
seed 20200609 tested 124623360
seed 20200610 tested 124830720
seed 20200611 tested 125038080
seed 20200612 tested 125245440
seed 20200613 tested 125452800
seed 20200614 tested 125660160
seed 20200615 tested 125867520
seed 20200616 tested 126074880
seed 20200617 tested 126282240
seed 20200618 tested 126489600
seed 20200619 tested 126696960
seed 20200620 tested 126904320
seed 20200621 tested 127111680
seed 20200622 tested 127319040
seed 20200623 tested 127526400
seed 20200624 tested 127733760
seed 20200625 tested 127941120
seed 20200626 tested 128148480
seed 20200627 tested 128355840
seed 20200628 tested 128563200
seed 20200629 tested 128770560
seed 20200630 tested 128977920
seed 20200631 tested 129185280
seed 20200701 tested 129392640
seed 20200702 tested 129600000
seed 20200703 tested 129807360
seed 20200704 tested 130014720
seed 20200705 tested 130222080
seed 20200706 tested 130429440
seed 20200707 tested 130636800
seed 20200708 tested 130844160
seed 20200709 tested 131051520
seed 20200710 tested 131258880
seed 20200711 tested 131466240
seed 20200712 tested 131673600
seed 20200713 tested 131880960
seed 20200714 tested 132088320
seed 20200715 tested 132295680
seed 20200716 tested 132503040
seed 20200717 tested 132710400
seed 20200718 tested 132917760
seed 20200719 tested 133125120
seed 20200720 tested 133332480
seed 20200721 tested 133539840
seed 20200722 tested 133747200
seed 20200723 tested 133954560
seed 20200724 tested 134161920
seed 20200725 tested 134369280
seed 20200726 tested 134576640
seed 20200727 tested 134784000
seed 20200728 tested 134991360
seed 20200729 tested 135198720
seed 20200730 tested 135406080
seed 20200731 tested 135613440
seed 20200801 tested 135820800
seed 20200802 tested 136028160
seed 20200803 tested 136235520
seed 20200804 tested 136442880
seed 20200805 tested 136650240
seed 20200806 tested 136857600
seed 20200807 tested 137064960
seed 20200808 tested 137272320
seed 20200809 tested 137479680
seed 20200810 tested 137687040
seed 20200811 tested 137894400
seed 20200812 tested 138101760
seed 20200813 tested 138309120
seed 20200814 tested 138516480
seed 20200815 tested 138723840
seed 20200816 tested 138931200
seed 20200817 tested 139138560
seed 20200818 tested 139345920
seed 20200819 tested 139553280
seed 20200820 tested 139760640
seed 20200821 tested 139968000
seed 20200822 tested 140175360
seed 20200823 tested 140382720
seed 20200824 tested 140590080
seed 20200825 tested 140797440
seed 20200826 tested 141004800
seed 20200827 tested 141212160
seed 20200828 tested 141419520
seed 20200829 tested 141626880
seed 20200830 tested 141834240
seed 20200831 tested 142041600
seed 20200901 tested 142248960
seed 20200902 tested 142456320
seed 20200903 tested 142663680
seed 20200904 tested 142871040
seed 20200905 tested 143078400
seed 20200906 tested 143285760
seed 20200907 tested 143493120
seed 20200908 tested 143700480
seed 20200909 tested 143907840
seed 20200910 tested 144115200
seed 20200911 tested 144322560
seed 20200912 tested 144529920
seed 20200913 tested 144737280
seed 20200914 tested 144944640
seed 20200915 tested 145152000
seed 20200916 tested 145359360
seed 20200917 tested 145566720
seed 20200918 tested 145774080
seed 20200919 tested 145981440
seed 20200920 tested 146188800
seed 20200921 tested 146396160
seed 20200922 tested 146603520
seed 20200923 tested 146810880
seed 20200924 tested 147018240
seed 20200925 tested 147225600
seed 20200926 tested 147432960
seed 20200927 tested 147640320
seed 20200928 tested 147847680
seed 20200929 tested 148055040
seed 20200930 tested 148262400
seed 20200931 tested 148469760
seed 20201001 tested 148677120
seed 20201002 tested 148884480
seed 20201003 tested 149091840
seed 20201004 tested 149299200
seed 20201005 tested 149506560
seed 20201006 tested 149713920
seed 20201007 tested 149921280
seed 20201008 tested 150128640
seed 20201009 tested 150336000
seed 20201010 tested 150543360
seed 20201011 tested 150750720
seed 20201012 tested 150958080
seed 20201013 tested 151165440
seed 20201014 tested 151372800
seed 20201015 tested 151580160
seed 20201016 tested 151787520
seed 20201017 tested 151994880
seed 20201018 tested 152202240
seed 20201019 tested 152409600
seed 20201020 tested 152616960
seed 20201021 tested 152824320
seed 20201022 tested 153031680
seed 20201023 tested 153239040
seed 20201024 tested 153446400
seed 20201025 tested 153653760
seed 20201026 tested 153861120
seed 20201027 tested 154068480
seed 20201028 tested 154275840
seed 20201029 tested 154483200
seed 20201030 tested 154690560
seed 20201031 tested 154897920
seed 20201101 tested 155105280
seed 20201102 tested 155312640
seed 20201103 tested 155520000
seed 20201104 tested 155727360
seed 20201105 tested 155934720
seed 20201106 tested 156142080
seed 20201107 tested 156349440
seed 20201108 tested 156556800
seed 20201109 tested 156764160
seed 20201110 tested 156971520
seed 20201111 tested 157178880
seed 20201112 tested 157386240
seed 20201113 tested 157593600
seed 20201114 tested 157800960
seed 20201115 tested 158008320
seed 20201116 tested 158215680
seed 20201117 tested 158423040
seed 20201118 tested 158630400
seed 20201119 tested 158837760
seed 20201120 tested 159045120
seed 20201121 tested 159252480
seed 20201122 tested 159459840
seed 20201123 tested 159667200
seed 20201124 tested 159874560
seed 20201125 tested 160081920
seed 20201126 tested 160289280
seed 20201127 tested 160496640
seed 20201128 tested 160704000
seed 20201129 tested 160911360
seed 20201130 tested 161118720
seed 20201131 tested 161326080
seed 20201201 tested 161533440
seed 20201202 tested 161740800
seed 20201203 tested 161948160
seed 20201204 tested 162155520
seed 20201205 tested 162362880
seed 20201206 tested 162570240
seed 20201207 tested 162777600
seed 20201208 tested 162984960
seed 20201209 tested 163192320
seed 20201210 tested 163399680
seed 20201211 tested 163607040
seed 20201212 tested 163814400
seed 20201213 tested 164021760
seed 20201214 tested 164229120
seed 20201215 tested 164436480
seed 20201216 tested 164643840
seed 20201217 tested 164851200
seed 20201218 tested 165058560
seed 20201219 tested 165265920
seed 20201220 tested 165473280
seed 20201221 tested 165680640
seed 20201222 tested 165888000
seed 20201223 tested 166095360
seed 20201224 tested 166302720
seed 20201225 tested 166510080
seed 20201226 tested 166717440
seed 20201227 tested 166924800
seed 20201228 tested 167132160
seed 20201229 tested 167339520
seed 20201230 tested 167546880
seed 20201231 tested 167754240
seed 20210101 tested 167961600
seed 20210102 tested 168168960
seed 20210103 tested 168376320
seed 20210104 tested 168583680
seed 20210105 tested 168791040
seed 20210106 tested 168998400
seed 20210107 tested 169205760
seed 20210108 tested 169413120
seed 20210109 tested 169620480
seed 20210110 tested 169827840
seed 20210111 tested 170035200
seed 20210112 tested 170242560
seed 20210113 tested 170449920
seed 20210114 tested 170657280
seed 20210115 tested 170864640
seed 20210116 tested 171072000
seed 20210117 tested 171279360
seed 20210118 tested 171486720
seed 20210119 tested 171694080
seed 20210120 tested 171901440
seed 20210121 tested 172108800
seed 20210122 tested 172316160
seed 20210123 tested 172523520
seed 20210124 tested 172730880
seed 20210125 tested 172938240
seed 20210126 tested 173145600
seed 20210127 tested 173352960
seed 20210128 tested 173560320
seed 20210129 tested 173767680
seed 20210130 tested 173975040
seed 20210131 tested 174182400
seed 20210201 tested 174389760
seed 20210202 tested 174597120
seed 20210203 tested 174804480
seed 20210204 tested 175011840
seed 20210205 tested 175219200
seed 20210206 tested 175426560
seed 20210207 tested 175633920
seed 20210208 tested 175841280
seed 20210209 tested 176048640
seed 20210210 tested 176256000
seed 20210211 tested 176463360
seed 20210212 tested 176670720
seed 20210213 tested 176878080
seed 20210214 tested 177085440
seed 20210215 tested 177292800
seed 20210216 tested 177500160
seed 20210217 tested 177707520
seed 20210218 tested 177914880
seed 20210219 tested 178122240
seed 20210220 tested 178329600
seed 20210221 tested 178536960
seed 20210222 tested 178744320
seed 20210223 tested 178951680
seed 20210224 tested 179159040
seed 20210225 tested 179366400
seed 20210226 tested 179573760
seed 20210227 tested 179781120
seed 20210228 tested 179988480
seed 20210229 tested 180195840
seed 20210230 tested 180403200
seed 20210231 tested 180610560
seed 20210301 tested 180817920
seed 20210302 tested 181025280
seed 20210303 tested 181232640
seed 20210304 tested 181440000
seed 20210305 tested 181647360
seed 20210306 tested 181854720
seed 20210307 tested 182062080
seed 20210308 tested 182269440
seed 20210309 tested 182476800
seed 20210310 tested 182684160
seed 20210311 tested 182891520
seed 20210312 tested 183098880
seed 20210313 tested 183306240
seed 20210314 tested 183513600
seed 20210315 tested 183720960
seed 20210316 tested 183928320
seed 20210317 tested 184135680
seed 20210318 tested 184343040
seed 20210319 tested 184550400
seed 20210320 tested 184757760
seed 20210321 tested 184965120
seed 20210322 tested 185172480
seed 20210323 tested 185379840
seed 20210324 tested 185587200
seed 20210325 tested 185794560
seed 20210326 tested 186001920
seed 20210327 tested 186209280
seed 20210328 tested 186416640
seed 20210329 tested 186624000
seed 20210330 tested 186831360
seed 20210331 tested 187038720
seed 20210401 tested 187246080
seed 20210402 tested 187453440
seed 20210403 tested 187660800
seed 20210404 tested 187868160
seed 20210405 tested 188075520
seed 20210406 tested 188282880
seed 20210407 tested 188490240
seed 20210408 tested 188697600
seed 20210409 tested 188904960
seed 20210410 tested 189112320
seed 20210411 tested 189319680
seed 20210412 tested 189527040
seed 20210413 tested 189734400
seed 20210414 tested 189941760
seed 20210415 tested 190149120
seed 20210416 tested 190356480
seed 20210417 tested 190563840
seed 20210418 tested 190771200
seed 20210419 tested 190978560
seed 20210420 tested 191185920
seed 20210421 tested 191393280
seed 20210422 tested 191600640
seed 20210423 tested 191808000
seed 20210424 tested 192015360
seed 20210425 tested 192222720
seed 20210426 tested 192430080
seed 20210427 tested 192637440
seed 20210428 tested 192844800
seed 20210429 tested 193052160
seed 20210430 tested 193259520
seed 20210431 tested 193466880
seed 20210501 tested 193674240
seed 20210502 tested 193881600
seed 20210503 tested 194088960
seed 20210504 tested 194296320
seed 20210505 tested 194503680
seed 20210506 tested 194711040
seed 20210507 tested 194918400
seed 20210508 tested 195125760
seed 20210509 tested 195333120
seed 20210510 tested 195540480
seed 20210511 tested 195747840
seed 20210512 tested 195955200
seed 20210513 tested 196162560
seed 20210514 tested 196369920
seed 20210515 tested 196577280
seed 20210516 tested 196784640
seed 20210517 tested 196992000
seed 20210518 tested 197199360
seed 20210519 tested 197406720
seed 20210520 tested 197614080
seed 20210521 tested 197821440
seed 20210522 tested 198028800
seed 20210523 tested 198236160
seed 20210524 tested 198443520
seed 20210525 tested 198650880
seed 20210526 tested 198858240
seed 20210527 tested 199065600
seed 20210528 tested 199272960
seed 20210529 tested 199480320
seed 20210530 tested 199687680
seed 20210531 tested 199895040
seed 20210601 tested 200102400
seed 20210602 tested 200309760
seed 20210603 tested 200517120
seed 20210604 tested 200724480
seed 20210605 tested 200931840
seed 20210606 tested 201139200
seed 20210607 tested 201346560
seed 20210608 tested 201553920
seed 20210609 tested 201761280
seed 20210610 tested 201968640
seed 20210611 tested 202176000
seed 20210612 tested 202383360
seed 20210613 tested 202590720
seed 20210614 tested 202798080
seed 20210615 tested 203005440
seed 20210616 tested 203212800
seed 20210617 tested 203420160
seed 20210618 tested 203627520
seed 20210619 tested 203834880
seed 20210620 tested 204042240
seed 20210621 tested 204249600
seed 20210622 tested 204456960
seed 20210623 tested 204664320
seed 20210624 tested 204871680
seed 20210625 tested 205079040
seed 20210626 tested 205286400
seed 20210627 tested 205493760
seed 20210628 tested 205701120
seed 20210629 tested 205908480
seed 20210630 tested 206115840
seed 20210631 tested 206323200
seed 20210701 tested 206530560
seed 20210702 tested 206737920
seed 20210703 tested 206945280
seed 20210704 tested 207152640
seed 20210705 tested 207360000
seed 20210706 tested 207567360
seed 20210707 tested 207774720
seed 20210708 tested 207982080
seed 20210709 tested 208189440
seed 20210710 tested 208396800
seed 20210711 tested 208604160
seed 20210712 tested 208811520
seed 20210713 tested 209018880
seed 20210714 tested 209226240
seed 20210715 tested 209433600
seed 20210716 tested 209640960
seed 20210717 tested 209848320
seed 20210718 tested 210055680
seed 20210719 tested 210263040
seed 20210720 tested 210470400
seed 20210721 tested 210677760
seed 20210722 tested 210885120
seed 20210723 tested 211092480
seed 20210724 tested 211299840
seed 20210725 tested 211507200
seed 20210726 tested 211714560
seed 20210727 tested 211921920
seed 20210728 tested 212129280
seed 20210729 tested 212336640
seed 20210730 tested 212544000
seed 20210731 tested 212751360
seed 20210801 tested 212958720
seed 20210802 tested 213166080
seed 20210803 tested 213373440
seed 20210804 tested 213580800
seed 20210805 tested 213788160
seed 20210806 tested 213995520
seed 20210807 tested 214202880
seed 20210808 tested 214410240
seed 20210809 tested 214617600
seed 20210810 tested 214824960
seed 20210811 tested 215032320
seed 20210812 tested 215239680
seed 20210813 tested 215447040
seed 20210814 tested 215654400
seed 20210815 tested 215861760
seed 20210816 tested 216069120
seed 20210817 tested 216276480
seed 20210818 tested 216483840
seed 20210819 tested 216691200
seed 20210820 tested 216898560
seed 20210821 tested 217105920
seed 20210822 tested 217313280
seed 20210823 tested 217520640
seed 20210824 tested 217728000
seed 20210825 tested 217935360
seed 20210826 tested 218142720
seed 20210827 tested 218350080
seed 20210828 tested 218557440
seed 20210829 tested 218764800
seed 20210830 tested 218972160
seed 20210831 tested 219179520
seed 20210901 tested 219386880
seed 20210902 tested 219594240
seed 20210903 tested 219801600
seed 20210904 tested 220008960
seed 20210905 tested 220216320
seed 20210906 tested 220423680
seed 20210907 tested 220631040
seed 20210908 tested 220838400
seed 20210909 tested 221045760
seed 20210910 tested 221253120
seed 20210911 tested 221460480
seed 20210912 tested 221667840
seed 20210913 tested 221875200
seed 20210914 tested 222082560
seed 20210915 tested 222289920
seed 20210916 tested 222497280
seed 20210917 tested 222704640
seed 20210918 tested 222912000
seed 20210919 tested 223119360
seed 20210920 tested 223326720
seed 20210921 tested 223534080
seed 20210922 tested 223741440
seed 20210923 tested 223948800
seed 20210924 tested 224156160
seed 20210925 tested 224363520
seed 20210926 tested 224570880
seed 20210927 tested 224778240
seed 20210928 tested 224985600
seed 20210929 tested 225192960
seed 20210930 tested 225400320
seed 20210931 tested 225607680
seed 20211001 tested 225815040
seed 20211002 tested 226022400
seed 20211003 tested 226229760
seed 20211004 tested 226437120
seed 20211005 tested 226644480
seed 20211006 tested 226851840
seed 20211007 tested 227059200
seed 20211008 tested 227266560
seed 20211009 tested 227473920
seed 20211010 tested 227681280
seed 20211011 tested 227888640
seed 20211012 tested 228096000
seed 20211013 tested 228303360
seed 20211014 tested 228510720
seed 20211015 tested 228718080
seed 20211016 tested 228925440
seed 20211017 tested 229132800
seed 20211018 tested 229340160
seed 20211019 tested 229547520
seed 20211020 tested 229754880
seed 20211021 tested 229962240
seed 20211022 tested 230169600
seed 20211023 tested 230376960
seed 20211024 tested 230584320
seed 20211025 tested 230791680
seed 20211026 tested 230999040
seed 20211027 tested 231206400
seed 20211028 tested 231413760
seed 20211029 tested 231621120
seed 20211030 tested 231828480
seed 20211031 tested 232035840
seed 20211101 tested 232243200
seed 20211102 tested 232450560
seed 20211103 tested 232657920
seed 20211104 tested 232865280
seed 20211105 tested 233072640
seed 20211106 tested 233280000
seed 20211107 tested 233487360
seed 20211108 tested 233694720
seed 20211109 tested 233902080
seed 20211110 tested 234109440
seed 20211111 tested 234316800
seed 20211112 tested 234524160
seed 20211113 tested 234731520
seed 20211114 tested 234938880
seed 20211115 tested 235146240
seed 20211116 tested 235353600
seed 20211117 tested 235560960
seed 20211118 tested 235768320
seed 20211119 tested 235975680
seed 20211120 tested 236183040
seed 20211121 tested 236390400
seed 20211122 tested 236597760
seed 20211123 tested 236805120
seed 20211124 tested 237012480
seed 20211125 tested 237219840
seed 20211126 tested 237427200
seed 20211127 tested 237634560
seed 20211128 tested 237841920
seed 20211129 tested 238049280
seed 20211130 tested 238256640
seed 20211131 tested 238464000
seed 20211201 tested 238671360
seed 20211202 tested 238878720
seed 20211203 tested 239086080
seed 20211204 tested 239293440
seed 20211205 tested 239500800
seed 20211206 tested 239708160
seed 20211207 tested 239915520
seed 20211208 tested 240122880
seed 20211209 tested 240330240
seed 20211210 tested 240537600
seed 20211211 tested 240744960
seed 20211212 tested 240952320
seed 20211213 tested 241159680
seed 20211214 tested 241367040
seed 20211215 tested 241574400
seed 20211216 tested 241781760
seed 20211217 tested 241989120
seed 20211218 tested 242196480
seed 20211219 tested 242403840
seed 20211220 tested 242611200
seed 20211221 tested 242818560
seed 20211222 tested 243025920
seed 20211223 tested 243233280
seed 20211224 tested 243440640
seed 20211225 tested 243648000
seed 20211226 tested 243855360
seed 20211227 tested 244062720
seed 20211228 tested 244270080
seed 20211229 tested 244477440
seed 20211230 tested 244684800
seed 20211231 tested 244892160
seed 20220101 tested 245099520
seed 20220102 tested 245306880
seed 20220103 tested 245514240
seed 20220104 tested 245721600
seed 20220105 tested 245928960
seed 20220106 tested 246136320
seed 20220107 tested 246343680
seed 20220108 tested 246551040
seed 20220109 tested 246758400
seed 20220110 tested 246965760
seed 20220111 tested 247173120
seed 20220112 tested 247380480
seed 20220113 tested 247587840
seed 20220114 tested 247795200
seed 20220115 tested 248002560
seed 20220116 tested 248209920
seed 20220117 tested 248417280
seed 20220118 tested 248624640
seed 20220119 tested 248832000
seed 20220120 tested 249039360
seed 20220121 tested 249246720
seed 20220122 tested 249454080
seed 20220123 tested 249661440
seed 20220124 tested 249868800
seed 20220125 tested 250076160
seed 20220126 tested 250283520
seed 20220127 tested 250490880
seed 20220128 tested 250698240
seed 20220129 tested 250905600
seed 20220130 tested 251112960
seed 20220131 tested 251320320
seed 20220201 tested 251527680
seed 20220202 tested 251735040
seed 20220203 tested 251942400
seed 20220204 tested 252149760
seed 20220205 tested 252357120
seed 20220206 tested 252564480
seed 20220207 tested 252771840
seed 20220208 tested 252979200
seed 20220209 tested 253186560
seed 20220210 tested 253393920
seed 20220211 tested 253601280
seed 20220212 tested 253808640
seed 20220213 tested 254016000
seed 20220214 tested 254223360
seed 20220215 tested 254430720
seed 20220216 tested 254638080
seed 20220217 tested 254845440
seed 20220218 tested 255052800
seed 20220219 tested 255260160
seed 20220220 tested 255467520
seed 20220221 tested 255674880
seed 20220222 tested 255882240
seed 20220223 tested 256089600
seed 20220224 tested 256296960
seed 20220225 tested 256504320
seed 20220226 tested 256711680
seed 20220227 tested 256919040
seed 20220228 tested 257126400
seed 20220229 tested 257333760
seed 20220230 tested 257541120
seed 20220231 tested 257748480
seed 20220301 tested 257955840
seed 20220302 tested 258163200
seed 20220303 tested 258370560
seed 20220304 tested 258577920
seed 20220305 tested 258785280
seed 20220306 tested 258992640
seed 20220307 tested 259200000
seed 20220308 tested 259407360
seed 20220309 tested 259614720
seed 20220310 tested 259822080
seed 20220311 tested 260029440
seed 20220312 tested 260236800
seed 20220313 tested 260444160
seed 20220314 tested 260651520
seed 20220315 tested 260858880
seed 20220316 tested 261066240
seed 20220317 tested 261273600
seed 20220318 tested 261480960
seed 20220319 tested 261688320
seed 20220320 tested 261895680
seed 20220321 tested 262103040
seed 20220322 tested 262310400
seed 20220323 tested 262517760
seed 20220324 tested 262725120
seed 20220325 tested 262932480
seed 20220326 tested 263139840
seed 20220327 tested 263347200
seed 20220328 tested 263554560
seed 20220329 tested 263761920
seed 20220330 tested 263969280
seed 20220331 tested 264176640
seed 20220401 tested 264384000
seed 20220402 tested 264591360
seed 20220403 tested 264798720
seed 20220404 tested 265006080
seed 20220405 tested 265213440
seed 20220406 tested 265420800
seed 20220407 tested 265628160
seed 20220408 tested 265835520
seed 20220409 tested 266042880
seed 20220410 tested 266250240
seed 20220411 tested 266457600
seed 20220412 tested 266664960
seed 20220413 tested 266872320
seed 20220414 tested 267079680
seed 20220415 tested 267287040
seed 20220416 tested 267494400
seed 20220417 tested 267701760
seed 20220418 tested 267909120
seed 20220419 tested 268116480
seed 20220420 tested 268323840
seed 20220421 tested 268531200
seed 20220422 tested 268738560
seed 20220423 tested 268945920
seed 20220424 tested 269153280
seed 20220425 tested 269360640
seed 20220426 tested 269568000
seed 20220427 tested 269775360
seed 20220428 tested 269982720
seed 20220429 tested 270190080
seed 20220430 tested 270397440
seed 20220431 tested 270604800
seed 20220501 tested 270812160
seed 20220502 tested 271019520
seed 20220503 tested 271226880
seed 20220504 tested 271434240
seed 20220505 tested 271641600
seed 20220506 tested 271848960
seed 20220507 tested 272056320
seed 20220508 tested 272263680
seed 20220509 tested 272471040
seed 20220510 tested 272678400
seed 20220511 tested 272885760
seed 20220512 tested 273093120
seed 20220513 tested 273300480
seed 20220514 tested 273507840
seed 20220515 tested 273715200
seed 20220516 tested 273922560
seed 20220517 tested 274129920
seed 20220518 tested 274337280
seed 20220519 tested 274544640
seed 20220520 tested 274752000
seed 20220521 tested 274959360
seed 20220522 tested 275166720
seed 20220523 tested 275374080
seed 20220524 tested 275581440
seed 20220525 tested 275788800
seed 20220526 tested 275996160
seed 20220527 tested 276203520
seed 20220528 tested 276410880
seed 20220529 tested 276618240
seed 20220530 tested 276825600
seed 20220531 tested 277032960
seed 20220601 tested 277240320
seed 20220602 tested 277447680
seed 20220603 tested 277655040
seed 20220604 tested 277862400
seed 20220605 tested 278069760
seed 20220606 tested 278277120
seed 20220607 tested 278484480
seed 20220608 tested 278691840
seed 20220609 tested 278899200
seed 20220610 tested 279106560
seed 20220611 tested 279313920
seed 20220612 tested 279521280
seed 20220613 tested 279728640
seed 20220614 tested 279936000
seed 20220615 tested 280143360
seed 20220616 tested 280350720
seed 20220617 tested 280558080
seed 20220618 tested 280765440
seed 20220619 tested 280972800
seed 20220620 tested 281180160
seed 20220621 tested 281387520
seed 20220622 tested 281594880
seed 20220623 tested 281802240
seed 20220624 tested 282009600
seed 20220625 tested 282216960
seed 20220626 tested 282424320
seed 20220627 tested 282631680
seed 20220628 tested 282839040
seed 20220629 tested 283046400
seed 20220630 tested 283253760
seed 20220631 tested 283461120
seed 20220701 tested 283668480
seed 20220702 tested 283875840
seed 20220703 tested 284083200
seed 20220704 tested 284290560
seed 20220705 tested 284497920
seed 20220706 tested 284705280
seed 20220707 tested 284912640
seed 20220708 tested 285120000
seed 20220709 tested 285327360
seed 20220710 tested 285534720
seed 20220711 tested 285742080
seed 20220712 tested 285949440
seed 20220713 tested 286156800
seed 20220714 tested 286364160
seed 20220715 tested 286571520
seed 20220716 tested 286778880
seed 20220717 tested 286986240
seed 20220718 tested 287193600
seed 20220719 tested 287400960
seed 20220720 tested 287608320
seed 20220721 tested 287815680
seed 20220722 tested 288023040
seed 20220723 tested 288230400
seed 20220724 tested 288437760
seed 20220725 tested 288645120
seed 20220726 tested 288852480
seed 20220727 tested 289059840
seed 20220728 tested 289267200
seed 20220729 tested 289474560
seed 20220730 tested 289681920
seed 20220731 tested 289889280
seed 20220801 tested 290096640
seed 20220802 tested 290304000
seed 20220803 tested 290511360
seed 20220804 tested 290718720
seed 20220805 tested 290926080
seed 20220806 tested 291133440
seed 20220807 tested 291340800
seed 20220808 tested 291548160
seed 20220809 tested 291755520
seed 20220810 tested 291962880
seed 20220811 tested 292170240
seed 20220812 tested 292377600
seed 20220813 tested 292584960
seed 20220814 tested 292792320
seed 20220815 tested 292999680
seed 20220816 tested 293207040
seed 20220817 tested 293414400
seed 20220818 tested 293621760
seed 20220819 tested 293829120
seed 20220820 tested 294036480
seed 20220821 tested 294243840
seed 20220822 tested 294451200
seed 20220823 tested 294658560
seed 20220824 tested 294865920
seed 20220825 tested 295073280
seed 20220826 tested 295280640
seed 20220827 tested 295488000
seed 20220828 tested 295695360
seed 20220829 tested 295902720
seed 20220830 tested 296110080
seed 20220831 tested 296317440
seed 20220901 tested 296524800
seed 20220902 tested 296732160
seed 20220903 tested 296939520
seed 20220904 tested 297146880
seed 20220905 tested 297354240
seed 20220906 tested 297561600
seed 20220907 tested 297768960
seed 20220908 tested 297976320
seed 20220909 tested 298183680
seed 20220910 tested 298391040
seed 20220911 tested 298598400
seed 20220912 tested 298805760
seed 20220913 tested 299013120
seed 20220914 tested 299220480
seed 20220915 tested 299427840
seed 20220916 tested 299635200
seed 20220917 tested 299842560
seed 20220918 tested 300049920
seed 20220919 tested 300257280
seed 20220920 tested 300464640
seed 20220921 tested 300672000
seed 20220922 tested 300879360
seed 20220923 tested 301086720
seed 20220924 tested 301294080
seed 20220925 tested 301501440
seed 20220926 tested 301708800
seed 20220927 tested 301916160
seed 20220928 tested 302123520
seed 20220929 tested 302330880
seed 20220930 tested 302538240
seed 20220931 tested 302745600
seed 20221001 tested 302952960
seed 20221002 tested 303160320
seed 20221003 tested 303367680
seed 20221004 tested 303575040
seed 20221005 tested 303782400
seed 20221006 tested 303989760
seed 20221007 tested 304197120
seed 20221008 tested 304404480
seed 20221009 tested 304611840
seed 20221010 tested 304819200
seed 20221011 tested 305026560
seed 20221012 tested 305233920
seed 20221013 tested 305441280
seed 20221014 tested 305648640
seed 20221015 tested 305856000
seed 20221016 tested 306063360
seed 20221017 tested 306270720
seed 20221018 tested 306478080
seed 20221019 tested 306685440
seed 20221020 tested 306892800
seed 20221021 tested 307100160
seed 20221022 tested 307307520
seed 20221023 tested 307514880
seed 20221024 tested 307722240
seed 20221025 tested 307929600
seed 20221026 tested 308136960
seed 20221027 tested 308344320
seed 20221028 tested 308551680
seed 20221029 tested 308759040
seed 20221030 tested 308966400
seed 20221031 tested 309173760
seed 20221101 tested 309381120
seed 20221102 tested 309588480
seed 20221103 tested 309795840
seed 20221104 tested 310003200
seed 20221105 tested 310210560
seed 20221106 tested 310417920
seed 20221107 tested 310625280
seed 20221108 tested 310832640
seed 20221109 tested 311040000
seed 20221110 tested 311247360
seed 20221111 tested 311454720
seed 20221112 tested 311662080
seed 20221113 tested 311869440
seed 20221114 tested 312076800
seed 20221115 tested 312284160
seed 20221116 tested 312491520
seed 20221117 tested 312698880
seed 20221118 tested 312906240
seed 20221119 tested 313113600
seed 20221120 tested 313320960
seed 20221121 tested 313528320
seed 20221122 tested 313735680
seed 20221123 tested 313943040
seed 20221124 tested 314150400
seed 20221125 tested 314357760
seed 20221126 tested 314565120
seed 20221127 tested 314772480
seed 20221128 tested 314979840
seed 20221129 tested 315187200
seed 20221130 tested 315394560
seed 20221131 tested 315601920
seed 20221201 tested 315809280
seed 20221202 tested 316016640
seed 20221203 tested 316224000
seed 20221204 tested 316431360
seed 20221205 tested 316638720
seed 20221206 tested 316846080
seed 20221207 tested 317053440
seed 20221208 tested 317260800
seed 20221209 tested 317468160
seed 20221210 tested 317675520
seed 20221211 tested 317882880
seed 20221212 tested 318090240
seed 20221213 tested 318297600
seed 20221214 tested 318504960
seed 20221215 tested 318712320
seed 20221216 tested 318919680
seed 20221217 tested 319127040
seed 20221218 tested 319334400
seed 20221219 tested 319541760
seed 20221220 tested 319749120
seed 20221221 tested 319956480
seed 20221222 tested 320163840
seed 20221223 tested 320371200
seed 20221224 tested 320578560
seed 20221225 tested 320785920
seed 20221226 tested 320993280
seed 20221227 tested 321200640
seed 20221228 tested 321408000
seed 20221229 tested 321615360
seed 20221230 tested 321822720
seed 20221231 tested 322030080
seed 20230101 tested 322237440
seed 20230102 tested 322444800
seed 20230103 tested 322652160
seed 20230104 tested 322859520
seed 20230105 tested 323066880
seed 20230106 tested 323274240
seed 20230107 tested 323481600
seed 20230108 tested 323688960
seed 20230109 tested 323896320
seed 20230110 tested 324103680
seed 20230111 tested 324311040
seed 20230112 tested 324518400
seed 20230113 tested 324725760
seed 20230114 tested 324933120
seed 20230115 tested 325140480
seed 20230116 tested 325347840
seed 20230117 tested 325555200
seed 20230118 tested 325762560
seed 20230119 tested 325969920
seed 20230120 tested 326177280
seed 20230121 tested 326384640
seed 20230122 tested 326592000
seed 20230123 tested 326799360
seed 20230124 tested 327006720
seed 20230125 tested 327214080
seed 20230126 tested 327421440
seed 20230127 tested 327628800
seed 20230128 tested 327836160
seed 20230129 tested 328043520
seed 20230130 tested 328250880
seed 20230131 tested 328458240
seed 20230201 tested 328665600
seed 20230202 tested 328872960
seed 20230203 tested 329080320
seed 20230204 tested 329287680
seed 20230205 tested 329495040
seed 20230206 tested 329702400
seed 20230207 tested 329909760
seed 20230208 tested 330117120
seed 20230209 tested 330324480
seed 20230210 tested 330531840
seed 20230211 tested 330739200
seed 20230212 tested 330946560
seed 20230213 tested 331153920
seed 20230214 tested 331361280
seed 20230215 tested 331568640
seed 20230216 tested 331776000
seed 20230217 tested 331983360
seed 20230218 tested 332190720
seed 20230219 tested 332398080
seed 20230220 tested 332605440
seed 20230221 tested 332812800
seed 20230222 tested 333020160
seed 20230223 tested 333227520
seed 20230224 tested 333434880
seed 20230225 tested 333642240
seed 20230226 tested 333849600
seed 20230227 tested 334056960
seed 20230228 tested 334264320
seed 20230229 tested 334471680
seed 20230230 tested 334679040
seed 20230231 tested 334886400
seed 20230301 tested 335093760
seed 20230302 tested 335301120
seed 20230303 tested 335508480
seed 20230304 tested 335715840
seed 20230305 tested 335923200
seed 20230306 tested 336130560
seed 20230307 tested 336337920
seed 20230308 tested 336545280
seed 20230309 tested 336752640
seed 20230310 tested 336960000
seed 20230311 tested 337167360
seed 20230312 tested 337374720
seed 20230313 tested 337582080
seed 20230314 tested 337789440
seed 20230315 tested 337996800
seed 20230316 tested 338204160
seed 20230317 tested 338411520
seed 20230318 tested 338618880
seed 20230319 tested 338826240
seed 20230320 tested 339033600
seed 20230321 tested 339240960
seed 20230322 tested 339448320
seed 20230323 tested 339655680
seed 20230324 tested 339863040
seed 20230325 tested 340070400
seed 20230326 tested 340277760
seed 20230327 tested 340485120
seed 20230328 tested 340692480
seed 20230329 tested 340899840
seed 20230330 tested 341107200
seed 20230331 tested 341314560
seed 20230401 tested 341521920
seed 20230402 tested 341729280
seed 20230403 tested 341936640
seed 20230404 tested 342144000
seed 20230405 tested 342351360
seed 20230406 tested 342558720
seed 20230407 tested 342766080
seed 20230408 tested 342973440
seed 20230409 tested 343180800
seed 20230410 tested 343388160
seed 20230411 tested 343595520
seed 20230412 tested 343802880
seed 20230413 tested 344010240
seed 20230414 tested 344217600
seed 20230415 tested 344424960
seed 20230416 tested 344632320
seed 20230417 tested 344839680
seed 20230418 tested 345047040
seed 20230419 tested 345254400
seed 20230420 tested 345461760
seed 20230421 tested 345669120
seed 20230422 tested 345876480
seed 20230423 tested 346083840
seed 20230424 tested 346291200
seed 20230425 tested 346498560
seed 20230426 tested 346705920
seed 20230427 tested 346913280
seed 20230428 tested 347120640
seed 20230429 tested 347328000
seed 20230430 tested 347535360
seed 20230431 tested 347742720
seed 20230501 tested 347950080
seed 20230502 tested 348157440
seed 20230503 tested 348364800
seed 20230504 tested 348572160
seed 20230505 tested 348779520
seed 20230506 tested 348986880
seed 20230507 tested 349194240
seed 20230508 tested 349401600
seed 20230509 tested 349608960
seed 20230510 tested 349816320
seed 20230511 tested 350023680
seed 20230512 tested 350231040
seed 20230513 tested 350438400
seed 20230514 tested 350645760
seed 20230515 tested 350853120
seed 20230516 tested 351060480
seed 20230517 tested 351267840
seed 20230518 tested 351475200
seed 20230519 tested 351682560
seed 20230520 tested 351889920
seed 20230521 tested 352097280
seed 20230522 tested 352304640
seed 20230523 tested 352512000
seed 20230524 tested 352719360
seed 20230525 tested 352926720
seed 20230526 tested 353134080
seed 20230527 tested 353341440
seed 20230528 tested 353548800
seed 20230529 tested 353756160
seed 20230530 tested 353963520
seed 20230531 tested 354170880
seed 20230601 tested 354378240
seed 20230602 tested 354585600
seed 20230603 tested 354792960
seed 20230604 tested 355000320
seed 20230605 tested 355207680
seed 20230606 tested 355415040
seed 20230607 tested 355622400
seed 20230608 tested 355829760
seed 20230609 tested 356037120
seed 20230610 tested 356244480
seed 20230611 tested 356451840
seed 20230612 tested 356659200
seed 20230613 tested 356866560
seed 20230614 tested 357073920
seed 20230615 tested 357281280
seed 20230616 tested 357488640
seed 20230617 tested 357696000
seed 20230618 tested 357903360
seed 20230619 tested 358110720
seed 20230620 tested 358318080
seed 20230621 tested 358525440
seed 20230622 tested 358732800
seed 20230623 tested 358940160
seed 20230624 tested 359147520
seed 20230625 tested 359354880
seed 20230626 tested 359562240
seed 20230627 tested 359769600
seed 20230628 tested 359976960
seed 20230629 tested 360184320
seed 20230630 tested 360391680
seed 20230631 tested 360599040
seed 20230701 tested 360806400
seed 20230702 tested 361013760
seed 20230703 tested 361221120
seed 20230704 tested 361428480
seed 20230705 tested 361635840
seed 20230706 tested 361843200
seed 20230707 tested 362050560
seed 20230708 tested 362257920
seed 20230709 tested 362465280
seed 20230710 tested 362672640
seed 20230711 tested 362880000
seed 20230712 tested 363087360
seed 20230713 tested 363294720
seed 20230714 tested 363502080
seed 20230715 tested 363709440
seed 20230716 tested 363916800
seed 20230717 tested 364124160
seed 20230718 tested 364331520
seed 20230719 tested 364538880
seed 20230720 tested 364746240
seed 20230721 tested 364953600
seed 20230722 tested 365160960
seed 20230723 tested 365368320
seed 20230724 tested 365575680
seed 20230725 tested 365783040
seed 20230726 tested 365990400
seed 20230727 tested 366197760
seed 20230728 tested 366405120
seed 20230729 tested 366612480
seed 20230730 tested 366819840
seed 20230731 tested 367027200
seed 20230801 tested 367234560
seed 20230802 tested 367441920
seed 20230803 tested 367649280
seed 20230804 tested 367856640
seed 20230805 tested 368064000
seed 20230806 tested 368271360
seed 20230807 tested 368478720
seed 20230808 tested 368686080
seed 20230809 tested 368893440
seed 20230810 tested 369100800
seed 20230811 tested 369308160
seed 20230812 tested 369515520
seed 20230813 tested 369722880
seed 20230814 tested 369930240
seed 20230815 tested 370137600
seed 20230816 tested 370344960
seed 20230817 tested 370552320
seed 20230818 tested 370759680
seed 20230819 tested 370967040
seed 20230820 tested 371174400
seed 20230821 tested 371381760
seed 20230822 tested 371589120
seed 20230823 tested 371796480
seed 20230824 tested 372003840
seed 20230825 tested 372211200
seed 20230826 tested 372418560
seed 20230827 tested 372625920
seed 20230828 tested 372833280
seed 20230829 tested 373040640
seed 20230830 tested 373248000
seed 20230831 tested 373455360
seed 20230901 tested 373662720
seed 20230902 tested 373870080
seed 20230903 tested 374077440
seed 20230904 tested 374284800
seed 20230905 tested 374492160
seed 20230906 tested 374699520
seed 20230907 tested 374906880
seed 20230908 tested 375114240
seed 20230909 tested 375321600
seed 20230910 tested 375528960
seed 20230911 tested 375736320
seed 20230912 tested 375943680
seed 20230913 tested 376151040
seed 20230914 tested 376358400
seed 20230915 tested 376565760
seed 20230916 tested 376773120
seed 20230917 tested 376980480
seed 20230918 tested 377187840
seed 20230919 tested 377395200
seed 20230920 tested 377602560
seed 20230921 tested 377809920
seed 20230922 tested 378017280
seed 20230923 tested 378224640
seed 20230924 tested 378432000
seed 20230925 tested 378639360
seed 20230926 tested 378846720
seed 20230927 tested 379054080
seed 20230928 tested 379261440
seed 20230929 tested 379468800
seed 20230930 tested 379676160
seed 20230931 tested 379883520
seed 20231001 tested 380090880
seed 20231002 tested 380298240
seed 20231003 tested 380505600
seed 20231004 tested 380712960
seed 20231005 tested 380920320
seed 20231006 tested 381127680
seed 20231007 tested 381335040
seed 20231008 tested 381542400
seed 20231009 tested 381749760
seed 20231010 tested 381957120
seed 20231011 tested 382164480
seed 20231012 tested 382371840
seed 20231013 tested 382579200
seed 20231014 tested 382786560
seed 20231015 tested 382993920
seed 20231016 tested 383201280
seed 20231017 tested 383408640
seed 20231018 tested 383616000
seed 20231019 tested 383823360
seed 20231020 tested 384030720
seed 20231021 tested 384238080
seed 20231022 tested 384445440
seed 20231023 tested 384652800
seed 20231024 tested 384860160
seed 20231025 tested 385067520
seed 20231026 tested 385274880
seed 20231027 tested 385482240
seed 20231028 tested 385689600
seed 20231029 tested 385896960
seed 20231030 tested 386104320
seed 20231031 tested 386311680
seed 20231101 tested 386519040
seed 20231102 tested 386726400
seed 20231103 tested 386933760
seed 20231104 tested 387141120
seed 20231105 tested 387348480
seed 20231106 tested 387555840
seed 20231107 tested 387763200
seed 20231108 tested 387970560
seed 20231109 tested 388177920
seed 20231110 tested 388385280
seed 20231111 tested 388592640
seed 20231112 tested 388800000
seed 20231113 tested 389007360
seed 20231114 tested 389214720
seed 20231115 tested 389422080
seed 20231116 tested 389629440
seed 20231117 tested 389836800
seed 20231118 tested 390044160
seed 20231119 tested 390251520
seed 20231120 tested 390458880
seed 20231121 tested 390666240
seed 20231122 tested 390873600
seed 20231123 tested 391080960
seed 20231124 tested 391288320
seed 20231125 tested 391495680
seed 20231126 tested 391703040
seed 20231127 tested 391910400
seed 20231128 tested 392117760
seed 20231129 tested 392325120
seed 20231130 tested 392532480
seed 20231131 tested 392739840
seed 20231201 tested 392947200
seed 20231202 tested 393154560
seed 20231203 tested 393361920
seed 20231204 tested 393569280
seed 20231205 tested 393776640
seed 20231206 tested 393984000
seed 20231207 tested 394191360
seed 20231208 tested 394398720
seed 20231209 tested 394606080
seed 20231210 tested 394813440
seed 20231211 tested 395020800
seed 20231212 tested 395228160
seed 20231213 tested 395435520
seed 20231214 tested 395642880
seed 20231215 tested 395850240
seed 20231216 tested 396057600
seed 20231217 tested 396264960
seed 20231218 tested 396472320
seed 20231219 tested 396679680
seed 20231220 tested 396887040
seed 20231221 tested 397094400
seed 20231222 tested 397301760
seed 20231223 tested 397509120
seed 20231224 tested 397716480
seed 20231225 tested 397923840
seed 20231226 tested 398131200
seed 20231227 tested 398338560
seed 20231228 tested 398545920
seed 20231229 tested 398753280
seed 20231230 tested 398960640
seed 20231231 tested 399168000
seed 20240101 tested 399375360
seed 20240102 tested 399582720
seed 20240103 tested 399790080
seed 20240104 tested 399997440
seed 20240105 tested 400204800
seed 20240106 tested 400412160
seed 20240107 tested 400619520
seed 20240108 tested 400826880
seed 20240109 tested 401034240
seed 20240110 tested 401241600
seed 20240111 tested 401448960
seed 20240112 tested 401656320
seed 20240113 tested 401863680
seed 20240114 tested 402071040
seed 20240115 tested 402278400
seed 20240116 tested 402485760
seed 20240117 tested 402693120
seed 20240118 tested 402900480
seed 20240119 tested 403107840
seed 20240120 tested 403315200
seed 20240121 tested 403522560
seed 20240122 tested 403729920
seed 20240123 tested 403937280
seed 20240124 tested 404144640
seed 20240125 tested 404352000
seed 20240126 tested 404559360
seed 20240127 tested 404766720
seed 20240128 tested 404974080
seed 20240129 tested 405181440
seed 20240130 tested 405388800
seed 20240131 tested 405596160
seed 20240201 tested 405803520
seed 20240202 tested 406010880
seed 20240203 tested 406218240
seed 20240204 tested 406425600
seed 20240205 tested 406632960
seed 20240206 tested 406840320
seed 20240207 tested 407047680
seed 20240208 tested 407255040
seed 20240209 tested 407462400
seed 20240210 tested 407669760
seed 20240211 tested 407877120
seed 20240212 tested 408084480
seed 20240213 tested 408291840
seed 20240214 tested 408499200
seed 20240215 tested 408706560
seed 20240216 tested 408913920
seed 20240217 tested 409121280
seed 20240218 tested 409328640
seed 20240219 tested 409536000
seed 20240220 tested 409743360
seed 20240221 tested 409950720
seed 20240222 tested 410158080
seed 20240223 tested 410365440
seed 20240224 tested 410572800
seed 20240225 tested 410780160
seed 20240226 tested 410987520
seed 20240227 tested 411194880
seed 20240228 tested 411402240
seed 20240229 tested 411609600
seed 20240230 tested 411816960
seed 20240231 tested 412024320
seed 20240301 tested 412231680
seed 20240302 tested 412439040
seed 20240303 tested 412646400
seed 20240304 tested 412853760
seed 20240305 tested 413061120
seed 20240306 tested 413268480
seed 20240307 tested 413475840
seed 20240308 tested 413683200
seed 20240309 tested 413890560
seed 20240310 tested 414097920
seed 20240311 tested 414305280
seed 20240312 tested 414512640
seed 20240313 tested 414720000
seed 20240314 tested 414927360
seed 20240315 tested 415134720
seed 20240316 tested 415342080
seed 20240317 tested 415549440
seed 20240318 tested 415756800
seed 20240319 tested 415964160
seed 20240320 tested 416171520
seed 20240321 tested 416378880
seed 20240322 tested 416586240
seed 20240323 tested 416793600
seed 20240324 tested 417000960
seed 20240325 tested 417208320
seed 20240326 tested 417415680
seed 20240327 tested 417623040
seed 20240328 tested 417830400
seed 20240329 tested 418037760
seed 20240330 tested 418245120
seed 20240331 tested 418452480
seed 20240401 tested 418659840
seed 20240402 tested 418867200
seed 20240403 tested 419074560
seed 20240404 tested 419281920
seed 20240405 tested 419489280
seed 20240406 tested 419696640
seed 20240407 tested 419904000
seed 20240408 tested 420111360
seed 20240409 tested 420318720
seed 20240410 tested 420526080
seed 20240411 tested 420733440
seed 20240412 tested 420940800
seed 20240413 tested 421148160
seed 20240414 tested 421355520
seed 20240415 tested 421562880
seed 20240416 tested 421770240
seed 20240417 tested 421977600
seed 20240418 tested 422184960
seed 20240419 tested 422392320
seed 20240420 tested 422599680
seed 20240421 tested 422807040
seed 20240422 tested 423014400
seed 20240423 tested 423221760
seed 20240424 tested 423429120
seed 20240425 tested 423636480
seed 20240426 tested 423843840
seed 20240427 tested 424051200
seed 20240428 tested 424258560
seed 20240429 tested 424465920
seed 20240430 tested 424673280
seed 20240431 tested 424880640
seed 20240501 tested 425088000
seed 20240502 tested 425295360
seed 20240503 tested 425502720
seed 20240504 tested 425710080
seed 20240505 tested 425917440
seed 20240506 tested 426124800
seed 20240507 tested 426332160
seed 20240508 tested 426539520
seed 20240509 tested 426746880
seed 20240510 tested 426954240
seed 20240511 tested 427161600
seed 20240512 tested 427368960
seed 20240513 tested 427576320
seed 20240514 tested 427783680
seed 20240515 tested 427991040
seed 20240516 tested 428198400
seed 20240517 tested 428405760
seed 20240518 tested 428613120
seed 20240519 tested 428820480
seed 20240520 tested 429027840
seed 20240521 tested 429235200
seed 20240522 tested 429442560
seed 20240523 tested 429649920
seed 20240524 tested 429857280
seed 20240525 tested 430064640
seed 20240526 tested 430272000
seed 20240527 tested 430479360
seed 20240528 tested 430686720
seed 20240529 tested 430894080
seed 20240530 tested 431101440
seed 20240531 tested 431308800
seed 20240601 tested 431516160
seed 20240602 tested 431723520
seed 20240603 tested 431930880
seed 20240604 tested 432138240
seed 20240605 tested 432345600
seed 20240606 tested 432552960
seed 20240607 tested 432760320
seed 20240608 tested 432967680
seed 20240609 tested 433175040
seed 20240610 tested 433382400
seed 20240611 tested 433589760
seed 20240612 tested 433797120
seed 20240613 tested 434004480
seed 20240614 tested 434211840
seed 20240615 tested 434419200
seed 20240616 tested 434626560
seed 20240617 tested 434833920
seed 20240618 tested 435041280
seed 20240619 tested 435248640
seed 20240620 tested 435456000
seed 20240621 tested 435663360
seed 20240622 tested 435870720
seed 20240623 tested 436078080
seed 20240624 tested 436285440
seed 20240625 tested 436492800
seed 20240626 tested 436700160
seed 20240627 tested 436907520
seed 20240628 tested 437114880
seed 20240629 tested 437322240
seed 20240630 tested 437529600
seed 20240631 tested 437736960
seed 20240701 tested 437944320
seed 20240702 tested 438151680
seed 20240703 tested 438359040
seed 20240704 tested 438566400
seed 20240705 tested 438773760
seed 20240706 tested 438981120
seed 20240707 tested 439188480
seed 20240708 tested 439395840
seed 20240709 tested 439603200
seed 20240710 tested 439810560
seed 20240711 tested 440017920
seed 20240712 tested 440225280
seed 20240713 tested 440432640
seed 20240714 tested 440640000
seed 20240715 tested 440847360
seed 20240716 tested 441054720
seed 20240717 tested 441262080
seed 20240718 tested 441469440
seed 20240719 tested 441676800
seed 20240720 tested 441884160
seed 20240721 tested 442091520
seed 20240722 tested 442298880
seed 20240723 tested 442506240
seed 20240724 tested 442713600
seed 20240725 tested 442920960
seed 20240726 tested 443128320
seed 20240727 tested 443335680
seed 20240728 tested 443543040
seed 20240729 tested 443750400
seed 20240730 tested 443957760
seed 20240731 tested 444165120
seed 20240801 tested 444372480
seed 20240802 tested 444579840
seed 20240803 tested 444787200
seed 20240804 tested 444994560
seed 20240805 tested 445201920
seed 20240806 tested 445409280
seed 20240807 tested 445616640
seed 20240808 tested 445824000
seed 20240809 tested 446031360
seed 20240810 tested 446238720
seed 20240811 tested 446446080
seed 20240812 tested 446653440
seed 20240813 tested 446860800
seed 20240814 tested 447068160
seed 20240815 tested 447275520
seed 20240816 tested 447482880
seed 20240817 tested 447690240
seed 20240818 tested 447897600
seed 20240819 tested 448104960
seed 20240820 tested 448312320
seed 20240821 tested 448519680
seed 20240822 tested 448727040
seed 20240823 tested 448934400
seed 20240824 tested 449141760
seed 20240825 tested 449349120
seed 20240826 tested 449556480
seed 20240827 tested 449763840
seed 20240828 tested 449971200
seed 20240829 tested 450178560
seed 20240830 tested 450385920
seed 20240831 tested 450593280
seed 20240901 tested 450800640
seed 20240902 tested 451008000
seed 20240903 tested 451215360
seed 20240904 tested 451422720
seed 20240905 tested 451630080
seed 20240906 tested 451837440
seed 20240907 tested 452044800
seed 20240908 tested 452252160
seed 20240909 tested 452459520
seed 20240910 tested 452666880
seed 20240911 tested 452874240
seed 20240912 tested 453081600
seed 20240913 tested 453288960
seed 20240914 tested 453496320
seed 20240915 tested 453703680
seed 20240916 tested 453911040
seed 20240917 tested 454118400
seed 20240918 tested 454325760
seed 20240919 tested 454533120
seed 20240920 tested 454740480
seed 20240921 tested 454947840
seed 20240922 tested 455155200
seed 20240923 tested 455362560
seed 20240924 tested 455569920
seed 20240925 tested 455777280
seed 20240926 tested 455984640
seed 20240927 tested 456192000
seed 20240928 tested 456399360
seed 20240929 tested 456606720
seed 20240930 tested 456814080
seed 20240931 tested 457021440
seed 20241001 tested 457228800
seed 20241002 tested 457436160
seed 20241003 tested 457643520
seed 20241004 tested 457850880
seed 20241005 tested 458058240
seed 20241006 tested 458265600
seed 20241007 tested 458472960
seed 20241008 tested 458680320
seed 20241009 tested 458887680
seed 20241010 tested 459095040
seed 20241011 tested 459302400
seed 20241012 tested 459509760
seed 20241013 tested 459717120
seed 20241014 tested 459924480
seed 20241015 tested 460131840
seed 20241016 tested 460339200
seed 20241017 tested 460546560
seed 20241018 tested 460753920
seed 20241019 tested 460961280
seed 20241020 tested 461168640
seed 20241021 tested 461376000
seed 20241022 tested 461583360
seed 20241023 tested 461790720
seed 20241024 tested 461998080
seed 20241025 tested 462205440
seed 20241026 tested 462412800
seed 20241027 tested 462620160
seed 20241028 tested 462827520
seed 20241029 tested 463034880
seed 20241030 tested 463242240
seed 20241031 tested 463449600
seed 20241101 tested 463656960
seed 20241102 tested 463864320
seed 20241103 tested 464071680
seed 20241104 tested 464279040
seed 20241105 tested 464486400
seed 20241106 tested 464693760
seed 20241107 tested 464901120
seed 20241108 tested 465108480
seed 20241109 tested 465315840
seed 20241110 tested 465523200
seed 20241111 tested 465730560
seed 20241112 tested 465937920
seed 20241113 tested 466145280
seed 20241114 tested 466352640
seed 20241115 tested 466560000
seed 20241116 tested 466767360
seed 20241117 tested 466974720
seed 20241118 tested 467182080
seed 20241119 tested 467389440
seed 20241120 tested 467596800
seed 20241121 tested 467804160
seed 20241122 tested 468011520
seed 20241123 tested 468218880
seed 20241124 tested 468426240
seed 20241125 tested 468633600
seed 20241126 tested 468840960
seed 20241127 tested 469048320
seed 20241128 tested 469255680
seed 20241129 tested 469463040
seed 20241130 tested 469670400
seed 20241131 tested 469877760
seed 20241201 tested 470085120
seed 20241202 tested 470292480
seed 20241203 tested 470499840
seed 20241204 tested 470707200
seed 20241205 tested 470914560
seed 20241206 tested 471121920
seed 20241207 tested 471329280
seed 20241208 tested 471536640
seed 20241209 tested 471744000
seed 20241210 tested 471951360
seed 20241211 tested 472158720
seed 20241212 tested 472366080
seed 20241213 tested 472573440
seed 20241214 tested 472780800
seed 20241215 tested 472988160
seed 20241216 tested 473195520
seed 20241217 tested 473402880
seed 20241218 tested 473610240
seed 20241219 tested 473817600
seed 20241220 tested 474024960
seed 20241221 tested 474232320
seed 20241222 tested 474439680
seed 20241223 tested 474647040
seed 20241224 tested 474854400
seed 20241225 tested 475061760
seed 20241226 tested 475269120
seed 20241227 tested 475476480
seed 20241228 tested 475683840
seed 20241229 tested 475891200
seed 20241230 tested 476098560
seed 20241231 tested 476305920
seed 20250101 tested 476513280
seed 20250102 tested 476720640
seed 20250103 tested 476928000
seed 20250104 tested 477135360
seed 20250105 tested 477342720
seed 20250106 tested 477550080
seed 20250107 tested 477757440
seed 20250108 tested 477964800
seed 20250109 tested 478172160
seed 20250110 tested 478379520
seed 20250111 tested 478586880
seed 20250112 tested 478794240
seed 20250113 tested 479001600
seed 20250114 tested 479208960
seed 20250115 tested 479416320
seed 20250116 tested 479623680
seed 20250117 tested 479831040
seed 20250118 tested 480038400
seed 20250119 tested 480245760
seed 20250120 tested 480453120
seed 20250121 tested 480660480
seed 20250122 tested 480867840
seed 20250123 tested 481075200
seed 20250124 tested 481282560
seed 20250125 tested 481489920
seed 20250126 tested 481697280
seed 20250127 tested 481904640
seed 20250128 tested 482112000
seed 20250129 tested 482319360
seed 20250130 tested 482526720
seed 20250131 tested 482734080
seed 20250201 tested 482941440
seed 20250202 tested 483148800
seed 20250203 tested 483356160
seed 20250204 tested 483563520
seed 20250205 tested 483770880
seed 20250206 tested 483978240
seed 20250207 tested 484185600
seed 20250208 tested 484392960
seed 20250209 tested 484600320
seed 20250210 tested 484807680
seed 20250211 tested 485015040
seed 20250212 tested 485222400
seed 20250213 tested 485429760
seed 20250214 tested 485637120
seed 20250215 tested 485844480
seed 20250216 tested 486051840
seed 20250217 tested 486259200
seed 20250218 tested 486466560
seed 20250219 tested 486673920
seed 20250220 tested 486881280
seed 20250221 tested 487088640
seed 20250222 tested 487296000
seed 20250223 tested 487503360
seed 20250224 tested 487710720
seed 20250225 tested 487918080
seed 20250226 tested 488125440
seed 20250227 tested 488332800
seed 20250228 tested 488540160
seed 20250229 tested 488747520
seed 20250230 tested 488954880
seed 20250231 tested 489162240
seed 20250301 tested 489369600
seed 20250302 tested 489576960
seed 20250303 tested 489784320
seed 20250304 tested 489991680
seed 20250305 tested 490199040
seed 20250306 tested 490406400
seed 20250307 tested 490613760
seed 20250308 tested 490821120
seed 20250309 tested 491028480
seed 20250310 tested 491235840
seed 20250311 tested 491443200
seed 20250312 tested 491650560
seed 20250313 tested 491857920
seed 20250314 tested 492065280
seed 20250315 tested 492272640
seed 20250316 tested 492480000
seed 20250317 tested 492687360
seed 20250318 tested 492894720
seed 20250319 tested 493102080
seed 20250320 tested 493309440
seed 20250321 tested 493516800
seed 20250322 tested 493724160
seed 20250323 tested 493931520
seed 20250324 tested 494138880
seed 20250325 tested 494346240
seed 20250326 tested 494553600
seed 20250327 tested 494760960
seed 20250328 tested 494968320
seed 20250329 tested 495175680
seed 20250330 tested 495383040
seed 20250331 tested 495590400
seed 20250401 tested 495797760
seed 20250402 tested 496005120
seed 20250403 tested 496212480
seed 20250404 tested 496419840
seed 20250405 tested 496627200
seed 20250406 tested 496834560
seed 20250407 tested 497041920
seed 20250408 tested 497249280
seed 20250409 tested 497456640
seed 20250410 tested 497664000
seed 20250411 tested 497871360
seed 20250412 tested 498078720
seed 20250413 tested 498286080
seed 20250414 tested 498493440
seed 20250415 tested 498700800
seed 20250416 tested 498908160
seed 20250417 tested 499115520
seed 20250418 tested 499322880
seed 20250419 tested 499530240
seed 20250420 tested 499737600
seed 20250421 tested 499944960
seed 20250422 tested 500152320
seed 20250423 tested 500359680
seed 20250424 tested 500567040
seed 20250425 tested 500774400
seed 20250426 tested 500981760
seed 20250427 tested 501189120
seed 20250428 tested 501396480
seed 20250429 tested 501603840
seed 20250430 tested 501811200
seed 20250431 tested 502018560
seed 20250501 tested 502225920
seed 20250502 tested 502433280
seed 20250503 tested 502640640
seed 20250504 tested 502848000
seed 20250505 tested 503055360
seed 20250506 tested 503262720
seed 20250507 tested 503470080
seed 20250508 tested 503677440
seed 20250509 tested 503884800
seed 20250510 tested 504092160
seed 20250511 tested 504299520
seed 20250512 tested 504506880
seed 20250513 tested 504714240
seed 20250514 tested 504921600
seed 20250515 tested 505128960
seed 20250516 tested 505336320
seed 20250517 tested 505543680
seed 20250518 tested 505751040
seed 20250519 tested 505958400
seed 20250520 tested 506165760
seed 20250521 tested 506373120
seed 20250522 tested 506580480
seed 20250523 tested 506787840
seed 20250524 tested 506995200
seed 20250525 tested 507202560
seed 20250526 tested 507409920
seed 20250527 tested 507617280
seed 20250528 tested 507824640
seed 20250529 tested 508032000
seed 20250530 tested 508239360
seed 20250531 tested 508446720
seed 20250601 tested 508654080
seed 20250602 tested 508861440
seed 20250603 tested 509068800
seed 20250604 tested 509276160
seed 20250605 tested 509483520
seed 20250606 tested 509690880
seed 20250607 tested 509898240
seed 20250608 tested 510105600
seed 20250609 tested 510312960
seed 20250610 tested 510520320
seed 20250611 tested 510727680
seed 20250612 tested 510935040
seed 20250613 tested 511142400
seed 20250614 tested 511349760
seed 20250615 tested 511557120
seed 20250616 tested 511764480
seed 20250617 tested 511971840
seed 20250618 tested 512179200
seed 20250619 tested 512386560
seed 20250620 tested 512593920
seed 20250621 tested 512801280
seed 20250622 tested 513008640
seed 20250623 tested 513216000
seed 20250624 tested 513423360
seed 20250625 tested 513630720
seed 20250626 tested 513838080
seed 20250627 tested 514045440
seed 20250628 tested 514252800
seed 20250629 tested 514460160
seed 20250630 tested 514667520
seed 20250631 tested 514874880
seed 20250701 tested 515082240
seed 20250702 tested 515289600
seed 20250703 tested 515496960
seed 20250704 tested 515704320
seed 20250705 tested 515911680
seed 20250706 tested 516119040
seed 20250707 tested 516326400
seed 20250708 tested 516533760
seed 20250709 tested 516741120
seed 20250710 tested 516948480
seed 20250711 tested 517155840
seed 20250712 tested 517363200
seed 20250713 tested 517570560
seed 20250714 tested 517777920
seed 20250715 tested 517985280
seed 20250716 tested 518192640
seed 20250717 tested 518400000
seed 20250718 tested 518607360
seed 20250719 tested 518814720
seed 20250720 tested 519022080
seed 20250721 tested 519229440
seed 20250722 tested 519436800
seed 20250723 tested 519644160
seed 20250724 tested 519851520
seed 20250725 tested 520058880
seed 20250726 tested 520266240
seed 20250727 tested 520473600
seed 20250728 tested 520680960
seed 20250729 tested 520888320
seed 20250730 tested 521095680
seed 20250731 tested 521303040
seed 20250801 tested 521510400
seed 20250802 tested 521717760
seed 20250803 tested 521925120
seed 20250804 tested 522132480
seed 20250805 tested 522339840
seed 20250806 tested 522547200
seed 20250807 tested 522754560
seed 20250808 tested 522961920
seed 20250809 tested 523169280
seed 20250810 tested 523376640
seed 20250811 tested 523584000
seed 20250812 tested 523791360
seed 20250813 tested 523998720
seed 20250814 tested 524206080
seed 20250815 tested 524413440
seed 20250816 tested 524620800
seed 20250817 tested 524828160
seed 20250818 tested 525035520
seed 20250819 tested 525242880
seed 20250820 tested 525450240
seed 20250821 tested 525657600
seed 20250822 tested 525864960
seed 20250823 tested 526072320
seed 20250824 tested 526279680
seed 20250825 tested 526487040
seed 20250826 tested 526694400
seed 20250827 tested 526901760
seed 20250828 tested 527109120
seed 20250829 tested 527316480
seed 20250830 tested 527523840
seed 20250831 tested 527731200
seed 20250901 tested 527938560
seed 20250902 tested 528145920
seed 20250903 tested 528353280
seed 20250904 tested 528560640
seed 20250905 tested 528768000
seed 20250906 tested 528975360
seed 20250907 tested 529182720
seed 20250908 tested 529390080
seed 20250909 tested 529597440
seed 20250910 tested 529804800
seed 20250911 tested 530012160
seed 20250912 tested 530219520
seed 20250913 tested 530426880
seed 20250914 tested 530634240
seed 20250915 tested 530841600
seed 20250916 tested 531048960
seed 20250917 tested 531256320
seed 20250918 tested 531463680
seed 20250919 tested 531671040
seed 20250920 tested 531878400
seed 20250921 tested 532085760
seed 20250922 tested 532293120
seed 20250923 tested 532500480
seed 20250924 tested 532707840
seed 20250925 tested 532915200
seed 20250926 tested 533122560
seed 20250927 tested 533329920
seed 20250928 tested 533537280
seed 20250929 tested 533744640
seed 20250930 tested 533952000
seed 20250931 tested 534159360
seed 20251001 tested 534366720
seed 20251002 tested 534574080
seed 20251003 tested 534781440
seed 20251004 tested 534988800
seed 20251005 tested 535196160
seed 20251006 tested 535403520
seed 20251007 tested 535610880
seed 20251008 tested 535818240
seed 20251009 tested 536025600
seed 20251010 tested 536232960
seed 20251011 tested 536440320
seed 20251012 tested 536647680
seed 20251013 tested 536855040
seed 20251014 tested 537062400
seed 20251015 tested 537269760
seed 20251016 tested 537477120
seed 20251017 tested 537684480
seed 20251018 tested 537891840
seed 20251019 tested 538099200
seed 20251020 tested 538306560
seed 20251021 tested 538513920
seed 20251022 tested 538721280
seed 20251023 tested 538928640
seed 20251024 tested 539136000
seed 20251025 tested 539343360
seed 20251026 tested 539550720
seed 20251027 tested 539758080
seed 20251028 tested 539965440
seed 20251029 tested 540172800
seed 20251030 tested 540380160
seed 20251031 tested 540587520
seed 20251101 tested 540794880
seed 20251102 tested 541002240
seed 20251103 tested 541209600
seed 20251104 tested 541416960
seed 20251105 tested 541624320
seed 20251106 tested 541831680
seed 20251107 tested 542039040
seed 20251108 tested 542246400
seed 20251109 tested 542453760
seed 20251110 tested 542661120
seed 20251111 tested 542868480
seed 20251112 tested 543075840
seed 20251113 tested 543283200
seed 20251114 tested 543490560
seed 20251115 tested 543697920
seed 20251116 tested 543905280
seed 20251117 tested 544112640
seed 20251118 tested 544320000
seed 20251119 tested 544527360
seed 20251120 tested 544734720
seed 20251121 tested 544942080
seed 20251122 tested 545149440
seed 20251123 tested 545356800
seed 20251124 tested 545564160
seed 20251125 tested 545771520
seed 20251126 tested 545978880
seed 20251127 tested 546186240
seed 20251128 tested 546393600
seed 20251129 tested 546600960
seed 20251130 tested 546808320
seed 20251131 tested 547015680
seed 20251201 tested 547223040
seed 20251202 tested 547430400
seed 20251203 tested 547637760
seed 20251204 tested 547845120
seed 20251205 tested 548052480
seed 20251206 tested 548259840
seed 20251207 tested 548467200
seed 20251208 tested 548674560
seed 20251209 tested 548881920
seed 20251210 tested 549089280
seed 20251211 tested 549296640
seed 20251212 tested 549504000
seed 20251213 tested 549711360
seed 20251214 tested 549918720
seed 20251215 tested 550126080
seed 20251216 tested 550333440
seed 20251217 tested 550540800
seed 20251218 tested 550748160
seed 20251219 tested 550955520
seed 20251220 tested 551162880
seed 20251221 tested 551370240
seed 20251222 tested 551577600
seed 20251223 tested 551784960
seed 20251224 tested 551992320
seed 20251225 tested 552199680
seed 20251226 tested 552407040
seed 20251227 tested 552614400
seed 20251228 tested 552821760
seed 20251229 tested 553029120
seed 20251230 tested 553236480
seed 20251231 tested 553443840
seed 20260101 tested 553651200
seed 20260102 tested 553858560
seed 20260103 tested 554065920
seed 20260104 tested 554273280
seed 20260105 tested 554480640
seed 20260106 tested 554688000
seed 20260107 tested 554895360
seed 20260108 tested 555102720
seed 20260109 tested 555310080
seed 20260110 tested 555517440
seed 20260111 tested 555724800
seed 20260112 tested 555932160
seed 20260113 tested 556139520
seed 20260114 tested 556346880
seed 20260115 tested 556554240
seed 20260116 tested 556761600
seed 20260117 tested 556968960
seed 20260118 tested 557176320
seed 20260119 tested 557383680
seed 20260120 tested 557591040
seed 20260121 tested 557798400
seed 20260122 tested 558005760
seed 20260123 tested 558213120
seed 20260124 tested 558420480
seed 20260125 tested 558627840
seed 20260126 tested 558835200
seed 20260127 tested 559042560
seed 20260128 tested 559249920
seed 20260129 tested 559457280
seed 20260130 tested 559664640
seed 20260131 tested 559872000
seed 20260201 tested 560079360
seed 20260202 tested 560286720
seed 20260203 tested 560494080
seed 20260204 tested 560701440
seed 20260205 tested 560908800
seed 20260206 tested 561116160
seed 20260207 tested 561323520
seed 20260208 tested 561530880
seed 20260209 tested 561738240
seed 20260210 tested 561945600
seed 20260211 tested 562152960
seed 20260212 tested 562360320
seed 20260213 tested 562567680
seed 20260214 tested 562775040
seed 20260215 tested 562982400
seed 20260216 tested 563189760
seed 20260217 tested 563397120
seed 20260218 tested 563604480
seed 20260219 tested 563811840
seed 20260220 tested 564019200
seed 20260221 tested 564226560
seed 20260222 tested 564433920
seed 20260223 tested 564641280
seed 20260224 tested 564848640
seed 20260225 tested 565056000
seed 20260226 tested 565263360
seed 20260227 tested 565470720
seed 20260228 tested 565678080
seed 20260229 tested 565885440
seed 20260230 tested 566092800
seed 20260231 tested 566300160
seed 20260301 tested 566507520
seed 20260302 tested 566714880
seed 20260303 tested 566922240
seed 20260304 tested 567129600
seed 20260305 tested 567336960
seed 20260306 tested 567544320
seed 20260307 tested 567751680
seed 20260308 tested 567959040
seed 20260309 tested 568166400
seed 20260310 tested 568373760
seed 20260311 tested 568581120
seed 20260312 tested 568788480
seed 20260313 tested 568995840
seed 20260314 tested 569203200
seed 20260315 tested 569410560
seed 20260316 tested 569617920
seed 20260317 tested 569825280
seed 20260318 tested 570032640
seed 20260319 tested 570240000
seed 20260320 tested 570447360
seed 20260321 tested 570654720
seed 20260322 tested 570862080
seed 20260323 tested 571069440
seed 20260324 tested 571276800
seed 20260325 tested 571484160
seed 20260326 tested 571691520
seed 20260327 tested 571898880
seed 20260328 tested 572106240
seed 20260329 tested 572313600
seed 20260330 tested 572520960
seed 20260331 tested 572728320
seed 20260401 tested 572935680
seed 20260402 tested 573143040
seed 20260403 tested 573350400
seed 20260404 tested 573557760
seed 20260405 tested 573765120
seed 20260406 tested 573972480
seed 20260407 tested 574179840
seed 20260408 tested 574387200
seed 20260409 tested 574594560
seed 20260410 tested 574801920
seed 20260411 tested 575009280
seed 20260412 tested 575216640
seed 20260413 tested 575424000
seed 20260414 tested 575631360
seed 20260415 tested 575838720
seed 20260416 tested 576046080
seed 20260417 tested 576253440
seed 20260418 tested 576460800
seed 20260419 tested 576668160
seed 20260420 tested 576875520
seed 20260421 tested 577082880
seed 20260422 tested 577290240
seed 20260423 tested 577497600
seed 20260424 tested 577704960
seed 20260425 tested 577912320
seed 20260426 tested 578119680
seed 20260427 tested 578327040
seed 20260428 tested 578534400
seed 20260429 tested 578741760
seed 20260430 tested 578949120
seed 20260431 tested 579156480
seed 20260501 tested 579363840
seed 20260502 tested 579571200
seed 20260503 tested 579778560
seed 20260504 tested 579985920
seed 20260505 tested 580193280
seed 20260506 tested 580400640
seed 20260507 tested 580608000
seed 20260508 tested 580815360
seed 20260509 tested 581022720
seed 20260510 tested 581230080
seed 20260511 tested 581437440
seed 20260512 tested 581644800
seed 20260513 tested 581852160
seed 20260514 tested 582059520
seed 20260515 tested 582266880
seed 20260516 tested 582474240
seed 20260517 tested 582681600
seed 20260518 tested 582888960
seed 20260519 tested 583096320
seed 20260520 tested 583303680
seed 20260521 tested 583511040
seed 20260522 tested 583718400
seed 20260523 tested 583925760
seed 20260524 tested 584133120
seed 20260525 tested 584340480
seed 20260526 tested 584547840
seed 20260527 tested 584755200
seed 20260528 tested 584962560
seed 20260529 tested 585169920
seed 20260530 tested 585377280
seed 20260531 tested 585584640
seed 20260601 tested 585792000
seed 20260602 tested 585999360
seed 20260603 tested 586206720
seed 20260604 tested 586414080
seed 20260605 tested 586621440
seed 20260606 tested 586828800
seed 20260607 tested 587036160
seed 20260608 tested 587243520
seed 20260609 tested 587450880
seed 20260610 tested 587658240
seed 20260611 tested 587865600
seed 20260612 tested 588072960
seed 20260613 tested 588280320
seed 20260614 tested 588487680
seed 20260615 tested 588695040
seed 20260616 tested 588902400
seed 20260617 tested 589109760
seed 20260618 tested 589317120
seed 20260619 tested 589524480
seed 20260620 tested 589731840
seed 20260621 tested 589939200
seed 20260622 tested 590146560
seed 20260623 tested 590353920
seed 20260624 tested 590561280
seed 20260625 tested 590768640
seed 20260626 tested 590976000
seed 20260627 tested 591183360
seed 20260628 tested 591390720
seed 20260629 tested 591598080
seed 20260630 tested 591805440
seed 20260631 tested 592012800
seed 20260701 tested 592220160
seed 20260702 tested 592427520
seed 20260703 tested 592634880
seed 20260704 tested 592842240
seed 20260705 tested 593049600
seed 20260706 tested 593256960
seed 20260707 tested 593464320
seed 20260708 tested 593671680
seed 20260709 tested 593879040
seed 20260710 tested 594086400
seed 20260711 tested 594293760
seed 20260712 tested 594501120
seed 20260713 tested 594708480
seed 20260714 tested 594915840
seed 20260715 tested 595123200
seed 20260716 tested 595330560
seed 20260717 tested 595537920
seed 20260718 tested 595745280
seed 20260719 tested 595952640
seed 20260720 tested 596160000
seed 20260721 tested 596367360
seed 20260722 tested 596574720
seed 20260723 tested 596782080
seed 20260724 tested 596989440
seed 20260725 tested 597196800
seed 20260726 tested 597404160
seed 20260727 tested 597611520
seed 20260728 tested 597818880
seed 20260729 tested 598026240
seed 20260730 tested 598233600
seed 20260731 tested 598440960
seed 20260801 tested 598648320
seed 20260802 tested 598855680
seed 20260803 tested 599063040
seed 20260804 tested 599270400
seed 20260805 tested 599477760
seed 20260806 tested 599685120
seed 20260807 tested 599892480
seed 20260808 tested 600099840
seed 20260809 tested 600307200
seed 20260810 tested 600514560
seed 20260811 tested 600721920
seed 20260812 tested 600929280
seed 20260813 tested 601136640
seed 20260814 tested 601344000
seed 20260815 tested 601551360
seed 20260816 tested 601758720
seed 20260817 tested 601966080
seed 20260818 tested 602173440
seed 20260819 tested 602380800
seed 20260820 tested 602588160
seed 20260821 tested 602795520
seed 20260822 tested 603002880
seed 20260823 tested 603210240
seed 20260824 tested 603417600
seed 20260825 tested 603624960
seed 20260826 tested 603832320
seed 20260827 tested 604039680
seed 20260828 tested 604247040
seed 20260829 tested 604454400
seed 20260830 tested 604661760
seed 20260831 tested 604869120
seed 20260901 tested 605076480
seed 20260902 tested 605283840
seed 20260903 tested 605491200
seed 20260904 tested 605698560
seed 20260905 tested 605905920
seed 20260906 tested 606113280
seed 20260907 tested 606320640
seed 20260908 tested 606528000
seed 20260909 tested 606735360
seed 20260910 tested 606942720
seed 20260911 tested 607150080
seed 20260912 tested 607357440
seed 20260913 tested 607564800
seed 20260914 tested 607772160
seed 20260915 tested 607979520
seed 20260916 tested 608186880
seed 20260917 tested 608394240
seed 20260918 tested 608601600
seed 20260919 tested 608808960
seed 20260920 tested 609016320
seed 20260921 tested 609223680
seed 20260922 tested 609431040
seed 20260923 tested 609638400
seed 20260924 tested 609845760
seed 20260925 tested 610053120
seed 20260926 tested 610260480
seed 20260927 tested 610467840
seed 20260928 tested 610675200
seed 20260929 tested 610882560
seed 20260930 tested 611089920
seed 20260931 tested 611297280
seed 20261001 tested 611504640
seed 20261002 tested 611712000
seed 20261003 tested 611919360
seed 20261004 tested 612126720
seed 20261005 tested 612334080
seed 20261006 tested 612541440
seed 20261007 tested 612748800
seed 20261008 tested 612956160
seed 20261009 tested 613163520
seed 20261010 tested 613370880
seed 20261011 tested 613578240
seed 20261012 tested 613785600
seed 20261013 tested 613992960
seed 20261014 tested 614200320
seed 20261015 tested 614407680
seed 20261016 tested 614615040
seed 20261017 tested 614822400
seed 20261018 tested 615029760
seed 20261019 tested 615237120
seed 20261020 tested 615444480
seed 20261021 tested 615651840
seed 20261022 tested 615859200
seed 20261023 tested 616066560
seed 20261024 tested 616273920
seed 20261025 tested 616481280
seed 20261026 tested 616688640
seed 20261027 tested 616896000
seed 20261028 tested 617103360
seed 20261029 tested 617310720
seed 20261030 tested 617518080
seed 20261031 tested 617725440
seed 20261101 tested 617932800
seed 20261102 tested 618140160
seed 20261103 tested 618347520
seed 20261104 tested 618554880
seed 20261105 tested 618762240
seed 20261106 tested 618969600
seed 20261107 tested 619176960
seed 20261108 tested 619384320
seed 20261109 tested 619591680
seed 20261110 tested 619799040
seed 20261111 tested 620006400
seed 20261112 tested 620213760
seed 20261113 tested 620421120
seed 20261114 tested 620628480
seed 20261115 tested 620835840
seed 20261116 tested 621043200
seed 20261117 tested 621250560
seed 20261118 tested 621457920
seed 20261119 tested 621665280
seed 20261120 tested 621872640
seed 20261121 tested 622080000
seed 20261122 tested 622287360
seed 20261123 tested 622494720
seed 20261124 tested 622702080
seed 20261125 tested 622909440
seed 20261126 tested 623116800
seed 20261127 tested 623324160
seed 20261128 tested 623531520
seed 20261129 tested 623738880
seed 20261130 tested 623946240
seed 20261131 tested 624153600
seed 20261201 tested 624360960
seed 20261202 tested 624568320
seed 20261203 tested 624775680
seed 20261204 tested 624983040
seed 20261205 tested 625190400
seed 20261206 tested 625397760
seed 20261207 tested 625605120
seed 20261208 tested 625812480
seed 20261209 tested 626019840
seed 20261210 tested 626227200
seed 20261211 tested 626434560
seed 20261212 tested 626641920
seed 20261213 tested 626849280
seed 20261214 tested 627056640
seed 20261215 tested 627264000
seed 20261216 tested 627471360
seed 20261217 tested 627678720
seed 20261218 tested 627886080
seed 20261219 tested 628093440
seed 20261220 tested 628300800
seed 20261221 tested 628508160
seed 20261222 tested 628715520
seed 20261223 tested 628922880
seed 20261224 tested 629130240
seed 20261225 tested 629337600
seed 20261226 tested 629544960
seed 20261227 tested 629752320
seed 20261228 tested 629959680
seed 20261229 tested 630167040
seed 20261230 tested 630374400
seed 20261231 tested 630581760
seed 1000 tested 630789120
seed 1001 tested 630996480
seed 1002 tested 631203840
seed 1003 tested 631411200
seed 1004 tested 631618560
seed 1005 tested 631825920
seed 1006 tested 632033280
seed 1007 tested 632240640
seed 1008 tested 632448000
seed 1009 tested 632655360
seed 1010 tested 632862720
seed 1011 tested 633070080
seed 1012 tested 633277440
seed 1013 tested 633484800
seed 1014 tested 633692160
seed 1015 tested 633899520
seed 1016 tested 634106880
seed 1017 tested 634314240
seed 1018 tested 634521600
seed 1019 tested 634728960
seed 1020 tested 634936320
seed 1021 tested 635143680
seed 1022 tested 635351040
seed 1023 tested 635558400
seed 1024 tested 635765760
seed 1025 tested 635973120
seed 1026 tested 636180480
seed 1027 tested 636387840
seed 1028 tested 636595200
seed 1029 tested 636802560
seed 1030 tested 637009920
seed 1031 tested 637217280
seed 1032 tested 637424640
seed 1033 tested 637632000
seed 1034 tested 637839360
seed 1035 tested 638046720
seed 1036 tested 638254080
seed 1037 tested 638461440
seed 1038 tested 638668800
seed 1039 tested 638876160
seed 1040 tested 639083520
seed 1041 tested 639290880
seed 1042 tested 639498240
seed 1043 tested 639705600
seed 1044 tested 639912960
seed 1045 tested 640120320
seed 1046 tested 640327680
seed 1047 tested 640535040
seed 1048 tested 640742400
seed 1049 tested 640949760
seed 1050 tested 641157120
seed 1051 tested 641364480
seed 1052 tested 641571840
seed 1053 tested 641779200
seed 1054 tested 641986560
seed 1055 tested 642193920
seed 1056 tested 642401280
seed 1057 tested 642608640
seed 1058 tested 642816000
seed 1059 tested 643023360
seed 1060 tested 643230720
seed 1061 tested 643438080
seed 1062 tested 643645440
seed 1063 tested 643852800
seed 1064 tested 644060160
seed 1065 tested 644267520
seed 1066 tested 644474880
seed 1067 tested 644682240
seed 1068 tested 644889600
seed 1069 tested 645096960
seed 1070 tested 645304320
seed 1071 tested 645511680
seed 1072 tested 645719040
seed 1073 tested 645926400
seed 1074 tested 646133760
seed 1075 tested 646341120
seed 1076 tested 646548480
seed 1077 tested 646755840
seed 1078 tested 646963200
seed 1079 tested 647170560
seed 1080 tested 647377920
seed 1081 tested 647585280
seed 1082 tested 647792640
seed 1083 tested 648000000
seed 1084 tested 648207360
seed 1085 tested 648414720
seed 1086 tested 648622080
seed 1087 tested 648829440
seed 1088 tested 649036800
seed 1089 tested 649244160
seed 1090 tested 649451520
seed 1091 tested 649658880
seed 1092 tested 649866240
seed 1093 tested 650073600
seed 1094 tested 650280960
seed 1095 tested 650488320
seed 1096 tested 650695680
seed 1097 tested 650903040
seed 1098 tested 651110400
seed 1099 tested 651317760
seed 1100 tested 651525120
seed 1101 tested 651732480
seed 1102 tested 651939840
seed 1103 tested 652147200
seed 1104 tested 652354560
seed 1105 tested 652561920
seed 1106 tested 652769280
seed 1107 tested 652976640
seed 1108 tested 653184000
seed 1109 tested 653391360
seed 1110 tested 653598720
seed 1111 tested 653806080
seed 1112 tested 654013440
seed 1113 tested 654220800
seed 1114 tested 654428160
seed 1115 tested 654635520
seed 1116 tested 654842880
seed 1117 tested 655050240
seed 1118 tested 655257600
seed 1119 tested 655464960
seed 1120 tested 655672320
seed 1121 tested 655879680
seed 1122 tested 656087040
seed 1123 tested 656294400
seed 1124 tested 656501760
seed 1125 tested 656709120
seed 1126 tested 656916480
seed 1127 tested 657123840
seed 1128 tested 657331200
seed 1129 tested 657538560
seed 1130 tested 657745920
seed 1131 tested 657953280
seed 1132 tested 658160640
seed 1133 tested 658368000
seed 1134 tested 658575360
seed 1135 tested 658782720
seed 1136 tested 658990080
seed 1137 tested 659197440
seed 1138 tested 659404800
seed 1139 tested 659612160
seed 1140 tested 659819520
seed 1141 tested 660026880
seed 1142 tested 660234240
seed 1143 tested 660441600
seed 1144 tested 660648960
seed 1145 tested 660856320
seed 1146 tested 661063680
seed 1147 tested 661271040
seed 1148 tested 661478400
seed 1149 tested 661685760
seed 1150 tested 661893120
seed 1151 tested 662100480
seed 1152 tested 662307840
seed 1153 tested 662515200
seed 1154 tested 662722560
seed 1155 tested 662929920
seed 1156 tested 663137280
seed 1157 tested 663344640
seed 1158 tested 663552000
seed 1159 tested 663759360
seed 1160 tested 663966720
seed 1161 tested 664174080
seed 1162 tested 664381440
seed 1163 tested 664588800
seed 1164 tested 664796160
seed 1165 tested 665003520
seed 1166 tested 665210880
seed 1167 tested 665418240
seed 1168 tested 665625600
seed 1169 tested 665832960
seed 1170 tested 666040320
seed 1171 tested 666247680
seed 1172 tested 666455040
seed 1173 tested 666662400
seed 1174 tested 666869760
seed 1175 tested 667077120
seed 1176 tested 667284480
seed 1177 tested 667491840
seed 1178 tested 667699200
seed 1179 tested 667906560
seed 1180 tested 668113920
seed 1181 tested 668321280
seed 1182 tested 668528640
seed 1183 tested 668736000
seed 1184 tested 668943360
seed 1185 tested 669150720
seed 1186 tested 669358080
seed 1187 tested 669565440
seed 1188 tested 669772800
seed 1189 tested 669980160
seed 1190 tested 670187520
seed 1191 tested 670394880
seed 1192 tested 670602240
seed 1193 tested 670809600
seed 1194 tested 671016960
seed 1195 tested 671224320
seed 1196 tested 671431680
seed 1197 tested 671639040
seed 1198 tested 671846400
seed 1199 tested 672053760
seed 1200 tested 672261120
seed 1201 tested 672468480
seed 1202 tested 672675840
seed 1203 tested 672883200
seed 1204 tested 673090560
seed 1205 tested 673297920
seed 1206 tested 673505280
seed 1207 tested 673712640
seed 1208 tested 673920000
seed 1209 tested 674127360
seed 1210 tested 674334720
seed 1211 tested 674542080
seed 1212 tested 674749440
seed 1213 tested 674956800
seed 1214 tested 675164160
seed 1215 tested 675371520
seed 1216 tested 675578880
seed 1217 tested 675786240
seed 1218 tested 675993600
seed 1219 tested 676200960
seed 1220 tested 676408320
seed 1221 tested 676615680
seed 1222 tested 676823040
seed 1223 tested 677030400
seed 1224 tested 677237760
seed 1225 tested 677445120
seed 1226 tested 677652480
seed 1227 tested 677859840
seed 1228 tested 678067200
seed 1229 tested 678274560
seed 1230 tested 678481920
seed 1231 tested 678689280
seed 1232 tested 678896640
seed 1233 tested 679104000
seed 1234 tested 679311360
seed 1235 tested 679518720
seed 1236 tested 679726080
seed 1237 tested 679933440
seed 1238 tested 680140800
seed 1239 tested 680348160
seed 1240 tested 680555520
seed 1241 tested 680762880
seed 1242 tested 680970240
seed 1243 tested 681177600
seed 1244 tested 681384960
seed 1245 tested 681592320
seed 1246 tested 681799680
seed 1247 tested 682007040
seed 1248 tested 682214400
seed 1249 tested 682421760
seed 1250 tested 682629120
seed 1251 tested 682836480
seed 1252 tested 683043840
seed 1253 tested 683251200
seed 1254 tested 683458560
seed 1255 tested 683665920
seed 1256 tested 683873280
seed 1257 tested 684080640
seed 1258 tested 684288000
seed 1259 tested 684495360
seed 1260 tested 684702720
seed 1261 tested 684910080
seed 1262 tested 685117440
seed 1263 tested 685324800
seed 1264 tested 685532160
seed 1265 tested 685739520
seed 1266 tested 685946880
seed 1267 tested 686154240
seed 1268 tested 686361600
seed 1269 tested 686568960
seed 1270 tested 686776320
seed 1271 tested 686983680
seed 1272 tested 687191040
seed 1273 tested 687398400
seed 1274 tested 687605760
seed 1275 tested 687813120
seed 1276 tested 688020480
seed 1277 tested 688227840
seed 1278 tested 688435200
seed 1279 tested 688642560
seed 1280 tested 688849920
seed 1281 tested 689057280
seed 1282 tested 689264640
seed 1283 tested 689472000
seed 1284 tested 689679360
seed 1285 tested 689886720
seed 1286 tested 690094080
seed 1287 tested 690301440
seed 1288 tested 690508800
seed 1289 tested 690716160
seed 1290 tested 690923520
seed 1291 tested 691130880
seed 1292 tested 691338240
seed 1293 tested 691545600
seed 1294 tested 691752960
seed 1295 tested 691960320
seed 1296 tested 692167680
seed 1297 tested 692375040
seed 1298 tested 692582400
seed 1299 tested 692789760
seed 1300 tested 692997120
seed 1301 tested 693204480
seed 1302 tested 693411840
seed 1303 tested 693619200
seed 1304 tested 693826560
seed 1305 tested 694033920
seed 1306 tested 694241280
seed 1307 tested 694448640
seed 1308 tested 694656000
seed 1309 tested 694863360
seed 1310 tested 695070720
seed 1311 tested 695278080
seed 1312 tested 695485440
seed 1313 tested 695692800
seed 1314 tested 695900160
seed 1315 tested 696107520
seed 1316 tested 696314880
seed 1317 tested 696522240
seed 1318 tested 696729600
seed 1319 tested 696936960
seed 1320 tested 697144320
seed 1321 tested 697351680
seed 1322 tested 697559040
seed 1323 tested 697766400
seed 1324 tested 697973760
seed 1325 tested 698181120
seed 1326 tested 698388480
seed 1327 tested 698595840
seed 1328 tested 698803200
seed 1329 tested 699010560
seed 1330 tested 699217920
seed 1331 tested 699425280
seed 1332 tested 699632640
seed 1333 tested 699840000
seed 1334 tested 700047360
seed 1335 tested 700254720
seed 1336 tested 700462080
seed 1337 tested 700669440
seed 1338 tested 700876800
seed 1339 tested 701084160
seed 1340 tested 701291520
seed 1341 tested 701498880
seed 1342 tested 701706240
seed 1343 tested 701913600
seed 1344 tested 702120960
seed 1345 tested 702328320
seed 1346 tested 702535680
seed 1347 tested 702743040
seed 1348 tested 702950400
seed 1349 tested 703157760
seed 1350 tested 703365120
seed 1351 tested 703572480
seed 1352 tested 703779840
seed 1353 tested 703987200
seed 1354 tested 704194560
seed 1355 tested 704401920
seed 1356 tested 704609280
seed 1357 tested 704816640
seed 1358 tested 705024000
seed 1359 tested 705231360
seed 1360 tested 705438720
seed 1361 tested 705646080
seed 1362 tested 705853440
seed 1363 tested 706060800
seed 1364 tested 706268160
seed 1365 tested 706475520
seed 1366 tested 706682880
seed 1367 tested 706890240
seed 1368 tested 707097600
seed 1369 tested 707304960
seed 1370 tested 707512320
seed 1371 tested 707719680
seed 1372 tested 707927040
seed 1373 tested 708134400
seed 1374 tested 708341760
seed 1375 tested 708549120
seed 1376 tested 708756480
seed 1377 tested 708963840
seed 1378 tested 709171200
seed 1379 tested 709378560
seed 1380 tested 709585920
seed 1381 tested 709793280
seed 1382 tested 710000640
seed 1383 tested 710208000
seed 1384 tested 710415360
seed 1385 tested 710622720
seed 1386 tested 710830080
seed 1387 tested 711037440
seed 1388 tested 711244800
seed 1389 tested 711452160
seed 1390 tested 711659520
seed 1391 tested 711866880
seed 1392 tested 712074240
seed 1393 tested 712281600
seed 1394 tested 712488960
seed 1395 tested 712696320
seed 1396 tested 712903680
seed 1397 tested 713111040
seed 1398 tested 713318400
seed 1399 tested 713525760
seed 1400 tested 713733120
seed 1401 tested 713940480
seed 1402 tested 714147840
seed 1403 tested 714355200
seed 1404 tested 714562560
seed 1405 tested 714769920
seed 1406 tested 714977280
seed 1407 tested 715184640
seed 1408 tested 715392000
seed 1409 tested 715599360
seed 1410 tested 715806720
seed 1411 tested 716014080
seed 1412 tested 716221440
seed 1413 tested 716428800
seed 1414 tested 716636160
seed 1415 tested 716843520
seed 1416 tested 717050880
seed 1417 tested 717258240
seed 1418 tested 717465600
seed 1419 tested 717672960
seed 1420 tested 717880320
seed 1421 tested 718087680
seed 1422 tested 718295040
seed 1423 tested 718502400
seed 1424 tested 718709760
seed 1425 tested 718917120
seed 1426 tested 719124480
seed 1427 tested 719331840
seed 1428 tested 719539200
seed 1429 tested 719746560
seed 1430 tested 719953920
seed 1431 tested 720161280
seed 1432 tested 720368640
seed 1433 tested 720576000
seed 1434 tested 720783360
seed 1435 tested 720990720
seed 1436 tested 721198080
seed 1437 tested 721405440
seed 1438 tested 721612800
seed 1439 tested 721820160
seed 1440 tested 722027520
seed 1441 tested 722234880
seed 1442 tested 722442240
seed 1443 tested 722649600
seed 1444 tested 722856960
seed 1445 tested 723064320
seed 1446 tested 723271680
seed 1447 tested 723479040
seed 1448 tested 723686400
seed 1449 tested 723893760
seed 1450 tested 724101120
seed 1451 tested 724308480
seed 1452 tested 724515840
seed 1453 tested 724723200
seed 1454 tested 724930560
seed 1455 tested 725137920
seed 1456 tested 725345280
seed 1457 tested 725552640
seed 1458 tested 725760000
seed 1459 tested 725967360
seed 1460 tested 726174720
seed 1461 tested 726382080
seed 1462 tested 726589440
seed 1463 tested 726796800
seed 1464 tested 727004160
seed 1465 tested 727211520
seed 1466 tested 727418880
seed 1467 tested 727626240
seed 1468 tested 727833600
seed 1469 tested 728040960
seed 1470 tested 728248320
seed 1471 tested 728455680
seed 1472 tested 728663040
seed 1473 tested 728870400
seed 1474 tested 729077760
seed 1475 tested 729285120
seed 1476 tested 729492480
seed 1477 tested 729699840
seed 1478 tested 729907200
seed 1479 tested 730114560
seed 1480 tested 730321920
seed 1481 tested 730529280
seed 1482 tested 730736640
seed 1483 tested 730944000
seed 1484 tested 731151360
seed 1485 tested 731358720
seed 1486 tested 731566080
seed 1487 tested 731773440
seed 1488 tested 731980800
seed 1489 tested 732188160
seed 1490 tested 732395520
seed 1491 tested 732602880
seed 1492 tested 732810240
seed 1493 tested 733017600
seed 1494 tested 733224960
seed 1495 tested 733432320
seed 1496 tested 733639680
seed 1497 tested 733847040
seed 1498 tested 734054400
seed 1499 tested 734261760
seed 1500 tested 734469120
seed 1501 tested 734676480
seed 1502 tested 734883840
seed 1503 tested 735091200
seed 1504 tested 735298560
seed 1505 tested 735505920
seed 1506 tested 735713280
seed 1507 tested 735920640
seed 1508 tested 736128000
seed 1509 tested 736335360
seed 1510 tested 736542720
seed 1511 tested 736750080
seed 1512 tested 736957440
seed 1513 tested 737164800
seed 1514 tested 737372160
seed 1515 tested 737579520
seed 1516 tested 737786880
seed 1517 tested 737994240
seed 1518 tested 738201600
seed 1519 tested 738408960
seed 1520 tested 738616320
seed 1521 tested 738823680
seed 1522 tested 739031040
seed 1523 tested 739238400
seed 1524 tested 739445760
seed 1525 tested 739653120
seed 1526 tested 739860480
seed 1527 tested 740067840
seed 1528 tested 740275200
seed 1529 tested 740482560
seed 1530 tested 740689920
seed 1531 tested 740897280
seed 1532 tested 741104640
seed 1533 tested 741312000
seed 1534 tested 741519360
seed 1535 tested 741726720
seed 1536 tested 741934080
seed 1537 tested 742141440
seed 1538 tested 742348800
seed 1539 tested 742556160
seed 1540 tested 742763520
seed 1541 tested 742970880
seed 1542 tested 743178240
seed 1543 tested 743385600
seed 1544 tested 743592960
seed 1545 tested 743800320
seed 1546 tested 744007680
seed 1547 tested 744215040
seed 1548 tested 744422400
seed 1549 tested 744629760
seed 1550 tested 744837120
seed 1551 tested 745044480
seed 1552 tested 745251840
seed 1553 tested 745459200
seed 1554 tested 745666560
seed 1555 tested 745873920
seed 1556 tested 746081280
seed 1557 tested 746288640
seed 1558 tested 746496000
seed 1559 tested 746703360
seed 1560 tested 746910720
seed 1561 tested 747118080
seed 1562 tested 747325440
seed 1563 tested 747532800
seed 1564 tested 747740160
seed 1565 tested 747947520
seed 1566 tested 748154880
seed 1567 tested 748362240
seed 1568 tested 748569600
seed 1569 tested 748776960
seed 1570 tested 748984320
seed 1571 tested 749191680
seed 1572 tested 749399040
seed 1573 tested 749606400
seed 1574 tested 749813760
seed 1575 tested 750021120
seed 1576 tested 750228480
seed 1577 tested 750435840
seed 1578 tested 750643200
seed 1579 tested 750850560
seed 1580 tested 751057920
seed 1581 tested 751265280
seed 1582 tested 751472640
seed 1583 tested 751680000
seed 1584 tested 751887360
seed 1585 tested 752094720
seed 1586 tested 752302080
seed 1587 tested 752509440
seed 1588 tested 752716800
seed 1589 tested 752924160
seed 1590 tested 753131520
seed 1591 tested 753338880
seed 1592 tested 753546240
seed 1593 tested 753753600
seed 1594 tested 753960960
seed 1595 tested 754168320
seed 1596 tested 754375680
seed 1597 tested 754583040
seed 1598 tested 754790400
seed 1599 tested 754997760
seed 1600 tested 755205120
seed 1601 tested 755412480
seed 1602 tested 755619840
seed 1603 tested 755827200
seed 1604 tested 756034560
seed 1605 tested 756241920
seed 1606 tested 756449280
seed 1607 tested 756656640
seed 1608 tested 756864000
seed 1609 tested 757071360
seed 1610 tested 757278720
seed 1611 tested 757486080
seed 1612 tested 757693440
seed 1613 tested 757900800
seed 1614 tested 758108160
seed 1615 tested 758315520
seed 1616 tested 758522880
seed 1617 tested 758730240
seed 1618 tested 758937600
seed 1619 tested 759144960
seed 1620 tested 759352320
seed 1621 tested 759559680
seed 1622 tested 759767040
seed 1623 tested 759974400
seed 1624 tested 760181760
seed 1625 tested 760389120
seed 1626 tested 760596480
seed 1627 tested 760803840
seed 1628 tested 761011200
seed 1629 tested 761218560
seed 1630 tested 761425920
seed 1631 tested 761633280
seed 1632 tested 761840640
seed 1633 tested 762048000
seed 1634 tested 762255360
seed 1635 tested 762462720
seed 1636 tested 762670080
seed 1637 tested 762877440
seed 1638 tested 763084800
seed 1639 tested 763292160
seed 1640 tested 763499520
seed 1641 tested 763706880
seed 1642 tested 763914240
seed 1643 tested 764121600
seed 1644 tested 764328960
seed 1645 tested 764536320
seed 1646 tested 764743680
seed 1647 tested 764951040
seed 1648 tested 765158400
seed 1649 tested 765365760
seed 1650 tested 765573120
seed 1651 tested 765780480
seed 1652 tested 765987840
seed 1653 tested 766195200
seed 1654 tested 766402560
seed 1655 tested 766609920
seed 1656 tested 766817280
seed 1657 tested 767024640
seed 1658 tested 767232000
seed 1659 tested 767439360
seed 1660 tested 767646720
seed 1661 tested 767854080
seed 1662 tested 768061440
seed 1663 tested 768268800
seed 1664 tested 768476160
seed 1665 tested 768683520
seed 1666 tested 768890880
seed 1667 tested 769098240
seed 1668 tested 769305600
seed 1669 tested 769512960
seed 1670 tested 769720320
seed 1671 tested 769927680
seed 1672 tested 770135040
seed 1673 tested 770342400
seed 1674 tested 770549760
seed 1675 tested 770757120
seed 1676 tested 770964480
seed 1677 tested 771171840
seed 1678 tested 771379200
seed 1679 tested 771586560
seed 1680 tested 771793920
seed 1681 tested 772001280
seed 1682 tested 772208640
seed 1683 tested 772416000
seed 1684 tested 772623360
seed 1685 tested 772830720
seed 1686 tested 773038080
seed 1687 tested 773245440
seed 1688 tested 773452800
seed 1689 tested 773660160
seed 1690 tested 773867520
seed 1691 tested 774074880
seed 1692 tested 774282240
seed 1693 tested 774489600
seed 1694 tested 774696960
seed 1695 tested 774904320
seed 1696 tested 775111680
seed 1697 tested 775319040
seed 1698 tested 775526400
seed 1699 tested 775733760
seed 1700 tested 775941120
seed 1701 tested 776148480
seed 1702 tested 776355840
seed 1703 tested 776563200
seed 1704 tested 776770560
seed 1705 tested 776977920
seed 1706 tested 777185280
seed 1707 tested 777392640
seed 1708 tested 777600000
seed 1709 tested 777807360
seed 1710 tested 778014720
seed 1711 tested 778222080
seed 1712 tested 778429440
seed 1713 tested 778636800
seed 1714 tested 778844160
seed 1715 tested 779051520
seed 1716 tested 779258880
seed 1717 tested 779466240
seed 1718 tested 779673600
seed 1719 tested 779880960
seed 1720 tested 780088320
seed 1721 tested 780295680
seed 1722 tested 780503040
seed 1723 tested 780710400
seed 1724 tested 780917760
seed 1725 tested 781125120
seed 1726 tested 781332480
seed 1727 tested 781539840
seed 1728 tested 781747200
seed 1729 tested 781954560
seed 1730 tested 782161920
seed 1731 tested 782369280
seed 1732 tested 782576640
seed 1733 tested 782784000
seed 1734 tested 782991360
seed 1735 tested 783198720
seed 1736 tested 783406080
seed 1737 tested 783613440
seed 1738 tested 783820800
seed 1739 tested 784028160
seed 1740 tested 784235520
seed 1741 tested 784442880
seed 1742 tested 784650240
seed 1743 tested 784857600
seed 1744 tested 785064960
seed 1745 tested 785272320
seed 1746 tested 785479680
seed 1747 tested 785687040
seed 1748 tested 785894400
seed 1749 tested 786101760
seed 1750 tested 786309120
seed 1751 tested 786516480
seed 1752 tested 786723840
seed 1753 tested 786931200
seed 1754 tested 787138560
seed 1755 tested 787345920
seed 1756 tested 787553280
seed 1757 tested 787760640
seed 1758 tested 787968000
seed 1759 tested 788175360
seed 1760 tested 788382720
seed 1761 tested 788590080
seed 1762 tested 788797440
seed 1763 tested 789004800
seed 1764 tested 789212160
seed 1765 tested 789419520
seed 1766 tested 789626880
seed 1767 tested 789834240
seed 1768 tested 790041600
seed 1769 tested 790248960
seed 1770 tested 790456320
seed 1771 tested 790663680
seed 1772 tested 790871040
seed 1773 tested 791078400
seed 1774 tested 791285760
seed 1775 tested 791493120
seed 1776 tested 791700480
seed 1777 tested 791907840
seed 1778 tested 792115200
seed 1779 tested 792322560
seed 1780 tested 792529920
seed 1781 tested 792737280
seed 1782 tested 792944640
seed 1783 tested 793152000
seed 1784 tested 793359360
seed 1785 tested 793566720
seed 1786 tested 793774080
seed 1787 tested 793981440
seed 1788 tested 794188800
seed 1789 tested 794396160
seed 1790 tested 794603520
seed 1791 tested 794810880
seed 1792 tested 795018240
seed 1793 tested 795225600
seed 1794 tested 795432960
seed 1795 tested 795640320
seed 1796 tested 795847680
seed 1797 tested 796055040
seed 1798 tested 796262400
seed 1799 tested 796469760
seed 1800 tested 796677120
seed 1801 tested 796884480
seed 1802 tested 797091840
seed 1803 tested 797299200
seed 1804 tested 797506560
seed 1805 tested 797713920
seed 1806 tested 797921280
seed 1807 tested 798128640
seed 1808 tested 798336000
seed 1809 tested 798543360
seed 1810 tested 798750720
seed 1811 tested 798958080
seed 1812 tested 799165440
seed 1813 tested 799372800
seed 1814 tested 799580160
seed 1815 tested 799787520
seed 1816 tested 799994880
seed 1817 tested 800202240
seed 1818 tested 800409600
seed 1819 tested 800616960
seed 1820 tested 800824320
seed 1821 tested 801031680
seed 1822 tested 801239040
seed 1823 tested 801446400
seed 1824 tested 801653760
seed 1825 tested 801861120
seed 1826 tested 802068480
seed 1827 tested 802275840
seed 1828 tested 802483200
seed 1829 tested 802690560
seed 1830 tested 802897920
seed 1831 tested 803105280
seed 1832 tested 803312640
seed 1833 tested 803520000
seed 1834 tested 803727360
seed 1835 tested 803934720
seed 1836 tested 804142080
seed 1837 tested 804349440
seed 1838 tested 804556800
seed 1839 tested 804764160
seed 1840 tested 804971520
seed 1841 tested 805178880
seed 1842 tested 805386240
seed 1843 tested 805593600
seed 1844 tested 805800960
seed 1845 tested 806008320
seed 1846 tested 806215680
seed 1847 tested 806423040
seed 1848 tested 806630400
seed 1849 tested 806837760
seed 1850 tested 807045120
seed 1851 tested 807252480
seed 1852 tested 807459840
seed 1853 tested 807667200
seed 1854 tested 807874560
seed 1855 tested 808081920
seed 1856 tested 808289280
seed 1857 tested 808496640
seed 1858 tested 808704000
seed 1859 tested 808911360
seed 1860 tested 809118720
seed 1861 tested 809326080
seed 1862 tested 809533440
seed 1863 tested 809740800
seed 1864 tested 809948160
seed 1865 tested 810155520
seed 1866 tested 810362880
seed 1867 tested 810570240
seed 1868 tested 810777600
seed 1869 tested 810984960
seed 1870 tested 811192320
seed 1871 tested 811399680
seed 1872 tested 811607040
seed 1873 tested 811814400
seed 1874 tested 812021760
seed 1875 tested 812229120
seed 1876 tested 812436480
seed 1877 tested 812643840
seed 1878 tested 812851200
seed 1879 tested 813058560
seed 1880 tested 813265920
seed 1881 tested 813473280
seed 1882 tested 813680640
seed 1883 tested 813888000
seed 1884 tested 814095360
seed 1885 tested 814302720
seed 1886 tested 814510080
seed 1887 tested 814717440
seed 1888 tested 814924800
seed 1889 tested 815132160
seed 1890 tested 815339520
seed 1891 tested 815546880
seed 1892 tested 815754240
seed 1893 tested 815961600
seed 1894 tested 816168960
seed 1895 tested 816376320
seed 1896 tested 816583680
seed 1897 tested 816791040
seed 1898 tested 816998400
seed 1899 tested 817205760
seed 1900 tested 817413120
seed 1901 tested 817620480
seed 1902 tested 817827840
seed 1903 tested 818035200
seed 1904 tested 818242560
seed 1905 tested 818449920
seed 1906 tested 818657280
seed 1907 tested 818864640
seed 1908 tested 819072000
seed 1909 tested 819279360
seed 1910 tested 819486720
seed 1911 tested 819694080
seed 1912 tested 819901440
seed 1913 tested 820108800
seed 1914 tested 820316160
seed 1915 tested 820523520
seed 1916 tested 820730880
seed 1917 tested 820938240
seed 1918 tested 821145600
seed 1919 tested 821352960
seed 1920 tested 821560320
seed 1921 tested 821767680
seed 1922 tested 821975040
seed 1923 tested 822182400
seed 1924 tested 822389760
seed 1925 tested 822597120
seed 1926 tested 822804480
seed 1927 tested 823011840
seed 1928 tested 823219200
seed 1929 tested 823426560
seed 1930 tested 823633920
seed 1931 tested 823841280
seed 1932 tested 824048640
seed 1933 tested 824256000
seed 1934 tested 824463360
seed 1935 tested 824670720
seed 1936 tested 824878080
seed 1937 tested 825085440
seed 1938 tested 825292800
seed 1939 tested 825500160
seed 1940 tested 825707520
seed 1941 tested 825914880
seed 1942 tested 826122240
seed 1943 tested 826329600
seed 1944 tested 826536960
seed 1945 tested 826744320
seed 1946 tested 826951680
seed 1947 tested 827159040
seed 1948 tested 827366400
seed 1949 tested 827573760
seed 1950 tested 827781120
seed 1951 tested 827988480
seed 1952 tested 828195840
seed 1953 tested 828403200
seed 1954 tested 828610560
seed 1955 tested 828817920
seed 1956 tested 829025280
seed 1957 tested 829232640
seed 1958 tested 829440000
seed 1959 tested 829647360
seed 1960 tested 829854720
seed 1961 tested 830062080
seed 1962 tested 830269440
seed 1963 tested 830476800
seed 1964 tested 830684160
seed 1965 tested 830891520
seed 1966 tested 831098880
seed 1967 tested 831306240
seed 1968 tested 831513600
seed 1969 tested 831720960
seed 1970 tested 831928320
seed 1971 tested 832135680
seed 1972 tested 832343040
seed 1973 tested 832550400
seed 1974 tested 832757760
seed 1975 tested 832965120
seed 1976 tested 833172480
seed 1977 tested 833379840
seed 1978 tested 833587200
seed 1979 tested 833794560
seed 1980 tested 834001920
seed 1981 tested 834209280
seed 1982 tested 834416640
seed 1983 tested 834624000
seed 1984 tested 834831360
seed 1985 tested 835038720
seed 1986 tested 835246080
seed 1987 tested 835453440
seed 1988 tested 835660800
seed 1989 tested 835868160
seed 1990 tested 836075520
seed 1991 tested 836282880
seed 1992 tested 836490240
seed 1993 tested 836697600
seed 1994 tested 836904960
seed 1995 tested 837112320
seed 1996 tested 837319680
seed 1997 tested 837527040
seed 1998 tested 837734400
seed 1999 tested 837941760
seed 2000 tested 838149120
seed 2001 tested 838356480
seed 2002 tested 838563840
seed 2003 tested 838771200
seed 2004 tested 838978560
seed 2005 tested 839185920
seed 2006 tested 839393280
seed 2007 tested 839600640
seed 2008 tested 839808000
seed 2009 tested 840015360
seed 2010 tested 840222720
seed 2011 tested 840430080
seed 2012 tested 840637440
seed 2013 tested 840844800
seed 2014 tested 841052160
seed 2015 tested 841259520
seed 2016 tested 841466880
seed 2017 tested 841674240
seed 2018 tested 841881600
seed 2019 tested 842088960
seed 2020 tested 842296320
seed 2021 tested 842503680
seed 2022 tested 842711040
seed 2023 tested 842918400
seed 2024 tested 843125760
seed 2025 tested 843333120
seed 2026 tested 843540480
seed 2027 tested 843747840
seed 2028 tested 843955200
seed 2029 tested 844162560
seed 2030 tested 844369920
seed 2031 tested 844577280
seed 2032 tested 844784640
seed 2033 tested 844992000
seed 2034 tested 845199360
seed 2035 tested 845406720
seed 2036 tested 845614080
seed 2037 tested 845821440
seed 2038 tested 846028800
seed 2039 tested 846236160
seed 2040 tested 846443520
seed 2041 tested 846650880
seed 2042 tested 846858240
seed 2043 tested 847065600
seed 2044 tested 847272960
seed 2045 tested 847480320
seed 2046 tested 847687680
seed 2047 tested 847895040
seed 2048 tested 848102400
seed 2049 tested 848309760
seed 2050 tested 848517120
seed 2051 tested 848724480
seed 2052 tested 848931840
seed 2053 tested 849139200
seed 2054 tested 849346560
seed 2055 tested 849553920
seed 2056 tested 849761280
seed 2057 tested 849968640
seed 2058 tested 850176000
seed 2059 tested 850383360
seed 2060 tested 850590720
seed 2061 tested 850798080
seed 2062 tested 851005440
seed 2063 tested 851212800
seed 2064 tested 851420160
seed 2065 tested 851627520
seed 2066 tested 851834880
seed 2067 tested 852042240
seed 2068 tested 852249600
seed 2069 tested 852456960
seed 2070 tested 852664320
seed 2071 tested 852871680
seed 2072 tested 853079040
seed 2073 tested 853286400
seed 2074 tested 853493760
seed 2075 tested 853701120
seed 2076 tested 853908480
seed 2077 tested 854115840
seed 2078 tested 854323200
seed 2079 tested 854530560
seed 2080 tested 854737920
seed 2081 tested 854945280
seed 2082 tested 855152640
seed 2083 tested 855360000
seed 2084 tested 855567360
seed 2085 tested 855774720
seed 2086 tested 855982080
seed 2087 tested 856189440
seed 2088 tested 856396800
seed 2089 tested 856604160
seed 2090 tested 856811520
seed 2091 tested 857018880
seed 2092 tested 857226240
seed 2093 tested 857433600
seed 2094 tested 857640960
seed 2095 tested 857848320
seed 2096 tested 858055680
seed 2097 tested 858263040
seed 2098 tested 858470400
seed 2099 tested 858677760
seed 2100 tested 858885120
seed 2101 tested 859092480
seed 2102 tested 859299840
seed 2103 tested 859507200
seed 2104 tested 859714560
seed 2105 tested 859921920
seed 2106 tested 860129280
seed 2107 tested 860336640
seed 2108 tested 860544000
seed 2109 tested 860751360
seed 2110 tested 860958720
seed 2111 tested 861166080
seed 2112 tested 861373440
seed 2113 tested 861580800
seed 2114 tested 861788160
seed 2115 tested 861995520
seed 2116 tested 862202880
seed 2117 tested 862410240
seed 2118 tested 862617600
seed 2119 tested 862824960
seed 2120 tested 863032320
seed 2121 tested 863239680
seed 2122 tested 863447040
seed 2123 tested 863654400
seed 2124 tested 863861760
seed 2125 tested 864069120
seed 2126 tested 864276480
seed 2127 tested 864483840
seed 2128 tested 864691200
seed 2129 tested 864898560
seed 2130 tested 865105920
seed 2131 tested 865313280
seed 2132 tested 865520640
seed 2133 tested 865728000
seed 2134 tested 865935360
seed 2135 tested 866142720
seed 2136 tested 866350080
seed 2137 tested 866557440
seed 2138 tested 866764800
seed 2139 tested 866972160
seed 2140 tested 867179520
seed 2141 tested 867386880
seed 2142 tested 867594240
seed 2143 tested 867801600
seed 2144 tested 868008960
seed 2145 tested 868216320
seed 2146 tested 868423680
seed 2147 tested 868631040
seed 2148 tested 868838400
seed 2149 tested 869045760
seed 2150 tested 869253120
seed 2151 tested 869460480
seed 2152 tested 869667840
seed 2153 tested 869875200
seed 2154 tested 870082560
seed 2155 tested 870289920
seed 2156 tested 870497280
seed 2157 tested 870704640
seed 2158 tested 870912000
seed 2159 tested 871119360
seed 2160 tested 871326720
seed 2161 tested 871534080
seed 2162 tested 871741440
seed 2163 tested 871948800
seed 2164 tested 872156160
seed 2165 tested 872363520
seed 2166 tested 872570880
seed 2167 tested 872778240
seed 2168 tested 872985600
seed 2169 tested 873192960
seed 2170 tested 873400320
seed 2171 tested 873607680
seed 2172 tested 873815040
seed 2173 tested 874022400
seed 2174 tested 874229760
seed 2175 tested 874437120
seed 2176 tested 874644480
seed 2177 tested 874851840
seed 2178 tested 875059200
seed 2179 tested 875266560
seed 2180 tested 875473920
seed 2181 tested 875681280
seed 2182 tested 875888640
seed 2183 tested 876096000
seed 2184 tested 876303360
seed 2185 tested 876510720
seed 2186 tested 876718080
seed 2187 tested 876925440
seed 2188 tested 877132800
seed 2189 tested 877340160
seed 2190 tested 877547520
seed 2191 tested 877754880
seed 2192 tested 877962240
seed 2193 tested 878169600
seed 2194 tested 878376960
seed 2195 tested 878584320
seed 2196 tested 878791680
seed 2197 tested 878999040
seed 2198 tested 879206400
seed 2199 tested 879413760
seed 2200 tested 879621120
seed 2201 tested 879828480
seed 2202 tested 880035840
seed 2203 tested 880243200
seed 2204 tested 880450560
seed 2205 tested 880657920
seed 2206 tested 880865280
seed 2207 tested 881072640
seed 2208 tested 881280000
seed 2209 tested 881487360
seed 2210 tested 881694720
seed 2211 tested 881902080
seed 2212 tested 882109440
seed 2213 tested 882316800
seed 2214 tested 882524160
seed 2215 tested 882731520
seed 2216 tested 882938880
seed 2217 tested 883146240
seed 2218 tested 883353600
seed 2219 tested 883560960
seed 2220 tested 883768320
seed 2221 tested 883975680
seed 2222 tested 884183040
seed 2223 tested 884390400
seed 2224 tested 884597760
seed 2225 tested 884805120
seed 2226 tested 885012480
seed 2227 tested 885219840
seed 2228 tested 885427200
seed 2229 tested 885634560
seed 2230 tested 885841920
seed 2231 tested 886049280
seed 2232 tested 886256640
seed 2233 tested 886464000
seed 2234 tested 886671360
seed 2235 tested 886878720
seed 2236 tested 887086080
seed 2237 tested 887293440
seed 2238 tested 887500800
seed 2239 tested 887708160
seed 2240 tested 887915520
seed 2241 tested 888122880
seed 2242 tested 888330240
seed 2243 tested 888537600
seed 2244 tested 888744960
seed 2245 tested 888952320
seed 2246 tested 889159680
seed 2247 tested 889367040
seed 2248 tested 889574400
seed 2249 tested 889781760
seed 2250 tested 889989120
seed 2251 tested 890196480
seed 2252 tested 890403840
seed 2253 tested 890611200
seed 2254 tested 890818560
seed 2255 tested 891025920
seed 2256 tested 891233280
seed 2257 tested 891440640
seed 2258 tested 891648000
seed 2259 tested 891855360
seed 2260 tested 892062720
seed 2261 tested 892270080
seed 2262 tested 892477440
seed 2263 tested 892684800
seed 2264 tested 892892160
seed 2265 tested 893099520
seed 2266 tested 893306880
seed 2267 tested 893514240
seed 2268 tested 893721600
seed 2269 tested 893928960
seed 2270 tested 894136320
seed 2271 tested 894343680
seed 2272 tested 894551040
seed 2273 tested 894758400
seed 2274 tested 894965760
seed 2275 tested 895173120
seed 2276 tested 895380480
seed 2277 tested 895587840
seed 2278 tested 895795200
seed 2279 tested 896002560
seed 2280 tested 896209920
seed 2281 tested 896417280
seed 2282 tested 896624640
seed 2283 tested 896832000
seed 2284 tested 897039360
seed 2285 tested 897246720
seed 2286 tested 897454080
seed 2287 tested 897661440
seed 2288 tested 897868800
seed 2289 tested 898076160
seed 2290 tested 898283520
seed 2291 tested 898490880
seed 2292 tested 898698240
seed 2293 tested 898905600
seed 2294 tested 899112960
seed 2295 tested 899320320
seed 2296 tested 899527680
seed 2297 tested 899735040
seed 2298 tested 899942400
seed 2299 tested 900149760
seed 2300 tested 900357120
seed 2301 tested 900564480
seed 2302 tested 900771840
seed 2303 tested 900979200
seed 2304 tested 901186560
seed 2305 tested 901393920
seed 2306 tested 901601280
seed 2307 tested 901808640
seed 2308 tested 902016000
seed 2309 tested 902223360
seed 2310 tested 902430720
seed 2311 tested 902638080
seed 2312 tested 902845440
seed 2313 tested 903052800
seed 2314 tested 903260160
seed 2315 tested 903467520
seed 2316 tested 903674880
seed 2317 tested 903882240
seed 2318 tested 904089600
seed 2319 tested 904296960
seed 2320 tested 904504320
seed 2321 tested 904711680
seed 2322 tested 904919040
seed 2323 tested 905126400
seed 2324 tested 905333760
seed 2325 tested 905541120
seed 2326 tested 905748480
seed 2327 tested 905955840
seed 2328 tested 906163200
seed 2329 tested 906370560
seed 2330 tested 906577920
seed 2331 tested 906785280
seed 2332 tested 906992640
seed 2333 tested 907200000
seed 2334 tested 907407360
seed 2335 tested 907614720
seed 2336 tested 907822080
seed 2337 tested 908029440
seed 2338 tested 908236800
seed 2339 tested 908444160
seed 2340 tested 908651520
seed 2341 tested 908858880
seed 2342 tested 909066240
seed 2343 tested 909273600
seed 2344 tested 909480960
seed 2345 tested 909688320
seed 2346 tested 909895680
seed 2347 tested 910103040
seed 2348 tested 910310400
seed 2349 tested 910517760
seed 2350 tested 910725120
seed 2351 tested 910932480
seed 2352 tested 911139840
seed 2353 tested 911347200
seed 2354 tested 911554560
seed 2355 tested 911761920
seed 2356 tested 911969280
seed 2357 tested 912176640
seed 2358 tested 912384000
seed 2359 tested 912591360
seed 2360 tested 912798720
seed 2361 tested 913006080
seed 2362 tested 913213440
seed 2363 tested 913420800
seed 2364 tested 913628160
seed 2365 tested 913835520
seed 2366 tested 914042880
seed 2367 tested 914250240
seed 2368 tested 914457600
seed 2369 tested 914664960
seed 2370 tested 914872320
seed 2371 tested 915079680
seed 2372 tested 915287040
seed 2373 tested 915494400
seed 2374 tested 915701760
seed 2375 tested 915909120
seed 2376 tested 916116480
seed 2377 tested 916323840
seed 2378 tested 916531200
seed 2379 tested 916738560
seed 2380 tested 916945920
seed 2381 tested 917153280
seed 2382 tested 917360640
seed 2383 tested 917568000
seed 2384 tested 917775360
seed 2385 tested 917982720
seed 2386 tested 918190080
seed 2387 tested 918397440
seed 2388 tested 918604800
seed 2389 tested 918812160
seed 2390 tested 919019520
seed 2391 tested 919226880
seed 2392 tested 919434240
seed 2393 tested 919641600
seed 2394 tested 919848960
seed 2395 tested 920056320
seed 2396 tested 920263680
seed 2397 tested 920471040
seed 2398 tested 920678400
seed 2399 tested 920885760
seed 2400 tested 921093120
seed 2401 tested 921300480
seed 2402 tested 921507840
seed 2403 tested 921715200
seed 2404 tested 921922560
seed 2405 tested 922129920
seed 2406 tested 922337280
seed 2407 tested 922544640
seed 2408 tested 922752000
seed 2409 tested 922959360
seed 2410 tested 923166720
seed 2411 tested 923374080
seed 2412 tested 923581440
seed 2413 tested 923788800
seed 2414 tested 923996160
seed 2415 tested 924203520
seed 2416 tested 924410880
seed 2417 tested 924618240
seed 2418 tested 924825600
seed 2419 tested 925032960
seed 2420 tested 925240320
seed 2421 tested 925447680
seed 2422 tested 925655040
seed 2423 tested 925862400
seed 2424 tested 926069760
seed 2425 tested 926277120
seed 2426 tested 926484480
seed 2427 tested 926691840
seed 2428 tested 926899200
seed 2429 tested 927106560
seed 2430 tested 927313920
seed 2431 tested 927521280
seed 2432 tested 927728640
seed 2433 tested 927936000
seed 2434 tested 928143360
seed 2435 tested 928350720
seed 2436 tested 928558080
seed 2437 tested 928765440
seed 2438 tested 928972800
seed 2439 tested 929180160
seed 2440 tested 929387520
seed 2441 tested 929594880
seed 2442 tested 929802240
seed 2443 tested 930009600
seed 2444 tested 930216960
seed 2445 tested 930424320
seed 2446 tested 930631680
seed 2447 tested 930839040
seed 2448 tested 931046400
seed 2449 tested 931253760
seed 2450 tested 931461120
seed 2451 tested 931668480
seed 2452 tested 931875840
seed 2453 tested 932083200
seed 2454 tested 932290560
seed 2455 tested 932497920
seed 2456 tested 932705280
seed 2457 tested 932912640
seed 2458 tested 933120000
seed 2459 tested 933327360
seed 2460 tested 933534720
seed 2461 tested 933742080
seed 2462 tested 933949440
seed 2463 tested 934156800
seed 2464 tested 934364160
seed 2465 tested 934571520
seed 2466 tested 934778880
seed 2467 tested 934986240
seed 2468 tested 935193600
seed 2469 tested 935400960
seed 2470 tested 935608320
seed 2471 tested 935815680
seed 2472 tested 936023040
seed 2473 tested 936230400
seed 2474 tested 936437760
seed 2475 tested 936645120
seed 2476 tested 936852480
seed 2477 tested 937059840
seed 2478 tested 937267200
seed 2479 tested 937474560
seed 2480 tested 937681920
seed 2481 tested 937889280
seed 2482 tested 938096640
seed 2483 tested 938304000
seed 2484 tested 938511360
seed 2485 tested 938718720
seed 2486 tested 938926080
seed 2487 tested 939133440
seed 2488 tested 939340800
seed 2489 tested 939548160
seed 2490 tested 939755520
seed 2491 tested 939962880
seed 2492 tested 940170240
seed 2493 tested 940377600
seed 2494 tested 940584960
seed 2495 tested 940792320
seed 2496 tested 940999680
seed 2497 tested 941207040
seed 2498 tested 941414400
seed 2499 tested 941621760
seed 2500 tested 941829120
seed 2501 tested 942036480
seed 2502 tested 942243840
seed 2503 tested 942451200
seed 2504 tested 942658560
seed 2505 tested 942865920
seed 2506 tested 943073280
seed 2507 tested 943280640
seed 2508 tested 943488000
seed 2509 tested 943695360
seed 2510 tested 943902720
seed 2511 tested 944110080
seed 2512 tested 944317440
seed 2513 tested 944524800
seed 2514 tested 944732160
seed 2515 tested 944939520
seed 2516 tested 945146880
seed 2517 tested 945354240
seed 2518 tested 945561600
seed 2519 tested 945768960
seed 2520 tested 945976320
seed 2521 tested 946183680
seed 2522 tested 946391040
seed 2523 tested 946598400
seed 2524 tested 946805760
seed 2525 tested 947013120
seed 2526 tested 947220480
seed 2527 tested 947427840
seed 2528 tested 947635200
seed 2529 tested 947842560
seed 2530 tested 948049920
seed 2531 tested 948257280
seed 2532 tested 948464640
seed 2533 tested 948672000
seed 2534 tested 948879360
seed 2535 tested 949086720
seed 2536 tested 949294080
seed 2537 tested 949501440
seed 2538 tested 949708800
seed 2539 tested 949916160
seed 2540 tested 950123520
seed 2541 tested 950330880
seed 2542 tested 950538240
seed 2543 tested 950745600
seed 2544 tested 950952960
seed 2545 tested 951160320
seed 2546 tested 951367680
seed 2547 tested 951575040
seed 2548 tested 951782400
seed 2549 tested 951989760
seed 2550 tested 952197120
seed 2551 tested 952404480
seed 2552 tested 952611840
seed 2553 tested 952819200
seed 2554 tested 953026560
seed 2555 tested 953233920
seed 2556 tested 953441280
seed 2557 tested 953648640
seed 2558 tested 953856000
seed 2559 tested 954063360
seed 2560 tested 954270720
seed 2561 tested 954478080
seed 2562 tested 954685440
seed 2563 tested 954892800
seed 2564 tested 955100160
seed 2565 tested 955307520
seed 2566 tested 955514880
seed 2567 tested 955722240
seed 2568 tested 955929600
seed 2569 tested 956136960
seed 2570 tested 956344320
seed 2571 tested 956551680
seed 2572 tested 956759040
seed 2573 tested 956966400
seed 2574 tested 957173760
seed 2575 tested 957381120
seed 2576 tested 957588480
seed 2577 tested 957795840
seed 2578 tested 958003200
seed 2579 tested 958210560
seed 2580 tested 958417920
seed 2581 tested 958625280
seed 2582 tested 958832640
seed 2583 tested 959040000
seed 2584 tested 959247360
seed 2585 tested 959454720
seed 2586 tested 959662080
seed 2587 tested 959869440
seed 2588 tested 960076800
seed 2589 tested 960284160
seed 2590 tested 960491520
seed 2591 tested 960698880
seed 2592 tested 960906240
seed 2593 tested 961113600
seed 2594 tested 961320960
seed 2595 tested 961528320
seed 2596 tested 961735680
seed 2597 tested 961943040
seed 2598 tested 962150400
seed 2599 tested 962357760
seed 2600 tested 962565120
seed 2601 tested 962772480
seed 2602 tested 962979840
seed 2603 tested 963187200
seed 2604 tested 963394560
seed 2605 tested 963601920
seed 2606 tested 963809280
seed 2607 tested 964016640
seed 2608 tested 964224000
seed 2609 tested 964431360
seed 2610 tested 964638720
seed 2611 tested 964846080
seed 2612 tested 965053440
seed 2613 tested 965260800
seed 2614 tested 965468160
seed 2615 tested 965675520
seed 2616 tested 965882880
seed 2617 tested 966090240
seed 2618 tested 966297600
seed 2619 tested 966504960
seed 2620 tested 966712320
seed 2621 tested 966919680
seed 2622 tested 967127040
seed 2623 tested 967334400
seed 2624 tested 967541760
seed 2625 tested 967749120
seed 2626 tested 967956480
seed 2627 tested 968163840
seed 2628 tested 968371200
seed 2629 tested 968578560
seed 2630 tested 968785920
seed 2631 tested 968993280
seed 2632 tested 969200640
seed 2633 tested 969408000
seed 2634 tested 969615360
seed 2635 tested 969822720
seed 2636 tested 970030080
seed 2637 tested 970237440
seed 2638 tested 970444800
seed 2639 tested 970652160
seed 2640 tested 970859520
seed 2641 tested 971066880
seed 2642 tested 971274240
seed 2643 tested 971481600
seed 2644 tested 971688960
seed 2645 tested 971896320
seed 2646 tested 972103680
seed 2647 tested 972311040
seed 2648 tested 972518400
seed 2649 tested 972725760
seed 2650 tested 972933120
seed 2651 tested 973140480
seed 2652 tested 973347840
seed 2653 tested 973555200
seed 2654 tested 973762560
seed 2655 tested 973969920
seed 2656 tested 974177280
seed 2657 tested 974384640
seed 2658 tested 974592000
seed 2659 tested 974799360
seed 2660 tested 975006720
seed 2661 tested 975214080
seed 2662 tested 975421440
seed 2663 tested 975628800
seed 2664 tested 975836160
seed 2665 tested 976043520
seed 2666 tested 976250880
seed 2667 tested 976458240
seed 2668 tested 976665600
seed 2669 tested 976872960
seed 2670 tested 977080320
seed 2671 tested 977287680
seed 2672 tested 977495040
seed 2673 tested 977702400
seed 2674 tested 977909760
seed 2675 tested 978117120
seed 2676 tested 978324480
seed 2677 tested 978531840
seed 2678 tested 978739200
seed 2679 tested 978946560
seed 2680 tested 979153920
seed 2681 tested 979361280
seed 2682 tested 979568640
seed 2683 tested 979776000
seed 2684 tested 979983360
seed 2685 tested 980190720
seed 2686 tested 980398080
seed 2687 tested 980605440
seed 2688 tested 980812800
seed 2689 tested 981020160
seed 2690 tested 981227520
seed 2691 tested 981434880
seed 2692 tested 981642240
seed 2693 tested 981849600
seed 2694 tested 982056960
seed 2695 tested 982264320
seed 2696 tested 982471680
seed 2697 tested 982679040
seed 2698 tested 982886400
seed 2699 tested 983093760
seed 2700 tested 983301120
seed 2701 tested 983508480
seed 2702 tested 983715840
seed 2703 tested 983923200
seed 2704 tested 984130560
seed 2705 tested 984337920
seed 2706 tested 984545280
seed 2707 tested 984752640
seed 2708 tested 984960000
seed 2709 tested 985167360
seed 2710 tested 985374720
seed 2711 tested 985582080
seed 2712 tested 985789440
seed 2713 tested 985996800
seed 2714 tested 986204160
seed 2715 tested 986411520
seed 2716 tested 986618880
seed 2717 tested 986826240
seed 2718 tested 987033600
seed 2719 tested 987240960
seed 2720 tested 987448320
seed 2721 tested 987655680
seed 2722 tested 987863040
seed 2723 tested 988070400
seed 2724 tested 988277760
seed 2725 tested 988485120
seed 2726 tested 988692480
seed 2727 tested 988899840
seed 2728 tested 989107200
seed 2729 tested 989314560
seed 2730 tested 989521920
seed 2731 tested 989729280
seed 2732 tested 989936640
seed 2733 tested 990144000
seed 2734 tested 990351360
seed 2735 tested 990558720
seed 2736 tested 990766080
seed 2737 tested 990973440
seed 2738 tested 991180800
seed 2739 tested 991388160
seed 2740 tested 991595520
seed 2741 tested 991802880
seed 2742 tested 992010240
seed 2743 tested 992217600
seed 2744 tested 992424960
seed 2745 tested 992632320
seed 2746 tested 992839680
seed 2747 tested 993047040
seed 2748 tested 993254400
seed 2749 tested 993461760
seed 2750 tested 993669120
seed 2751 tested 993876480
seed 2752 tested 994083840
seed 2753 tested 994291200
seed 2754 tested 994498560
seed 2755 tested 994705920
seed 2756 tested 994913280
seed 2757 tested 995120640
seed 2758 tested 995328000
seed 2759 tested 995535360
seed 2760 tested 995742720
seed 2761 tested 995950080
seed 2762 tested 996157440
seed 2763 tested 996364800
seed 2764 tested 996572160
seed 2765 tested 996779520
seed 2766 tested 996986880
seed 2767 tested 997194240
seed 2768 tested 997401600
seed 2769 tested 997608960
seed 2770 tested 997816320
seed 2771 tested 998023680
seed 2772 tested 998231040
seed 2773 tested 998438400
seed 2774 tested 998645760
seed 2775 tested 998853120
seed 2776 tested 999060480
seed 2777 tested 999267840
seed 2778 tested 999475200
seed 2779 tested 999682560
seed 2780 tested 999889920
seed 2781 tested 1000097280
seed 2782 tested 1000304640
seed 2783 tested 1000512000
seed 2784 tested 1000719360
seed 2785 tested 1000926720
seed 2786 tested 1001134080
seed 2787 tested 1001341440
seed 2788 tested 1001548800
seed 2789 tested 1001756160
seed 2790 tested 1001963520
seed 2791 tested 1002170880
seed 2792 tested 1002378240
seed 2793 tested 1002585600
seed 2794 tested 1002792960
seed 2795 tested 1003000320
seed 2796 tested 1003207680
seed 2797 tested 1003415040
seed 2798 tested 1003622400
seed 2799 tested 1003829760
seed 2800 tested 1004037120
seed 2801 tested 1004244480
seed 2802 tested 1004451840
seed 2803 tested 1004659200
seed 2804 tested 1004866560
seed 2805 tested 1005073920
seed 2806 tested 1005281280
seed 2807 tested 1005488640
seed 2808 tested 1005696000
seed 2809 tested 1005903360
seed 2810 tested 1006110720
seed 2811 tested 1006318080
seed 2812 tested 1006525440
seed 2813 tested 1006732800
seed 2814 tested 1006940160
seed 2815 tested 1007147520
seed 2816 tested 1007354880
seed 2817 tested 1007562240
seed 2818 tested 1007769600
seed 2819 tested 1007976960
seed 2820 tested 1008184320
seed 2821 tested 1008391680
seed 2822 tested 1008599040
seed 2823 tested 1008806400
seed 2824 tested 1009013760
seed 2825 tested 1009221120
seed 2826 tested 1009428480
seed 2827 tested 1009635840
seed 2828 tested 1009843200
seed 2829 tested 1010050560
seed 2830 tested 1010257920
seed 2831 tested 1010465280
seed 2832 tested 1010672640
seed 2833 tested 1010880000
seed 2834 tested 1011087360
seed 2835 tested 1011294720
seed 2836 tested 1011502080
seed 2837 tested 1011709440
seed 2838 tested 1011916800
seed 2839 tested 1012124160
seed 2840 tested 1012331520
seed 2841 tested 1012538880
seed 2842 tested 1012746240
seed 2843 tested 1012953600
seed 2844 tested 1013160960
seed 2845 tested 1013368320
seed 2846 tested 1013575680
seed 2847 tested 1013783040
seed 2848 tested 1013990400
seed 2849 tested 1014197760
seed 2850 tested 1014405120
seed 2851 tested 1014612480
seed 2852 tested 1014819840
seed 2853 tested 1015027200
seed 2854 tested 1015234560
seed 2855 tested 1015441920
seed 2856 tested 1015649280
seed 2857 tested 1015856640
seed 2858 tested 1016064000
seed 2859 tested 1016271360
seed 2860 tested 1016478720
seed 2861 tested 1016686080
seed 2862 tested 1016893440
seed 2863 tested 1017100800
seed 2864 tested 1017308160
seed 2865 tested 1017515520
seed 2866 tested 1017722880
seed 2867 tested 1017930240
seed 2868 tested 1018137600
seed 2869 tested 1018344960
seed 2870 tested 1018552320
seed 2871 tested 1018759680
seed 2872 tested 1018967040
seed 2873 tested 1019174400
seed 2874 tested 1019381760
seed 2875 tested 1019589120
seed 2876 tested 1019796480
seed 2877 tested 1020003840
seed 2878 tested 1020211200
seed 2879 tested 1020418560
seed 2880 tested 1020625920
seed 2881 tested 1020833280
seed 2882 tested 1021040640
seed 2883 tested 1021248000
seed 2884 tested 1021455360
seed 2885 tested 1021662720
seed 2886 tested 1021870080
seed 2887 tested 1022077440
seed 2888 tested 1022284800
seed 2889 tested 1022492160
seed 2890 tested 1022699520
seed 2891 tested 1022906880
seed 2892 tested 1023114240
seed 2893 tested 1023321600
seed 2894 tested 1023528960
seed 2895 tested 1023736320
seed 2896 tested 1023943680
seed 2897 tested 1024151040
seed 2898 tested 1024358400
seed 2899 tested 1024565760
seed 2900 tested 1024773120
seed 2901 tested 1024980480
seed 2902 tested 1025187840
seed 2903 tested 1025395200
seed 2904 tested 1025602560
seed 2905 tested 1025809920
seed 2906 tested 1026017280
seed 2907 tested 1026224640
seed 2908 tested 1026432000
seed 2909 tested 1026639360
seed 2910 tested 1026846720
seed 2911 tested 1027054080
seed 2912 tested 1027261440
seed 2913 tested 1027468800
seed 2914 tested 1027676160
seed 2915 tested 1027883520
seed 2916 tested 1028090880
seed 2917 tested 1028298240
seed 2918 tested 1028505600
seed 2919 tested 1028712960
seed 2920 tested 1028920320
seed 2921 tested 1029127680
seed 2922 tested 1029335040
seed 2923 tested 1029542400
seed 2924 tested 1029749760
seed 2925 tested 1029957120
seed 2926 tested 1030164480
seed 2927 tested 1030371840
seed 2928 tested 1030579200
seed 2929 tested 1030786560
seed 2930 tested 1030993920
seed 2931 tested 1031201280
seed 2932 tested 1031408640
seed 2933 tested 1031616000
seed 2934 tested 1031823360
seed 2935 tested 1032030720
seed 2936 tested 1032238080
seed 2937 tested 1032445440
seed 2938 tested 1032652800
seed 2939 tested 1032860160
seed 2940 tested 1033067520
seed 2941 tested 1033274880
seed 2942 tested 1033482240
seed 2943 tested 1033689600
seed 2944 tested 1033896960
seed 2945 tested 1034104320
seed 2946 tested 1034311680
seed 2947 tested 1034519040
seed 2948 tested 1034726400
seed 2949 tested 1034933760
seed 2950 tested 1035141120
seed 2951 tested 1035348480
seed 2952 tested 1035555840
seed 2953 tested 1035763200
seed 2954 tested 1035970560
seed 2955 tested 1036177920
seed 2956 tested 1036385280
seed 2957 tested 1036592640
seed 2958 tested 1036800000
seed 2959 tested 1037007360
seed 2960 tested 1037214720
seed 2961 tested 1037422080
seed 2962 tested 1037629440
seed 2963 tested 1037836800
seed 2964 tested 1038044160
seed 2965 tested 1038251520
seed 2966 tested 1038458880
seed 2967 tested 1038666240
seed 2968 tested 1038873600
seed 2969 tested 1039080960
seed 2970 tested 1039288320
seed 2971 tested 1039495680
seed 2972 tested 1039703040
seed 2973 tested 1039910400
seed 2974 tested 1040117760
seed 2975 tested 1040325120
seed 2976 tested 1040532480
seed 2977 tested 1040739840
seed 2978 tested 1040947200
seed 2979 tested 1041154560
seed 2980 tested 1041361920
seed 2981 tested 1041569280
seed 2982 tested 1041776640
seed 2983 tested 1041984000
seed 2984 tested 1042191360
seed 2985 tested 1042398720
seed 2986 tested 1042606080
seed 2987 tested 1042813440
seed 2988 tested 1043020800
seed 2989 tested 1043228160
seed 2990 tested 1043435520
seed 2991 tested 1043642880
seed 2992 tested 1043850240
seed 2993 tested 1044057600
seed 2994 tested 1044264960
seed 2995 tested 1044472320
seed 2996 tested 1044679680
seed 2997 tested 1044887040
seed 2998 tested 1045094400
seed 2999 tested 1045301760
seed 3000 tested 1045509120
seed 3001 tested 1045716480
seed 3002 tested 1045923840
seed 3003 tested 1046131200
seed 3004 tested 1046338560
seed 3005 tested 1046545920
seed 3006 tested 1046753280
seed 3007 tested 1046960640
seed 3008 tested 1047168000
seed 3009 tested 1047375360
seed 3010 tested 1047582720
seed 3011 tested 1047790080
seed 3012 tested 1047997440
seed 3013 tested 1048204800
seed 3014 tested 1048412160
seed 3015 tested 1048619520
seed 3016 tested 1048826880
seed 3017 tested 1049034240
seed 3018 tested 1049241600
seed 3019 tested 1049448960
seed 3020 tested 1049656320
seed 3021 tested 1049863680
seed 3022 tested 1050071040
seed 3023 tested 1050278400
seed 3024 tested 1050485760
seed 3025 tested 1050693120
seed 3026 tested 1050900480
seed 3027 tested 1051107840
seed 3028 tested 1051315200
seed 3029 tested 1051522560
seed 3030 tested 1051729920
seed 3031 tested 1051937280
seed 3032 tested 1052144640
seed 3033 tested 1052352000
seed 3034 tested 1052559360
seed 3035 tested 1052766720
seed 3036 tested 1052974080
seed 3037 tested 1053181440
seed 3038 tested 1053388800
seed 3039 tested 1053596160
seed 3040 tested 1053803520
seed 3041 tested 1054010880
seed 3042 tested 1054218240
seed 3043 tested 1054425600
seed 3044 tested 1054632960
seed 3045 tested 1054840320
seed 3046 tested 1055047680
seed 3047 tested 1055255040
seed 3048 tested 1055462400
seed 3049 tested 1055669760
seed 3050 tested 1055877120
seed 3051 tested 1056084480
seed 3052 tested 1056291840
seed 3053 tested 1056499200
seed 3054 tested 1056706560
seed 3055 tested 1056913920
seed 3056 tested 1057121280
seed 3057 tested 1057328640
seed 3058 tested 1057536000
seed 3059 tested 1057743360
seed 3060 tested 1057950720
seed 3061 tested 1058158080
seed 3062 tested 1058365440
seed 3063 tested 1058572800
seed 3064 tested 1058780160
seed 3065 tested 1058987520
seed 3066 tested 1059194880
seed 3067 tested 1059402240
seed 3068 tested 1059609600
seed 3069 tested 1059816960
seed 3070 tested 1060024320
seed 3071 tested 1060231680
seed 3072 tested 1060439040
seed 3073 tested 1060646400
seed 3074 tested 1060853760
seed 3075 tested 1061061120
seed 3076 tested 1061268480
seed 3077 tested 1061475840
seed 3078 tested 1061683200
seed 3079 tested 1061890560
seed 3080 tested 1062097920
seed 3081 tested 1062305280
seed 3082 tested 1062512640
seed 3083 tested 1062720000
seed 3084 tested 1062927360
seed 3085 tested 1063134720
seed 3086 tested 1063342080
seed 3087 tested 1063549440
seed 3088 tested 1063756800
seed 3089 tested 1063964160
seed 3090 tested 1064171520
seed 3091 tested 1064378880
seed 3092 tested 1064586240
seed 3093 tested 1064793600
seed 3094 tested 1065000960
seed 3095 tested 1065208320
seed 3096 tested 1065415680
seed 3097 tested 1065623040
seed 3098 tested 1065830400
seed 3099 tested 1066037760
seed 3100 tested 1066245120
seed 3101 tested 1066452480
seed 3102 tested 1066659840
seed 3103 tested 1066867200
seed 3104 tested 1067074560
seed 3105 tested 1067281920
seed 3106 tested 1067489280
seed 3107 tested 1067696640
seed 3108 tested 1067904000
seed 3109 tested 1068111360
seed 3110 tested 1068318720
seed 3111 tested 1068526080
seed 3112 tested 1068733440
seed 3113 tested 1068940800
seed 3114 tested 1069148160
seed 3115 tested 1069355520
seed 3116 tested 1069562880
seed 3117 tested 1069770240
seed 3118 tested 1069977600
seed 3119 tested 1070184960
seed 3120 tested 1070392320
seed 3121 tested 1070599680
seed 3122 tested 1070807040
seed 3123 tested 1071014400
seed 3124 tested 1071221760
seed 3125 tested 1071429120
seed 3126 tested 1071636480
seed 3127 tested 1071843840
seed 3128 tested 1072051200
seed 3129 tested 1072258560
seed 3130 tested 1072465920
seed 3131 tested 1072673280
seed 3132 tested 1072880640
seed 3133 tested 1073088000
seed 3134 tested 1073295360
seed 3135 tested 1073502720
seed 3136 tested 1073710080
seed 3137 tested 1073917440
seed 3138 tested 1074124800
seed 3139 tested 1074332160
seed 3140 tested 1074539520
seed 3141 tested 1074746880
seed 3142 tested 1074954240
seed 3143 tested 1075161600
seed 3144 tested 1075368960
seed 3145 tested 1075576320
seed 3146 tested 1075783680
seed 3147 tested 1075991040
seed 3148 tested 1076198400
seed 3149 tested 1076405760
seed 3150 tested 1076613120
seed 3151 tested 1076820480
seed 3152 tested 1077027840
seed 3153 tested 1077235200
seed 3154 tested 1077442560
seed 3155 tested 1077649920
seed 3156 tested 1077857280
seed 3157 tested 1078064640
seed 3158 tested 1078272000
seed 3159 tested 1078479360
seed 3160 tested 1078686720
seed 3161 tested 1078894080
seed 3162 tested 1079101440
seed 3163 tested 1079308800
seed 3164 tested 1079516160
seed 3165 tested 1079723520
seed 3166 tested 1079930880
seed 3167 tested 1080138240
seed 3168 tested 1080345600
seed 3169 tested 1080552960
seed 3170 tested 1080760320
seed 3171 tested 1080967680
seed 3172 tested 1081175040
seed 3173 tested 1081382400
seed 3174 tested 1081589760
seed 3175 tested 1081797120
seed 3176 tested 1082004480
seed 3177 tested 1082211840
seed 3178 tested 1082419200
seed 3179 tested 1082626560
seed 3180 tested 1082833920
seed 3181 tested 1083041280
seed 3182 tested 1083248640
seed 3183 tested 1083456000
seed 3184 tested 1083663360
seed 3185 tested 1083870720
seed 3186 tested 1084078080
seed 3187 tested 1084285440
seed 3188 tested 1084492800
seed 3189 tested 1084700160
seed 3190 tested 1084907520
seed 3191 tested 1085114880
seed 3192 tested 1085322240
seed 3193 tested 1085529600
seed 3194 tested 1085736960
seed 3195 tested 1085944320
seed 3196 tested 1086151680
seed 3197 tested 1086359040
seed 3198 tested 1086566400
seed 3199 tested 1086773760
seed 3200 tested 1086981120
seed 3201 tested 1087188480
seed 3202 tested 1087395840
seed 3203 tested 1087603200
seed 3204 tested 1087810560
seed 3205 tested 1088017920
seed 3206 tested 1088225280
seed 3207 tested 1088432640
seed 3208 tested 1088640000
seed 3209 tested 1088847360
seed 3210 tested 1089054720
seed 3211 tested 1089262080
seed 3212 tested 1089469440
seed 3213 tested 1089676800
seed 3214 tested 1089884160
seed 3215 tested 1090091520
seed 3216 tested 1090298880
seed 3217 tested 1090506240
seed 3218 tested 1090713600
seed 3219 tested 1090920960
seed 3220 tested 1091128320
seed 3221 tested 1091335680
seed 3222 tested 1091543040
seed 3223 tested 1091750400
seed 3224 tested 1091957760
seed 3225 tested 1092165120
seed 3226 tested 1092372480
seed 3227 tested 1092579840
seed 3228 tested 1092787200
seed 3229 tested 1092994560
seed 3230 tested 1093201920
seed 3231 tested 1093409280
seed 3232 tested 1093616640
seed 3233 tested 1093824000
seed 3234 tested 1094031360
seed 3235 tested 1094238720
seed 3236 tested 1094446080
seed 3237 tested 1094653440
seed 3238 tested 1094860800
seed 3239 tested 1095068160
seed 3240 tested 1095275520
seed 3241 tested 1095482880
seed 3242 tested 1095690240
seed 3243 tested 1095897600
seed 3244 tested 1096104960
seed 3245 tested 1096312320
seed 3246 tested 1096519680
seed 3247 tested 1096727040
seed 3248 tested 1096934400
seed 3249 tested 1097141760
seed 3250 tested 1097349120
seed 3251 tested 1097556480
seed 3252 tested 1097763840
seed 3253 tested 1097971200
seed 3254 tested 1098178560
seed 3255 tested 1098385920
seed 3256 tested 1098593280
seed 3257 tested 1098800640
seed 3258 tested 1099008000
seed 3259 tested 1099215360
seed 3260 tested 1099422720
seed 3261 tested 1099630080
seed 3262 tested 1099837440
seed 3263 tested 1100044800
seed 3264 tested 1100252160
seed 3265 tested 1100459520
seed 3266 tested 1100666880
seed 3267 tested 1100874240
seed 3268 tested 1101081600
seed 3269 tested 1101288960
seed 3270 tested 1101496320
seed 3271 tested 1101703680
seed 3272 tested 1101911040
seed 3273 tested 1102118400
seed 3274 tested 1102325760
seed 3275 tested 1102533120
seed 3276 tested 1102740480
seed 3277 tested 1102947840
seed 3278 tested 1103155200
seed 3279 tested 1103362560
seed 3280 tested 1103569920
seed 3281 tested 1103777280
seed 3282 tested 1103984640
seed 3283 tested 1104192000
seed 3284 tested 1104399360
seed 3285 tested 1104606720
seed 3286 tested 1104814080
seed 3287 tested 1105021440
seed 3288 tested 1105228800
seed 3289 tested 1105436160
seed 3290 tested 1105643520
seed 3291 tested 1105850880
seed 3292 tested 1106058240
seed 3293 tested 1106265600
seed 3294 tested 1106472960
seed 3295 tested 1106680320
seed 3296 tested 1106887680
seed 3297 tested 1107095040
seed 3298 tested 1107302400
seed 3299 tested 1107509760
seed 3300 tested 1107717120
seed 3301 tested 1107924480
seed 3302 tested 1108131840
seed 3303 tested 1108339200
seed 3304 tested 1108546560
seed 3305 tested 1108753920
seed 3306 tested 1108961280
seed 3307 tested 1109168640
seed 3308 tested 1109376000
seed 3309 tested 1109583360
seed 3310 tested 1109790720
seed 3311 tested 1109998080
seed 3312 tested 1110205440
seed 3313 tested 1110412800
seed 3314 tested 1110620160
seed 3315 tested 1110827520
seed 3316 tested 1111034880
seed 3317 tested 1111242240
seed 3318 tested 1111449600
seed 3319 tested 1111656960
seed 3320 tested 1111864320
seed 3321 tested 1112071680
seed 3322 tested 1112279040
seed 3323 tested 1112486400
seed 3324 tested 1112693760
seed 3325 tested 1112901120
seed 3326 tested 1113108480
seed 3327 tested 1113315840
seed 3328 tested 1113523200
seed 3329 tested 1113730560
seed 3330 tested 1113937920
seed 3331 tested 1114145280
seed 3332 tested 1114352640
seed 3333 tested 1114560000
seed 3334 tested 1114767360
seed 3335 tested 1114974720
seed 3336 tested 1115182080
seed 3337 tested 1115389440
seed 3338 tested 1115596800
seed 3339 tested 1115804160
seed 3340 tested 1116011520
seed 3341 tested 1116218880
seed 3342 tested 1116426240
seed 3343 tested 1116633600
seed 3344 tested 1116840960
seed 3345 tested 1117048320
seed 3346 tested 1117255680
seed 3347 tested 1117463040
seed 3348 tested 1117670400
seed 3349 tested 1117877760
seed 3350 tested 1118085120
seed 3351 tested 1118292480
seed 3352 tested 1118499840
seed 3353 tested 1118707200
seed 3354 tested 1118914560
seed 3355 tested 1119121920
seed 3356 tested 1119329280
seed 3357 tested 1119536640
seed 3358 tested 1119744000
seed 3359 tested 1119951360
seed 3360 tested 1120158720
seed 3361 tested 1120366080
seed 3362 tested 1120573440
seed 3363 tested 1120780800
seed 3364 tested 1120988160
seed 3365 tested 1121195520
seed 3366 tested 1121402880
seed 3367 tested 1121610240
seed 3368 tested 1121817600
seed 3369 tested 1122024960
seed 3370 tested 1122232320
seed 3371 tested 1122439680
seed 3372 tested 1122647040
seed 3373 tested 1122854400
seed 3374 tested 1123061760
seed 3375 tested 1123269120
seed 3376 tested 1123476480
seed 3377 tested 1123683840
seed 3378 tested 1123891200
seed 3379 tested 1124098560
seed 3380 tested 1124305920
seed 3381 tested 1124513280
seed 3382 tested 1124720640
seed 3383 tested 1124928000
seed 3384 tested 1125135360
seed 3385 tested 1125342720
seed 3386 tested 1125550080
seed 3387 tested 1125757440
seed 3388 tested 1125964800
seed 3389 tested 1126172160
seed 3390 tested 1126379520
seed 3391 tested 1126586880
seed 3392 tested 1126794240
seed 3393 tested 1127001600
seed 3394 tested 1127208960
seed 3395 tested 1127416320
seed 3396 tested 1127623680
seed 3397 tested 1127831040
seed 3398 tested 1128038400
seed 3399 tested 1128245760
seed 3400 tested 1128453120
seed 3401 tested 1128660480
seed 3402 tested 1128867840
seed 3403 tested 1129075200
seed 3404 tested 1129282560
seed 3405 tested 1129489920
seed 3406 tested 1129697280
seed 3407 tested 1129904640
seed 3408 tested 1130112000
seed 3409 tested 1130319360
seed 3410 tested 1130526720
seed 3411 tested 1130734080
seed 3412 tested 1130941440
seed 3413 tested 1131148800
seed 3414 tested 1131356160
seed 3415 tested 1131563520
seed 3416 tested 1131770880
seed 3417 tested 1131978240
seed 3418 tested 1132185600
seed 3419 tested 1132392960
seed 3420 tested 1132600320
seed 3421 tested 1132807680
seed 3422 tested 1133015040
seed 3423 tested 1133222400
seed 3424 tested 1133429760
seed 3425 tested 1133637120
seed 3426 tested 1133844480
seed 3427 tested 1134051840
seed 3428 tested 1134259200
seed 3429 tested 1134466560
seed 3430 tested 1134673920
seed 3431 tested 1134881280
seed 3432 tested 1135088640
seed 3433 tested 1135296000
seed 3434 tested 1135503360
seed 3435 tested 1135710720
seed 3436 tested 1135918080
seed 3437 tested 1136125440
seed 3438 tested 1136332800
seed 3439 tested 1136540160
seed 3440 tested 1136747520
seed 3441 tested 1136954880
seed 3442 tested 1137162240
seed 3443 tested 1137369600
seed 3444 tested 1137576960
seed 3445 tested 1137784320
seed 3446 tested 1137991680
seed 3447 tested 1138199040
seed 3448 tested 1138406400
seed 3449 tested 1138613760
seed 3450 tested 1138821120
seed 3451 tested 1139028480
seed 3452 tested 1139235840
seed 3453 tested 1139443200
seed 3454 tested 1139650560
seed 3455 tested 1139857920
seed 3456 tested 1140065280
seed 3457 tested 1140272640
seed 3458 tested 1140480000
seed 3459 tested 1140687360
seed 3460 tested 1140894720
seed 3461 tested 1141102080
seed 3462 tested 1141309440
seed 3463 tested 1141516800
seed 3464 tested 1141724160
seed 3465 tested 1141931520
seed 3466 tested 1142138880
seed 3467 tested 1142346240
seed 3468 tested 1142553600
seed 3469 tested 1142760960
seed 3470 tested 1142968320
seed 3471 tested 1143175680
seed 3472 tested 1143383040
seed 3473 tested 1143590400
seed 3474 tested 1143797760
seed 3475 tested 1144005120
seed 3476 tested 1144212480
seed 3477 tested 1144419840
seed 3478 tested 1144627200
seed 3479 tested 1144834560
seed 3480 tested 1145041920
seed 3481 tested 1145249280
seed 3482 tested 1145456640
seed 3483 tested 1145664000
seed 3484 tested 1145871360
seed 3485 tested 1146078720
seed 3486 tested 1146286080
seed 3487 tested 1146493440
seed 3488 tested 1146700800
seed 3489 tested 1146908160
seed 3490 tested 1147115520
seed 3491 tested 1147322880
seed 3492 tested 1147530240
seed 3493 tested 1147737600
seed 3494 tested 1147944960
seed 3495 tested 1148152320
seed 3496 tested 1148359680
seed 3497 tested 1148567040
seed 3498 tested 1148774400
seed 3499 tested 1148981760
seed 3500 tested 1149189120
seed 3501 tested 1149396480
seed 3502 tested 1149603840
seed 3503 tested 1149811200
seed 3504 tested 1150018560
seed 3505 tested 1150225920
seed 3506 tested 1150433280
seed 3507 tested 1150640640
seed 3508 tested 1150848000
seed 3509 tested 1151055360
seed 3510 tested 1151262720
seed 3511 tested 1151470080
seed 3512 tested 1151677440
seed 3513 tested 1151884800
seed 3514 tested 1152092160
seed 3515 tested 1152299520
seed 3516 tested 1152506880
seed 3517 tested 1152714240
seed 3518 tested 1152921600
seed 3519 tested 1153128960
seed 3520 tested 1153336320
seed 3521 tested 1153543680
seed 3522 tested 1153751040
seed 3523 tested 1153958400
seed 3524 tested 1154165760
seed 3525 tested 1154373120
seed 3526 tested 1154580480
seed 3527 tested 1154787840
seed 3528 tested 1154995200
seed 3529 tested 1155202560
seed 3530 tested 1155409920
seed 3531 tested 1155617280
seed 3532 tested 1155824640
seed 3533 tested 1156032000
seed 3534 tested 1156239360
seed 3535 tested 1156446720
seed 3536 tested 1156654080
seed 3537 tested 1156861440
seed 3538 tested 1157068800
seed 3539 tested 1157276160
seed 3540 tested 1157483520
seed 3541 tested 1157690880
seed 3542 tested 1157898240
seed 3543 tested 1158105600
seed 3544 tested 1158312960
seed 3545 tested 1158520320
seed 3546 tested 1158727680
seed 3547 tested 1158935040
seed 3548 tested 1159142400
seed 3549 tested 1159349760
seed 3550 tested 1159557120
seed 3551 tested 1159764480
seed 3552 tested 1159971840
seed 3553 tested 1160179200
seed 3554 tested 1160386560
seed 3555 tested 1160593920
seed 3556 tested 1160801280
seed 3557 tested 1161008640
seed 3558 tested 1161216000
seed 3559 tested 1161423360
seed 3560 tested 1161630720
seed 3561 tested 1161838080
seed 3562 tested 1162045440
seed 3563 tested 1162252800
seed 3564 tested 1162460160
seed 3565 tested 1162667520
seed 3566 tested 1162874880
seed 3567 tested 1163082240
seed 3568 tested 1163289600
seed 3569 tested 1163496960
seed 3570 tested 1163704320
seed 3571 tested 1163911680
seed 3572 tested 1164119040
seed 3573 tested 1164326400
seed 3574 tested 1164533760
seed 3575 tested 1164741120
seed 3576 tested 1164948480
seed 3577 tested 1165155840
seed 3578 tested 1165363200
seed 3579 tested 1165570560
seed 3580 tested 1165777920
seed 3581 tested 1165985280
seed 3582 tested 1166192640
seed 3583 tested 1166400000
seed 3584 tested 1166607360
seed 3585 tested 1166814720
seed 3586 tested 1167022080
seed 3587 tested 1167229440
seed 3588 tested 1167436800
seed 3589 tested 1167644160
seed 3590 tested 1167851520
seed 3591 tested 1168058880
seed 3592 tested 1168266240
seed 3593 tested 1168473600
seed 3594 tested 1168680960
seed 3595 tested 1168888320
seed 3596 tested 1169095680
seed 3597 tested 1169303040
seed 3598 tested 1169510400
seed 3599 tested 1169717760
seed 3600 tested 1169925120
seed 3601 tested 1170132480
seed 3602 tested 1170339840
seed 3603 tested 1170547200
seed 3604 tested 1170754560
seed 3605 tested 1170961920
seed 3606 tested 1171169280
seed 3607 tested 1171376640
seed 3608 tested 1171584000
seed 3609 tested 1171791360
seed 3610 tested 1171998720
seed 3611 tested 1172206080
seed 3612 tested 1172413440
seed 3613 tested 1172620800
seed 3614 tested 1172828160
seed 3615 tested 1173035520
seed 3616 tested 1173242880
seed 3617 tested 1173450240
seed 3618 tested 1173657600
seed 3619 tested 1173864960
seed 3620 tested 1174072320
seed 3621 tested 1174279680
seed 3622 tested 1174487040
seed 3623 tested 1174694400
seed 3624 tested 1174901760
seed 3625 tested 1175109120
seed 3626 tested 1175316480
seed 3627 tested 1175523840
seed 3628 tested 1175731200
seed 3629 tested 1175938560
seed 3630 tested 1176145920
seed 3631 tested 1176353280
seed 3632 tested 1176560640
seed 3633 tested 1176768000
seed 3634 tested 1176975360
seed 3635 tested 1177182720
seed 3636 tested 1177390080
seed 3637 tested 1177597440
seed 3638 tested 1177804800
seed 3639 tested 1178012160
seed 3640 tested 1178219520
seed 3641 tested 1178426880
seed 3642 tested 1178634240
seed 3643 tested 1178841600
seed 3644 tested 1179048960
seed 3645 tested 1179256320
seed 3646 tested 1179463680
seed 3647 tested 1179671040
seed 3648 tested 1179878400
seed 3649 tested 1180085760
seed 3650 tested 1180293120
seed 3651 tested 1180500480
seed 3652 tested 1180707840
seed 3653 tested 1180915200
seed 3654 tested 1181122560
seed 3655 tested 1181329920
seed 3656 tested 1181537280
seed 3657 tested 1181744640
seed 3658 tested 1181952000
seed 3659 tested 1182159360
seed 3660 tested 1182366720
seed 3661 tested 1182574080
seed 3662 tested 1182781440
seed 3663 tested 1182988800
seed 3664 tested 1183196160
seed 3665 tested 1183403520
seed 3666 tested 1183610880
seed 3667 tested 1183818240
seed 3668 tested 1184025600
seed 3669 tested 1184232960
seed 3670 tested 1184440320
seed 3671 tested 1184647680
seed 3672 tested 1184855040
seed 3673 tested 1185062400
seed 3674 tested 1185269760
seed 3675 tested 1185477120
seed 3676 tested 1185684480
seed 3677 tested 1185891840
seed 3678 tested 1186099200
seed 3679 tested 1186306560
seed 3680 tested 1186513920
seed 3681 tested 1186721280
seed 3682 tested 1186928640
seed 3683 tested 1187136000
seed 3684 tested 1187343360
seed 3685 tested 1187550720
seed 3686 tested 1187758080
seed 3687 tested 1187965440
seed 3688 tested 1188172800
seed 3689 tested 1188380160
seed 3690 tested 1188587520
seed 3691 tested 1188794880
seed 3692 tested 1189002240
seed 3693 tested 1189209600
seed 3694 tested 1189416960
seed 3695 tested 1189624320
seed 3696 tested 1189831680
seed 3697 tested 1190039040
seed 3698 tested 1190246400
seed 3699 tested 1190453760
seed 3700 tested 1190661120
seed 3701 tested 1190868480
seed 3702 tested 1191075840
seed 3703 tested 1191283200
seed 3704 tested 1191490560
seed 3705 tested 1191697920
seed 3706 tested 1191905280
seed 3707 tested 1192112640
seed 3708 tested 1192320000
seed 3709 tested 1192527360
seed 3710 tested 1192734720
seed 3711 tested 1192942080
seed 3712 tested 1193149440
seed 3713 tested 1193356800
seed 3714 tested 1193564160
seed 3715 tested 1193771520
seed 3716 tested 1193978880
seed 3717 tested 1194186240
seed 3718 tested 1194393600
seed 3719 tested 1194600960
seed 3720 tested 1194808320
seed 3721 tested 1195015680
seed 3722 tested 1195223040
seed 3723 tested 1195430400
seed 3724 tested 1195637760
seed 3725 tested 1195845120
seed 3726 tested 1196052480
seed 3727 tested 1196259840
seed 3728 tested 1196467200
seed 3729 tested 1196674560
seed 3730 tested 1196881920
seed 3731 tested 1197089280
seed 3732 tested 1197296640
seed 3733 tested 1197504000
seed 3734 tested 1197711360
seed 3735 tested 1197918720
seed 3736 tested 1198126080
seed 3737 tested 1198333440
seed 3738 tested 1198540800
seed 3739 tested 1198748160
seed 3740 tested 1198955520
seed 3741 tested 1199162880
seed 3742 tested 1199370240
seed 3743 tested 1199577600
seed 3744 tested 1199784960
seed 3745 tested 1199992320
seed 3746 tested 1200199680
seed 3747 tested 1200407040
seed 3748 tested 1200614400
seed 3749 tested 1200821760
seed 3750 tested 1201029120
seed 3751 tested 1201236480
seed 3752 tested 1201443840
seed 3753 tested 1201651200
seed 3754 tested 1201858560
seed 3755 tested 1202065920
seed 3756 tested 1202273280
seed 3757 tested 1202480640
seed 3758 tested 1202688000
seed 3759 tested 1202895360
seed 3760 tested 1203102720
seed 3761 tested 1203310080
seed 3762 tested 1203517440
seed 3763 tested 1203724800
seed 3764 tested 1203932160
seed 3765 tested 1204139520
seed 3766 tested 1204346880
seed 3767 tested 1204554240
seed 3768 tested 1204761600
seed 3769 tested 1204968960
seed 3770 tested 1205176320
seed 3771 tested 1205383680
seed 3772 tested 1205591040
seed 3773 tested 1205798400
seed 3774 tested 1206005760
seed 3775 tested 1206213120
seed 3776 tested 1206420480
seed 3777 tested 1206627840
seed 3778 tested 1206835200
seed 3779 tested 1207042560
seed 3780 tested 1207249920
seed 3781 tested 1207457280
seed 3782 tested 1207664640
seed 3783 tested 1207872000
seed 3784 tested 1208079360
seed 3785 tested 1208286720
seed 3786 tested 1208494080
seed 3787 tested 1208701440
seed 3788 tested 1208908800
seed 3789 tested 1209116160
seed 3790 tested 1209323520
seed 3791 tested 1209530880
seed 3792 tested 1209738240
seed 3793 tested 1209945600
seed 3794 tested 1210152960
seed 3795 tested 1210360320
seed 3796 tested 1210567680
seed 3797 tested 1210775040
seed 3798 tested 1210982400
seed 3799 tested 1211189760
seed 3800 tested 1211397120
seed 3801 tested 1211604480
seed 3802 tested 1211811840
seed 3803 tested 1212019200
seed 3804 tested 1212226560
seed 3805 tested 1212433920
seed 3806 tested 1212641280
seed 3807 tested 1212848640
seed 3808 tested 1213056000
seed 3809 tested 1213263360
seed 3810 tested 1213470720
seed 3811 tested 1213678080
seed 3812 tested 1213885440
seed 3813 tested 1214092800
seed 3814 tested 1214300160
seed 3815 tested 1214507520
seed 3816 tested 1214714880
seed 3817 tested 1214922240
seed 3818 tested 1215129600
seed 3819 tested 1215336960
seed 3820 tested 1215544320
seed 3821 tested 1215751680
seed 3822 tested 1215959040
seed 3823 tested 1216166400
seed 3824 tested 1216373760
seed 3825 tested 1216581120
seed 3826 tested 1216788480
seed 3827 tested 1216995840
seed 3828 tested 1217203200
seed 3829 tested 1217410560
seed 3830 tested 1217617920
seed 3831 tested 1217825280
seed 3832 tested 1218032640
seed 3833 tested 1218240000
seed 3834 tested 1218447360
seed 3835 tested 1218654720
seed 3836 tested 1218862080
seed 3837 tested 1219069440
seed 3838 tested 1219276800
seed 3839 tested 1219484160
seed 3840 tested 1219691520
seed 3841 tested 1219898880
seed 3842 tested 1220106240
seed 3843 tested 1220313600
seed 3844 tested 1220520960
seed 3845 tested 1220728320
seed 3846 tested 1220935680
seed 3847 tested 1221143040
seed 3848 tested 1221350400
seed 3849 tested 1221557760
seed 3850 tested 1221765120
seed 3851 tested 1221972480
seed 3852 tested 1222179840
seed 3853 tested 1222387200
seed 3854 tested 1222594560
seed 3855 tested 1222801920
seed 3856 tested 1223009280
seed 3857 tested 1223216640
seed 3858 tested 1223424000
seed 3859 tested 1223631360
seed 3860 tested 1223838720
seed 3861 tested 1224046080
seed 3862 tested 1224253440
seed 3863 tested 1224460800
seed 3864 tested 1224668160
seed 3865 tested 1224875520
seed 3866 tested 1225082880
seed 3867 tested 1225290240
seed 3868 tested 1225497600
seed 3869 tested 1225704960
seed 3870 tested 1225912320
seed 3871 tested 1226119680
seed 3872 tested 1226327040
seed 3873 tested 1226534400
seed 3874 tested 1226741760
seed 3875 tested 1226949120
seed 3876 tested 1227156480
seed 3877 tested 1227363840
seed 3878 tested 1227571200
seed 3879 tested 1227778560
seed 3880 tested 1227985920
seed 3881 tested 1228193280
seed 3882 tested 1228400640
seed 3883 tested 1228608000
seed 3884 tested 1228815360
seed 3885 tested 1229022720
seed 3886 tested 1229230080
seed 3887 tested 1229437440
seed 3888 tested 1229644800
seed 3889 tested 1229852160
seed 3890 tested 1230059520
seed 3891 tested 1230266880
seed 3892 tested 1230474240
seed 3893 tested 1230681600
seed 3894 tested 1230888960
seed 3895 tested 1231096320
seed 3896 tested 1231303680
seed 3897 tested 1231511040
seed 3898 tested 1231718400
seed 3899 tested 1231925760
seed 3900 tested 1232133120
seed 3901 tested 1232340480
seed 3902 tested 1232547840
seed 3903 tested 1232755200
seed 3904 tested 1232962560
seed 3905 tested 1233169920
seed 3906 tested 1233377280
seed 3907 tested 1233584640
seed 3908 tested 1233792000
seed 3909 tested 1233999360
seed 3910 tested 1234206720
seed 3911 tested 1234414080
seed 3912 tested 1234621440
seed 3913 tested 1234828800
seed 3914 tested 1235036160
seed 3915 tested 1235243520
seed 3916 tested 1235450880
seed 3917 tested 1235658240
seed 3918 tested 1235865600
seed 3919 tested 1236072960
seed 3920 tested 1236280320
seed 3921 tested 1236487680
seed 3922 tested 1236695040
seed 3923 tested 1236902400
seed 3924 tested 1237109760
seed 3925 tested 1237317120
seed 3926 tested 1237524480
seed 3927 tested 1237731840
seed 3928 tested 1237939200
seed 3929 tested 1238146560
seed 3930 tested 1238353920
seed 3931 tested 1238561280
seed 3932 tested 1238768640
seed 3933 tested 1238976000
seed 3934 tested 1239183360
seed 3935 tested 1239390720
seed 3936 tested 1239598080
seed 3937 tested 1239805440
seed 3938 tested 1240012800
seed 3939 tested 1240220160
seed 3940 tested 1240427520
seed 3941 tested 1240634880
seed 3942 tested 1240842240
seed 3943 tested 1241049600
seed 3944 tested 1241256960
seed 3945 tested 1241464320
seed 3946 tested 1241671680
seed 3947 tested 1241879040
seed 3948 tested 1242086400
seed 3949 tested 1242293760
seed 3950 tested 1242501120
seed 3951 tested 1242708480
seed 3952 tested 1242915840
seed 3953 tested 1243123200
seed 3954 tested 1243330560
seed 3955 tested 1243537920
seed 3956 tested 1243745280
seed 3957 tested 1243952640
seed 3958 tested 1244160000
seed 3959 tested 1244367360
seed 3960 tested 1244574720
seed 3961 tested 1244782080
seed 3962 tested 1244989440
seed 3963 tested 1245196800
seed 3964 tested 1245404160
seed 3965 tested 1245611520
seed 3966 tested 1245818880
seed 3967 tested 1246026240
seed 3968 tested 1246233600
seed 3969 tested 1246440960
seed 3970 tested 1246648320
seed 3971 tested 1246855680
seed 3972 tested 1247063040
seed 3973 tested 1247270400
seed 3974 tested 1247477760
seed 3975 tested 1247685120
seed 3976 tested 1247892480
seed 3977 tested 1248099840
seed 3978 tested 1248307200
seed 3979 tested 1248514560
seed 3980 tested 1248721920
seed 3981 tested 1248929280
seed 3982 tested 1249136640
seed 3983 tested 1249344000
seed 3984 tested 1249551360
seed 3985 tested 1249758720
seed 3986 tested 1249966080
seed 3987 tested 1250173440
seed 3988 tested 1250380800
seed 3989 tested 1250588160
seed 3990 tested 1250795520
seed 3991 tested 1251002880
seed 3992 tested 1251210240
seed 3993 tested 1251417600
seed 3994 tested 1251624960
seed 3995 tested 1251832320
seed 3996 tested 1252039680
seed 3997 tested 1252247040
seed 3998 tested 1252454400
seed 3999 tested 1252661760
seed 4000 tested 1252869120
seed 4001 tested 1253076480
seed 4002 tested 1253283840
seed 4003 tested 1253491200
seed 4004 tested 1253698560
seed 4005 tested 1253905920
seed 4006 tested 1254113280
seed 4007 tested 1254320640
seed 4008 tested 1254528000
seed 4009 tested 1254735360
seed 4010 tested 1254942720
seed 4011 tested 1255150080
seed 4012 tested 1255357440
seed 4013 tested 1255564800
seed 4014 tested 1255772160
seed 4015 tested 1255979520
seed 4016 tested 1256186880
seed 4017 tested 1256394240
seed 4018 tested 1256601600
seed 4019 tested 1256808960
seed 4020 tested 1257016320
seed 4021 tested 1257223680
seed 4022 tested 1257431040
seed 4023 tested 1257638400
seed 4024 tested 1257845760
seed 4025 tested 1258053120
seed 4026 tested 1258260480
seed 4027 tested 1258467840
seed 4028 tested 1258675200
seed 4029 tested 1258882560
seed 4030 tested 1259089920
seed 4031 tested 1259297280
seed 4032 tested 1259504640
seed 4033 tested 1259712000
seed 4034 tested 1259919360
seed 4035 tested 1260126720
seed 4036 tested 1260334080
seed 4037 tested 1260541440
seed 4038 tested 1260748800
seed 4039 tested 1260956160
seed 4040 tested 1261163520
seed 4041 tested 1261370880
seed 4042 tested 1261578240
seed 4043 tested 1261785600
seed 4044 tested 1261992960
seed 4045 tested 1262200320
seed 4046 tested 1262407680
seed 4047 tested 1262615040
seed 4048 tested 1262822400
seed 4049 tested 1263029760
seed 4050 tested 1263237120
seed 4051 tested 1263444480
seed 4052 tested 1263651840
seed 4053 tested 1263859200
seed 4054 tested 1264066560
seed 4055 tested 1264273920
seed 4056 tested 1264481280
seed 4057 tested 1264688640
seed 4058 tested 1264896000
seed 4059 tested 1265103360
seed 4060 tested 1265310720
seed 4061 tested 1265518080
seed 4062 tested 1265725440
seed 4063 tested 1265932800
seed 4064 tested 1266140160
seed 4065 tested 1266347520
seed 4066 tested 1266554880
seed 4067 tested 1266762240
seed 4068 tested 1266969600
seed 4069 tested 1267176960
seed 4070 tested 1267384320
seed 4071 tested 1267591680
seed 4072 tested 1267799040
seed 4073 tested 1268006400
seed 4074 tested 1268213760
seed 4075 tested 1268421120
seed 4076 tested 1268628480
seed 4077 tested 1268835840
seed 4078 tested 1269043200
seed 4079 tested 1269250560
seed 4080 tested 1269457920
seed 4081 tested 1269665280
seed 4082 tested 1269872640
seed 4083 tested 1270080000
seed 4084 tested 1270287360
seed 4085 tested 1270494720
seed 4086 tested 1270702080
seed 4087 tested 1270909440
seed 4088 tested 1271116800
seed 4089 tested 1271324160
seed 4090 tested 1271531520
seed 4091 tested 1271738880
seed 4092 tested 1271946240
seed 4093 tested 1272153600
seed 4094 tested 1272360960
seed 4095 tested 1272568320
seed 4096 tested 1272775680
seed 4097 tested 1272983040
seed 4098 tested 1273190400
seed 4099 tested 1273397760
seed 4100 tested 1273605120
seed 4101 tested 1273812480
seed 4102 tested 1274019840
seed 4103 tested 1274227200
seed 4104 tested 1274434560
seed 4105 tested 1274641920
seed 4106 tested 1274849280
seed 4107 tested 1275056640
seed 4108 tested 1275264000
seed 4109 tested 1275471360
seed 4110 tested 1275678720
seed 4111 tested 1275886080
seed 4112 tested 1276093440
seed 4113 tested 1276300800
seed 4114 tested 1276508160
seed 4115 tested 1276715520
seed 4116 tested 1276922880
seed 4117 tested 1277130240
seed 4118 tested 1277337600
seed 4119 tested 1277544960
seed 4120 tested 1277752320
seed 4121 tested 1277959680
seed 4122 tested 1278167040
seed 4123 tested 1278374400
seed 4124 tested 1278581760
seed 4125 tested 1278789120
seed 4126 tested 1278996480
seed 4127 tested 1279203840
seed 4128 tested 1279411200
seed 4129 tested 1279618560
seed 4130 tested 1279825920
seed 4131 tested 1280033280
seed 4132 tested 1280240640
seed 4133 tested 1280448000
seed 4134 tested 1280655360
seed 4135 tested 1280862720
seed 4136 tested 1281070080
seed 4137 tested 1281277440
seed 4138 tested 1281484800
seed 4139 tested 1281692160
seed 4140 tested 1281899520
seed 4141 tested 1282106880
seed 4142 tested 1282314240
seed 4143 tested 1282521600
seed 4144 tested 1282728960
seed 4145 tested 1282936320
seed 4146 tested 1283143680
seed 4147 tested 1283351040
seed 4148 tested 1283558400
seed 4149 tested 1283765760
seed 4150 tested 1283973120
seed 4151 tested 1284180480
seed 4152 tested 1284387840
seed 4153 tested 1284595200
seed 4154 tested 1284802560
seed 4155 tested 1285009920
seed 4156 tested 1285217280
seed 4157 tested 1285424640
seed 4158 tested 1285632000
seed 4159 tested 1285839360
seed 4160 tested 1286046720
seed 4161 tested 1286254080
seed 4162 tested 1286461440
seed 4163 tested 1286668800
seed 4164 tested 1286876160
seed 4165 tested 1287083520
seed 4166 tested 1287290880
seed 4167 tested 1287498240
seed 4168 tested 1287705600
seed 4169 tested 1287912960
seed 4170 tested 1288120320
seed 4171 tested 1288327680
seed 4172 tested 1288535040
seed 4173 tested 1288742400
seed 4174 tested 1288949760
seed 4175 tested 1289157120
seed 4176 tested 1289364480
seed 4177 tested 1289571840
seed 4178 tested 1289779200
seed 4179 tested 1289986560
seed 4180 tested 1290193920
seed 4181 tested 1290401280
seed 4182 tested 1290608640
seed 4183 tested 1290816000
seed 4184 tested 1291023360
seed 4185 tested 1291230720
seed 4186 tested 1291438080
seed 4187 tested 1291645440
seed 4188 tested 1291852800
seed 4189 tested 1292060160
seed 4190 tested 1292267520
seed 4191 tested 1292474880
seed 4192 tested 1292682240
seed 4193 tested 1292889600
seed 4194 tested 1293096960
seed 4195 tested 1293304320
seed 4196 tested 1293511680
seed 4197 tested 1293719040
seed 4198 tested 1293926400
seed 4199 tested 1294133760
seed 4200 tested 1294341120
seed 4201 tested 1294548480
seed 4202 tested 1294755840
seed 4203 tested 1294963200
seed 4204 tested 1295170560
seed 4205 tested 1295377920
seed 4206 tested 1295585280
seed 4207 tested 1295792640
seed 4208 tested 1296000000
seed 4209 tested 1296207360
seed 4210 tested 1296414720
seed 4211 tested 1296622080
seed 4212 tested 1296829440
seed 4213 tested 1297036800
seed 4214 tested 1297244160
seed 4215 tested 1297451520
seed 4216 tested 1297658880
seed 4217 tested 1297866240
seed 4218 tested 1298073600
seed 4219 tested 1298280960
seed 4220 tested 1298488320
seed 4221 tested 1298695680
seed 4222 tested 1298903040
seed 4223 tested 1299110400
seed 4224 tested 1299317760
seed 4225 tested 1299525120
seed 4226 tested 1299732480
seed 4227 tested 1299939840
seed 4228 tested 1300147200
seed 4229 tested 1300354560
seed 4230 tested 1300561920
seed 4231 tested 1300769280
seed 4232 tested 1300976640
seed 4233 tested 1301184000
seed 4234 tested 1301391360
seed 4235 tested 1301598720
seed 4236 tested 1301806080
seed 4237 tested 1302013440
seed 4238 tested 1302220800
seed 4239 tested 1302428160
seed 4240 tested 1302635520
seed 4241 tested 1302842880
seed 4242 tested 1303050240
seed 4243 tested 1303257600
seed 4244 tested 1303464960
seed 4245 tested 1303672320
seed 4246 tested 1303879680
seed 4247 tested 1304087040
seed 4248 tested 1304294400
seed 4249 tested 1304501760
seed 4250 tested 1304709120
seed 4251 tested 1304916480
seed 4252 tested 1305123840
seed 4253 tested 1305331200
seed 4254 tested 1305538560
seed 4255 tested 1305745920
seed 4256 tested 1305953280
seed 4257 tested 1306160640
seed 4258 tested 1306368000
seed 4259 tested 1306575360
seed 4260 tested 1306782720
seed 4261 tested 1306990080
seed 4262 tested 1307197440
seed 4263 tested 1307404800
seed 4264 tested 1307612160
seed 4265 tested 1307819520
seed 4266 tested 1308026880
seed 4267 tested 1308234240
seed 4268 tested 1308441600
seed 4269 tested 1308648960
seed 4270 tested 1308856320
seed 4271 tested 1309063680
seed 4272 tested 1309271040
seed 4273 tested 1309478400
seed 4274 tested 1309685760
seed 4275 tested 1309893120
seed 4276 tested 1310100480
seed 4277 tested 1310307840
seed 4278 tested 1310515200
seed 4279 tested 1310722560
seed 4280 tested 1310929920
seed 4281 tested 1311137280
seed 4282 tested 1311344640
seed 4283 tested 1311552000
seed 4284 tested 1311759360
seed 4285 tested 1311966720
seed 4286 tested 1312174080
seed 4287 tested 1312381440
seed 4288 tested 1312588800
seed 4289 tested 1312796160
seed 4290 tested 1313003520
seed 4291 tested 1313210880
seed 4292 tested 1313418240
seed 4293 tested 1313625600
seed 4294 tested 1313832960
seed 4295 tested 1314040320
seed 4296 tested 1314247680
seed 4297 tested 1314455040
seed 4298 tested 1314662400
seed 4299 tested 1314869760
seed 4300 tested 1315077120
seed 4301 tested 1315284480
seed 4302 tested 1315491840
seed 4303 tested 1315699200
seed 4304 tested 1315906560
seed 4305 tested 1316113920
seed 4306 tested 1316321280
seed 4307 tested 1316528640
seed 4308 tested 1316736000
seed 4309 tested 1316943360
seed 4310 tested 1317150720
seed 4311 tested 1317358080
seed 4312 tested 1317565440
seed 4313 tested 1317772800
seed 4314 tested 1317980160
seed 4315 tested 1318187520
seed 4316 tested 1318394880
seed 4317 tested 1318602240
seed 4318 tested 1318809600
seed 4319 tested 1319016960
seed 4320 tested 1319224320
seed 4321 tested 1319431680
seed 4322 tested 1319639040
seed 4323 tested 1319846400
seed 4324 tested 1320053760
seed 4325 tested 1320261120
seed 4326 tested 1320468480
seed 4327 tested 1320675840
seed 4328 tested 1320883200
seed 4329 tested 1321090560
seed 4330 tested 1321297920
seed 4331 tested 1321505280
seed 4332 tested 1321712640
seed 4333 tested 1321920000
seed 4334 tested 1322127360
seed 4335 tested 1322334720
seed 4336 tested 1322542080
seed 4337 tested 1322749440
seed 4338 tested 1322956800
seed 4339 tested 1323164160
seed 4340 tested 1323371520
seed 4341 tested 1323578880
seed 4342 tested 1323786240
seed 4343 tested 1323993600
seed 4344 tested 1324200960
seed 4345 tested 1324408320
seed 4346 tested 1324615680
seed 4347 tested 1324823040
seed 4348 tested 1325030400
seed 4349 tested 1325237760
seed 4350 tested 1325445120
seed 4351 tested 1325652480
seed 4352 tested 1325859840
seed 4353 tested 1326067200
seed 4354 tested 1326274560
seed 4355 tested 1326481920
seed 4356 tested 1326689280
seed 4357 tested 1326896640
seed 4358 tested 1327104000
seed 4359 tested 1327311360
seed 4360 tested 1327518720
seed 4361 tested 1327726080
seed 4362 tested 1327933440
seed 4363 tested 1328140800
seed 4364 tested 1328348160
seed 4365 tested 1328555520
seed 4366 tested 1328762880
seed 4367 tested 1328970240
seed 4368 tested 1329177600
seed 4369 tested 1329384960
seed 4370 tested 1329592320
seed 4371 tested 1329799680
seed 4372 tested 1330007040
seed 4373 tested 1330214400
seed 4374 tested 1330421760
seed 4375 tested 1330629120
seed 4376 tested 1330836480
seed 4377 tested 1331043840
seed 4378 tested 1331251200
seed 4379 tested 1331458560
seed 4380 tested 1331665920
seed 4381 tested 1331873280
seed 4382 tested 1332080640
seed 4383 tested 1332288000
seed 4384 tested 1332495360
seed 4385 tested 1332702720
seed 4386 tested 1332910080
seed 4387 tested 1333117440
seed 4388 tested 1333324800
seed 4389 tested 1333532160
seed 4390 tested 1333739520
seed 4391 tested 1333946880
seed 4392 tested 1334154240
seed 4393 tested 1334361600
seed 4394 tested 1334568960
seed 4395 tested 1334776320
seed 4396 tested 1334983680
seed 4397 tested 1335191040
seed 4398 tested 1335398400
seed 4399 tested 1335605760
seed 4400 tested 1335813120
seed 4401 tested 1336020480
seed 4402 tested 1336227840
seed 4403 tested 1336435200
seed 4404 tested 1336642560
seed 4405 tested 1336849920
seed 4406 tested 1337057280
seed 4407 tested 1337264640
seed 4408 tested 1337472000
seed 4409 tested 1337679360
seed 4410 tested 1337886720
seed 4411 tested 1338094080
seed 4412 tested 1338301440
seed 4413 tested 1338508800
seed 4414 tested 1338716160
seed 4415 tested 1338923520
seed 4416 tested 1339130880
seed 4417 tested 1339338240
seed 4418 tested 1339545600
seed 4419 tested 1339752960
seed 4420 tested 1339960320
seed 4421 tested 1340167680
seed 4422 tested 1340375040
seed 4423 tested 1340582400
seed 4424 tested 1340789760
seed 4425 tested 1340997120
seed 4426 tested 1341204480
seed 4427 tested 1341411840
seed 4428 tested 1341619200
seed 4429 tested 1341826560
seed 4430 tested 1342033920
seed 4431 tested 1342241280
seed 4432 tested 1342448640
seed 4433 tested 1342656000
seed 4434 tested 1342863360
seed 4435 tested 1343070720
seed 4436 tested 1343278080
seed 4437 tested 1343485440
seed 4438 tested 1343692800
seed 4439 tested 1343900160
seed 4440 tested 1344107520
seed 4441 tested 1344314880
seed 4442 tested 1344522240
seed 4443 tested 1344729600
seed 4444 tested 1344936960
seed 4445 tested 1345144320
seed 4446 tested 1345351680
seed 4447 tested 1345559040
seed 4448 tested 1345766400
seed 4449 tested 1345973760
seed 4450 tested 1346181120
seed 4451 tested 1346388480
seed 4452 tested 1346595840
seed 4453 tested 1346803200
seed 4454 tested 1347010560
seed 4455 tested 1347217920
seed 4456 tested 1347425280
seed 4457 tested 1347632640
seed 4458 tested 1347840000
seed 4459 tested 1348047360
seed 4460 tested 1348254720
seed 4461 tested 1348462080
seed 4462 tested 1348669440
seed 4463 tested 1348876800
seed 4464 tested 1349084160
seed 4465 tested 1349291520
seed 4466 tested 1349498880
seed 4467 tested 1349706240
seed 4468 tested 1349913600
seed 4469 tested 1350120960
seed 4470 tested 1350328320
seed 4471 tested 1350535680
seed 4472 tested 1350743040
seed 4473 tested 1350950400
seed 4474 tested 1351157760
seed 4475 tested 1351365120
seed 4476 tested 1351572480
seed 4477 tested 1351779840
seed 4478 tested 1351987200
seed 4479 tested 1352194560
seed 4480 tested 1352401920
seed 4481 tested 1352609280
seed 4482 tested 1352816640
seed 4483 tested 1353024000
seed 4484 tested 1353231360
seed 4485 tested 1353438720
seed 4486 tested 1353646080
seed 4487 tested 1353853440
seed 4488 tested 1354060800
seed 4489 tested 1354268160
seed 4490 tested 1354475520
seed 4491 tested 1354682880
seed 4492 tested 1354890240
seed 4493 tested 1355097600
seed 4494 tested 1355304960
seed 4495 tested 1355512320
seed 4496 tested 1355719680
seed 4497 tested 1355927040
seed 4498 tested 1356134400
seed 4499 tested 1356341760
seed 4500 tested 1356549120
seed 4501 tested 1356756480
seed 4502 tested 1356963840
seed 4503 tested 1357171200
seed 4504 tested 1357378560
seed 4505 tested 1357585920
seed 4506 tested 1357793280
seed 4507 tested 1358000640
seed 4508 tested 1358208000
seed 4509 tested 1358415360
seed 4510 tested 1358622720
seed 4511 tested 1358830080
seed 4512 tested 1359037440
seed 4513 tested 1359244800
seed 4514 tested 1359452160
seed 4515 tested 1359659520
seed 4516 tested 1359866880
seed 4517 tested 1360074240
seed 4518 tested 1360281600
seed 4519 tested 1360488960
seed 4520 tested 1360696320
seed 4521 tested 1360903680
seed 4522 tested 1361111040
seed 4523 tested 1361318400
seed 4524 tested 1361525760
seed 4525 tested 1361733120
seed 4526 tested 1361940480
seed 4527 tested 1362147840
seed 4528 tested 1362355200
seed 4529 tested 1362562560
seed 4530 tested 1362769920
seed 4531 tested 1362977280
seed 4532 tested 1363184640
seed 4533 tested 1363392000
seed 4534 tested 1363599360
seed 4535 tested 1363806720
seed 4536 tested 1364014080
seed 4537 tested 1364221440
seed 4538 tested 1364428800
seed 4539 tested 1364636160
seed 4540 tested 1364843520
seed 4541 tested 1365050880
seed 4542 tested 1365258240
seed 4543 tested 1365465600
seed 4544 tested 1365672960
seed 4545 tested 1365880320
seed 4546 tested 1366087680
seed 4547 tested 1366295040
seed 4548 tested 1366502400
seed 4549 tested 1366709760
seed 4550 tested 1366917120
seed 4551 tested 1367124480
seed 4552 tested 1367331840
seed 4553 tested 1367539200
seed 4554 tested 1367746560
seed 4555 tested 1367953920
seed 4556 tested 1368161280
seed 4557 tested 1368368640
seed 4558 tested 1368576000
seed 4559 tested 1368783360
seed 4560 tested 1368990720
seed 4561 tested 1369198080
seed 4562 tested 1369405440
seed 4563 tested 1369612800
seed 4564 tested 1369820160
seed 4565 tested 1370027520
seed 4566 tested 1370234880
seed 4567 tested 1370442240
seed 4568 tested 1370649600
seed 4569 tested 1370856960
seed 4570 tested 1371064320
seed 4571 tested 1371271680
seed 4572 tested 1371479040
seed 4573 tested 1371686400
seed 4574 tested 1371893760
seed 4575 tested 1372101120
seed 4576 tested 1372308480
seed 4577 tested 1372515840
seed 4578 tested 1372723200
seed 4579 tested 1372930560
seed 4580 tested 1373137920
seed 4581 tested 1373345280
seed 4582 tested 1373552640
seed 4583 tested 1373760000
seed 4584 tested 1373967360
seed 4585 tested 1374174720
seed 4586 tested 1374382080
seed 4587 tested 1374589440
seed 4588 tested 1374796800
seed 4589 tested 1375004160
seed 4590 tested 1375211520
seed 4591 tested 1375418880
seed 4592 tested 1375626240
seed 4593 tested 1375833600
seed 4594 tested 1376040960
seed 4595 tested 1376248320
seed 4596 tested 1376455680
seed 4597 tested 1376663040
seed 4598 tested 1376870400
seed 4599 tested 1377077760
seed 4600 tested 1377285120
seed 4601 tested 1377492480
seed 4602 tested 1377699840
seed 4603 tested 1377907200
seed 4604 tested 1378114560
seed 4605 tested 1378321920
seed 4606 tested 1378529280
seed 4607 tested 1378736640
seed 4608 tested 1378944000
seed 4609 tested 1379151360
seed 4610 tested 1379358720
seed 4611 tested 1379566080
seed 4612 tested 1379773440
seed 4613 tested 1379980800
seed 4614 tested 1380188160
seed 4615 tested 1380395520
seed 4616 tested 1380602880
seed 4617 tested 1380810240
seed 4618 tested 1381017600
seed 4619 tested 1381224960
seed 4620 tested 1381432320
seed 4621 tested 1381639680
seed 4622 tested 1381847040
seed 4623 tested 1382054400
seed 4624 tested 1382261760
seed 4625 tested 1382469120
seed 4626 tested 1382676480
seed 4627 tested 1382883840
seed 4628 tested 1383091200
seed 4629 tested 1383298560
seed 4630 tested 1383505920
seed 4631 tested 1383713280
seed 4632 tested 1383920640
seed 4633 tested 1384128000
seed 4634 tested 1384335360
seed 4635 tested 1384542720
seed 4636 tested 1384750080
seed 4637 tested 1384957440
seed 4638 tested 1385164800
seed 4639 tested 1385372160
seed 4640 tested 1385579520
seed 4641 tested 1385786880
seed 4642 tested 1385994240
seed 4643 tested 1386201600
seed 4644 tested 1386408960
seed 4645 tested 1386616320
seed 4646 tested 1386823680
seed 4647 tested 1387031040
seed 4648 tested 1387238400
seed 4649 tested 1387445760
seed 4650 tested 1387653120
seed 4651 tested 1387860480
seed 4652 tested 1388067840
seed 4653 tested 1388275200
seed 4654 tested 1388482560
seed 4655 tested 1388689920
seed 4656 tested 1388897280
seed 4657 tested 1389104640
seed 4658 tested 1389312000
seed 4659 tested 1389519360
seed 4660 tested 1389726720
seed 4661 tested 1389934080
seed 4662 tested 1390141440
seed 4663 tested 1390348800
seed 4664 tested 1390556160
seed 4665 tested 1390763520
seed 4666 tested 1390970880
seed 4667 tested 1391178240
seed 4668 tested 1391385600
seed 4669 tested 1391592960
seed 4670 tested 1391800320
seed 4671 tested 1392007680
seed 4672 tested 1392215040
seed 4673 tested 1392422400
seed 4674 tested 1392629760
seed 4675 tested 1392837120
seed 4676 tested 1393044480
seed 4677 tested 1393251840
seed 4678 tested 1393459200
seed 4679 tested 1393666560
seed 4680 tested 1393873920
seed 4681 tested 1394081280
seed 4682 tested 1394288640
seed 4683 tested 1394496000
seed 4684 tested 1394703360
seed 4685 tested 1394910720
seed 4686 tested 1395118080
seed 4687 tested 1395325440
seed 4688 tested 1395532800
seed 4689 tested 1395740160
seed 4690 tested 1395947520
seed 4691 tested 1396154880
seed 4692 tested 1396362240
seed 4693 tested 1396569600
seed 4694 tested 1396776960
seed 4695 tested 1396984320
seed 4696 tested 1397191680
seed 4697 tested 1397399040
seed 4698 tested 1397606400
seed 4699 tested 1397813760
seed 4700 tested 1398021120
seed 4701 tested 1398228480
seed 4702 tested 1398435840
seed 4703 tested 1398643200
seed 4704 tested 1398850560
seed 4705 tested 1399057920
seed 4706 tested 1399265280
seed 4707 tested 1399472640
seed 4708 tested 1399680000
seed 4709 tested 1399887360
seed 4710 tested 1400094720
seed 4711 tested 1400302080
seed 4712 tested 1400509440
seed 4713 tested 1400716800
seed 4714 tested 1400924160
seed 4715 tested 1401131520
seed 4716 tested 1401338880
seed 4717 tested 1401546240
seed 4718 tested 1401753600
seed 4719 tested 1401960960
seed 4720 tested 1402168320
seed 4721 tested 1402375680
seed 4722 tested 1402583040
seed 4723 tested 1402790400
seed 4724 tested 1402997760
seed 4725 tested 1403205120
seed 4726 tested 1403412480
seed 4727 tested 1403619840
seed 4728 tested 1403827200
seed 4729 tested 1404034560
seed 4730 tested 1404241920
seed 4731 tested 1404449280
seed 4732 tested 1404656640
seed 4733 tested 1404864000
seed 4734 tested 1405071360
seed 4735 tested 1405278720
seed 4736 tested 1405486080
seed 4737 tested 1405693440
seed 4738 tested 1405900800
seed 4739 tested 1406108160
seed 4740 tested 1406315520
seed 4741 tested 1406522880
seed 4742 tested 1406730240
seed 4743 tested 1406937600
seed 4744 tested 1407144960
seed 4745 tested 1407352320
seed 4746 tested 1407559680
seed 4747 tested 1407767040
seed 4748 tested 1407974400
seed 4749 tested 1408181760
seed 4750 tested 1408389120
seed 4751 tested 1408596480
seed 4752 tested 1408803840
seed 4753 tested 1409011200
seed 4754 tested 1409218560
seed 4755 tested 1409425920
seed 4756 tested 1409633280
seed 4757 tested 1409840640
seed 4758 tested 1410048000
seed 4759 tested 1410255360
seed 4760 tested 1410462720
seed 4761 tested 1410670080
seed 4762 tested 1410877440
seed 4763 tested 1411084800
seed 4764 tested 1411292160
seed 4765 tested 1411499520
seed 4766 tested 1411706880
seed 4767 tested 1411914240
seed 4768 tested 1412121600
seed 4769 tested 1412328960
seed 4770 tested 1412536320
seed 4771 tested 1412743680
seed 4772 tested 1412951040
seed 4773 tested 1413158400
seed 4774 tested 1413365760
seed 4775 tested 1413573120
seed 4776 tested 1413780480
seed 4777 tested 1413987840
seed 4778 tested 1414195200
seed 4779 tested 1414402560
seed 4780 tested 1414609920
seed 4781 tested 1414817280
seed 4782 tested 1415024640
seed 4783 tested 1415232000
seed 4784 tested 1415439360
seed 4785 tested 1415646720
seed 4786 tested 1415854080
seed 4787 tested 1416061440
seed 4788 tested 1416268800
seed 4789 tested 1416476160
seed 4790 tested 1416683520
seed 4791 tested 1416890880
seed 4792 tested 1417098240
seed 4793 tested 1417305600
seed 4794 tested 1417512960
seed 4795 tested 1417720320
seed 4796 tested 1417927680
seed 4797 tested 1418135040
seed 4798 tested 1418342400
seed 4799 tested 1418549760
seed 4800 tested 1418757120
seed 4801 tested 1418964480
seed 4802 tested 1419171840
seed 4803 tested 1419379200
seed 4804 tested 1419586560
seed 4805 tested 1419793920
seed 4806 tested 1420001280
seed 4807 tested 1420208640
seed 4808 tested 1420416000
seed 4809 tested 1420623360
seed 4810 tested 1420830720
seed 4811 tested 1421038080
seed 4812 tested 1421245440
seed 4813 tested 1421452800
seed 4814 tested 1421660160
seed 4815 tested 1421867520
seed 4816 tested 1422074880
seed 4817 tested 1422282240
seed 4818 tested 1422489600
seed 4819 tested 1422696960
seed 4820 tested 1422904320
seed 4821 tested 1423111680
seed 4822 tested 1423319040
seed 4823 tested 1423526400
seed 4824 tested 1423733760
seed 4825 tested 1423941120
seed 4826 tested 1424148480
seed 4827 tested 1424355840
seed 4828 tested 1424563200
seed 4829 tested 1424770560
seed 4830 tested 1424977920
seed 4831 tested 1425185280
seed 4832 tested 1425392640
seed 4833 tested 1425600000
seed 4834 tested 1425807360
seed 4835 tested 1426014720
seed 4836 tested 1426222080
seed 4837 tested 1426429440
seed 4838 tested 1426636800
seed 4839 tested 1426844160
seed 4840 tested 1427051520
seed 4841 tested 1427258880
seed 4842 tested 1427466240
seed 4843 tested 1427673600
seed 4844 tested 1427880960
seed 4845 tested 1428088320
seed 4846 tested 1428295680
seed 4847 tested 1428503040
seed 4848 tested 1428710400
seed 4849 tested 1428917760
seed 4850 tested 1429125120
seed 4851 tested 1429332480
seed 4852 tested 1429539840
seed 4853 tested 1429747200
seed 4854 tested 1429954560
seed 4855 tested 1430161920
seed 4856 tested 1430369280
seed 4857 tested 1430576640
seed 4858 tested 1430784000
seed 4859 tested 1430991360
seed 4860 tested 1431198720
seed 4861 tested 1431406080
seed 4862 tested 1431613440
seed 4863 tested 1431820800
seed 4864 tested 1432028160
seed 4865 tested 1432235520
seed 4866 tested 1432442880
seed 4867 tested 1432650240
seed 4868 tested 1432857600
seed 4869 tested 1433064960
seed 4870 tested 1433272320
seed 4871 tested 1433479680
seed 4872 tested 1433687040
seed 4873 tested 1433894400
seed 4874 tested 1434101760
seed 4875 tested 1434309120
seed 4876 tested 1434516480
seed 4877 tested 1434723840
seed 4878 tested 1434931200
seed 4879 tested 1435138560
seed 4880 tested 1435345920
seed 4881 tested 1435553280
seed 4882 tested 1435760640
seed 4883 tested 1435968000
seed 4884 tested 1436175360
seed 4885 tested 1436382720
seed 4886 tested 1436590080
seed 4887 tested 1436797440
seed 4888 tested 1437004800
seed 4889 tested 1437212160
seed 4890 tested 1437419520
seed 4891 tested 1437626880
seed 4892 tested 1437834240
seed 4893 tested 1438041600
seed 4894 tested 1438248960
seed 4895 tested 1438456320
seed 4896 tested 1438663680
seed 4897 tested 1438871040
seed 4898 tested 1439078400
seed 4899 tested 1439285760
seed 4900 tested 1439493120
seed 4901 tested 1439700480
seed 4902 tested 1439907840
seed 4903 tested 1440115200
seed 4904 tested 1440322560
seed 4905 tested 1440529920
seed 4906 tested 1440737280
seed 4907 tested 1440944640
seed 4908 tested 1441152000
seed 4909 tested 1441359360
seed 4910 tested 1441566720
seed 4911 tested 1441774080
seed 4912 tested 1441981440
seed 4913 tested 1442188800
seed 4914 tested 1442396160
seed 4915 tested 1442603520
seed 4916 tested 1442810880
seed 4917 tested 1443018240
seed 4918 tested 1443225600
seed 4919 tested 1443432960
seed 4920 tested 1443640320
seed 4921 tested 1443847680
seed 4922 tested 1444055040
seed 4923 tested 1444262400
seed 4924 tested 1444469760
seed 4925 tested 1444677120
seed 4926 tested 1444884480
seed 4927 tested 1445091840
seed 4928 tested 1445299200
seed 4929 tested 1445506560
seed 4930 tested 1445713920
seed 4931 tested 1445921280
seed 4932 tested 1446128640
seed 4933 tested 1446336000
seed 4934 tested 1446543360
seed 4935 tested 1446750720
seed 4936 tested 1446958080
seed 4937 tested 1447165440
seed 4938 tested 1447372800
seed 4939 tested 1447580160
seed 4940 tested 1447787520
seed 4941 tested 1447994880
seed 4942 tested 1448202240
seed 4943 tested 1448409600
seed 4944 tested 1448616960
seed 4945 tested 1448824320
seed 4946 tested 1449031680
seed 4947 tested 1449239040
seed 4948 tested 1449446400
seed 4949 tested 1449653760
seed 4950 tested 1449861120
seed 4951 tested 1450068480
seed 4952 tested 1450275840
seed 4953 tested 1450483200
seed 4954 tested 1450690560
seed 4955 tested 1450897920
seed 4956 tested 1451105280
seed 4957 tested 1451312640
seed 4958 tested 1451520000
seed 4959 tested 1451727360
seed 4960 tested 1451934720
seed 4961 tested 1452142080
seed 4962 tested 1452349440
seed 4963 tested 1452556800
seed 4964 tested 1452764160
seed 4965 tested 1452971520
seed 4966 tested 1453178880
seed 4967 tested 1453386240
seed 4968 tested 1453593600
seed 4969 tested 1453800960
seed 4970 tested 1454008320
seed 4971 tested 1454215680
seed 4972 tested 1454423040
seed 4973 tested 1454630400
seed 4974 tested 1454837760
seed 4975 tested 1455045120
seed 4976 tested 1455252480
seed 4977 tested 1455459840
seed 4978 tested 1455667200
seed 4979 tested 1455874560
seed 4980 tested 1456081920
seed 4981 tested 1456289280
seed 4982 tested 1456496640
seed 4983 tested 1456704000
seed 4984 tested 1456911360
seed 4985 tested 1457118720
seed 4986 tested 1457326080
seed 4987 tested 1457533440
seed 4988 tested 1457740800
seed 4989 tested 1457948160
seed 4990 tested 1458155520
seed 4991 tested 1458362880
seed 4992 tested 1458570240
seed 4993 tested 1458777600
seed 4994 tested 1458984960
seed 4995 tested 1459192320
seed 4996 tested 1459399680
seed 4997 tested 1459607040
seed 4998 tested 1459814400
seed 4999 tested 1460021760
seed 5000 tested 1460229120
seed 5001 tested 1460436480
seed 5002 tested 1460643840
seed 5003 tested 1460851200
seed 5004 tested 1461058560
seed 5005 tested 1461265920
seed 5006 tested 1461473280
seed 5007 tested 1461680640
seed 5008 tested 1461888000
seed 5009 tested 1462095360
seed 5010 tested 1462302720
seed 5011 tested 1462510080
seed 5012 tested 1462717440
seed 5013 tested 1462924800
seed 5014 tested 1463132160
seed 5015 tested 1463339520
seed 5016 tested 1463546880
seed 5017 tested 1463754240
seed 5018 tested 1463961600
seed 5019 tested 1464168960
seed 5020 tested 1464376320
seed 5021 tested 1464583680
seed 5022 tested 1464791040
seed 5023 tested 1464998400
seed 5024 tested 1465205760
seed 5025 tested 1465413120
seed 5026 tested 1465620480
seed 5027 tested 1465827840
seed 5028 tested 1466035200
seed 5029 tested 1466242560
seed 5030 tested 1466449920
seed 5031 tested 1466657280
seed 5032 tested 1466864640
seed 5033 tested 1467072000
seed 5034 tested 1467279360
seed 5035 tested 1467486720
seed 5036 tested 1467694080
seed 5037 tested 1467901440
seed 5038 tested 1468108800
seed 5039 tested 1468316160
seed 5040 tested 1468523520
seed 5041 tested 1468730880
seed 5042 tested 1468938240
seed 5043 tested 1469145600
seed 5044 tested 1469352960
seed 5045 tested 1469560320
seed 5046 tested 1469767680
seed 5047 tested 1469975040
seed 5048 tested 1470182400
seed 5049 tested 1470389760
seed 5050 tested 1470597120
seed 5051 tested 1470804480
seed 5052 tested 1471011840
seed 5053 tested 1471219200
seed 5054 tested 1471426560
seed 5055 tested 1471633920
seed 5056 tested 1471841280
seed 5057 tested 1472048640
seed 5058 tested 1472256000
seed 5059 tested 1472463360
seed 5060 tested 1472670720
seed 5061 tested 1472878080
seed 5062 tested 1473085440
seed 5063 tested 1473292800
seed 5064 tested 1473500160
seed 5065 tested 1473707520
seed 5066 tested 1473914880
seed 5067 tested 1474122240
seed 5068 tested 1474329600
seed 5069 tested 1474536960
seed 5070 tested 1474744320
seed 5071 tested 1474951680
seed 5072 tested 1475159040
seed 5073 tested 1475366400
seed 5074 tested 1475573760
seed 5075 tested 1475781120
seed 5076 tested 1475988480
seed 5077 tested 1476195840
seed 5078 tested 1476403200
seed 5079 tested 1476610560
seed 5080 tested 1476817920
seed 5081 tested 1477025280
seed 5082 tested 1477232640
seed 5083 tested 1477440000
seed 5084 tested 1477647360
seed 5085 tested 1477854720
seed 5086 tested 1478062080
seed 5087 tested 1478269440
seed 5088 tested 1478476800
seed 5089 tested 1478684160
seed 5090 tested 1478891520
seed 5091 tested 1479098880
seed 5092 tested 1479306240
seed 5093 tested 1479513600
seed 5094 tested 1479720960
seed 5095 tested 1479928320
seed 5096 tested 1480135680
seed 5097 tested 1480343040
seed 5098 tested 1480550400
seed 5099 tested 1480757760
seed 5100 tested 1480965120
seed 5101 tested 1481172480
seed 5102 tested 1481379840
seed 5103 tested 1481587200
seed 5104 tested 1481794560
seed 5105 tested 1482001920
seed 5106 tested 1482209280
seed 5107 tested 1482416640
seed 5108 tested 1482624000
seed 5109 tested 1482831360
seed 5110 tested 1483038720
seed 5111 tested 1483246080
seed 5112 tested 1483453440
seed 5113 tested 1483660800
seed 5114 tested 1483868160
seed 5115 tested 1484075520
seed 5116 tested 1484282880
seed 5117 tested 1484490240
seed 5118 tested 1484697600
seed 5119 tested 1484904960
seed 5120 tested 1485112320
seed 5121 tested 1485319680
seed 5122 tested 1485527040
seed 5123 tested 1485734400
seed 5124 tested 1485941760
seed 5125 tested 1486149120
seed 5126 tested 1486356480
seed 5127 tested 1486563840
seed 5128 tested 1486771200
seed 5129 tested 1486978560
seed 5130 tested 1487185920
seed 5131 tested 1487393280
seed 5132 tested 1487600640
seed 5133 tested 1487808000
seed 5134 tested 1488015360
seed 5135 tested 1488222720
seed 5136 tested 1488430080
seed 5137 tested 1488637440
seed 5138 tested 1488844800
seed 5139 tested 1489052160
seed 5140 tested 1489259520
seed 5141 tested 1489466880
seed 5142 tested 1489674240
seed 5143 tested 1489881600
seed 5144 tested 1490088960
seed 5145 tested 1490296320
seed 5146 tested 1490503680
seed 5147 tested 1490711040
seed 5148 tested 1490918400
seed 5149 tested 1491125760
seed 5150 tested 1491333120
seed 5151 tested 1491540480
seed 5152 tested 1491747840
seed 5153 tested 1491955200
seed 5154 tested 1492162560
seed 5155 tested 1492369920
seed 5156 tested 1492577280
seed 5157 tested 1492784640
seed 5158 tested 1492992000
seed 5159 tested 1493199360
seed 5160 tested 1493406720
seed 5161 tested 1493614080
seed 5162 tested 1493821440
seed 5163 tested 1494028800
seed 5164 tested 1494236160
seed 5165 tested 1494443520
seed 5166 tested 1494650880
seed 5167 tested 1494858240
seed 5168 tested 1495065600
seed 5169 tested 1495272960
seed 5170 tested 1495480320
seed 5171 tested 1495687680
seed 5172 tested 1495895040
seed 5173 tested 1496102400
seed 5174 tested 1496309760
seed 5175 tested 1496517120
seed 5176 tested 1496724480
seed 5177 tested 1496931840
seed 5178 tested 1497139200
seed 5179 tested 1497346560
seed 5180 tested 1497553920
seed 5181 tested 1497761280
seed 5182 tested 1497968640
seed 5183 tested 1498176000
seed 5184 tested 1498383360
seed 5185 tested 1498590720
seed 5186 tested 1498798080
seed 5187 tested 1499005440
seed 5188 tested 1499212800
seed 5189 tested 1499420160
seed 5190 tested 1499627520
seed 5191 tested 1499834880
seed 5192 tested 1500042240
seed 5193 tested 1500249600
seed 5194 tested 1500456960
seed 5195 tested 1500664320
seed 5196 tested 1500871680
seed 5197 tested 1501079040
seed 5198 tested 1501286400
seed 5199 tested 1501493760
seed 5200 tested 1501701120
seed 5201 tested 1501908480
seed 5202 tested 1502115840
seed 5203 tested 1502323200
seed 5204 tested 1502530560
seed 5205 tested 1502737920
seed 5206 tested 1502945280
seed 5207 tested 1503152640
seed 5208 tested 1503360000
seed 5209 tested 1503567360
seed 5210 tested 1503774720
seed 5211 tested 1503982080
seed 5212 tested 1504189440
seed 5213 tested 1504396800
seed 5214 tested 1504604160
seed 5215 tested 1504811520
seed 5216 tested 1505018880
seed 5217 tested 1505226240
seed 5218 tested 1505433600
seed 5219 tested 1505640960
seed 5220 tested 1505848320
seed 5221 tested 1506055680
seed 5222 tested 1506263040
seed 5223 tested 1506470400
seed 5224 tested 1506677760
seed 5225 tested 1506885120
seed 5226 tested 1507092480
seed 5227 tested 1507299840
seed 5228 tested 1507507200
seed 5229 tested 1507714560
seed 5230 tested 1507921920
seed 5231 tested 1508129280
seed 5232 tested 1508336640
seed 5233 tested 1508544000
seed 5234 tested 1508751360
seed 5235 tested 1508958720
seed 5236 tested 1509166080
seed 5237 tested 1509373440
seed 5238 tested 1509580800
seed 5239 tested 1509788160
seed 5240 tested 1509995520
seed 5241 tested 1510202880
seed 5242 tested 1510410240
seed 5243 tested 1510617600
seed 5244 tested 1510824960
seed 5245 tested 1511032320
seed 5246 tested 1511239680
seed 5247 tested 1511447040
seed 5248 tested 1511654400
seed 5249 tested 1511861760
seed 5250 tested 1512069120
seed 5251 tested 1512276480
seed 5252 tested 1512483840
seed 5253 tested 1512691200
seed 5254 tested 1512898560
seed 5255 tested 1513105920
seed 5256 tested 1513313280
seed 5257 tested 1513520640
seed 5258 tested 1513728000
seed 5259 tested 1513935360
seed 5260 tested 1514142720
seed 5261 tested 1514350080
seed 5262 tested 1514557440
seed 5263 tested 1514764800
seed 5264 tested 1514972160
seed 5265 tested 1515179520
seed 5266 tested 1515386880
seed 5267 tested 1515594240
seed 5268 tested 1515801600
seed 5269 tested 1516008960
seed 5270 tested 1516216320
seed 5271 tested 1516423680
seed 5272 tested 1516631040
seed 5273 tested 1516838400
seed 5274 tested 1517045760
seed 5275 tested 1517253120
seed 5276 tested 1517460480
seed 5277 tested 1517667840
seed 5278 tested 1517875200
seed 5279 tested 1518082560
seed 5280 tested 1518289920
seed 5281 tested 1518497280
seed 5282 tested 1518704640
seed 5283 tested 1518912000
seed 5284 tested 1519119360
seed 5285 tested 1519326720
seed 5286 tested 1519534080
seed 5287 tested 1519741440
seed 5288 tested 1519948800
seed 5289 tested 1520156160
seed 5290 tested 1520363520
seed 5291 tested 1520570880
seed 5292 tested 1520778240
seed 5293 tested 1520985600
seed 5294 tested 1521192960
seed 5295 tested 1521400320
seed 5296 tested 1521607680
seed 5297 tested 1521815040
seed 5298 tested 1522022400
seed 5299 tested 1522229760
seed 5300 tested 1522437120
seed 5301 tested 1522644480
seed 5302 tested 1522851840
seed 5303 tested 1523059200
seed 5304 tested 1523266560
seed 5305 tested 1523473920
seed 5306 tested 1523681280
seed 5307 tested 1523888640
seed 5308 tested 1524096000
seed 5309 tested 1524303360
seed 5310 tested 1524510720
seed 5311 tested 1524718080
seed 5312 tested 1524925440
seed 5313 tested 1525132800
seed 5314 tested 1525340160
seed 5315 tested 1525547520
seed 5316 tested 1525754880
seed 5317 tested 1525962240
seed 5318 tested 1526169600
seed 5319 tested 1526376960
seed 5320 tested 1526584320
seed 5321 tested 1526791680
seed 5322 tested 1526999040
seed 5323 tested 1527206400
seed 5324 tested 1527413760
seed 5325 tested 1527621120
seed 5326 tested 1527828480
seed 5327 tested 1528035840
seed 5328 tested 1528243200
seed 5329 tested 1528450560
seed 5330 tested 1528657920
seed 5331 tested 1528865280
seed 5332 tested 1529072640
seed 5333 tested 1529280000
seed 5334 tested 1529487360
seed 5335 tested 1529694720
seed 5336 tested 1529902080
seed 5337 tested 1530109440
seed 5338 tested 1530316800
seed 5339 tested 1530524160
seed 5340 tested 1530731520
seed 5341 tested 1530938880
seed 5342 tested 1531146240
seed 5343 tested 1531353600
seed 5344 tested 1531560960
seed 5345 tested 1531768320
seed 5346 tested 1531975680
seed 5347 tested 1532183040
seed 5348 tested 1532390400
seed 5349 tested 1532597760
seed 5350 tested 1532805120
seed 5351 tested 1533012480
seed 5352 tested 1533219840
seed 5353 tested 1533427200
seed 5354 tested 1533634560
seed 5355 tested 1533841920
seed 5356 tested 1534049280
seed 5357 tested 1534256640
seed 5358 tested 1534464000
seed 5359 tested 1534671360
seed 5360 tested 1534878720
seed 5361 tested 1535086080
seed 5362 tested 1535293440
seed 5363 tested 1535500800
seed 5364 tested 1535708160
seed 5365 tested 1535915520
seed 5366 tested 1536122880
seed 5367 tested 1536330240
seed 5368 tested 1536537600
seed 5369 tested 1536744960
seed 5370 tested 1536952320
seed 5371 tested 1537159680
seed 5372 tested 1537367040
seed 5373 tested 1537574400
seed 5374 tested 1537781760
seed 5375 tested 1537989120
seed 5376 tested 1538196480
seed 5377 tested 1538403840
seed 5378 tested 1538611200
seed 5379 tested 1538818560
seed 5380 tested 1539025920
seed 5381 tested 1539233280
seed 5382 tested 1539440640
seed 5383 tested 1539648000
seed 5384 tested 1539855360
seed 5385 tested 1540062720
seed 5386 tested 1540270080
seed 5387 tested 1540477440
seed 5388 tested 1540684800
seed 5389 tested 1540892160
seed 5390 tested 1541099520
seed 5391 tested 1541306880
seed 5392 tested 1541514240
seed 5393 tested 1541721600
seed 5394 tested 1541928960
seed 5395 tested 1542136320
seed 5396 tested 1542343680
seed 5397 tested 1542551040
seed 5398 tested 1542758400
seed 5399 tested 1542965760
seed 5400 tested 1543173120
seed 5401 tested 1543380480
seed 5402 tested 1543587840
seed 5403 tested 1543795200
seed 5404 tested 1544002560
seed 5405 tested 1544209920
seed 5406 tested 1544417280
seed 5407 tested 1544624640
seed 5408 tested 1544832000
seed 5409 tested 1545039360
seed 5410 tested 1545246720
seed 5411 tested 1545454080
seed 5412 tested 1545661440
seed 5413 tested 1545868800
seed 5414 tested 1546076160
seed 5415 tested 1546283520
seed 5416 tested 1546490880
seed 5417 tested 1546698240
seed 5418 tested 1546905600
seed 5419 tested 1547112960
seed 5420 tested 1547320320
seed 5421 tested 1547527680
seed 5422 tested 1547735040
seed 5423 tested 1547942400
seed 5424 tested 1548149760
seed 5425 tested 1548357120
seed 5426 tested 1548564480
seed 5427 tested 1548771840
seed 5428 tested 1548979200
seed 5429 tested 1549186560
seed 5430 tested 1549393920
seed 5431 tested 1549601280
seed 5432 tested 1549808640
seed 5433 tested 1550016000
seed 5434 tested 1550223360
seed 5435 tested 1550430720
seed 5436 tested 1550638080
seed 5437 tested 1550845440
seed 5438 tested 1551052800
seed 5439 tested 1551260160
seed 5440 tested 1551467520
seed 5441 tested 1551674880
seed 5442 tested 1551882240
seed 5443 tested 1552089600
seed 5444 tested 1552296960
seed 5445 tested 1552504320
seed 5446 tested 1552711680
seed 5447 tested 1552919040
seed 5448 tested 1553126400
seed 5449 tested 1553333760
seed 5450 tested 1553541120
seed 5451 tested 1553748480
seed 5452 tested 1553955840
seed 5453 tested 1554163200
seed 5454 tested 1554370560
seed 5455 tested 1554577920
seed 5456 tested 1554785280
seed 5457 tested 1554992640
seed 5458 tested 1555200000
seed 5459 tested 1555407360
seed 5460 tested 1555614720
seed 5461 tested 1555822080
seed 5462 tested 1556029440
seed 5463 tested 1556236800
seed 5464 tested 1556444160
seed 5465 tested 1556651520
seed 5466 tested 1556858880
seed 5467 tested 1557066240
seed 5468 tested 1557273600
seed 5469 tested 1557480960
seed 5470 tested 1557688320
seed 5471 tested 1557895680
seed 5472 tested 1558103040
seed 5473 tested 1558310400
seed 5474 tested 1558517760
seed 5475 tested 1558725120
seed 5476 tested 1558932480
seed 5477 tested 1559139840
seed 5478 tested 1559347200
seed 5479 tested 1559554560
seed 5480 tested 1559761920
seed 5481 tested 1559969280
seed 5482 tested 1560176640
seed 5483 tested 1560384000
seed 5484 tested 1560591360
seed 5485 tested 1560798720
seed 5486 tested 1561006080
seed 5487 tested 1561213440
seed 5488 tested 1561420800
seed 5489 tested 1561628160
seed 5490 tested 1561835520
seed 5491 tested 1562042880
seed 5492 tested 1562250240
seed 5493 tested 1562457600
seed 5494 tested 1562664960
seed 5495 tested 1562872320
seed 5496 tested 1563079680
seed 5497 tested 1563287040
seed 5498 tested 1563494400
seed 5499 tested 1563701760
seed 5500 tested 1563909120
seed 5501 tested 1564116480
seed 5502 tested 1564323840
seed 5503 tested 1564531200
seed 5504 tested 1564738560
seed 5505 tested 1564945920
seed 5506 tested 1565153280
seed 5507 tested 1565360640
seed 5508 tested 1565568000
seed 5509 tested 1565775360
seed 5510 tested 1565982720
seed 5511 tested 1566190080
seed 5512 tested 1566397440
seed 5513 tested 1566604800
seed 5514 tested 1566812160
seed 5515 tested 1567019520
seed 5516 tested 1567226880
seed 5517 tested 1567434240
seed 5518 tested 1567641600
seed 5519 tested 1567848960
seed 5520 tested 1568056320
seed 5521 tested 1568263680
seed 5522 tested 1568471040
seed 5523 tested 1568678400
seed 5524 tested 1568885760
seed 5525 tested 1569093120
seed 5526 tested 1569300480
seed 5527 tested 1569507840
seed 5528 tested 1569715200
seed 5529 tested 1569922560
seed 5530 tested 1570129920
seed 5531 tested 1570337280
seed 5532 tested 1570544640
seed 5533 tested 1570752000
seed 5534 tested 1570959360
seed 5535 tested 1571166720
seed 5536 tested 1571374080
seed 5537 tested 1571581440
seed 5538 tested 1571788800
seed 5539 tested 1571996160
seed 5540 tested 1572203520
seed 5541 tested 1572410880
seed 5542 tested 1572618240
seed 5543 tested 1572825600
seed 5544 tested 1573032960
seed 5545 tested 1573240320
seed 5546 tested 1573447680
seed 5547 tested 1573655040
seed 5548 tested 1573862400
seed 5549 tested 1574069760
seed 5550 tested 1574277120
seed 5551 tested 1574484480
seed 5552 tested 1574691840
seed 5553 tested 1574899200
seed 5554 tested 1575106560
seed 5555 tested 1575313920
seed 5556 tested 1575521280
seed 5557 tested 1575728640
seed 5558 tested 1575936000
seed 5559 tested 1576143360
seed 5560 tested 1576350720
seed 5561 tested 1576558080
seed 5562 tested 1576765440
seed 5563 tested 1576972800
seed 5564 tested 1577180160
seed 5565 tested 1577387520
seed 5566 tested 1577594880
seed 5567 tested 1577802240
seed 5568 tested 1578009600
seed 5569 tested 1578216960
seed 5570 tested 1578424320
seed 5571 tested 1578631680
seed 5572 tested 1578839040
seed 5573 tested 1579046400
seed 5574 tested 1579253760
seed 5575 tested 1579461120
seed 5576 tested 1579668480
seed 5577 tested 1579875840
seed 5578 tested 1580083200
seed 5579 tested 1580290560
seed 5580 tested 1580497920
seed 5581 tested 1580705280
seed 5582 tested 1580912640
seed 5583 tested 1581120000
seed 5584 tested 1581327360
seed 5585 tested 1581534720
seed 5586 tested 1581742080
seed 5587 tested 1581949440
seed 5588 tested 1582156800
seed 5589 tested 1582364160
seed 5590 tested 1582571520
seed 5591 tested 1582778880
seed 5592 tested 1582986240
seed 5593 tested 1583193600
seed 5594 tested 1583400960
seed 5595 tested 1583608320
seed 5596 tested 1583815680
seed 5597 tested 1584023040
seed 5598 tested 1584230400
seed 5599 tested 1584437760
seed 5600 tested 1584645120
seed 5601 tested 1584852480
seed 5602 tested 1585059840
seed 5603 tested 1585267200
seed 5604 tested 1585474560
seed 5605 tested 1585681920
seed 5606 tested 1585889280
seed 5607 tested 1586096640
seed 5608 tested 1586304000
seed 5609 tested 1586511360
seed 5610 tested 1586718720
seed 5611 tested 1586926080
seed 5612 tested 1587133440
seed 5613 tested 1587340800
seed 5614 tested 1587548160
seed 5615 tested 1587755520
seed 5616 tested 1587962880
seed 5617 tested 1588170240
seed 5618 tested 1588377600
seed 5619 tested 1588584960
seed 5620 tested 1588792320
seed 5621 tested 1588999680
seed 5622 tested 1589207040
seed 5623 tested 1589414400
seed 5624 tested 1589621760
seed 5625 tested 1589829120
seed 5626 tested 1590036480
seed 5627 tested 1590243840
seed 5628 tested 1590451200
seed 5629 tested 1590658560
seed 5630 tested 1590865920
seed 5631 tested 1591073280
seed 5632 tested 1591280640
seed 5633 tested 1591488000
seed 5634 tested 1591695360
seed 5635 tested 1591902720
seed 5636 tested 1592110080
seed 5637 tested 1592317440
seed 5638 tested 1592524800
seed 5639 tested 1592732160
seed 5640 tested 1592939520
seed 5641 tested 1593146880
seed 5642 tested 1593354240
seed 5643 tested 1593561600
seed 5644 tested 1593768960
seed 5645 tested 1593976320
seed 5646 tested 1594183680
seed 5647 tested 1594391040
seed 5648 tested 1594598400
seed 5649 tested 1594805760
seed 5650 tested 1595013120
seed 5651 tested 1595220480
seed 5652 tested 1595427840
seed 5653 tested 1595635200
seed 5654 tested 1595842560
seed 5655 tested 1596049920
seed 5656 tested 1596257280
seed 5657 tested 1596464640
seed 5658 tested 1596672000
seed 5659 tested 1596879360
seed 5660 tested 1597086720
seed 5661 tested 1597294080
seed 5662 tested 1597501440
seed 5663 tested 1597708800
seed 5664 tested 1597916160
seed 5665 tested 1598123520
seed 5666 tested 1598330880
seed 5667 tested 1598538240
seed 5668 tested 1598745600
seed 5669 tested 1598952960
seed 5670 tested 1599160320
seed 5671 tested 1599367680
seed 5672 tested 1599575040
seed 5673 tested 1599782400
seed 5674 tested 1599989760
seed 5675 tested 1600197120
seed 5676 tested 1600404480
seed 5677 tested 1600611840
seed 5678 tested 1600819200
seed 5679 tested 1601026560
seed 5680 tested 1601233920
seed 5681 tested 1601441280
seed 5682 tested 1601648640
seed 5683 tested 1601856000
seed 5684 tested 1602063360
seed 5685 tested 1602270720
seed 5686 tested 1602478080
seed 5687 tested 1602685440
seed 5688 tested 1602892800
seed 5689 tested 1603100160
seed 5690 tested 1603307520
seed 5691 tested 1603514880
seed 5692 tested 1603722240
seed 5693 tested 1603929600
seed 5694 tested 1604136960
seed 5695 tested 1604344320
seed 5696 tested 1604551680
seed 5697 tested 1604759040
seed 5698 tested 1604966400
seed 5699 tested 1605173760
seed 5700 tested 1605381120
seed 5701 tested 1605588480
seed 5702 tested 1605795840
seed 5703 tested 1606003200
seed 5704 tested 1606210560
seed 5705 tested 1606417920
seed 5706 tested 1606625280
seed 5707 tested 1606832640
seed 5708 tested 1607040000
seed 5709 tested 1607247360
seed 5710 tested 1607454720
seed 5711 tested 1607662080
seed 5712 tested 1607869440
seed 5713 tested 1608076800
seed 5714 tested 1608284160
seed 5715 tested 1608491520
seed 5716 tested 1608698880
seed 5717 tested 1608906240
seed 5718 tested 1609113600
seed 5719 tested 1609320960
seed 5720 tested 1609528320
seed 5721 tested 1609735680
seed 5722 tested 1609943040
seed 5723 tested 1610150400
seed 5724 tested 1610357760
seed 5725 tested 1610565120
seed 5726 tested 1610772480
seed 5727 tested 1610979840
seed 5728 tested 1611187200
seed 5729 tested 1611394560
seed 5730 tested 1611601920
seed 5731 tested 1611809280
seed 5732 tested 1612016640
seed 5733 tested 1612224000
seed 5734 tested 1612431360
seed 5735 tested 1612638720
seed 5736 tested 1612846080
seed 5737 tested 1613053440
seed 5738 tested 1613260800
seed 5739 tested 1613468160
seed 5740 tested 1613675520
seed 5741 tested 1613882880
seed 5742 tested 1614090240
seed 5743 tested 1614297600
seed 5744 tested 1614504960
seed 5745 tested 1614712320
seed 5746 tested 1614919680
seed 5747 tested 1615127040
seed 5748 tested 1615334400
seed 5749 tested 1615541760
seed 5750 tested 1615749120
seed 5751 tested 1615956480
seed 5752 tested 1616163840
seed 5753 tested 1616371200
seed 5754 tested 1616578560
seed 5755 tested 1616785920
seed 5756 tested 1616993280
seed 5757 tested 1617200640
seed 5758 tested 1617408000
seed 5759 tested 1617615360
seed 5760 tested 1617822720
seed 5761 tested 1618030080
seed 5762 tested 1618237440
seed 5763 tested 1618444800
seed 5764 tested 1618652160
seed 5765 tested 1618859520
seed 5766 tested 1619066880
seed 5767 tested 1619274240
seed 5768 tested 1619481600
seed 5769 tested 1619688960
seed 5770 tested 1619896320
seed 5771 tested 1620103680
seed 5772 tested 1620311040
seed 5773 tested 1620518400
seed 5774 tested 1620725760
seed 5775 tested 1620933120
seed 5776 tested 1621140480
seed 5777 tested 1621347840
seed 5778 tested 1621555200
seed 5779 tested 1621762560
seed 5780 tested 1621969920
seed 5781 tested 1622177280
seed 5782 tested 1622384640
seed 5783 tested 1622592000
seed 5784 tested 1622799360
seed 5785 tested 1623006720
seed 5786 tested 1623214080
seed 5787 tested 1623421440
seed 5788 tested 1623628800
seed 5789 tested 1623836160
seed 5790 tested 1624043520
seed 5791 tested 1624250880
seed 5792 tested 1624458240
seed 5793 tested 1624665600
seed 5794 tested 1624872960
seed 5795 tested 1625080320
seed 5796 tested 1625287680
seed 5797 tested 1625495040
seed 5798 tested 1625702400
seed 5799 tested 1625909760
seed 5800 tested 1626117120
seed 5801 tested 1626324480
seed 5802 tested 1626531840
seed 5803 tested 1626739200
seed 5804 tested 1626946560
seed 5805 tested 1627153920
seed 5806 tested 1627361280
seed 5807 tested 1627568640
seed 5808 tested 1627776000
seed 5809 tested 1627983360
seed 5810 tested 1628190720
seed 5811 tested 1628398080
seed 5812 tested 1628605440
seed 5813 tested 1628812800
seed 5814 tested 1629020160
seed 5815 tested 1629227520
seed 5816 tested 1629434880
seed 5817 tested 1629642240
seed 5818 tested 1629849600
seed 5819 tested 1630056960
seed 5820 tested 1630264320
seed 5821 tested 1630471680
seed 5822 tested 1630679040
seed 5823 tested 1630886400
seed 5824 tested 1631093760
seed 5825 tested 1631301120
seed 5826 tested 1631508480
seed 5827 tested 1631715840
seed 5828 tested 1631923200
seed 5829 tested 1632130560
seed 5830 tested 1632337920
seed 5831 tested 1632545280
seed 5832 tested 1632752640
seed 5833 tested 1632960000
seed 5834 tested 1633167360
seed 5835 tested 1633374720
seed 5836 tested 1633582080
seed 5837 tested 1633789440
seed 5838 tested 1633996800
seed 5839 tested 1634204160
seed 5840 tested 1634411520
seed 5841 tested 1634618880
seed 5842 tested 1634826240
seed 5843 tested 1635033600
seed 5844 tested 1635240960
seed 5845 tested 1635448320
seed 5846 tested 1635655680
seed 5847 tested 1635863040
seed 5848 tested 1636070400
seed 5849 tested 1636277760
seed 5850 tested 1636485120
seed 5851 tested 1636692480
seed 5852 tested 1636899840
seed 5853 tested 1637107200
seed 5854 tested 1637314560
seed 5855 tested 1637521920
seed 5856 tested 1637729280
seed 5857 tested 1637936640
seed 5858 tested 1638144000
seed 5859 tested 1638351360
seed 5860 tested 1638558720
seed 5861 tested 1638766080
seed 5862 tested 1638973440
seed 5863 tested 1639180800
seed 5864 tested 1639388160
seed 5865 tested 1639595520
seed 5866 tested 1639802880
seed 5867 tested 1640010240
seed 5868 tested 1640217600
seed 5869 tested 1640424960
seed 5870 tested 1640632320
seed 5871 tested 1640839680
seed 5872 tested 1641047040
seed 5873 tested 1641254400
seed 5874 tested 1641461760
seed 5875 tested 1641669120
seed 5876 tested 1641876480
seed 5877 tested 1642083840
seed 5878 tested 1642291200
seed 5879 tested 1642498560
seed 5880 tested 1642705920
seed 5881 tested 1642913280
seed 5882 tested 1643120640
seed 5883 tested 1643328000
seed 5884 tested 1643535360
seed 5885 tested 1643742720
seed 5886 tested 1643950080
seed 5887 tested 1644157440
seed 5888 tested 1644364800
seed 5889 tested 1644572160
seed 5890 tested 1644779520
seed 5891 tested 1644986880
seed 5892 tested 1645194240
seed 5893 tested 1645401600
seed 5894 tested 1645608960
seed 5895 tested 1645816320
seed 5896 tested 1646023680
seed 5897 tested 1646231040
seed 5898 tested 1646438400
seed 5899 tested 1646645760
seed 5900 tested 1646853120
seed 5901 tested 1647060480
seed 5902 tested 1647267840
seed 5903 tested 1647475200
seed 5904 tested 1647682560
seed 5905 tested 1647889920
seed 5906 tested 1648097280
seed 5907 tested 1648304640
seed 5908 tested 1648512000
seed 5909 tested 1648719360
seed 5910 tested 1648926720
seed 5911 tested 1649134080
seed 5912 tested 1649341440
seed 5913 tested 1649548800
seed 5914 tested 1649756160
seed 5915 tested 1649963520
seed 5916 tested 1650170880
seed 5917 tested 1650378240
seed 5918 tested 1650585600
seed 5919 tested 1650792960
seed 5920 tested 1651000320
seed 5921 tested 1651207680
seed 5922 tested 1651415040
seed 5923 tested 1651622400
seed 5924 tested 1651829760
seed 5925 tested 1652037120
seed 5926 tested 1652244480
seed 5927 tested 1652451840
seed 5928 tested 1652659200
seed 5929 tested 1652866560
seed 5930 tested 1653073920
seed 5931 tested 1653281280
seed 5932 tested 1653488640
seed 5933 tested 1653696000
seed 5934 tested 1653903360
seed 5935 tested 1654110720
seed 5936 tested 1654318080
seed 5937 tested 1654525440
seed 5938 tested 1654732800
seed 5939 tested 1654940160
seed 5940 tested 1655147520
seed 5941 tested 1655354880
seed 5942 tested 1655562240
seed 5943 tested 1655769600
seed 5944 tested 1655976960
seed 5945 tested 1656184320
seed 5946 tested 1656391680
seed 5947 tested 1656599040
seed 5948 tested 1656806400
seed 5949 tested 1657013760
seed 5950 tested 1657221120
seed 5951 tested 1657428480
seed 5952 tested 1657635840
seed 5953 tested 1657843200
seed 5954 tested 1658050560
seed 5955 tested 1658257920
seed 5956 tested 1658465280
seed 5957 tested 1658672640
seed 5958 tested 1658880000
seed 5959 tested 1659087360
seed 5960 tested 1659294720
seed 5961 tested 1659502080
seed 5962 tested 1659709440
seed 5963 tested 1659916800
seed 5964 tested 1660124160
seed 5965 tested 1660331520
seed 5966 tested 1660538880
seed 5967 tested 1660746240
seed 5968 tested 1660953600
seed 5969 tested 1661160960
seed 5970 tested 1661368320
seed 5971 tested 1661575680
seed 5972 tested 1661783040
seed 5973 tested 1661990400
seed 5974 tested 1662197760
seed 5975 tested 1662405120
seed 5976 tested 1662612480
seed 5977 tested 1662819840
seed 5978 tested 1663027200
seed 5979 tested 1663234560
seed 5980 tested 1663441920
seed 5981 tested 1663649280
seed 5982 tested 1663856640
seed 5983 tested 1664064000
seed 5984 tested 1664271360
seed 5985 tested 1664478720
seed 5986 tested 1664686080
seed 5987 tested 1664893440
seed 5988 tested 1665100800
seed 5989 tested 1665308160
seed 5990 tested 1665515520
seed 5991 tested 1665722880
seed 5992 tested 1665930240
seed 5993 tested 1666137600
seed 5994 tested 1666344960
seed 5995 tested 1666552320
seed 5996 tested 1666759680
seed 5997 tested 1666967040
seed 5998 tested 1667174400
seed 5999 tested 1667381760
seed 6000 tested 1667589120
seed 6001 tested 1667796480
seed 6002 tested 1668003840
seed 6003 tested 1668211200
seed 6004 tested 1668418560
seed 6005 tested 1668625920
seed 6006 tested 1668833280
seed 6007 tested 1669040640
seed 6008 tested 1669248000
seed 6009 tested 1669455360
seed 6010 tested 1669662720
seed 6011 tested 1669870080
seed 6012 tested 1670077440
seed 6013 tested 1670284800
seed 6014 tested 1670492160
seed 6015 tested 1670699520
seed 6016 tested 1670906880
seed 6017 tested 1671114240
seed 6018 tested 1671321600
seed 6019 tested 1671528960
seed 6020 tested 1671736320
seed 6021 tested 1671943680
seed 6022 tested 1672151040
seed 6023 tested 1672358400
seed 6024 tested 1672565760
seed 6025 tested 1672773120
seed 6026 tested 1672980480
seed 6027 tested 1673187840
seed 6028 tested 1673395200
seed 6029 tested 1673602560
seed 6030 tested 1673809920
seed 6031 tested 1674017280
seed 6032 tested 1674224640
seed 6033 tested 1674432000
seed 6034 tested 1674639360
seed 6035 tested 1674846720
seed 6036 tested 1675054080
seed 6037 tested 1675261440
seed 6038 tested 1675468800
seed 6039 tested 1675676160
seed 6040 tested 1675883520
seed 6041 tested 1676090880
seed 6042 tested 1676298240
seed 6043 tested 1676505600
seed 6044 tested 1676712960
seed 6045 tested 1676920320
seed 6046 tested 1677127680
seed 6047 tested 1677335040
seed 6048 tested 1677542400
seed 6049 tested 1677749760
seed 6050 tested 1677957120
seed 6051 tested 1678164480
seed 6052 tested 1678371840
seed 6053 tested 1678579200
seed 6054 tested 1678786560
seed 6055 tested 1678993920
seed 6056 tested 1679201280
seed 6057 tested 1679408640
seed 6058 tested 1679616000
seed 6059 tested 1679823360
seed 6060 tested 1680030720
seed 6061 tested 1680238080
seed 6062 tested 1680445440
seed 6063 tested 1680652800
seed 6064 tested 1680860160
seed 6065 tested 1681067520
seed 6066 tested 1681274880
seed 6067 tested 1681482240
seed 6068 tested 1681689600
seed 6069 tested 1681896960
seed 6070 tested 1682104320
seed 6071 tested 1682311680
seed 6072 tested 1682519040
seed 6073 tested 1682726400
seed 6074 tested 1682933760
seed 6075 tested 1683141120
seed 6076 tested 1683348480
seed 6077 tested 1683555840
seed 6078 tested 1683763200
seed 6079 tested 1683970560
seed 6080 tested 1684177920
seed 6081 tested 1684385280
seed 6082 tested 1684592640
seed 6083 tested 1684800000
seed 6084 tested 1685007360
seed 6085 tested 1685214720
seed 6086 tested 1685422080
seed 6087 tested 1685629440
seed 6088 tested 1685836800
seed 6089 tested 1686044160
seed 6090 tested 1686251520
seed 6091 tested 1686458880
seed 6092 tested 1686666240
seed 6093 tested 1686873600
seed 6094 tested 1687080960
seed 6095 tested 1687288320
seed 6096 tested 1687495680
seed 6097 tested 1687703040
seed 6098 tested 1687910400
seed 6099 tested 1688117760
seed 6100 tested 1688325120
seed 6101 tested 1688532480
seed 6102 tested 1688739840
seed 6103 tested 1688947200
seed 6104 tested 1689154560
seed 6105 tested 1689361920
seed 6106 tested 1689569280
seed 6107 tested 1689776640
seed 6108 tested 1689984000
seed 6109 tested 1690191360
seed 6110 tested 1690398720
seed 6111 tested 1690606080
seed 6112 tested 1690813440
seed 6113 tested 1691020800
seed 6114 tested 1691228160
seed 6115 tested 1691435520
seed 6116 tested 1691642880
seed 6117 tested 1691850240
seed 6118 tested 1692057600
seed 6119 tested 1692264960
seed 6120 tested 1692472320
seed 6121 tested 1692679680
seed 6122 tested 1692887040
seed 6123 tested 1693094400
seed 6124 tested 1693301760
seed 6125 tested 1693509120
seed 6126 tested 1693716480
seed 6127 tested 1693923840
seed 6128 tested 1694131200
seed 6129 tested 1694338560
seed 6130 tested 1694545920
seed 6131 tested 1694753280
seed 6132 tested 1694960640
seed 6133 tested 1695168000
seed 6134 tested 1695375360
seed 6135 tested 1695582720
seed 6136 tested 1695790080
seed 6137 tested 1695997440
seed 6138 tested 1696204800
seed 6139 tested 1696412160
seed 6140 tested 1696619520
seed 6141 tested 1696826880
seed 6142 tested 1697034240
seed 6143 tested 1697241600
seed 6144 tested 1697448960
seed 6145 tested 1697656320
seed 6146 tested 1697863680
seed 6147 tested 1698071040
seed 6148 tested 1698278400
seed 6149 tested 1698485760
seed 6150 tested 1698693120
seed 6151 tested 1698900480
seed 6152 tested 1699107840
seed 6153 tested 1699315200
seed 6154 tested 1699522560
seed 6155 tested 1699729920
seed 6156 tested 1699937280
seed 6157 tested 1700144640
seed 6158 tested 1700352000
seed 6159 tested 1700559360
seed 6160 tested 1700766720
seed 6161 tested 1700974080
seed 6162 tested 1701181440
seed 6163 tested 1701388800
seed 6164 tested 1701596160
seed 6165 tested 1701803520
seed 6166 tested 1702010880
seed 6167 tested 1702218240
seed 6168 tested 1702425600
seed 6169 tested 1702632960
seed 6170 tested 1702840320
seed 6171 tested 1703047680
seed 6172 tested 1703255040
seed 6173 tested 1703462400
seed 6174 tested 1703669760
seed 6175 tested 1703877120
seed 6176 tested 1704084480
seed 6177 tested 1704291840
seed 6178 tested 1704499200
seed 6179 tested 1704706560
seed 6180 tested 1704913920
seed 6181 tested 1705121280
seed 6182 tested 1705328640
seed 6183 tested 1705536000
seed 6184 tested 1705743360
seed 6185 tested 1705950720
seed 6186 tested 1706158080
seed 6187 tested 1706365440
seed 6188 tested 1706572800
seed 6189 tested 1706780160
seed 6190 tested 1706987520
seed 6191 tested 1707194880
seed 6192 tested 1707402240
seed 6193 tested 1707609600
seed 6194 tested 1707816960
seed 6195 tested 1708024320
seed 6196 tested 1708231680
seed 6197 tested 1708439040
seed 6198 tested 1708646400
seed 6199 tested 1708853760
seed 6200 tested 1709061120
seed 6201 tested 1709268480
seed 6202 tested 1709475840
seed 6203 tested 1709683200
seed 6204 tested 1709890560
seed 6205 tested 1710097920
seed 6206 tested 1710305280
seed 6207 tested 1710512640
seed 6208 tested 1710720000
seed 6209 tested 1710927360
seed 6210 tested 1711134720
seed 6211 tested 1711342080
seed 6212 tested 1711549440
seed 6213 tested 1711756800
seed 6214 tested 1711964160
seed 6215 tested 1712171520
seed 6216 tested 1712378880
seed 6217 tested 1712586240
seed 6218 tested 1712793600
seed 6219 tested 1713000960
seed 6220 tested 1713208320
seed 6221 tested 1713415680
seed 6222 tested 1713623040
seed 6223 tested 1713830400
seed 6224 tested 1714037760
seed 6225 tested 1714245120
seed 6226 tested 1714452480
seed 6227 tested 1714659840
seed 6228 tested 1714867200
seed 6229 tested 1715074560
seed 6230 tested 1715281920
seed 6231 tested 1715489280
seed 6232 tested 1715696640
seed 6233 tested 1715904000
seed 6234 tested 1716111360
seed 6235 tested 1716318720
seed 6236 tested 1716526080
seed 6237 tested 1716733440
seed 6238 tested 1716940800
seed 6239 tested 1717148160
seed 6240 tested 1717355520
seed 6241 tested 1717562880
seed 6242 tested 1717770240
seed 6243 tested 1717977600
seed 6244 tested 1718184960
seed 6245 tested 1718392320
seed 6246 tested 1718599680
seed 6247 tested 1718807040
seed 6248 tested 1719014400
seed 6249 tested 1719221760
seed 6250 tested 1719429120
seed 6251 tested 1719636480
seed 6252 tested 1719843840
seed 6253 tested 1720051200
seed 6254 tested 1720258560
seed 6255 tested 1720465920
seed 6256 tested 1720673280
seed 6257 tested 1720880640
seed 6258 tested 1721088000
seed 6259 tested 1721295360
seed 6260 tested 1721502720
seed 6261 tested 1721710080
seed 6262 tested 1721917440
seed 6263 tested 1722124800
seed 6264 tested 1722332160
seed 6265 tested 1722539520
seed 6266 tested 1722746880
seed 6267 tested 1722954240
seed 6268 tested 1723161600
seed 6269 tested 1723368960
seed 6270 tested 1723576320
seed 6271 tested 1723783680
seed 6272 tested 1723991040
seed 6273 tested 1724198400
seed 6274 tested 1724405760
seed 6275 tested 1724613120
seed 6276 tested 1724820480
seed 6277 tested 1725027840
seed 6278 tested 1725235200
seed 6279 tested 1725442560
seed 6280 tested 1725649920
seed 6281 tested 1725857280
seed 6282 tested 1726064640
seed 6283 tested 1726272000
seed 6284 tested 1726479360
seed 6285 tested 1726686720
seed 6286 tested 1726894080
seed 6287 tested 1727101440
seed 6288 tested 1727308800
seed 6289 tested 1727516160
seed 6290 tested 1727723520
seed 6291 tested 1727930880
seed 6292 tested 1728138240
seed 6293 tested 1728345600
seed 6294 tested 1728552960
seed 6295 tested 1728760320
seed 6296 tested 1728967680
seed 6297 tested 1729175040
seed 6298 tested 1729382400
seed 6299 tested 1729589760
seed 6300 tested 1729797120
seed 6301 tested 1730004480
seed 6302 tested 1730211840
seed 6303 tested 1730419200
seed 6304 tested 1730626560
seed 6305 tested 1730833920
seed 6306 tested 1731041280
seed 6307 tested 1731248640
seed 6308 tested 1731456000
seed 6309 tested 1731663360
seed 6310 tested 1731870720
seed 6311 tested 1732078080
seed 6312 tested 1732285440
seed 6313 tested 1732492800
seed 6314 tested 1732700160
seed 6315 tested 1732907520
seed 6316 tested 1733114880
seed 6317 tested 1733322240
seed 6318 tested 1733529600
seed 6319 tested 1733736960
seed 6320 tested 1733944320
seed 6321 tested 1734151680
seed 6322 tested 1734359040
seed 6323 tested 1734566400
seed 6324 tested 1734773760
seed 6325 tested 1734981120
seed 6326 tested 1735188480
seed 6327 tested 1735395840
seed 6328 tested 1735603200
seed 6329 tested 1735810560
seed 6330 tested 1736017920
seed 6331 tested 1736225280
seed 6332 tested 1736432640
seed 6333 tested 1736640000
seed 6334 tested 1736847360
seed 6335 tested 1737054720
seed 6336 tested 1737262080
seed 6337 tested 1737469440
seed 6338 tested 1737676800
seed 6339 tested 1737884160
seed 6340 tested 1738091520
seed 6341 tested 1738298880
seed 6342 tested 1738506240
seed 6343 tested 1738713600
seed 6344 tested 1738920960
seed 6345 tested 1739128320
seed 6346 tested 1739335680
seed 6347 tested 1739543040
seed 6348 tested 1739750400
seed 6349 tested 1739957760
seed 6350 tested 1740165120
seed 6351 tested 1740372480
seed 6352 tested 1740579840
seed 6353 tested 1740787200
seed 6354 tested 1740994560
seed 6355 tested 1741201920
seed 6356 tested 1741409280
seed 6357 tested 1741616640
seed 6358 tested 1741824000
seed 6359 tested 1742031360
seed 6360 tested 1742238720
seed 6361 tested 1742446080
seed 6362 tested 1742653440
seed 6363 tested 1742860800
seed 6364 tested 1743068160
seed 6365 tested 1743275520
seed 6366 tested 1743482880
seed 6367 tested 1743690240
seed 6368 tested 1743897600
seed 6369 tested 1744104960
seed 6370 tested 1744312320
seed 6371 tested 1744519680
seed 6372 tested 1744727040
seed 6373 tested 1744934400
seed 6374 tested 1745141760
seed 6375 tested 1745349120
seed 6376 tested 1745556480
seed 6377 tested 1745763840
seed 6378 tested 1745971200
seed 6379 tested 1746178560
seed 6380 tested 1746385920
seed 6381 tested 1746593280
seed 6382 tested 1746800640
seed 6383 tested 1747008000
seed 6384 tested 1747215360
seed 6385 tested 1747422720
seed 6386 tested 1747630080
seed 6387 tested 1747837440
seed 6388 tested 1748044800
seed 6389 tested 1748252160
seed 6390 tested 1748459520
seed 6391 tested 1748666880
seed 6392 tested 1748874240
seed 6393 tested 1749081600
seed 6394 tested 1749288960
seed 6395 tested 1749496320
seed 6396 tested 1749703680
seed 6397 tested 1749911040
seed 6398 tested 1750118400
seed 6399 tested 1750325760
seed 6400 tested 1750533120
seed 6401 tested 1750740480
seed 6402 tested 1750947840
seed 6403 tested 1751155200
seed 6404 tested 1751362560
seed 6405 tested 1751569920
seed 6406 tested 1751777280
seed 6407 tested 1751984640
seed 6408 tested 1752192000
seed 6409 tested 1752399360
seed 6410 tested 1752606720
seed 6411 tested 1752814080
seed 6412 tested 1753021440
seed 6413 tested 1753228800
seed 6414 tested 1753436160
seed 6415 tested 1753643520
seed 6416 tested 1753850880
seed 6417 tested 1754058240
seed 6418 tested 1754265600
seed 6419 tested 1754472960
seed 6420 tested 1754680320
seed 6421 tested 1754887680
seed 6422 tested 1755095040
seed 6423 tested 1755302400
seed 6424 tested 1755509760
seed 6425 tested 1755717120
seed 6426 tested 1755924480
seed 6427 tested 1756131840
seed 6428 tested 1756339200
seed 6429 tested 1756546560
seed 6430 tested 1756753920
seed 6431 tested 1756961280
seed 6432 tested 1757168640
seed 6433 tested 1757376000
seed 6434 tested 1757583360
seed 6435 tested 1757790720
seed 6436 tested 1757998080
seed 6437 tested 1758205440
seed 6438 tested 1758412800
seed 6439 tested 1758620160
seed 6440 tested 1758827520
seed 6441 tested 1759034880
seed 6442 tested 1759242240
seed 6443 tested 1759449600
seed 6444 tested 1759656960
seed 6445 tested 1759864320
seed 6446 tested 1760071680
seed 6447 tested 1760279040
seed 6448 tested 1760486400
seed 6449 tested 1760693760
seed 6450 tested 1760901120
seed 6451 tested 1761108480
seed 6452 tested 1761315840
seed 6453 tested 1761523200
seed 6454 tested 1761730560
seed 6455 tested 1761937920
seed 6456 tested 1762145280
seed 6457 tested 1762352640
seed 6458 tested 1762560000
seed 6459 tested 1762767360
seed 6460 tested 1762974720
seed 6461 tested 1763182080
seed 6462 tested 1763389440
seed 6463 tested 1763596800
seed 6464 tested 1763804160
seed 6465 tested 1764011520
seed 6466 tested 1764218880
seed 6467 tested 1764426240
seed 6468 tested 1764633600
seed 6469 tested 1764840960
seed 6470 tested 1765048320
seed 6471 tested 1765255680
seed 6472 tested 1765463040
seed 6473 tested 1765670400
seed 6474 tested 1765877760
seed 6475 tested 1766085120
seed 6476 tested 1766292480
seed 6477 tested 1766499840
seed 6478 tested 1766707200
seed 6479 tested 1766914560
seed 6480 tested 1767121920
seed 6481 tested 1767329280
seed 6482 tested 1767536640
seed 6483 tested 1767744000
seed 6484 tested 1767951360
seed 6485 tested 1768158720
seed 6486 tested 1768366080
seed 6487 tested 1768573440
seed 6488 tested 1768780800
seed 6489 tested 1768988160
seed 6490 tested 1769195520
seed 6491 tested 1769402880
seed 6492 tested 1769610240
seed 6493 tested 1769817600
seed 6494 tested 1770024960
seed 6495 tested 1770232320
seed 6496 tested 1770439680
seed 6497 tested 1770647040
seed 6498 tested 1770854400
seed 6499 tested 1771061760
seed 6500 tested 1771269120
seed 6501 tested 1771476480
seed 6502 tested 1771683840
seed 6503 tested 1771891200
seed 6504 tested 1772098560
seed 6505 tested 1772305920
seed 6506 tested 1772513280
seed 6507 tested 1772720640
seed 6508 tested 1772928000
seed 6509 tested 1773135360
seed 6510 tested 1773342720
seed 6511 tested 1773550080
seed 6512 tested 1773757440
seed 6513 tested 1773964800
seed 6514 tested 1774172160
seed 6515 tested 1774379520
seed 6516 tested 1774586880
seed 6517 tested 1774794240
seed 6518 tested 1775001600
seed 6519 tested 1775208960
seed 6520 tested 1775416320
seed 6521 tested 1775623680
seed 6522 tested 1775831040
seed 6523 tested 1776038400
seed 6524 tested 1776245760
seed 6525 tested 1776453120
seed 6526 tested 1776660480
seed 6527 tested 1776867840
seed 6528 tested 1777075200
seed 6529 tested 1777282560
seed 6530 tested 1777489920
seed 6531 tested 1777697280
seed 6532 tested 1777904640
seed 6533 tested 1778112000
seed 6534 tested 1778319360
seed 6535 tested 1778526720
seed 6536 tested 1778734080
seed 6537 tested 1778941440
seed 6538 tested 1779148800
seed 6539 tested 1779356160
seed 6540 tested 1779563520
seed 6541 tested 1779770880
seed 6542 tested 1779978240
seed 6543 tested 1780185600
seed 6544 tested 1780392960
seed 6545 tested 1780600320
seed 6546 tested 1780807680
seed 6547 tested 1781015040
seed 6548 tested 1781222400
seed 6549 tested 1781429760
seed 6550 tested 1781637120
seed 6551 tested 1781844480
seed 6552 tested 1782051840
seed 6553 tested 1782259200
seed 6554 tested 1782466560
seed 6555 tested 1782673920
seed 6556 tested 1782881280
seed 6557 tested 1783088640
seed 6558 tested 1783296000
seed 6559 tested 1783503360
seed 6560 tested 1783710720
seed 6561 tested 1783918080
seed 6562 tested 1784125440
seed 6563 tested 1784332800
seed 6564 tested 1784540160
seed 6565 tested 1784747520
seed 6566 tested 1784954880
seed 6567 tested 1785162240
seed 6568 tested 1785369600
seed 6569 tested 1785576960
seed 6570 tested 1785784320
seed 6571 tested 1785991680
seed 6572 tested 1786199040
seed 6573 tested 1786406400
seed 6574 tested 1786613760
seed 6575 tested 1786821120
seed 6576 tested 1787028480
seed 6577 tested 1787235840
seed 6578 tested 1787443200
seed 6579 tested 1787650560
seed 6580 tested 1787857920
seed 6581 tested 1788065280
seed 6582 tested 1788272640
seed 6583 tested 1788480000
seed 6584 tested 1788687360
seed 6585 tested 1788894720
seed 6586 tested 1789102080
seed 6587 tested 1789309440
seed 6588 tested 1789516800
seed 6589 tested 1789724160
seed 6590 tested 1789931520
seed 6591 tested 1790138880
seed 6592 tested 1790346240
seed 6593 tested 1790553600
seed 6594 tested 1790760960
seed 6595 tested 1790968320
seed 6596 tested 1791175680
seed 6597 tested 1791383040
seed 6598 tested 1791590400
seed 6599 tested 1791797760
seed 6600 tested 1792005120
seed 6601 tested 1792212480
seed 6602 tested 1792419840
seed 6603 tested 1792627200
seed 6604 tested 1792834560
seed 6605 tested 1793041920
seed 6606 tested 1793249280
seed 6607 tested 1793456640
seed 6608 tested 1793664000
seed 6609 tested 1793871360
seed 6610 tested 1794078720
seed 6611 tested 1794286080
seed 6612 tested 1794493440
seed 6613 tested 1794700800
seed 6614 tested 1794908160
seed 6615 tested 1795115520
seed 6616 tested 1795322880
seed 6617 tested 1795530240
seed 6618 tested 1795737600
seed 6619 tested 1795944960
seed 6620 tested 1796152320
seed 6621 tested 1796359680
seed 6622 tested 1796567040
seed 6623 tested 1796774400
seed 6624 tested 1796981760
seed 6625 tested 1797189120
seed 6626 tested 1797396480
seed 6627 tested 1797603840
seed 6628 tested 1797811200
seed 6629 tested 1798018560
seed 6630 tested 1798225920
seed 6631 tested 1798433280
seed 6632 tested 1798640640
seed 6633 tested 1798848000
seed 6634 tested 1799055360
seed 6635 tested 1799262720
seed 6636 tested 1799470080
seed 6637 tested 1799677440
seed 6638 tested 1799884800
seed 6639 tested 1800092160
seed 6640 tested 1800299520
seed 6641 tested 1800506880
seed 6642 tested 1800714240
seed 6643 tested 1800921600
seed 6644 tested 1801128960
seed 6645 tested 1801336320
seed 6646 tested 1801543680
seed 6647 tested 1801751040
seed 6648 tested 1801958400
seed 6649 tested 1802165760
seed 6650 tested 1802373120
seed 6651 tested 1802580480
seed 6652 tested 1802787840
seed 6653 tested 1802995200
seed 6654 tested 1803202560
seed 6655 tested 1803409920
seed 6656 tested 1803617280
seed 6657 tested 1803824640
seed 6658 tested 1804032000
seed 6659 tested 1804239360
seed 6660 tested 1804446720
seed 6661 tested 1804654080
seed 6662 tested 1804861440
seed 6663 tested 1805068800
seed 6664 tested 1805276160
seed 6665 tested 1805483520
seed 6666 tested 1805690880
seed 6667 tested 1805898240
seed 6668 tested 1806105600
seed 6669 tested 1806312960
seed 6670 tested 1806520320
seed 6671 tested 1806727680
seed 6672 tested 1806935040
seed 6673 tested 1807142400
seed 6674 tested 1807349760
seed 6675 tested 1807557120
seed 6676 tested 1807764480
seed 6677 tested 1807971840
seed 6678 tested 1808179200
seed 6679 tested 1808386560
seed 6680 tested 1808593920
seed 6681 tested 1808801280
seed 6682 tested 1809008640
seed 6683 tested 1809216000
seed 6684 tested 1809423360
seed 6685 tested 1809630720
seed 6686 tested 1809838080
seed 6687 tested 1810045440
seed 6688 tested 1810252800
seed 6689 tested 1810460160
seed 6690 tested 1810667520
seed 6691 tested 1810874880
seed 6692 tested 1811082240
seed 6693 tested 1811289600
seed 6694 tested 1811496960
seed 6695 tested 1811704320
seed 6696 tested 1811911680
seed 6697 tested 1812119040
seed 6698 tested 1812326400
seed 6699 tested 1812533760
seed 6700 tested 1812741120
seed 6701 tested 1812948480
seed 6702 tested 1813155840
seed 6703 tested 1813363200
seed 6704 tested 1813570560
seed 6705 tested 1813777920
seed 6706 tested 1813985280
seed 6707 tested 1814192640
seed 6708 tested 1814400000
seed 6709 tested 1814607360
seed 6710 tested 1814814720
seed 6711 tested 1815022080
seed 6712 tested 1815229440
seed 6713 tested 1815436800
seed 6714 tested 1815644160
seed 6715 tested 1815851520
seed 6716 tested 1816058880
seed 6717 tested 1816266240
seed 6718 tested 1816473600
seed 6719 tested 1816680960
seed 6720 tested 1816888320
seed 6721 tested 1817095680
seed 6722 tested 1817303040
seed 6723 tested 1817510400
seed 6724 tested 1817717760
seed 6725 tested 1817925120
seed 6726 tested 1818132480
seed 6727 tested 1818339840
seed 6728 tested 1818547200
seed 6729 tested 1818754560
seed 6730 tested 1818961920
seed 6731 tested 1819169280
seed 6732 tested 1819376640
seed 6733 tested 1819584000
seed 6734 tested 1819791360
seed 6735 tested 1819998720
seed 6736 tested 1820206080
seed 6737 tested 1820413440
seed 6738 tested 1820620800
seed 6739 tested 1820828160
seed 6740 tested 1821035520
seed 6741 tested 1821242880
seed 6742 tested 1821450240
seed 6743 tested 1821657600
seed 6744 tested 1821864960
seed 6745 tested 1822072320
seed 6746 tested 1822279680
seed 6747 tested 1822487040
seed 6748 tested 1822694400
seed 6749 tested 1822901760
seed 6750 tested 1823109120
seed 6751 tested 1823316480
seed 6752 tested 1823523840
seed 6753 tested 1823731200
seed 6754 tested 1823938560
seed 6755 tested 1824145920
seed 6756 tested 1824353280
seed 6757 tested 1824560640
seed 6758 tested 1824768000
seed 6759 tested 1824975360
seed 6760 tested 1825182720
seed 6761 tested 1825390080
seed 6762 tested 1825597440
seed 6763 tested 1825804800
seed 6764 tested 1826012160
seed 6765 tested 1826219520
seed 6766 tested 1826426880
seed 6767 tested 1826634240
seed 6768 tested 1826841600
seed 6769 tested 1827048960
seed 6770 tested 1827256320
seed 6771 tested 1827463680
seed 6772 tested 1827671040
seed 6773 tested 1827878400
seed 6774 tested 1828085760
seed 6775 tested 1828293120
seed 6776 tested 1828500480
seed 6777 tested 1828707840
seed 6778 tested 1828915200
seed 6779 tested 1829122560
seed 6780 tested 1829329920
seed 6781 tested 1829537280
seed 6782 tested 1829744640
seed 6783 tested 1829952000
seed 6784 tested 1830159360
seed 6785 tested 1830366720
seed 6786 tested 1830574080
seed 6787 tested 1830781440
seed 6788 tested 1830988800
seed 6789 tested 1831196160
seed 6790 tested 1831403520
seed 6791 tested 1831610880
seed 6792 tested 1831818240
seed 6793 tested 1832025600
seed 6794 tested 1832232960
seed 6795 tested 1832440320
seed 6796 tested 1832647680
seed 6797 tested 1832855040
seed 6798 tested 1833062400
seed 6799 tested 1833269760
seed 6800 tested 1833477120
seed 6801 tested 1833684480
seed 6802 tested 1833891840
seed 6803 tested 1834099200
seed 6804 tested 1834306560
seed 6805 tested 1834513920
seed 6806 tested 1834721280
seed 6807 tested 1834928640
seed 6808 tested 1835136000
seed 6809 tested 1835343360
seed 6810 tested 1835550720
seed 6811 tested 1835758080
seed 6812 tested 1835965440
seed 6813 tested 1836172800
seed 6814 tested 1836380160
seed 6815 tested 1836587520
seed 6816 tested 1836794880
seed 6817 tested 1837002240
seed 6818 tested 1837209600
seed 6819 tested 1837416960
seed 6820 tested 1837624320
seed 6821 tested 1837831680
seed 6822 tested 1838039040
seed 6823 tested 1838246400
seed 6824 tested 1838453760
seed 6825 tested 1838661120
seed 6826 tested 1838868480
seed 6827 tested 1839075840
seed 6828 tested 1839283200
seed 6829 tested 1839490560
seed 6830 tested 1839697920
seed 6831 tested 1839905280
seed 6832 tested 1840112640
seed 6833 tested 1840320000
seed 6834 tested 1840527360
seed 6835 tested 1840734720
seed 6836 tested 1840942080
seed 6837 tested 1841149440
seed 6838 tested 1841356800
seed 6839 tested 1841564160
seed 6840 tested 1841771520
seed 6841 tested 1841978880
seed 6842 tested 1842186240
seed 6843 tested 1842393600
seed 6844 tested 1842600960
seed 6845 tested 1842808320
seed 6846 tested 1843015680
seed 6847 tested 1843223040
seed 6848 tested 1843430400
seed 6849 tested 1843637760
seed 6850 tested 1843845120
seed 6851 tested 1844052480
seed 6852 tested 1844259840
seed 6853 tested 1844467200
seed 6854 tested 1844674560
seed 6855 tested 1844881920
seed 6856 tested 1845089280
seed 6857 tested 1845296640
seed 6858 tested 1845504000
seed 6859 tested 1845711360
seed 6860 tested 1845918720
seed 6861 tested 1846126080
seed 6862 tested 1846333440
seed 6863 tested 1846540800
seed 6864 tested 1846748160
seed 6865 tested 1846955520
seed 6866 tested 1847162880
seed 6867 tested 1847370240
seed 6868 tested 1847577600
seed 6869 tested 1847784960
seed 6870 tested 1847992320
seed 6871 tested 1848199680
seed 6872 tested 1848407040
seed 6873 tested 1848614400
seed 6874 tested 1848821760
seed 6875 tested 1849029120
seed 6876 tested 1849236480
seed 6877 tested 1849443840
seed 6878 tested 1849651200
seed 6879 tested 1849858560
seed 6880 tested 1850065920
seed 6881 tested 1850273280
seed 6882 tested 1850480640
seed 6883 tested 1850688000
seed 6884 tested 1850895360
seed 6885 tested 1851102720
seed 6886 tested 1851310080
seed 6887 tested 1851517440
seed 6888 tested 1851724800
seed 6889 tested 1851932160
seed 6890 tested 1852139520
seed 6891 tested 1852346880
seed 6892 tested 1852554240
seed 6893 tested 1852761600
seed 6894 tested 1852968960
seed 6895 tested 1853176320
seed 6896 tested 1853383680
seed 6897 tested 1853591040
seed 6898 tested 1853798400
seed 6899 tested 1854005760
seed 6900 tested 1854213120
seed 6901 tested 1854420480
seed 6902 tested 1854627840
seed 6903 tested 1854835200
seed 6904 tested 1855042560
seed 6905 tested 1855249920
seed 6906 tested 1855457280
seed 6907 tested 1855664640
seed 6908 tested 1855872000
seed 6909 tested 1856079360
seed 6910 tested 1856286720
seed 6911 tested 1856494080
seed 6912 tested 1856701440
seed 6913 tested 1856908800
seed 6914 tested 1857116160
seed 6915 tested 1857323520
seed 6916 tested 1857530880
seed 6917 tested 1857738240
seed 6918 tested 1857945600
seed 6919 tested 1858152960
seed 6920 tested 1858360320
seed 6921 tested 1858567680
seed 6922 tested 1858775040
seed 6923 tested 1858982400
seed 6924 tested 1859189760
seed 6925 tested 1859397120
seed 6926 tested 1859604480
seed 6927 tested 1859811840
seed 6928 tested 1860019200
seed 6929 tested 1860226560
seed 6930 tested 1860433920
seed 6931 tested 1860641280
seed 6932 tested 1860848640
seed 6933 tested 1861056000
seed 6934 tested 1861263360
seed 6935 tested 1861470720
seed 6936 tested 1861678080
seed 6937 tested 1861885440
seed 6938 tested 1862092800
seed 6939 tested 1862300160
seed 6940 tested 1862507520
seed 6941 tested 1862714880
seed 6942 tested 1862922240
seed 6943 tested 1863129600
seed 6944 tested 1863336960
seed 6945 tested 1863544320
seed 6946 tested 1863751680
seed 6947 tested 1863959040
seed 6948 tested 1864166400
seed 6949 tested 1864373760
seed 6950 tested 1864581120
seed 6951 tested 1864788480
seed 6952 tested 1864995840
seed 6953 tested 1865203200
seed 6954 tested 1865410560
seed 6955 tested 1865617920
seed 6956 tested 1865825280
seed 6957 tested 1866032640
seed 6958 tested 1866240000
seed 6959 tested 1866447360
seed 6960 tested 1866654720
seed 6961 tested 1866862080
seed 6962 tested 1867069440
seed 6963 tested 1867276800
seed 6964 tested 1867484160
seed 6965 tested 1867691520
seed 6966 tested 1867898880
seed 6967 tested 1868106240
seed 6968 tested 1868313600
seed 6969 tested 1868520960
seed 6970 tested 1868728320
seed 6971 tested 1868935680
seed 6972 tested 1869143040
seed 6973 tested 1869350400
seed 6974 tested 1869557760
seed 6975 tested 1869765120
seed 6976 tested 1869972480
seed 6977 tested 1870179840
seed 6978 tested 1870387200
seed 6979 tested 1870594560
seed 6980 tested 1870801920
seed 6981 tested 1871009280
seed 6982 tested 1871216640
seed 6983 tested 1871424000
seed 6984 tested 1871631360
seed 6985 tested 1871838720
seed 6986 tested 1872046080
seed 6987 tested 1872253440
seed 6988 tested 1872460800
seed 6989 tested 1872668160
seed 6990 tested 1872875520
seed 6991 tested 1873082880
seed 6992 tested 1873290240
seed 6993 tested 1873497600
seed 6994 tested 1873704960
seed 6995 tested 1873912320
seed 6996 tested 1874119680
seed 6997 tested 1874327040
seed 6998 tested 1874534400
seed 6999 tested 1874741760
seed 7000 tested 1874949120
seed 7001 tested 1875156480
seed 7002 tested 1875363840
seed 7003 tested 1875571200
seed 7004 tested 1875778560
seed 7005 tested 1875985920
seed 7006 tested 1876193280
seed 7007 tested 1876400640
seed 7008 tested 1876608000
seed 7009 tested 1876815360
seed 7010 tested 1877022720
seed 7011 tested 1877230080
seed 7012 tested 1877437440
seed 7013 tested 1877644800
seed 7014 tested 1877852160
seed 7015 tested 1878059520
seed 7016 tested 1878266880
seed 7017 tested 1878474240
seed 7018 tested 1878681600
seed 7019 tested 1878888960
seed 7020 tested 1879096320
seed 7021 tested 1879303680
seed 7022 tested 1879511040
seed 7023 tested 1879718400
seed 7024 tested 1879925760
seed 7025 tested 1880133120
seed 7026 tested 1880340480
seed 7027 tested 1880547840
seed 7028 tested 1880755200
seed 7029 tested 1880962560
seed 7030 tested 1881169920
seed 7031 tested 1881377280
seed 7032 tested 1881584640
seed 7033 tested 1881792000
seed 7034 tested 1881999360
seed 7035 tested 1882206720
seed 7036 tested 1882414080
seed 7037 tested 1882621440
seed 7038 tested 1882828800
seed 7039 tested 1883036160
seed 7040 tested 1883243520
seed 7041 tested 1883450880
seed 7042 tested 1883658240
seed 7043 tested 1883865600
seed 7044 tested 1884072960
seed 7045 tested 1884280320
seed 7046 tested 1884487680
seed 7047 tested 1884695040
seed 7048 tested 1884902400
seed 7049 tested 1885109760
seed 7050 tested 1885317120
seed 7051 tested 1885524480
seed 7052 tested 1885731840
seed 7053 tested 1885939200
seed 7054 tested 1886146560
seed 7055 tested 1886353920
seed 7056 tested 1886561280
seed 7057 tested 1886768640
seed 7058 tested 1886976000
seed 7059 tested 1887183360
seed 7060 tested 1887390720
seed 7061 tested 1887598080
seed 7062 tested 1887805440
seed 7063 tested 1888012800
seed 7064 tested 1888220160
seed 7065 tested 1888427520
seed 7066 tested 1888634880
seed 7067 tested 1888842240
seed 7068 tested 1889049600
seed 7069 tested 1889256960
seed 7070 tested 1889464320
seed 7071 tested 1889671680
seed 7072 tested 1889879040
seed 7073 tested 1890086400
seed 7074 tested 1890293760
seed 7075 tested 1890501120
seed 7076 tested 1890708480
seed 7077 tested 1890915840
seed 7078 tested 1891123200
seed 7079 tested 1891330560
seed 7080 tested 1891537920
seed 7081 tested 1891745280
seed 7082 tested 1891952640
seed 7083 tested 1892160000
seed 7084 tested 1892367360
seed 7085 tested 1892574720
seed 7086 tested 1892782080
seed 7087 tested 1892989440
seed 7088 tested 1893196800
seed 7089 tested 1893404160
seed 7090 tested 1893611520
seed 7091 tested 1893818880
seed 7092 tested 1894026240
seed 7093 tested 1894233600
seed 7094 tested 1894440960
seed 7095 tested 1894648320
seed 7096 tested 1894855680
seed 7097 tested 1895063040
seed 7098 tested 1895270400
seed 7099 tested 1895477760
seed 7100 tested 1895685120
seed 7101 tested 1895892480
seed 7102 tested 1896099840
seed 7103 tested 1896307200
seed 7104 tested 1896514560
seed 7105 tested 1896721920
seed 7106 tested 1896929280
seed 7107 tested 1897136640
seed 7108 tested 1897344000
seed 7109 tested 1897551360
seed 7110 tested 1897758720
seed 7111 tested 1897966080
seed 7112 tested 1898173440
seed 7113 tested 1898380800
seed 7114 tested 1898588160
seed 7115 tested 1898795520
seed 7116 tested 1899002880
seed 7117 tested 1899210240
seed 7118 tested 1899417600
seed 7119 tested 1899624960
seed 7120 tested 1899832320
seed 7121 tested 1900039680
seed 7122 tested 1900247040
seed 7123 tested 1900454400
seed 7124 tested 1900661760
seed 7125 tested 1900869120
seed 7126 tested 1901076480
seed 7127 tested 1901283840
seed 7128 tested 1901491200
seed 7129 tested 1901698560
seed 7130 tested 1901905920
seed 7131 tested 1902113280
seed 7132 tested 1902320640
seed 7133 tested 1902528000
seed 7134 tested 1902735360
seed 7135 tested 1902942720
seed 7136 tested 1903150080
seed 7137 tested 1903357440
seed 7138 tested 1903564800
seed 7139 tested 1903772160
seed 7140 tested 1903979520
seed 7141 tested 1904186880
seed 7142 tested 1904394240
seed 7143 tested 1904601600
seed 7144 tested 1904808960
seed 7145 tested 1905016320
seed 7146 tested 1905223680
seed 7147 tested 1905431040
seed 7148 tested 1905638400
seed 7149 tested 1905845760
seed 7150 tested 1906053120
seed 7151 tested 1906260480
seed 7152 tested 1906467840
seed 7153 tested 1906675200
seed 7154 tested 1906882560
seed 7155 tested 1907089920
seed 7156 tested 1907297280
seed 7157 tested 1907504640
seed 7158 tested 1907712000
seed 7159 tested 1907919360
seed 7160 tested 1908126720
seed 7161 tested 1908334080
seed 7162 tested 1908541440
seed 7163 tested 1908748800
seed 7164 tested 1908956160
seed 7165 tested 1909163520
seed 7166 tested 1909370880
seed 7167 tested 1909578240
seed 7168 tested 1909785600
seed 7169 tested 1909992960
seed 7170 tested 1910200320
seed 7171 tested 1910407680
seed 7172 tested 1910615040
seed 7173 tested 1910822400
seed 7174 tested 1911029760
seed 7175 tested 1911237120
seed 7176 tested 1911444480
seed 7177 tested 1911651840
seed 7178 tested 1911859200
seed 7179 tested 1912066560
seed 7180 tested 1912273920
seed 7181 tested 1912481280
seed 7182 tested 1912688640
seed 7183 tested 1912896000
seed 7184 tested 1913103360
seed 7185 tested 1913310720
seed 7186 tested 1913518080
seed 7187 tested 1913725440
seed 7188 tested 1913932800
seed 7189 tested 1914140160
seed 7190 tested 1914347520
seed 7191 tested 1914554880
seed 7192 tested 1914762240
seed 7193 tested 1914969600
seed 7194 tested 1915176960
seed 7195 tested 1915384320
seed 7196 tested 1915591680
seed 7197 tested 1915799040
seed 7198 tested 1916006400
seed 7199 tested 1916213760
seed 7200 tested 1916421120
seed 7201 tested 1916628480
seed 7202 tested 1916835840
seed 7203 tested 1917043200
seed 7204 tested 1917250560
seed 7205 tested 1917457920
seed 7206 tested 1917665280
seed 7207 tested 1917872640
seed 7208 tested 1918080000
seed 7209 tested 1918287360
seed 7210 tested 1918494720
seed 7211 tested 1918702080
seed 7212 tested 1918909440
seed 7213 tested 1919116800
seed 7214 tested 1919324160
seed 7215 tested 1919531520
seed 7216 tested 1919738880
seed 7217 tested 1919946240
seed 7218 tested 1920153600
seed 7219 tested 1920360960
seed 7220 tested 1920568320
seed 7221 tested 1920775680
seed 7222 tested 1920983040
seed 7223 tested 1921190400
seed 7224 tested 1921397760
seed 7225 tested 1921605120
seed 7226 tested 1921812480
seed 7227 tested 1922019840
seed 7228 tested 1922227200
seed 7229 tested 1922434560
seed 7230 tested 1922641920
seed 7231 tested 1922849280
seed 7232 tested 1923056640
seed 7233 tested 1923264000
seed 7234 tested 1923471360
seed 7235 tested 1923678720
seed 7236 tested 1923886080
seed 7237 tested 1924093440
seed 7238 tested 1924300800
seed 7239 tested 1924508160
seed 7240 tested 1924715520
seed 7241 tested 1924922880
seed 7242 tested 1925130240
seed 7243 tested 1925337600
seed 7244 tested 1925544960
seed 7245 tested 1925752320
seed 7246 tested 1925959680
seed 7247 tested 1926167040
seed 7248 tested 1926374400
seed 7249 tested 1926581760
seed 7250 tested 1926789120
seed 7251 tested 1926996480
seed 7252 tested 1927203840
seed 7253 tested 1927411200
seed 7254 tested 1927618560
seed 7255 tested 1927825920
seed 7256 tested 1928033280
seed 7257 tested 1928240640
seed 7258 tested 1928448000
seed 7259 tested 1928655360
seed 7260 tested 1928862720
seed 7261 tested 1929070080
seed 7262 tested 1929277440
seed 7263 tested 1929484800
seed 7264 tested 1929692160
seed 7265 tested 1929899520
seed 7266 tested 1930106880
seed 7267 tested 1930314240
seed 7268 tested 1930521600
seed 7269 tested 1930728960
seed 7270 tested 1930936320
seed 7271 tested 1931143680
seed 7272 tested 1931351040
seed 7273 tested 1931558400
seed 7274 tested 1931765760
seed 7275 tested 1931973120
seed 7276 tested 1932180480
seed 7277 tested 1932387840
seed 7278 tested 1932595200
seed 7279 tested 1932802560
seed 7280 tested 1933009920
seed 7281 tested 1933217280
seed 7282 tested 1933424640
seed 7283 tested 1933632000
seed 7284 tested 1933839360
seed 7285 tested 1934046720
seed 7286 tested 1934254080
seed 7287 tested 1934461440
seed 7288 tested 1934668800
seed 7289 tested 1934876160
seed 7290 tested 1935083520
seed 7291 tested 1935290880
seed 7292 tested 1935498240
seed 7293 tested 1935705600
seed 7294 tested 1935912960
seed 7295 tested 1936120320
seed 7296 tested 1936327680
seed 7297 tested 1936535040
seed 7298 tested 1936742400
seed 7299 tested 1936949760
seed 7300 tested 1937157120
seed 7301 tested 1937364480
seed 7302 tested 1937571840
seed 7303 tested 1937779200
seed 7304 tested 1937986560
seed 7305 tested 1938193920
seed 7306 tested 1938401280
seed 7307 tested 1938608640
seed 7308 tested 1938816000
seed 7309 tested 1939023360
seed 7310 tested 1939230720
seed 7311 tested 1939438080
seed 7312 tested 1939645440
seed 7313 tested 1939852800
seed 7314 tested 1940060160
seed 7315 tested 1940267520
seed 7316 tested 1940474880
seed 7317 tested 1940682240
seed 7318 tested 1940889600
seed 7319 tested 1941096960
seed 7320 tested 1941304320
seed 7321 tested 1941511680
seed 7322 tested 1941719040
seed 7323 tested 1941926400
seed 7324 tested 1942133760
seed 7325 tested 1942341120
seed 7326 tested 1942548480
seed 7327 tested 1942755840
seed 7328 tested 1942963200
seed 7329 tested 1943170560
seed 7330 tested 1943377920
seed 7331 tested 1943585280
seed 7332 tested 1943792640
seed 7333 tested 1944000000
seed 7334 tested 1944207360
seed 7335 tested 1944414720
seed 7336 tested 1944622080
seed 7337 tested 1944829440
seed 7338 tested 1945036800
seed 7339 tested 1945244160
seed 7340 tested 1945451520
seed 7341 tested 1945658880
seed 7342 tested 1945866240
seed 7343 tested 1946073600
seed 7344 tested 1946280960
seed 7345 tested 1946488320
seed 7346 tested 1946695680
seed 7347 tested 1946903040
seed 7348 tested 1947110400
seed 7349 tested 1947317760
seed 7350 tested 1947525120
seed 7351 tested 1947732480
seed 7352 tested 1947939840
seed 7353 tested 1948147200
seed 7354 tested 1948354560
seed 7355 tested 1948561920
seed 7356 tested 1948769280
seed 7357 tested 1948976640
seed 7358 tested 1949184000
seed 7359 tested 1949391360
seed 7360 tested 1949598720
seed 7361 tested 1949806080
seed 7362 tested 1950013440
seed 7363 tested 1950220800
seed 7364 tested 1950428160
seed 7365 tested 1950635520
seed 7366 tested 1950842880
seed 7367 tested 1951050240
seed 7368 tested 1951257600
seed 7369 tested 1951464960
seed 7370 tested 1951672320
seed 7371 tested 1951879680
seed 7372 tested 1952087040
seed 7373 tested 1952294400
seed 7374 tested 1952501760
seed 7375 tested 1952709120
seed 7376 tested 1952916480
seed 7377 tested 1953123840
seed 7378 tested 1953331200
seed 7379 tested 1953538560
seed 7380 tested 1953745920
seed 7381 tested 1953953280
seed 7382 tested 1954160640
seed 7383 tested 1954368000
seed 7384 tested 1954575360
seed 7385 tested 1954782720
seed 7386 tested 1954990080
seed 7387 tested 1955197440
seed 7388 tested 1955404800
seed 7389 tested 1955612160
seed 7390 tested 1955819520
seed 7391 tested 1956026880
seed 7392 tested 1956234240
seed 7393 tested 1956441600
seed 7394 tested 1956648960
seed 7395 tested 1956856320
seed 7396 tested 1957063680
seed 7397 tested 1957271040
seed 7398 tested 1957478400
seed 7399 tested 1957685760
seed 7400 tested 1957893120
seed 7401 tested 1958100480
seed 7402 tested 1958307840
seed 7403 tested 1958515200
seed 7404 tested 1958722560
seed 7405 tested 1958929920
seed 7406 tested 1959137280
seed 7407 tested 1959344640
seed 7408 tested 1959552000
seed 7409 tested 1959759360
seed 7410 tested 1959966720
seed 7411 tested 1960174080
seed 7412 tested 1960381440
seed 7413 tested 1960588800
seed 7414 tested 1960796160
seed 7415 tested 1961003520
seed 7416 tested 1961210880
seed 7417 tested 1961418240
seed 7418 tested 1961625600
seed 7419 tested 1961832960
seed 7420 tested 1962040320
seed 7421 tested 1962247680
seed 7422 tested 1962455040
seed 7423 tested 1962662400
seed 7424 tested 1962869760
seed 7425 tested 1963077120
seed 7426 tested 1963284480
seed 7427 tested 1963491840
seed 7428 tested 1963699200
seed 7429 tested 1963906560
seed 7430 tested 1964113920
seed 7431 tested 1964321280
seed 7432 tested 1964528640
seed 7433 tested 1964736000
seed 7434 tested 1964943360
seed 7435 tested 1965150720
seed 7436 tested 1965358080
seed 7437 tested 1965565440
seed 7438 tested 1965772800
seed 7439 tested 1965980160
seed 7440 tested 1966187520
seed 7441 tested 1966394880
seed 7442 tested 1966602240
seed 7443 tested 1966809600
seed 7444 tested 1967016960
seed 7445 tested 1967224320
seed 7446 tested 1967431680
seed 7447 tested 1967639040
seed 7448 tested 1967846400
seed 7449 tested 1968053760
seed 7450 tested 1968261120
seed 7451 tested 1968468480
seed 7452 tested 1968675840
seed 7453 tested 1968883200
seed 7454 tested 1969090560
seed 7455 tested 1969297920
seed 7456 tested 1969505280
seed 7457 tested 1969712640
seed 7458 tested 1969920000
seed 7459 tested 1970127360
seed 7460 tested 1970334720
seed 7461 tested 1970542080
seed 7462 tested 1970749440
seed 7463 tested 1970956800
seed 7464 tested 1971164160
seed 7465 tested 1971371520
seed 7466 tested 1971578880
seed 7467 tested 1971786240
seed 7468 tested 1971993600
seed 7469 tested 1972200960
seed 7470 tested 1972408320
seed 7471 tested 1972615680
seed 7472 tested 1972823040
seed 7473 tested 1973030400
seed 7474 tested 1973237760
seed 7475 tested 1973445120
seed 7476 tested 1973652480
seed 7477 tested 1973859840
seed 7478 tested 1974067200
seed 7479 tested 1974274560
seed 7480 tested 1974481920
seed 7481 tested 1974689280
seed 7482 tested 1974896640
seed 7483 tested 1975104000
seed 7484 tested 1975311360
seed 7485 tested 1975518720
seed 7486 tested 1975726080
seed 7487 tested 1975933440
seed 7488 tested 1976140800
seed 7489 tested 1976348160
seed 7490 tested 1976555520
seed 7491 tested 1976762880
seed 7492 tested 1976970240
seed 7493 tested 1977177600
seed 7494 tested 1977384960
seed 7495 tested 1977592320
seed 7496 tested 1977799680
seed 7497 tested 1978007040
seed 7498 tested 1978214400
seed 7499 tested 1978421760
seed 7500 tested 1978629120
seed 7501 tested 1978836480
seed 7502 tested 1979043840
seed 7503 tested 1979251200
seed 7504 tested 1979458560
seed 7505 tested 1979665920
seed 7506 tested 1979873280
seed 7507 tested 1980080640
seed 7508 tested 1980288000
seed 7509 tested 1980495360
seed 7510 tested 1980702720
seed 7511 tested 1980910080
seed 7512 tested 1981117440
seed 7513 tested 1981324800
seed 7514 tested 1981532160
seed 7515 tested 1981739520
seed 7516 tested 1981946880
seed 7517 tested 1982154240
seed 7518 tested 1982361600
seed 7519 tested 1982568960
seed 7520 tested 1982776320
seed 7521 tested 1982983680
seed 7522 tested 1983191040
seed 7523 tested 1983398400
seed 7524 tested 1983605760
seed 7525 tested 1983813120
seed 7526 tested 1984020480
seed 7527 tested 1984227840
seed 7528 tested 1984435200
seed 7529 tested 1984642560
seed 7530 tested 1984849920
seed 7531 tested 1985057280
seed 7532 tested 1985264640
seed 7533 tested 1985472000
seed 7534 tested 1985679360
seed 7535 tested 1985886720
seed 7536 tested 1986094080
seed 7537 tested 1986301440
seed 7538 tested 1986508800
seed 7539 tested 1986716160
seed 7540 tested 1986923520
seed 7541 tested 1987130880
seed 7542 tested 1987338240
seed 7543 tested 1987545600
seed 7544 tested 1987752960
seed 7545 tested 1987960320
seed 7546 tested 1988167680
seed 7547 tested 1988375040
seed 7548 tested 1988582400
seed 7549 tested 1988789760
seed 7550 tested 1988997120
seed 7551 tested 1989204480
seed 7552 tested 1989411840
seed 7553 tested 1989619200
seed 7554 tested 1989826560
seed 7555 tested 1990033920
seed 7556 tested 1990241280
seed 7557 tested 1990448640
seed 7558 tested 1990656000
seed 7559 tested 1990863360
seed 7560 tested 1991070720
seed 7561 tested 1991278080
seed 7562 tested 1991485440
seed 7563 tested 1991692800
seed 7564 tested 1991900160
seed 7565 tested 1992107520
seed 7566 tested 1992314880
seed 7567 tested 1992522240
seed 7568 tested 1992729600
seed 7569 tested 1992936960
seed 7570 tested 1993144320
seed 7571 tested 1993351680
seed 7572 tested 1993559040
seed 7573 tested 1993766400
seed 7574 tested 1993973760
seed 7575 tested 1994181120
seed 7576 tested 1994388480
seed 7577 tested 1994595840
seed 7578 tested 1994803200
seed 7579 tested 1995010560
seed 7580 tested 1995217920
seed 7581 tested 1995425280
seed 7582 tested 1995632640
seed 7583 tested 1995840000
seed 7584 tested 1996047360
seed 7585 tested 1996254720
seed 7586 tested 1996462080
seed 7587 tested 1996669440
seed 7588 tested 1996876800
seed 7589 tested 1997084160
seed 7590 tested 1997291520
seed 7591 tested 1997498880
seed 7592 tested 1997706240
seed 7593 tested 1997913600
seed 7594 tested 1998120960
seed 7595 tested 1998328320
seed 7596 tested 1998535680
seed 7597 tested 1998743040
seed 7598 tested 1998950400
seed 7599 tested 1999157760
seed 7600 tested 1999365120
seed 7601 tested 1999572480
seed 7602 tested 1999779840
seed 7603 tested 1999987200
seed 7604 tested 2000194560
seed 7605 tested 2000401920
seed 7606 tested 2000609280
seed 7607 tested 2000816640
seed 7608 tested 2001024000
seed 7609 tested 2001231360
seed 7610 tested 2001438720
seed 7611 tested 2001646080
seed 7612 tested 2001853440
seed 7613 tested 2002060800
seed 7614 tested 2002268160
seed 7615 tested 2002475520
seed 7616 tested 2002682880
seed 7617 tested 2002890240
seed 7618 tested 2003097600
seed 7619 tested 2003304960
seed 7620 tested 2003512320
seed 7621 tested 2003719680
seed 7622 tested 2003927040
seed 7623 tested 2004134400
seed 7624 tested 2004341760
seed 7625 tested 2004549120
seed 7626 tested 2004756480
seed 7627 tested 2004963840
seed 7628 tested 2005171200
seed 7629 tested 2005378560
seed 7630 tested 2005585920
seed 7631 tested 2005793280
seed 7632 tested 2006000640
seed 7633 tested 2006208000
seed 7634 tested 2006415360
seed 7635 tested 2006622720
seed 7636 tested 2006830080
seed 7637 tested 2007037440
seed 7638 tested 2007244800
seed 7639 tested 2007452160
seed 7640 tested 2007659520
seed 7641 tested 2007866880
seed 7642 tested 2008074240
seed 7643 tested 2008281600
seed 7644 tested 2008488960
seed 7645 tested 2008696320
seed 7646 tested 2008903680
seed 7647 tested 2009111040
seed 7648 tested 2009318400
seed 7649 tested 2009525760
seed 7650 tested 2009733120
seed 7651 tested 2009940480
seed 7652 tested 2010147840
seed 7653 tested 2010355200
seed 7654 tested 2010562560
seed 7655 tested 2010769920
seed 7656 tested 2010977280
seed 7657 tested 2011184640
seed 7658 tested 2011392000
seed 7659 tested 2011599360
seed 7660 tested 2011806720
seed 7661 tested 2012014080
seed 7662 tested 2012221440
seed 7663 tested 2012428800
seed 7664 tested 2012636160
seed 7665 tested 2012843520
seed 7666 tested 2013050880
seed 7667 tested 2013258240
seed 7668 tested 2013465600
seed 7669 tested 2013672960
seed 7670 tested 2013880320
seed 7671 tested 2014087680
seed 7672 tested 2014295040
seed 7673 tested 2014502400
seed 7674 tested 2014709760
seed 7675 tested 2014917120
seed 7676 tested 2015124480
seed 7677 tested 2015331840
seed 7678 tested 2015539200
seed 7679 tested 2015746560
seed 7680 tested 2015953920
seed 7681 tested 2016161280
seed 7682 tested 2016368640
seed 7683 tested 2016576000
seed 7684 tested 2016783360
seed 7685 tested 2016990720
seed 7686 tested 2017198080
seed 7687 tested 2017405440
seed 7688 tested 2017612800
seed 7689 tested 2017820160
seed 7690 tested 2018027520
seed 7691 tested 2018234880
seed 7692 tested 2018442240
seed 7693 tested 2018649600
seed 7694 tested 2018856960
seed 7695 tested 2019064320
seed 7696 tested 2019271680
seed 7697 tested 2019479040
seed 7698 tested 2019686400
seed 7699 tested 2019893760
seed 7700 tested 2020101120
seed 7701 tested 2020308480
seed 7702 tested 2020515840
seed 7703 tested 2020723200
seed 7704 tested 2020930560
seed 7705 tested 2021137920
seed 7706 tested 2021345280
seed 7707 tested 2021552640
seed 7708 tested 2021760000
seed 7709 tested 2021967360
seed 7710 tested 2022174720
seed 7711 tested 2022382080
seed 7712 tested 2022589440
seed 7713 tested 2022796800
seed 7714 tested 2023004160
seed 7715 tested 2023211520
seed 7716 tested 2023418880
seed 7717 tested 2023626240
seed 7718 tested 2023833600
seed 7719 tested 2024040960
seed 7720 tested 2024248320
seed 7721 tested 2024455680
seed 7722 tested 2024663040
seed 7723 tested 2024870400
seed 7724 tested 2025077760
seed 7725 tested 2025285120
seed 7726 tested 2025492480
seed 7727 tested 2025699840
seed 7728 tested 2025907200
seed 7729 tested 2026114560
seed 7730 tested 2026321920
seed 7731 tested 2026529280
seed 7732 tested 2026736640
seed 7733 tested 2026944000
seed 7734 tested 2027151360
seed 7735 tested 2027358720
seed 7736 tested 2027566080
seed 7737 tested 2027773440
seed 7738 tested 2027980800
seed 7739 tested 2028188160
seed 7740 tested 2028395520
seed 7741 tested 2028602880
seed 7742 tested 2028810240
seed 7743 tested 2029017600
seed 7744 tested 2029224960
seed 7745 tested 2029432320
seed 7746 tested 2029639680
seed 7747 tested 2029847040
seed 7748 tested 2030054400
seed 7749 tested 2030261760
seed 7750 tested 2030469120
seed 7751 tested 2030676480
seed 7752 tested 2030883840
seed 7753 tested 2031091200
seed 7754 tested 2031298560
seed 7755 tested 2031505920
seed 7756 tested 2031713280
seed 7757 tested 2031920640
seed 7758 tested 2032128000
seed 7759 tested 2032335360
seed 7760 tested 2032542720
seed 7761 tested 2032750080
seed 7762 tested 2032957440
seed 7763 tested 2033164800
seed 7764 tested 2033372160
seed 7765 tested 2033579520
seed 7766 tested 2033786880
seed 7767 tested 2033994240
seed 7768 tested 2034201600
seed 7769 tested 2034408960
seed 7770 tested 2034616320
seed 7771 tested 2034823680
seed 7772 tested 2035031040
seed 7773 tested 2035238400
seed 7774 tested 2035445760
seed 7775 tested 2035653120
seed 7776 tested 2035860480
seed 7777 tested 2036067840
seed 7778 tested 2036275200
seed 7779 tested 2036482560
seed 7780 tested 2036689920
seed 7781 tested 2036897280
seed 7782 tested 2037104640
seed 7783 tested 2037312000
seed 7784 tested 2037519360
seed 7785 tested 2037726720
seed 7786 tested 2037934080
seed 7787 tested 2038141440
seed 7788 tested 2038348800
seed 7789 tested 2038556160
seed 7790 tested 2038763520
seed 7791 tested 2038970880
seed 7792 tested 2039178240
seed 7793 tested 2039385600
seed 7794 tested 2039592960
seed 7795 tested 2039800320
seed 7796 tested 2040007680
seed 7797 tested 2040215040
seed 7798 tested 2040422400
seed 7799 tested 2040629760
seed 7800 tested 2040837120
seed 7801 tested 2041044480
seed 7802 tested 2041251840
seed 7803 tested 2041459200
seed 7804 tested 2041666560
seed 7805 tested 2041873920
seed 7806 tested 2042081280
seed 7807 tested 2042288640
seed 7808 tested 2042496000
seed 7809 tested 2042703360
seed 7810 tested 2042910720
seed 7811 tested 2043118080
seed 7812 tested 2043325440
seed 7813 tested 2043532800
seed 7814 tested 2043740160
seed 7815 tested 2043947520
seed 7816 tested 2044154880
seed 7817 tested 2044362240
seed 7818 tested 2044569600
seed 7819 tested 2044776960
seed 7820 tested 2044984320
seed 7821 tested 2045191680
seed 7822 tested 2045399040
seed 7823 tested 2045606400
seed 7824 tested 2045813760
seed 7825 tested 2046021120
seed 7826 tested 2046228480
seed 7827 tested 2046435840
seed 7828 tested 2046643200
seed 7829 tested 2046850560
seed 7830 tested 2047057920
seed 7831 tested 2047265280
seed 7832 tested 2047472640
seed 7833 tested 2047680000
seed 7834 tested 2047887360
seed 7835 tested 2048094720
seed 7836 tested 2048302080
seed 7837 tested 2048509440
seed 7838 tested 2048716800
seed 7839 tested 2048924160
seed 7840 tested 2049131520
seed 7841 tested 2049338880
seed 7842 tested 2049546240
seed 7843 tested 2049753600
seed 7844 tested 2049960960
seed 7845 tested 2050168320
seed 7846 tested 2050375680
seed 7847 tested 2050583040
seed 7848 tested 2050790400
seed 7849 tested 2050997760
seed 7850 tested 2051205120
seed 7851 tested 2051412480
seed 7852 tested 2051619840
seed 7853 tested 2051827200
seed 7854 tested 2052034560
seed 7855 tested 2052241920
seed 7856 tested 2052449280
seed 7857 tested 2052656640
seed 7858 tested 2052864000
seed 7859 tested 2053071360
seed 7860 tested 2053278720
seed 7861 tested 2053486080
seed 7862 tested 2053693440
seed 7863 tested 2053900800
seed 7864 tested 2054108160
seed 7865 tested 2054315520
seed 7866 tested 2054522880
seed 7867 tested 2054730240
seed 7868 tested 2054937600
seed 7869 tested 2055144960
seed 7870 tested 2055352320
seed 7871 tested 2055559680
seed 7872 tested 2055767040
seed 7873 tested 2055974400
seed 7874 tested 2056181760
seed 7875 tested 2056389120
seed 7876 tested 2056596480
seed 7877 tested 2056803840
seed 7878 tested 2057011200
seed 7879 tested 2057218560
seed 7880 tested 2057425920
seed 7881 tested 2057633280
seed 7882 tested 2057840640
seed 7883 tested 2058048000
seed 7884 tested 2058255360
seed 7885 tested 2058462720
seed 7886 tested 2058670080
seed 7887 tested 2058877440
seed 7888 tested 2059084800
seed 7889 tested 2059292160
seed 7890 tested 2059499520
seed 7891 tested 2059706880
seed 7892 tested 2059914240
seed 7893 tested 2060121600
seed 7894 tested 2060328960
seed 7895 tested 2060536320
seed 7896 tested 2060743680
seed 7897 tested 2060951040
seed 7898 tested 2061158400
seed 7899 tested 2061365760
seed 7900 tested 2061573120
seed 7901 tested 2061780480
seed 7902 tested 2061987840
seed 7903 tested 2062195200
seed 7904 tested 2062402560
seed 7905 tested 2062609920
seed 7906 tested 2062817280
seed 7907 tested 2063024640
seed 7908 tested 2063232000
seed 7909 tested 2063439360
seed 7910 tested 2063646720
seed 7911 tested 2063854080
seed 7912 tested 2064061440
seed 7913 tested 2064268800
seed 7914 tested 2064476160
seed 7915 tested 2064683520
seed 7916 tested 2064890880
seed 7917 tested 2065098240
seed 7918 tested 2065305600
seed 7919 tested 2065512960
seed 7920 tested 2065720320
seed 7921 tested 2065927680
seed 7922 tested 2066135040
seed 7923 tested 2066342400
seed 7924 tested 2066549760
seed 7925 tested 2066757120
seed 7926 tested 2066964480
seed 7927 tested 2067171840
seed 7928 tested 2067379200
seed 7929 tested 2067586560
seed 7930 tested 2067793920
seed 7931 tested 2068001280
seed 7932 tested 2068208640
seed 7933 tested 2068416000
seed 7934 tested 2068623360
seed 7935 tested 2068830720
seed 7936 tested 2069038080
seed 7937 tested 2069245440
seed 7938 tested 2069452800
seed 7939 tested 2069660160
seed 7940 tested 2069867520
seed 7941 tested 2070074880
seed 7942 tested 2070282240
seed 7943 tested 2070489600
seed 7944 tested 2070696960
seed 7945 tested 2070904320
seed 7946 tested 2071111680
seed 7947 tested 2071319040
seed 7948 tested 2071526400
seed 7949 tested 2071733760
seed 7950 tested 2071941120
seed 7951 tested 2072148480
seed 7952 tested 2072355840
seed 7953 tested 2072563200
seed 7954 tested 2072770560
seed 7955 tested 2072977920
seed 7956 tested 2073185280
seed 7957 tested 2073392640
seed 7958 tested 2073600000
seed 7959 tested 2073807360
seed 7960 tested 2074014720
seed 7961 tested 2074222080
seed 7962 tested 2074429440
seed 7963 tested 2074636800
seed 7964 tested 2074844160
seed 7965 tested 2075051520
seed 7966 tested 2075258880
seed 7967 tested 2075466240
seed 7968 tested 2075673600
seed 7969 tested 2075880960
seed 7970 tested 2076088320
seed 7971 tested 2076295680
seed 7972 tested 2076503040
seed 7973 tested 2076710400
seed 7974 tested 2076917760
seed 7975 tested 2077125120
seed 7976 tested 2077332480
seed 7977 tested 2077539840
seed 7978 tested 2077747200
seed 7979 tested 2077954560
seed 7980 tested 2078161920
seed 7981 tested 2078369280
seed 7982 tested 2078576640
seed 7983 tested 2078784000
seed 7984 tested 2078991360
seed 7985 tested 2079198720
seed 7986 tested 2079406080
seed 7987 tested 2079613440
seed 7988 tested 2079820800
seed 7989 tested 2080028160
seed 7990 tested 2080235520
seed 7991 tested 2080442880
seed 7992 tested 2080650240
seed 7993 tested 2080857600
seed 7994 tested 2081064960
seed 7995 tested 2081272320
seed 7996 tested 2081479680
seed 7997 tested 2081687040
seed 7998 tested 2081894400
seed 7999 tested 2082101760
seed 8000 tested 2082309120
seed 8001 tested 2082516480
seed 8002 tested 2082723840
seed 8003 tested 2082931200
seed 8004 tested 2083138560
seed 8005 tested 2083345920
seed 8006 tested 2083553280
seed 8007 tested 2083760640
seed 8008 tested 2083968000
seed 8009 tested 2084175360
seed 8010 tested 2084382720
seed 8011 tested 2084590080
seed 8012 tested 2084797440
seed 8013 tested 2085004800
seed 8014 tested 2085212160
seed 8015 tested 2085419520
seed 8016 tested 2085626880
seed 8017 tested 2085834240
seed 8018 tested 2086041600
seed 8019 tested 2086248960
seed 8020 tested 2086456320
seed 8021 tested 2086663680
seed 8022 tested 2086871040
seed 8023 tested 2087078400
seed 8024 tested 2087285760
seed 8025 tested 2087493120
seed 8026 tested 2087700480
seed 8027 tested 2087907840
seed 8028 tested 2088115200
seed 8029 tested 2088322560
seed 8030 tested 2088529920
seed 8031 tested 2088737280
seed 8032 tested 2088944640
seed 8033 tested 2089152000
seed 8034 tested 2089359360
seed 8035 tested 2089566720
seed 8036 tested 2089774080
seed 8037 tested 2089981440
seed 8038 tested 2090188800
seed 8039 tested 2090396160
seed 8040 tested 2090603520
seed 8041 tested 2090810880
seed 8042 tested 2091018240
seed 8043 tested 2091225600
seed 8044 tested 2091432960
seed 8045 tested 2091640320
seed 8046 tested 2091847680
seed 8047 tested 2092055040
seed 8048 tested 2092262400
seed 8049 tested 2092469760
seed 8050 tested 2092677120
seed 8051 tested 2092884480
seed 8052 tested 2093091840
seed 8053 tested 2093299200
seed 8054 tested 2093506560
seed 8055 tested 2093713920
seed 8056 tested 2093921280
seed 8057 tested 2094128640
seed 8058 tested 2094336000
seed 8059 tested 2094543360
seed 8060 tested 2094750720
seed 8061 tested 2094958080
seed 8062 tested 2095165440
seed 8063 tested 2095372800
seed 8064 tested 2095580160
seed 8065 tested 2095787520
seed 8066 tested 2095994880
seed 8067 tested 2096202240
seed 8068 tested 2096409600
seed 8069 tested 2096616960
seed 8070 tested 2096824320
seed 8071 tested 2097031680
seed 8072 tested 2097239040
seed 8073 tested 2097446400
seed 8074 tested 2097653760
seed 8075 tested 2097861120
seed 8076 tested 2098068480
seed 8077 tested 2098275840
seed 8078 tested 2098483200
seed 8079 tested 2098690560
seed 8080 tested 2098897920
seed 8081 tested 2099105280
seed 8082 tested 2099312640
seed 8083 tested 2099520000
seed 8084 tested 2099727360
seed 8085 tested 2099934720
seed 8086 tested 2100142080
seed 8087 tested 2100349440
seed 8088 tested 2100556800
seed 8089 tested 2100764160
seed 8090 tested 2100971520
seed 8091 tested 2101178880
seed 8092 tested 2101386240
seed 8093 tested 2101593600
seed 8094 tested 2101800960
seed 8095 tested 2102008320
seed 8096 tested 2102215680
seed 8097 tested 2102423040
seed 8098 tested 2102630400
seed 8099 tested 2102837760
seed 8100 tested 2103045120
seed 8101 tested 2103252480
seed 8102 tested 2103459840
seed 8103 tested 2103667200
seed 8104 tested 2103874560
seed 8105 tested 2104081920
seed 8106 tested 2104289280
seed 8107 tested 2104496640
seed 8108 tested 2104704000
seed 8109 tested 2104911360
seed 8110 tested 2105118720
seed 8111 tested 2105326080
seed 8112 tested 2105533440
seed 8113 tested 2105740800
seed 8114 tested 2105948160
seed 8115 tested 2106155520
seed 8116 tested 2106362880
seed 8117 tested 2106570240
seed 8118 tested 2106777600
seed 8119 tested 2106984960
seed 8120 tested 2107192320
seed 8121 tested 2107399680
seed 8122 tested 2107607040
seed 8123 tested 2107814400
seed 8124 tested 2108021760
seed 8125 tested 2108229120
seed 8126 tested 2108436480
seed 8127 tested 2108643840
seed 8128 tested 2108851200
seed 8129 tested 2109058560
seed 8130 tested 2109265920
seed 8131 tested 2109473280
seed 8132 tested 2109680640
seed 8133 tested 2109888000
seed 8134 tested 2110095360
seed 8135 tested 2110302720
seed 8136 tested 2110510080
seed 8137 tested 2110717440
seed 8138 tested 2110924800
seed 8139 tested 2111132160
seed 8140 tested 2111339520
seed 8141 tested 2111546880
seed 8142 tested 2111754240
seed 8143 tested 2111961600
seed 8144 tested 2112168960
seed 8145 tested 2112376320
seed 8146 tested 2112583680
seed 8147 tested 2112791040
seed 8148 tested 2112998400
seed 8149 tested 2113205760
seed 8150 tested 2113413120
seed 8151 tested 2113620480
seed 8152 tested 2113827840
seed 8153 tested 2114035200
seed 8154 tested 2114242560
seed 8155 tested 2114449920
seed 8156 tested 2114657280
seed 8157 tested 2114864640
seed 8158 tested 2115072000
seed 8159 tested 2115279360
seed 8160 tested 2115486720
seed 8161 tested 2115694080
seed 8162 tested 2115901440
seed 8163 tested 2116108800
seed 8164 tested 2116316160
seed 8165 tested 2116523520
seed 8166 tested 2116730880
seed 8167 tested 2116938240
seed 8168 tested 2117145600
seed 8169 tested 2117352960
seed 8170 tested 2117560320
seed 8171 tested 2117767680
seed 8172 tested 2117975040
seed 8173 tested 2118182400
seed 8174 tested 2118389760
seed 8175 tested 2118597120
seed 8176 tested 2118804480
seed 8177 tested 2119011840
seed 8178 tested 2119219200
seed 8179 tested 2119426560
seed 8180 tested 2119633920
seed 8181 tested 2119841280
seed 8182 tested 2120048640
seed 8183 tested 2120256000
seed 8184 tested 2120463360
seed 8185 tested 2120670720
seed 8186 tested 2120878080
seed 8187 tested 2121085440
seed 8188 tested 2121292800
seed 8189 tested 2121500160
seed 8190 tested 2121707520
seed 8191 tested 2121914880
seed 8192 tested 2122122240
seed 8193 tested 2122329600
seed 8194 tested 2122536960
seed 8195 tested 2122744320
seed 8196 tested 2122951680
seed 8197 tested 2123159040
seed 8198 tested 2123366400
seed 8199 tested 2123573760
seed 8200 tested 2123781120
seed 8201 tested 2123988480
seed 8202 tested 2124195840
seed 8203 tested 2124403200
seed 8204 tested 2124610560
seed 8205 tested 2124817920
seed 8206 tested 2125025280
seed 8207 tested 2125232640
seed 8208 tested 2125440000
seed 8209 tested 2125647360
seed 8210 tested 2125854720
seed 8211 tested 2126062080
seed 8212 tested 2126269440
seed 8213 tested 2126476800
seed 8214 tested 2126684160
seed 8215 tested 2126891520
seed 8216 tested 2127098880
seed 8217 tested 2127306240
seed 8218 tested 2127513600
seed 8219 tested 2127720960
seed 8220 tested 2127928320
seed 8221 tested 2128135680
seed 8222 tested 2128343040
seed 8223 tested 2128550400
seed 8224 tested 2128757760
seed 8225 tested 2128965120
seed 8226 tested 2129172480
seed 8227 tested 2129379840
seed 8228 tested 2129587200
seed 8229 tested 2129794560
seed 8230 tested 2130001920
seed 8231 tested 2130209280
seed 8232 tested 2130416640
seed 8233 tested 2130624000
seed 8234 tested 2130831360
seed 8235 tested 2131038720
seed 8236 tested 2131246080
seed 8237 tested 2131453440
seed 8238 tested 2131660800
seed 8239 tested 2131868160
seed 8240 tested 2132075520
seed 8241 tested 2132282880
seed 8242 tested 2132490240
seed 8243 tested 2132697600
seed 8244 tested 2132904960
seed 8245 tested 2133112320
seed 8246 tested 2133319680
seed 8247 tested 2133527040
seed 8248 tested 2133734400
seed 8249 tested 2133941760
seed 8250 tested 2134149120
seed 8251 tested 2134356480
seed 8252 tested 2134563840
seed 8253 tested 2134771200
seed 8254 tested 2134978560
seed 8255 tested 2135185920
seed 8256 tested 2135393280
seed 8257 tested 2135600640
seed 8258 tested 2135808000
seed 8259 tested 2136015360
seed 8260 tested 2136222720
seed 8261 tested 2136430080
seed 8262 tested 2136637440
seed 8263 tested 2136844800
seed 8264 tested 2137052160
seed 8265 tested 2137259520
seed 8266 tested 2137466880
seed 8267 tested 2137674240
seed 8268 tested 2137881600
seed 8269 tested 2138088960
seed 8270 tested 2138296320
seed 8271 tested 2138503680
seed 8272 tested 2138711040
seed 8273 tested 2138918400
seed 8274 tested 2139125760
seed 8275 tested 2139333120
seed 8276 tested 2139540480
seed 8277 tested 2139747840
seed 8278 tested 2139955200
seed 8279 tested 2140162560
seed 8280 tested 2140369920
seed 8281 tested 2140577280
seed 8282 tested 2140784640
seed 8283 tested 2140992000
seed 8284 tested 2141199360
seed 8285 tested 2141406720
seed 8286 tested 2141614080
seed 8287 tested 2141821440
seed 8288 tested 2142028800
seed 8289 tested 2142236160
seed 8290 tested 2142443520
seed 8291 tested 2142650880
seed 8292 tested 2142858240
seed 8293 tested 2143065600
seed 8294 tested 2143272960
seed 8295 tested 2143480320
seed 8296 tested 2143687680
seed 8297 tested 2143895040
seed 8298 tested 2144102400
seed 8299 tested 2144309760
seed 8300 tested 2144517120
seed 8301 tested 2144724480
seed 8302 tested 2144931840
seed 8303 tested 2145139200
seed 8304 tested 2145346560
seed 8305 tested 2145553920
seed 8306 tested 2145761280
seed 8307 tested 2145968640
seed 8308 tested 2146176000
seed 8309 tested 2146383360
seed 8310 tested 2146590720
seed 8311 tested 2146798080
seed 8312 tested 2147005440
seed 8313 tested 2147212800
seed 8314 tested 2147420160
seed 8315 tested 2147627520
seed 8316 tested 2147834880
seed 8317 tested 2148042240
seed 8318 tested 2148249600
seed 8319 tested 2148456960
seed 8320 tested 2148664320
seed 8321 tested 2148871680
seed 8322 tested 2149079040
seed 8323 tested 2149286400
seed 8324 tested 2149493760
seed 8325 tested 2149701120
seed 8326 tested 2149908480
seed 8327 tested 2150115840
seed 8328 tested 2150323200
seed 8329 tested 2150530560
seed 8330 tested 2150737920
seed 8331 tested 2150945280
seed 8332 tested 2151152640
seed 8333 tested 2151360000
seed 8334 tested 2151567360
seed 8335 tested 2151774720
seed 8336 tested 2151982080
seed 8337 tested 2152189440
seed 8338 tested 2152396800
seed 8339 tested 2152604160
seed 8340 tested 2152811520
seed 8341 tested 2153018880
seed 8342 tested 2153226240
seed 8343 tested 2153433600
seed 8344 tested 2153640960
seed 8345 tested 2153848320
seed 8346 tested 2154055680
seed 8347 tested 2154263040
seed 8348 tested 2154470400
seed 8349 tested 2154677760
seed 8350 tested 2154885120
seed 8351 tested 2155092480
seed 8352 tested 2155299840
seed 8353 tested 2155507200
seed 8354 tested 2155714560
seed 8355 tested 2155921920
seed 8356 tested 2156129280
seed 8357 tested 2156336640
seed 8358 tested 2156544000
seed 8359 tested 2156751360
seed 8360 tested 2156958720
seed 8361 tested 2157166080
seed 8362 tested 2157373440
seed 8363 tested 2157580800
seed 8364 tested 2157788160
seed 8365 tested 2157995520
seed 8366 tested 2158202880
seed 8367 tested 2158410240
seed 8368 tested 2158617600
seed 8369 tested 2158824960
seed 8370 tested 2159032320
seed 8371 tested 2159239680
seed 8372 tested 2159447040
seed 8373 tested 2159654400
seed 8374 tested 2159861760
seed 8375 tested 2160069120
seed 8376 tested 2160276480
seed 8377 tested 2160483840
seed 8378 tested 2160691200
seed 8379 tested 2160898560
seed 8380 tested 2161105920
seed 8381 tested 2161313280
seed 8382 tested 2161520640
seed 8383 tested 2161728000
seed 8384 tested 2161935360
seed 8385 tested 2162142720
seed 8386 tested 2162350080
seed 8387 tested 2162557440
seed 8388 tested 2162764800
seed 8389 tested 2162972160
seed 8390 tested 2163179520
seed 8391 tested 2163386880
seed 8392 tested 2163594240
seed 8393 tested 2163801600
seed 8394 tested 2164008960
seed 8395 tested 2164216320
seed 8396 tested 2164423680
seed 8397 tested 2164631040
seed 8398 tested 2164838400
seed 8399 tested 2165045760
seed 8400 tested 2165253120
seed 8401 tested 2165460480
seed 8402 tested 2165667840
seed 8403 tested 2165875200
seed 8404 tested 2166082560
seed 8405 tested 2166289920
seed 8406 tested 2166497280
seed 8407 tested 2166704640
seed 8408 tested 2166912000
seed 8409 tested 2167119360
seed 8410 tested 2167326720
seed 8411 tested 2167534080
seed 8412 tested 2167741440
seed 8413 tested 2167948800
seed 8414 tested 2168156160
seed 8415 tested 2168363520
seed 8416 tested 2168570880
seed 8417 tested 2168778240
seed 8418 tested 2168985600
seed 8419 tested 2169192960
seed 8420 tested 2169400320
seed 8421 tested 2169607680
seed 8422 tested 2169815040
seed 8423 tested 2170022400
seed 8424 tested 2170229760
seed 8425 tested 2170437120
seed 8426 tested 2170644480
seed 8427 tested 2170851840
seed 8428 tested 2171059200
seed 8429 tested 2171266560
seed 8430 tested 2171473920
seed 8431 tested 2171681280
seed 8432 tested 2171888640
seed 8433 tested 2172096000
seed 8434 tested 2172303360
seed 8435 tested 2172510720
seed 8436 tested 2172718080
seed 8437 tested 2172925440
seed 8438 tested 2173132800
seed 8439 tested 2173340160
seed 8440 tested 2173547520
seed 8441 tested 2173754880
seed 8442 tested 2173962240
seed 8443 tested 2174169600
seed 8444 tested 2174376960
seed 8445 tested 2174584320
seed 8446 tested 2174791680
seed 8447 tested 2174999040
seed 8448 tested 2175206400
seed 8449 tested 2175413760
seed 8450 tested 2175621120
seed 8451 tested 2175828480
seed 8452 tested 2176035840
seed 8453 tested 2176243200
seed 8454 tested 2176450560
seed 8455 tested 2176657920
seed 8456 tested 2176865280
seed 8457 tested 2177072640
seed 8458 tested 2177280000
seed 8459 tested 2177487360
seed 8460 tested 2177694720
seed 8461 tested 2177902080
seed 8462 tested 2178109440
seed 8463 tested 2178316800
seed 8464 tested 2178524160
seed 8465 tested 2178731520
seed 8466 tested 2178938880
seed 8467 tested 2179146240
seed 8468 tested 2179353600
seed 8469 tested 2179560960
seed 8470 tested 2179768320
seed 8471 tested 2179975680
seed 8472 tested 2180183040
seed 8473 tested 2180390400
seed 8474 tested 2180597760
seed 8475 tested 2180805120
seed 8476 tested 2181012480
seed 8477 tested 2181219840
seed 8478 tested 2181427200
seed 8479 tested 2181634560
seed 8480 tested 2181841920
seed 8481 tested 2182049280
seed 8482 tested 2182256640
seed 8483 tested 2182464000
seed 8484 tested 2182671360
seed 8485 tested 2182878720
seed 8486 tested 2183086080
seed 8487 tested 2183293440
seed 8488 tested 2183500800
seed 8489 tested 2183708160
seed 8490 tested 2183915520
seed 8491 tested 2184122880
seed 8492 tested 2184330240
seed 8493 tested 2184537600
seed 8494 tested 2184744960
seed 8495 tested 2184952320
seed 8496 tested 2185159680
seed 8497 tested 2185367040
seed 8498 tested 2185574400
seed 8499 tested 2185781760
seed 8500 tested 2185989120
seed 8501 tested 2186196480
seed 8502 tested 2186403840
seed 8503 tested 2186611200
seed 8504 tested 2186818560
seed 8505 tested 2187025920
seed 8506 tested 2187233280
seed 8507 tested 2187440640
seed 8508 tested 2187648000
seed 8509 tested 2187855360
seed 8510 tested 2188062720
seed 8511 tested 2188270080
seed 8512 tested 2188477440
seed 8513 tested 2188684800
seed 8514 tested 2188892160
seed 8515 tested 2189099520
seed 8516 tested 2189306880
seed 8517 tested 2189514240
seed 8518 tested 2189721600
seed 8519 tested 2189928960
seed 8520 tested 2190136320
seed 8521 tested 2190343680
seed 8522 tested 2190551040
seed 8523 tested 2190758400
seed 8524 tested 2190965760
seed 8525 tested 2191173120
seed 8526 tested 2191380480
seed 8527 tested 2191587840
seed 8528 tested 2191795200
seed 8529 tested 2192002560
seed 8530 tested 2192209920
seed 8531 tested 2192417280
seed 8532 tested 2192624640
seed 8533 tested 2192832000
seed 8534 tested 2193039360
seed 8535 tested 2193246720
seed 8536 tested 2193454080
seed 8537 tested 2193661440
seed 8538 tested 2193868800
seed 8539 tested 2194076160
seed 8540 tested 2194283520
seed 8541 tested 2194490880
seed 8542 tested 2194698240
seed 8543 tested 2194905600
seed 8544 tested 2195112960
seed 8545 tested 2195320320
seed 8546 tested 2195527680
seed 8547 tested 2195735040
seed 8548 tested 2195942400
seed 8549 tested 2196149760
seed 8550 tested 2196357120
seed 8551 tested 2196564480
seed 8552 tested 2196771840
seed 8553 tested 2196979200
seed 8554 tested 2197186560
seed 8555 tested 2197393920
seed 8556 tested 2197601280
seed 8557 tested 2197808640
seed 8558 tested 2198016000
seed 8559 tested 2198223360
seed 8560 tested 2198430720
seed 8561 tested 2198638080
seed 8562 tested 2198845440
seed 8563 tested 2199052800
seed 8564 tested 2199260160
seed 8565 tested 2199467520
seed 8566 tested 2199674880
seed 8567 tested 2199882240
seed 8568 tested 2200089600
seed 8569 tested 2200296960
seed 8570 tested 2200504320
seed 8571 tested 2200711680
seed 8572 tested 2200919040
seed 8573 tested 2201126400
seed 8574 tested 2201333760
seed 8575 tested 2201541120
seed 8576 tested 2201748480
seed 8577 tested 2201955840
seed 8578 tested 2202163200
seed 8579 tested 2202370560
seed 8580 tested 2202577920
seed 8581 tested 2202785280
seed 8582 tested 2202992640
seed 8583 tested 2203200000
seed 8584 tested 2203407360
seed 8585 tested 2203614720
seed 8586 tested 2203822080
seed 8587 tested 2204029440
seed 8588 tested 2204236800
seed 8589 tested 2204444160
seed 8590 tested 2204651520
seed 8591 tested 2204858880
seed 8592 tested 2205066240
seed 8593 tested 2205273600
seed 8594 tested 2205480960
seed 8595 tested 2205688320
seed 8596 tested 2205895680
seed 8597 tested 2206103040
seed 8598 tested 2206310400
seed 8599 tested 2206517760
seed 8600 tested 2206725120
seed 8601 tested 2206932480
seed 8602 tested 2207139840
seed 8603 tested 2207347200
seed 8604 tested 2207554560
seed 8605 tested 2207761920
seed 8606 tested 2207969280
seed 8607 tested 2208176640
seed 8608 tested 2208384000
seed 8609 tested 2208591360
seed 8610 tested 2208798720
seed 8611 tested 2209006080
seed 8612 tested 2209213440
seed 8613 tested 2209420800
seed 8614 tested 2209628160
seed 8615 tested 2209835520
seed 8616 tested 2210042880
seed 8617 tested 2210250240
seed 8618 tested 2210457600
seed 8619 tested 2210664960
seed 8620 tested 2210872320
seed 8621 tested 2211079680
seed 8622 tested 2211287040
seed 8623 tested 2211494400
seed 8624 tested 2211701760
seed 8625 tested 2211909120
seed 8626 tested 2212116480
seed 8627 tested 2212323840
seed 8628 tested 2212531200
seed 8629 tested 2212738560
seed 8630 tested 2212945920
seed 8631 tested 2213153280
seed 8632 tested 2213360640
seed 8633 tested 2213568000
seed 8634 tested 2213775360
seed 8635 tested 2213982720
seed 8636 tested 2214190080
seed 8637 tested 2214397440
seed 8638 tested 2214604800
seed 8639 tested 2214812160
seed 8640 tested 2215019520
seed 8641 tested 2215226880
seed 8642 tested 2215434240
seed 8643 tested 2215641600
seed 8644 tested 2215848960
seed 8645 tested 2216056320
seed 8646 tested 2216263680
seed 8647 tested 2216471040
seed 8648 tested 2216678400
seed 8649 tested 2216885760
seed 8650 tested 2217093120
seed 8651 tested 2217300480
seed 8652 tested 2217507840
seed 8653 tested 2217715200
seed 8654 tested 2217922560
seed 8655 tested 2218129920
seed 8656 tested 2218337280
seed 8657 tested 2218544640
seed 8658 tested 2218752000
seed 8659 tested 2218959360
seed 8660 tested 2219166720
seed 8661 tested 2219374080
seed 8662 tested 2219581440
seed 8663 tested 2219788800
seed 8664 tested 2219996160
seed 8665 tested 2220203520
seed 8666 tested 2220410880
seed 8667 tested 2220618240
seed 8668 tested 2220825600
seed 8669 tested 2221032960
seed 8670 tested 2221240320
seed 8671 tested 2221447680
seed 8672 tested 2221655040
seed 8673 tested 2221862400
seed 8674 tested 2222069760
seed 8675 tested 2222277120
seed 8676 tested 2222484480
seed 8677 tested 2222691840
seed 8678 tested 2222899200
seed 8679 tested 2223106560
seed 8680 tested 2223313920
seed 8681 tested 2223521280
seed 8682 tested 2223728640
seed 8683 tested 2223936000
seed 8684 tested 2224143360
seed 8685 tested 2224350720
seed 8686 tested 2224558080
seed 8687 tested 2224765440
seed 8688 tested 2224972800
seed 8689 tested 2225180160
seed 8690 tested 2225387520
seed 8691 tested 2225594880
seed 8692 tested 2225802240
seed 8693 tested 2226009600
seed 8694 tested 2226216960
seed 8695 tested 2226424320
seed 8696 tested 2226631680
seed 8697 tested 2226839040
seed 8698 tested 2227046400
seed 8699 tested 2227253760
seed 8700 tested 2227461120
seed 8701 tested 2227668480
seed 8702 tested 2227875840
seed 8703 tested 2228083200
seed 8704 tested 2228290560
seed 8705 tested 2228497920
seed 8706 tested 2228705280
seed 8707 tested 2228912640
seed 8708 tested 2229120000
seed 8709 tested 2229327360
seed 8710 tested 2229534720
seed 8711 tested 2229742080
seed 8712 tested 2229949440
seed 8713 tested 2230156800
seed 8714 tested 2230364160
seed 8715 tested 2230571520
seed 8716 tested 2230778880
seed 8717 tested 2230986240
seed 8718 tested 2231193600
seed 8719 tested 2231400960
seed 8720 tested 2231608320
seed 8721 tested 2231815680
seed 8722 tested 2232023040
seed 8723 tested 2232230400
seed 8724 tested 2232437760
seed 8725 tested 2232645120
seed 8726 tested 2232852480
seed 8727 tested 2233059840
seed 8728 tested 2233267200
seed 8729 tested 2233474560
seed 8730 tested 2233681920
seed 8731 tested 2233889280
seed 8732 tested 2234096640
seed 8733 tested 2234304000
seed 8734 tested 2234511360
seed 8735 tested 2234718720
seed 8736 tested 2234926080
seed 8737 tested 2235133440
seed 8738 tested 2235340800
seed 8739 tested 2235548160
seed 8740 tested 2235755520
seed 8741 tested 2235962880
seed 8742 tested 2236170240
seed 8743 tested 2236377600
seed 8744 tested 2236584960
seed 8745 tested 2236792320
seed 8746 tested 2236999680
seed 8747 tested 2237207040
seed 8748 tested 2237414400
seed 8749 tested 2237621760
seed 8750 tested 2237829120
seed 8751 tested 2238036480
seed 8752 tested 2238243840
seed 8753 tested 2238451200
seed 8754 tested 2238658560
seed 8755 tested 2238865920
seed 8756 tested 2239073280
seed 8757 tested 2239280640
seed 8758 tested 2239488000
seed 8759 tested 2239695360
seed 8760 tested 2239902720
seed 8761 tested 2240110080
seed 8762 tested 2240317440
seed 8763 tested 2240524800
seed 8764 tested 2240732160
seed 8765 tested 2240939520
seed 8766 tested 2241146880
seed 8767 tested 2241354240
seed 8768 tested 2241561600
seed 8769 tested 2241768960
seed 8770 tested 2241976320
seed 8771 tested 2242183680
seed 8772 tested 2242391040
seed 8773 tested 2242598400
seed 8774 tested 2242805760
seed 8775 tested 2243013120
seed 8776 tested 2243220480
seed 8777 tested 2243427840
seed 8778 tested 2243635200
seed 8779 tested 2243842560
seed 8780 tested 2244049920
seed 8781 tested 2244257280
seed 8782 tested 2244464640
seed 8783 tested 2244672000
seed 8784 tested 2244879360
seed 8785 tested 2245086720
seed 8786 tested 2245294080
seed 8787 tested 2245501440
seed 8788 tested 2245708800
seed 8789 tested 2245916160
seed 8790 tested 2246123520
seed 8791 tested 2246330880
seed 8792 tested 2246538240
seed 8793 tested 2246745600
seed 8794 tested 2246952960
seed 8795 tested 2247160320
seed 8796 tested 2247367680
seed 8797 tested 2247575040
seed 8798 tested 2247782400
seed 8799 tested 2247989760
seed 8800 tested 2248197120
seed 8801 tested 2248404480
seed 8802 tested 2248611840
seed 8803 tested 2248819200
seed 8804 tested 2249026560
seed 8805 tested 2249233920
seed 8806 tested 2249441280
seed 8807 tested 2249648640
seed 8808 tested 2249856000
seed 8809 tested 2250063360
seed 8810 tested 2250270720
seed 8811 tested 2250478080
seed 8812 tested 2250685440
seed 8813 tested 2250892800
seed 8814 tested 2251100160
seed 8815 tested 2251307520
seed 8816 tested 2251514880
seed 8817 tested 2251722240
seed 8818 tested 2251929600
seed 8819 tested 2252136960
seed 8820 tested 2252344320
seed 8821 tested 2252551680
seed 8822 tested 2252759040
seed 8823 tested 2252966400
seed 8824 tested 2253173760
seed 8825 tested 2253381120
seed 8826 tested 2253588480
seed 8827 tested 2253795840
seed 8828 tested 2254003200
seed 8829 tested 2254210560
seed 8830 tested 2254417920
seed 8831 tested 2254625280
seed 8832 tested 2254832640
seed 8833 tested 2255040000
seed 8834 tested 2255247360
seed 8835 tested 2255454720
seed 8836 tested 2255662080
seed 8837 tested 2255869440
seed 8838 tested 2256076800
seed 8839 tested 2256284160
seed 8840 tested 2256491520
seed 8841 tested 2256698880
seed 8842 tested 2256906240
seed 8843 tested 2257113600
seed 8844 tested 2257320960
seed 8845 tested 2257528320
seed 8846 tested 2257735680
seed 8847 tested 2257943040
seed 8848 tested 2258150400
seed 8849 tested 2258357760
seed 8850 tested 2258565120
seed 8851 tested 2258772480
seed 8852 tested 2258979840
seed 8853 tested 2259187200
seed 8854 tested 2259394560
seed 8855 tested 2259601920
seed 8856 tested 2259809280
seed 8857 tested 2260016640
seed 8858 tested 2260224000
seed 8859 tested 2260431360
seed 8860 tested 2260638720
seed 8861 tested 2260846080
seed 8862 tested 2261053440
seed 8863 tested 2261260800
seed 8864 tested 2261468160
seed 8865 tested 2261675520
seed 8866 tested 2261882880
seed 8867 tested 2262090240
seed 8868 tested 2262297600
seed 8869 tested 2262504960
seed 8870 tested 2262712320
seed 8871 tested 2262919680
seed 8872 tested 2263127040
seed 8873 tested 2263334400
seed 8874 tested 2263541760
seed 8875 tested 2263749120
seed 8876 tested 2263956480
seed 8877 tested 2264163840
seed 8878 tested 2264371200
seed 8879 tested 2264578560
seed 8880 tested 2264785920
seed 8881 tested 2264993280
seed 8882 tested 2265200640
seed 8883 tested 2265408000
seed 8884 tested 2265615360
seed 8885 tested 2265822720
seed 8886 tested 2266030080
seed 8887 tested 2266237440
seed 8888 tested 2266444800
seed 8889 tested 2266652160
seed 8890 tested 2266859520
seed 8891 tested 2267066880
seed 8892 tested 2267274240
seed 8893 tested 2267481600
seed 8894 tested 2267688960
seed 8895 tested 2267896320
seed 8896 tested 2268103680
seed 8897 tested 2268311040
seed 8898 tested 2268518400
seed 8899 tested 2268725760
seed 8900 tested 2268933120
seed 8901 tested 2269140480
seed 8902 tested 2269347840
seed 8903 tested 2269555200
seed 8904 tested 2269762560
seed 8905 tested 2269969920
seed 8906 tested 2270177280
seed 8907 tested 2270384640
seed 8908 tested 2270592000
seed 8909 tested 2270799360
seed 8910 tested 2271006720
seed 8911 tested 2271214080
seed 8912 tested 2271421440
seed 8913 tested 2271628800
seed 8914 tested 2271836160
seed 8915 tested 2272043520
seed 8916 tested 2272250880
seed 8917 tested 2272458240
seed 8918 tested 2272665600
seed 8919 tested 2272872960
seed 8920 tested 2273080320
seed 8921 tested 2273287680
seed 8922 tested 2273495040
seed 8923 tested 2273702400
seed 8924 tested 2273909760
seed 8925 tested 2274117120
seed 8926 tested 2274324480
seed 8927 tested 2274531840
seed 8928 tested 2274739200
seed 8929 tested 2274946560
seed 8930 tested 2275153920
seed 8931 tested 2275361280
seed 8932 tested 2275568640
seed 8933 tested 2275776000
seed 8934 tested 2275983360
seed 8935 tested 2276190720
seed 8936 tested 2276398080
seed 8937 tested 2276605440
seed 8938 tested 2276812800
seed 8939 tested 2277020160
seed 8940 tested 2277227520
seed 8941 tested 2277434880
seed 8942 tested 2277642240
seed 8943 tested 2277849600
seed 8944 tested 2278056960
seed 8945 tested 2278264320
seed 8946 tested 2278471680
seed 8947 tested 2278679040
seed 8948 tested 2278886400
seed 8949 tested 2279093760
seed 8950 tested 2279301120
seed 8951 tested 2279508480
seed 8952 tested 2279715840
seed 8953 tested 2279923200
seed 8954 tested 2280130560
seed 8955 tested 2280337920
seed 8956 tested 2280545280
seed 8957 tested 2280752640
seed 8958 tested 2280960000
seed 8959 tested 2281167360
seed 8960 tested 2281374720
seed 8961 tested 2281582080
seed 8962 tested 2281789440
seed 8963 tested 2281996800
seed 8964 tested 2282204160
seed 8965 tested 2282411520
seed 8966 tested 2282618880
seed 8967 tested 2282826240
seed 8968 tested 2283033600
seed 8969 tested 2283240960
seed 8970 tested 2283448320
seed 8971 tested 2283655680
seed 8972 tested 2283863040
seed 8973 tested 2284070400
seed 8974 tested 2284277760
seed 8975 tested 2284485120
seed 8976 tested 2284692480
seed 8977 tested 2284899840
seed 8978 tested 2285107200
seed 8979 tested 2285314560
seed 8980 tested 2285521920
seed 8981 tested 2285729280
seed 8982 tested 2285936640
seed 8983 tested 2286144000
seed 8984 tested 2286351360
seed 8985 tested 2286558720
seed 8986 tested 2286766080
seed 8987 tested 2286973440
seed 8988 tested 2287180800
seed 8989 tested 2287388160
seed 8990 tested 2287595520
seed 8991 tested 2287802880
seed 8992 tested 2288010240
seed 8993 tested 2288217600
seed 8994 tested 2288424960
seed 8995 tested 2288632320
seed 8996 tested 2288839680
seed 8997 tested 2289047040
seed 8998 tested 2289254400
seed 8999 tested 2289461760
seed 9000 tested 2289669120
seed 9001 tested 2289876480
seed 9002 tested 2290083840
seed 9003 tested 2290291200
seed 9004 tested 2290498560
seed 9005 tested 2290705920
seed 9006 tested 2290913280
seed 9007 tested 2291120640
seed 9008 tested 2291328000
seed 9009 tested 2291535360
seed 9010 tested 2291742720
seed 9011 tested 2291950080
seed 9012 tested 2292157440
seed 9013 tested 2292364800
seed 9014 tested 2292572160
seed 9015 tested 2292779520
seed 9016 tested 2292986880
seed 9017 tested 2293194240
seed 9018 tested 2293401600
seed 9019 tested 2293608960
seed 9020 tested 2293816320
seed 9021 tested 2294023680
seed 9022 tested 2294231040
seed 9023 tested 2294438400
seed 9024 tested 2294645760
seed 9025 tested 2294853120
seed 9026 tested 2295060480
seed 9027 tested 2295267840
seed 9028 tested 2295475200
seed 9029 tested 2295682560
seed 9030 tested 2295889920
seed 9031 tested 2296097280
seed 9032 tested 2296304640
seed 9033 tested 2296512000
seed 9034 tested 2296719360
seed 9035 tested 2296926720
seed 9036 tested 2297134080
seed 9037 tested 2297341440
seed 9038 tested 2297548800
seed 9039 tested 2297756160
seed 9040 tested 2297963520
seed 9041 tested 2298170880
seed 9042 tested 2298378240
seed 9043 tested 2298585600
seed 9044 tested 2298792960
seed 9045 tested 2299000320
seed 9046 tested 2299207680
seed 9047 tested 2299415040
seed 9048 tested 2299622400
seed 9049 tested 2299829760
seed 9050 tested 2300037120
seed 9051 tested 2300244480
seed 9052 tested 2300451840
seed 9053 tested 2300659200
seed 9054 tested 2300866560
seed 9055 tested 2301073920
seed 9056 tested 2301281280
seed 9057 tested 2301488640
seed 9058 tested 2301696000
seed 9059 tested 2301903360
seed 9060 tested 2302110720
seed 9061 tested 2302318080
seed 9062 tested 2302525440
seed 9063 tested 2302732800
seed 9064 tested 2302940160
seed 9065 tested 2303147520
seed 9066 tested 2303354880
seed 9067 tested 2303562240
seed 9068 tested 2303769600
seed 9069 tested 2303976960
seed 9070 tested 2304184320
seed 9071 tested 2304391680
seed 9072 tested 2304599040
seed 9073 tested 2304806400
seed 9074 tested 2305013760
seed 9075 tested 2305221120
seed 9076 tested 2305428480
seed 9077 tested 2305635840
seed 9078 tested 2305843200
seed 9079 tested 2306050560
seed 9080 tested 2306257920
seed 9081 tested 2306465280
seed 9082 tested 2306672640
seed 9083 tested 2306880000
seed 9084 tested 2307087360
seed 9085 tested 2307294720
seed 9086 tested 2307502080
seed 9087 tested 2307709440
seed 9088 tested 2307916800
seed 9089 tested 2308124160
seed 9090 tested 2308331520
seed 9091 tested 2308538880
seed 9092 tested 2308746240
seed 9093 tested 2308953600
seed 9094 tested 2309160960
seed 9095 tested 2309368320
seed 9096 tested 2309575680
seed 9097 tested 2309783040
seed 9098 tested 2309990400
seed 9099 tested 2310197760
seed 9100 tested 2310405120
seed 9101 tested 2310612480
seed 9102 tested 2310819840
seed 9103 tested 2311027200
seed 9104 tested 2311234560
seed 9105 tested 2311441920
seed 9106 tested 2311649280
seed 9107 tested 2311856640
seed 9108 tested 2312064000
seed 9109 tested 2312271360
seed 9110 tested 2312478720
seed 9111 tested 2312686080
seed 9112 tested 2312893440
seed 9113 tested 2313100800
seed 9114 tested 2313308160
seed 9115 tested 2313515520
seed 9116 tested 2313722880
seed 9117 tested 2313930240
seed 9118 tested 2314137600
seed 9119 tested 2314344960
seed 9120 tested 2314552320
seed 9121 tested 2314759680
seed 9122 tested 2314967040
seed 9123 tested 2315174400
seed 9124 tested 2315381760
seed 9125 tested 2315589120
seed 9126 tested 2315796480
seed 9127 tested 2316003840
seed 9128 tested 2316211200
seed 9129 tested 2316418560
seed 9130 tested 2316625920
seed 9131 tested 2316833280
seed 9132 tested 2317040640
seed 9133 tested 2317248000
seed 9134 tested 2317455360
seed 9135 tested 2317662720
seed 9136 tested 2317870080
seed 9137 tested 2318077440
seed 9138 tested 2318284800
seed 9139 tested 2318492160
seed 9140 tested 2318699520
seed 9141 tested 2318906880
seed 9142 tested 2319114240
seed 9143 tested 2319321600
seed 9144 tested 2319528960
seed 9145 tested 2319736320
seed 9146 tested 2319943680
seed 9147 tested 2320151040
seed 9148 tested 2320358400
seed 9149 tested 2320565760
seed 9150 tested 2320773120
seed 9151 tested 2320980480
seed 9152 tested 2321187840
seed 9153 tested 2321395200
seed 9154 tested 2321602560
seed 9155 tested 2321809920
seed 9156 tested 2322017280
seed 9157 tested 2322224640
seed 9158 tested 2322432000
seed 9159 tested 2322639360
seed 9160 tested 2322846720
seed 9161 tested 2323054080
seed 9162 tested 2323261440
seed 9163 tested 2323468800
seed 9164 tested 2323676160
seed 9165 tested 2323883520
seed 9166 tested 2324090880
seed 9167 tested 2324298240
seed 9168 tested 2324505600
seed 9169 tested 2324712960
seed 9170 tested 2324920320
seed 9171 tested 2325127680
seed 9172 tested 2325335040
seed 9173 tested 2325542400
seed 9174 tested 2325749760
seed 9175 tested 2325957120
seed 9176 tested 2326164480
seed 9177 tested 2326371840
seed 9178 tested 2326579200
seed 9179 tested 2326786560
seed 9180 tested 2326993920
seed 9181 tested 2327201280
seed 9182 tested 2327408640
seed 9183 tested 2327616000
seed 9184 tested 2327823360
seed 9185 tested 2328030720
seed 9186 tested 2328238080
seed 9187 tested 2328445440
seed 9188 tested 2328652800
seed 9189 tested 2328860160
seed 9190 tested 2329067520
seed 9191 tested 2329274880
seed 9192 tested 2329482240
seed 9193 tested 2329689600
seed 9194 tested 2329896960
seed 9195 tested 2330104320
seed 9196 tested 2330311680
seed 9197 tested 2330519040
seed 9198 tested 2330726400
seed 9199 tested 2330933760
seed 9200 tested 2331141120
seed 9201 tested 2331348480
seed 9202 tested 2331555840
seed 9203 tested 2331763200
seed 9204 tested 2331970560
seed 9205 tested 2332177920
seed 9206 tested 2332385280
seed 9207 tested 2332592640
seed 9208 tested 2332800000
seed 9209 tested 2333007360
seed 9210 tested 2333214720
seed 9211 tested 2333422080
seed 9212 tested 2333629440
seed 9213 tested 2333836800
seed 9214 tested 2334044160
seed 9215 tested 2334251520
seed 9216 tested 2334458880
seed 9217 tested 2334666240
seed 9218 tested 2334873600
seed 9219 tested 2335080960
seed 9220 tested 2335288320
seed 9221 tested 2335495680
seed 9222 tested 2335703040
seed 9223 tested 2335910400
seed 9224 tested 2336117760
seed 9225 tested 2336325120
seed 9226 tested 2336532480
seed 9227 tested 2336739840
seed 9228 tested 2336947200
seed 9229 tested 2337154560
seed 9230 tested 2337361920
seed 9231 tested 2337569280
seed 9232 tested 2337776640
seed 9233 tested 2337984000
seed 9234 tested 2338191360
seed 9235 tested 2338398720
seed 9236 tested 2338606080
seed 9237 tested 2338813440
seed 9238 tested 2339020800
seed 9239 tested 2339228160
seed 9240 tested 2339435520
seed 9241 tested 2339642880
seed 9242 tested 2339850240
seed 9243 tested 2340057600
seed 9244 tested 2340264960
seed 9245 tested 2340472320
seed 9246 tested 2340679680
seed 9247 tested 2340887040
seed 9248 tested 2341094400
seed 9249 tested 2341301760
seed 9250 tested 2341509120
seed 9251 tested 2341716480
seed 9252 tested 2341923840
seed 9253 tested 2342131200
seed 9254 tested 2342338560
seed 9255 tested 2342545920
seed 9256 tested 2342753280
seed 9257 tested 2342960640
seed 9258 tested 2343168000
seed 9259 tested 2343375360
seed 9260 tested 2343582720
seed 9261 tested 2343790080
seed 9262 tested 2343997440
seed 9263 tested 2344204800
seed 9264 tested 2344412160
seed 9265 tested 2344619520
seed 9266 tested 2344826880
seed 9267 tested 2345034240
seed 9268 tested 2345241600
seed 9269 tested 2345448960
seed 9270 tested 2345656320
seed 9271 tested 2345863680
seed 9272 tested 2346071040
seed 9273 tested 2346278400
seed 9274 tested 2346485760
seed 9275 tested 2346693120
seed 9276 tested 2346900480
seed 9277 tested 2347107840
seed 9278 tested 2347315200
seed 9279 tested 2347522560
seed 9280 tested 2347729920
seed 9281 tested 2347937280
seed 9282 tested 2348144640
seed 9283 tested 2348352000
seed 9284 tested 2348559360
seed 9285 tested 2348766720
seed 9286 tested 2348974080
seed 9287 tested 2349181440
seed 9288 tested 2349388800
seed 9289 tested 2349596160
seed 9290 tested 2349803520
seed 9291 tested 2350010880
seed 9292 tested 2350218240
seed 9293 tested 2350425600
seed 9294 tested 2350632960
seed 9295 tested 2350840320
seed 9296 tested 2351047680
seed 9297 tested 2351255040
seed 9298 tested 2351462400
seed 9299 tested 2351669760
seed 9300 tested 2351877120
seed 9301 tested 2352084480
seed 9302 tested 2352291840
seed 9303 tested 2352499200
seed 9304 tested 2352706560
seed 9305 tested 2352913920
seed 9306 tested 2353121280
seed 9307 tested 2353328640
seed 9308 tested 2353536000
seed 9309 tested 2353743360
seed 9310 tested 2353950720
seed 9311 tested 2354158080
seed 9312 tested 2354365440
seed 9313 tested 2354572800
seed 9314 tested 2354780160
seed 9315 tested 2354987520
seed 9316 tested 2355194880
seed 9317 tested 2355402240
seed 9318 tested 2355609600
seed 9319 tested 2355816960
seed 9320 tested 2356024320
seed 9321 tested 2356231680
seed 9322 tested 2356439040
seed 9323 tested 2356646400
seed 9324 tested 2356853760
seed 9325 tested 2357061120
seed 9326 tested 2357268480
seed 9327 tested 2357475840
seed 9328 tested 2357683200
seed 9329 tested 2357890560
seed 9330 tested 2358097920
seed 9331 tested 2358305280
seed 9332 tested 2358512640
seed 9333 tested 2358720000
seed 9334 tested 2358927360
seed 9335 tested 2359134720
seed 9336 tested 2359342080
seed 9337 tested 2359549440
seed 9338 tested 2359756800
seed 9339 tested 2359964160
seed 9340 tested 2360171520
seed 9341 tested 2360378880
seed 9342 tested 2360586240
seed 9343 tested 2360793600
seed 9344 tested 2361000960
seed 9345 tested 2361208320
seed 9346 tested 2361415680
seed 9347 tested 2361623040
seed 9348 tested 2361830400
seed 9349 tested 2362037760
seed 9350 tested 2362245120
seed 9351 tested 2362452480
seed 9352 tested 2362659840
seed 9353 tested 2362867200
seed 9354 tested 2363074560
seed 9355 tested 2363281920
seed 9356 tested 2363489280
seed 9357 tested 2363696640
seed 9358 tested 2363904000
seed 9359 tested 2364111360
seed 9360 tested 2364318720
seed 9361 tested 2364526080
seed 9362 tested 2364733440
seed 9363 tested 2364940800
seed 9364 tested 2365148160
seed 9365 tested 2365355520
seed 9366 tested 2365562880
seed 9367 tested 2365770240
seed 9368 tested 2365977600
seed 9369 tested 2366184960
seed 9370 tested 2366392320
seed 9371 tested 2366599680
seed 9372 tested 2366807040
seed 9373 tested 2367014400
seed 9374 tested 2367221760
seed 9375 tested 2367429120
seed 9376 tested 2367636480
seed 9377 tested 2367843840
seed 9378 tested 2368051200
seed 9379 tested 2368258560
seed 9380 tested 2368465920
seed 9381 tested 2368673280
seed 9382 tested 2368880640
seed 9383 tested 2369088000
seed 9384 tested 2369295360
seed 9385 tested 2369502720
seed 9386 tested 2369710080
seed 9387 tested 2369917440
seed 9388 tested 2370124800
seed 9389 tested 2370332160
seed 9390 tested 2370539520
seed 9391 tested 2370746880
seed 9392 tested 2370954240
seed 9393 tested 2371161600
seed 9394 tested 2371368960
seed 9395 tested 2371576320
seed 9396 tested 2371783680
seed 9397 tested 2371991040
seed 9398 tested 2372198400
seed 9399 tested 2372405760
seed 9400 tested 2372613120
seed 9401 tested 2372820480
seed 9402 tested 2373027840
seed 9403 tested 2373235200
seed 9404 tested 2373442560
seed 9405 tested 2373649920
seed 9406 tested 2373857280
seed 9407 tested 2374064640
seed 9408 tested 2374272000
seed 9409 tested 2374479360
seed 9410 tested 2374686720
seed 9411 tested 2374894080
seed 9412 tested 2375101440
seed 9413 tested 2375308800
seed 9414 tested 2375516160
seed 9415 tested 2375723520
seed 9416 tested 2375930880
seed 9417 tested 2376138240
seed 9418 tested 2376345600
seed 9419 tested 2376552960
seed 9420 tested 2376760320
seed 9421 tested 2376967680
seed 9422 tested 2377175040
seed 9423 tested 2377382400
seed 9424 tested 2377589760
seed 9425 tested 2377797120
seed 9426 tested 2378004480
seed 9427 tested 2378211840
seed 9428 tested 2378419200
seed 9429 tested 2378626560
seed 9430 tested 2378833920
seed 9431 tested 2379041280
seed 9432 tested 2379248640
seed 9433 tested 2379456000
seed 9434 tested 2379663360
seed 9435 tested 2379870720
seed 9436 tested 2380078080
seed 9437 tested 2380285440
seed 9438 tested 2380492800
seed 9439 tested 2380700160
seed 9440 tested 2380907520
seed 9441 tested 2381114880
seed 9442 tested 2381322240
seed 9443 tested 2381529600
seed 9444 tested 2381736960
seed 9445 tested 2381944320
seed 9446 tested 2382151680
seed 9447 tested 2382359040
seed 9448 tested 2382566400
seed 9449 tested 2382773760
seed 9450 tested 2382981120
seed 9451 tested 2383188480
seed 9452 tested 2383395840
seed 9453 tested 2383603200
seed 9454 tested 2383810560
seed 9455 tested 2384017920
seed 9456 tested 2384225280
seed 9457 tested 2384432640
seed 9458 tested 2384640000
seed 9459 tested 2384847360
seed 9460 tested 2385054720
seed 9461 tested 2385262080
seed 9462 tested 2385469440
seed 9463 tested 2385676800
seed 9464 tested 2385884160
seed 9465 tested 2386091520
seed 9466 tested 2386298880
seed 9467 tested 2386506240
seed 9468 tested 2386713600
seed 9469 tested 2386920960
seed 9470 tested 2387128320
seed 9471 tested 2387335680
seed 9472 tested 2387543040
seed 9473 tested 2387750400
seed 9474 tested 2387957760
seed 9475 tested 2388165120
seed 9476 tested 2388372480
seed 9477 tested 2388579840
seed 9478 tested 2388787200
seed 9479 tested 2388994560
seed 9480 tested 2389201920
seed 9481 tested 2389409280
seed 9482 tested 2389616640
seed 9483 tested 2389824000
seed 9484 tested 2390031360
seed 9485 tested 2390238720
seed 9486 tested 2390446080
seed 9487 tested 2390653440
seed 9488 tested 2390860800
seed 9489 tested 2391068160
seed 9490 tested 2391275520
seed 9491 tested 2391482880
seed 9492 tested 2391690240
seed 9493 tested 2391897600
seed 9494 tested 2392104960
seed 9495 tested 2392312320
seed 9496 tested 2392519680
seed 9497 tested 2392727040
seed 9498 tested 2392934400
seed 9499 tested 2393141760
seed 9500 tested 2393349120
seed 9501 tested 2393556480
seed 9502 tested 2393763840
seed 9503 tested 2393971200
seed 9504 tested 2394178560
seed 9505 tested 2394385920
seed 9506 tested 2394593280
seed 9507 tested 2394800640
seed 9508 tested 2395008000
seed 9509 tested 2395215360
seed 9510 tested 2395422720
seed 9511 tested 2395630080
seed 9512 tested 2395837440
seed 9513 tested 2396044800
seed 9514 tested 2396252160
seed 9515 tested 2396459520
seed 9516 tested 2396666880
seed 9517 tested 2396874240
seed 9518 tested 2397081600
seed 9519 tested 2397288960
seed 9520 tested 2397496320
seed 9521 tested 2397703680
seed 9522 tested 2397911040
seed 9523 tested 2398118400
seed 9524 tested 2398325760
seed 9525 tested 2398533120
seed 9526 tested 2398740480
seed 9527 tested 2398947840
seed 9528 tested 2399155200
seed 9529 tested 2399362560
seed 9530 tested 2399569920
seed 9531 tested 2399777280
seed 9532 tested 2399984640
seed 9533 tested 2400192000
seed 9534 tested 2400399360
seed 9535 tested 2400606720
seed 9536 tested 2400814080
seed 9537 tested 2401021440
seed 9538 tested 2401228800
seed 9539 tested 2401436160
seed 9540 tested 2401643520
seed 9541 tested 2401850880
seed 9542 tested 2402058240
seed 9543 tested 2402265600
seed 9544 tested 2402472960
seed 9545 tested 2402680320
seed 9546 tested 2402887680
seed 9547 tested 2403095040
seed 9548 tested 2403302400
seed 9549 tested 2403509760
seed 9550 tested 2403717120
seed 9551 tested 2403924480
seed 9552 tested 2404131840
seed 9553 tested 2404339200
seed 9554 tested 2404546560
seed 9555 tested 2404753920
seed 9556 tested 2404961280
seed 9557 tested 2405168640
seed 9558 tested 2405376000
seed 9559 tested 2405583360
seed 9560 tested 2405790720
seed 9561 tested 2405998080
seed 9562 tested 2406205440
seed 9563 tested 2406412800
seed 9564 tested 2406620160
seed 9565 tested 2406827520
seed 9566 tested 2407034880
seed 9567 tested 2407242240
seed 9568 tested 2407449600
seed 9569 tested 2407656960
seed 9570 tested 2407864320
seed 9571 tested 2408071680
seed 9572 tested 2408279040
seed 9573 tested 2408486400
seed 9574 tested 2408693760
seed 9575 tested 2408901120
seed 9576 tested 2409108480
seed 9577 tested 2409315840
seed 9578 tested 2409523200
seed 9579 tested 2409730560
seed 9580 tested 2409937920
seed 9581 tested 2410145280
seed 9582 tested 2410352640
seed 9583 tested 2410560000
seed 9584 tested 2410767360
seed 9585 tested 2410974720
seed 9586 tested 2411182080
seed 9587 tested 2411389440
seed 9588 tested 2411596800
seed 9589 tested 2411804160
seed 9590 tested 2412011520
seed 9591 tested 2412218880
seed 9592 tested 2412426240
seed 9593 tested 2412633600
seed 9594 tested 2412840960
seed 9595 tested 2413048320
seed 9596 tested 2413255680
seed 9597 tested 2413463040
seed 9598 tested 2413670400
seed 9599 tested 2413877760
seed 9600 tested 2414085120
seed 9601 tested 2414292480
seed 9602 tested 2414499840
seed 9603 tested 2414707200
seed 9604 tested 2414914560
seed 9605 tested 2415121920
seed 9606 tested 2415329280
seed 9607 tested 2415536640
seed 9608 tested 2415744000
seed 9609 tested 2415951360
seed 9610 tested 2416158720
seed 9611 tested 2416366080
seed 9612 tested 2416573440
seed 9613 tested 2416780800
seed 9614 tested 2416988160
seed 9615 tested 2417195520
seed 9616 tested 2417402880
seed 9617 tested 2417610240
seed 9618 tested 2417817600
seed 9619 tested 2418024960
seed 9620 tested 2418232320
seed 9621 tested 2418439680
seed 9622 tested 2418647040
seed 9623 tested 2418854400
seed 9624 tested 2419061760
seed 9625 tested 2419269120
seed 9626 tested 2419476480
seed 9627 tested 2419683840
seed 9628 tested 2419891200
seed 9629 tested 2420098560
seed 9630 tested 2420305920
seed 9631 tested 2420513280
seed 9632 tested 2420720640
seed 9633 tested 2420928000
seed 9634 tested 2421135360
seed 9635 tested 2421342720
seed 9636 tested 2421550080
seed 9637 tested 2421757440
seed 9638 tested 2421964800
seed 9639 tested 2422172160
seed 9640 tested 2422379520
seed 9641 tested 2422586880
seed 9642 tested 2422794240
seed 9643 tested 2423001600
seed 9644 tested 2423208960
seed 9645 tested 2423416320
seed 9646 tested 2423623680
seed 9647 tested 2423831040
seed 9648 tested 2424038400
seed 9649 tested 2424245760
seed 9650 tested 2424453120
seed 9651 tested 2424660480
seed 9652 tested 2424867840
seed 9653 tested 2425075200
seed 9654 tested 2425282560
seed 9655 tested 2425489920
seed 9656 tested 2425697280
seed 9657 tested 2425904640
seed 9658 tested 2426112000
seed 9659 tested 2426319360
seed 9660 tested 2426526720
seed 9661 tested 2426734080
seed 9662 tested 2426941440
seed 9663 tested 2427148800
seed 9664 tested 2427356160
seed 9665 tested 2427563520
seed 9666 tested 2427770880
seed 9667 tested 2427978240
seed 9668 tested 2428185600
seed 9669 tested 2428392960
seed 9670 tested 2428600320
seed 9671 tested 2428807680
seed 9672 tested 2429015040
seed 9673 tested 2429222400
seed 9674 tested 2429429760
seed 9675 tested 2429637120
seed 9676 tested 2429844480
seed 9677 tested 2430051840
seed 9678 tested 2430259200
seed 9679 tested 2430466560
seed 9680 tested 2430673920
seed 9681 tested 2430881280
seed 9682 tested 2431088640
seed 9683 tested 2431296000
seed 9684 tested 2431503360
seed 9685 tested 2431710720
seed 9686 tested 2431918080
seed 9687 tested 2432125440
seed 9688 tested 2432332800
seed 9689 tested 2432540160
seed 9690 tested 2432747520
seed 9691 tested 2432954880
seed 9692 tested 2433162240
seed 9693 tested 2433369600
seed 9694 tested 2433576960
seed 9695 tested 2433784320
seed 9696 tested 2433991680
seed 9697 tested 2434199040
seed 9698 tested 2434406400
seed 9699 tested 2434613760
seed 9700 tested 2434821120
seed 9701 tested 2435028480
seed 9702 tested 2435235840
seed 9703 tested 2435443200
seed 9704 tested 2435650560
seed 9705 tested 2435857920
seed 9706 tested 2436065280
seed 9707 tested 2436272640
seed 9708 tested 2436480000
seed 9709 tested 2436687360
seed 9710 tested 2436894720
seed 9711 tested 2437102080
seed 9712 tested 2437309440
seed 9713 tested 2437516800
seed 9714 tested 2437724160
seed 9715 tested 2437931520
seed 9716 tested 2438138880
seed 9717 tested 2438346240
seed 9718 tested 2438553600
seed 9719 tested 2438760960
seed 9720 tested 2438968320
seed 9721 tested 2439175680
seed 9722 tested 2439383040
seed 9723 tested 2439590400
seed 9724 tested 2439797760
seed 9725 tested 2440005120
seed 9726 tested 2440212480
seed 9727 tested 2440419840
seed 9728 tested 2440627200
seed 9729 tested 2440834560
seed 9730 tested 2441041920
seed 9731 tested 2441249280
seed 9732 tested 2441456640
seed 9733 tested 2441664000
seed 9734 tested 2441871360
seed 9735 tested 2442078720
seed 9736 tested 2442286080
seed 9737 tested 2442493440
seed 9738 tested 2442700800
seed 9739 tested 2442908160
seed 9740 tested 2443115520
seed 9741 tested 2443322880
seed 9742 tested 2443530240
seed 9743 tested 2443737600
seed 9744 tested 2443944960
seed 9745 tested 2444152320
seed 9746 tested 2444359680
seed 9747 tested 2444567040
seed 9748 tested 2444774400
seed 9749 tested 2444981760
seed 9750 tested 2445189120
seed 9751 tested 2445396480
seed 9752 tested 2445603840
seed 9753 tested 2445811200
seed 9754 tested 2446018560
seed 9755 tested 2446225920
seed 9756 tested 2446433280
seed 9757 tested 2446640640
seed 9758 tested 2446848000
seed 9759 tested 2447055360
seed 9760 tested 2447262720
seed 9761 tested 2447470080
seed 9762 tested 2447677440
seed 9763 tested 2447884800
seed 9764 tested 2448092160
seed 9765 tested 2448299520
seed 9766 tested 2448506880
seed 9767 tested 2448714240
seed 9768 tested 2448921600
seed 9769 tested 2449128960
seed 9770 tested 2449336320
seed 9771 tested 2449543680
seed 9772 tested 2449751040
seed 9773 tested 2449958400
seed 9774 tested 2450165760
seed 9775 tested 2450373120
seed 9776 tested 2450580480
seed 9777 tested 2450787840
seed 9778 tested 2450995200
seed 9779 tested 2451202560
seed 9780 tested 2451409920
seed 9781 tested 2451617280
seed 9782 tested 2451824640
seed 9783 tested 2452032000
seed 9784 tested 2452239360
seed 9785 tested 2452446720
seed 9786 tested 2452654080
seed 9787 tested 2452861440
seed 9788 tested 2453068800
seed 9789 tested 2453276160
seed 9790 tested 2453483520
seed 9791 tested 2453690880
seed 9792 tested 2453898240
seed 9793 tested 2454105600
seed 9794 tested 2454312960
seed 9795 tested 2454520320
seed 9796 tested 2454727680
seed 9797 tested 2454935040
seed 9798 tested 2455142400
seed 9799 tested 2455349760
seed 9800 tested 2455557120
seed 9801 tested 2455764480
seed 9802 tested 2455971840
seed 9803 tested 2456179200
seed 9804 tested 2456386560
seed 9805 tested 2456593920
seed 9806 tested 2456801280
seed 9807 tested 2457008640
seed 9808 tested 2457216000
seed 9809 tested 2457423360
seed 9810 tested 2457630720
seed 9811 tested 2457838080
seed 9812 tested 2458045440
seed 9813 tested 2458252800
seed 9814 tested 2458460160
seed 9815 tested 2458667520
seed 9816 tested 2458874880
seed 9817 tested 2459082240
seed 9818 tested 2459289600
seed 9819 tested 2459496960
seed 9820 tested 2459704320
seed 9821 tested 2459911680
seed 9822 tested 2460119040
seed 9823 tested 2460326400
seed 9824 tested 2460533760
seed 9825 tested 2460741120
seed 9826 tested 2460948480
seed 9827 tested 2461155840
seed 9828 tested 2461363200
seed 9829 tested 2461570560
seed 9830 tested 2461777920
seed 9831 tested 2461985280
seed 9832 tested 2462192640
seed 9833 tested 2462400000
seed 9834 tested 2462607360
seed 9835 tested 2462814720
seed 9836 tested 2463022080
seed 9837 tested 2463229440
seed 9838 tested 2463436800
seed 9839 tested 2463644160
seed 9840 tested 2463851520
seed 9841 tested 2464058880
seed 9842 tested 2464266240
seed 9843 tested 2464473600
seed 9844 tested 2464680960
seed 9845 tested 2464888320
seed 9846 tested 2465095680
seed 9847 tested 2465303040
seed 9848 tested 2465510400
seed 9849 tested 2465717760
seed 9850 tested 2465925120
seed 9851 tested 2466132480
seed 9852 tested 2466339840
seed 9853 tested 2466547200
seed 9854 tested 2466754560
seed 9855 tested 2466961920
seed 9856 tested 2467169280
seed 9857 tested 2467376640
seed 9858 tested 2467584000
seed 9859 tested 2467791360
seed 9860 tested 2467998720
seed 9861 tested 2468206080
seed 9862 tested 2468413440
seed 9863 tested 2468620800
seed 9864 tested 2468828160
seed 9865 tested 2469035520
seed 9866 tested 2469242880
seed 9867 tested 2469450240
seed 9868 tested 2469657600
seed 9869 tested 2469864960
seed 9870 tested 2470072320
seed 9871 tested 2470279680
seed 9872 tested 2470487040
seed 9873 tested 2470694400
seed 9874 tested 2470901760
seed 9875 tested 2471109120
seed 9876 tested 2471316480
seed 9877 tested 2471523840
seed 9878 tested 2471731200
seed 9879 tested 2471938560
seed 9880 tested 2472145920
seed 9881 tested 2472353280
seed 9882 tested 2472560640
seed 9883 tested 2472768000
seed 9884 tested 2472975360
seed 9885 tested 2473182720
seed 9886 tested 2473390080
seed 9887 tested 2473597440
seed 9888 tested 2473804800
seed 9889 tested 2474012160
seed 9890 tested 2474219520
seed 9891 tested 2474426880
seed 9892 tested 2474634240
seed 9893 tested 2474841600
seed 9894 tested 2475048960
seed 9895 tested 2475256320
seed 9896 tested 2475463680
seed 9897 tested 2475671040
seed 9898 tested 2475878400
seed 9899 tested 2476085760
seed 9900 tested 2476293120
seed 9901 tested 2476500480
seed 9902 tested 2476707840
seed 9903 tested 2476915200
seed 9904 tested 2477122560
seed 9905 tested 2477329920
seed 9906 tested 2477537280
seed 9907 tested 2477744640
seed 9908 tested 2477952000
seed 9909 tested 2478159360
seed 9910 tested 2478366720
seed 9911 tested 2478574080
seed 9912 tested 2478781440
seed 9913 tested 2478988800
seed 9914 tested 2479196160
seed 9915 tested 2479403520
seed 9916 tested 2479610880
seed 9917 tested 2479818240
seed 9918 tested 2480025600
seed 9919 tested 2480232960
seed 9920 tested 2480440320
seed 9921 tested 2480647680
seed 9922 tested 2480855040
seed 9923 tested 2481062400
seed 9924 tested 2481269760
seed 9925 tested 2481477120
seed 9926 tested 2481684480
seed 9927 tested 2481891840
seed 9928 tested 2482099200
seed 9929 tested 2482306560
seed 9930 tested 2482513920
seed 9931 tested 2482721280
seed 9932 tested 2482928640
seed 9933 tested 2483136000
seed 9934 tested 2483343360
seed 9935 tested 2483550720
seed 9936 tested 2483758080
seed 9937 tested 2483965440
seed 9938 tested 2484172800
seed 9939 tested 2484380160
seed 9940 tested 2484587520
seed 9941 tested 2484794880
seed 9942 tested 2485002240
seed 9943 tested 2485209600
seed 9944 tested 2485416960
seed 9945 tested 2485624320
seed 9946 tested 2485831680
seed 9947 tested 2486039040
seed 9948 tested 2486246400
seed 9949 tested 2486453760
seed 9950 tested 2486661120
seed 9951 tested 2486868480
seed 9952 tested 2487075840
seed 9953 tested 2487283200
seed 9954 tested 2487490560
seed 9955 tested 2487697920
seed 9956 tested 2487905280
seed 9957 tested 2488112640
seed 9958 tested 2488320000
seed 9959 tested 2488527360
seed 9960 tested 2488734720
seed 9961 tested 2488942080
seed 9962 tested 2489149440
seed 9963 tested 2489356800
seed 9964 tested 2489564160
seed 9965 tested 2489771520
seed 9966 tested 2489978880
seed 9967 tested 2490186240
seed 9968 tested 2490393600
seed 9969 tested 2490600960
seed 9970 tested 2490808320
seed 9971 tested 2491015680
seed 9972 tested 2491223040
seed 9973 tested 2491430400
seed 9974 tested 2491637760
seed 9975 tested 2491845120
seed 9976 tested 2492052480
seed 9977 tested 2492259840
seed 9978 tested 2492467200
seed 9979 tested 2492674560
seed 9980 tested 2492881920
seed 9981 tested 2493089280
seed 9982 tested 2493296640
seed 9983 tested 2493504000
seed 9984 tested 2493711360
seed 9985 tested 2493918720
seed 9986 tested 2494126080
seed 9987 tested 2494333440
seed 9988 tested 2494540800
seed 9989 tested 2494748160
seed 9990 tested 2494955520
seed 9991 tested 2495162880
seed 9992 tested 2495370240
seed 9993 tested 2495577600
seed 9994 tested 2495784960
seed 9995 tested 2495992320
seed 9996 tested 2496199680
seed 9997 tested 2496407040
seed 9998 tested 2496614400
seed 9999 tested 2496821760
