0 26 54 27 62 1
0 51 41 52 5 52
0 50 36 31 14 49
0 39 8 47 7 27
0 58 62 34 19 15
0 41 34 5 62 3
0 30 59 13 21 52
0 23 36 23 49 21
0 61 45 8 18 17
0 10 22 56 14 1
0 61 15 10 32 11
0 59 4 6 13 6
0 24 0 2 49 39
0 19 50 58 29 48
0 63 33 14 36 13
0 2 60 56 48 59
0 5 40 60 31 39
0 21 2 10 59 25
0 10 48 18 14 18
0 29 26 16 30 57
0 44 16 52 58 1
0 4 20 11 31 23
0 32 28 44 47 35
0 43 37 19 39 26
0 33 3 13 5 43
0 0 15 13 21 26
0 29 30 60 24 39
0 16 7 33 41 25
0 31 53 3 0 33
0 8 17 31 0 44
0 63 16 29 57 18
0 44 18 55 45 22
0 59 21 20 28 61
0 16 45 32 50 54
0 3 39 4 30 15
0 42 33 6 42 1
0 22 44 57 11 2
0 51 41 51 49 14
0 52 37 0 42 63
0 36 41 18 32 30
0 27 44 19 59 63
0 24 17 55 40 60
0 3 47 30 9 53
0 13 5 46 17 26
0 19 58 11 22 23
0 11 45 14 59 3
0 41 10 47 3 24
0 20 22 11 59 2
0 59 7 50 38 48
0 6 44 21 33 28
0 30 49 48 53 35
0 62 46 21 9 43
0 5 49 17 15 13
0 1 2 30 43 25
0 26 35 2 63 44
0 1 4 35 27 17
0 17 60 45 53 20
0 22 27 22 55 1
0 5 23 51 30 17
0 38 59 54 49 6
0 28 50 50 41 55
0 60 35 22 43 39
0 18 18 44 19 62
0 35 50 19 17 23
0 16 35 11 35 56
0 25 52 16 60 14
0 59 45 35 62 37
0 42 15 32 11 55
0 3 3 29 44 22
0 6 63 4 13 34
0 28 49 3 1 24
0 42 12 19 27 41
0 5 55 28 4 40
0 14 22 24 33 21
0 29 44 23 18 42
0 30 57 39 36 10
0 35 34 30 6 11
0 30 29 12 29 44
0 21 38 44 50 54
0 61 8 49 33 23
0 14 16 58 13 27
0 14 34 13 19 17
0 30 16 17 20 41
0 38 6 24 49 59
0 48 28 45 33 40
0 34 28 59 1 30
0 55 29 2 24 27
0 36 39 56 47 30
0 6 12 17 14 49
0 40 42 52 51 63
0 14 23 36 26 51
0 3 53 40 17 23
0 1 29 50 33 24
0 40 33 52 14 60
0 23 16 30 27 44
0 8 40 28 27 14
0 15 23 43 5 46
0 54 22 50 4 14
0 58 11 47 29 5
0 25 22 52 20 37
0 36 19 52 10 56
0 49 22 42 47 41
0 4 8 54 11 13
0 14 20 31 13 9
0 45 3 29 51 15
0 60 10 57 57 53
0 50 40 45 47 23
0 49 55 27 15 45
0 46 5 33 39 11
0 35 62 8 4 63
0 23 9 12 44 52
0 44 10 13 62 0
0 21 61 1 29 55
0 34 55 37 15 52
0 36 39 47 17 41
0 57 49 26 22 44
0 40 8 55 14 14
0 8 48 22 14 33
0 3 52 37 36 21
0 12 6 2 4 39
0 43 4 35 31 41
0 0 16 53 16 10
0 13 29 10 42 10
0 12 36 19 56 14
0 61 21 16 36 54
0 54 53 59 59 48
0 43 11 26 7 13
0 33 22 0 3 15
1 52 18 6 16 45
1 57 40 12 18 35
1 31 58 4 18 42
1 39 40 41 31 59
1 33 48 49 57 14
1 50 9 2 38 60
1 29 47 7 11 38
1 51 37 50 58 59
1 58 63 31 20 53
1 30 26 48 28 23
1 63 57 35 6 18
1 26 23 57 53 1
1 2 45 12 62 19
1 54 14 5 48 38
1 6 29 19 18 41
1 19 6 32 27 9
1 44 57 37 18 20
1 19 18 11 28 51
1 55 0 23 60 14
1 19 11 47 36 49
1 22 36 31 48 39
1 25 7 33 26 46
1 35 8 36 55 8
1 8 8 11 15 16
1 5 23 10 25 29
1 10 24 26 49 18
1 20 52 45 59 15
1 32 32 21 2 0
1 23 16 34 10 54
1 35 16 1 53 25
1 63 40 31 35 59
1 5 51 25 36 63
1 54 13 1 39 51
1 53 53 2 39 62
1 45 28 2 20 61
1 54 3 29 60 57
1 1 24 42 51 50
1 27 21 6 35 53
1 60 60 37 49 12
1 23 28 48 24 49
1 54 38 17 46 12
1 33 40 32 50 23
1 31 13 6 35 42
1 45 33 17 47 23
1 5 50 50 25 1
1 2 23 41 47 0
1 38 11 39 53 21
1 38 24 36 20 63
1 2 30 51 18 36
1 34 16 37 53 3
1 60 48 20 20 53
1 34 27 26 26 46
1 54 42 5 24 40
1 24 5 8 17 43
1 25 55 11 38 55
1 41 48 26 55 5
1 32 7 61 48 3
1 2 18 4 24 36
1 17 48 3 60 12
1 38 26 12 37 9
1 38 3 34 18 35
1 9 52 61 11 45
1 59 28 38 25 44
1 60 25 58 7 44
1 6 41 18 11 12
1 21 16 22 13 39
1 49 26 61 24 40
1 51 35 31 25 6
1 47 16 48 54 9
1 13 25 38 10 54
1 31 36 2 22 51
1 39 3 39 34 26
1 42 30 63 59 37
1 53 9 12 31 7
1 16 5 28 39 50
1 53 45 60 46 26
1 27 12 18 0 31
1 32 35 8 35 36
1 29 57 38 41 15
1 3 43 6 61 1
1 10 46 40 5 61
1 20 58 56 37 59
1 57 17 44 6 0
1 48 20 12 1 1
1 23 1 54 21 18
1 24 7 62 13 57
1 45 61 42 30 36
1 60 50 13 21 40
1 46 32 30 41 20
1 56 57 24 17 60
1 52 61 40 23 44
1 14 8 13 21 62
1 59 47 53 37 7
1 25 8 4 56 10
1 5 42 57 36 38
1 50 19 2 31 33
1 29 20 0 63 50
1 59 5 25 7 31
1 45 14 22 13 14
1 24 49 43 16 54
1 38 47 49 5 61
1 6 7 28 54 3
1 43 29 39 6 39
1 14 36 40 18 31
1 32 6 36 23 0
1 54 57 27 38 60
1 50 28 50 48 2
1 36 21 43 53 3
1 30 9 59 23 12
1 3 43 11 54 0
1 59 18 35 23 17
1 30 30 55 40 61
1 42 58 50 26 32
1 27 52 22 49 52
1 52 42 53 34 56
1 39 61 21 6 29
1 28 15 51 47 33
1 29 32 15 24 55
1 44 46 34 23 51
1 26 13 9 28 55
1 41 8 24 50 49
1 49 58 56 39 2
1 6 43 32 59 48
1 49 19 49 13 54
1 7 30 25 34 48
1 40 45 2 15 7
1 22 30 45 45 15
1 24 57 62 30 51
2 9 16 51 49 11
2 32 62 61 11 2
2 21 24 54 46 46
2 58 13 39 42 22
2 1 35 44 59 58
2 48 18 26 33 35
2 45 10 51 52 21
2 22 60 0 50 8
2 11 58 21 55 52
2 34 25 50 2 60
2 43 57 57 12 58
2 27 15 59 21 50
2 19 14 33 14 5
2 0 44 50 33 31
2 60 28 56 36 42
2 6 26 37 12 52
2 9 60 8 38 55
2 38 2 20 14 28
2 47 14 36 32 57
2 25 30 13 40 42
2 50 48 21 42 62
2 32 49 31 2 7
2 0 32 23 59 30
2 14 3 7 30 29
2 15 52 2 8 0
2 37 8 49 40 16
2 43 36 44 54 0
2 44 12 50 29 12
2 34 14 39 53 21
2 22 4 1 57 20
2 12 21 8 9 35
2 59 38 63 45 25
2 23 63 27 19 39
2 12 19 13 28 32
2 39 7 6 3 49
2 9 55 16 30 57
2 48 38 17 1 44
2 57 39 44 11 30
2 19 57 55 23 28
2 23 16 18 50 10
2 23 51 29 56 48
2 50 25 43 62 56
2 16 18 20 38 24
2 19 58 36 21 8
2 21 29 28 36 33
2 1 20 61 44 47
2 52 14 39 50 6
2 58 7 33 9 58
2 21 17 49 24 27
2 2 45 3 38 15
2 56 40 44 13 12
2 3 30 30 39 26
2 0 46 11 25 26
2 0 18 6 52 2
2 14 23 10 15 35
2 41 18 51 51 37
2 12 52 30 50 9
2 47 1 15 9 26
2 32 9 53 15 1
2 29 56 49 62 63
2 55 48 57 25 48
2 62 26 12 24 25
2 55 41 20 38 4
2 43 58 48 1 60
2 21 32 50 12 58
2 46 62 3 3 27
2 37 45 11 30 29
2 28 26 13 23 50
2 41 28 39 30 7
2 38 47 57 35 27
2 54 9 33 1 47
2 0 30 14 29 28
2 28 11 10 18 59
2 41 54 42 61 38
2 37 10 33 35 31
2 60 19 46 17 32
2 9 31 34 36 25
2 26 23 10 1 62
2 56 22 54 4 10
2 55 6 15 20 42
2 38 30 62 47 8
2 47 51 6 41 19
2 46 32 5 48 7
2 40 12 38 38 49
2 32 1 44 63 22
2 10 37 5 60 37
2 29 15 51 43 33
2 60 16 30 8 47
2 49 28 5 28 57
2 37 30 13 3 26
2 6 51 13 36 27
2 10 21 35 48 44
2 2 13 38 16 20
2 26 60 17 14 21
2 1 55 33 34 18
2 41 2 21 4 16
2 4 37 21 13 27
2 12 57 26 38 40
2 42 35 8 21 10
2 51 50 38 52 41
2 47 33 5 10 34
2 22 40 50 9 1
2 18 39 55 5 14
2 36 28 58 23 15
2 46 51 31 2 47
2 5 8 57 24 8
2 49 22 42 11 40
2 62 38 54 19 16
2 0 6 10 57 44
2 22 35 18 50 23
2 40 8 50 20 36
2 20 53 44 57 29
2 51 51 31 31 13
2 8 55 25 30 14
2 20 18 21 55 52
2 18 25 2 44 43
2 35 31 17 62 26
2 34 48 29 5 13
2 48 0 26 30 7
2 53 25 55 35 34
2 63 46 6 63 62
2 4 28 39 52 42
2 9 3 17 35 38
2 32 51 12 40 10
2 28 25 11 1 59
2 13 31 1 54 22
2 26 6 42 14 2
2 43 63 57 37 4
3 43 23 26 13 20
3 10 24 0 33 62
3 2 7 45 62 48
3 26 20 52 0 44
3 47 4 29 49 35
3 42 21 45 13 17
3 63 29 51 60 41
3 32 34 31 57 57
3 50 48 60 7 55
3 23 48 19 59 57
3 30 47 27 8 46
3 57 37 18 12 12
3 23 2 17 2 20
3 5 22 29 8 39
3 53 58 34 11 32
3 50 60 57 53 15
3 31 37 43 43 40
3 48 23 56 34 54
3 40 56 30 38 7
3 42 25 28 3 22
3 35 14 54 30 13
3 57 12 10 0 62
3 35 13 36 13 53
3 2 63 11 36 4
3 6 13 29 11 34
3 57 7 25 54 46
3 18 63 16 41 38
3 41 47 24 6 33
3 52 27 14 7 56
3 41 44 36 21 26
3 32 58 38 2 33
3 20 49 10 42 63
3 55 19 62 62 6
3 17 55 45 55 36
3 6 61 22 17 6
3 5 25 14 62 50
3 20 9 49 23 16
3 3 0 21 48 6
3 11 21 44 37 22
3 7 30 43 11 30
3 49 28 45 49 38
3 45 26 20 33 51
3 53 47 3 46 9
3 58 10 34 42 46
3 43 43 13 56 34
3 62 43 39 7 11
3 26 51 17 63 56
3 45 57 26 48 7
3 19 26 1 8 14
3 50 41 28 35 53
3 5 10 26 61 61
3 12 13 45 16 19
3 56 7 50 7 32
3 45 53 45 13 62
3 39 18 43 44 58
3 63 43 40 19 14
3 38 14 10 2 55
3 25 48 1 10 58
3 48 29 57 15 56
3 60 4 38 58 29
3 13 40 57 17 26
3 15 58 39 36 59
3 25 13 10 30 55
3 34 19 2 27 50
3 2 62 28 18 41
3 52 40 4 35 48
3 7 13 37 35 22
3 9 36 6 60 21
3 25 39 36 60 38
3 11 2 40 6 9
3 28 36 48 46 59
3 9 62 2 15 39
3 46 14 38 57 31
3 26 4 9 56 40
3 46 57 51 15 18
3 21 3 12 44 48
3 3 31 36 42 10
3 12 31 30 43 6
3 48 9 27 16 3
3 20 41 55 3 11
3 31 36 44 6 49
3 27 56 49 16 6
3 41 13 39 56 15
3 39 50 30 19 59
3 10 13 38 33 0
3 13 47 29 63 41
3 5 3 0 40 16
3 3 33 14 5 23
3 54 1 26 41 21
3 31 33 15 4 16
3 38 15 31 62 7
3 46 32 14 45 27
3 29 30 47 15 13
3 60 28 46 9 33
3 0 1 14 57 1
3 8 56 45 17 12
3 26 31 23 26 40
3 8 57 63 14 33
3 27 49 43 12 20
3 42 60 42 60 47
3 50 61 44 23 39
3 43 45 10 62 24
3 41 40 28 47 62
3 24 42 21 63 33
3 23 45 19 47 12
3 53 47 23 52 53
3 53 21 32 48 63
3 34 26 38 62 45
3 34 26 5 50 59
3 29 2 18 54 9
3 44 37 53 3 22
3 56 23 7 44 59
3 39 32 58 38 2
3 11 45 7 52 53
3 40 49 27 39 54
3 2 60 44 53 31
3 7 19 20 59 18
3 21 60 45 32 33
3 0 54 23 44 19
3 51 3 53 48 34
3 20 42 52 32 35
3 16 51 58 58 5
3 36 14 58 44 19
3 40 23 26 57 1
3 32 11 22 58 39
3 9 32 41 44 52
3 34 53 32 55 10
3 42 51 7 31 2
4 18 55 61 45 20
4 15 13 15 57 34
4 26 0 37 27 35
4 39 23 42 0 44
4 45 0 14 14 50
4 6 41 42 6 36
4 59 18 16 12 19
4 31 40 53 35 23
4 63 8 55 41 5
4 27 28 39 13 10
4 12 3 38 43 7
4 39 30 26 32 32
4 47 17 30 49 61
4 31 41 57 43 41
4 17 18 9 49 0
4 54 13 24 26 1
4 40 27 22 57 40
4 47 24 44 59 7
4 62 28 55 9 6
4 9 7 51 45 19
4 17 27 9 10 30
4 8 36 32 19 14
4 17 27 33 56 9
4 62 9 38 10 20
4 4 22 47 35 7
4 27 28 37 35 46
4 51 59 19 4 8
4 51 27 51 37 1
4 34 40 10 54 55
4 0 7 50 23 46
4 14 12 31 41 49
4 15 10 34 7 9
4 4 2 59 54 49
4 47 20 24 27 41
4 13 60 37 51 44
4 0 54 22 60 9
4 20 60 61 8 2
4 62 27 49 29 34
4 61 35 26 26 36
4 32 53 53 16 26
4 29 55 52 1 24
4 33 33 50 22 2
4 33 32 51 52 26
4 61 51 28 49 28
4 36 12 21 47 53
4 11 40 16 40 10
4 51 13 41 49 61
4 17 62 3 7 56
4 19 63 3 21 55
4 34 54 21 53 33
4 23 28 27 61 28
4 12 49 10 61 63
4 28 36 11 12 3
4 56 61 28 25 5
4 36 2 22 46 39
4 61 41 62 5 0
4 56 54 23 50 31
4 16 61 22 2 5
4 29 46 0 51 46
4 53 27 32 53 47
4 12 25 7 39 25
4 61 47 10 58 25
4 20 12 61 56 29
4 31 17 48 14 40
4 51 26 57 2 40
4 37 16 2 1 27
4 23 12 57 63 15
4 49 2 59 22 9
4 23 18 48 33 13
4 60 61 23 23 1
4 60 59 53 58 27
4 1 28 43 6 38
4 57 49 2 63 1
4 29 47 21 36 63
4 63 19 5 47 16
4 50 0 51 60 60
4 13 28 63 2 19
4 61 29 23 36 0
4 21 24 8 9 16
4 3 31 20 55 22
4 34 3 21 1 39
4 25 40 15 29 12
4 25 10 7 58 20
4 27 39 15 54 11
4 16 29 44 23 38
4 22 53 0 28 14
4 21 46 29 41 37
4 41 5 0 27 39
4 10 56 45 18 26
4 53 3 53 20 1
4 13 49 47 30 29
4 55 28 9 25 37
4 0 24 14 24 33
4 24 2 17 56 11
4 8 17 56 26 37
4 61 46 7 32 11
4 42 51 57 15 5
4 56 22 35 57 63
4 8 56 59 43 28
4 54 12 28 32 50
4 46 39 57 26 22
4 1 63 35 20 9
4 28 7 27 35 38
4 14 57 4 49 24
4 33 57 34 57 25
4 4 21 12 56 48
4 23 59 9 20 14
4 23 40 28 42 27
4 59 8 63 13 8
4 33 34 58 55 27
4 52 0 57 23 3
4 36 19 39 45 50
4 40 16 41 46 28
4 27 35 20 17 45
4 43 21 15 42 36
4 29 42 28 27 25
4 54 54 30 38 42
4 14 7 41 36 46
4 44 59 10 43 14
4 23 28 38 58 6
4 7 2 36 34 53
4 18 21 49 30 63
4 42 31 57 24 4
4 61 51 54 25 7
4 56 48 13 12 18
4 53 43 49 3 5
4 4 41 19 34 36
4 43 8 42 35 48
5 32 38 48 28 42
5 29 54 11 16 47
5 63 10 10 25 63
5 61 25 22 58 61
5 23 10 48 13 55
5 43 14 12 11 13
5 59 5 53 49 42
5 44 20 56 63 9
5 20 36 10 19 34
5 48 54 20 1 49
5 53 10 60 39 47
5 4 47 59 16 36
5 44 30 39 23 54
5 18 61 26 21 24
5 8 1 12 27 7
5 53 61 23 12 2
5 33 33 34 10 25
5 4 28 0 10 36
5 44 49 30 7 60
5 60 31 63 9 56
5 41 2 5 0 36
5 20 35 14 52 53
5 52 59 8 21 5
5 13 24 61 11 57
5 57 33 38 0 17
5 47 55 21 6 36
5 9 50 24 60 49
5 1 22 47 29 58
5 25 48 42 33 13
5 21 56 3 28 36
5 42 51 42 60 55
5 4 42 49 22 34
5 62 10 25 24 22
5 51 28 3 54 22
5 1 2 3 9 43
5 55 29 60 43 39
5 49 13 18 31 8
5 55 41 28 54 28
5 21 48 2 6 63
5 1 20 13 11 37
5 0 13 24 13 14
5 57 10 3 24 0
5 47 63 33 55 30
5 31 58 17 37 60
5 12 28 3 19 9
5 49 51 62 13 13
5 13 4 25 29 14
5 12 52 33 34 39
5 48 44 58 1 24
5 38 8 21 29 49
5 57 33 53 60 36
5 27 39 34 12 44
5 57 39 46 4 8
5 1 47 9 30 21
5 45 9 52 12 56
5 11 60 20 21 34
5 28 22 34 25 22
5 48 28 50 54 61
5 17 9 24 60 1
5 47 15 22 16 3
5 44 43 16 62 23
5 31 35 9 32 11
5 53 30 36 61 2
5 40 61 23 38 2
5 9 46 57 9 56
5 19 10 18 6 10
5 32 42 2 44 16
5 25 53 26 8 18
5 9 54 45 6 33
5 5 44 9 6 60
5 29 43 23 12 20
5 59 62 42 54 10
5 1 14 36 12 42
5 47 52 62 49 51
5 62 55 9 31 16
5 28 42 14 8 7
5 19 15 50 44 10
5 9 63 57 35 60
5 42 50 35 16 46
5 16 56 26 45 10
5 45 30 36 55 61
5 15 6 41 31 30
5 55 41 17 40 56
5 62 30 25 45 40
5 16 55 13 43 10
5 22 52 40 59 27
5 12 26 51 17 31
5 34 32 7 44 16
5 39 51 33 20 22
5 1 39 10 45 37
5 7 36 59 22 41
5 45 56 63 29 46
5 38 2 20 9 50
5 15 40 41 1 63
5 1 30 42 11 3
5 59 50 38 29 61
5 7 54 39 50 38
5 10 19 61 43 32
5 52 61 30 52 58
5 9 21 36 45 10
5 32 6 48 1 60
5 17 17 16 40 35
5 48 32 32 50 57
5 28 48 42 1 19
5 38 56 32 56 35
5 40 63 31 28 8
5 35 12 56 17 51
5 56 0 43 7 28
5 29 30 47 25 54
5 25 17 56 5 38
5 31 32 47 30 31
5 2 19 19 34 16
5 0 15 38 0 6
5 38 45 21 30 28
5 47 44 27 39 54
5 51 41 35 61 43
5 57 49 60 61 1
5 50 63 4 2 38
5 59 21 32 39 13
5 2 21 54 50 16
5 8 7 34 61 53
5 26 47 32 6 26
5 26 33 42 34 40
5 33 41 14 13 51
5 44 35 59 50 19
5 11 63 24 30 7
5 17 20 3 14 36
5 46 14 47 3 25
6 24 26 54 40 21
6 20 60 38 59 43
6 60 44 43 63 11
6 51 50 60 16 47
6 26 16 54 8 15
6 11 23 3 51 43
6 33 24 57 20 36
6 18 36 39 53 27
6 51 53 29 56 62
6 46 23 58 28 8
6 1 13 18 0 59
6 52 19 19 20 31
6 47 13 37 19 2
6 58 9 40 63 16
6 10 6 16 46 34
6 36 55 26 56 57
6 18 38 14 12 35
6 15 28 52 15 33
6 39 55 61 33 13
6 13 57 42 27 35
6 25 8 9 12 50
6 61 19 10 27 13
6 58 36 4 2 47
6 32 44 62 11 0
6 28 29 17 41 22
6 29 30 60 5 4
6 40 33 59 54 18
6 12 32 29 41 37
6 59 39 16 23 29
6 48 23 46 1 36
6 45 45 24 26 13
6 20 36 17 62 21
6 18 30 4 26 42
6 35 60 17 5 59
6 62 31 7 36 50
6 4 52 50 61 60
6 10 19 40 20 22
6 43 16 25 7 58
6 39 63 14 44 21
6 34 10 31 24 39
6 0 33 18 38 7
6 20 12 6 35 12
6 53 63 33 33 31
6 63 33 5 31 36
6 14 54 62 4 54
6 31 19 45 34 28
6 58 53 31 19 52
6 16 42 60 9 8
6 26 46 63 34 16
6 49 12 1 51 62
6 53 44 27 6 50
6 63 50 0 61 42
6 46 1 16 58 46
6 50 14 8 21 4
6 17 16 40 63 22
6 35 18 52 59 48
6 32 39 20 54 43
6 7 1 32 40 39
6 8 44 46 40 10
6 29 30 41 22 23
6 25 32 27 63 13
6 8 27 8 30 8
6 53 49 32 59 20
6 28 22 0 44 46
6 21 1 55 18 58
6 9 20 22 33 43
6 48 46 58 0 49
6 59 52 21 11 43
6 62 31 32 4 59
6 52 54 45 39 23
6 55 50 7 37 19
6 12 16 38 53 34
6 59 1 50 35 41
6 27 2 17 27 8
6 37 35 32 47 14
6 62 36 36 62 37
6 18 22 0 21 0
6 45 51 63 33 35
6 54 59 36 50 58
6 49 62 34 31 27
6 29 57 14 39 28
6 55 26 37 1 46
6 15 34 11 55 27
6 9 62 49 40 39
6 27 34 28 24 32
6 41 41 48 21 52
6 43 20 18 23 31
6 36 27 61 46 41
6 39 42 8 6 39
6 30 5 23 23 35
6 30 53 5 59 24
6 17 58 1 31 45
6 53 40 6 49 39
6 0 9 24 57 60
6 31 59 40 31 63
6 58 49 58 7 28
6 13 32 58 54 13
6 53 26 27 56 36
6 14 24 27 51 21
6 6 11 3 45 0
6 59 59 15 33 9
6 27 33 15 21 20
6 53 61 52 52 44
6 8 31 55 63 51
6 30 18 58 26 33
6 45 40 12 52 6
6 12 61 36 10 42
6 40 1 54 35 1
6 12 51 50 40 5
6 39 3 36 32 7
6 40 30 10 29 62
6 21 26 41 23 50
6 23 32 42 62 6
6 18 43 48 39 16
6 25 35 41 12 27
6 31 51 47 20 29
6 26 9 46 17 4
6 20 16 14 13 42
6 14 7 43 30 34
6 56 15 29 14 3
6 17 12 61 1 22
6 0 28 38 44 37
6 4 27 35 8 43
6 5 39 0 59 49
6 33 1 11 41 24
6 49 14 40 63 22
6 17 51 28 30 42
6 6 34 58 52 36
7 7 37 25 7 24
7 20 22 13 31 4
7 4 5 45 21 5
7 35 22 55 24 35
7 40 35 27 48 19
7 55 56 52 41 39
7 35 6 26 62 4
7 3 34 46 7 24
7 45 21 52 51 41
7 45 48 59 44 17
7 4 7 46 60 1
7 49 56 4 21 51
7 47 45 11 25 20
7 46 2 33 19 18
7 20 7 30 35 48
7 17 62 19 63 37
7 2 28 4 3 5
7 4 37 17 9 57
7 55 7 45 18 43
7 27 56 55 5 9
7 20 10 27 19 13
7 42 43 46 47 56
7 8 38 22 21 34
7 27 20 16 8 24
7 3 30 35 52 34
7 55 5 24 14 46
7 46 44 48 30 56
7 50 12 55 36 31
7 19 59 63 34 1
7 54 52 11 2 34
7 33 43 47 63 13
7 27 15 33 24 31
7 57 13 11 8 49
7 59 28 0 24 61
7 34 21 63 34 43
7 36 1 28 63 47
7 37 12 55 25 24
7 23 62 3 22 33
7 36 58 13 35 51
7 46 26 38 4 18
7 50 30 32 38 9
7 2 58 20 45 0
7 16 8 2 27 16
7 26 37 56 31 23
7 40 1 51 48 63
7 49 17 54 31 22
7 47 2 42 5 28
7 49 10 39 53 0
7 20 24 37 46 63
7 33 18 5 23 16
7 25 45 33 38 61
7 52 58 33 39 12
7 35 10 44 5 60
7 11 46 7 18 0
7 4 5 9 37 30
7 30 55 62 25 48
7 50 43 43 15 28
7 20 45 7 2 12
7 3 54 34 35 45
7 43 49 60 14 4
7 59 50 32 33 16
7 36 58 40 4 19
7 55 46 41 8 27
7 35 34 62 31 44
7 54 47 18 43 4
7 35 28 28 37 2
7 11 56 2 14 10
7 18 53 61 20 37
7 56 53 29 9 38
7 43 9 9 58 41
7 6 7 4 47 22
7 13 17 11 2 29
7 14 54 22 1 37
7 43 50 47 58 43
7 36 36 34 16 49
7 57 45 20 28 23
7 42 9 31 53 8
7 37 31 34 21 25
7 54 37 24 17 15
7 11 16 50 26 8
7 12 20 29 9 20
7 63 50 0 49 58
7 62 2 34 16 43
7 60 54 41 57 8
7 23 49 26 50 7
7 15 47 46 31 4
7 49 34 4 0 58
7 22 29 24 59 43
7 40 1 24 40 3
7 0 14 3 56 50
7 22 11 43 40 20
7 48 40 50 61 51
7 52 59 17 56 24
7 31 17 32 20 4
7 62 11 63 59 31
7 35 59 53 43 18
7 25 42 30 14 28
7 18 24 41 46 59
7 19 36 23 61 36
7 32 4 60 63 56
7 59 16 15 6 35
7 55 40 61 38 3
7 33 10 6 29 13
7 37 24 27 9 54
7 7 6 4 2 41
7 23 40 40 43 37
7 36 5 24 6 3
7 9 40 21 17 12
7 56 8 30 19 40
7 57 31 10 11 22
7 63 36 12 51 42
7 47 10 29 54 53
7 62 50 1 28 4
7 35 3 46 9 12
7 29 61 11 7 47
7 21 45 46 39 23
7 62 21 14 37 4
7 1 23 56 4 35
7 27 3 34 43 40
7 31 18 29 18 39
7 37 63 33 43 39
7 13 32 55 23 39
7 2 13 36 38 9
7 26 57 43 37 22
7 52 12 18 6 61
7 0 50 32 35 36
7 60 51 25 25 41
7 62 27 22 34 46
8 28 22 31 7 55
8 57 59 14 45 5
8 28 59 29 16 22
8 10 57 21 49 25
8 39 60 62 41 19
8 16 1 29 1 56
8 46 58 0 4 26
8 35 34 51 53 17
8 14 5 28 15 34
8 21 46 28 30 34
8 56 33 54 37 7
8 2 2 24 51 2
8 61 44 27 29 49
8 21 24 42 35 49
8 13 53 7 18 17
8 31 28 40 2 5
8 38 55 38 11 16
8 7 1 13 28 14
8 18 59 15 32 59
8 62 63 49 60 27
8 3 23 3 38 23
8 10 29 4 42 60
8 8 47 53 63 61
8 38 21 7 58 22
8 23 53 50 51 3
8 31 14 5 29 3
8 35 62 6 45 30
8 30 31 45 51 42
8 6 51 50 33 48
8 51 46 49 6 47
8 35 50 9 4 11
8 18 30 8 26 17
8 15 61 62 13 59
8 49 45 21 29 43
8 61 10 47 44 52
8 1 2 54 22 38
8 55 49 47 54 20
8 15 30 8 5 7
8 48 62 6 19 2
8 49 58 40 43 58
8 36 26 52 46 37
8 5 10 59 55 35
8 51 56 1 4 10
8 60 15 45 28 10
8 11 48 8 9 44
8 32 5 58 7 58
8 35 61 19 26 60
8 26 28 10 21 14
8 17 46 35 58 1
8 36 20 12 21 9
8 34 37 17 41 7
8 30 42 42 55 49
8 46 34 37 34 13
8 2 15 56 47 2
8 46 55 4 57 15
8 8 31 23 1 61
8 5 15 45 24 16
8 41 21 51 29 17
8 51 6 37 11 55
8 62 12 44 34 53
8 17 35 31 50 16
8 15 4 4 42 41
8 42 60 22 15 35
8 14 1 8 44 34
8 57 9 12 48 25
8 24 51 12 52 29
8 13 26 31 15 12
8 33 56 53 31 32
8 23 56 3 23 18
8 47 40 4 40 18
8 7 41 28 31 2
8 33 42 27 19 19
8 24 16 12 38 9
8 6 0 24 39 52
8 57 23 20 37 21
8 45 12 4 50 7
8 8 45 51 43 0
8 52 46 53 56 23
8 55 34 52 34 30
8 59 46 46 50 52
8 3 40 39 59 31
8 13 5 62 28 18
8 15 45 39 22 37
8 28 27 9 5 10
8 26 19 48 52 1
8 31 62 55 3 57
8 11 29 26 45 34
8 45 55 4 42 1
8 25 50 30 17 21
8 47 62 55 45 50
8 1 16 38 53 1
8 40 57 49 60 15
8 29 58 10 23 10
8 56 50 34 2 5
8 21 62 27 46 36
8 40 23 5 20 6
8 45 31 58 59 47
8 8 42 5 33 32
8 43 38 35 22 48
8 27 2 43 3 56
8 47 59 52 31 24
8 30 28 1 0 61
8 15 24 25 31 14
8 28 18 2 6 34
8 52 38 56 22 58
8 41 31 18 10 18
8 48 48 10 20 23
8 8 12 51 10 2
8 62 44 11 29 27
8 23 43 24 35 54
8 36 46 31 51 42
8 22 40 8 36 17
8 26 27 62 62 30
8 14 7 20 10 57
8 42 44 9 20 26
8 62 24 26 53 2
8 8 52 49 31 61
8 57 1 2 49 8
8 27 47 8 47 52
8 25 22 32 48 23
8 50 48 18 42 46
8 58 41 45 2 57
8 52 33 35 45 48
8 38 8 10 47 38
8 19 16 2 55 56
8 34 51 55 51 39
8 7 6 52 31 36
8 6 3 54 18 3
9 55 30 61 18 48
9 39 14 37 24 8
9 0 32 39 3 38
9 9 31 48 42 16
9 37 25 10 9 54
9 56 59 41 51 12
9 43 8 35 61 38
9 56 33 7 29 39
9 23 52 43 26 9
9 37 9 6 41 24
9 44 46 49 32 61
9 31 55 19 23 16
9 46 9 30 8 38
9 35 21 32 24 21
9 42 9 23 57 52
9 5 9 16 12 50
9 40 22 40 48 26
9 37 29 3 46 44
9 29 51 37 56 47
9 17 7 62 48 46
9 47 5 5 7 35
9 63 42 42 15 60
9 8 55 25 11 60
9 63 57 25 21 45
9 18 54 21 43 20
9 57 58 14 61 5
9 10 12 60 39 40
9 17 53 42 22 40
9 49 34 54 62 11
9 53 15 29 40 12
9 2 30 24 7 61
9 11 26 31 35 59
9 6 61 42 21 7
9 21 41 46 18 17
9 1 3 26 1 62
9 52 23 36 17 2
9 2 15 59 8 30
9 53 50 24 43 47
9 7 42 20 18 19
9 11 18 19 17 24
9 63 25 22 44 51
9 17 52 22 4 60
9 44 17 42 51 5
9 55 2 18 17 5
9 14 36 56 26 17
9 45 59 4 46 25
9 41 6 47 47 29
9 62 1 17 19 1
9 24 55 17 16 18
9 60 12 7 31 2
9 1 8 15 45 60
9 36 23 25 14 19
9 7 56 20 24 39
9 12 42 38 52 31
9 36 57 39 55 34
9 62 63 51 8 43
9 8 40 42 12 8
9 6 46 2 60 52
9 26 38 35 9 31
9 10 17 47 6 2
9 5 20 41 43 62
9 28 23 2 24 5
9 7 5 49 2 46
9 16 42 56 60 47
9 4 43 9 6 56
9 7 38 43 58 58
9 23 22 29 17 56
9 31 7 16 1 63
9 7 33 12 23 38
9 9 14 19 36 47
9 2 16 31 49 26
9 60 11 32 3 9
9 60 18 62 6 49
9 55 54 30 33 53
9 51 38 12 59 50
9 35 7 48 41 42
9 5 2 29 38 12
9 63 57 39 20 48
9 40 43 3 44 31
9 9 50 24 39 8
9 30 61 55 49 54
9 52 59 42 47 53
9 39 37 1 4 38
9 2 28 7 37 48
9 22 54 30 20 42
9 54 10 43 2 44
9 29 38 45 50 58
9 39 0 19 4 48
9 40 15 15 48 28
9 2 25 4 62 60
9 10 4 18 12 59
9 50 58 59 22 29
9 54 9 34 43 33
9 3 53 44 24 28
9 61 12 56 38 15
9 37 61 42 7 38
9 60 38 16 41 60
9 58 40 48 17 31
9 42 45 53 8 20
9 54 31 46 19 53
9 63 21 25 21 48
9 51 41 32 21 30
9 60 54 40 51 29
9 52 59 41 59 48
9 55 53 22 49 58
9 3 14 39 62 39
9 50 7 42 62 31
9 2 23 38 4 39
9 52 58 24 13 43
9 15 23 32 3 61
9 56 37 59 59 43
9 32 54 21 35 11
9 5 56 62 52 35
9 22 36 34 48 12
9 49 31 27 36 24
9 11 4 30 50 4
9 30 26 23 51 59
9 50 33 11 41 35
9 20 62 25 42 60
9 29 31 27 26 2
9 35 24 38 14 25
9 16 34 62 44 40
9 26 42 54 48 10
9 59 17 3 39 39
9 31 7 24 7 44
9 24 56 62 43 29
9 54 24 35 50 52
9 27 44 27 44 12
10 23 5 24 6 3
10 53 39 8 9 6
10 41 21 59 63 27
10 42 30 35 53 5
10 17 59 29 22 5
10 62 28 9 28 35
10 32 20 39 25 45
10 25 29 60 11 15
10 20 15 54 28 40
10 2 6 50 62 24
10 47 44 59 45 43
10 44 43 21 55 9
10 42 7 22 29 22
10 59 50 35 31 27
10 29 5 33 14 21
10 16 11 24 20 39
10 27 62 18 34 59
10 10 59 11 2 37
10 62 52 37 54 8
10 19 0 23 46 10
10 46 24 15 48 31
10 20 47 37 21 38
10 7 52 29 44 52
10 58 37 62 2 1
10 33 40 13 33 21
10 33 25 25 16 24
10 7 42 52 58 41
10 4 27 45 27 37
10 57 60 53 3 28
10 15 49 51 59 59
10 47 6 58 44 42
10 50 25 59 58 44
10 19 38 60 13 6
10 27 54 51 39 45
10 22 36 22 26 58
10 34 50 1 25 14
10 12 19 62 2 56
10 35 34 58 56 46
10 0 5 50 33 54
10 18 55 45 53 46
10 25 63 7 18 13
10 34 54 26 19 7
10 61 39 43 22 5
10 58 31 55 13 12
10 10 10 0 1 18
10 31 36 5 18 25
10 61 7 3 62 43
10 63 19 11 38 58
10 4 35 7 19 35
10 9 6 10 14 17
10 23 43 37 33 5
10 44 3 28 60 63
10 12 31 55 24 48
10 35 23 21 47 49
10 23 24 29 19 59
10 47 62 28 27 22
10 51 60 41 47 10
10 19 18 19 51 21
10 59 63 35 14 43
10 39 35 48 45 52
10 22 60 60 35 48
10 54 32 59 18 62
10 57 16 33 19 57
10 33 33 4 7 24
10 50 49 61 48 54
10 52 27 50 9 37
10 13 30 50 0 58
10 32 34 22 26 37
10 32 6 2 43 47
10 5 12 9 44 28
10 20 31 31 46 9
10 54 28 5 0 37
10 17 47 11 14 24
10 17 56 45 31 27
10 16 20 18 7 2
10 7 51 19 19 26
10 11 14 19 41 8
10 45 23 1 49 12
10 2 15 58 61 11
10 15 57 12 44 34
10 8 32 52 4 42
10 7 4 10 42 41
10 61 63 28 54 10
10 38 25 13 21 62
10 5 4 49 30 26
10 6 3 31 2 55
10 41 55 26 2 19
10 4 24 27 14 19
10 22 21 40 46 42
10 45 23 22 43 56
10 44 59 1 41 2
10 23 22 31 60 5
10 63 36 39 40 13
10 55 53 15 32 54
10 9 9 40 9 19
10 2 35 39 55 31
10 29 31 56 32 39
10 14 21 17 53 21
10 44 38 27 61 39
10 14 36 0 56 60
10 14 57 62 44 40
10 1 42 23 35 57
10 29 56 5 45 4
10 29 45 2 12 58
10 14 4 10 0 53
10 0 47 54 11 40
10 3 47 30 44 59
10 38 5 3 49 3
10 18 11 60 29 50
10 16 36 37 32 54
10 30 50 19 6 28
10 28 41 58 59 9
10 29 6 7 62 3
10 44 49 3 29 17
10 19 29 46 27 6
10 35 20 6 22 58
10 12 25 60 32 27
10 61 39 28 1 38
10 8 44 23 15 40
10 53 12 56 3 55
10 30 62 23 59 4
10 33 2 58 15 41
10 36 58 49 1 43
10 57 1 33 19 53
10 12 26 54 39 14
10 26 1 27 4 32
10 42 62 22 8 40
10 61 6 1 47 62
11 41 47 52 37 47
11 10 23 8 13 53
11 36 7 44 57 40
11 43 63 16 33 59
11 45 2 61 1 27
11 16 19 31 47 8
11 61 63 45 13 17
11 23 45 17 57 6
11 62 30 26 14 52
11 44 24 60 40 2
11 15 24 19 63 51
11 33 52 59 1 34
11 24 46 42 53 12
11 50 61 45 46 11
11 39 35 21 56 56
11 4 42 23 30 17
11 21 55 2 40 12
11 60 2 52 40 31
11 23 29 12 58 56
11 3 5 0 47 40
11 62 10 27 23 34
11 61 20 24 41 10
11 54 36 41 3 16
11 13 29 23 40 47
11 30 8 53 2 37
11 23 29 36 40 37
11 5 54 46 36 41
11 62 13 63 41 6
11 54 57 36 15 21
11 46 11 4 41 8
11 57 38 56 32 49
11 44 21 56 28 9
11 48 59 31 2 25
11 20 14 59 4 53
11 43 36 52 54 16
11 20 60 53 37 22
11 59 52 59 40 13
11 17 58 36 36 8
11 22 22 59 7 42
11 32 63 63 45 42
11 14 22 49 61 2
11 36 6 13 49 48
11 58 13 6 42 35
11 59 16 62 57 8
11 39 5 27 14 57
11 11 9 35 24 45
11 21 36 15 18 36
11 57 63 60 44 25
11 16 56 29 23 31
11 36 55 24 47 23
11 0 27 25 3 8
11 8 30 56 39 11
11 29 35 5 52 49
11 32 50 5 15 47
11 31 21 53 44 33
11 14 44 25 51 12
11 62 36 37 52 3
11 61 9 1 60 1
11 22 50 24 40 9
11 59 26 7 52 33
11 38 6 0 0 49
11 37 20 7 5 32
11 62 56 30 8 58
11 40 9 46 12 10
11 6 23 39 55 32
11 34 37 37 24 9
11 34 61 60 44 20
11 1 43 11 3 31
11 34 16 25 25 53
11 17 29 2 6 18
11 21 60 55 49 16
11 46 38 60 45 55
11 36 47 11 16 10
11 49 35 18 28 34
11 51 42 31 59 46
11 58 0 11 41 28
11 56 5 33 49 36
11 18 20 19 56 37
11 3 54 1 26 17
11 4 34 2 59 55
11 39 21 24 20 16
11 50 32 1 55 38
11 54 14 37 50 0
11 39 31 0 48 46
11 2 21 59 29 3
11 8 45 63 20 60
11 36 25 62 3 11
11 20 21 0 6 14
11 55 11 18 31 29
11 29 21 53 51 20
11 48 45 50 19 58
11 24 46 33 3 62
11 21 12 10 48 59
11 53 49 10 17 2
11 21 53 60 1 39
11 34 61 38 0 30
11 40 56 23 61 28
11 19 58 3 13 32
11 8 60 21 61 33
11 37 7 13 10 7
11 19 57 62 37 61
11 59 26 61 42 22
11 19 22 35 36 54
11 33 22 11 9 16
11 2 32 57 21 27
11 47 50 24 50 43
11 60 29 47 27 58
11 39 28 49 21 2
11 26 52 47 53 57
11 45 41 31 42 50
11 19 24 23 29 4
11 61 44 61 41 18
11 15 19 44 17 61
11 60 22 58 6 42
11 16 47 51 48 6
11 47 38 21 53 15
11 39 3 44 56 35
11 50 55 13 31 52
11 58 15 39 35 43
11 52 8 50 58 27
11 18 12 5 59 51
11 11 13 41 15 6
11 28 52 36 61 20
11 46 32 61 54 44
11 10 0 11 61 20
11 43 21 9 7 54
11 10 46 7 31 36
11 40 61 14 8 47
12 3 16 20 17 45
12 53 62 0 32 60
12 61 54 17 22 21
12 55 11 43 41 41
12 56 50 37 11 56
12 8 0 46 43 29
12 29 2 45 50 45
12 34 5 10 48 34
12 40 14 17 16 18
12 23 41 10 57 27
12 45 9 29 21 49
12 51 19 13 25 55
12 4 54 21 54 9
12 43 2 34 6 27
12 61 55 1 29 31
12 5 42 27 37 31
12 51 20 63 50 39
12 1 11 56 54 5
12 24 45 35 25 39
12 2 34 26 24 27
12 15 50 38 10 35
12 57 46 15 62 61
12 48 23 4 25 26
12 57 55 41 9 41
12 60 38 50 29 3
12 25 59 0 48 7
12 7 5 0 51 17
12 30 55 32 22 36
12 52 49 62 25 50
12 3 47 4 27 50
12 33 63 57 8 31
12 5 14 44 21 63
12 14 51 63 56 37
12 43 62 59 59 31
12 20 55 36 33 7
12 0 51 57 39 56
12 7 19 16 4 25
12 43 0 48 60 63
12 63 10 28 27 3
12 40 12 42 19 42
12 19 35 18 4 55
12 46 0 16 53 37
12 18 4 63 43 47
12 19 33 7 49 39
12 19 63 12 20 48
12 6 32 5 23 63
12 23 60 61 18 17
12 7 57 20 13 7
12 53 58 37 27 23
12 54 46 29 28 26
12 22 21 3 52 41
12 14 62 40 29 16
12 44 49 47 4 62
12 6 40 0 11 3
12 9 63 32 9 23
12 5 3 55 4 42
12 44 33 14 56 12
12 41 40 30 59 13
12 42 7 10 18 2
12 12 63 39 35 33
12 40 24 47 23 55
12 55 18 22 20 24
12 41 45 56 7 38
12 36 12 50 26 63
12 10 44 3 28 48
12 5 13 32 37 37
12 17 25 3 37 1
12 46 40 3 52 54
12 1 18 34 17 54
12 26 34 61 56 6
12 62 43 12 9 44
12 27 52 41 18 8
12 44 63 44 50 19
12 14 14 12 48 21
12 42 62 7 30 29
12 49 48 33 54 11
12 2 48 30 7 42
12 41 27 61 31 44
12 53 2 14 7 13
12 25 15 43 24 1
12 44 10 13 14 39
12 40 46 41 53 18
12 37 4 19 52 7
12 43 3 36 32 26
12 44 60 20 4 42
12 57 25 47 24 20
12 0 45 4 12 10
12 15 29 53 20 7
12 1 0 14 12 20
12 25 22 61 49 10
12 42 41 43 42 4
12 31 51 9 61 63
12 15 50 12 41 10
12 21 39 53 15 1
12 54 2 43 46 49
12 28 35 63 1 61
12 27 61 31 34 27
12 11 3 4 53 12
12 13 63 18 8 15
12 11 12 40 42 31
12 4 34 55 61 27
12 24 28 35 3 33
12 18 51 15 49 46
12 56 57 10 15 30
12 21 4 56 2 32
12 10 40 45 11 41
12 43 38 32 47 22
12 62 13 7 22 43
12 27 49 24 11 49
12 19 2 22 17 45
12 4 51 11 14 11
12 36 1 41 0 41
12 23 52 24 43 35
12 13 62 9 9 39
12 60 9 45 14 55
12 0 48 47 31 28
12 19 55 4 3 17
12 42 2 3 25 6
12 35 62 7 8 49
12 5 36 49 2 19
12 3 48 15 15 60
12 32 18 29 8 42
12 43 59 44 30 20
12 63 24 20 6 59
12 59 55 51 33 27
12 3 19 53 44 57
12 36 40 32 62 0
12 20 28 49 16 29
13 26 60 31 42 53
13 1 47 4 39 45
13 59 16 8 4 12
13 36 14 56 40 9
13 51 6 49 26 19
13 14 57 18 27 55
13 61 19 20 4 27
13 40 39 61 56 41
13 57 62 20 17 54
13 3 12 39 34 31
13 51 26 13 27 30
13 18 36 27 22 7
13 38 4 40 24 16
13 39 43 53 18 3
13 22 10 22 38 51
13 8 17 24 56 5
13 47 62 6 47 4
13 50 26 14 46 12
13 31 44 0 4 4
13 34 8 44 62 49
13 43 43 1 38 12
13 6 12 9 32 37
13 9 25 18 2 8
13 10 46 63 55 10
13 25 4 32 2 2
13 5 24 58 39 40
13 9 42 11 33 26
13 56 52 5 25 14
13 5 25 30 44 29
13 28 7 38 60 17
13 10 44 24 3 5
13 61 3 25 33 8
13 49 53 27 30 48
13 59 45 22 29 28
13 12 24 13 54 35
13 58 33 35 40 39
13 29 54 48 32 48
13 50 25 10 3 42
13 52 57 63 55 41
13 53 40 6 25 58
13 2 32 32 13 37
13 63 52 55 52 5
13 36 9 7 16 33
13 13 47 40 40 58
13 31 36 1 6 28
13 15 39 14 24 20
13 8 51 51 46 18
13 24 12 50 30 18
13 50 15 22 59 32
13 4 23 50 32 37
13 5 42 1 48 9
13 52 53 20 37 43
13 10 62 29 8 33
13 22 7 29 47 46
13 61 58 51 7 42
13 46 56 56 26 63
13 21 0 56 25 21
13 56 51 56 42 37
13 36 12 31 52 18
13 54 12 30 15 33
13 19 8 34 4 60
13 48 7 44 19 60
13 62 46 35 36 47
13 46 10 44 9 56
13 24 8 8 47 0
13 22 37 46 6 16
13 52 33 19 57 61
13 12 12 38 45 12
13 56 56 3 31 21
13 2 44 23 20 33
13 19 0 17 59 54
13 5 1 48 42 10
13 56 58 57 4 58
13 48 57 31 47 45
13 38 25 48 1 5
13 52 41 53 11 33
13 6 7 59 58 19
13 58 43 37 15 39
13 36 6 21 3 61
13 9 43 56 53 61
13 50 53 41 12 63
13 63 60 40 54 42
13 32 17 22 41 0
13 12 61 39 2 33
13 17 9 26 43 28
13 10 37 34 40 18
13 53 24 38 53 58
13 19 56 14 40 32
13 44 23 14 41 36
13 28 35 13 33 9
13 29 32 1 37 21
13 4 25 12 48 24
13 43 52 26 30 54
13 5 4 31 62 58
13 37 37 9 23 48
13 56 10 49 37 6
13 36 63 3 30 17
13 32 13 47 16 5
13 38 4 46 3 51
13 25 5 22 45 13
13 46 1 53 41 32
13 21 11 44 27 12
13 19 5 46 20 22
13 19 28 53 28 62
13 52 15 52 19 40
13 31 50 44 46 6
13 46 9 33 28 41
13 55 8 31 2 36
13 23 26 35 13 63
13 38 46 3 45 44
13 49 56 24 60 36
13 2 40 49 43 28
13 63 28 54 57 44
13 19 55 58 11 43
13 49 9 15 30 32
13 49 26 60 3 8
13 10 39 36 16 19
13 61 61 34 61 16
13 55 6 42 1 7
13 9 46 54 36 37
13 12 11 16 34 33
13 13 10 61 12 62
13 50 1 34 61 41
13 57 41 19 39 45
13 38 57 60 13 29
13 28 23 38 41 19
13 4 12 57 9 60
13 56 5 61 59 20
14 43 6 5 14 61
14 24 12 51 19 9
14 37 8 51 28 63
14 59 9 42 51 53
14 46 14 1 25 45
14 6 1 34 40 56
14 35 14 37 10 24
14 45 36 60 48 57
14 58 33 28 6 61
14 42 57 25 16 3
14 0 34 21 48 13
14 12 4 2 52 63
14 29 18 11 53 17
14 0 29 58 21 1
14 22 29 32 51 13
14 60 58 54 3 45
14 26 41 61 50 7
14 42 30 35 0 62
14 18 21 58 8 29
14 62 39 17 3 22
14 42 58 28 36 23
14 39 63 16 19 52
14 41 30 55 29 23
14 0 26 43 48 27
14 41 21 20 37 51
14 52 8 50 23 47
14 21 8 4 61 54
14 38 37 31 58 28
14 20 20 46 31 46
14 55 39 36 13 56
14 29 7 28 61 11
14 22 25 36 45 51
14 30 20 10 32 26
14 39 60 21 25 2
14 19 38 59 19 29
14 54 16 12 27 11
14 28 13 33 61 8
14 21 43 24 25 41
14 35 34 45 41 0
14 24 50 59 16 20
14 62 44 28 0 28
14 58 18 24 45 48
14 3 40 47 12 5
14 40 54 35 48 34
14 4 21 12 27 26
14 49 49 30 22 21
14 49 55 17 47 60
14 57 62 5 23 11
14 62 46 32 23 56
14 41 24 44 17 54
14 42 25 31 1 55
14 57 4 14 23 10
14 51 17 55 39 7
14 10 40 19 3 58
14 34 41 12 10 15
14 0 1 19 25 23
14 21 47 7 13 40
14 35 10 35 34 45
14 7 34 20 20 51
14 13 32 11 63 47
14 62 19 2 59 1
14 12 15 14 19 54
14 60 44 3 42 54
14 36 39 19 11 28
14 12 11 50 61 1
14 57 21 11 43 28
14 3 47 22 26 54
14 58 13 13 4 44
14 2 59 19 10 48
14 31 28 24 39 56
14 29 36 55 33 34
14 4 61 11 0 52
14 35 17 52 1 14
14 45 20 41 40 27
14 61 62 44 13 31
14 12 58 5 22 11
14 49 32 62 24 0
14 29 3 8 4 60
14 39 28 37 34 20
14 36 42 47 15 62
14 7 8 59 35 15
14 23 51 10 17 63
14 21 47 24 7 58
14 25 23 42 25 42
14 57 14 15 31 10
14 56 35 4 12 58
14 40 0 1 19 34
14 41 22 39 9 14
14 38 46 27 49 18
14 43 55 57 9 27
14 61 52 44 34 30
14 48 12 0 55 30
14 11 0 60 60 18
14 1 46 19 48 16
14 28 59 7 59 45
14 39 42 53 35 19
14 5 51 16 27 5
14 47 34 25 32 56
14 15 54 50 7 5
14 3 22 36 29 24
14 53 39 1 39 23
14 7 29 48 14 12
14 63 8 36 26 52
14 13 31 61 38 59
14 2 5 53 18 57
14 33 35 24 2 57
14 27 26 6 16 3
14 58 25 12 29 14
14 10 26 16 55 30
14 25 28 47 26 33
14 22 55 43 45 8
14 24 12 31 37 44
14 16 47 45 39 15
14 15 61 41 29 54
14 51 32 31 32 9
14 13 54 20 56 52
14 7 8 35 52 57
14 20 33 55 47 39
14 24 36 11 1 61
14 43 43 9 8 57
14 32 48 59 6 44
14 1 38 50 60 25
14 30 60 35 21 62
14 16 8 57 21 58
14 0 46 45 36 36
14 51 28 22 46 47
14 52 37 21 28 41
14 10 61 56 42 57
15 58 29 0 11 29
15 28 21 42 37 57
15 33 59 43 17 8
15 10 33 3 36 20
15 10 7 37 36 38
15 56 45 38 27 19
15 36 54 0 46 57
15 8 37 22 52 55
15 50 29 11 6 35
15 54 16 54 57 18
15 38 16 5 58 41
15 19 1 61 59 18
15 4 32 37 50 37
15 33 56 55 7 1
15 1 24 34 19 50
15 3 50 63 41 34
15 51 19 24 20 43
15 5 58 38 44 33
15 15 37 2 44 61
15 43 59 1 37 28
15 15 56 56 60 53
15 9 11 37 0 16
15 60 14 17 14 44
15 57 35 40 56 40
15 5 25 47 61 54
15 46 1 12 30 34
15 6 23 39 23 13
15 19 50 20 39 39
15 15 0 54 61 42
15 40 6 57 19 16
15 56 35 55 3 32
15 20 22 51 49 4
15 26 46 38 8 14
15 52 39 52 11 47
15 33 61 28 23 63
15 30 17 37 3 2
15 55 52 8 12 47
15 58 52 45 41 25
15 17 57 34 25 43
15 60 61 31 30 52
15 48 58 49 23 30
15 29 56 37 36 7
15 48 49 10 47 12
15 10 54 13 26 19
15 2 43 42 50 48
15 14 17 39 6 52
15 1 35 62 35 13
15 55 8 0 6 46
15 4 36 63 19 48
15 21 22 32 14 10
15 56 46 30 33 25
15 13 28 27 49 55
15 16 30 14 29 59
15 16 62 16 0 6
15 2 27 28 19 5
15 7 2 31 60 43
15 48 56 0 36 3
15 55 10 21 51 19
15 17 17 2 59 31
15 34 26 19 11 49
15 21 2 57 14 14
15 40 14 29 37 2
15 0 20 3 62 3
15 57 9 19 63 62
15 63 27 53 3 4
15 46 3 30 21 35
15 51 1 47 50 46
15 23 0 40 17 8
15 6 16 62 5 52
15 48 38 3 53 39
15 51 13 32 26 61
15 12 12 14 6 28
15 18 59 11 32 25
15 42 46 2 46 9
15 31 46 59 44 11
15 23 57 52 7 22
15 0 32 63 49 44
15 62 39 3 42 43
15 9 57 26 32 3
15 59 34 17 21 5
15 0 15 8 37 62
15 45 26 57 14 38
15 37 22 8 21 13
15 38 15 47 33 19
15 33 39 59 52 61
15 46 59 51 29 32
15 35 54 39 39 45
15 43 2 63 35 34
15 37 53 52 55 29
15 60 50 34 5 7
15 56 49 25 1 10
15 16 50 29 25 57
15 14 50 25 49 48
15 39 13 49 52 46
15 48 3 25 29 2
15 22 47 3 17 51
15 34 38 41 35 38
15 22 53 3 41 56
15 14 24 23 51 53
15 59 35 48 51 45
15 46 24 27 36 54
15 45 18 9 9 47
15 30 34 20 53 42
15 10 47 15 31 2
15 49 56 50 0 49
15 45 12 50 35 54
15 32 22 57 39 51
15 31 4 12 42 60
15 58 40 36 58 12
15 7 22 32 23 55
15 3 21 36 13 61
15 24 33 50 16 46
15 1 33 3 37 16
15 19 41 29 10 15
15 16 29 37 56 11
15 9 52 35 6 39
15 19 13 25 10 49
15 45 6 42 19 28
15 53 25 8 45 46
15 1 17 35 57 40
15 44 34 14 62 29
15 39 30 63 4 40
15 20 7 16 55 48
15 28 26 39 59 23
15 10 29 57 44 23
15 4 13 62 35 20
15 1 58 58 40 63
15 12 34 61 57 4
16 17 4 55 60 62
16 61 33 36 49 61
16 20 21 2 61 19
16 37 26 18 54 30
16 6 60 48 29 5
16 38 11 63 3 36
16 60 46 57 26 27
16 44 11 4 39 50
16 17 5 27 26 35
16 34 40 25 61 46
16 26 55 2 17 27
16 32 7 15 53 28
16 39 19 60 56 23
16 16 20 8 24 34
16 43 51 56 22 0
16 3 23 14 35 52
16 62 50 42 61 55
16 51 51 27 49 22
16 54 63 61 55 48
16 1 10 54 61 3
16 48 34 27 6 7
16 32 45 36 44 1
16 51 62 20 28 38
16 22 42 35 7 39
16 46 46 14 49 11
16 32 12 43 28 17
16 29 43 58 21 7
16 22 11 33 58 54
16 60 56 44 56 14
16 39 11 33 48 25
16 48 32 22 23 50
16 12 42 53 57 4
16 42 14 6 11 5
16 29 48 55 15 19
16 32 21 56 48 37
16 18 36 41 37 10
16 60 4 26 14 26
16 46 16 14 19 0
16 27 55 27 20 1
16 17 48 32 12 44
16 60 47 47 23 14
16 12 0 17 2 1
16 15 4 53 40 52
16 40 38 1 62 35
16 0 5 27 54 18
16 36 19 22 55 38
16 20 39 50 17 54
16 33 25 22 6 53
16 35 1 2 19 56
16 57 11 28 33 4
16 54 54 9 60 12
16 53 35 27 54 4
16 29 5 26 34 12
16 45 15 8 36 43
16 4 25 17 8 40
16 25 4 30 20 17
16 37 1 34 22 56
16 0 15 20 22 61
16 36 33 60 18 17
16 59 11 20 53 63
16 55 33 3 41 35
16 26 29 34 1 6
16 35 63 49 27 27
16 1 19 0 38 36
16 62 61 34 21 63
16 11 6 61 30 18
16 12 8 10 21 31
16 63 9 40 58 9
16 38 12 5 12 0
16 56 16 50 6 14
16 56 27 7 63 48
16 14 21 38 34 44
16 8 20 14 15 9
16 52 0 1 14 6
16 47 17 56 8 15
16 30 49 33 6 52
16 22 0 39 43 22
16 60 23 16 27 59
16 46 20 21 56 8
16 6 7 53 50 37
16 24 31 5 24 34
16 15 5 33 26 4
16 29 60 39 33 62
16 17 49 16 31 25
16 3 41 6 19 21
16 4 35 28 53 56
16 36 42 58 59 4
16 51 23 43 4 32
16 1 18 33 22 0
16 19 30 47 23 45
16 41 41 29 17 24
16 11 6 2 21 10
16 16 3 53 53 35
16 51 1 58 35 36
16 59 30 60 37 60
16 49 19 56 33 29
16 37 0 49 20 43
16 6 59 3 41 54
16 50 19 44 33 12
16 55 37 37 40 43
16 27 41 58 40 23
16 20 47 26 63 5
16 15 40 36 15 52
16 37 51 20 10 50
16 40 6 2 31 23
16 56 58 18 40 16
16 37 5 26 7 13
16 3 51 54 8 32
16 10 55 23 41 29
16 7 18 63 22 52
16 60 54 0 0 39
16 15 46 1 20 55
16 27 52 45 21 34
16 18 5 6 28 21
16 37 61 33 48 32
16 9 15 25 49 31
16 9 20 58 15 52
16 48 54 9 28 58
16 39 50 54 1 6
16 8 51 31 21 53
16 10 1 58 27 45
16 44 16 12 32 51
16 42 13 37 50 1
16 8 38 58 6 53
16 40 59 63 18 30
16 6 34 34 50 37
16 3 15 56 5 11
16 16 0 26 30 39
17 44 44 1 21 9
17 28 20 25 21 54
17 9 42 2 47 49
17 22 13 59 3 25
17 15 48 6 26 60
17 12 33 58 4 11
17 35 20 19 39 11
17 28 40 25 58 36
17 4 50 55 43 53
17 5 51 3 18 43
17 11 17 16 33 22
17 20 34 28 38 18
17 3 38 63 54 47
17 42 54 31 50 37
17 23 41 6 29 2
17 60 52 26 15 21
17 16 49 43 19 43
17 6 5 34 23 3
17 42 0 2 11 3
17 18 63 13 39 56
17 62 32 40 20 12
17 0 29 40 45 58
17 17 36 24 9 46
17 46 47 55 37 46
17 33 36 53 27 24
17 57 50 5 41 24
17 20 51 41 42 38
17 14 2 21 63 2
17 31 4 63 57 60
17 56 31 34 5 25
17 39 16 50 20 10
17 13 54 42 59 17
17 35 6 3 42 14
17 17 52 28 19 48
17 20 30 27 55 41
17 39 8 36 30 59
17 63 5 25 9 28
17 23 16 48 34 31
17 10 48 6 47 17
17 12 43 45 22 36
17 47 29 60 55 11
17 36 63 54 49 1
17 47 41 0 40 61
17 41 2 22 8 63
17 8 49 58 30 9
17 2 29 26 37 20
17 25 21 4 41 45
17 59 2 11 38 56
17 24 57 39 6 26
17 54 9 25 61 22
17 38 45 38 15 52
17 18 30 62 19 39
17 16 9 48 4 50
17 33 2 6 15 41
17 8 0 55 36 38
17 14 39 6 0 3
17 18 38 48 5 11
17 37 51 53 18 15
17 44 49 4 28 5
17 44 14 53 34 17
17 36 50 27 7 2
17 59 46 33 55 17
17 50 6 19 27 8
17 43 41 6 2 44
17 26 38 42 26 38
17 55 39 29 56 24
17 39 29 19 56 61
17 25 54 4 37 5
17 60 2 46 5 51
17 7 16 22 57 29
17 31 31 18 63 18
17 51 17 1 29 22
17 34 27 28 44 34
17 17 18 4 58 31
17 40 2 63 63 27
17 4 30 13 34 45
17 15 42 54 49 39
17 51 43 37 33 52
17 27 33 37 50 14
17 16 51 58 56 20
17 57 23 21 35 35
17 22 46 13 60 46
17 35 41 52 19 10
17 3 21 11 42 59
17 56 27 33 10 61
17 3 3 7 42 11
17 21 31 44 19 57
17 39 58 38 14 8
17 2 20 60 16 36
17 27 56 41 11 32
17 31 47 57 16 52
17 41 18 51 32 21
17 55 24 22 48 36
17 59 14 0 51 57
17 12 60 52 31 32
17 23 18 48 60 57
17 50 5 35 22 38
17 19 38 56 1 38
17 38 35 24 5 52
17 28 25 18 54 51
17 51 6 58 38 62
17 16 49 39 33 14
17 45 54 30 11 47
17 52 35 6 18 48
17 20 18 33 49 30
17 40 23 49 43 31
17 63 60 15 7 32
17 42 56 43 60 3
17 14 60 33 17 32
17 36 25 49 20 48
17 10 19 58 0 34
17 36 62 54 18 57
17 9 28 28 59 45
17 1 1 44 19 14
17 59 40 4 63 46
17 27 37 32 46 43
17 49 18 24 39 61
17 47 29 56 39 11
17 49 52 21 28 21
17 33 12 38 60 49
17 55 30 18 3 34
17 63 2 13 47 2
17 7 2 63 38 5
17 49 8 34 48 59
17 53 53 53 34 47
17 4 46 56 56 62
17 19 29 27 38 59
17 58 37 58 16 6
18 48 6 22 36 48
18 20 2 51 8 54
18 36 59 2 15 28
18 57 40 31 27 19
18 13 63 33 12 7
18 12 18 3 49 7
18 40 10 16 61 30
18 13 14 20 1 52
18 27 18 50 23 25
18 20 59 58 62 32
18 51 33 43 40 4
18 22 26 38 53 33
18 36 9 50 46 59
18 11 13 59 8 55
18 9 38 33 62 48
18 61 13 39 52 17
18 0 40 18 53 40
18 32 40 4 35 49
18 57 30 59 50 60
18 51 9 43 28 50
18 5 56 38 12 45
18 28 49 46 11 61
18 47 14 41 46 51
18 3 53 12 44 9
18 5 7 26 49 13
18 23 16 33 1 38
18 37 51 43 48 46
18 43 41 16 61 47
18 62 57 4 34 5
18 3 8 17 25 29
18 56 17 52 57 26
18 57 42 41 26 35
18 63 18 34 56 21
18 0 36 17 27 60
18 43 1 63 23 19
18 3 10 63 0 21
18 54 15 43 38 41
18 63 31 47 49 15
18 61 10 59 0 41
18 25 60 0 43 8
18 57 5 53 35 0
18 23 25 33 46 37
18 35 33 62 30 21
18 15 16 5 53 4
18 45 39 25 57 3
18 33 3 1 41 56
18 37 3 58 28 16
18 18 11 7 29 9
18 29 16 24 32 41
18 19 26 63 30 56
18 45 0 61 50 12
18 32 19 22 59 15
18 29 10 12 31 30
18 0 53 58 31 50
18 1 19 4 57 10
18 13 16 14 15 59
18 2 23 7 56 51
18 27 18 30 51 43
18 33 18 27 48 14
18 13 4 34 25 0
18 31 42 30 33 25
18 26 32 0 62 26
18 30 62 61 60 1
18 24 36 7 28 62
18 24 42 62 55 19
18 38 20 21 13 1
18 62 55 11 0 12
18 24 25 43 24 51
18 4 8 14 8 43
18 18 12 36 5 1
18 28 36 39 9 21
18 55 48 12 59 2
18 35 27 43 24 21
18 44 19 51 14 24
18 59 16 61 54 26
18 57 57 26 23 26
18 43 34 60 21 21
18 39 15 29 1 6
18 26 30 13 12 4
18 14 49 45 31 41
18 11 48 41 57 22
18 42 6 33 14 43
18 30 41 11 1 14
18 8 41 63 26 56
18 45 19 62 36 53
18 36 0 38 33 34
18 61 43 51 4 5
18 18 54 43 42 25
18 56 30 42 0 17
18 32 62 21 56 1
18 52 36 15 61 13
18 18 55 48 17 45
18 44 27 11 18 25
18 39 62 58 50 42
18 63 15 17 41 26
18 45 16 38 60 22
18 9 52 19 56 31
18 1 38 21 26 20
18 0 55 58 45 3
18 16 54 48 44 4
18 61 47 42 14 63
18 42 41 12 32 4
18 1 50 34 23 18
18 1 2 24 21 62
18 54 21 27 25 3
18 49 58 14 51 29
18 18 19 17 23 27
18 23 39 15 1 13
18 56 48 59 44 54
18 0 58 49 37 16
18 29 22 48 17 4
18 0 54 14 38 56
18 2 42 28 39 14
18 54 29 57 15 11
18 34 52 47 35 48
18 6 29 45 63 58
18 24 48 27 54 60
18 40 44 61 8 9
18 4 49 62 22 11
18 44 22 1 7 55
18 23 36 36 51 47
18 10 27 29 2 29
18 17 24 14 11 47
18 54 5 43 61 13
18 24 53 17 25 41
18 23 35 61 60 2
18 30 14 46 32 27
18 55 21 0 9 42
19 21 14 24 57 15
19 36 24 16 13 30
19 19 7 54 30 6
19 9 61 38 41 47
19 44 27 9 33 52
19 11 58 58 38 10
19 26 48 51 3 44
19 15 54 42 38 9
19 39 4 11 56 21
19 58 20 41 13 8
19 23 19 51 2 0
19 11 58 52 41 45
19 14 0 15 48 27
19 13 42 56 20 44
19 57 36 27 13 24
19 12 50 40 30 59
19 37 44 45 56 58
19 55 35 42 38 11
19 42 55 60 58 1
19 23 24 55 1 43
19 31 37 20 15 41
19 61 48 56 11 1
19 31 20 5 32 14
19 44 4 8 2 0
19 36 11 34 54 14
19 47 58 8 0 27
19 56 31 2 60 17
19 2 39 42 54 57
19 36 13 16 16 60
19 31 7 21 34 40
19 58 59 22 5 33
19 21 22 37 9 8
19 53 41 23 0 44
19 18 3 43 3 9
19 57 38 22 36 21
19 7 18 45 13 50
19 49 19 40 28 54
19 51 13 38 1 38
19 30 5 5 0 24
19 62 7 3 0 43
19 9 1 46 48 20
19 22 43 38 60 38
19 25 38 52 17 62
19 38 56 12 12 14
19 11 19 29 56 44
19 22 44 26 35 50
19 10 33 57 42 41
19 5 4 27 61 11
19 54 2 31 44 61
19 16 16 35 35 49
19 25 57 14 39 57
19 43 6 1 26 38
19 41 4 38 61 36
19 45 29 25 30 4
19 12 48 45 58 17
19 25 30 16 0 17
19 5 49 23 4 7
19 51 56 7 28 2
19 9 49 18 49 15
19 15 10 2 1 60
19 32 9 29 29 10
19 0 54 6 37 38
19 37 23 57 42 7
19 4 45 18 44 0
19 31 13 34 42 13
19 50 11 16 62 46
19 59 2 6 51 60
19 50 57 29 23 47
19 57 31 1 38 21
19 33 22 3 29 24
19 8 31 15 45 19
19 44 33 44 41 57
19 6 41 39 41 18
19 33 29 50 61 24
19 38 58 10 45 29
19 44 56 42 16 16
19 49 4 55 35 53
19 16 50 20 1 33
19 20 52 49 49 20
19 33 47 45 26 27
19 18 37 16 56 0
19 30 55 46 37 29
19 39 18 52 49 5
19 36 55 56 45 53
19 16 44 53 7 61
19 17 24 60 32 48
19 18 47 15 51 45
19 59 6 44 63 15
19 41 9 42 11 45
19 17 60 63 2 60
19 21 21 40 18 32
19 13 31 28 36 45
19 45 53 37 18 50
19 24 24 32 63 28
19 21 9 47 36 20
19 20 4 26 47 40
19 52 16 12 46 49
19 33 1 63 30 18
19 16 34 51 3 3
19 39 26 44 53 23
19 16 40 17 22 39
19 61 30 36 47 49
19 40 47 25 25 27
19 44 43 53 58 51
19 10 56 53 12 26
19 19 63 58 8 39
19 1 34 4 40 54
19 15 3 33 41 7
19 48 14 58 61 62
19 33 54 12 34 8
19 8 49 56 4 44
19 59 61 23 56 1
19 53 26 53 31 3
19 48 35 48 22 55
19 2 3 33 36 40
19 30 50 57 50 43
19 50 22 29 32 30
19 47 17 0 35 19
19 17 12 39 63 27
19 45 35 43 33 8
19 13 13 12 37 59
19 61 27 20 22 0
19 0 30 54 23 0
19 48 39 55 20 51
19 30 48 20 36 46
19 45 43 36 58 24
19 11 59 55 53 51
19 13 25 24 47 6
20 21 51 4 8 32
20 49 29 30 61 33
20 35 7 33 62 28
20 49 19 5 50 6
20 51 54 59 32 0
20 60 59 48 9 11
20 45 24 9 59 62
20 61 19 59 7 6
20 58 56 34 55 17
20 30 57 63 12 33
20 23 22 52 7 5
20 41 53 48 24 45
20 42 22 21 52 26
20 21 20 48 58 12
20 40 46 42 63 13
20 63 28 59 17 15
20 50 10 19 5 62
20 51 42 56 50 47
20 6 16 30 10 63
20 19 21 49 26 6
20 14 14 7 39 26
20 60 8 61 4 4
20 42 24 33 46 41
20 26 20 36 12 36
20 41 5 35 26 15
20 3 43 16 50 9
20 27 13 13 28 14
20 62 53 45 23 21
20 56 35 62 37 28
20 24 36 61 6 1
20 2 23 30 8 26
20 18 42 11 62 61
20 21 21 7 12 31
20 49 27 59 61 57
20 15 61 5 60 41
20 56 25 53 22 12
20 20 6 36 18 35
20 12 2 50 18 6
20 31 9 53 37 34
20 54 53 10 22 11
20 13 19 21 47 47
20 5 38 46 62 41
20 15 1 3 12 16
20 58 47 30 33 21
20 31 48 54 50 1
20 59 29 21 63 43
20 27 47 37 51 62
20 43 60 15 15 28
20 41 20 9 13 52
20 20 20 41 32 33
20 37 26 2 1 62
20 46 55 61 18 15
20 5 2 25 27 33
20 6 63 31 55 42
20 55 36 10 24 56
20 3 32 21 8 45
20 21 29 59 0 55
20 28 28 51 10 59
20 57 33 42 58 28
20 36 12 39 17 5
20 51 23 47 54 26
20 61 56 25 44 13
20 7 10 55 55 22
20 29 52 43 49 8
20 43 42 19 29 60
20 32 9 11 23 2
20 4 12 7 60 31
20 33 33 55 35 47
20 32 22 6 56 9
20 15 10 44 62 58
20 60 59 36 2 60
20 32 30 26 46 38
20 5 33 17 54 50
20 5 53 42 22 23
20 13 53 9 2 34
20 14 61 3 52 31
20 30 40 20 9 28
20 28 11 2 6 34
20 22 51 18 12 22
20 37 24 25 0 42
20 20 62 55 21 47
20 33 24 52 51 6
20 25 48 32 22 20
20 55 7 62 22 44
20 34 6 24 33 35
20 5 47 44 59 27
20 24 44 33 60 31
20 24 30 43 34 37
20 33 8 52 24 4
20 39 48 16 44 57
20 42 19 45 17 2
20 5 4 26 34 24
20 24 23 26 19 12
20 50 26 11 15 36
20 28 12 21 48 59
20 9 30 12 0 60
20 41 52 1 52 59
20 4 20 14 7 27
20 60 62 31 4 14
20 6 28 23 49 29
20 28 42 52 29 8
20 51 42 45 48 1
20 9 60 8 30 33
20 32 19 29 15 11
20 3 31 35 21 49
20 8 38 50 15 3
20 8 14 22 56 6
20 55 38 34 60 55
20 39 42 33 10 11
20 16 34 30 44 61
20 16 16 32 39 29
20 57 30 61 56 33
20 48 2 44 44 3
20 38 36 41 3 5
20 37 41 29 24 26
20 38 27 39 49 58
20 21 17 21 48 37
20 45 56 20 3 48
20 52 28 47 13 57
20 38 28 28 53 12
20 24 29 61 59 24
20 48 57 35 2 32
20 61 26 48 62 56
20 33 33 20 2 36
20 38 22 0 26 43
20 17 21 29 13 14
20 57 9 8 46 36
20 42 31 13 44 51
21 23 47 16 43 7
21 6 27 14 2 6
21 52 57 18 37 1
21 0 51 16 41 60
21 12 35 2 22 60
21 26 40 19 13 62
21 14 22 1 49 41
21 10 25 30 29 9
21 40 55 15 48 44
21 48 63 54 57 49
21 48 20 37 33 54
21 51 13 57 23 47
21 24 15 35 32 18
21 1 8 46 31 46
21 52 4 34 39 7
21 51 40 56 28 4
21 42 26 60 31 10
21 60 22 35 35 7
21 48 35 16 56 38
21 35 6 21 59 37
21 58 48 29 1 14
21 36 9 47 11 32
21 12 44 48 34 38
21 49 32 62 7 47
21 37 2 24 38 0
21 63 13 49 23 25
21 52 37 9 44 50
21 45 62 44 53 10
21 0 35 19 19 35
21 51 14 45 45 0
21 48 37 60 48 55
21 31 6 61 0 63
21 61 6 18 61 7
21 61 24 6 53 15
21 5 57 46 11 58
21 16 24 50 29 2
21 44 34 52 0 11
21 16 33 46 18 57
21 24 9 62 25 0
21 56 27 47 53 63
21 6 32 1 8 25
21 18 30 22 26 34
21 52 6 6 48 43
21 5 34 50 16 53
21 57 29 14 29 49
21 21 38 38 4 15
21 57 61 25 26 25
21 37 15 56 26 4
21 20 25 60 12 39
21 38 0 15 13 60
21 37 45 1 32 39
21 26 2 23 22 18
21 57 40 21 39 20
21 38 54 38 41 45
21 57 18 22 41 36
21 62 42 60 40 4
21 24 12 55 33 61
21 29 29 63 22 29
21 54 39 51 43 51
21 45 15 27 11 22
21 52 11 4 54 23
21 53 22 57 15 11
21 44 47 18 25 9
21 4 19 37 2 19
21 3 28 49 22 7
21 62 50 25 12 35
21 10 9 16 50 41
21 22 50 62 38 28
21 15 48 48 5 7
21 49 37 50 62 6
21 21 60 36 2 48
21 1 28 17 50 10
21 23 23 62 10 28
21 7 55 45 45 59
21 56 2 18 37 7
21 34 22 30 53 24
21 58 14 53 13 6
21 10 49 58 1 55
21 49 58 15 17 23
21 15 29 53 46 33
21 7 31 58 47 27
21 2 15 62 26 23
21 52 13 49 49 39
21 29 14 25 51 62
21 63 43 27 38 38
21 55 52 59 62 49
21 28 29 27 19 12
21 53 22 35 56 28
21 0 0 35 18 25
21 50 41 60 50 30
21 46 14 51 5 11
21 2 9 41 11 3
21 41 52 20 26 37
21 33 14 16 3 59
21 16 5 47 26 36
21 24 27 12 28 37
21 20 33 46 21 47
21 41 13 23 2 22
21 51 3 56 11 26
21 10 11 19 24 0
21 7 12 61 29 45
21 47 51 50 51 28
21 63 62 50 11 49
21 23 3 6 17 5
21 32 6 52 56 57
21 0 56 34 23 3
21 7 59 59 60 5
21 41 62 31 7 41
21 55 52 22 14 57
21 33 60 34 9 33
21 37 3 20 18 58
21 9 24 25 25 3
21 30 22 42 2 45
21 53 53 11 11 48
21 5 44 4 13 63
21 8 11 9 40 45
21 12 51 4 4 56
21 30 37 60 53 46
21 30 49 11 9 19
21 55 59 52 5 33
21 53 8 24 36 17
21 5 6 61 1 38
21 56 6 24 16 39
21 49 3 18 32 30
21 2 19 29 59 45
21 9 29 34 20 19
21 9 42 13 32 44
21 46 56 27 9 32
22 49 35 45 58 29
22 3 49 3 21 2
22 30 55 48 10 0
22 18 59 32 26 2
22 59 17 48 44 41
22 61 34 22 24 51
22 11 49 35 11 18
22 56 38 42 27 19
22 7 59 42 34 41
22 13 4 8 55 34
22 16 55 4 2 13
22 32 21 54 4 31
22 15 9 32 27 3
22 34 15 3 47 38
22 62 54 30 46 61
22 12 37 19 34 60
22 2 16 19 54 42
22 20 49 54 56 49
22 48 10 59 21 46
22 29 9 31 12 18
22 33 5 5 6 18
22 43 50 11 63 56
22 43 3 9 12 45
22 23 20 35 26 14
22 0 14 25 0 51
22 15 42 47 62 18
22 28 59 1 63 54
22 0 17 20 34 6
22 11 21 59 49 20
22 62 41 32 51 20
22 50 57 26 18 59
22 47 44 8 15 32
22 46 59 5 4 35
22 35 11 47 51 1
22 57 7 45 45 53
22 59 14 54 4 7
22 34 58 17 58 1
22 62 35 36 31 49
22 35 43 26 18 16
22 3 48 33 38 36
22 51 30 1 42 33
22 55 55 35 18 45
22 1 7 34 27 0
22 53 24 19 42 59
22 24 0 11 8 49
22 13 27 8 15 47
22 37 9 47 5 60
22 62 4 60 58 31
22 44 16 47 43 63
22 22 7 33 38 4
22 63 54 4 17 30
22 34 40 37 14 29
22 28 6 48 7 26
22 44 24 10 51 7
22 7 54 28 57 14
22 43 1 28 49 17
22 63 14 11 5 44
22 50 10 7 55 45
22 18 50 7 20 34
22 46 35 18 14 49
22 8 8 54 0 63
22 3 52 9 55 12
22 32 43 10 63 17
22 55 12 3 28 3
22 16 24 21 20 27
22 13 53 44 39 17
22 18 44 40 6 26
22 15 45 12 58 51
22 54 39 15 15 58
22 0 61 57 9 60
22 30 48 62 16 48
22 47 21 23 22 60
22 35 60 61 27 8
22 17 38 38 38 3
22 32 52 50 33 14
22 14 44 31 11 1
22 45 52 17 12 3
22 21 61 41 33 8
22 51 61 2 50 38
22 6 35 60 18 57
22 49 5 20 23 19
22 9 4 10 22 35
22 43 43 29 19 16
22 21 63 37 37 26
22 25 48 24 36 59
22 45 51 33 20 11
22 26 18 5 11 23
22 14 32 46 26 1
22 32 28 21 14 33
22 30 39 60 53 42
22 52 46 38 32 32
22 35 63 1 10 27
22 40 38 20 48 18
22 19 51 48 28 16
22 22 16 36 25 53
22 51 18 5 40 19
22 45 3 54 27 33
22 30 11 9 33 41
22 1 56 62 39 9
22 18 15 34 2 4
22 6 53 7 13 39
22 24 42 51 53 16
22 23 60 36 49 39
22 37 26 62 33 9
22 2 38 16 37 55
22 42 1 42 39 59
22 42 45 59 39 37
22 47 20 24 22 36
22 6 9 61 6 48
22 48 56 48 46 13
22 33 47 13 1 11
22 33 15 46 52 18
22 39 59 59 1 58
22 35 5 12 3 36
22 39 35 29 26 55
22 17 11 49 56 32
22 30 53 46 60 34
22 40 45 16 45 20
22 50 5 55 18 33
22 20 48 49 20 58
22 57 26 62 18 5
22 23 16 11 38 25
22 10 23 57 33 49
22 28 14 39 0 33
22 31 7 63 42 47
22 23 58 47 28 10
22 20 2 56 53 63
22 23 16 41 3 19
23 52 3 8 45 51
23 16 44 42 12 39
23 16 40 38 19 52
23 49 26 2 32 52
23 58 9 39 58 36
23 29 22 31 34 52
23 10 23 1 46 6
23 13 52 27 6 56
23 41 37 28 63 41
23 27 40 24 14 32
23 15 51 15 26 47
23 3 15 34 62 36
23 19 25 11 20 30
23 62 37 54 51 23
23 4 38 19 44 47
23 28 26 12 43 49
23 3 33 19 39 62
23 48 40 7 45 32
23 11 10 18 58 39
23 33 40 60 61 61
23 43 22 22 55 35
23 54 17 40 8 53
23 44 11 26 12 5
23 46 35 26 2 28
23 32 9 57 32 58
23 40 57 63 63 12
23 20 3 51 51 36
23 8 26 46 11 24
23 19 13 19 10 16
23 23 7 45 33 29
23 36 19 42 25 38
23 24 12 29 0 22
23 21 37 63 39 36
23 3 32 49 46 25
23 53 35 39 40 48
23 36 56 29 3 14
23 43 61 21 32 19
23 41 23 15 27 18
23 22 11 30 47 53
23 33 59 59 2 24
23 26 1 7 44 25
23 47 40 28 57 49
23 48 47 58 3 4
23 40 4 35 25 25
23 48 9 5 54 38
23 17 60 21 60 8
23 25 18 62 14 11
23 44 50 43 11 30
23 34 60 35 43 52
23 58 25 41 27 23
23 1 35 30 62 2
23 58 22 29 48 1
23 60 6 2 50 5
23 30 29 27 51 23
23 17 50 18 24 24
23 50 7 42 36 26
23 14 44 40 16 7
23 21 55 42 13 37
23 15 53 62 52 34
23 29 58 55 50 52
23 39 14 11 55 46
23 33 54 55 57 28
23 30 47 14 17 17
23 49 50 4 55 8
23 63 61 6 59 12
23 48 26 59 3 0
23 13 2 22 3 9
23 12 61 54 57 7
23 21 50 47 12 26
23 30 1 21 4 20
23 34 33 62 53 59
23 56 52 34 43 61
23 47 60 9 15 3
23 9 8 4 17 2
23 30 56 37 40 25
23 49 33 36 22 23
23 31 24 39 4 24
23 36 42 17 55 35
23 38 57 60 53 63
23 42 45 40 13 12
23 47 20 14 17 62
23 11 24 8 24 60
23 26 25 33 35 20
23 55 33 32 10 57
23 20 17 0 39 17
23 59 47 37 15 41
23 29 28 52 47 8
23 4 32 47 17 22
23 34 27 40 19 31
23 33 48 9 61 4
23 45 62 59 12 2
23 54 21 20 20 57
23 60 21 62 14 4
23 26 50 47 31 5
23 36 19 9 61 42
23 11 12 35 32 35
23 21 3 63 27 46
23 15 52 57 35 42
23 33 15 26 14 48
23 56 34 47 17 61
23 25 48 18 53 6
23 34 51 6 25 49
23 47 52 9 63 21
23 59 6 55 20 43
23 46 15 28 24 50
23 29 15 37 37 46
23 27 26 34 17 13
23 59 43 5 27 48
23 49 22 3 54 22
23 46 43 35 14 53
23 54 58 56 35 61
23 24 55 53 5 31
23 29 24 25 58 35
23 23 33 8 48 51
23 43 42 31 11 15
23 18 25 45 53 23
23 30 10 25 34 50
23 8 45 8 60 26
23 0 7 15 52 45
23 52 15 47 5 36
23 14 25 9 42 61
23 32 59 41 2 30
23 52 62 49 37 27
23 14 2 58 60 56
23 9 18 58 55 45
23 30 61 34 14 63
23 28 48 8 39 14
23 46 33 7 57 17
24 31 9 48 28 15
24 28 52 27 44 4
24 11 59 24 3 5
24 15 45 2 10 47
24 23 49 3 57 59
24 28 12 38 18 37
24 15 4 10 30 52
24 38 12 45 59 5
24 6 60 11 57 38
24 57 48 54 61 20
24 38 13 55 17 30
24 36 42 11 25 44
24 40 63 35 38 44
24 20 42 43 52 11
24 49 46 60 22 53
24 13 6 40 32 47
24 17 1 21 10 7
24 9 14 38 35 7
24 52 24 15 32 7
24 4 1 20 34 37
24 56 2 49 58 10
24 35 55 22 30 49
24 53 7 41 56 45
24 25 4 53 46 18
24 46 2 9 42 61
24 15 60 26 7 26
24 58 0 45 16 44
24 14 26 20 34 24
24 29 21 12 16 36
24 25 34 49 34 47
24 48 28 37 25 54
24 43 20 41 56 13
24 17 28 20 62 63
24 46 36 14 55 4
24 59 18 48 47 32
24 35 20 2 22 33
24 23 27 10 16 30
24 60 41 58 14 51
24 52 0 46 51 18
24 7 51 24 55 10
24 11 6 47 10 44
24 11 25 34 48 22
24 22 0 60 20 23
24 52 35 3 57 7
24 9 25 12 16 6
24 0 29 36 27 10
24 56 53 24 29 23
24 63 51 27 38 0
24 19 50 40 19 28
24 31 10 9 62 2
24 35 22 52 12 27
24 42 24 55 6 36
24 54 2 55 3 6
24 55 5 48 4 13
24 19 54 24 3 13
24 34 59 31 20 8
24 27 61 7 60 0
24 4 59 52 30 51
24 37 33 63 20 30
24 18 46 8 39 7
24 35 19 28 58 28
24 3 59 55 34 38
24 16 51 17 36 19
24 53 20 63 30 58
24 9 61 26 9 49
24 55 4 49 20 4
24 60 59 42 10 36
24 58 46 20 58 36
24 25 1 29 60 45
24 48 56 5 47 26
24 33 20 14 46 16
24 61 62 43 19 54
24 1 45 41 43 30
24 50 44 53 49 57
24 23 8 50 46 52
24 50 15 60 57 47
24 53 29 30 20 35
24 54 13 3 5 46
24 40 8 48 4 33
24 47 20 22 18 45
24 3 55 40 35 33
24 16 53 9 61 28
24 46 6 58 30 56
24 8 1 32 59 7
24 58 56 13 22 18
24 47 5 43 38 28
24 53 3 55 28 32
24 14 49 44 16 12
24 54 62 38 45 39
24 61 60 14 14 16
24 17 10 19 59 4
24 36 39 61 16 7
24 21 51 50 53 5
24 51 26 38 50 15
24 2 14 41 14 32
24 62 19 54 33 20
24 16 39 54 19 41
24 20 12 57 35 62
24 16 12 20 29 32
24 21 41 61 21 55
24 15 7 39 16 29
24 14 35 36 22 18
24 14 6 47 14 5
24 50 38 5 23 60
24 43 6 0 10 8
24 4 39 46 24 25
24 3 0 4 7 14
24 9 26 34 0 15
24 61 23 11 56 54
24 56 48 53 44 56
24 43 55 49 45 37
24 42 52 22 33 17
24 30 26 9 4 55
24 46 47 7 1 20
24 56 5 31 45 34
24 7 22 57 8 41
24 49 19 26 48 50
24 38 62 25 49 62
24 51 38 44 13 26
24 5 60 7 16 45
24 7 43 25 62 48
24 7 2 55 25 24
24 13 34 4 45 50
24 56 34 2 43 45
24 35 1 0 36 51
24 52 7 9 19 62
24 38 63 47 23 15
24 60 1 40 27 17
25 27 27 6 59 2
25 6 34 7 63 6
25 27 17 6 19 40
25 52 11 52 52 1
25 40 17 44 5 59
25 5 35 14 27 63
25 57 10 38 35 12
25 43 44 6 55 3
25 45 52 14 47 44
25 30 42 0 63 39
25 54 17 39 46 56
25 32 61 60 41 18
25 30 4 12 4 43
25 63 8 41 15 57
25 29 37 61 38 5
25 50 20 17 37 15
25 21 38 30 12 4
25 56 4 39 45 23
25 7 42 52 0 52
25 38 55 17 49 11
25 21 7 60 25 43
25 3 58 11 15 9
25 49 10 29 8 18
25 43 55 9 50 42
25 62 22 42 41 57
25 43 50 52 29 41
25 43 1 51 46 59
25 47 35 60 13 57
25 26 61 59 46 3
25 34 54 33 8 30
25 46 2 42 15 23
25 14 28 37 39 2
25 13 10 62 21 19
25 33 24 20 24 26
25 29 33 52 47 45
25 2 60 26 1 56
25 1 41 34 14 27
25 56 49 29 33 30
25 44 10 44 52 15
25 43 56 60 26 6
25 47 3 62 0 12
25 49 11 17 21 29
25 33 57 59 6 58
25 48 39 38 52 47
25 46 17 26 34 24
25 63 52 21 17 6
25 24 31 45 30 60
25 2 35 53 41 42
25 57 55 37 42 39
25 5 4 41 27 15
25 27 5 50 52 44
25 52 50 16 63 31
25 34 14 50 32 28
25 5 42 23 17 1
25 35 34 22 7 24
25 0 16 40 17 4
25 36 35 15 42 47
25 35 3 2 24 30
25 50 20 55 53 56
25 11 39 15 54 57
25 50 24 23 49 10
25 31 28 41 27 34
25 8 26 28 47 55
25 13 37 46 32 28
25 3 34 2 19 60
25 10 8 19 47 6
25 43 35 43 6 50
25 29 20 20 57 8
25 16 40 39 26 43
25 3 49 18 29 19
25 55 29 58 45 21
25 46 16 24 33 32
25 0 45 51 50 52
25 10 41 19 16 15
25 58 59 55 19 27
25 47 3 32 10 54
25 27 38 27 26 21
25 10 47 16 39 23
25 13 22 35 14 1
25 26 33 15 0 47
25 62 15 48 2 44
25 63 11 28 2 31
25 58 11 0 62 0
25 22 5 25 13 54
25 31 52 1 5 15
25 63 6 10 32 56
25 39 15 22 42 28
25 29 6 53 22 26
25 30 50 22 57 50
25 42 26 63 60 10
25 27 16 20 5 13
25 5 46 33 42 49
25 39 50 3 23 52
25 58 46 49 3 17
25 27 42 35 40 14
25 14 48 1 2 37
25 32 15 58 0 45
25 58 28 10 60 62
25 7 32 40 58 0
25 19 16 42 54 62
25 2 18 44 32 37
25 14 8 10 0 61
25 0 14 38 38 50
25 20 55 41 46 41
25 63 49 30 8 56
25 50 14 53 58 26
25 10 42 17 61 34
25 13 2 58 58 61
25 39 12 37 35 50
25 12 33 23 56 37
25 33 52 18 39 46
25 43 17 21 39 62
25 32 25 44 46 28
25 31 53 2 14 6
25 56 0 38 55 1
25 53 46 57 50 23
25 53 44 32 18 61
25 9 21 52 42 62
25 41 26 39 58 15
25 4 43 8 18 55
25 32 61 35 7 13
25 21 43 61 39 32
25 42 54 7 31 61
25 34 31 25 54 23
25 32 2 19 51 55
25 9 0 27 24 49
25 19 46 40 31 28
25 54 29 21 35 21
26 6 14 48 29 16
26 8 16 28 20 35
26 57 28 1 1 45
26 2 37 10 39 46
26 43 15 61 58 38
26 3 38 15 57 32
26 28 38 49 33 63
26 30 47 16 51 56
26 46 52 20 30 9
26 45 53 42 8 12
26 20 43 18 51 59
26 13 21 46 0 17
26 62 33 59 25 43
26 30 19 15 3 38
26 53 47 10 53 56
26 43 36 7 16 4
26 56 39 13 3 46
26 6 6 21 29 29
26 26 13 48 17 40
26 51 7 55 40 37
26 59 59 29 10 63
26 26 38 4 60 49
26 15 32 30 45 47
26 2 52 7 41 59
26 33 50 2 33 17
26 26 55 41 57 0
26 59 33 1 17 24
26 42 30 56 27 62
26 15 9 60 9 41
26 4 40 21 32 38
26 23 21 51 34 62
26 27 22 23 31 15
26 26 18 37 8 51
26 49 47 5 22 5
26 42 13 21 27 11
26 39 14 2 57 47
26 17 3 17 4 47
26 34 61 38 19 56
26 48 0 2 0 14
26 60 51 54 7 5
26 28 53 18 12 50
26 62 36 6 8 57
26 20 44 61 29 2
26 46 31 40 50 37
26 29 7 12 10 18
26 31 14 18 5 4
26 35 13 44 54 17
26 16 28 46 2 11
26 47 58 43 44 1
26 6 36 17 12 27
26 13 60 58 39 46
26 50 35 21 39 4
26 20 5 54 34 16
26 33 52 1 8 23
26 48 31 6 58 21
26 47 43 16 35 45
26 63 62 0 21 22
26 21 28 51 12 38
26 2 5 57 4 56
26 29 61 49 3 58
26 19 14 43 10 51
26 39 58 38 50 33
26 28 37 41 14 34
26 29 58 10 11 46
26 59 50 37 14 42
26 55 12 24 27 57
26 8 58 12 35 30
26 62 1 59 28 55
26 38 58 60 3 63
26 22 31 57 57 35
26 5 26 38 56 0
26 58 25 14 4 40
26 16 29 9 25 15
26 7 43 35 38 12
26 62 55 48 59 42
26 48 32 55 46 10
26 29 12 49 43 26
26 11 40 23 36 15
26 37 2 0 13 18
26 54 0 33 20 44
26 14 11 59 25 23
26 17 33 59 39 20
26 32 2 61 33 61
26 61 24 19 5 3
26 27 45 9 59 24
26 35 49 36 25 20
26 15 41 5 59 17
26 44 23 5 48 55
26 10 61 19 59 40
26 25 18 47 41 5
26 30 55 41 42 32
26 14 22 30 47 22
26 26 11 48 1 29
26 48 26 48 19 55
26 0 7 6 46 58
26 49 14 6 2 3
26 0 51 43 53 4
26 30 7 9 8 41
26 33 60 35 40 50
26 34 36 7 3 20
26 45 35 4 6 27
26 51 17 3 62 10
26 42 15 57 28 17
26 13 49 40 1 29
26 14 8 42 59 32
26 31 1 3 11 1
26 62 41 39 19 27
26 45 24 42 47 16
26 52 20 62 15 14
26 9 54 11 32 60
26 35 49 8 24 63
26 5 43 22 32 31
26 10 38 3 44 45
26 24 45 4 32 51
26 46 49 38 11 3
26 40 41 50 42 61
26 11 46 8 57 15
26 51 10 33 20 13
26 17 61 10 50 40
26 38 46 2 60 37
26 2 10 2 31 20
26 4 36 17 2 37
26 7 14 42 46 16
26 49 3 31 36 46
26 57 32 11 59 27
26 8 46 57 57 34
26 8 17 17 12 61
26 45 1 11 11 55
27 60 54 55 4 2
27 56 46 44 41 17
27 12 50 16 54 37
27 3 0 55 36 60
27 50 2 45 60 22
27 63 36 2 62 50
27 35 21 45 24 56
27 8 36 55 54 56
27 59 5 21 36 22
27 49 24 29 30 35
27 59 42 41 38 16
27 40 27 0 31 0
27 40 13 28 29 9
27 25 13 26 23 11
27 12 35 55 43 9
27 30 47 43 9 43
27 61 15 22 45 13
27 26 10 5 12 58
27 7 40 23 43 16
27 1 57 30 3 45
27 53 25 47 49 53
27 0 48 54 30 12
27 60 13 41 54 30
27 21 52 58 28 60
27 41 33 58 25 38
27 28 44 46 48 36
27 17 32 11 34 24
27 63 56 57 19 33
27 20 16 32 43 8
27 63 19 2 15 31
27 59 35 56 30 63
27 58 15 36 57 27
27 9 9 38 61 24
27 62 32 6 54 34
27 19 16 54 54 7
27 8 63 49 3 62
27 58 29 29 20 53
27 38 15 9 37 30
27 9 14 37 28 38
27 16 35 59 27 5
27 47 10 47 34 38
27 50 50 7 11 30
27 6 48 22 28 26
27 16 4 9 62 1
27 21 11 0 35 53
27 4 42 54 63 29
27 63 59 43 10 13
27 34 54 63 32 32
27 16 38 54 36 61
27 33 40 44 43 46
27 25 30 8 16 46
27 35 45 6 28 41
27 24 15 42 51 36
27 46 19 34 3 26
27 50 46 14 63 23
27 8 13 41 12 34
27 20 15 3 15 9
27 57 45 3 53 4
27 37 26 51 9 12
27 3 39 28 18 8
27 36 3 60 33 9
27 37 47 7 24 61
27 8 20 48 7 46
27 58 54 62 22 52
27 32 0 14 46 4
27 61 50 59 39 52
27 45 40 38 40 42
27 11 16 5 54 35
27 44 54 30 2 49
27 9 59 8 6 63
27 19 8 33 36 0
27 49 52 9 6 29
27 24 36 30 25 44
27 13 28 1 33 34
27 9 27 3 33 59
27 36 29 20 61 52
27 49 49 57 38 16
27 35 30 17 54 47
27 22 44 29 6 45
27 34 59 56 40 6
27 62 61 23 23 16
27 12 44 23 53 38
27 42 30 51 56 30
27 23 56 53 9 20
27 41 16 55 23 55
27 55 22 1 26 41
27 31 2 54 50 46
27 54 15 34 36 59
27 8 4 6 57 9
27 16 4 8 62 52
27 7 57 30 32 26
27 24 24 40 23 50
27 37 30 8 3 21
27 58 36 54 21 31
27 35 31 43 24 59
27 12 50 26 62 33
27 25 51 63 20 63
27 18 32 46 30 28
27 30 46 40 60 52
27 60 63 15 36 1
27 55 32 58 25 18
27 58 61 0 52 43
27 1 38 39 2 2
27 50 42 35 36 24
27 17 24 30 19 53
27 2 35 63 39 24
27 48 48 30 63 7
27 61 29 24 50 59
27 48 4 12 57 40
27 55 14 37 39 28
27 48 56 46 28 44
27 61 20 13 20 38
27 63 33 44 13 58
27 56 41 61 15 18
27 12 14 47 30 33
27 18 18 46 30 3
27 57 53 1 40 20
27 33 56 28 56 37
27 53 24 21 4 42
27 42 57 15 51 12
27 39 17 6 51 55
27 47 24 8 51 6
27 41 35 6 1 12
27 41 36 13 47 0
27 56 42 37 0 11
27 56 19 33 59 4
27 44 0 2 52 63
27 50 19 40 16 48
28 7 53 56 3 6
28 40 32 19 15 44
28 51 3 41 14 19
28 37 44 35 2 59
28 15 35 31 27 7
28 13 58 36 20 58
28 56 52 10 20 17
28 25 52 16 6 41
28 8 36 46 43 62
28 11 50 34 8 20
28 36 52 4 35 49
28 15 41 5 16 25
28 59 31 17 31 50
28 25 47 52 31 21
28 61 12 5 43 29
28 28 57 61 35 61
28 39 37 9 42 51
28 37 47 19 47 5
28 10 21 56 46 0
28 31 58 41 35 22
28 44 11 27 52 36
28 4 4 4 10 22
28 20 9 38 10 18
28 1 32 24 8 0
28 37 55 5 29 10
28 44 30 29 47 48
28 27 43 2 51 25
28 5 48 52 4 29
28 5 58 48 48 32
28 44 31 53 39 17
28 15 6 52 54 62
28 12 28 52 25 21
28 52 48 3 32 1
28 58 8 26 0 2
28 11 25 30 8 40
28 4 27 37 4 59
28 18 7 14 43 12
28 13 56 30 58 16
28 53 9 25 20 22
28 16 21 31 10 37
28 62 19 24 23 38
28 10 44 60 53 29
28 59 44 13 7 44
28 0 57 49 49 24
28 58 14 9 1 6
28 36 19 13 21 60
28 9 12 47 51 32
28 12 13 24 30 22
28 3 59 48 55 46
28 43 20 51 47 21
28 7 58 57 32 34
28 8 19 21 1 59
28 4 38 14 46 8
28 36 27 34 62 14
28 14 1 39 0 10
28 63 41 5 10 7
28 3 32 12 31 32
28 8 46 10 54 51
28 0 4 28 4 22
28 57 48 40 16 26
28 44 27 46 61 17
28 51 3 26 8 47
28 17 21 22 24 63
28 35 56 4 9 53
28 48 53 46 6 51
28 17 53 30 43 25
28 26 51 43 56 35
28 2 31 40 29 13
28 5 57 47 36 11
28 17 39 8 13 35
28 48 56 14 9 37
28 56 17 57 22 50
28 56 50 55 43 11
28 59 15 54 5 7
28 26 58 13 30 48
28 13 50 10 51 26
28 32 9 27 17 16
28 11 45 27 10 19
28 14 5 10 52 17
28 38 48 12 17 10
28 29 13 14 22 24
28 25 0 53 39 3
28 7 4 22 25 23
28 26 25 38 28 16
28 56 56 45 23 45
28 20 55 38 48 28
28 62 43 61 12 32
28 17 5 47 2 50
28 28 7 0 39 43
28 47 22 43 2 53
28 5 37 3 11 2
28 22 53 1 33 45
28 30 58 13 34 51
28 25 52 13 8 56
28 60 41 45 12 17
28 32 25 58 3 16
28 16 57 29 54 32
28 58 34 55 57 8
28 61 62 12 10 28
28 48 18 56 38 24
28 16 17 27 55 46
28 13 14 7 39 56
28 56 0 38 55 16
28 38 19 48 53 7
28 32 37 10 47 14
28 54 1 0 10 28
28 23 15 60 1 18
28 4 6 56 27 32
28 55 58 54 54 43
28 44 54 20 42 34
28 13 61 23 52 29
28 55 62 45 63 54
28 21 58 28 24 55
28 54 19 7 62 57
28 16 41 14 18 50
28 6 36 23 0 48
28 48 59 27 47 51
28 41 61 28 61 48
28 24 51 47 0 24
28 15 2 23 28 48
28 53 54 4 59 25
28 28 54 52 43 32
28 38 4 59 9 13
28 8 57 52 7 20
28 25 25 1 62 55
28 50 62 61 7 49
28 36 5 59 13 25
28 37 40 31 36 3
29 3 63 30 28 40
29 59 44 17 48 14
29 44 33 49 41 60
29 60 22 39 32 16
29 35 31 21 61 62
29 20 27 29 4 9
29 32 63 8 16 21
29 55 15 0 2 19
29 0 35 14 14 60
29 37 2 37 40 12
29 2 30 25 19 1
29 46 20 16 9 16
29 34 7 56 44 16
29 37 61 43 50 30
29 10 15 11 15 27
29 24 62 30 33 62
29 60 6 33 46 55
29 45 46 45 41 8
29 17 46 6 18 34
29 58 57 23 46 35
29 6 9 32 7 32
29 23 62 3 56 11
29 12 30 34 55 30
29 63 19 49 3 13
29 50 3 58 48 34
29 63 39 61 55 45
29 5 45 28 3 17
29 25 1 25 4 30
29 19 47 16 51 17
29 31 16 60 41 54
29 43 14 2 45 41
29 38 15 54 54 2
29 26 46 47 45 17
29 10 22 4 35 13
29 32 41 19 58 7
29 40 3 25 38 58
29 8 6 28 21 21
29 45 37 46 34 0
29 19 31 35 45 20
29 39 37 40 5 30
29 56 20 46 8 24
29 49 57 32 43 48
29 47 33 8 31 50
29 11 21 10 21 33
29 31 59 2 8 19
29 49 61 48 51 45
29 55 28 2 39 31
29 2 11 3 42 25
29 0 33 14 46 22
29 58 50 37 63 47
29 63 19 39 16 13
29 56 42 11 14 37
29 0 36 22 5 46
29 0 37 14 45 21
29 37 30 56 37 63
29 18 56 15 61 25
29 14 34 26 41 33
29 15 25 22 4 25
29 45 52 13 38 54
29 41 5 43 49 41
29 32 39 27 20 50
29 46 9 5 59 13
29 39 47 13 62 4
29 11 55 10 16 61
29 41 26 48 54 47
29 51 30 38 12 20
29 7 8 55 37 51
29 0 6 42 42 57
29 26 8 40 42 43
29 20 29 13 39 55
29 3 63 19 58 58
29 59 13 63 42 45
29 10 29 48 51 27
29 52 46 36 18 40
29 41 62 29 32 7
29 48 31 30 16 51
29 4 57 0 31 37
29 31 9 57 16 13
29 4 57 7 34 43
29 51 39 16 38 19
29 30 11 11 40 2
29 21 28 13 21 50
29 59 50 48 20 55
29 6 20 19 34 0
29 54 62 62 9 58
29 1 53 19 11 26
29 17 9 35 54 5
29 18 16 7 20 7
29 23 51 5 15 15
29 13 0 13 45 50
29 6 1 13 7 9
29 52 50 36 37 22
29 19 58 34 9 45
29 35 26 44 19 47
29 9 32 1 40 4
29 15 35 26 30 22
29 26 10 8 61 30
29 39 19 49 28 61
29 62 36 51 10 7
29 11 33 34 52 36
29 9 39 36 37 28
29 34 0 46 4 28
29 15 56 57 37 51
29 21 35 50 34 19
29 0 4 53 11 2
29 23 61 12 36 47
29 27 55 25 35 1
29 20 34 54 7 11
29 33 9 24 42 2
29 0 4 38 11 59
29 50 45 18 47 18
29 27 25 19 63 57
29 62 20 36 24 50
29 26 48 31 19 51
29 40 43 13 55 24
29 11 59 0 49 20
29 25 51 21 18 0
29 12 19 36 52 47
29 35 9 58 49 38
29 61 40 40 60 46
29 35 18 41 43 22
29 1 2 31 61 59
29 54 39 20 38 9
29 52 11 54 43 56
29 40 60 25 8 43
29 11 33 42 18 60
29 46 30 15 61 14
29 5 5 15 33 45
30 62 63 0 59 35
30 26 11 56 17 11
30 9 55 45 17 22
30 63 20 22 15 47
30 29 14 27 12 36
30 43 32 13 6 49
30 27 38 60 61 43
30 32 14 0 6 18
30 11 27 60 22 19
30 40 33 39 5 22
30 63 29 54 52 20
30 22 47 15 33 18
30 56 26 54 52 32
30 31 32 52 40 38
30 30 32 34 50 37
30 7 49 53 12 57
30 31 48 61 23 0
30 21 40 50 45 0
30 26 23 59 22 3
30 48 3 47 10 43
30 44 34 63 51 58
30 13 24 10 59 21
30 17 44 17 4 18
30 2 29 56 42 57
30 2 1 27 24 23
30 12 14 43 6 61
30 52 20 44 13 4
30 50 13 50 12 12
30 37 14 60 3 18
30 18 53 11 32 4
30 22 59 55 44 45
30 37 17 58 18 3
30 14 34 41 56 13
30 11 52 37 25 4
30 16 39 40 23 56
30 9 44 53 50 50
30 60 25 63 60 18
30 56 6 12 51 5
30 33 28 13 7 62
30 62 13 12 16 44
30 43 23 14 58 27
30 19 13 25 42 39
30 33 27 23 61 44
30 27 31 58 51 31
30 24 41 10 23 11
30 3 27 6 63 20
30 53 8 48 2 34
30 31 38 53 4 18
30 62 21 35 31 56
30 13 24 26 0 31
30 16 8 12 40 51
30 56 60 47 30 58
30 63 16 39 7 48
30 7 30 5 39 63
30 17 60 42 46 1
30 53 1 36 58 47
30 18 56 19 43 19
30 58 13 29 50 38
30 46 19 45 1 50
30 53 1 5 36 60
30 63 48 32 33 54
30 54 44 10 31 2
30 53 23 38 47 50
30 46 61 18 26 61
30 63 58 43 14 47
30 17 20 33 35 39
30 58 45 39 61 40
30 55 42 38 59 14
30 27 55 1 46 32
30 6 28 26 13 37
30 33 11 9 1 4
30 43 54 1 62 49
30 58 43 1 60 1
30 20 38 19 48 40
30 61 53 9 48 24
30 31 62 43 26 36
30 51 0 25 18 62
30 58 0 3 54 43
30 38 26 61 53 12
30 6 46 20 53 17
30 26 6 47 32 27
30 26 8 37 55 4
30 21 38 6 62 19
30 5 60 3 5 2
30 27 15 18 18 9
30 21 21 6 60 33
30 15 51 37 44 29
30 47 37 62 57 31
30 11 38 6 35 56
30 31 58 57 55 40
30 22 36 35 33 63
30 44 17 3 45 35
30 26 27 14 63 58
30 36 22 40 3 4
30 7 22 49 9 31
30 18 29 52 30 42
30 26 32 36 46 4
30 18 46 15 58 62
30 23 44 52 25 36
30 37 37 51 49 62
30 27 63 4 1 46
30 56 54 24 62 63
30 41 8 15 45 31
30 5 47 4 1 51
30 24 0 27 44 40
30 47 53 27 15 50
30 57 37 50 57 22
30 5 17 6 7 25
30 20 50 18 21 5
30 62 34 18 0 41
30 2 47 34 18 42
30 1 16 5 24 4
30 59 25 32 31 37
30 5 13 13 21 13
30 58 10 7 28 60
30 20 42 43 53 53
30 3 37 58 61 23
30 32 29 18 21 34
30 58 56 31 7 23
30 13 58 59 11 56
30 39 0 24 1 58
30 44 63 29 57 1
30 15 1 29 50 55
30 9 41 57 52 53
30 12 25 2 59 26
30 61 29 49 28 41
30 40 62 44 12 8
30 58 18 14 5 57
31 62 33 32 63 52
31 1 22 47 24 51
31 23 54 34 35 36
31 3 31 19 46 47
31 9 51 3 44 33
31 50 59 2 16 26
31 12 52 5 38 33
31 5 47 54 5 17
31 63 7 35 44 38
31 51 33 31 31 31
31 52 53 49 47 37
31 61 3 27 1 20
31 22 48 48 58 38
31 62 13 25 29 32
31 54 27 12 11 48
31 58 38 5 34 40
31 16 4 44 7 20
31 16 14 14 17 43
31 22 0 25 15 24
31 48 9 59 13 24
31 47 2 5 49 21
31 45 58 0 3 37
31 32 12 34 31 61
31 29 17 10 51 54
31 21 23 28 22 11
31 10 51 32 17 42
31 10 52 31 47 15
31 11 10 42 23 17
31 7 12 3 37 13
31 54 51 1 0 15
31 47 44 25 52 58
31 54 44 19 41 2
31 34 39 27 57 19
31 5 31 45 10 7
31 1 37 16 58 55
31 55 12 16 30 4
31 7 59 23 23 24
31 25 36 18 46 19
31 44 57 44 21 49
31 34 42 11 47 49
31 41 22 3 30 45
31 61 11 31 28 5
31 28 44 20 58 15
31 59 54 62 47 43
31 3 10 0 37 42
31 62 6 29 18 48
31 38 61 56 58 41
31 11 53 31 48 12
31 10 45 24 41 23
31 54 22 4 40 52
31 17 32 21 26 7
31 60 13 55 33 52
31 20 35 12 31 18
31 36 17 28 36 48
31 44 3 49 24 44
31 32 61 29 30 32
31 14 6 36 44 15
31 52 14 27 29 44
31 42 38 40 33 41
31 19 13 58 3 9
31 51 11 41 41 48
31 60 52 6 1 6
31 58 54 42 13 9
31 34 12 53 15 11
31 29 58 28 9 15
31 20 7 1 35 17
31 42 14 33 31 54
31 62 38 54 35 59
31 14 41 56 8 56
31 5 11 62 16 18
31 13 36 9 49 4
31 47 25 60 28 2
31 33 44 14 9 5
31 49 23 46 18 11
31 60 36 59 29 63
31 10 33 12 63 38
31 18 30 63 29 58
31 26 34 57 55 26
31 20 59 60 62 12
31 21 32 5 1 40
31 39 12 48 48 5
31 17 26 33 24 8
31 61 11 19 35 44
31 4 47 53 34 41
31 41 9 16 27 13
31 46 45 26 30 52
31 62 19 57 44 23
31 21 12 3 54 34
31 18 26 47 41 4
31 61 50 56 9 13
31 21 27 24 10 24
31 61 33 57 58 24
31 15 33 61 28 7
31 62 10 55 53 50
31 45 55 34 34 43
31 8 16 55 60 28
31 35 30 0 36 32
31 56 23 45 12 21
31 22 23 5 40 30
31 8 63 55 47 34
31 17 20 16 26 52
31 6 1 62 33 40
31 47 40 59 21 23
31 56 16 55 14 11
31 59 42 60 36 34
31 21 41 33 2 10
31 49 28 0 45 42
31 18 30 47 15 30
31 9 44 30 33 58
31 61 20 21 48 10
31 61 2 36 15 38
31 32 10 27 44 0
31 1 26 53 11 47
31 58 10 32 27 18
31 14 13 54 57 29
31 49 6 11 37 31
31 13 60 26 20 23
31 2 38 11 11 38
31 37 7 20 24 63
31 6 14 47 17 21
31 58 39 13 55 39
31 55 35 62 1 39
31 15 1 22 54 16
31 21 32 1 0 24
31 2 42 5 3 29
31 14 48 22 51 36
31 18 21 46 52 2
31 16 34 6 34 42
32 42 18 60 55 53
32 63 25 17 44 22
32 46 16 63 57 1
32 62 49 51 26 60
32 1 21 55 43 44
32 42 8 1 60 49
32 9 28 8 21 33
32 63 46 50 18 38
32 41 53 42 47 21
32 33 51 59 5 9
32 8 24 1 45 0
32 25 34 54 15 48
32 52 53 49 4 3
32 22 60 20 39 44
32 28 5 54 23 16
32 19 39 53 27 53
32 41 3 15 14 56
32 40 14 32 32 25
32 33 44 33 51 4
32 62 61 30 4 62
32 6 5 4 25 10
32 7 43 49 14 50
32 47 46 23 56 11
32 55 39 30 57 28
32 54 16 2 21 1
32 32 19 22 46 36
32 23 58 44 27 12
32 34 17 17 13 53
32 15 41 21 47 38
32 56 37 37 56 5
32 52 1 48 26 10
32 5 44 33 19 55
32 61 21 46 30 0
32 4 21 8 45 16
32 42 57 8 7 15
32 14 57 22 46 21
32 31 47 36 7 13
32 29 56 31 22 19
32 46 0 3 53 19
32 6 56 20 27 0
32 45 58 63 63 35
32 0 19 37 18 29
32 15 63 29 10 57
32 29 42 63 62 7
32 6 36 30 36 10
32 26 54 50 19 2
32 12 0 16 58 57
32 39 41 35 22 54
32 51 22 6 31 56
32 7 10 32 38 15
32 5 38 19 25 35
32 48 43 35 9 37
32 4 40 11 21 10
32 7 17 49 43 6
32 28 13 36 5 14
32 6 25 25 44 46
32 23 8 40 15 11
32 24 23 2 40 63
32 37 59 40 47 20
32 57 2 27 27 51
32 24 14 33 61 14
32 47 11 5 47 41
32 17 40 41 50 44
32 39 46 48 31 39
32 54 48 30 8 31
32 7 53 17 42 22
32 42 19 18 5 3
32 11 11 54 15 29
32 49 33 33 45 28
32 6 34 31 62 14
32 19 34 25 34 34
32 57 5 24 40 24
32 37 0 47 58 22
32 63 32 3 20 20
32 58 0 58 24 55
32 2 28 25 1 39
32 12 27 36 60 20
32 4 20 29 52 55
32 12 37 44 46 53
32 31 54 49 5 62
32 28 53 34 45 63
32 52 53 58 12 3
32 46 41 44 45 43
32 5 29 25 27 6
32 39 30 16 4 30
32 13 25 10 60 42
32 39 26 7 25 56
32 5 8 13 55 18
32 36 53 50 30 42
32 14 43 27 22 24
32 26 16 51 0 30
32 20 12 24 40 21
32 48 7 18 45 52
32 52 10 54 27 57
32 25 47 27 32 11
32 16 57 18 40 35
32 51 27 30 0 0
32 12 60 42 61 60
32 4 27 45 59 21
32 15 22 5 27 63
32 53 8 40 41 2
32 10 56 61 5 15
32 24 52 29 63 48
32 16 59 46 18 48
32 61 40 48 10 49
32 55 0 20 10 34
32 30 60 58 16 62
32 47 39 26 54 58
32 46 63 40 55 21
32 31 19 50 55 51
32 58 12 1 32 47
32 10 43 61 2 3
32 47 0 12 33 49
32 20 52 40 50 63
32 46 43 59 40 39
32 31 13 38 42 42
32 35 29 43 21 45
32 9 39 31 48 12
32 5 11 25 52 25
32 20 5 0 31 57
32 41 4 50 6 44
32 32 30 13 41 35
32 5 9 2 63 8
32 11 1 21 29 20
32 2 37 56 3 47
32 42 54 17 11 19
32 20 33 30 18 44
32 7 13 34 26 33
33 60 63 34 41 8
33 9 23 31 36 17
33 57 58 8 7 13
33 18 13 13 50 39
33 43 33 23 13 11
33 1 14 4 23 62
33 50 39 12 33 7
33 57 32 51 62 24
33 33 8 55 50 44
33 39 59 25 36 19
33 60 22 45 35 59
33 39 48 56 26 60
33 11 48 21 9 31
33 54 38 38 8 1
33 34 29 44 36 14
33 50 0 9 3 45
33 33 36 8 7 13
33 13 0 46 54 32
33 59 7 52 29 10
33 43 15 11 41 34
33 0 27 20 12 63
33 33 39 6 31 9
33 45 40 24 54 60
33 39 23 32 4 17
33 32 31 54 55 48
33 53 12 14 32 13
33 33 36 44 53 52
33 52 43 9 59 36
33 30 18 9 43 27
33 36 49 25 61 17
33 5 60 32 17 0
33 13 42 61 47 32
33 32 2 23 1 49
33 52 60 52 36 54
33 57 21 49 4 48
33 19 42 63 63 14
33 21 39 53 53 61
33 10 37 63 44 0
33 26 21 1 33 20
33 25 35 58 0 59
33 13 1 28 5 13
33 0 47 12 34 9
33 28 3 46 44 58
33 63 30 35 27 51
33 8 44 13 54 29
33 13 36 21 24 48
33 29 50 3 6 34
33 47 35 20 16 51
33 53 52 44 56 44
33 54 60 30 10 5
33 11 9 48 34 22
33 25 45 23 46 61
33 9 36 17 25 54
33 35 53 16 60 56
33 44 7 13 31 14
33 28 45 48 57 34
33 3 28 55 36 10
33 13 5 6 55 28
33 48 42 27 6 37
33 1 38 42 6 45
33 12 10 5 52 0
33 43 15 10 12 18
33 5 56 63 36 2
33 40 54 25 26 52
33 23 59 9 4 16
33 34 34 2 45 42
33 24 32 0 29 52
33 34 29 63 8 11
33 55 13 43 56 53
33 61 31 12 5 6
33 59 0 43 43 14
33 1 32 33 48 11
33 57 28 52 52 9
33 30 45 6 1 58
33 46 48 57 2 20
33 58 12 44 2 29
33 30 16 34 28 33
33 63 16 37 0 58
33 54 12 50 38 63
33 43 63 51 5 28
33 16 33 11 32 50
33 37 60 18 10 62
33 42 23 51 62 20
33 45 12 28 26 47
33 54 29 24 45 38
33 57 44 42 56 50
33 41 17 27 40 53
33 48 4 26 29 59
33 14 44 31 21 32
33 3 41 44 50 30
33 22 10 26 17 19
33 42 9 55 40 60
33 15 4 62 0 49
33 56 0 1 33 47
33 27 28 8 2 0
33 43 1 13 58 14
33 23 33 34 7 40
33 46 34 1 16 33
33 50 12 15 51 20
33 24 30 38 7 60
33 30 30 35 11 39
33 41 34 47 42 62
33 10 57 56 13 33
33 43 53 12 54 30
33 51 44 26 55 23
33 47 16 36 15 9
33 3 9 18 26 20
33 43 6 58 22 29
33 48 39 40 36 1
33 23 18 30 17 42
33 8 8 47 61 35
33 58 40 23 17 18
33 32 31 41 38 52
33 40 22 57 45 18
33 35 15 14 0 41
33 53 26 18 44 54
33 11 23 18 20 50
33 32 45 59 41 16
33 40 23 32 45 62
33 50 18 40 26 51
33 23 16 60 3 62
33 38 37 24 63 30
33 36 40 30 4 47
33 1 34 7 53 4
33 6 26 49 12 2
33 32 39 46 22 8
33 24 44 36 14 34
33 19 38 58 58 52
34 57 23 29 24 59
34 2 6 24 55 18
34 3 41 56 18 9
34 13 47 21 51 62
34 59 25 10 10 0
34 43 55 7 45 49
34 8 39 14 60 39
34 49 33 10 7 25
34 23 42 60 6 6
34 25 26 42 46 1
34 1 57 40 13 10
34 48 20 56 19 53
34 43 13 23 62 42
34 23 53 18 54 11
34 40 62 36 6 8
34 29 18 20 50 50
34 38 15 59 45 13
34 4 0 43 60 56
34 34 39 51 12 3
34 55 52 23 59 31
34 25 5 33 45 13
34 18 30 11 55 12
34 38 18 25 43 45
34 27 62 2 13 40
34 47 14 34 35 46
34 7 49 3 35 46
34 8 1 12 42 25
34 3 0 48 7 26
34 62 22 20 50 55
34 42 15 45 48 21
34 48 22 49 18 31
34 11 56 4 30 41
34 48 27 20 49 61
34 46 16 60 29 45
34 43 51 58 63 57
34 12 54 29 5 3
34 49 56 62 45 36
34 12 49 46 62 48
34 33 12 56 16 56
34 5 5 63 27 13
34 59 20 36 42 42
34 28 18 62 38 56
34 26 2 2 9 30
34 36 60 59 23 24
34 18 5 47 42 35
34 8 9 0 54 28
34 30 51 55 37 20
34 45 21 18 34 47
34 44 9 31 1 36
34 27 35 54 41 17
34 44 8 11 16 21
34 48 40 32 11 51
34 48 51 25 7 1
34 16 9 63 13 55
34 62 23 6 62 30
34 30 4 22 5 0
34 42 2 31 20 21
34 32 28 62 63 30
34 60 45 5 54 37
34 26 5 23 35 0
34 29 62 54 0 29
34 15 53 23 32 57
34 38 8 17 6 38
34 55 62 42 63 33
34 16 54 47 53 1
34 39 63 14 55 50
34 58 45 18 0 2
34 21 5 32 61 55
34 63 52 62 61 37
34 18 26 25 40 22
34 40 22 41 37 17
34 16 14 33 10 4
34 1 40 20 34 56
34 30 63 46 40 17
34 55 1 59 25 6
34 34 8 5 27 10
34 33 39 3 26 7
34 41 38 55 29 59
34 15 30 51 52 30
34 50 25 35 10 48
34 60 41 15 63 1
34 25 40 13 15 53
34 56 21 15 55 61
34 42 47 43 25 22
34 58 14 42 50 45
34 2 24 13 59 15
34 12 37 52 22 61
34 6 23 25 34 51
34 62 23 2 27 23
34 50 28 59 39 45
34 8 12 44 11 1
34 16 7 36 30 47
34 41 41 36 46 49
34 43 31 60 13 5
34 41 63 49 21 15
34 6 14 32 27 47
34 26 22 8 49 52
34 2 45 25 24 5
34 29 48 8 48 46
34 10 37 60 58 27
34 57 28 10 18 16
34 57 8 43 37 61
34 40 58 51 56 63
34 53 11 57 44 39
34 59 23 16 52 25
34 59 14 37 29 35
34 13 16 35 6 39
34 5 61 58 2 34
34 56 35 23 57 58
34 37 33 35 34 35
34 59 58 7 13 5
34 58 13 61 7 21
34 22 60 32 13 5
34 53 43 20 48 11
34 43 47 1 56 29
34 3 54 34 41 3
34 22 16 30 19 53
34 2 48 50 19 19
34 5 6 21 5 62
34 42 58 7 45 52
34 49 26 40 35 60
34 27 0 33 51 35
34 33 39 38 53 38
34 32 7 51 6 0
34 44 41 39 37 15
34 49 52 50 53 52
34 37 0 25 27 0
34 50 16 12 57 31
35 11 54 36 8 58
35 2 3 23 63 0
35 49 17 4 2 23
35 4 47 4 41 26
35 7 34 33 39 16
35 3 29 19 12 61
35 4 11 60 24 9
35 0 60 61 54 58
35 43 31 31 59 22
35 55 18 44 34 27
35 19 63 29 34 13
35 59 12 3 48 42
35 33 25 54 31 50
35 1 59 9 18 26
35 32 6 2 2 30
35 2 24 53 39 13
35 33 38 28 12 31
35 46 13 1 31 20
35 15 43 16 52 27
35 61 61 26 19 61
35 13 57 26 41 31
35 42 36 43 54 12
35 51 10 19 32 35
35 36 14 16 8 45
35 24 28 58 43 8
35 26 41 13 2 51
35 34 1 37 62 52
35 60 53 60 46 42
35 40 24 60 10 36
35 15 38 38 8 18
35 54 47 21 31 13
35 61 53 19 1 33
35 36 11 60 5 23
35 63 26 36 25 42
35 18 58 43 29 8
35 7 14 18 31 9
35 10 9 15 56 31
35 30 52 47 62 5
35 7 8 15 47 32
35 27 27 11 54 32
35 34 34 17 28 47
35 44 2 16 42 19
35 17 40 32 15 19
35 41 56 35 44 47
35 33 27 41 0 49
35 60 5 17 27 2
35 54 52 59 14 8
35 19 44 46 25 11
35 32 55 11 11 32
35 38 27 51 25 19
35 42 27 4 27 40
35 2 51 42 55 35
35 20 36 8 63 29
35 27 7 63 38 5
35 60 51 61 38 28
35 43 7 17 5 10
35 13 22 45 12 54
35 14 11 1 54 42
35 11 36 54 51 30
35 54 35 46 51 26
35 2 26 27 32 22
35 11 39 12 41 7
35 29 48 50 35 53
35 21 21 6 48 56
35 39 24 6 17 36
35 54 19 21 11 19
35 13 0 16 55 38
35 57 6 58 30 7
35 43 35 36 22 30
35 26 10 25 44 25
35 42 42 32 42 2
35 47 30 60 50 53
35 37 59 44 57 12
35 32 47 28 12 40
35 4 17 18 21 23
35 23 8 55 5 44
35 41 2 33 37 6
35 43 55 12 1 31
35 56 38 11 38 51
35 61 55 13 8 35
35 15 53 33 40 62
35 44 12 13 51 48
35 8 30 62 55 17
35 60 54 62 7 47
35 56 8 5 16 44
35 9 31 38 7 28
35 49 27 26 0 12
35 25 14 53 23 6
35 24 48 34 34 23
35 18 46 63 32 43
35 14 41 52 10 49
35 3 17 7 5 28
35 6 53 62 42 33
35 1 45 11 47 43
35 50 63 42 20 44
35 51 45 15 38 49
35 6 63 34 47 11
35 33 25 37 45 37
35 3 49 30 63 24
35 5 23 55 31 59
35 54 18 24 50 22
35 8 30 49 32 29
35 20 57 50 44 50
35 62 43 9 47 35
35 40 6 53 38 63
35 2 25 40 6 29
35 40 60 28 34 8
35 51 57 41 24 13
35 39 39 56 21 53
35 45 63 9 55 3
35 30 60 11 0 48
35 17 37 0 47 28
35 1 7 32 9 31
35 30 47 15 36 60
35 15 19 34 50 37
35 36 52 61 49 39
35 61 62 11 62 7
35 27 1 44 23 50
35 9 27 4 33 7
35 30 45 6 20 56
35 62 46 13 58 10
35 58 32 36 26 24
35 40 41 55 39 43
35 62 62 6 55 59
35 45 21 43 20 59
35 7 17 42 41 41
35 59 38 39 25 25
35 24 21 26 11 53
36 46 61 27 51 24
36 35 17 52 44 50
36 22 5 16 30 49
36 22 11 46 58 32
36 8 49 52 57 62
36 42 60 49 19 21
36 39 18 61 9 58
36 8 48 45 6 42
36 38 29 34 8 1
36 63 45 4 54 59
36 62 27 20 42 54
36 19 18 21 55 29
36 58 21 28 43 14
36 34 19 14 15 7
36 9 33 30 38 62
36 20 3 28 57 45
36 41 59 5 51 45
36 26 37 15 44 0
36 20 7 53 53 23
36 23 29 23 55 6
36 52 53 62 4 62
36 19 3 23 14 55
36 53 7 14 55 19
36 8 13 24 29 49
36 34 34 56 41 29
36 63 63 5 31 22
36 21 56 47 12 5
36 30 9 42 5 50
36 11 52 31 32 24
36 62 34 56 62 16
36 51 31 31 55 49
36 38 60 12 17 30
36 31 11 37 61 25
36 11 32 44 14 24
36 50 29 12 17 27
36 43 57 10 24 43
36 18 37 8 22 48
36 29 54 57 15 54
36 45 44 1 27 43
36 37 30 18 55 39
36 25 59 43 43 13
36 10 19 63 45 4
36 39 1 28 28 9
36 37 52 30 18 44
36 24 42 51 9 34
36 14 20 18 20 49
36 22 21 36 57 38
36 2 22 18 25 34
36 49 52 28 14 26
36 47 34 25 22 47
36 11 37 20 14 17
36 16 59 51 12 18
36 6 16 0 55 52
36 23 10 30 17 12
36 27 50 11 10 14
36 2 6 24 8 62
36 17 49 56 36 16
36 25 41 42 48 9
36 56 57 8 63 19
36 14 13 31 7 52
36 23 7 4 48 55
36 39 40 59 56 60
36 11 11 15 8 9
36 36 34 21 6 59
36 55 29 28 28 34
36 49 39 39 34 56
36 59 38 38 33 20
36 55 43 4 3 6
36 25 28 49 40 25
36 39 63 39 29 38
36 5 27 52 11 6
36 46 49 57 14 7
36 7 3 26 51 35
36 11 8 33 57 23
36 60 39 5 24 8
36 27 44 46 34 35
36 35 15 21 63 31
36 2 20 35 39 29
36 48 10 61 50 32
36 0 14 5 37 46
36 34 38 38 33 26
36 41 63 24 28 44
36 57 54 54 54 4
36 62 39 19 41 63
36 1 4 20 28 53
36 40 18 51 7 42
36 2 29 60 9 18
36 55 14 36 45 10
36 43 17 59 13 16
36 41 41 21 27 18
36 46 58 48 46 36
36 37 34 1 43 60
36 9 53 2 44 49
36 52 30 53 3 61
36 35 22 2 50 21
36 24 37 3 36 28
36 47 50 60 35 6
36 33 10 13 27 30
36 57 3 22 17 21
36 21 40 35 13 12
36 37 59 36 27 46
36 50 19 30 14 29
36 49 31 32 51 24
36 17 58 43 12 42
36 58 59 50 11 57
36 5 49 20 13 63
36 43 62 16 58 58
36 37 6 43 44 33
36 57 14 53 16 29
36 49 9 56 42 6
36 61 21 45 32 41
36 2 45 30 35 15
36 26 63 5 18 49
36 1 34 36 42 45
36 9 55 28 49 22
36 55 0 14 56 12
36 3 51 34 58 40
36 39 38 46 52 10
36 6 12 19 56 15
36 30 39 63 32 48
36 42 34 51 60 0
36 26 1 54 52 47
36 17 21 23 12 23
36 49 29 12 2 59
36 61 39 28 50 12
36 29 11 10 22 59
36 24 48 22 42 14
36 7 48 49 45 14
37 32 7 9 1 59
37 63 51 54 2 34
37 39 1 26 60 54
37 33 49 60 31 37
37 2 57 54 16 20
37 36 22 49 3 37
37 30 50 40 11 37
37 41 63 24 61 41
37 49 63 48 50 10
37 38 3 18 41 61
37 24 46 53 11 33
37 63 19 42 56 4
37 38 18 34 5 40
37 52 30 24 9 2
37 53 19 1 46 20
37 6 17 7 13 25
37 57 31 0 34 41
37 30 34 48 18 46
37 51 0 5 10 39
37 23 14 15 29 45
37 33 52 16 42 29
37 9 54 6 45 32
37 28 49 2 2 57
37 58 37 61 38 1
37 19 10 57 13 11
37 40 13 40 54 11
37 25 51 56 33 24
37 36 29 40 8 62
37 59 51 46 37 42
37 51 5 48 47 28
37 31 18 0 38 10
37 3 25 0 46 12
37 24 43 10 9 26
37 34 8 35 37 5
37 25 19 42 10 33
37 62 3 49 27 39
37 40 32 8 53 4
37 20 59 57 37 46
37 35 56 15 11 8
37 12 9 9 30 60
37 7 31 49 11 42
37 22 63 60 40 58
37 59 43 21 17 45
37 40 23 41 14 38
37 56 9 52 58 30
37 0 5 60 57 3
37 6 5 20 32 58
37 56 34 38 25 58
37 61 13 12 20 48
37 45 18 35 24 4
37 25 12 56 32 44
37 7 5 56 39 10
37 41 8 7 45 46
37 30 21 39 39 12
37 38 50 8 15 46
37 16 55 19 13 55
37 9 33 41 49 31
37 63 28 46 37 37
37 63 4 33 23 39
37 25 0 9 59 46
37 46 38 4 63 22
37 52 8 42 61 9
37 54 35 36 22 10
37 55 22 52 3 25
37 40 15 24 55 37
37 13 27 5 42 32
37 33 40 32 52 40
37 18 41 1 4 41
37 57 33 40 47 0
37 15 37 36 39 22
37 35 4 12 52 12
37 1 33 17 40 35
37 57 14 50 43 38
37 17 12 60 60 46
37 63 57 57 8 4
37 59 14 6 14 30
37 28 9 41 38 10
37 48 16 44 46 54
37 55 62 4 50 4
37 27 1 34 8 33
37 0 51 11 36 11
37 9 3 59 26 37
37 10 40 6 8 21
37 37 47 0 60 16
37 4 20 0 44 27
37 25 14 18 3 61
37 46 56 19 49 44
37 54 38 17 32 50
37 30 3 24 2 8
37 5 10 0 7 34
37 31 29 21 47 38
37 52 31 63 28 18
37 34 53 14 6 61
37 59 20 40 20 25
37 22 44 60 45 55
37 56 14 6 11 50
37 18 6 39 23 8
37 30 31 57 36 34
37 47 9 37 53 11
37 37 7 21 26 32
37 46 28 59 46 28
37 44 54 62 5 3
37 11 30 33 2 18
37 39 44 20 26 58
37 40 18 11 28 59
37 6 52 40 44 19
37 4 60 20 41 10
37 27 16 61 57 34
37 54 25 1 15 9
37 28 59 32 51 63
37 48 40 13 18 3
37 15 35 8 40 2
37 2 52 13 10 58
37 18 30 31 38 45
37 41 35 33 33 42
37 61 27 20 26 58
37 12 16 35 34 21
37 47 15 37 44 21
37 24 34 43 25 16
37 62 41 59 26 36
37 38 26 23 21 27
37 41 43 17 54 15
37 15 27 37 12 25
37 28 46 1 43 26
37 50 62 6 34 46
37 43 5 19 5 57
37 44 46 57 30 13
37 10 57 37 60 9
38 62 26 48 37 63
38 20 24 15 6 62
38 60 42 18 61 31
38 21 32 41 0 12
38 6 55 39 20 40
38 9 19 32 23 51
38 5 38 61 46 33
38 30 22 27 16 7
38 13 60 22 3 30
38 62 24 19 17 16
38 38 45 55 53 23
38 45 52 24 46 45
38 0 52 55 29 0
38 7 61 12 46 49
38 21 34 3 55 23
38 14 28 46 34 2
38 13 51 18 30 35
38 37 51 23 57 46
38 56 3 62 55 34
38 47 26 59 49 20
38 58 0 26 52 37
38 11 5 57 46 41
38 44 29 10 52 31
38 11 54 15 40 40
38 45 50 40 19 27
38 23 31 13 36 50
38 29 48 5 19 56
38 54 25 35 47 3
38 11 44 1 28 9
38 56 6 35 14 54
38 58 42 62 5 14
38 7 7 61 60 4
38 19 4 36 21 54
38 10 51 52 61 21
38 19 58 13 51 17
38 62 21 30 21 44
38 0 1 47 8 38
38 53 7 22 11 8
38 26 40 62 0 1
38 15 44 4 16 51
38 11 36 15 8 39
38 3 44 29 49 6
38 54 23 53 36 41
38 35 60 18 55 10
38 57 28 19 33 5
38 0 60 59 3 6
38 53 8 54 32 25
38 46 33 1 53 32
38 10 44 11 10 33
38 44 0 37 18 30
38 33 62 6 29 57
38 17 38 13 28 55
38 63 16 44 61 35
38 9 28 60 42 41
38 34 18 54 26 10
38 9 33 23 25 32
38 12 57 61 61 10
38 39 47 13 43 29
38 50 9 23 49 55
38 48 55 16 61 2
38 1 21 55 7 44
38 35 48 24 59 24
38 58 30 18 5 58
38 19 26 25 60 21
38 16 60 16 24 54
38 16 7 25 11 10
38 16 15 55 15 30
38 54 6 39 58 57
38 23 59 22 37 24
38 44 26 7 14 28
38 60 1 6 54 63
38 8 40 54 32 60
38 31 11 57 26 35
38 0 37 53 49 55
38 61 63 18 30 18
38 34 24 16 8 56
38 51 37 4 58 6
38 57 12 9 3 25
38 3 31 30 57 62
38 24 4 59 36 25
38 14 54 44 18 20
38 24 59 40 20 23
38 61 1 41 35 61
38 63 7 43 9 31
38 60 39 15 44 8
38 6 16 39 45 55
38 40 4 13 10 5
38 8 32 17 45 51
38 25 26 39 45 61
38 47 1 38 53 1
38 43 43 14 40 52
38 31 60 1 46 41
38 57 19 52 27 57
38 51 63 20 31 9
38 52 14 21 37 48
38 15 5 21 27 50
38 9 60 37 41 11
38 21 16 21 30 3
38 39 4 58 63 62
38 46 18 36 61 18
38 40 9 62 9 60
38 25 45 20 32 60
38 51 60 42 52 10
38 50 2 40 32 29
38 1 41 21 55 38
38 32 30 9 24 13
38 55 43 36 14 11
38 33 43 23 50 24
38 6 27 47 9 51
38 10 1 37 37 29
38 54 49 31 10 27
38 25 34 28 60 63
38 27 1 7 62 0
38 5 55 63 21 0
38 14 11 3 52 42
38 37 8 33 8 11
38 5 20 2 24 47
38 23 43 57 46 9
38 24 43 63 36 50
38 42 24 58 30 61
38 28 43 54 24 51
38 36 15 63 15 32
38 32 58 29 13 41
38 60 39 10 14 30
38 35 63 43 25 61
38 10 1 30 49 19
38 15 44 9 8 5
38 27 11 56 14 16
39 3 60 21 22 21
39 31 30 21 22 14
39 35 53 15 53 28
39 49 21 36 21 62
39 0 39 46 18 6
39 57 26 29 26 39
39 30 31 29 31 27
39 20 24 39 3 36
39 44 55 30 53 52
39 19 46 48 14 57
39 24 37 15 42 30
39 4 6 33 3 21
39 60 31 19 63 51
39 25 33 9 4 12
39 6 7 3 57 49
39 44 48 52 53 32
39 55 47 35 39 54
39 60 59 14 12 23
39 47 22 63 22 8
39 20 3 50 21 5
39 46 16 8 28 4
39 48 10 15 20 37
39 33 29 1 55 30
39 13 51 36 27 24
39 38 18 5 57 61
39 12 30 14 43 38
39 58 50 18 61 58
39 18 10 53 63 8
39 6 38 25 29 16
39 6 14 10 60 9
39 44 58 44 10 46
39 51 42 7 12 38
39 51 1 14 15 38
39 13 48 62 40 40
39 50 23 19 44 23
39 18 36 17 40 54
39 10 38 55 24 22
39 24 18 45 3 7
39 40 2 8 18 53
39 25 38 2 61 63
39 24 45 13 38 18
39 5 15 23 25 50
39 61 9 31 45 36
39 16 23 57 51 20
39 47 25 14 16 43
39 11 23 27 16 47
39 53 52 37 48 7
39 9 50 4 53 53
39 36 26 52 47 45
39 41 34 54 11 35
39 1 6 56 48 13
39 10 6 4 56 31
39 0 32 7 38 47
39 0 18 5 50 60
39 60 30 28 17 1
39 12 13 9 8 23
39 52 21 56 37 50
39 56 30 49 3 2
39 34 4 28 62 31
39 7 33 27 26 40
39 13 49 60 60 62
39 63 19 5 0 61
39 16 14 54 18 31
39 50 50 27 63 47
39 28 37 30 17 6
39 32 33 27 7 6
39 49 48 9 36 33
39 12 53 41 11 6
39 26 6 34 46 25
39 13 1 34 27 19
39 50 46 50 14 2
39 36 3 63 8 30
39 20 21 33 45 46
39 54 28 40 38 46
39 10 12 37 43 35
39 31 14 44 29 59
39 43 34 53 13 28
39 27 56 16 52 45
39 52 55 26 3 34
39 42 49 28 15 29
39 11 17 22 60 15
39 6 48 36 51 33
39 23 31 25 21 4
39 38 46 10 27 29
39 55 62 23 58 13
39 35 46 52 22 62
39 17 52 15 33 38
39 56 62 11 7 14
39 9 39 31 60 27
39 23 57 19 39 63
39 53 11 54 52 35
39 49 17 54 59 24
39 16 18 6 26 6
39 24 62 49 23 45
39 50 49 49 29 53
39 9 14 63 21 50
39 4 6 34 0 21
39 55 55 12 32 20
39 28 2 59 31 1
39 35 4 2 54 6
39 54 59 57 16 5
39 19 32 20 37 31
39 5 17 3 10 12
39 39 58 29 54 16
39 27 53 42 58 60
39 63 53 9 49 43
39 43 40 63 45 7
39 3 59 22 12 55
39 28 47 26 6 38
39 38 58 7 59 2
39 49 7 50 25 22
39 4 61 59 3 22
39 55 37 9 27 10
39 33 38 7 34 49
39 32 63 58 25 15
39 37 59 37 37 27
39 21 53 2 50 36
39 0 61 51 12 31
39 61 25 30 18 31
39 40 4 43 56 29
39 22 28 8 10 16
39 36 35 12 40 51
39 53 18 26 27 56
39 0 54 56 38 21
39 2 26 59 34 37
39 23 12 10 62 3
39 58 51 43 20 40
39 62 51 48 57 54
40 20 49 56 61 33
40 4 57 8 16 40
40 0 13 49 7 14
40 8 34 14 29 21
40 55 42 11 21 46
40 13 41 7 61 56
40 58 6 62 27 48
40 41 55 13 12 27
40 45 42 43 11 3
40 63 42 17 8 40
40 51 41 32 14 12
40 22 29 18 23 29
40 17 4 7 7 12
40 55 15 59 7 34
40 39 6 61 20 55
40 37 32 18 38 59
40 37 4 48 15 60
40 61 20 57 30 38
40 32 57 21 47 58
40 4 13 49 2 59
40 51 3 53 53 14
40 19 46 30 38 34
40 52 13 8 47 14
40 46 51 47 51 40
40 17 59 11 37 45
40 21 20 25 49 21
40 23 54 58 32 62
40 0 28 53 50 28
40 16 7 23 22 48
40 26 40 62 48 43
40 41 63 18 51 14
40 26 7 34 41 45
40 45 53 53 29 51
40 50 11 30 26 40
40 42 33 44 55 5
40 3 52 39 3 12
40 45 24 35 3 1
40 24 40 19 43 14
40 58 30 46 20 57
40 5 32 39 27 43
40 52 47 15 20 60
40 53 37 25 2 47
40 22 21 43 37 1
40 34 55 12 23 55
40 35 13 23 26 34
40 6 47 54 30 25
40 63 18 34 58 47
40 12 43 17 49 19
40 18 45 55 13 22
40 57 21 24 31 8
40 6 11 13 54 23
40 24 20 29 4 26
40 11 1 61 46 19
40 44 0 17 31 52
40 10 24 3 19 23
40 16 20 53 38 21
40 47 10 56 21 32
40 37 6 2 49 63
40 44 39 50 0 4
40 35 9 25 43 19
40 20 25 38 6 4
40 9 9 33 45 14
40 54 23 47 59 5
40 14 34 42 13 26
40 49 16 38 33 4
40 3 35 24 27 30
40 4 42 54 1 0
40 56 20 50 12 50
40 22 44 44 33 35
40 30 9 0 59 30
40 57 40 51 11 7
40 34 15 49 45 11
40 31 35 20 63 17
40 29 53 8 51 53
40 18 54 36 29 5
40 59 31 40 23 63
40 45 4 8 48 6
40 11 9 40 1 63
40 22 44 41 0 16
40 19 17 53 30 22
40 28 26 54 25 55
40 33 41 24 20 3
40 22 61 12 8 60
40 53 14 2 41 25
40 37 6 10 8 56
40 31 36 34 2 8
40 57 9 47 62 13
40 53 49 15 46 15
40 54 2 2 13 43
40 3 40 36 8 58
40 61 27 30 63 40
40 22 23 27 11 55
40 21 19 49 29 30
40 8 3 49 1 50
40 28 26 26 63 63
40 18 22 37 22 3
40 57 17 35 6 29
40 37 62 52 5 13
40 60 46 37 54 20
40 19 58 42 60 20
40 37 30 15 60 57
40 45 48 21 58 7
40 44 57 19 32 53
40 23 11 47 8 22
40 28 35 57 31 41
40 63 55 38 61 2
40 45 7 25 12 0
40 50 29 17 24 28
40 18 10 35 2 54
40 58 22 41 13 62
40 55 7 26 14 18
40 30 3 13 55 0
40 30 12 7 50 35
40 38 10 13 33 11
40 17 24 46 0 51
40 34 60 12 11 57
40 50 2 7 51 53
40 6 25 27 58 35
40 26 56 60 9 31
40 59 59 48 34 15
40 18 15 15 29 41
40 40 35 43 16 61
40 53 50 1 62 55
40 10 13 5 6 46
40 52 43 2 38 33
40 11 17 61 12 29
40 15 39 23 59 26
40 7 30 40 10 13
41 1 2 8 27 57
41 54 45 38 44 53
41 61 34 48 7 13
41 30 21 28 61 25
41 55 49 38 52 4
41 40 42 63 54 56
41 44 40 7 28 52
41 63 28 0 62 24
41 21 17 27 12 58
41 63 41 39 51 30
41 35 39 14 11 25
41 2 27 11 2 53
41 13 38 1 21 9
41 55 36 45 15 54
41 60 10 32 38 63
41 38 11 20 16 24
41 38 29 8 9 36
41 35 27 29 17 52
41 39 18 4 19 1
41 54 22 47 59 2
41 62 31 32 59 55
41 47 20 13 44 55
41 58 48 18 37 10
41 25 62 21 44 52
41 12 26 63 26 7
41 45 13 48 57 42
41 29 25 47 15 55
41 15 15 2 41 12
41 37 52 62 53 12
41 0 42 29 32 28
41 18 36 27 50 11
41 15 56 30 28 27
41 33 18 59 46 28
41 11 3 46 21 18
41 53 8 61 46 53
41 15 41 17 62 18
41 17 27 46 41 23
41 41 4 33 44 58
41 47 35 59 3 35
41 41 10 57 54 4
41 56 16 49 20 61
41 4 63 33 24 20
41 42 8 56 18 2
41 24 1 46 63 4
41 9 0 3 3 34
41 47 34 28 42 52
41 11 23 47 8 15
41 19 3 3 41 26
41 3 42 40 9 3
41 30 20 39 27 51
41 40 41 16 9 55
41 14 11 48 59 2
41 5 45 26 40 40
41 54 0 28 6 57
41 18 44 63 8 14
41 45 29 18 30 3
41 49 34 21 59 37
41 1 7 16 61 40
41 37 2 57 13 8
41 38 9 17 36 20
41 0 24 63 61 47
41 38 27 37 14 34
41 30 39 1 0 50
41 30 20 31 46 29
41 17 50 8 6 51
41 3 51 27 41 29
41 60 62 26 19 38
41 10 45 48 46 25
41 25 56 6 34 30
41 6 50 36 16 63
41 24 49 45 63 0
41 28 28 9 13 5
41 51 19 39 18 0
41 20 34 22 1 28
41 35 34 2 28 36
41 57 43 43 21 7
41 39 13 39 40 62
41 20 54 57 13 43
41 14 47 53 43 18
41 40 61 37 62 45
41 61 31 30 45 54
41 39 57 18 62 50
41 39 4 61 42 2
41 45 11 62 63 10
41 50 51 48 58 45
41 17 18 38 58 26
41 42 27 32 14 44
41 54 41 36 30 16
41 2 57 4 42 22
41 22 25 51 12 2
41 1 32 14 21 58
41 41 31 60 16 30
41 14 5 4 40 35
41 51 36 16 28 35
41 52 47 57 10 21
41 7 63 41 39 11
41 52 58 26 4 7
41 24 48 39 41 28
41 62 29 42 27 39
41 24 3 30 41 11
41 7 52 41 12 20
41 15 62 2 47 25
41 27 1 21 23 34
41 38 61 52 21 4
41 19 48 1 3 56
41 46 14 9 31 32
41 58 9 33 49 32
41 29 46 51 0 42
41 11 28 57 49 9
41 59 37 44 4 44
41 50 25 0 31 31
41 32 48 34 3 15
41 58 57 58 28 0
41 47 23 13 59 24
41 54 16 15 13 41
41 58 5 46 60 53
41 20 40 5 37 16
41 55 10 32 28 25
41 27 46 50 56 63
41 25 49 39 30 59
41 37 1 55 31 32
41 29 57 47 10 19
41 7 60 11 57 62
41 63 45 28 1 27
41 60 24 52 7 36
41 20 23 44 20 17
41 0 15 59 63 49
41 23 6 26 42 40
42 50 7 15 42 47
42 2 49 50 26 28
42 21 55 19 12 18
42 38 54 0 41 5
42 12 24 25 20 35
42 58 2 9 39 31
42 47 52 63 28 24
42 20 57 24 13 53
42 0 10 26 40 30
42 38 43 29 9 11
42 0 49 9 43 42
42 13 51 36 47 20
42 9 10 18 34 45
42 41 19 34 42 29
42 21 49 26 16 12
42 47 47 50 49 19
42 38 44 51 18 54
42 40 39 63 14 50
42 19 41 54 42 4
42 61 26 35 37 51
42 57 39 50 19 11
42 56 15 27 8 22
42 26 34 1 36 61
42 26 7 31 39 20
42 19 41 13 56 9
42 12 15 14 15 54
42 11 6 11 63 9
42 53 46 37 12 36
42 60 31 63 39 44
42 3 16 5 35 31
42 31 60 33 25 48
42 43 57 50 45 40
42 5 62 39 9 1
42 8 30 1 52 62
42 22 34 52 23 14
42 19 51 2 8 52
42 8 45 23 12 15
42 60 4 62 63 62
42 4 37 30 44 40
42 5 41 23 17 3
42 12 30 4 7 9
42 31 32 14 49 13
42 53 11 29 5 17
42 47 58 6 52 9
42 1 43 15 47 53
42 1 5 47 40 21
42 11 25 60 54 42
42 57 26 8 7 48
42 43 18 4 10 54
42 54 27 16 18 43
42 11 22 32 37 61
42 38 35 9 35 7
42 4 13 10 11 34
42 34 11 25 3 35
42 44 20 6 15 23
42 24 46 46 51 56
42 12 34 33 13 23
42 22 61 6 27 45
42 56 36 21 33 4
42 19 20 40 30 5
42 18 43 5 40 4
42 19 33 0 32 39
42 9 42 10 1 30
42 54 0 1 24 34
42 48 23 50 53 32
42 14 40 52 2 62
42 25 23 49 38 11
42 12 23 51 39 32
42 47 54 60 13 27
42 33 57 5 24 22
42 22 51 31 18 25
42 27 39 62 20 19
42 57 13 39 56 17
42 19 43 7 7 19
42 52 49 62 44 25
42 53 36 43 51 15
42 6 21 41 46 39
42 23 17 16 62 37
42 4 4 9 39 24
42 52 32 24 57 54
42 22 49 37 49 56
42 30 45 3 58 1
42 11 54 15 43 53
42 17 12 25 51 10
42 43 23 11 54 27
42 49 9 45 22 19
42 0 25 11 28 46
42 2 13 49 47 39
42 11 5 15 8 7
42 52 48 20 45 4
42 16 38 39 53 15
42 23 62 38 34 38
42 14 18 43 57 18
42 10 36 43 49 19
42 52 13 18 51 5
42 1 44 23 56 54
42 16 24 63 61 22
42 18 58 16 41 14
42 23 37 17 52 21
42 32 43 33 33 11
42 7 57 47 10 26
42 15 10 10 5 57
42 18 36 21 52 43
42 46 28 19 47 7
42 51 24 30 5 29
42 58 41 13 52 15
42 50 4 45 11 54
42 43 5 58 42 35
42 13 6 11 29 2
42 47 6 19 7 8
42 36 32 38 5 2
42 60 55 24 36 21
42 38 40 26 8 16
42 28 62 12 36 44
42 23 62 49 4 28
42 0 62 34 56 30
42 53 40 22 54 52
42 50 60 36 34 37
42 50 25 45 63 19
42 20 58 24 27 42
42 18 62 38 44 52
42 39 37 16 15 18
42 51 17 15 12 48
42 0 11 44 19 15
42 12 18 22 49 16
42 31 62 38 22 51
42 55 43 40 24 13
42 9 24 38 13 6
43 44 13 14 52 22
43 42 54 61 13 18
43 11 33 23 9 19
43 21 37 55 60 30
43 62 33 23 16 53
43 31 55 37 31 48
43 61 46 1 4 32
43 14 7 62 40 34
43 54 29 45 14 58
43 7 45 10 43 10
43 49 49 50 63 47
43 50 60 50 46 0
43 43 31 47 44 26
43 37 34 26 51 15
43 2 14 24 29 42
43 38 38 62 9 53
43 27 22 18 31 32
43 52 54 63 30 8
43 46 23 53 44 38
43 41 39 12 36 56
43 61 45 8 15 35
43 41 62 18 20 11
43 8 22 35 29 1
43 62 63 47 16 38
43 14 39 29 42 4
43 58 43 0 14 6
43 19 56 33 29 47
43 5 51 14 0 41
43 5 38 9 35 31
43 48 10 42 0 10
43 38 4 29 35 8
43 24 62 23 53 53
43 35 44 0 38 53
43 25 22 38 37 14
43 3 3 32 58 26
43 10 2 0 34 1
43 12 11 13 33 52
43 28 43 31 56 54
43 38 56 45 31 46
43 63 31 26 24 61
43 2 59 37 42 29
43 56 37 4 20 50
43 19 42 18 61 59
43 29 25 14 21 30
43 37 59 40 25 62
43 53 61 36 27 11
43 52 12 31 49 42
43 10 3 23 36 59
43 62 62 9 18 15
43 14 34 6 26 36
43 44 53 31 54 16
43 30 45 35 42 2
43 29 61 6 52 29
43 39 59 33 57 33
43 4 44 31 11 47
43 60 51 46 24 26
43 53 26 18 33 1
43 42 47 7 12 25
43 22 24 15 0 5
43 12 39 40 54 10
43 18 22 43 40 55
43 63 34 41 50 63
43 34 51 44 4 10
43 10 33 53 36 31
43 17 5 1 25 39
43 6 20 13 52 43
43 21 45 55 25 35
43 42 44 10 26 33
43 33 55 7 22 2
43 2 52 15 42 30
43 22 10 11 37 47
43 15 63 45 62 43
43 31 55 42 24 1
43 44 51 8 43 56
43 23 51 58 63 59
43 33 43 60 61 29
43 24 36 32 63 49
43 13 37 44 23 39
43 42 0 20 8 33
43 28 63 49 21 52
43 33 3 52 19 57
43 22 25 45 29 19
43 16 53 34 21 10
43 22 8 28 21 47
43 40 35 4 43 31
43 60 38 9 10 38
43 29 43 53 58 50
43 2 52 19 14 40
43 25 53 33 47 2
43 30 51 46 50 30
43 19 42 43 52 57
43 51 48 17 32 43
43 14 4 48 23 25
43 18 57 61 36 3
43 57 30 17 19 39
43 51 7 7 48 18
43 39 54 20 38 44
43 25 51 18 12 26
43 11 47 39 7 26
43 27 21 59 19 26
43 46 44 32 17 0
43 21 22 62 8 43
43 6 44 10 16 16
43 17 42 0 13 44
43 21 45 54 45 33
43 50 11 11 56 59
43 9 33 12 5 31
43 5 46 49 47 23
43 48 33 5 3 5
43 49 8 14 0 57
43 15 58 63 9 54
43 9 51 52 43 63
43 12 10 31 10 3
43 8 61 2 36 20
43 2 16 7 23 18
43 12 18 62 10 59
43 34 62 59 14 61
43 13 40 41 61 54
43 28 58 57 18 52
43 4 13 32 35 51
43 39 51 51 11 53
43 48 54 39 16 40
43 1 38 28 60 0
43 43 22 6 1 57
43 26 44 51 13 18
43 55 28 37 7 31
43 58 63 49 19 21
43 12 45 39 53 56
44 6 43 63 53 23
44 63 51 55 56 30
44 31 25 47 1 30
44 36 6 4 28 40
44 55 37 12 22 30
44 49 48 51 62 25
44 46 35 4 26 58
44 47 25 43 8 34
44 56 56 16 41 1
44 10 53 57 10 56
44 36 12 6 21 23
44 4 53 24 52 61
44 48 40 25 39 13
44 8 12 32 17 51
44 47 58 45 29 51
44 29 18 41 60 42
44 52 48 58 16 44
44 51 37 50 6 58
44 0 17 27 13 55
44 12 25 44 49 59
44 60 32 21 59 56
44 42 31 14 53 17
44 50 32 42 62 19
44 48 54 9 11 21
44 9 2 34 2 43
44 37 35 41 14 46
44 0 6 5 18 4
44 41 22 19 6 4
44 35 2 9 60 13
44 45 27 56 16 21
44 35 38 48 1 33
44 26 37 31 10 1
44 42 43 10 1 41
44 42 41 2 28 8
44 56 12 17 43 37
44 57 34 28 54 59
44 44 26 26 42 14
44 12 19 47 63 19
44 54 12 50 17 24
44 37 60 14 1 28
44 25 52 32 36 16
44 36 27 12 55 11
44 35 57 39 53 55
44 43 34 37 12 0
44 48 10 27 51 9
44 27 5 27 63 46
44 23 35 18 53 18
44 48 10 18 47 27
44 49 35 19 30 21
44 20 6 23 22 4
44 24 27 24 12 20
44 28 25 52 55 0
44 55 61 9 58 17
44 17 17 54 34 15
44 18 61 17 53 54
44 47 32 14 7 47
44 3 35 16 28 25
44 41 53 59 44 42
44 6 45 53 15 31
44 32 27 33 23 11
44 24 6 21 39 36
44 63 63 41 28 39
44 63 5 10 63 18
44 52 62 17 6 10
44 27 12 15 22 36
44 28 29 40 3 27
44 32 15 59 54 60
44 55 45 29 60 8
44 32 53 20 62 44
44 21 59 56 31 3
44 49 27 37 24 2
44 31 62 57 7 32
44 20 19 49 17 0
44 16 9 3 35 50
44 22 49 46 28 62
44 57 38 39 50 0
44 42 56 38 26 39
44 59 3 46 15 15
44 14 4 33 39 28
44 49 59 26 33 58
44 1 51 2 40 49
44 63 59 30 50 8
44 25 35 51 40 27
44 14 48 40 44 18
44 22 42 14 7 40
44 11 58 28 24 20
44 42 25 58 52 35
44 11 21 13 53 16
44 59 63 41 46 44
44 60 18 50 61 48
44 33 36 9 25 44
44 26 38 19 30 26
44 48 33 52 40 41
44 34 43 22 59 21
44 3 26 30 54 15
44 8 1 5 9 63
44 29 7 19 9 6
44 20 8 36 30 1
44 33 17 5 40 52
44 7 37 26 10 15
44 46 42 59 12 61
44 26 51 18 7 32
44 16 17 29 22 30
44 7 61 8 52 20
44 38 7 35 44 23
44 20 53 20 22 0
44 31 61 17 59 16
44 7 53 41 0 32
44 63 32 20 52 39
44 8 55 40 0 20
44 62 38 58 63 55
44 62 42 51 42 33
44 40 45 6 56 52
44 59 51 44 45 52
44 3 17 4 61 18
44 12 21 11 2 31
44 38 21 49 23 25
44 1 43 26 14 11
44 3 31 57 62 25
44 35 21 25 56 6
44 9 55 13 45 63
44 48 50 45 3 22
44 50 53 22 26 55
44 21 51 29 7 18
44 56 50 38 23 41
44 58 0 60 26 23
44 25 57 37 39 52
44 12 44 50 60 48
45 39 10 28 48 48
45 56 9 14 63 19
45 46 14 12 15 38
45 53 15 50 29 38
45 40 16 40 28 28
45 41 14 6 39 36
45 37 37 18 62 20
45 5 27 48 42 34
45 29 1 17 28 58
45 37 39 31 43 23
45 13 34 7 37 25
45 13 42 39 37 19
45 62 4 12 27 48
45 33 15 59 52 1
45 42 34 32 35 5
45 2 42 27 44 56
45 48 57 61 62 34
45 24 38 40 59 31
45 29 38 34 47 33
45 47 58 41 59 40
45 6 60 39 9 19
45 27 21 48 54 62
45 59 35 5 62 6
45 21 24 7 38 24
45 15 6 55 52 48
45 28 15 17 28 24
45 11 61 1 53 11
45 22 17 62 24 25
45 61 56 35 0 61
45 42 27 6 4 35
45 8 49 15 19 15
45 45 8 11 9 15
45 45 46 52 10 30
45 51 18 10 10 20
45 31 5 6 43 21
45 28 29 18 10 13
45 58 47 3 2 13
45 59 30 0 1 50
45 58 0 61 17 42
45 17 13 0 63 38
45 46 61 48 49 14
45 10 28 33 51 3
45 43 30 44 14 14
45 7 39 39 9 62
45 34 24 5 57 3
45 45 36 29 54 31
45 8 49 18 25 3
45 14 30 52 38 40
45 13 4 43 58 22
45 1 57 20 50 13
45 25 17 50 53 25
45 27 37 21 19 17
45 53 53 31 28 46
45 2 30 46 28 26
45 5 25 2 14 18
45 25 55 30 17 25
45 55 23 56 49 50
45 44 23 60 44 9
45 35 37 47 11 39
45 9 12 11 35 34
45 34 34 28 25 33
45 51 27 21 28 19
45 45 23 51 36 37
45 54 57 61 16 39
45 61 32 28 61 54
45 47 41 42 47 6
45 42 36 40 32 12
45 29 15 42 49 14
45 1 15 41 35 17
45 29 29 55 6 20
45 36 44 37 17 36
45 25 27 15 34 33
45 39 43 38 30 34
45 52 54 10 38 17
45 61 8 6 54 25
45 54 10 26 48 7
45 48 33 58 63 2
45 45 24 45 56 59
45 56 19 31 8 8
45 24 63 10 31 4
45 49 59 30 46 3
45 41 27 36 19 23
45 44 0 21 22 50
45 28 25 10 9 27
45 12 60 63 28 20
45 51 36 49 8 57
45 41 3 46 1 62
45 49 8 46 18 23
45 0 27 23 20 26
45 28 5 48 16 30
45 38 50 22 8 58
45 13 12 45 58 37
45 14 63 30 56 45
45 22 6 41 39 17
45 6 25 27 18 10
45 7 23 23 52 53
45 30 35 31 46 39
45 24 40 56 62 44
45 37 9 23 21 45
45 52 26 26 16 60
45 22 53 11 56 33
45 60 11 45 33 43
45 4 34 56 60 61
45 40 53 1 31 4
45 30 36 24 4 41
45 61 45 12 36 16
45 38 7 46 34 13
45 3 31 62 56 0
45 60 19 63 43 10
45 30 25 10 63 11
45 27 52 13 55 63
45 45 61 34 20 25
45 12 40 35 38 17
45 24 50 35 38 17
45 23 2 62 37 10
45 25 32 10 42 24
45 28 40 9 25 36
45 7 31 61 9 42
45 15 17 8 28 25
45 3 47 16 51 21
45 2 17 63 62 27
45 8 5 2 38 19
45 16 7 29 21 23
45 21 25 46 25 8
45 3 29 25 27 39
45 15 22 55 10 24
45 55 18 62 1 36
45 10 59 54 11 63
46 19 31 42 44 18
46 4 17 14 43 10
46 10 38 1 25 24
46 51 52 41 24 0
46 63 30 52 43 21
46 4 42 22 49 17
46 48 44 29 15 58
46 25 44 22 47 16
46 6 61 1 48 26
46 28 27 26 61 22
46 41 56 10 43 59
46 26 63 43 23 52
46 5 32 48 8 49
46 25 21 44 45 13
46 1 48 61 25 48
46 6 49 10 53 43
46 17 35 62 20 18
46 31 53 36 7 23
46 10 55 56 4 20
46 37 44 39 12 28
46 3 10 50 25 18
46 36 27 4 16 60
46 2 52 47 32 62
46 48 41 40 46 54
46 22 48 36 35 8
46 33 57 5 5 7
46 18 20 16 23 15
46 18 33 23 22 58
46 7 20 50 22 55
46 15 46 53 43 42
46 61 24 57 25 35
46 33 30 8 52 32
46 51 56 39 52 1
46 52 21 58 52 10
46 2 28 6 15 61
46 12 25 25 25 13
46 19 3 27 52 24
46 22 29 25 10 7
46 36 35 62 39 31
46 27 62 16 14 16
46 47 63 27 41 8
46 47 42 36 6 42
46 10 21 25 52 1
46 58 37 26 19 32
46 43 37 53 55 52
46 44 20 26 25 2
46 22 60 59 49 44
46 2 48 28 53 35
46 3 54 19 41 12
46 59 53 25 54 9
46 29 17 41 46 63
46 34 53 26 34 10
46 43 41 54 43 13
46 53 6 34 0 59
46 17 31 3 13 27
46 8 5 44 2 53
46 20 14 13 28 9
46 56 59 59 34 6
46 13 15 40 4 47
46 27 30 0 2 62
46 29 42 46 42 50
46 44 54 22 50 37
46 41 55 61 57 27
46 4 51 19 17 51
46 21 17 16 10 16
46 42 33 3 47 19
46 55 62 38 40 29
46 51 61 35 57 36
46 19 62 61 61 4
46 27 40 51 51 28
46 51 58 51 49 37
46 40 10 52 57 46
46 53 25 50 26 42
46 44 22 2 61 2
46 3 25 9 63 0
46 53 63 7 11 39
46 27 34 35 37 28
46 18 6 17 10 23
46 18 56 52 21 44
46 21 2 16 36 59
46 36 13 17 27 5
46 39 33 17 13 40
46 52 41 9 17 63
46 31 29 33 21 14
46 1 58 54 31 63
46 4 24 22 57 18
46 59 26 11 36 59
46 22 11 23 37 25
46 27 4 33 43 2
46 59 31 50 9 39
46 30 32 51 54 33
46 31 27 17 18 60
46 29 37 34 59 10
46 34 23 43 20 14
46 28 28 35 19 55
46 24 62 43 38 9
46 45 19 16 51 26
46 5 54 41 3 37
46 31 17 63 38 30
46 6 49 59 28 35
46 2 3 50 53 45
46 6 20 46 63 8
46 57 33 0 51 11
46 51 23 36 40 14
46 28 16 29 27 19
46 58 10 31 31 13
46 7 18 48 30 36
46 17 19 50 0 23
46 31 1 29 39 3
46 29 5 4 5 11
46 39 22 31 19 15
46 42 0 32 16 50
46 56 61 54 58 42
46 60 34 59 36 21
46 4 43 34 61 17
46 53 57 50 42 17
46 44 37 44 59 45
46 31 41 17 62 42
46 61 46 27 14 28
46 40 0 51 34 48
46 38 27 4 6 11
46 35 2 10 17 12
46 16 35 12 56 62
46 48 37 61 52 2
46 28 56 6 21 58
46 50 21 16 5 15
46 44 16 26 10 45
46 50 2 60 28 3
47 47 15 18 22 42
47 22 58 12 22 6
47 32 33 62 61 0
47 32 9 20 54 41
47 40 13 31 18 44
47 12 61 14 18 23
47 53 7 46 44 8
47 47 9 34 55 22
47 60 24 9 16 28
47 49 15 6 22 32
47 24 10 6 20 24
47 17 10 29 2 47
47 2 3 62 24 31
47 9 50 24 0 3
47 55 60 28 31 63
47 46 13 51 44 51
47 53 56 47 48 43
47 52 41 37 46 28
47 57 40 3 35 49
47 13 62 41 47 59
47 1 17 20 4 52
47 50 39 12 44 23
47 62 2 16 47 30
47 51 37 41 43 3
47 18 28 41 42 5
47 21 49 60 23 32
47 55 26 22 1 15
47 6 27 52 23 33
47 61 48 55 18 42
47 35 5 48 59 2
47 58 12 13 43 51
47 45 31 23 11 30
47 7 27 34 34 17
47 24 59 26 15 54
47 42 36 23 32 53
47 28 25 41 55 52
47 31 59 9 8 17
47 41 4 53 52 36
47 39 21 30 11 39
47 12 47 59 23 6
47 26 32 45 48 30
47 38 56 18 62 8
47 37 60 26 13 40
47 54 36 16 57 46
47 13 59 27 8 11
47 4 41 17 4 21
47 12 49 1 44 48
47 30 32 15 9 45
47 38 44 55 37 21
47 58 31 14 13 14
47 45 35 59 29 4
47 61 25 59 22 27
47 8 33 63 21 47
47 19 10 25 11 36
47 41 24 0 2 39
47 8 58 29 36 53
47 48 46 13 36 25
47 48 53 58 56 29
47 33 16 30 49 43
47 31 8 60 25 39
47 11 13 7 58 3
47 13 11 41 42 58
47 29 20 28 43 1
47 30 28 40 38 4
47 26 32 35 43 7
47 34 41 3 20 62
47 47 46 59 58 34
47 56 43 50 36 58
47 15 3 2 38 27
47 7 43 16 62 53
47 60 0 17 30 29
47 5 55 58 5 4
47 44 32 57 58 17
47 14 1 16 18 33
47 24 20 53 43 42
47 29 13 58 54 31
47 33 4 39 6 55
47 48 62 35 48 3
47 43 23 13 37 23
47 12 39 5 23 52
47 34 54 25 44 62
47 18 60 6 21 19
47 40 3 58 48 46
47 54 46 55 33 39
47 19 53 36 23 25
47 31 31 52 55 11
47 3 6 22 46 39
47 18 9 16 48 45
47 41 27 4 49 55
47 41 48 49 1 14
47 17 15 36 6 48
47 50 8 38 29 63
47 1 55 63 24 54
47 24 27 23 31 17
47 17 39 61 14 42
47 46 32 24 22 46
47 57 16 57 12 61
47 7 41 36 9 27
47 48 21 9 54 29
47 25 9 19 38 7
47 9 14 63 63 51
47 42 11 7 21 53
47 56 49 61 25 35
47 10 14 42 60 44
47 53 0 28 55 14
47 32 63 53 3 11
47 14 1 20 52 20
47 3 28 3 44 18
47 52 6 13 46 17
47 34 37 12 37 40
47 21 1 61 54 53
47 29 61 5 31 52
47 7 35 63 45 26
47 27 19 44 57 41
47 8 22 27 58 38
47 26 0 63 1 11
47 38 6 31 51 12
47 17 36 2 12 38
47 27 36 53 0 27
47 38 23 35 60 36
47 14 27 51 15 59
47 3 4 35 47 8
47 14 63 37 26 11
47 11 26 39 43 14
47 9 1 57 1 3
47 50 38 23 22 9
47 54 8 25 27 61
47 4 25 8 58 40
48 59 20 30 24 27
48 8 28 20 54 59
48 38 24 31 9 20
48 29 38 41 0 52
48 7 14 3 60 37
48 50 24 7 30 47
48 25 7 54 3 11
48 25 1 57 4 57
48 21 29 42 9 6
48 53 4 6 8 41
48 62 45 44 46 21
48 16 8 37 3 62
48 55 20 16 52 16
48 48 44 25 53 2
48 14 48 57 39 20
48 38 21 25 24 6
48 55 25 56 26 12
48 33 3 41 60 51
48 4 17 15 52 36
48 60 37 45 41 47
48 44 55 55 49 46
48 58 39 20 0 52
48 57 36 43 0 62
48 26 22 4 3 61
48 44 60 38 6 57
48 41 8 56 5 49
48 4 8 35 48 51
48 13 53 8 2 23
48 19 13 61 25 6
48 1 5 54 51 32
48 12 49 53 19 55
48 42 25 4 0 35
48 59 51 62 32 33
48 4 35 23 48 56
48 13 12 57 25 15
48 29 58 25 33 58
48 52 43 24 45 2
48 10 17 7 31 56
48 52 12 32 15 27
48 42 1 32 5 46
48 30 24 41 14 5
48 30 4 25 26 20
48 9 54 24 1 33
48 57 22 22 12 62
48 28 26 43 37 26
48 1 11 62 45 6
48 22 42 47 25 14
48 41 54 45 55 42
48 61 50 51 50 12
48 1 27 47 39 6
48 32 29 63 60 5
48 51 6 33 20 0
48 40 42 51 25 63
48 52 15 28 38 45
48 45 20 44 0 3
48 22 19 7 48 28
48 22 26 59 56 13
48 6 51 53 44 3
48 8 5 61 23 6
48 30 3 19 15 0
48 24 62 25 58 37
48 60 7 54 32 60
48 26 37 8 31 33
48 46 4 32 28 19
48 40 31 39 12 49
48 50 53 29 63 51
48 44 37 55 49 44
48 60 43 29 21 30
48 16 45 52 5 57
48 18 23 17 19 31
48 22 6 61 5 45
48 46 48 5 42 0
48 17 45 7 41 39
48 17 50 15 15 46
48 34 47 53 34 12
48 45 26 14 32 1
48 63 25 11 24 18
48 30 49 44 49 50
48 4 8 13 51 5
48 34 1 3 58 46
48 18 28 53 10 43
48 53 33 55 5 57
48 34 40 26 17 23
48 51 4 22 2 45
48 48 28 5 35 33
48 8 62 43 32 43
48 34 44 57 17 1
48 10 56 24 42 47
48 61 24 9 59 36
48 30 51 25 33 35
48 58 59 42 42 42
48 4 29 34 41 3
48 26 22 43 17 24
48 25 60 8 31 23
48 31 20 20 23 50
48 49 54 33 37 46
48 29 56 47 28 32
48 28 63 46 59 20
48 20 43 42 50 25
48 15 26 58 34 42
48 34 57 6 36 37
48 55 57 0 61 46
48 13 7 31 26 54
48 3 54 45 48 33
48 60 31 52 55 9
48 41 60 59 23 43
48 3 27 46 18 6
48 54 10 43 0 11
48 35 8 12 30 46
48 34 56 14 57 63
48 17 20 42 61 49
48 56 36 30 4 1
48 29 1 12 42 35
48 51 3 20 23 25
48 26 38 12 20 1
48 58 12 22 29 56
48 24 5 50 26 55
48 56 59 2 50 18
48 55 54 53 16 39
48 53 45 16 8 28
48 19 48 51 29 15
48 48 32 10 12 8
48 27 26 43 8 40
48 59 53 38 21 59
48 58 11 58 2 23
48 37 9 5 50 9
48 28 47 8 29 1
48 9 16 25 48 32
49 32 22 34 24 49
49 1 46 16 40 22
49 30 4 24 59 47
49 1 5 9 2 11
49 44 49 15 54 59
49 42 32 54 37 20
49 11 61 52 56 42
49 10 37 33 39 21
49 19 37 28 5 24
49 57 45 57 60 50
49 14 58 18 52 35
49 15 45 5 40 0
49 38 25 25 13 0
49 26 15 8 10 48
49 7 8 51 32 32
49 12 25 8 63 0
49 23 25 16 61 20
49 62 45 36 22 37
49 43 55 9 30 46
49 11 58 45 54 15
49 54 12 14 7 9
49 22 45 26 6 7
49 25 43 61 39 3
49 40 8 51 29 14
49 59 34 13 27 43
49 37 4 39 0 45
49 46 15 37 33 37
49 52 56 1 26 41
49 21 49 35 5 63
49 22 41 45 33 48
49 8 61 24 63 31
49 59 30 4 31 8
49 51 62 51 57 32
49 6 20 32 46 36
49 49 9 7 38 25
49 36 51 45 23 31
49 22 46 8 11 16
49 24 11 15 62 62
49 39 30 40 20 55
49 21 7 23 10 3
49 47 20 19 38 17
49 41 9 26 41 12
49 40 48 33 33 24
49 60 12 16 0 47
49 39 51 47 1 29
49 13 50 20 27 51
49 20 34 8 34 13
49 20 14 3 12 24
49 59 14 15 47 26
49 29 11 10 17 26
49 56 0 32 42 57
49 32 6 54 48 49
49 46 41 15 29 25
49 49 62 36 22 35
49 17 54 31 35 40
49 1 1 48 43 28
49 28 11 62 59 6
49 26 10 35 13 60
49 34 46 39 25 6
49 39 1 27 10 51
49 47 10 63 58 55
49 46 2 33 43 60
49 52 61 52 39 31
49 61 58 0 43 61
49 9 4 37 48 9
49 56 22 34 8 62
49 8 62 40 25 25
49 31 45 46 41 11
49 14 60 63 49 46
49 27 10 9 28 11
49 30 10 57 39 16
49 15 53 44 9 0
49 15 33 9 20 14
49 59 43 26 35 36
49 62 32 45 45 13
49 2 37 7 61 19
49 10 34 61 47 24
49 57 10 46 18 5
49 60 7 35 1 27
49 48 54 21 25 10
49 58 40 9 2 44
49 33 40 30 16 60
49 60 17 23 0 44
49 30 26 35 52 5
49 53 3 13 48 17
49 21 46 42 45 48
49 43 34 19 41 44
49 40 6 2 1 1
49 43 2 18 0 34
49 24 37 27 58 38
49 6 2 3 33 38
49 37 12 10 36 40
49 48 30 57 57 33
49 21 18 33 47 52
49 36 22 20 12 16
49 63 57 19 63 23
49 27 5 62 55 18
49 3 50 39 13 17
49 48 42 33 5 30
49 47 19 0 15 27
49 8 23 5 15 14
49 45 50 8 48 54
49 24 18 39 50 40
49 2 39 46 31 28
49 16 37 11 4 8
49 41 20 50 8 44
49 3 29 0 43 34
49 52 34 32 29 6
49 48 16 14 33 59
49 59 22 45 32 7
49 56 30 35 27 53
49 55 10 51 55 8
49 52 0 51 28 44
49 41 62 35 59 56
49 43 7 30 55 16
49 17 24 14 4 58
49 46 45 41 55 27
49 6 53 54 4 46
49 40 4 0 59 28
49 40 39 60 24 49
49 48 40 63 4 19
49 17 2 42 30 43
49 39 11 5 9 32
49 37 29 15 26 34
49 54 18 47 18 27
49 59 53 6 10 57
49 16 3 37 60 25
49 27 31 56 31 32
50 44 30 19 10 50
50 6 49 56 11 0
50 28 50 48 41 36
50 47 39 7 37 53
50 22 11 56 26 62
50 35 23 4 46 27
50 7 62 46 13 36
50 55 26 27 10 37
50 20 56 5 26 57
50 62 39 28 39 20
50 42 52 6 5 45
50 62 63 8 9 24
50 25 38 49 43 6
50 55 28 32 5 23
50 3 12 9 30 17
50 45 26 30 37 34
50 33 3 45 9 59
50 51 53 41 21 53
50 28 54 3 56 21
50 41 49 29 33 35
50 29 3 60 4 43
50 32 24 27 45 48
50 17 33 5 38 34
50 4 38 57 21 19
50 18 6 33 15 12
50 61 11 21 38 30
50 19 38 46 24 49
50 24 10 0 45 30
50 54 56 63 57 18
50 17 16 3 32 11
50 18 38 0 16 33
50 50 50 5 22 34
50 45 54 22 24 51
50 46 49 41 20 18
50 19 0 40 7 23
50 45 47 39 50 5
50 0 59 28 0 36
50 62 39 56 1 16
50 1 39 17 19 3
50 19 56 58 36 40
50 51 40 41 5 18
50 19 23 16 62 21
50 25 18 7 4 52
50 53 3 38 54 20
50 29 59 42 35 24
50 0 5 24 37 52
50 32 7 2 8 43
50 30 49 22 5 41
50 34 55 36 55 57
50 58 5 43 26 41
50 57 6 10 24 15
50 19 55 17 17 46
50 4 47 52 20 19
50 42 51 49 0 5
50 9 1 35 19 28
50 41 9 2 23 16
50 20 16 40 1 55
50 12 50 10 34 50
50 41 2 24 34 41
50 12 33 15 24 13
50 15 44 18 32 31
50 20 39 28 55 52
50 59 41 50 41 34
50 39 33 26 5 12
50 16 10 35 6 21
50 27 48 11 8 47
50 26 11 50 47 57
50 56 21 36 55 25
50 14 36 11 48 23
50 17 63 41 7 43
50 13 7 46 37 19
50 31 13 18 30 45
50 14 0 6 57 63
50 48 14 11 8 59
50 20 16 45 28 40
50 51 13 32 22 54
50 24 3 49 16 4
50 31 11 29 51 8
50 50 60 36 52 26
50 15 47 48 34 20
50 20 33 14 17 48
50 53 63 44 52 32
50 29 15 51 16 27
50 11 4 8 61 44
50 2 3 27 20 2
50 40 31 24 58 48
50 17 17 61 18 54
50 35 56 45 60 18
50 49 0 19 32 24
50 7 27 30 52 63
50 0 4 37 1 42
50 21 44 32 11 58
50 60 57 56 21 28
50 51 47 28 48 49
50 39 44 58 56 40
50 7 28 31 16 1
50 11 24 37 22 14
50 55 63 23 41 21
50 62 27 44 34 58
50 35 44 7 4 53
50 50 31 18 5 42
50 33 14 62 58 17
50 40 32 55 29 11
50 47 22 55 10 30
50 8 37 16 2 44
50 7 55 11 16 51
50 53 2 46 14 49
50 53 44 63 35 6
50 42 50 60 24 60
50 34 6 20 34 46
50 54 37 52 41 9
50 18 0 30 35 49
50 44 54 19 17 52
50 2 46 54 46 28
50 53 58 6 39 6
50 8 27 37 8 33
50 47 19 63 61 18
50 47 46 15 36 31
50 12 1 28 53 40
50 46 30 5 4 13
50 36 21 16 57 7
50 22 39 33 0 6
50 46 34 41 8 1
50 39 53 40 62 19
50 42 2 7 9 19
50 28 9 48 43 53
50 58 56 51 62 3
50 18 36 39 35 33
51 36 47 47 55 63
51 21 59 54 63 14
51 26 61 9 30 58
51 1 49 9 20 35
51 16 39 6 56 9
51 10 49 30 4 16
51 3 19 52 4 30
51 37 60 5 0 52
51 53 2 60 33 5
51 8 0 56 43 62
51 24 6 53 23 31
51 26 61 16 29 13
51 1 28 22 3 34
51 55 58 16 14 57
51 48 20 28 21 4
51 49 19 50 50 21
51 39 62 53 2 54
51 16 60 46 43 62
51 46 58 0 63 21
51 49 8 39 61 13
51 0 18 45 58 48
51 27 61 40 37 61
51 18 31 53 44 6
51 34 31 21 56 53
51 23 3 15 42 10
51 24 62 3 40 61
51 9 32 5 32 36
51 2 58 36 58 43
51 27 25 17 10 30
51 47 17 11 47 30
51 10 20 36 1 46
51 6 37 60 4 47
51 63 25 8 11 27
51 55 56 58 54 20
51 39 28 13 19 8
51 2 24 62 18 62
51 2 60 63 56 27
51 34 54 41 42 29
51 24 32 50 34 6
51 49 26 4 3 30
51 27 8 55 49 6
51 11 12 45 51 60
51 11 20 50 43 28
51 3 48 40 33 17
51 28 36 17 59 30
51 27 15 40 49 50
51 41 27 31 12 47
51 37 24 4 53 9
51 52 63 14 17 39
51 46 15 10 14 36
51 0 43 9 47 29
51 8 22 22 17 5
51 22 48 4 50 21
51 31 48 48 55 40
51 34 60 61 46 58
51 11 19 0 0 30
51 59 32 50 57 1
51 27 25 20 33 36
51 29 61 62 34 33
51 32 5 32 46 35
51 61 27 48 35 19
51 6 23 44 39 9
51 57 47 13 45 3
51 57 52 54 9 0
51 19 7 25 19 7
51 21 45 14 54 42
51 62 21 48 57 35
51 60 0 35 59 57
51 57 16 55 3 12
51 27 31 32 29 53
51 3 52 26 40 4
51 45 36 49 35 51
51 27 50 28 37 17
51 15 44 54 10 54
51 63 44 41 45 57
51 31 24 0 57 54
51 9 54 63 48 37
51 11 58 35 43 42
51 13 50 59 22 33
51 57 31 6 54 7
51 18 59 57 56 12
51 30 8 43 55 14
51 45 61 56 40 34
51 31 57 9 40 36
51 11 61 13 8 33
51 49 17 57 44 48
51 4 41 58 22 58
51 60 62 9 56 2
51 25 62 35 1 2
51 11 29 10 43 30
51 8 28 17 13 24
51 50 21 2 47 35
51 14 23 28 62 61
51 61 45 35 49 44
51 57 1 49 40 34
51 18 22 60 48 58
51 43 15 26 11 7
51 51 33 28 20 47
51 25 8 17 53 40
51 56 2 37 19 47
51 38 7 2 27 21
51 32 57 43 50 25
51 45 42 57 40 16
51 46 36 24 31 3
51 38 47 63 27 0
51 23 63 26 52 34
51 7 3 52 41 57
51 39 53 37 40 32
51 9 13 52 40 60
51 54 4 14 2 3
51 29 16 33 31 49
51 2 0 50 15 10
51 47 60 30 43 32
51 17 44 43 38 41
51 9 36 55 53 26
51 24 6 28 57 40
51 54 28 16 46 17
51 27 27 15 31 26
51 18 40 25 62 50
51 63 19 56 40 9
51 7 59 57 24 7
51 40 42 19 4 18
51 46 32 39 46 40
51 8 52 3 40 38
51 16 23 17 1 23
51 44 15 31 16 40
51 51 52 56 40 58
51 53 56 3 6 33
52 35 44 2 43 50
52 35 60 16 11 57
52 8 57 56 39 10
52 12 5 13 28 63
52 58 14 48 2 1
52 45 46 58 12 6
52 12 16 7 13 59
52 19 23 59 7 46
52 6 54 7 15 56
52 11 7 34 39 51
52 26 21 61 43 2
52 0 45 22 34 13
52 7 45 46 0 57
52 15 4 51 22 33
52 54 7 8 56 26
52 6 23 2 55 17
52 31 43 7 59 46
52 28 32 5 42 59
52 1 43 43 19 11
52 48 21 29 33 31
52 59 13 4 37 56
52 38 5 21 12 46
52 19 51 45 40 59
52 29 25 25 58 62
52 52 19 44 41 18
52 29 4 23 32 32
52 7 47 3 34 23
52 15 9 49 5 48
52 27 31 55 5 5
52 57 13 24 33 40
52 33 2 23 22 58
52 52 30 45 6 18
52 20 27 38 16 12
52 37 57 24 15 56
52 7 6 45 32 26
52 19 32 1 27 28
52 14 48 51 1 35
52 34 7 23 36 60
52 22 12 20 41 38
52 35 4 20 21 41
52 21 33 7 54 32
52 58 42 17 42 49
52 59 9 26 43 25
52 26 55 46 49 37
52 58 18 16 15 50
52 36 22 16 2 41
52 30 52 33 51 26
52 6 42 5 25 42
52 20 34 48 10 63
52 19 30 31 36 32
52 12 62 55 63 15
52 11 8 38 6 50
52 33 23 55 25 34
52 10 31 38 3 28
52 37 48 55 6 24
52 59 53 8 49 51
52 13 36 1 14 43
52 49 56 61 54 41
52 59 8 49 52 60
52 31 9 43 33 14
52 35 22 1 9 24
52 51 32 19 1 3
52 38 49 40 36 58
52 2 32 42 23 16
52 53 9 21 50 55
52 40 44 51 4 54
52 59 4 2 20 20
52 58 21 57 36 51
52 13 11 28 52 63
52 13 51 51 52 53
52 40 8 31 63 49
52 60 25 19 41 8
52 6 10 53 44 52
52 58 35 30 40 10
52 34 44 53 57 26
52 61 62 55 22 21
52 36 33 15 46 51
52 61 6 51 32 38
52 57 46 32 31 47
52 9 61 22 46 38
52 17 45 8 24 45
52 1 46 28 51 23
52 5 58 28 29 10
52 45 33 21 9 29
52 21 58 51 40 16
52 60 30 39 23 29
52 41 47 2 0 56
52 62 3 22 50 29
52 63 22 4 31 23
52 21 57 13 43 50
52 36 27 26 44 36
52 1 0 12 48 12
52 36 16 29 33 59
52 7 23 15 5 58
52 53 60 51 41 50
52 2 27 57 51 36
52 34 41 45 31 24
52 25 12 1 18 51
52 6 31 38 46 15
52 50 7 57 56 22
52 29 57 20 34 47
52 3 20 27 0 40
52 45 9 48 4 53
52 62 57 34 60 62
52 41 56 45 28 52
52 30 45 6 57 18
52 3 25 56 38 58
52 39 26 46 46 20
52 15 36 63 17 63
52 14 24 21 41 22
52 54 23 8 34 41
52 49 17 29 29 19
52 22 37 28 38 19
52 7 57 29 29 10
52 16 37 47 42 37
52 1 48 6 14 8
52 26 36 39 46 8
52 20 1 51 34 32
52 0 29 3 29 2
52 45 29 19 20 24
52 35 48 0 15 22
52 7 2 12 56 47
52 16 17 38 25 34
52 44 61 8 26 45
52 32 28 48 5 26
52 9 1 12 31 14
52 41 35 12 40 17
52 59 27 6 5 33
53 50 19 24 5 57
53 37 56 60 60 33
53 19 42 59 15 2
53 37 0 29 37 53
53 9 35 59 57 1
53 56 57 15 53 46
53 17 1 17 7 15
53 44 37 20 46 17
53 51 15 13 17 51
53 46 40 7 37 28
53 36 49 53 57 18
53 39 18 23 46 31
53 17 57 40 48 1
53 17 8 48 26 22
53 1 18 39 29 22
53 49 58 10 15 29
53 2 4 10 41 12
53 47 27 49 57 26
53 44 34 62 46 9
53 62 19 55 33 43
53 46 8 30 19 8
53 27 27 16 5 25
53 52 20 49 27 54
53 11 61 25 26 6
53 12 60 38 24 47
53 34 58 9 56 15
53 15 32 62 19 43
53 63 35 8 30 16
53 31 39 6 22 15
53 28 43 46 1 36
53 10 21 32 50 10
53 21 57 4 7 62
53 33 37 1 2 46
53 55 55 1 44 10
53 22 17 23 13 15
53 28 3 18 39 56
53 8 50 63 13 55
53 25 16 3 2 54
53 38 51 32 30 37
53 45 15 21 59 15
53 9 59 58 37 40
53 14 29 44 12 28
53 3 62 49 61 20
53 39 12 49 36 20
53 28 56 31 13 55
53 59 24 62 25 40
53 21 27 61 3 25
53 56 26 39 7 45
53 22 40 51 31 63
53 23 43 30 52 32
53 44 63 47 22 49
53 1 41 26 52 59
53 44 9 52 34 8
53 56 59 26 37 40
53 7 26 22 25 25
53 34 7 51 27 55
53 53 2 42 14 63
53 24 30 50 39 37
53 19 55 0 40 27
53 49 5 48 25 5
53 0 8 23 16 14
53 38 17 33 36 9
53 42 12 63 1 14
53 37 38 48 2 17
53 11 4 15 60 24
53 60 9 28 18 19
53 36 57 48 51 2
53 57 34 59 36 32
53 6 34 33 32 40
53 1 29 19 16 44
53 17 21 56 29 24
53 59 16 35 10 17
53 32 22 38 26 4
53 3 11 29 19 49
53 15 44 37 17 59
53 32 41 32 49 25
53 26 59 0 10 25
53 39 56 36 48 46
53 54 36 52 55 50
53 14 60 0 33 35
53 14 11 6 30 21
53 2 30 54 21 32
53 10 37 19 44 41
53 32 42 0 3 20
53 11 10 54 19 49
53 47 29 30 42 62
53 39 26 25 8 5
53 45 35 48 63 53
53 32 53 50 33 6
53 16 38 39 55 4
53 39 12 53 49 60
53 62 28 0 6 63
53 37 3 62 58 7
53 19 1 42 48 38
53 50 13 17 61 2
53 38 3 14 38 62
53 39 60 45 37 44
53 10 16 32 7 9
53 36 40 53 24 53
53 54 31 22 8 2
53 21 52 60 49 43
53 46 16 4 52 41
53 36 11 61 26 39
53 23 51 42 3 58
53 34 57 1 58 14
53 5 32 49 26 52
53 13 7 38 20 61
53 38 24 57 36 48
53 40 45 37 28 15
53 22 11 32 29 52
53 37 19 23 17 10
53 5 37 45 63 54
53 16 23 36 60 6
53 8 13 4 56 4
53 10 24 44 17 52
53 44 5 18 23 45
53 5 26 2 34 44
53 41 38 61 50 52
53 13 34 50 12 38
53 20 41 60 40 57
53 18 3 25 54 49
53 8 7 7 18 37
53 58 11 25 2 27
53 42 17 58 61 28
53 16 13 8 62 20
53 48 34 11 52 26
53 26 32 47 15 54
53 48 61 21 0 1
54 40 15 12 30 57
54 1 59 35 38 57
54 14 59 57 33 10
54 34 45 42 16 54
54 1 35 31 16 9
54 4 52 17 27 42
54 56 45 2 8 9
54 29 13 58 0 15
54 54 4 32 50 51
54 10 26 62 32 53
54 26 32 63 59 48
54 23 58 34 46 48
54 26 62 26 56 5
54 31 13 29 40 12
54 39 16 1 63 58
54 25 44 58 22 52
54 7 57 63 5 63
54 35 31 6 33 22
54 10 31 36 61 32
54 44 30 53 33 50
54 46 2 2 20 22
54 43 43 35 2 21
54 5 3 5 3 8
54 23 32 19 21 29
54 26 44 41 9 49
54 16 25 46 5 25
54 49 42 53 46 9
54 16 46 16 5 63
54 45 25 28 19 11
54 7 54 26 22 8
54 55 12 12 43 59
54 61 18 29 13 40
54 58 48 53 3 46
54 49 28 23 30 35
54 47 31 58 44 57
54 5 56 54 23 7
54 42 26 60 58 6
54 52 4 5 27 23
54 61 24 43 20 62
54 37 11 6 41 9
54 9 52 37 34 49
54 58 34 42 42 63
54 35 56 26 19 12
54 10 35 15 40 27
54 17 27 54 32 26
54 13 15 2 54 57
54 13 22 60 53 31
54 16 8 38 1 54
54 2 5 44 17 35
54 32 23 21 13 60
54 39 0 40 26 36
54 43 61 58 48 21
54 41 18 12 40 37
54 6 60 47 61 46
54 60 15 54 44 4
54 19 28 59 11 56
54 30 25 32 62 26
54 1 4 48 6 50
54 63 34 28 10 61
54 36 24 13 62 33
54 43 18 28 55 43
54 33 22 58 14 9
54 18 55 1 36 54
54 4 60 40 63 61
54 22 0 9 25 60
54 0 8 28 15 2
54 4 0 60 44 2
54 57 41 0 49 42
54 7 34 56 62 21
54 50 54 33 40 12
54 10 20 24 46 3
54 56 49 31 51 27
54 54 26 22 41 22
54 40 30 10 28 15
54 61 32 15 28 37
54 51 20 27 29 18
54 5 51 45 2 54
54 30 60 56 45 26
54 49 62 6 47 55
54 21 43 62 44 53
54 43 51 44 4 43
54 12 29 17 49 9
54 2 11 18 47 8
54 53 43 49 9 61
54 23 55 56 62 19
54 55 62 34 7 56
54 58 56 13 13 38
54 31 48 36 5 31
54 56 45 26 45 45
54 24 32 10 56 59
54 19 34 16 34 52
54 61 53 14 37 21
54 1 8 51 50 29
54 24 44 1 21 29
54 62 39 48 38 57
54 59 25 53 52 13
54 35 29 55 39 50
54 10 57 29 50 55
54 38 55 51 15 59
54 24 40 14 25 10
54 8 14 58 40 57
54 8 1 29 5 48
54 30 31 19 12 54
54 50 31 18 0 55
54 4 2 2 40 17
54 22 49 31 5 56
54 28 48 11 10 0
54 47 26 19 11 50
54 13 13 41 26 47
54 22 59 54 46 6
54 5 7 42 44 26
54 7 15 61 55 9
54 33 52 20 30 33
54 36 17 32 23 45
54 46 42 28 25 22
54 24 25 44 32 33
54 15 50 33 36 44
54 35 63 60 59 60
54 0 56 26 23 22
54 25 61 34 51 5
54 4 56 14 13 29
54 42 62 18 24 29
54 0 11 11 25 13
54 55 32 32 44 27
54 63 18 18 57 2
54 16 6 17 16 18
54 59 63 43 36 36
54 34 18 59 30 7
55 51 2 62 0 37
55 52 60 15 28 60
55 53 58 49 28 25
55 32 45 57 10 31
55 6 5 42 16 43
55 45 1 14 30 26
55 19 17 41 12 41
55 23 33 59 38 40
55 52 48 36 20 19
55 23 63 40 57 32
55 59 31 18 54 2
55 52 9 8 61 17
55 51 15 48 59 51
55 4 29 6 57 21
55 50 39 27 16 22
55 0 45 6 23 38
55 50 28 52 6 6
55 7 8 8 20 55
55 53 21 21 17 29
55 20 29 62 50 54
55 41 19 44 31 40
55 60 28 13 37 51
55 0 18 21 26 53
55 17 36 15 58 40
55 7 38 32 39 56
55 48 19 60 61 17
55 56 10 7 23 31
55 38 9 44 58 27
55 50 5 31 38 53
55 57 19 13 26 0
55 37 36 58 27 39
55 47 48 7 10 54
55 46 57 26 35 43
55 34 29 18 60 25
55 4 39 36 14 60
55 19 42 1 17 31
55 13 41 52 18 3
55 14 32 41 24 55
55 31 8 52 15 15
55 50 32 9 18 31
55 12 60 56 17 61
55 49 3 1 22 57
55 8 63 49 5 21
55 28 3 2 16 30
55 22 22 37 33 13
55 8 28 41 10 39
55 13 29 2 48 49
55 4 31 32 51 9
55 20 38 32 22 44
55 57 47 28 31 40
55 30 63 27 11 3
55 50 61 48 10 61
55 63 31 57 39 15
55 45 38 38 8 28
55 43 18 41 24 40
55 48 0 44 39 53
55 22 2 5 58 37
55 4 37 36 1 32
55 21 2 47 42 53
55 43 25 42 26 22
55 49 0 51 29 33
55 63 60 4 41 3
55 50 10 46 35 32
55 30 31 46 35 47
55 31 57 23 11 34
55 9 36 59 41 45
55 26 63 30 38 56
55 57 2 0 33 45
55 24 2 32 46 39
55 42 7 41 34 0
55 46 10 61 8 2
55 3 31 12 60 46
55 17 30 59 42 0
55 33 17 1 61 9
55 45 37 20 51 61
55 45 62 27 40 27
55 14 60 22 5 13
55 31 23 4 29 37
55 31 26 17 39 10
55 3 41 1 38 26
55 27 44 38 45 46
55 38 57 16 14 12
55 19 10 29 3 58
55 62 20 18 50 3
55 48 43 15 56 44
55 10 47 17 26 63
55 26 30 35 44 35
55 59 15 16 49 0
55 56 52 46 38 57
55 32 19 41 9 7
55 41 11 11 7 43
55 47 53 31 18 42
55 21 21 54 17 13
55 59 54 52 4 0
55 3 59 12 30 41
55 51 46 11 34 29
55 48 57 12 57 24
55 33 10 11 47 23
55 29 15 9 10 25
55 51 51 45 29 36
55 47 41 21 2 55
55 34 41 62 42 19
55 18 55 43 20 24
55 59 24 60 0 54
55 51 7 37 13 51
55 0 57 1 9 5
55 18 46 11 62 38
55 14 34 36 53 54
55 4 11 2 34 15
55 22 20 30 8 26
55 24 37 37 6 55
55 27 31 3 43 12
55 44 42 15 31 54
55 10 23 37 23 50
55 59 35 3 0 10
55 60 53 28 27 26
55 47 47 51 15 13
55 29 2 13 18 32
55 4 27 26 48 10
55 4 52 22 9 12
55 29 55 53 4 57
55 44 8 39 56 49
55 32 8 34 12 6
55 56 55 3 11 19
55 58 54 46 44 39
55 2 19 15 26 61
55 29 5 24 38 26
55 2 24 12 20 13
56 53 50 23 46 52
56 22 9 8 49 58
56 25 12 1 61 24
56 20 34 1 10 28
56 48 10 15 49 52
56 17 38 37 20 26
56 9 20 46 14 11
56 8 52 10 58 35
56 9 19 1 50 12
56 7 15 21 18 61
56 14 18 4 62 15
56 21 63 57 19 3
56 52 23 17 12 56
56 36 17 46 9 43
56 5 11 16 52 14
56 61 8 23 2 40
56 25 47 13 58 33
56 26 59 6 2 28
56 52 59 44 21 62
56 11 13 62 9 53
56 27 21 25 26 50
56 10 40 39 49 53
56 56 14 15 57 61
56 27 54 28 47 4
56 50 46 16 10 62
56 53 49 33 60 22
56 2 37 43 27 31
56 40 29 31 48 60
56 31 6 47 48 15
56 40 11 52 9 1
56 59 60 9 51 45
56 58 27 55 22 40
56 0 33 55 55 54
56 36 43 49 6 19
56 59 48 47 17 43
56 1 3 51 55 51
56 26 28 34 11 17
56 44 17 3 41 14
56 28 12 15 1 24
56 7 43 39 13 45
56 46 23 28 10 53
56 58 2 0 57 8
56 22 56 60 28 27
56 7 0 60 41 39
56 37 43 3 12 3
56 59 27 30 43 63
56 18 18 15 12 31
56 22 14 51 37 59
56 11 38 7 41 29
56 33 38 60 22 29
56 48 2 22 43 15
56 1 21 13 12 63
56 29 54 34 4 14
56 20 52 2 63 46
56 38 29 31 2 8
56 11 0 9 15 13
56 17 52 4 28 38
56 10 23 52 47 34
56 4 37 14 49 12
56 15 48 29 60 41
56 27 63 46 36 2
56 60 21 27 25 43
56 35 18 0 60 47
56 27 44 16 52 46
56 27 48 53 54 19
56 15 46 26 45 49
56 61 60 34 60 44
56 42 40 6 28 22
56 37 44 37 36 20
56 27 23 30 22 60
56 46 0 23 55 25
56 24 59 18 27 59
56 37 63 34 19 56
56 48 40 7 55 32
56 60 16 55 56 2
56 38 40 39 25 50
56 20 12 33 24 20
56 52 17 5 27 31
56 28 44 56 33 58
56 6 45 15 62 63
56 24 63 40 14 41
56 47 41 22 32 24
56 57 18 50 1 24
56 55 2 57 10 10
56 4 24 17 31 43
56 0 0 53 62 61
56 33 33 62 41 29
56 28 54 14 18 62
56 54 46 49 5 54
56 14 42 7 15 43
56 16 47 35 12 57
56 17 19 63 48 35
56 63 44 0 62 48
56 13 3 12 45 12
56 62 16 58 27 32
56 12 23 54 59 40
56 52 27 16 35 3
56 39 46 52 16 41
56 33 35 20 27 21
56 22 51 17 50 19
56 9 10 55 9 35
56 30 34 23 43 57
56 5 12 34 28 55
56 51 54 52 51 26
56 63 36 56 50 23
56 26 12 61 51 7
56 55 12 51 56 23
56 19 6 52 6 35
56 55 43 32 47 51
56 34 8 1 22 38
56 40 41 25 9 0
56 8 43 24 30 21
56 30 45 55 29 17
56 32 1 8 9 20
56 25 41 54 48 42
56 17 10 49 58 63
56 5 14 25 14 25
56 53 21 50 25 7
56 39 53 9 53 30
56 22 23 20 47 29
56 25 11 19 35 1
56 13 46 43 4 35
56 32 4 43 45 48
56 60 7 31 52 6
56 40 23 44 51 19
56 34 31 33 31 3
56 18 17 53 12 2
56 1 9 23 35 19
57 45 13 33 12 20
57 5 28 24 0 57
57 41 45 43 25 62
57 4 27 33 53 5
57 26 32 17 63 36
57 32 4 56 50 45
57 40 46 24 55 62
57 11 0 35 7 33
57 61 39 0 6 41
57 39 27 22 56 57
57 50 25 18 24 37
57 11 21 1 27 14
57 44 52 27 57 58
57 16 17 51 6 13
57 52 42 27 35 49
57 27 13 23 16 43
57 14 29 43 4 46
57 57 8 55 29 28
57 45 0 61 52 16
57 7 12 45 16 8
57 11 16 33 18 50
57 1 18 22 51 18
57 38 32 24 59 6
57 18 40 37 12 23
57 60 62 32 46 3
57 44 10 56 53 55
57 27 52 48 27 38
57 24 18 48 10 52
57 15 21 24 50 42
57 11 8 27 61 45
57 16 29 30 57 49
57 27 27 7 16 43
57 41 57 32 4 42
57 33 50 46 29 17
57 63 0 47 50 34
57 22 42 31 50 36
57 61 12 55 42 60
57 15 48 22 17 5
57 51 39 61 9 46
57 37 7 0 62 28
57 4 46 21 52 3
57 15 49 23 20 54
57 63 17 23 3 50
57 22 24 6 58 13
57 52 25 18 37 37
57 41 48 52 6 50
57 12 38 15 31 28
57 60 19 54 10 42
57 44 6 30 27 33
57 45 34 7 14 16
57 51 16 35 39 30
57 53 38 31 21 24
57 32 3 54 36 63
57 30 62 30 8 35
57 37 19 24 37 43
57 1 21 12 24 3
57 13 9 4 24 56
57 29 18 38 53 42
57 18 31 34 35 3
57 50 28 6 19 2
57 53 32 47 54 60
57 63 30 43 54 14
57 26 46 56 47 3
57 63 23 27 37 55
57 38 27 7 61 44
57 25 17 62 34 51
57 31 42 61 18 58
57 54 44 20 24 22
57 37 53 19 9 62
57 44 62 62 50 43
57 49 17 27 29 54
57 33 3 18 45 40
57 59 20 20 21 63
57 37 54 11 45 53
57 34 35 45 11 24
57 10 8 27 57 33
57 9 59 4 9 50
57 42 61 36 52 25
57 52 42 46 7 1
57 57 44 42 45 30
57 55 56 9 32 3
57 40 24 51 31 14
57 9 35 10 53 40
57 36 38 32 52 60
57 0 20 14 61 17
57 10 0 63 9 38
57 54 50 39 1 35
57 63 20 20 56 17
57 22 18 20 62 8
57 24 56 60 54 42
57 46 31 21 5 53
57 36 33 59 59 12
57 42 14 3 32 27
57 24 41 13 16 40
57 40 34 38 43 56
57 60 47 38 4 59
57 41 17 5 13 63
57 19 17 47 36 14
57 27 33 62 22 53
57 2 45 33 58 10
57 9 61 48 24 12
57 45 36 29 40 32
57 20 3 30 17 52
57 42 63 28 20 22
57 63 49 37 20 27
57 54 55 25 17 59
57 12 37 43 14 14
57 47 36 50 1 41
57 34 56 50 4 15
57 28 32 25 24 12
57 34 12 37 15 52
57 61 35 37 62 26
57 30 56 18 51 9
57 21 2 25 35 5
57 41 43 58 47 41
57 53 3 3 55 0
57 31 52 13 26 25
57 54 40 46 55 18
57 16 37 9 17 37
57 42 0 47 13 26
57 56 0 40 6 52
57 3 44 23 15 61
57 28 17 52 26 58
57 22 49 49 10 43
57 56 15 23 32 61
57 44 11 45 24 34
57 46 26 4 46 29
57 17 29 41 3 27
58 48 24 42 29 56
58 35 33 10 45 61
58 9 6 17 5 14
58 6 1 17 21 11
58 52 48 41 27 60
58 16 61 17 54 40
58 1 48 6 25 40
58 41 27 45 57 0
58 40 63 32 58 44
58 53 44 18 20 10
58 36 34 57 25 13
58 53 3 58 50 16
58 25 17 0 0 32
58 50 5 20 25 17
58 30 60 59 13 27
58 43 4 4 55 14
58 31 33 52 25 48
58 42 7 31 29 51
58 20 47 40 11 54
58 63 26 63 38 60
58 11 36 38 56 32
58 53 29 63 15 46
58 37 63 17 29 38
58 14 49 62 31 53
58 27 59 63 7 57
58 37 63 5 47 17
58 12 39 17 37 41
58 2 49 6 48 16
58 18 43 33 10 55
58 29 53 63 63 22
58 25 2 45 22 23
58 0 49 39 7 51
58 8 18 22 34 42
58 21 3 43 35 4
58 53 61 7 19 59
58 32 43 4 28 15
58 40 45 54 0 16
58 37 31 53 12 62
58 10 39 49 63 25
58 50 59 51 56 1
58 39 56 59 27 5
58 6 48 54 55 13
58 23 26 40 19 4
58 10 48 56 42 41
58 0 34 43 54 25
58 27 63 43 59 40
58 17 13 36 37 41
58 28 53 44 22 1
58 4 31 59 0 52
58 33 46 22 23 42
58 32 1 55 35 20
58 19 61 22 16 45
58 44 36 23 17 3
58 37 25 17 11 27
58 12 2 10 47 11
58 27 18 22 56 15
58 31 23 14 39 36
58 48 21 0 7 44
58 38 59 59 29 31
58 41 18 4 54 60
58 26 22 29 57 34
58 57 17 3 33 39
58 61 33 19 44 54
58 22 62 44 47 13
58 26 50 0 41 39
58 11 53 40 15 45
58 36 26 40 9 59
58 11 8 61 48 41
58 35 50 19 44 34
58 55 13 30 38 6
58 53 5 0 20 30
58 6 53 3 59 50
58 40 17 56 58 39
58 23 49 44 55 63
58 43 19 8 40 11
58 19 39 52 22 60
58 29 54 1 58 4
58 56 15 17 49 16
58 25 47 60 13 55
58 52 61 55 24 38
58 8 32 62 12 44
58 37 25 53 60 18
58 63 38 54 37 5
58 51 49 4 16 27
58 19 17 31 7 14
58 34 62 13 49 13
58 54 12 5 45 20
58 33 23 27 2 51
58 23 41 2 43 33
58 27 5 32 2 55
58 17 50 13 51 7
58 4 34 22 46 17
58 36 3 45 12 51
58 60 3 47 44 2
58 27 8 0 16 19
58 12 46 1 16 1
58 48 0 46 5 51
58 61 10 25 36 54
58 43 39 10 51 29
58 12 38 38 5 34
58 29 12 51 3 49
58 60 27 45 8 8
58 51 16 40 13 55
58 32 18 63 11 12
58 43 5 38 25 37
58 47 25 42 14 29
58 4 13 5 48 51
58 6 45 37 23 50
58 25 15 44 1 10
58 53 32 24 4 42
58 45 46 47 46 50
58 35 36 6 53 51
58 49 40 52 51 23
58 6 60 37 43 34
58 18 57 15 14 6
58 6 30 35 10 12
58 1 11 51 5 52
58 22 6 34 61 7
58 45 50 38 2 19
58 0 63 41 23 45
58 23 31 36 22 48
58 36 40 32 63 44
58 40 21 13 51 38
58 28 11 17 1 51
58 14 32 51 8 32
58 48 18 52 6 11
58 54 1 0 48 29
58 46 63 53 23 8
59 42 9 1 1 22
59 8 37 33 6 21
59 52 27 21 32 50
59 18 8 12 0 6
59 59 47 23 58 26
59 18 46 8 49 5
59 26 61 32 23 20
59 63 63 48 19 24
59 4 30 60 7 5
59 50 3 13 53 47
59 48 5 23 9 38
59 13 20 20 4 53
59 43 45 30 57 48
59 46 37 57 26 39
59 31 22 26 19 9
59 4 19 5 45 19
59 23 5 58 19 22
59 43 20 59 2 29
59 38 24 53 7 25
59 45 40 10 53 23
59 31 42 12 21 44
59 13 45 7 4 39
59 0 17 7 18 46
59 55 11 59 52 26
59 9 61 22 28 17
59 60 9 41 18 43
59 22 49 58 16 53
59 17 4 19 41 27
59 3 17 56 5 19
59 31 62 20 10 14
59 16 22 15 26 31
59 45 24 21 7 59
59 28 29 20 45 13
59 54 34 20 4 5
59 55 28 5 5 51
59 36 30 29 37 26
59 46 44 35 3 31
59 61 60 11 47 21
59 46 15 54 55 7
59 28 44 19 20 32
59 43 49 0 45 35
59 2 41 14 25 51
59 16 39 51 30 10
59 43 43 1 61 13
59 44 11 45 45 16
59 53 10 27 15 26
59 43 9 63 51 50
59 58 62 60 9 50
59 14 16 52 60 45
59 1 23 20 47 25
59 4 59 12 22 39
59 36 16 32 7 37
59 49 47 50 2 0
59 33 1 60 28 1
59 55 52 22 6 36
59 13 27 51 12 34
59 9 23 33 51 55
59 31 1 58 56 42
59 5 53 41 1 2
59 32 52 10 6 8
59 25 42 27 45 37
59 18 28 0 27 8
59 27 22 2 16 26
59 1 47 25 22 61
59 34 59 4 5 26
59 39 29 10 3 5
59 50 55 56 22 38
59 29 47 42 56 56
59 38 36 48 21 57
59 35 50 58 17 51
59 50 8 44 2 9
59 27 36 50 17 10
59 3 1 40 47 29
59 34 49 56 36 28
59 32 0 46 62 42
59 13 6 50 15 53
59 54 5 0 4 45
59 44 15 42 32 60
59 13 11 61 63 63
59 34 26 58 47 55
59 20 29 30 23 58
59 63 13 43 23 49
59 57 40 33 63 50
59 25 46 1 52 19
59 47 58 39 41 22
59 28 44 52 10 45
59 44 35 19 8 43
59 35 42 25 44 22
59 57 22 63 38 53
59 35 46 18 28 48
59 0 35 47 43 20
59 16 6 14 35 50
59 4 49 15 44 46
59 8 21 29 51 46
59 35 26 41 6 44
59 54 2 40 47 59
59 53 60 10 30 31
59 30 12 20 31 16
59 60 55 17 24 7
59 39 51 15 3 49
59 50 39 35 58 11
59 60 62 22 51 4
59 60 36 7 57 24
59 49 49 38 0 53
59 41 32 34 22 40
59 0 9 24 62 51
59 41 58 57 31 29
59 62 8 32 63 6
59 45 53 63 6 44
59 50 55 8 5 30
59 25 41 10 51 43
59 42 13 19 28 11
59 8 15 47 32 7
59 45 17 50 23 9
59 62 61 31 59 45
59 21 19 7 60 48
59 5 17 5 59 32
59 16 58 46 32 15
59 51 39 40 32 25
59 51 2 62 28 50
59 33 35 7 16 33
59 19 46 24 41 25
59 8 57 52 30 12
59 1 48 31 42 58
59 1 45 18 6 4
59 12 61 26 57 29
59 47 35 47 50 44
59 36 3 57 45 6
60 40 50 58 35 9
60 50 26 59 16 57
60 56 14 48 42 35
60 23 45 0 37 48
60 6 1 53 30 49
60 24 21 10 33 37
60 28 42 1 30 56
60 9 31 18 18 5
60 34 33 4 24 58
60 34 20 16 41 29
60 15 0 12 4 7
60 28 3 58 22 8
60 18 13 8 1 32
60 49 42 50 16 46
60 35 24 15 46 59
60 44 5 1 54 48
60 46 33 2 38 21
60 25 55 45 34 60
60 8 8 49 44 29
60 7 62 23 10 16
60 54 20 41 30 49
60 30 19 48 28 41
60 55 61 22 27 39
60 27 44 61 1 58
60 46 57 16 38 38
60 24 42 42 52 41
60 15 42 47 63 59
60 3 63 45 22 49
60 23 2 8 21 16
60 38 55 46 47 9
60 34 50 26 21 42
60 52 27 24 48 34
60 16 52 1 20 60
60 17 60 4 13 51
60 51 57 44 30 37
60 25 46 16 9 12
60 58 42 9 7 35
60 31 39 63 42 57
60 29 39 16 57 58
60 45 24 46 42 41
60 49 11 57 38 19
60 47 63 30 5 15
60 47 61 43 48 33
60 42 17 42 62 0
60 55 35 20 2 63
60 5 17 46 34 55
60 53 58 27 36 13
60 28 2 12 54 45
60 5 32 19 60 14
60 37 54 43 30 10
60 41 5 53 17 41
60 25 27 34 42 35
60 23 23 35 9 27
60 63 36 31 25 1
60 20 11 11 48 44
60 47 4 33 33 60
60 53 6 28 35 23
60 5 63 32 2 26
60 24 63 57 33 16
60 27 36 3 6 60
60 18 40 25 45 31
60 58 0 57 53 37
60 56 41 63 22 20
60 20 35 34 61 55
60 33 44 38 2 42
60 49 41 34 18 24
60 59 11 4 59 45
60 42 1 60 36 12
60 54 52 37 58 24
60 33 36 29 10 31
60 17 52 9 37 46
60 33 38 47 56 53
60 38 43 2 60 39
60 33 38 47 18 61
60 31 0 19 63 60
60 60 11 20 34 33
60 22 5 13 22 45
60 10 47 21 62 6
60 60 4 20 41 29
60 0 5 22 52 22
60 18 43 6 24 17
60 14 43 52 30 23
60 35 14 22 49 54
60 26 14 21 3 29
60 5 63 33 18 12
60 35 55 12 2 25
60 19 60 13 31 13
60 32 41 43 24 54
60 18 55 5 51 46
60 17 3 13 7 27
60 12 0 56 30 46
60 50 36 63 6 36
60 28 9 19 27 17
60 22 5 61 15 16
60 45 39 43 10 54
60 1 56 10 63 11
60 14 14 4 58 16
60 52 26 29 63 8
60 27 35 2 57 23
60 54 38 55 5 29
60 11 3 15 57 31
60 21 48 53 27 49
60 29 63 1 60 30
60 36 4 59 42 49
60 19 62 23 46 43
60 5 11 37 28 52
60 6 29 10 61 22
60 37 46 14 19 37
60 10 10 8 15 58
60 3 2 27 26 8
60 28 52 31 19 48
60 36 60 51 36 53
60 44 55 62 56 18
60 63 52 13 21 46
60 40 10 11 48 30
60 53 4 10 47 34
60 21 40 46 1 55
60 0 42 8 43 16
60 34 55 11 42 37
60 13 50 21 24 47
60 2 47 59 13 16
60 5 26 57 38 31
60 58 15 3 20 49
60 63 34 7 52 9
60 18 19 52 53 13
60 19 60 21 29 16
60 6 6 14 60 55
60 49 0 57 29 10
61 44 22 14 30 40
61 19 45 31 59 57
61 42 6 51 28 0
61 10 30 37 12 37
61 44 4 34 53 50
61 2 23 25 50 34
61 15 5 27 5 57
61 58 51 4 50 57
61 47 54 7 52 30
61 20 55 31 20 6
61 28 19 12 3 49
61 19 15 44 49 35
61 56 16 33 35 21
61 31 62 6 8 15
61 63 32 61 18 15
61 38 55 61 57 6
61 56 58 63 31 22
61 0 20 44 44 52
61 49 29 44 59 36
61 42 51 40 50 32
61 41 62 40 6 2
61 36 17 19 0 6
61 9 10 61 39 26
61 9 24 52 34 26
61 16 46 14 43 56
61 62 14 4 16 33
61 34 4 9 62 62
61 46 25 61 17 22
61 12 11 9 19 12
61 28 53 8 0 5
61 5 17 38 28 27
61 37 39 53 14 40
61 10 49 53 10 56
61 36 39 17 56 31
61 22 51 32 48 23
61 15 45 29 28 56
61 28 58 63 13 38
61 62 32 55 56 55
61 32 17 37 17 15
61 3 29 18 58 48
61 7 29 62 24 62
61 45 63 44 32 57
61 0 1 33 23 42
61 54 56 44 37 4
61 6 53 51 20 53
61 43 17 39 5 59
61 34 39 56 40 38
61 55 19 14 46 55
61 28 59 9 19 15
61 6 45 13 14 60
61 38 15 3 53 30
61 1 17 20 60 23
61 61 19 12 40 15
61 47 43 16 59 12
61 31 47 18 19 42
61 37 20 8 60 28
61 43 23 8 8 34
61 12 24 49 7 48
61 60 52 1 37 7
61 28 22 62 37 25
61 17 23 47 17 45
61 37 60 9 37 43
61 51 15 44 21 41
61 28 46 51 10 4
61 15 39 49 19 1
61 61 39 37 3 7
61 21 38 63 5 5
61 53 6 19 30 12
61 62 56 40 5 52
61 20 35 13 17 15
61 18 60 3 52 36
61 8 11 23 58 58
61 46 47 8 45 9
61 8 20 35 51 10
61 38 19 54 41 25
61 32 56 49 38 4
61 25 61 46 42 60
61 35 18 8 63 42
61 27 48 37 52 7
61 37 47 36 13 60
61 0 45 7 3 24
61 32 51 49 55 9
61 20 47 47 48 39
61 58 31 56 17 55
61 62 28 26 55 32
61 55 2 16 59 36
61 11 37 60 42 14
61 31 42 4 48 26
61 62 35 61 45 22
61 39 33 56 21 8
61 54 47 31 11 30
61 15 34 16 38 37
61 22 46 2 53 28
61 25 61 19 35 4
61 2 22 8 23 0
61 1 1 39 55 2
61 57 50 43 26 36
61 46 28 31 17 47
61 13 25 41 32 24
61 6 16 45 43 19
61 3 61 12 61 57
61 36 32 34 13 8
61 31 56 0 14 41
61 13 15 54 34 26
61 35 33 29 8 56
61 20 33 12 37 60
61 58 10 51 50 34
61 7 15 52 0 59
61 1 51 27 40 36
61 22 20 18 60 53
61 44 25 9 3 36
61 13 24 45 24 44
61 59 48 8 0 21
61 26 49 32 56 53
61 60 13 29 11 37
61 23 38 23 32 62
61 39 40 40 42 38
61 39 47 21 11 54
61 24 15 17 16 1
61 14 37 43 6 44
61 36 13 16 28 47
61 43 24 49 45 24
61 43 50 62 14 47
61 55 4 57 26 21
61 45 4 15 57 28
61 35 47 41 19 27
61 14 50 36 28 35
61 47 20 30 5 14
62 45 16 42 7 15
62 61 42 43 9 18
62 12 29 23 42 56
62 12 20 9 29 49
62 46 27 60 11 13
62 21 26 2 23 57
62 29 43 44 32 19
62 42 32 8 14 53
62 22 58 45 53 41
62 25 32 40 33 44
62 18 56 47 29 11
62 1 53 58 34 34
62 25 63 40 62 23
62 29 11 5 16 20
62 26 14 40 19 61
62 61 45 36 33 54
62 26 19 50 57 37
62 23 50 35 55 57
62 31 37 39 19 22
62 17 49 23 37 8
62 34 39 49 23 61
62 5 35 4 43 6
62 52 13 60 58 44
62 35 52 35 60 12
62 52 18 6 21 31
62 45 17 29 34 60
62 49 30 55 25 40
62 62 58 36 62 11
62 41 63 7 5 27
62 34 24 28 3 52
62 47 18 49 60 27
62 14 57 11 17 36
62 24 38 31 48 35
62 34 11 42 1 22
62 17 39 39 32 28
62 44 25 60 6 34
62 35 40 4 39 5
62 48 46 22 15 7
62 52 55 60 47 48
62 63 53 3 6 21
62 49 42 61 36 40
62 27 15 22 39 51
62 62 18 17 34 29
62 34 28 13 17 54
62 11 12 46 60 20
62 15 53 27 18 59
62 26 15 23 16 58
62 18 20 6 11 12
62 14 58 22 14 18
62 41 8 41 34 22
62 9 52 8 15 8
62 28 20 5 54 0
62 30 10 14 63 55
62 41 36 12 32 2
62 24 53 48 1 52
62 28 50 0 31 16
62 41 0 10 11 0
62 37 58 23 4 44
62 50 62 50 37 5
62 38 50 22 39 56
62 26 1 60 59 3
62 52 5 24 30 63
62 9 63 28 52 52
62 57 28 60 5 42
62 14 54 3 24 3
62 18 58 44 25 36
62 42 38 7 51 20
62 15 45 37 60 25
62 52 37 15 19 44
62 1 15 62 39 40
62 11 19 32 22 55
62 10 44 39 26 5
62 7 61 43 57 7
62 61 34 62 48 44
62 17 11 28 60 46
62 41 28 43 48 11
62 23 15 10 40 33
62 42 35 58 15 17
62 45 56 6 32 23
62 58 50 3 20 14
62 6 24 34 6 27
62 61 0 57 54 51
62 15 5 63 31 42
62 37 4 28 30 56
62 21 47 27 59 62
62 36 31 55 61 17
62 42 6 57 2 43
62 49 43 41 7 48
62 16 35 58 46 39
62 33 57 33 60 62
62 26 56 16 63 11
62 38 41 40 40 17
62 49 30 12 47 28
62 14 9 30 1 13
62 4 50 35 4 15
62 49 7 61 58 8
62 6 45 29 36 16
62 32 36 11 34 3
62 9 49 45 33 31
62 51 24 46 50 33
62 63 56 19 59 33
62 63 13 39 59 17
62 28 51 16 39 37
62 24 60 12 35 9
62 16 17 52 53 32
62 41 18 32 51 22
62 7 46 51 4 33
62 15 21 8 17 44
62 51 49 22 9 30
62 48 33 5 23 4
62 59 62 17 36 61
62 53 39 61 42 28
62 10 26 54 38 30
62 24 4 5 60 36
62 4 1 15 45 15
62 15 44 4 42 43
62 55 45 36 38 1
62 23 22 10 59 37
62 35 2 56 11 29
62 37 1 29 58 3
62 6 11 38 26 19
62 32 17 33 40 40
62 2 45 10 37 9
62 38 19 29 6 56
62 49 3 59 62 51
62 2 61 48 18 58
62 6 17 24 9 57
62 57 34 60 36 16
63 23 12 39 55 30
63 42 14 59 15 22
63 14 13 35 24 43
63 10 14 15 2 29
63 13 23 35 42 54
63 43 7 49 35 51
63 10 40 52 35 43
63 42 28 26 30 29
63 32 39 23 53 22
63 21 26 0 15 19
63 10 22 11 39 0
63 25 31 16 46 51
63 11 20 56 10 49
63 44 47 7 35 49
63 34 55 27 59 39
63 11 16 51 29 8
63 16 43 58 34 27
63 15 9 46 13 51
63 38 58 23 32 9
63 41 43 34 2 47
63 14 1 25 54 4
63 14 50 62 58 21
63 35 20 62 10 35
63 19 40 61 53 32
63 28 58 44 31 59
63 48 27 53 27 38
63 46 59 54 6 44
63 31 4 11 58 30
63 20 23 19 16 41
63 40 13 0 46 23
63 22 35 29 61 30
63 5 41 33 30 37
63 41 54 56 23 15
63 61 10 54 5 22
63 26 5 51 18 23
63 19 16 28 9 57
63 12 43 46 21 47
63 32 1 0 53 53
63 26 37 61 16 63
63 30 29 41 39 0
63 7 19 57 35 56
63 8 52 9 13 38
63 53 17 55 30 13
63 47 37 47 8 42
63 47 4 48 32 57
63 62 17 42 9 33
63 8 16 45 50 23
63 56 38 8 15 61
63 7 18 18 56 22
63 61 11 8 8 8
63 63 61 49 62 45
63 16 7 38 47 56
63 16 43 5 35 33
63 35 49 49 37 56
63 36 11 46 33 26
63 52 31 39 38 42
63 61 3 6 41 51
63 36 47 48 63 15
63 54 37 51 7 4
63 48 33 7 47 13
63 34 10 21 39 15
63 23 38 58 58 55
63 5 15 42 9 60
63 42 31 34 26 40
63 18 61 25 58 53
63 59 43 42 50 11
63 17 50 8 38 32
63 40 27 19 21 8
63 4 37 14 35 4
63 15 47 25 13 3
63 48 49 16 28 38
63 57 12 40 24 39
63 25 41 54 14 59
63 26 55 47 33 63
63 3 0 49 25 1
63 61 43 0 11 8
63 3 56 12 57 38
63 25 58 0 29 6
63 55 24 54 3 48
63 55 0 48 28 48
63 12 41 6 62 47
63 53 58 53 53 24
63 31 3 44 4 53
63 60 43 41 49 43
63 16 59 29 60 60
63 13 18 39 51 54
63 11 31 28 26 6
63 18 1 40 48 15
63 39 59 28 38 52
63 54 18 45 28 25
63 0 7 15 16 29
63 51 9 44 45 36
63 58 55 37 19 18
63 30 48 17 29 48
63 16 37 11 37 41
63 24 24 58 42 14
63 18 13 6 59 49
63 21 58 14 20 53
63 14 9 60 36 10
63 30 0 52 18 59
63 41 8 27 6 49
63 42 49 3 27 11
63 40 5 53 43 39
63 13 3 52 34 28
63 35 48 62 60 17
63 4 32 12 19 62
63 58 61 48 63 7
63 60 19 42 31 48
63 23 60 44 23 34
63 40 30 12 14 12
63 33 31 14 11 50
63 36 50 1 13 49
63 12 31 7 7 57
63 4 58 41 18 61
63 39 25 23 17 5
63 63 49 56 11 55
63 44 41 47 35 34
63 14 41 54 19 7
63 36 27 45 59 15
63 37 22 38 42 54
63 39 32 19 7 55
63 39 17 9 4 21
63 28 20 52 26 47
63 38 21 9 40 29
63 61 4 15 48 57
63 54 5 45 7 61
63 14 45 11 23 44
63 17 46 5 40 56
