family,case,shot,group,reference_success,submission_success,reference_consistent,submission_consistent,reference_nll,submission_nll,joint_log_ratio_reference_over_submission,independent_log_ratio_reference_over_submission,correlation_contribution_to_log_ratio,likelihood_cluster,error_weight,canonical_y_count,canonical_y_load_zscore,total_error_load_zscore,y_load_bin,error_load_bin,syndrome_weight,same_logical_coset,residual_logical_signature_weight_submission
lp416_hadamard_x,case_00.npz,0,both_success,True,True,True,True,148.9566216099713,148.9566216099713,0.0,0.0,0.0,joint_tie,42,2,0.8351445494615434,-0.26750003404611267,within_one,within_one,126,True,0
lp416_hadamard_x,case_00.npz,1,both_success,True,True,True,True,164.9443352213861,164.9443352213861,0.0,0.0,0.0,joint_tie,46,3,1.7821350270209462,0.3724779961381121,above_one,within_one,148,True,0
lp416_hadamard_x,case_00.npz,2,both_success,True,True,True,True,124.00460027474512,124.00460027474512,0.0,0.0,0.0,joint_tie,34,0,-1.0588364056572623,-1.5474560944145621,below_minus_one,below_minus_one,108,True,0
lp416_hadamard_x,case_00.npz,3,both_success,True,True,True,True,159.18168835521794,159.18168835521794,0.0,0.0,0.0,joint_tie,45,1,-0.11184592809785944,0.2124834885920559,within_one,within_one,124,True,0
lp416_hadamard_x,case_00.npz,4,both_success,True,True,True,True,145.57398814738144,145.57398814738144,0.0,0.0,0.0,joint_tie,42,2,0.8351445494615434,-0.26750003404611267,within_one,within_one,132,True,0
lp416_hadamard_x,case_00.npz,5,both_success,True,True,True,True,151.78367177762965,151.78367177762965,0.0,0.0,0.0,joint_tie,45,1,-0.11184592809785944,0.2124834885920559,within_one,within_one,134,True,0
lp416_hadamard_x,case_00.npz,6,both_success,True,True,True,True,156.4351641611409,156.4351641611409,0.0,0.0,0.0,joint_tie,47,1,-0.11184592809785944,0.5324725036841683,within_one,within_one,140,True,0
lp416_hadamard_x,case_00.npz,7,both_success,True,True,True,True,154.61446164636152,154.61446164636152,0.0,0.0,0.0,joint_tie,46,1,-0.11184592809785944,0.3724779961381121,within_one,within_one,134,True,0
lp416_hadamard_x,case_00.npz,8,both_success,True,True,True,True,143.6741055210611,143.6741055210611,0.0,0.0,0.0,joint_tie,41,1,-0.11184592809785944,-0.4274945415921689,within_one,within_one,128,True,0
lp416_hadamard_x,case_00.npz,9,both_success,True,True,True,True,152.17175489447993,152.17175489447993,0.0,0.0,0.0,joint_tie,39,2,0.8351445494615434,-0.7474835566842812,within_one,within_one,114,True,0
lp416_hadamard_x,case_00.npz,10,both_success,True,True,True,True,144.00281542925336,144.00281542925336,0.0,0.0,0.0,joint_tie,40,1,-0.11184592809785944,-0.5874890491382251,within_one,within_one,120,True,0
lp416_hadamard_x,case_00.npz,11,both_success,True,True,True,True,126.71530478132036,126.71530478132036,0.0,0.0,0.0,joint_tie,35,0,-1.0588364056572623,-1.387461586868506,below_minus_one,below_minus_one,110,True,0
lp416_hadamard_x,case_00.npz,12,both_success,True,True,True,True,189.64303109209953,189.64303109209953,0.0,0.0,0.0,joint_tie,59,1,-0.11184592809785944,2.4524065942368427,within_one,above_one,148,True,0
lp416_hadamard_x,case_00.npz,13,both_success,True,True,True,True,153.40700703043592,153.40700703043592,0.0,0.0,0.0,joint_tie,44,1,-0.11184592809785944,0.05248898104599972,within_one,within_one,134,True,0
lp416_hadamard_x,case_00.npz,14,both_success,True,True,True,True,138.8639946994175,138.8639946994175,0.0,0.0,0.0,joint_tie,39,1,-0.11184592809785944,-0.7474835566842812,within_one,within_one,106,True,0
lp416_hadamard_x,case_00.npz,15,both_success,True,True,True,True,174.21796255165552,174.21796255165552,0.0,0.0,0.0,joint_tie,54,1,-0.11184592809785944,1.6524340565065616,within_one,above_one,152,True,0
lp416_hadamard_x,case_00.npz,16,both_success,True,True,True,True,133.90744521109522,133.90744521109522,0.0,0.0,0.0,joint_tie,35,1,-0.11184592809785944,-1.387461586868506,within_one,below_minus_one,116,True,0
lp416_hadamard_x,case_00.npz,17,both_success,True,True,True,True,143.75078399233166,143.75078399233166,0.0,0.0,0.0,joint_tie,41,0,-1.0588364056572623,-0.4274945415921689,below_minus_one,within_one,132,True,0
lp416_hadamard_x,case_00.npz,18,both_success,True,True,True,True,162.5636225946297,162.5636225946297,0.0,0.0,0.0,joint_tie,50,0,-1.0588364056572623,1.0124560263223368,below_minus_one,above_one,146,True,0
lp416_hadamard_x,case_00.npz,19,both_success,True,True,True,True,143.58553222887934,143.58553222887934,0.0,0.0,0.0,joint_tie,35,2,0.8351445494615434,-1.387461586868506,within_one,below_minus_one,104,True,0
lp416_hadamard_x,case_00.npz,20,both_success,True,True,True,True,129.65255748523617,129.65255748523617,0.0,0.0,0.0,joint_tie,38,0,-1.0588364056572623,-0.9074780642303374,below_minus_one,within_one,130,True,0
lp416_hadamard_x,case_00.npz,21,both_success,True,True,True,True,151.99515090394976,151.99515090394976,0.0,0.0,0.0,joint_tie,45,1,-0.11184592809785944,0.2124834885920559,within_one,within_one,120,True,0
lp416_hadamard_x,case_00.npz,22,both_success,True,True,True,True,143.03526250763284,143.03526250763284,0.0,0.0,0.0,joint_tie,41,1,-0.11184592809785944,-0.4274945415921689,within_one,within_one,120,True,0
lp416_hadamard_x,case_00.npz,23,both_success,True,True,True,True,157.73224376351754,157.73224376351754,0.0,0.0,0.0,joint_tie,43,2,0.8351445494615434,-0.10750552650005647,within_one,within_one,130,True,0
lp416_hadamard_x,case_00.npz,24,both_success,True,True,True,True,147.5743359932111,147.5743359932111,0.0,0.0,0.0,joint_tie,43,2,0.8351445494615434,-0.10750552650005647,within_one,within_one,124,True,0
lp416_hadamard_x,case_00.npz,25,both_success,True,True,True,True,151.4427344439458,151.4427344439458,0.0,0.0,0.0,joint_tie,43,2,0.8351445494615434,-0.10750552650005647,within_one,within_one,134,True,0
lp416_hadamard_x,case_00.npz,26,both_success,True,True,True,True,156.72638781804454,156.72638781804454,0.0,0.0,0.0,joint_tie,47,2,0.8351445494615434,0.5324725036841683,within_one,within_one,140,True,0
lp416_hadamard_x,case_00.npz,27,both_success,True,True,True,True,148.70184371155682,148.70184371155682,0.0,0.0,0.0,joint_tie,45,0,-1.0588364056572623,0.2124834885920559,below_minus_one,within_one,124,True,0
lp416_hadamard_x,case_00.npz,28,both_success,True,True,True,True,123.25461553187412,123.25461553187412,0.0,0.0,0.0,joint_tie,32,0,-1.0588364056572623,-1.8674451095066746,below_minus_one,below_minus_one,96,True,0
lp416_hadamard_x,case_00.npz,29,both_success,True,True,True,True,156.74311191319066,156.74311191319066,0.0,0.0,0.0,joint_tie,47,1,-0.11184592809785944,0.5324725036841683,within_one,within_one,132,True,0
lp416_hadamard_x,case_00.npz,30,both_success,True,True,True,True,143.70727466210076,143.70727466210076,0.0,0.0,0.0,joint_tie,43,0,-1.0588364056572623,-0.10750552650005647,below_minus_one,within_one,132,True,0
lp416_hadamard_x,case_00.npz,31,both_success,True,True,True,True,141.4582650497712,141.4582650497712,0.0,0.0,0.0,joint_tie,40,1,-0.11184592809785944,-0.5874890491382251,within_one,within_one,130,True,0
lp416_hadamard_x,case_00.npz,32,both_success,True,True,True,True,171.70598393395127,171.70598393395127,0.0,0.0,0.0,joint_tie,49,3,1.7821350270209462,0.8524615187762806,above_one,within_one,148,True,0
lp416_hadamard_x,case_00.npz,33,both_success,True,True,True,True,157.1887681668787,157.1887681668787,0.0,0.0,0.0,joint_tie,44,2,0.8351445494615434,0.05248898104599972,within_one,within_one,126,True,0
lp416_hadamard_x,case_00.npz,34,both_success,True,True,True,True,146.3722191119133,146.3722191119133,0.0,0.0,0.0,joint_tie,41,1,-0.11184592809785944,-0.4274945415921689,within_one,within_one,120,True,0
lp416_hadamard_x,case_00.npz,35,both_success,True,True,True,True,144.97303464361318,144.97303464361318,0.0,0.0,0.0,joint_tie,42,1,-0.11184592809785944,-0.26750003404611267,within_one,within_one,136,True,0
lp416_hadamard_x,case_00.npz,36,both_success,True,True,True,True,148.55605914420676,148.55605914420676,0.0,0.0,0.0,joint_tie,43,2,0.8351445494615434,-0.10750552650005647,within_one,within_one,124,True,0
lp416_hadamard_x,case_00.npz,37,both_success,True,True,True,True,137.04281228239049,137.04281228239049,0.0,0.0,0.0,joint_tie,38,1,-0.11184592809785944,-0.9074780642303374,within_one,within_one,116,True,0
lp416_hadamard_x,case_00.npz,38,both_success,True,True,True,True,165.81855669490136,165.81855669490136,0.0,0.0,0.0,joint_tie,50,1,-0.11184592809785944,1.0124560263223368,within_one,above_one,138,True,0
lp416_hadamard_x,case_00.npz,39,both_success,True,True,True,True,155.864499902368,155.864499902368,0.0,0.0,0.0,joint_tie,45,2,0.8351445494615434,0.2124834885920559,within_one,within_one,120,True,0
lp416_hadamard_x,case_00.npz,40,both_success,True,True,True,True,137.28986674772096,137.28986674772096,0.0,0.0,0.0,joint_tie,40,0,-1.0588364056572623,-0.5874890491382251,below_minus_one,within_one,126,True,0
lp416_hadamard_x,case_00.npz,41,both_success,True,True,True,True,142.03508411907376,142.03508411907376,0.0,0.0,0.0,joint_tie,37,4,2.7291255045803493,-1.0674725717763935,above_one,below_minus_one,118,True,0
lp416_hadamard_x,case_00.npz,42,both_success,True,True,True,True,150.9229932111283,150.9229932111283,0.0,0.0,0.0,joint_tie,40,1,-0.11184592809785944,-0.5874890491382251,within_one,within_one,114,True,0
lp416_hadamard_x,case_00.npz,43,both_success,True,True,True,True,142.79661561353458,142.79661561353458,0.0,0.0,0.0,joint_tie,41,0,-1.0588364056572623,-0.4274945415921689,below_minus_one,within_one,124,True,0
lp416_hadamard_x,case_00.npz,44,both_success,True,True,True,True,156.81022482270905,156.81022482270905,0.0,0.0,0.0,joint_tie,46,0,-1.0588364056572623,0.3724779961381121,below_minus_one,within_one,112,True,0
lp416_hadamard_x,case_00.npz,45,both_success,True,True,True,True,176.35945254257845,176.35945254257845,0.0,0.0,0.0,joint_tie,48,5,3.676115982139752,0.6924670112302245,above_one,within_one,150,True,0
lp416_hadamard_x,case_00.npz,46,both_success,True,True,True,True,134.71099604692142,134.71099604692142,0.0,0.0,0.0,joint_tie,37,1,-0.11184592809785944,-1.0674725717763935,within_one,below_minus_one,126,True,0
lp416_hadamard_x,case_00.npz,47,both_success,True,True,True,True,142.50190334314868,142.50190334314868,0.0,0.0,0.0,joint_tie,42,1,-0.11184592809785944,-0.26750003404611267,within_one,within_one,128,True,0
lp416_hadamard_x,case_00.npz,48,both_success,True,True,True,True,178.58946993753943,178.58946993753943,0.0,0.0,0.0,joint_tie,54,3,1.7821350270209462,1.6524340565065616,above_one,above_one,150,True,0
lp416_hadamard_x,case_00.npz,49,both_success,True,True,True,True,147.25364650904442,147.25364650904442,0.0,0.0,0.0,joint_tie,44,1,-0.11184592809785944,0.05248898104599972,within_one,within_one,142,True,0
lp416_hadamard_x,case_00.npz,50,both_success,True,True,True,True,158.44091787977897,158.44091787977897,0.0,0.0,0.0,joint_tie,45,2,0.8351445494615434,0.2124834885920559,within_one,within_one,130,True,0
lp416_hadamard_x,case_00.npz,51,both_success,True,True,True,True,167.16475898345948,167.16475898345948,0.0,0.0,0.0,joint_tie,52,0,-1.0588364056572623,1.3324450414144493,below_minus_one,above_one,140,True,0
lp416_hadamard_x,case_00.npz,52,both_success,True,True,True,True,137.58883418554205,137.58883418554205,0.0,0.0,0.0,joint_tie,40,0,-1.0588364056572623,-0.5874890491382251,below_minus_one,within_one,120,True,0
lp416_hadamard_x,case_00.npz,53,both_success,True,True,True,True,176.64741786754598,176.64741786754598,0.0,0.0,0.0,joint_tie,47,3,1.7821350270209462,0.5324725036841683,above_one,within_one,140,True,0
lp416_hadamard_x,case_00.npz,54,both_success,True,True,True,True,145.1864598379019,145.1864598379019,0.0,0.0,0.0,joint_tie,42,0,-1.0588364056572623,-0.26750003404611267,below_minus_one,within_one,136,True,0
lp416_hadamard_x,case_00.npz,55,both_success,True,True,True,True,153.27313960197176,153.27313960197176,0.0,0.0,0.0,joint_tie,47,0,-1.0588364056572623,0.5324725036841683,below_minus_one,within_one,130,True,0
lp416_hadamard_x,case_00.npz,56,both_success,True,True,True,True,129.68395674667636,129.68395674667636,0.0,0.0,0.0,joint_tie,38,0,-1.0588364056572623,-0.9074780642303374,below_minus_one,within_one,116,True,0
lp416_hadamard_x,case_00.npz,57,both_success,True,True,True,True,128.93961599638675,128.93961599638675,0.0,0.0,0.0,joint_tie,33,2,0.8351445494615434,-1.7074506019606184,within_one,below_minus_one,108,True,0
lp416_hadamard_x,case_00.npz,58,both_success,True,True,True,True,174.1437941279765,174.1437941279765,0.0,0.0,0.0,joint_tie,50,3,1.7821350270209462,1.0124560263223368,above_one,above_one,144,True,0
lp416_hadamard_x,case_00.npz,59,both_success,True,True,True,True,109.76734155964257,109.76734155964257,0.0,0.0,0.0,joint_tie,29,0,-1.0588364056572623,-2.347428632144843,below_minus_one,below_minus_one,94,True,0
lp416_hadamard_x,case_00.npz,60,both_success,True,True,True,True,138.02287223578304,138.02287223578304,0.0,0.0,0.0,joint_tie,40,0,-1.0588364056572623,-0.5874890491382251,below_minus_one,within_one,124,True,0
lp416_hadamard_x,case_00.npz,61,both_success,True,True,True,True,168.0883548226686,168.0883548226686,0.0,0.0,0.0,joint_tie,55,0,-1.0588364056572623,1.8124285640526179,below_minus_one,above_one,144,True,0
lp416_hadamard_x,case_00.npz,62,both_success,True,True,True,True,183.10397291120233,183.10397291120233,0.0,0.0,0.0,joint_tie,53,2,0.8351445494615434,1.4924395489605053,within_one,above_one,146,True,0
lp416_hadamard_x,case_00.npz,63,both_success,True,True,True,True,143.37417652014182,143.37417652014182,0.0,0.0,0.0,joint_tie,38,2,0.8351445494615434,-0.9074780642303374,within_one,within_one,124,True,0
lp416_hadamard_x,case_00.npz,64,both_success,True,True,True,True,142.0831053387515,142.0831053387515,0.0,0.0,0.0,joint_tie,39,2,0.8351445494615434,-0.7474835566842812,within_one,within_one,118,True,0
lp416_hadamard_x,case_00.npz,65,both_success,True,True,True,True,121.23944147195618,121.23944147195618,0.0,0.0,0.0,joint_tie,34,0,-1.0588364056572623,-1.5474560944145621,below_minus_one,below_minus_one,108,True,0
lp416_hadamard_x,case_00.npz,66,both_success,True,True,True,True,152.2216919869317,152.2216919869317,0.0,0.0,0.0,joint_tie,45,2,0.8351445494615434,0.2124834885920559,within_one,within_one,136,True,0
lp416_hadamard_x,case_00.npz,67,both_success,True,True,True,True,147.90848340529848,147.90848340529848,0.0,0.0,0.0,joint_tie,40,1,-0.11184592809785944,-0.5874890491382251,within_one,within_one,118,True,0
lp416_hadamard_x,case_00.npz,68,both_success,True,True,True,True,146.7105856863654,146.7105856863654,0.0,0.0,0.0,joint_tie,41,1,-0.11184592809785944,-0.4274945415921689,within_one,within_one,124,True,0
lp416_hadamard_x,case_00.npz,69,both_success,True,True,True,True,145.8127796193731,145.8127796193731,0.0,0.0,0.0,joint_tie,42,1,-0.11184592809785944,-0.26750003404611267,within_one,within_one,126,True,0
lp416_hadamard_x,case_00.npz,70,both_success,True,True,True,True,173.88695034276074,173.88695034276074,0.0,0.0,0.0,joint_tie,55,0,-1.0588364056572623,1.8124285640526179,below_minus_one,above_one,148,True,0
lp416_hadamard_x,case_00.npz,71,both_success,True,True,True,True,150.8224991646049,150.8224991646049,0.0,0.0,0.0,joint_tie,41,3,1.7821350270209462,-0.4274945415921689,above_one,within_one,120,True,0
lp416_hadamard_x,case_00.npz,72,both_success,True,True,True,True,121.68584934426931,121.68584934426931,0.0,0.0,0.0,joint_tie,33,0,-1.0588364056572623,-1.7074506019606184,below_minus_one,below_minus_one,94,True,0
lp416_hadamard_x,case_00.npz,73,both_success,True,True,True,True,167.51836453514989,167.51836453514989,0.0,0.0,0.0,joint_tie,47,1,-0.11184592809785944,0.5324725036841683,within_one,within_one,142,True,0
lp416_hadamard_x,case_00.npz,74,both_success,True,True,True,True,160.09320152415216,160.09320152415216,0.0,0.0,0.0,joint_tie,50,1,-0.11184592809785944,1.0124560263223368,within_one,above_one,134,True,0
lp416_hadamard_x,case_00.npz,75,both_success,True,True,True,True,166.7356284367881,166.7356284367881,0.0,0.0,0.0,joint_tie,53,0,-1.0588364056572623,1.4924395489605053,below_minus_one,above_one,152,True,0
lp416_hadamard_x,case_00.npz,76,both_success,True,True,True,True,146.98512877371223,146.98512877371223,0.0,0.0,0.0,joint_tie,43,0,-1.0588364056572623,-0.10750552650005647,below_minus_one,within_one,122,True,0
lp416_hadamard_x,case_00.npz,77,both_success,True,True,True,True,160.72757160537589,160.72757160537589,0.0,0.0,0.0,joint_tie,41,2,0.8351445494615434,-0.4274945415921689,within_one,within_one,118,True,0
lp416_hadamard_x,case_00.npz,78,both_success,True,True,True,True,139.846468548767,139.846468548767,0.0,0.0,0.0,joint_tie,41,0,-1.0588364056572623,-0.4274945415921689,below_minus_one,within_one,130,True,0
lp416_hadamard_x,case_00.npz,79,both_success,True,True,True,True,149.15744626703702,149.15744626703702,0.0,0.0,0.0,joint_tie,42,1,-0.11184592809785944,-0.26750003404611267,within_one,within_one,128,True,0
lp416_hadamard_x,case_00.npz,80,both_success,True,True,True,True,188.3073254698283,188.3073254698283,0.0,0.0,0.0,joint_tie,55,3,1.7821350270209462,1.8124285640526179,above_one,above_one,138,True,0
lp416_hadamard_x,case_00.npz,81,both_success,True,True,True,True,131.41555678595566,131.41555678595566,0.0,0.0,0.0,joint_tie,36,0,-1.0588364056572623,-1.2274670793224498,below_minus_one,below_minus_one,110,True,0
lp416_hadamard_x,case_00.npz,82,both_success,True,True,True,True,140.52726793890315,140.52726793890315,0.0,0.0,0.0,joint_tie,38,2,0.8351445494615434,-0.9074780642303374,within_one,within_one,110,True,0
lp416_hadamard_x,case_00.npz,83,both_success,True,True,True,True,172.16476314379452,172.16476314379452,0.0,0.0,0.0,joint_tie,46,2,0.8351445494615434,0.3724779961381121,within_one,within_one,144,True,0
lp416_hadamard_x,case_00.npz,84,both_success,True,True,True,True,148.99377353221018,148.99377353221018,0.0,0.0,0.0,joint_tie,44,1,-0.11184592809785944,0.05248898104599972,within_one,within_one,132,True,0
lp416_hadamard_x,case_00.npz,85,both_success,True,True,True,True,165.34382315966866,165.34382315966866,0.0,0.0,0.0,joint_tie,48,1,-0.11184592809785944,0.6924670112302245,within_one,within_one,132,True,0
lp416_hadamard_x,case_00.npz,86,both_success,True,True,True,True,131.09516365173602,131.09516365173602,0.0,0.0,0.0,joint_tie,37,0,-1.0588364056572623,-1.0674725717763935,below_minus_one,below_minus_one,116,True,0
lp416_hadamard_x,case_00.npz,87,both_success,True,True,True,True,171.85128741496698,171.85128741496698,0.0,0.0,0.0,joint_tie,52,2,0.8351445494615434,1.3324450414144493,within_one,above_one,148,True,0
lp416_hadamard_x,case_00.npz,88,both_success,True,True,True,True,141.20248129181113,141.20248129181113,0.0,0.0,0.0,joint_tie,40,0,-1.0588364056572623,-0.5874890491382251,below_minus_one,within_one,130,True,0
lp416_hadamard_x,case_00.npz,89,both_success,True,True,True,True,156.2866110448432,156.2866110448432,0.0,0.0,0.0,joint_tie,44,1,-0.11184592809785944,0.05248898104599972,within_one,within_one,136,True,0
lp416_hadamard_x,case_00.npz,90,both_success,True,True,True,True,147.31448653403461,147.31448653403461,0.0,0.0,0.0,joint_tie,43,1,-0.11184592809785944,-0.10750552650005647,within_one,within_one,132,True,0
lp416_hadamard_x,case_00.npz,91,both_success,True,True,True,True,121.00414661862932,121.00414661862932,0.0,0.0,0.0,joint_tie,34,0,-1.0588364056572623,-1.5474560944145621,below_minus_one,below_minus_one,112,True,0
lp416_hadamard_x,case_00.npz,92,both_success,True,True,True,True,172.74989190806545,172.74989190806545,0.0,0.0,0.0,joint_tie,51,2,0.8351445494615434,1.172450533868393,within_one,above_one,144,True,0
lp416_hadamard_x,case_00.npz,93,both_success,True,True,True,True,125.20147175347483,125.20147175347483,0.0,0.0,0.0,joint_tie,33,1,-0.11184592809785944,-1.7074506019606184,within_one,below_minus_one,104,True,0
lp416_hadamard_x,case_00.npz,94,both_success,True,True,True,True,164.20060939689716,164.20060939689716,0.0,0.0,0.0,joint_tie,46,2,0.8351445494615434,0.3724779961381121,within_one,within_one,122,True,0
lp416_hadamard_x,case_00.npz,95,both_success,True,True,True,True,164.61048744262735,164.61048744262735,0.0,0.0,0.0,joint_tie,47,1,-0.11184592809785944,0.5324725036841683,within_one,within_one,122,True,0
lp416_hadamard_x,case_00.npz,96,both_success,True,True,True,True,157.83703956889048,157.83703956889048,0.0,0.0,0.0,joint_tie,46,3,1.7821350270209462,0.3724779961381121,above_one,within_one,142,True,0
lp416_hadamard_x,case_00.npz,97,both_success,True,True,True,True,154.8249594465299,154.8249594465299,0.0,0.0,0.0,joint_tie,43,2,0.8351445494615434,-0.10750552650005647,within_one,within_one,132,True,0
lp416_hadamard_x,case_00.npz,98,both_success,True,True,True,True,175.71464016090283,175.71464016090283,0.0,0.0,0.0,joint_tie,51,3,1.7821350270209462,1.172450533868393,above_one,above_one,152,True,0
lp416_hadamard_x,case_00.npz,99,both_success,True,True,True,True,141.7867220636285,141.7867220636285,0.0,0.0,0.0,joint_tie,43,0,-1.0588364056572623,-0.10750552650005647,below_minus_one,within_one,116,True,0
lp416_hadamard_x,case_00.npz,100,both_success,True,True,True,True,142.2996342573558,142.2996342573558,0.0,0.0,0.0,joint_tie,41,0,-1.0588364056572623,-0.4274945415921689,below_minus_one,within_one,118,True,0
lp416_hadamard_x,case_00.npz,101,both_success,True,True,True,True,148.52370939876894,148.52370939876894,0.0,0.0,0.0,joint_tie,47,0,-1.0588364056572623,0.5324725036841683,below_minus_one,within_one,136,True,0
lp416_hadamard_x,case_00.npz,102,both_success,True,True,True,True,145.02089829606473,145.02089829606473,0.0,0.0,0.0,joint_tie,45,0,-1.0588364056572623,0.2124834885920559,below_minus_one,within_one,132,True,0
lp416_hadamard_x,case_00.npz,103,both_success,True,True,True,True,127.25849753055759,127.25849753055759,0.0,0.0,0.0,joint_tie,35,1,-0.11184592809785944,-1.387461586868506,within_one,below_minus_one,110,True,0
lp416_hadamard_x,case_00.npz,104,both_success,True,True,True,True,143.92734872547624,143.92734872547624,0.0,0.0,0.0,joint_tie,41,2,0.8351445494615434,-0.4274945415921689,within_one,within_one,114,True,0
lp416_hadamard_x,case_00.npz,105,both_success,True,True,True,True,145.50879142602335,145.50879142602335,0.0,0.0,0.0,joint_tie,42,1,-0.11184592809785944,-0.26750003404611267,within_one,within_one,116,True,0
lp416_hadamard_x,case_00.npz,106,both_success,True,True,True,True,168.21969126771478,168.21969126771478,0.0,0.0,0.0,joint_tie,49,3,1.7821350270209462,0.8524615187762806,above_one,within_one,128,True,0
lp416_hadamard_x,case_00.npz,107,both_success,True,True,True,True,141.55090292235434,141.55090292235434,0.0,0.0,0.0,joint_tie,39,1,-0.11184592809785944,-0.7474835566842812,within_one,within_one,128,True,0
lp416_hadamard_x,case_00.npz,108,both_success,True,True,True,True,144.4435663733829,144.4435663733829,0.0,0.0,0.0,joint_tie,40,2,0.8351445494615434,-0.5874890491382251,within_one,within_one,130,True,0
lp416_hadamard_x,case_00.npz,109,both_success,True,True,True,True,146.50632794310792,146.50632794310792,0.0,0.0,0.0,joint_tie,41,1,-0.11184592809785944,-0.4274945415921689,within_one,within_one,124,True,0
lp416_hadamard_x,case_00.npz,110,both_success,True,True,True,True,123.26492670436838,123.26492670436838,0.0,0.0,0.0,joint_tie,32,1,-0.11184592809785944,-1.8674451095066746,within_one,below_minus_one,94,True,0
lp416_hadamard_x,case_00.npz,111,both_success,True,True,True,True,149.28469325885695,149.28469325885695,0.0,0.0,0.0,joint_tie,45,0,-1.0588364056572623,0.2124834885920559,below_minus_one,within_one,136,True,0
lp416_hadamard_x,case_00.npz,112,both_success,True,True,True,True,156.96055026462153,156.96055026462153,0.0,0.0,0.0,joint_tie,46,1,-0.11184592809785944,0.3724779961381121,within_one,within_one,128,True,0
lp416_hadamard_x,case_00.npz,113,both_success,True,True,True,True,132.7569627981137,132.7569627981137,0.0,0.0,0.0,joint_tie,36,2,0.8351445494615434,-1.2274670793224498,within_one,below_minus_one,104,True,0
lp416_hadamard_x,case_00.npz,114,both_success,True,True,True,True,142.3995472569173,142.3995472569173,0.0,0.0,0.0,joint_tie,41,0,-1.0588364056572623,-0.4274945415921689,below_minus_one,within_one,130,True,0
lp416_hadamard_x,case_00.npz,115,both_success,True,True,True,True,145.56271520761123,145.56271520761123,0.0,0.0,0.0,joint_tie,39,2,0.8351445494615434,-0.7474835566842812,within_one,within_one,118,True,0
lp416_hadamard_x,case_00.npz,116,both_success,True,True,True,True,132.60242205365668,132.60242205365668,0.0,0.0,0.0,joint_tie,39,0,-1.0588364056572623,-0.7474835566842812,below_minus_one,within_one,122,True,0
lp416_hadamard_x,case_00.npz,117,both_success,True,True,True,True,159.95083743173737,159.95083743173737,0.0,0.0,0.0,joint_tie,47,0,-1.0588364056572623,0.5324725036841683,below_minus_one,within_one,134,True,0
lp416_hadamard_x,case_00.npz,118,both_success,True,True,True,True,148.41101249922428,148.41101249922428,0.0,0.0,0.0,joint_tie,45,0,-1.0588364056572623,0.2124834885920559,below_minus_one,within_one,138,True,0
lp416_hadamard_x,case_00.npz,119,both_success,True,True,True,True,151.01938048138243,151.01938048138243,0.0,0.0,0.0,joint_tie,44,2,0.8351445494615434,0.05248898104599972,within_one,within_one,136,True,0
lp416_hadamard_x,case_00.npz,120,both_success,True,True,True,True,141.8284018584956,141.8284018584956,0.0,0.0,0.0,joint_tie,41,0,-1.0588364056572623,-0.4274945415921689,below_minus_one,within_one,118,True,0
lp416_hadamard_x,case_00.npz,121,both_success,True,True,True,True,173.15039282419255,173.15039282419255,0.0,0.0,0.0,joint_tie,51,3,1.7821350270209462,1.172450533868393,above_one,above_one,154,True,0
lp416_hadamard_x,case_00.npz,122,both_success,True,True,True,True,129.56117069536873,129.56117069536873,0.0,0.0,0.0,joint_tie,38,0,-1.0588364056572623,-0.9074780642303374,below_minus_one,within_one,114,True,0
lp416_hadamard_x,case_00.npz,123,both_success,True,True,True,True,185.86004570058094,185.86004570058094,0.0,0.0,0.0,joint_tie,57,2,0.8351445494615434,2.13241757914473,within_one,above_one,160,True,0
lp416_hadamard_x,case_00.npz,124,both_success,True,True,True,True,127.4480163251701,127.4480163251701,0.0,0.0,0.0,joint_tie,34,0,-1.0588364056572623,-1.5474560944145621,below_minus_one,below_minus_one,108,True,0
lp416_hadamard_x,case_00.npz,125,both_success,True,True,True,True,145.8606259858389,145.8606259858389,0.0,0.0,0.0,joint_tie,42,0,-1.0588364056572623,-0.26750003404611267,below_minus_one,within_one,132,True,0
lp416_hadamard_x,case_00.npz,126,both_success,True,True,True,True,134.54241526393005,134.54241526393005,0.0,0.0,0.0,joint_tie,37,1,-0.11184592809785944,-1.0674725717763935,within_one,below_minus_one,110,True,0
lp416_hadamard_x,case_00.npz,127,both_success,True,True,True,True,151.84230418070504,151.84230418070504,0.0,0.0,0.0,joint_tie,45,0,-1.0588364056572623,0.2124834885920559,below_minus_one,within_one,136,True,0
lp416_hadamard_x,case_00.npz,128,both_success,True,True,True,True,132.23389838562878,132.23389838562878,0.0,0.0,0.0,joint_tie,36,0,-1.0588364056572623,-1.2274670793224498,below_minus_one,below_minus_one,94,True,0
lp416_hadamard_x,case_00.npz,129,both_success,True,True,True,True,149.16929275294862,149.16929275294862,0.0,0.0,0.0,joint_tie,42,1,-0.11184592809785944,-0.26750003404611267,within_one,within_one,126,True,0
lp416_hadamard_x,case_00.npz,130,both_success,True,True,True,True,132.24306500715926,132.24306500715926,0.0,0.0,0.0,joint_tie,36,2,0.8351445494615434,-1.2274670793224498,within_one,below_minus_one,108,True,0
lp416_hadamard_x,case_00.npz,131,both_success,True,True,True,True,161.7793570398089,161.7793570398089,0.0,0.0,0.0,joint_tie,46,3,1.7821350270209462,0.3724779961381121,above_one,within_one,144,True,0
lp416_hadamard_x,case_00.npz,132,both_success,True,True,True,True,155.06819512823358,155.06819512823358,0.0,0.0,0.0,joint_tie,48,0,-1.0588364056572623,0.6924670112302245,below_minus_one,within_one,134,True,0
lp416_hadamard_x,case_00.npz,133,both_success,True,True,True,True,138.96020584182176,138.96020584182176,0.0,0.0,0.0,joint_tie,39,1,-0.11184592809785944,-0.7474835566842812,within_one,within_one,114,True,0
lp416_hadamard_x,case_00.npz,134,both_success,True,True,True,True,150.1064837068051,150.1064837068051,0.0,0.0,0.0,joint_tie,47,0,-1.0588364056572623,0.5324725036841683,below_minus_one,within_one,126,True,0
lp416_hadamard_x,case_00.npz,135,both_success,True,True,True,True,154.91505845558862,154.91505845558862,0.0,0.0,0.0,joint_tie,43,2,0.8351445494615434,-0.10750552650005647,within_one,within_one,122,True,0
lp416_hadamard_x,case_00.npz,136,both_success,True,True,True,True,139.30597495307393,139.30597495307393,0.0,0.0,0.0,joint_tie,41,0,-1.0588364056572623,-0.4274945415921689,below_minus_one,within_one,126,True,0
lp416_hadamard_x,case_00.npz,137,both_success,True,True,True,True,124.44195655038926,124.44195655038926,0.0,0.0,0.0,joint_tie,34,0,-1.0588364056572623,-1.5474560944145621,below_minus_one,below_minus_one,108,True,0
lp416_hadamard_x,case_00.npz,138,both_success,True,True,True,True,133.5594944092873,133.5594944092873,0.0,0.0,0.0,joint_tie,35,0,-1.0588364056572623,-1.387461586868506,below_minus_one,below_minus_one,114,True,0
lp416_hadamard_x,case_00.npz,139,both_success,True,True,True,True,144.14798572555117,144.14798572555117,0.0,0.0,0.0,joint_tie,43,1,-0.11184592809785944,-0.10750552650005647,within_one,within_one,138,True,0
lp416_hadamard_x,case_00.npz,140,both_success,True,True,True,True,159.14897319922198,159.14897319922198,0.0,0.0,0.0,joint_tie,47,0,-1.0588364056572623,0.5324725036841683,below_minus_one,within_one,146,True,0
lp416_hadamard_x,case_00.npz,141,both_success,True,True,True,True,141.93859694500657,141.93859694500657,0.0,0.0,0.0,joint_tie,39,1,-0.11184592809785944,-0.7474835566842812,within_one,within_one,128,True,0
lp416_hadamard_x,case_00.npz,142,both_success,True,True,True,True,110.95593264696927,110.95593264696927,0.0,0.0,0.0,joint_tie,28,0,-1.0588364056572623,-2.5074231396908995,below_minus_one,below_minus_one,90,True,0
lp416_hadamard_x,case_00.npz,143,both_success,True,True,True,True,159.93632340184615,159.93632340184615,0.0,0.0,0.0,joint_tie,48,1,-0.11184592809785944,0.6924670112302245,within_one,within_one,142,True,0
lp416_hadamard_x,case_00.npz,144,both_success,True,True,True,True,157.45584510362255,157.45584510362255,0.0,0.0,0.0,joint_tie,47,1,-0.11184592809785944,0.5324725036841683,within_one,within_one,134,True,0
lp416_hadamard_x,case_00.npz,145,both_success,True,True,True,True,152.33701026947614,152.33701026947614,0.0,0.0,0.0,joint_tie,42,2,0.8351445494615434,-0.26750003404611267,within_one,within_one,144,True,0
lp416_hadamard_x,case_00.npz,146,both_success,True,True,True,True,158.02545877319335,158.02545877319335,0.0,0.0,0.0,joint_tie,46,1,-0.11184592809785944,0.3724779961381121,within_one,within_one,134,True,0
lp416_hadamard_x,case_00.npz,147,both_success,True,True,True,True,155.81461285531003,155.81461285531003,0.0,0.0,0.0,joint_tie,42,1,-0.11184592809785944,-0.26750003404611267,within_one,within_one,112,True,0
lp416_hadamard_x,case_00.npz,148,both_success,True,True,True,True,173.74230753664946,173.74230753664946,0.0,0.0,0.0,joint_tie,57,0,-1.0588364056572623,2.13241757914473,below_minus_one,above_one,146,True,0
lp416_hadamard_x,case_00.npz,149,both_success,True,True,True,True,131.2223140372113,131.2223140372113,0.0,0.0,0.0,joint_tie,34,1,-0.11184592809785944,-1.5474560944145621,within_one,below_minus_one,104,True,0
lp416_hadamard_x,case_00.npz,150,both_success,True,True,True,True,171.43428117888283,171.43428117888283,0.0,0.0,0.0,joint_tie,48,0,-1.0588364056572623,0.6924670112302245,below_minus_one,within_one,138,True,0
lp416_hadamard_x,case_00.npz,151,both_success,True,True,True,True,134.53642818941864,134.53642818941864,0.0,0.0,0.0,joint_tie,37,1,-0.11184592809785944,-1.0674725717763935,within_one,below_minus_one,116,True,0
lp416_hadamard_x,case_00.npz,152,both_success,True,True,True,True,175.38847526443976,175.38847526443976,0.0,0.0,0.0,joint_tie,51,1,-0.11184592809785944,1.172450533868393,within_one,above_one,132,True,0
lp416_hadamard_x,case_00.npz,153,both_success,True,True,True,True,164.1363730073989,164.1363730073989,0.0,0.0,0.0,joint_tie,50,1,-0.11184592809785944,1.0124560263223368,within_one,above_one,150,True,0
lp416_hadamard_x,case_00.npz,154,both_success,True,True,True,True,129.9479210757263,129.9479210757263,0.0,0.0,0.0,joint_tie,35,0,-1.0588364056572623,-1.387461586868506,below_minus_one,below_minus_one,98,True,0
lp416_hadamard_x,case_00.npz,155,both_success,True,True,True,True,169.18724153826815,169.18724153826815,0.0,0.0,0.0,joint_tie,51,2,0.8351445494615434,1.172450533868393,within_one,above_one,150,True,0
lp416_hadamard_x,case_00.npz,156,both_success,True,True,True,True,150.53905064535775,150.53905064535775,0.0,0.0,0.0,joint_tie,43,1,-0.11184592809785944,-0.10750552650005647,within_one,within_one,132,True,0
lp416_hadamard_x,case_00.npz,157,both_success,True,True,True,True,143.55856346095896,143.55856346095896,0.0,0.0,0.0,joint_tie,41,1,-0.11184592809785944,-0.4274945415921689,within_one,within_one,116,True,0
lp416_hadamard_x,case_00.npz,158,both_success,True,True,True,True,134.46945249774436,134.46945249774436,0.0,0.0,0.0,joint_tie,37,1,-0.11184592809785944,-1.0674725717763935,within_one,below_minus_one,122,True,0
lp416_hadamard_x,case_00.npz,159,both_success,True,True,True,True,110.27963949068642,110.27963949068642,0.0,0.0,0.0,joint_tie,26,1,-0.11184592809785944,-2.8274121547830116,within_one,below_minus_one,94,True,0
lp416_hadamard_x,case_00.npz,160,both_success,True,True,True,True,165.657146525496,165.657146525496,0.0,0.0,0.0,joint_tie,48,1,-0.11184592809785944,0.6924670112302245,within_one,within_one,124,True,0
lp416_hadamard_x,case_00.npz,161,both_success,True,True,True,True,156.45926854423004,156.45926854423004,0.0,0.0,0.0,joint_tie,47,1,-0.11184592809785944,0.5324725036841683,within_one,within_one,142,True,0
lp416_hadamard_x,case_00.npz,162,both_success,True,True,True,True,147.503041961552,147.503041961552,0.0,0.0,0.0,joint_tie,43,0,-1.0588364056572623,-0.10750552650005647,below_minus_one,within_one,122,True,0
lp416_hadamard_x,case_00.npz,163,both_success,True,True,True,True,153.13518522119438,153.13518522119438,0.0,0.0,0.0,joint_tie,44,1,-0.11184592809785944,0.05248898104599972,within_one,within_one,132,True,0
lp416_hadamard_x,case_00.npz,164,both_success,True,True,True,True,143.73204010025583,143.73204010025583,0.0,0.0,0.0,joint_tie,35,1,-0.11184592809785944,-1.387461586868506,within_one,below_minus_one,114,True,0
lp416_hadamard_x,case_00.npz,165,both_success,True,True,True,True,166.08498105779478,166.08498105779478,0.0,0.0,0.0,joint_tie,48,3,1.7821350270209462,0.6924670112302245,above_one,within_one,142,True,0
lp416_hadamard_x,case_00.npz,166,both_success,True,True,True,True,146.82799612869223,146.82799612869223,0.0,0.0,0.0,joint_tie,38,3,1.7821350270209462,-0.9074780642303374,above_one,within_one,118,True,0
lp416_hadamard_x,case_00.npz,167,both_success,True,True,True,True,168.04775629934747,168.04775629934747,0.0,0.0,0.0,joint_tie,52,2,0.8351445494615434,1.3324450414144493,within_one,above_one,138,True,0
lp416_hadamard_x,case_00.npz,168,both_success,True,True,True,True,175.56826540455046,175.56826540455046,0.0,0.0,0.0,joint_tie,50,0,-1.0588364056572623,1.0124560263223368,below_minus_one,above_one,132,True,0
lp416_hadamard_x,case_00.npz,169,both_success,True,True,True,True,159.19547951309283,159.19547951309283,0.0,0.0,0.0,joint_tie,45,2,0.8351445494615434,0.2124834885920559,within_one,within_one,138,True,0
lp416_hadamard_x,case_00.npz,170,both_success,True,True,True,True,171.98944000566718,171.98944000566718,0.0,0.0,0.0,joint_tie,51,0,-1.0588364056572623,1.172450533868393,below_minus_one,above_one,144,True,0
lp416_hadamard_x,case_00.npz,171,both_success,True,True,True,True,139.28187974593493,139.28187974593493,0.0,0.0,0.0,joint_tie,41,0,-1.0588364056572623,-0.4274945415921689,below_minus_one,within_one,124,True,0
lp416_hadamard_x,case_00.npz,172,both_success,True,True,True,True,152.20891699843241,152.20891699843241,0.0,0.0,0.0,joint_tie,45,0,-1.0588364056572623,0.2124834885920559,below_minus_one,within_one,122,True,0
lp416_hadamard_x,case_00.npz,173,both_success,True,True,True,True,162.2388939607923,162.2388939607923,0.0,0.0,0.0,joint_tie,48,0,-1.0588364056572623,0.6924670112302245,below_minus_one,within_one,126,True,0
lp416_hadamard_x,case_00.npz,174,both_success,True,True,True,True,153.0652866646842,153.0652866646842,0.0,0.0,0.0,joint_tie,44,2,0.8351445494615434,0.05248898104599972,within_one,within_one,140,True,0
lp416_hadamard_x,case_00.npz,175,both_success,True,True,True,True,137.7977999223769,137.7977999223769,0.0,0.0,0.0,joint_tie,37,1,-0.11184592809785944,-1.0674725717763935,within_one,below_minus_one,112,True,0
lp416_hadamard_x,case_00.npz,176,both_success,True,True,True,True,145.9681943780978,145.9681943780978,0.0,0.0,0.0,joint_tie,44,0,-1.0588364056572623,0.05248898104599972,below_minus_one,within_one,120,True,0
lp416_hadamard_x,case_00.npz,177,both_success,True,True,True,True,151.5198300682082,151.5198300682082,0.0,0.0,0.0,joint_tie,43,2,0.8351445494615434,-0.10750552650005647,within_one,within_one,140,True,0
lp416_hadamard_x,case_00.npz,178,both_success,True,True,True,True,136.23593139663168,136.23593139663168,0.0,0.0,0.0,joint_tie,39,0,-1.0588364056572623,-0.7474835566842812,below_minus_one,within_one,120,True,0
lp416_hadamard_x,case_00.npz,179,both_success,True,True,True,True,144.95641735967553,144.95641735967553,0.0,0.0,0.0,joint_tie,40,1,-0.11184592809785944,-0.5874890491382251,within_one,within_one,128,True,0
lp416_hadamard_x,case_00.npz,180,both_success,True,True,True,True,143.26544174391677,143.26544174391677,0.0,0.0,0.0,joint_tie,41,2,0.8351445494615434,-0.4274945415921689,within_one,within_one,122,True,0
lp416_hadamard_x,case_00.npz,181,both_success,True,True,True,True,166.60427774682088,166.60427774682088,0.0,0.0,0.0,joint_tie,50,1,-0.11184592809785944,1.0124560263223368,within_one,above_one,146,True,0
lp416_hadamard_x,case_00.npz,182,both_success,True,True,True,True,178.56203475680493,178.56203475680493,0.0,0.0,0.0,joint_tie,49,3,1.7821350270209462,0.8524615187762806,above_one,within_one,142,True,0
lp416_hadamard_x,case_00.npz,183,both_success,True,True,True,True,158.9977321983597,158.9977321983597,0.0,0.0,0.0,joint_tie,45,1,-0.11184592809785944,0.2124834885920559,within_one,within_one,130,True,0
lp416_hadamard_x,case_00.npz,184,both_success,True,True,True,True,129.2669043247201,129.2669043247201,0.0,0.0,0.0,joint_tie,36,1,-0.11184592809785944,-1.2274670793224498,within_one,below_minus_one,124,True,0
lp416_hadamard_x,case_00.npz,185,both_success,True,True,True,True,174.10615614073782,174.10615614073782,0.0,0.0,0.0,joint_tie,52,2,0.8351445494615434,1.3324450414144493,within_one,above_one,146,True,0
lp416_hadamard_x,case_00.npz,186,both_success,True,True,True,True,153.01958319486934,153.01958319486934,0.0,0.0,0.0,joint_tie,45,2,0.8351445494615434,0.2124834885920559,within_one,within_one,140,True,0
lp416_hadamard_x,case_00.npz,187,both_success,True,True,True,True,142.28526910148065,142.28526910148065,0.0,0.0,0.0,joint_tie,42,1,-0.11184592809785944,-0.26750003404611267,within_one,within_one,124,True,0
lp416_hadamard_x,case_00.npz,188,both_success,True,True,True,True,140.03069217040394,140.03069217040394,0.0,0.0,0.0,joint_tie,38,1,-0.11184592809785944,-0.9074780642303374,within_one,within_one,112,True,0
lp416_hadamard_x,case_00.npz,189,both_success,True,True,True,True,122.67350867585347,122.67350867585347,0.0,0.0,0.0,joint_tie,30,2,0.8351445494615434,-2.187434124598787,within_one,below_minus_one,104,True,0
lp416_hadamard_x,case_00.npz,190,both_success,True,True,True,True,154.05924972032068,154.05924972032068,0.0,0.0,0.0,joint_tie,46,0,-1.0588364056572623,0.3724779961381121,below_minus_one,within_one,124,True,0
lp416_hadamard_x,case_00.npz,191,both_success,True,True,True,True,158.04821504517017,158.04821504517017,0.0,0.0,0.0,joint_tie,46,2,0.8351445494615434,0.3724779961381121,within_one,within_one,144,True,0
lp416_hadamard_x,case_00.npz,192,both_success,True,True,True,True,127.6294347177268,127.6294347177268,0.0,0.0,0.0,joint_tie,34,0,-1.0588364056572623,-1.5474560944145621,below_minus_one,below_minus_one,96,True,0
lp416_hadamard_x,case_00.npz,193,both_success,True,True,True,True,167.18631601112878,167.18631601112878,0.0,0.0,0.0,joint_tie,53,1,-0.11184592809785944,1.4924395489605053,within_one,above_one,148,True,0
lp416_hadamard_x,case_00.npz,194,both_success,True,True,True,True,149.68622164623005,149.68622164623005,0.0,0.0,0.0,joint_tie,42,1,-0.11184592809785944,-0.26750003404611267,within_one,within_one,138,True,0
lp416_hadamard_x,case_00.npz,195,both_success,True,True,True,True,143.80870986901493,143.80870986901493,0.0,0.0,0.0,joint_tie,43,0,-1.0588364056572623,-0.10750552650005647,below_minus_one,within_one,130,True,0
lp416_hadamard_x,case_00.npz,196,both_success,True,True,True,True,137.27210667866848,137.27210667866848,0.0,0.0,0.0,joint_tie,40,0,-1.0588364056572623,-0.5874890491382251,below_minus_one,within_one,122,True,0
lp416_hadamard_x,case_00.npz,197,both_success,True,True,True,True,147.11689791674365,147.11689791674365,0.0,0.0,0.0,joint_tie,46,0,-1.0588364056572623,0.3724779961381121,below_minus_one,within_one,150,True,0
lp416_hadamard_x,case_00.npz,198,both_success,True,True,True,True,140.75449998777043,140.75449998777043,0.0,0.0,0.0,joint_tie,40,1,-0.11184592809785944,-0.5874890491382251,within_one,within_one,122,True,0
lp416_hadamard_x,case_00.npz,199,both_success,True,True,True,True,170.71707401254778,170.71707401254778,0.0,0.0,0.0,joint_tie,55,0,-1.0588364056572623,1.8124285640526179,below_minus_one,above_one,166,True,0
lp416_hadamard_x,case_00.npz,200,both_success,True,True,True,True,138.70199309413516,138.70199309413516,0.0,0.0,0.0,joint_tie,42,0,-1.0588364056572623,-0.26750003404611267,below_minus_one,within_one,106,True,0
lp416_hadamard_x,case_00.npz,201,both_success,True,True,True,True,174.61960693905013,174.61960693905013,0.0,0.0,0.0,joint_tie,51,2,0.8351445494615434,1.172450533868393,within_one,above_one,142,True,0
lp416_hadamard_x,case_00.npz,202,both_success,True,True,True,True,147.8729323422469,147.8729323422469,0.0,0.0,0.0,joint_tie,43,1,-0.11184592809785944,-0.10750552650005647,within_one,within_one,124,True,0
lp416_hadamard_x,case_00.npz,203,both_success,True,True,True,True,143.0451553767887,143.0451553767887,0.0,0.0,0.0,joint_tie,39,2,0.8351445494615434,-0.7474835566842812,within_one,within_one,122,True,0
lp416_hadamard_x,case_00.npz,204,both_success,True,True,True,True,164.40639737195596,164.40639737195596,0.0,0.0,0.0,joint_tie,47,3,1.7821350270209462,0.5324725036841683,above_one,within_one,136,True,0
lp416_hadamard_x,case_00.npz,205,both_success,True,True,True,True,168.08198935337595,168.08198935337595,0.0,0.0,0.0,joint_tie,49,3,1.7821350270209462,0.8524615187762806,above_one,within_one,152,True,0
lp416_hadamard_x,case_00.npz,206,both_success,True,True,True,True,160.81349265355414,160.81349265355414,0.0,0.0,0.0,joint_tie,47,3,1.7821350270209462,0.5324725036841683,above_one,within_one,136,True,0
lp416_hadamard_x,case_00.npz,207,both_success,True,True,True,True,154.74463102133268,154.74463102133268,0.0,0.0,0.0,joint_tie,42,0,-1.0588364056572623,-0.26750003404611267,below_minus_one,within_one,130,True,0
lp416_hadamard_x,case_00.npz,208,both_success,True,True,True,True,141.5304985471841,141.5304985471841,0.0,0.0,0.0,joint_tie,40,2,0.8351445494615434,-0.5874890491382251,within_one,within_one,120,True,0
lp416_hadamard_x,case_00.npz,209,both_success,True,True,True,True,136.1909567223882,136.1909567223882,0.0,0.0,0.0,joint_tie,40,0,-1.0588364056572623,-0.5874890491382251,below_minus_one,within_one,114,True,0
lp416_hadamard_x,case_00.npz,210,both_success,True,True,True,True,146.99361804820805,146.99361804820805,0.0,0.0,0.0,joint_tie,41,2,0.8351445494615434,-0.4274945415921689,within_one,within_one,122,True,0
lp416_hadamard_x,case_00.npz,211,both_success,True,True,True,True,178.15075174205472,178.15075174205472,0.0,0.0,0.0,joint_tie,55,1,-0.11184592809785944,1.8124285640526179,within_one,above_one,148,True,0
lp416_hadamard_x,case_00.npz,212,both_success,True,True,True,True,165.26162339200533,165.26162339200533,0.0,0.0,0.0,joint_tie,50,1,-0.11184592809785944,1.0124560263223368,within_one,above_one,142,True,0
lp416_hadamard_x,case_00.npz,213,both_success,True,True,True,True,169.43352037004968,169.43352037004968,0.0,0.0,0.0,joint_tie,50,0,-1.0588364056572623,1.0124560263223368,below_minus_one,above_one,140,True,0
lp416_hadamard_x,case_00.npz,214,both_success,True,True,True,True,184.1592790609791,184.1592790609791,0.0,0.0,0.0,joint_tie,52,0,-1.0588364056572623,1.3324450414144493,below_minus_one,above_one,144,True,0
lp416_hadamard_x,case_00.npz,215,both_success,True,True,True,True,141.89596338192504,141.89596338192504,0.0,0.0,0.0,joint_tie,37,2,0.8351445494615434,-1.0674725717763935,within_one,below_minus_one,106,True,0
lp416_hadamard_x,case_00.npz,216,both_success,True,True,True,True,151.89688791973947,151.89688791973947,0.0,0.0,0.0,joint_tie,45,1,-0.11184592809785944,0.2124834885920559,within_one,within_one,144,True,0
lp416_hadamard_x,case_00.npz,217,both_success,True,True,True,True,145.89975494088424,145.89975494088424,0.0,0.0,0.0,joint_tie,42,1,-0.11184592809785944,-0.26750003404611267,within_one,within_one,120,True,0
lp416_hadamard_x,case_00.npz,218,both_success,True,True,True,True,147.2212581754764,147.2212581754764,0.0,0.0,0.0,joint_tie,41,0,-1.0588364056572623,-0.4274945415921689,below_minus_one,within_one,130,True,0
lp416_hadamard_x,case_00.npz,219,both_success,True,True,True,True,155.94645319613798,155.94645319613798,0.0,0.0,0.0,joint_tie,48,1,-0.11184592809785944,0.6924670112302245,within_one,within_one,136,True,0
lp416_hadamard_x,case_00.npz,220,both_success,True,True,True,True,177.4939448417565,177.4939448417565,0.0,0.0,0.0,joint_tie,55,1,-0.11184592809785944,1.8124285640526179,within_one,above_one,154,True,0
lp416_hadamard_x,case_00.npz,221,both_success,True,True,True,True,146.60718476179795,146.60718476179795,0.0,0.0,0.0,joint_tie,44,0,-1.0588364056572623,0.05248898104599972,below_minus_one,within_one,112,True,0
lp416_hadamard_x,case_00.npz,222,both_success,True,True,True,True,158.66608302701468,158.66608302701468,0.0,0.0,0.0,joint_tie,43,4,2.7291255045803493,-0.10750552650005647,above_one,within_one,128,True,0
lp416_hadamard_x,case_00.npz,223,both_success,True,True,True,True,171.9624857293755,171.9624857293755,0.0,0.0,0.0,joint_tie,52,2,0.8351445494615434,1.3324450414144493,within_one,above_one,150,True,0
lp416_hadamard_x,case_00.npz,224,both_success,True,True,True,True,136.74315480149713,136.74315480149713,0.0,0.0,0.0,joint_tie,41,0,-1.0588364056572623,-0.4274945415921689,below_minus_one,within_one,128,True,0
lp416_hadamard_x,case_00.npz,225,both_success,True,True,True,True,126.83838892868381,126.83838892868381,0.0,0.0,0.0,joint_tie,35,1,-0.11184592809785944,-1.387461586868506,within_one,below_minus_one,106,True,0
lp416_hadamard_x,case_00.npz,226,both_success,True,True,True,True,150.03039938947126,150.03039938947126,0.0,0.0,0.0,joint_tie,44,1,-0.11184592809785944,0.05248898104599972,within_one,within_one,132,True,0
lp416_hadamard_x,case_00.npz,227,both_success,True,True,True,True,158.1700770282942,158.1700770282942,0.0,0.0,0.0,joint_tie,46,2,0.8351445494615434,0.3724779961381121,within_one,within_one,142,True,0
lp416_hadamard_x,case_00.npz,228,both_success,True,True,True,True,136.37864202890748,136.37864202890748,0.0,0.0,0.0,joint_tie,41,0,-1.0588364056572623,-0.4274945415921689,below_minus_one,within_one,120,True,0
lp416_hadamard_x,case_00.npz,229,both_success,True,True,True,True,153.84437107506452,153.84437107506452,0.0,0.0,0.0,joint_tie,44,2,0.8351445494615434,0.05248898104599972,within_one,within_one,124,True,0
lp416_hadamard_x,case_00.npz,230,both_success,True,True,True,True,136.55396159260965,136.55396159260965,0.0,0.0,0.0,joint_tie,40,0,-1.0588364056572623,-0.5874890491382251,below_minus_one,within_one,112,True,0
lp416_hadamard_x,case_00.npz,231,both_success,True,True,True,True,165.76272629092253,165.76272629092253,0.0,0.0,0.0,joint_tie,51,2,0.8351445494615434,1.172450533868393,within_one,above_one,156,True,0
lp416_hadamard_x,case_00.npz,232,both_success,True,True,True,True,178.2158156966434,178.2158156966434,0.0,0.0,0.0,joint_tie,54,1,-0.11184592809785944,1.6524340565065616,within_one,above_one,146,True,0
lp416_hadamard_x,case_00.npz,233,both_success,True,True,True,True,127.64633329128054,127.64633329128054,0.0,0.0,0.0,joint_tie,37,0,-1.0588364056572623,-1.0674725717763935,below_minus_one,below_minus_one,106,True,0
lp416_hadamard_x,case_00.npz,234,both_success,True,True,True,True,138.61645434020477,138.61645434020477,0.0,0.0,0.0,joint_tie,39,1,-0.11184592809785944,-0.7474835566842812,within_one,within_one,120,True,0
lp416_hadamard_x,case_00.npz,235,both_success,True,True,True,True,157.32722820909785,157.32722820909785,0.0,0.0,0.0,joint_tie,44,2,0.8351445494615434,0.05248898104599972,within_one,within_one,128,True,0
lp416_hadamard_x,case_00.npz,236,both_success,True,True,True,True,166.71512678927772,166.53341694187833,-0.18170984739938945,-0.1586978274731905,-0.023012019926198946,submission_joint_advantage,45,4,2.7291255045803493,0.2124834885920559,above_one,within_one,140,True,0
lp416_hadamard_x,case_00.npz,237,both_success,True,True,True,True,135.34034510326683,135.34034510326683,0.0,0.0,0.0,joint_tie,41,0,-1.0588364056572623,-0.4274945415921689,below_minus_one,within_one,118,True,0
lp416_hadamard_x,case_00.npz,238,both_success,True,True,True,True,171.5890360769587,171.5890360769587,0.0,0.0,0.0,joint_tie,51,2,0.8351445494615434,1.172450533868393,within_one,above_one,140,True,0
lp416_hadamard_x,case_00.npz,239,both_success,True,True,True,True,165.50075152131637,165.50075152131637,0.0,0.0,0.0,joint_tie,48,3,1.7821350270209462,0.6924670112302245,above_one,within_one,156,True,0
lp416_hadamard_x,case_00.npz,240,both_success,True,True,True,True,163.21229177351404,163.21229177351404,0.0,0.0,0.0,joint_tie,50,1,-0.11184592809785944,1.0124560263223368,within_one,above_one,136,True,0
lp416_hadamard_x,case_00.npz,241,both_success,True,True,True,True,144.2571537840807,144.2571537840807,0.0,0.0,0.0,joint_tie,43,0,-1.0588364056572623,-0.10750552650005647,below_minus_one,within_one,120,True,0
lp416_hadamard_x,case_00.npz,242,both_success,True,True,True,True,142.63190668096087,142.63190668096087,0.0,0.0,0.0,joint_tie,39,1,-0.11184592809785944,-0.7474835566842812,within_one,within_one,132,True,0
lp416_hadamard_x,case_00.npz,243,both_success,True,True,True,True,160.3008596228522,160.3008596228522,0.0,0.0,0.0,joint_tie,47,1,-0.11184592809785944,0.5324725036841683,within_one,within_one,122,True,0
lp416_hadamard_x,case_00.npz,244,both_success,True,True,True,True,178.9982725794886,178.9982725794886,0.0,0.0,0.0,joint_tie,51,3,1.7821350270209462,1.172450533868393,above_one,above_one,150,True,0
lp416_hadamard_x,case_00.npz,245,both_success,True,True,True,True,134.5273739765616,134.5273739765616,0.0,0.0,0.0,joint_tie,40,0,-1.0588364056572623,-0.5874890491382251,below_minus_one,within_one,110,True,0
lp416_hadamard_x,case_00.npz,246,both_success,True,True,True,True,153.00540543876906,153.00540543876906,0.0,0.0,0.0,joint_tie,47,1,-0.11184592809785944,0.5324725036841683,within_one,within_one,134,True,0
lp416_hadamard_x,case_00.npz,247,both_success,True,True,True,True,166.1487255185046,166.1487255185046,0.0,0.0,0.0,joint_tie,50,1,-0.11184592809785944,1.0124560263223368,within_one,above_one,144,True,0
lp416_hadamard_x,case_00.npz,248,both_success,True,True,True,True,156.89503829764487,156.89503829764487,0.0,0.0,0.0,joint_tie,44,1,-0.11184592809785944,0.05248898104599972,within_one,within_one,112,True,0
lp416_hadamard_x,case_00.npz,249,both_success,True,True,True,True,177.90383696576498,177.90383696576498,0.0,0.0,0.0,joint_tie,52,3,1.7821350270209462,1.3324450414144493,above_one,above_one,158,True,0
lp416_hadamard_x,case_00.npz,250,both_success,True,True,True,True,165.79125028039425,165.79125028039425,0.0,0.0,0.0,joint_tie,47,1,-0.11184592809785944,0.5324725036841683,within_one,within_one,150,True,0
lp416_hadamard_x,case_00.npz,251,both_success,True,True,True,True,127.3072827022268,127.3072827022268,0.0,0.0,0.0,joint_tie,34,0,-1.0588364056572623,-1.5474560944145621,below_minus_one,below_minus_one,104,True,0
lp416_hadamard_x,case_00.npz,252,both_success,True,True,True,True,140.02289205581138,140.02289205581138,0.0,0.0,0.0,joint_tie,41,0,-1.0588364056572623,-0.4274945415921689,below_minus_one,within_one,134,True,0
lp416_hadamard_x,case_00.npz,253,both_success,True,True,True,True,149.344628479491,149.344628479491,0.0,0.0,0.0,joint_tie,47,0,-1.0588364056572623,0.5324725036841683,below_minus_one,within_one,132,True,0
lp416_hadamard_x,case_00.npz,254,both_success,True,True,True,True,171.1869911866698,171.1869911866698,0.0,0.0,0.0,joint_tie,55,1,-0.11184592809785944,1.8124285640526179,within_one,above_one,144,True,0
lp416_hadamard_x,case_00.npz,255,both_success,True,True,True,True,156.62057552519053,156.62057552519053,0.0,0.0,0.0,joint_tie,41,1,-0.11184592809785944,-0.4274945415921689,within_one,within_one,118,True,0
lp416_clifford_joint,case_01.npz,0,both_success,True,True,True,True,163.97414219980914,163.97414219980914,0.0,0.0,0.0,joint_tie,38,19,0.746841329724436,-1.8356289053812282,within_one,below_minus_one,154,True,0
lp416_clifford_joint,case_01.npz,1,submission_only,False,True,True,True,256.4384794707189,188.06322011699433,-68.37525935372457,-77.92663223301219,9.551372879287612,submission_joint_advantage,47,14,-0.5255551231488877,-0.48044115817564914,within_one,within_one,152,False,0
lp416_clifford_joint,case_01.npz,2,submission_only,False,True,True,True,247.54658534059166,189.9958227193518,-57.55076262123987,-71.71453125902048,14.163768637780606,submission_joint_advantage,49,16,-0.01659654199955826,-0.17928832546329823,within_one,within_one,154,False,0
lp416_clifford_joint,case_01.npz,3,both_success,True,True,True,True,196.99011385232558,196.99011385232558,0.0,0.0,0.0,joint_tie,51,21,1.2557999108737654,0.1218645072490527,above_one,within_one,150,True,0
lp416_clifford_joint,case_01.npz,4,submission_only,False,True,True,True,270.9460340552794,209.37571074499044,-61.570323310288984,-75.04751703333295,13.477193723043968,submission_joint_advantage,55,17,0.2378827485751065,0.7241701726737546,within_one,within_one,146,False,0
lp416_clifford_joint,case_01.npz,5,both_success,True,True,True,True,158.77627109602224,158.77627109602224,0.0,0.0,0.0,joint_tie,38,10,-1.5434722854475467,-1.8356289053812282,below_minus_one,below_minus_one,126,True,0
lp416_clifford_joint,case_01.npz,6,both_success,True,True,True,True,167.4915573231715,167.4915573231715,0.0,0.0,0.0,joint_tie,42,13,-0.7800344137235525,-1.2333232399565264,within_one,below_minus_one,134,True,0
lp416_clifford_joint,case_01.npz,7,both_fail,False,False,True,True,267.414916687074,235.67007865589974,-31.744838031174282,-20.48755536149281,-11.257282669681473,submission_joint_advantage,54,17,0.2378827485751065,0.5735937563175791,within_one,within_one,152,False,11
lp416_clifford_joint,case_01.npz,8,submission_only,False,True,True,True,280.22790526157365,214.22922073400082,-65.99868452757283,-68.05413224161862,2.0554477140457834,submission_joint_advantage,57,24,2.01923778259776,1.0253230053861055,above_one,above_one,156,False,0
lp416_clifford_joint,case_01.npz,9,both_fail,False,False,True,True,254.78700289328302,227.6262006694538,-27.160802223829222,-32.70719137069926,5.546389146870041,submission_joint_advantage,50,16,-0.01659654199955826,-0.02871190910712276,within_one,within_one,146,False,7
lp416_clifford_joint,case_01.npz,10,both_success,True,True,True,True,167.43783289644574,167.43783289644574,0.0,0.0,0.0,joint_tie,40,16,-0.01659654199955826,-1.5344760726688773,within_one,below_minus_one,140,True,0
lp416_clifford_joint,case_01.npz,11,both_success,True,True,True,True,202.6062960866159,197.65912999924413,-4.947166087371784,-2.08755598185968,-2.859610105512104,submission_joint_advantage,52,18,0.4923620391497712,0.27244092360522815,within_one,within_one,154,True,0
lp416_clifford_joint,case_01.npz,12,both_fail,False,False,True,True,251.90103867148287,242.08259085706283,-9.81844781442004,-23.20454028655587,13.386092472135829,submission_joint_advantage,54,18,0.4923620391497712,0.5735937563175791,within_one,within_one,148,False,10
lp416_clifford_joint,case_01.npz,13,submission_only,False,True,True,True,242.76419232417385,188.68298397806896,-54.08120834610489,-69.91305326399652,15.83184491789163,submission_joint_advantage,48,12,-1.0345137042982173,-0.3298647418194737,below_minus_one,within_one,144,False,0
lp416_clifford_joint,case_01.npz,14,both_success,True,True,True,True,195.24636562511085,190.67923444232224,-4.567131182788614,2.2437267027709993,-6.810857885559614,submission_joint_advantage,49,15,-0.271075832574223,-0.17928832546329823,within_one,within_one,140,True,0
lp416_clifford_joint,case_01.npz,15,both_fail,False,False,True,True,268.30327874377997,231.87351484754547,-36.429763896234505,-13.694713871908846,-22.73505002432566,submission_joint_advantage,56,17,0.2378827485751065,0.87474658902993,within_one,within_one,162,False,7
lp416_clifford_joint,case_01.npz,16,both_fail,False,False,True,True,314.6708665219959,246.12770627980265,-68.54316024219324,-90.18235201863416,21.639191776440924,submission_joint_advantage,62,18,0.4923620391497712,1.7782050871669828,within_one,above_one,164,False,10
lp416_clifford_joint,case_01.npz,17,both_fail,False,False,True,True,285.31171932889066,236.3244750889579,-48.98724423993275,-39.164623590948736,-9.822620648984014,submission_joint_advantage,59,17,0.2378827485751065,1.3264758380984565,within_one,above_one,154,False,6
lp416_clifford_joint,case_01.npz,18,both_fail,False,False,True,True,264.6762049258448,237.48080969405416,-27.195395231790627,-29.397410844999285,2.2020156132086584,submission_joint_advantage,65,23,1.764758492023095,2.2299343362355093,above_one,above_one,164,False,10
lp416_clifford_joint,case_01.npz,19,both_success,True,True,True,True,180.7430823203653,180.7430823203653,0.0,0.0,0.0,joint_tie,47,15,-0.271075832574223,-0.48044115817564914,within_one,within_one,148,True,0
lp416_clifford_joint,case_01.npz,20,both_success,True,True,True,True,214.40956054805054,214.40956054805054,0.0,0.0,0.0,joint_tie,56,23,1.764758492023095,0.87474658902993,above_one,within_one,162,True,0
lp416_clifford_joint,case_01.npz,21,both_fail,False,False,True,True,259.206302726379,221.26533000147577,-37.94097272490325,-27.303943081731802,-10.637029643171445,submission_joint_advantage,58,13,-0.7800344137235525,1.175899421742281,within_one,above_one,166,False,10
lp416_clifford_joint,case_01.npz,22,submission_only,False,True,True,True,246.78907987666832,184.65351052496504,-62.13556935170328,-52.10101823139286,-10.034551120310425,submission_joint_advantage,47,14,-0.5255551231488877,-0.48044115817564914,within_one,within_one,136,False,0
lp416_clifford_joint,case_01.npz,23,both_success,True,True,True,True,190.63741097205912,190.63741097205912,0.0,0.0,0.0,joint_tie,48,15,-0.271075832574223,-0.3298647418194737,within_one,within_one,162,True,0
lp416_clifford_joint,case_01.npz,24,both_success,True,True,True,True,163.0786371572319,163.0786371572319,0.0,0.0,0.0,joint_tie,40,14,-0.5255551231488877,-1.5344760726688773,within_one,below_minus_one,112,True,0
lp416_clifford_joint,case_01.npz,25,both_fail,False,False,True,True,261.31952394054144,232.43572361570676,-28.88380032483468,-48.39324499144885,19.509444666614172,submission_joint_advantage,60,13,-0.7800344137235525,1.4770522544546318,within_one,above_one,144,False,8
lp416_clifford_joint,case_01.npz,26,submission_only,False,True,True,True,255.63039769496947,199.32030743336043,-56.31009026160905,-53.33752855133923,-2.972561710269815,submission_joint_advantage,52,17,0.2378827485751065,0.27244092360522815,within_one,within_one,150,False,0
lp416_clifford_joint,case_01.npz,27,both_success,True,True,True,True,180.3486738526994,180.3486738526994,0.0,0.0,0.0,joint_tie,42,17,0.2378827485751065,-1.2333232399565264,within_one,below_minus_one,158,True,0
lp416_clifford_joint,case_01.npz,28,both_fail,False,False,True,True,259.8066398421672,215.5331453723546,-44.27349446981262,-43.96733700445958,-0.30615746535303856,submission_joint_advantage,47,14,-0.5255551231488877,-0.48044115817564914,within_one,within_one,136,False,7
lp416_clifford_joint,case_01.npz,29,submission_only,False,True,True,True,262.666160574628,199.53952563687326,-63.126634937754744,-74.7486750125388,11.622040074784053,submission_joint_advantage,51,13,-0.7800344137235525,0.1218645072490527,within_one,within_one,140,False,0
lp416_clifford_joint,case_01.npz,30,submission_only,False,True,True,True,235.6451458658844,171.6808784864108,-63.9642673794736,-77.89274319442407,13.928475814950474,submission_joint_advantage,42,8,-2.0524308665968762,-1.2333232399565264,below_minus_one,below_minus_one,118,False,0
lp416_clifford_joint,case_01.npz,31,both_success,True,True,True,True,209.93101971112577,209.93101971112577,0.0,0.0,0.0,joint_tie,55,20,1.0013206202991007,0.7241701726737546,above_one,within_one,178,True,0
lp416_clifford_joint,case_01.npz,32,both_success,True,True,True,True,195.42078825287808,186.81006560297914,-8.610722649898946,-4.98417027757182,-3.626552372327126,submission_joint_advantage,46,18,0.4923620391497712,-0.6310175745318246,within_one,within_one,154,True,0
lp416_clifford_joint,case_01.npz,33,submission_only,False,True,True,True,254.7763317480663,213.06610684094704,-41.710224907119255,-56.33559205436157,14.625367147242315,submission_joint_advantage,56,17,0.2378827485751065,0.87474658902993,within_one,within_one,152,False,0
lp416_clifford_joint,case_01.npz,34,both_fail,False,False,True,True,257.3919650238291,232.28101175520504,-25.11095326862403,-34.11988291220405,9.008929643580018,submission_joint_advantage,57,18,0.4923620391497712,1.0253230053861055,within_one,above_one,176,False,10
lp416_clifford_joint,case_01.npz,35,both_success,True,True,True,True,176.24483039801785,176.24483039801785,0.0,0.0,0.0,joint_tie,43,12,-1.0345137042982173,-1.082746823600351,below_minus_one,below_minus_one,128,True,0
lp416_clifford_joint,case_01.npz,36,both_success,True,True,True,True,167.75530628953305,167.75530628953305,0.0,0.0,0.0,joint_tie,42,13,-0.7800344137235525,-1.2333232399565264,within_one,below_minus_one,130,True,0
lp416_clifford_joint,case_01.npz,37,submission_only,False,True,True,True,233.28741616316194,192.349985284228,-40.937430878933924,-53.829142262958385,12.891711384024461,submission_joint_advantage,50,14,-0.5255551231488877,-0.02871190910712276,within_one,within_one,142,False,0
lp416_clifford_joint,case_01.npz,38,both_fail,False,False,True,True,247.5462111437518,227.83097362507206,-19.715237518679743,-30.484016554440586,10.768779035760843,submission_joint_advantage,53,15,-0.271075832574223,0.4230173399614036,within_one,within_one,148,False,9
lp416_clifford_joint,case_01.npz,39,both_success,True,True,True,True,187.15650389049722,187.15650389049722,0.0,0.0,0.0,joint_tie,49,12,-1.0345137042982173,-0.17928832546329823,below_minus_one,within_one,138,True,0
lp416_clifford_joint,case_01.npz,40,both_success,True,True,True,True,180.28436353995187,180.28436353995187,0.0,0.0,0.0,joint_tie,46,17,0.2378827485751065,-0.6310175745318246,within_one,within_one,154,True,0
lp416_clifford_joint,case_01.npz,41,both_fail,False,False,True,True,245.9673883468342,221.02844265512834,-24.938945691705868,-35.26266005205031,10.32371436034444,submission_joint_advantage,55,15,-0.271075832574223,0.7241701726737546,within_one,within_one,146,False,9
lp416_clifford_joint,case_01.npz,42,submission_only,False,True,True,True,272.5086341860098,214.5706577446019,-57.93797644140787,-54.067127563189246,-3.8708488782186237,submission_joint_advantage,53,17,0.2378827485751065,0.4230173399614036,within_one,within_one,146,False,0
lp416_clifford_joint,case_01.npz,43,submission_only,False,True,True,True,256.11017306804337,186.0511378267761,-70.05903524126725,-62.98367806053517,-7.075357180732084,submission_joint_advantage,47,15,-0.271075832574223,-0.48044115817564914,within_one,within_one,138,False,0
lp416_clifford_joint,case_01.npz,44,submission_only,False,True,True,True,232.7541274620238,183.04100909702748,-49.71311836499632,-30.729954112443068,-18.98316425255325,submission_joint_advantage,49,14,-0.5255551231488877,-0.17928832546329823,within_one,within_one,138,False,0
lp416_clifford_joint,case_01.npz,45,both_success,True,True,True,True,179.0559311216947,179.0559311216947,0.0,0.0,0.0,joint_tie,46,18,0.4923620391497712,-0.6310175745318246,within_one,within_one,150,True,0
lp416_clifford_joint,case_01.npz,46,both_fail,False,False,True,True,280.92159886957023,240.52066429843126,-40.400934571138976,-50.368064998747855,9.967130427608879,submission_joint_advantage,59,22,1.5102792014484303,1.3264758380984565,above_one,above_one,146,False,3
lp416_clifford_joint,case_01.npz,47,both_fail,False,False,True,True,290.7107055243308,252.739661063581,-37.97104446074982,-23.670468868235787,-14.300575592514036,submission_joint_advantage,70,21,1.2557999108737654,2.9828164180163865,above_one,above_one,174,False,9
lp416_clifford_joint,case_01.npz,48,submission_only,False,True,True,True,235.72428583507707,183.86175896451502,-51.86252687056205,-63.35326173213093,11.490734861568882,submission_joint_advantage,48,12,-1.0345137042982173,-0.3298647418194737,below_minus_one,within_one,124,False,0
lp416_clifford_joint,case_01.npz,49,both_success,True,True,True,True,199.28830722213468,180.30083082786305,-18.987476394271624,-19.76081419969472,0.7733378054230968,submission_joint_advantage,45,14,-0.5255551231488877,-0.7815939908880001,within_one,within_one,136,True,0
lp416_clifford_joint,case_01.npz,50,both_fail,False,False,True,True,253.57493159764164,219.74959664847847,-33.825334949163164,-34.97470131087789,1.1493663617147263,submission_joint_advantage,54,11,-1.288992994872882,0.5735937563175791,below_minus_one,within_one,148,False,6
lp416_clifford_joint,case_01.npz,51,both_fail,False,False,True,True,261.1324444408077,236.53040234311123,-24.602042097696483,-16.076388256910093,-8.52565384078639,submission_joint_advantage,58,17,0.2378827485751065,1.175899421742281,within_one,above_one,154,False,11
lp416_clifford_joint,case_01.npz,52,submission_only,False,True,True,True,260.095010737779,198.8219980289599,-61.27301270881907,-64.83270675739837,3.5596940485793027,submission_joint_advantage,50,16,-0.01659654199955826,-0.02871190910712276,within_one,within_one,160,False,0
lp416_clifford_joint,case_01.npz,53,submission_only,False,True,True,True,223.2301861606217,175.97712875958564,-47.253057401036074,-54.673536183521264,7.4204787824851905,submission_joint_advantage,45,12,-1.0345137042982173,-0.7815939908880001,below_minus_one,within_one,132,False,0
lp416_clifford_joint,case_01.npz,54,submission_only,False,True,True,True,286.1023932571988,214.4598123578147,-71.64258089938409,-63.72217319954467,-7.920407699839416,submission_joint_advantage,58,25,2.2737170731724246,1.175899421742281,above_one,above_one,158,False,0
lp416_clifford_joint,case_01.npz,55,both_success,True,True,True,True,176.40257933059502,176.40257933059502,0.0,0.0,0.0,joint_tie,44,14,-0.5255551231488877,-0.9321704072441755,within_one,within_one,148,True,0
lp416_clifford_joint,case_01.npz,56,both_success,True,True,True,True,211.6991647805327,201.39990634403114,-10.29925843650156,-14.124212823306294,3.824954386804734,submission_joint_advantage,50,18,0.4923620391497712,-0.02871190910712276,within_one,within_one,146,True,0
lp416_clifford_joint,case_01.npz,57,both_fail,False,False,True,True,226.66333385214193,209.58819484163718,-17.075139010504756,-8.80882867978113,-8.266310330723627,submission_joint_advantage,47,12,-1.0345137042982173,-0.48044115817564914,below_minus_one,within_one,130,False,11
lp416_clifford_joint,case_01.npz,58,both_fail,False,False,True,True,248.00409948180004,229.3949407531985,-18.60915872860153,-22.76425740341432,4.155098674812791,submission_joint_advantage,56,20,1.0013206202991007,0.87474658902993,above_one,within_one,154,False,7
lp416_clifford_joint,case_01.npz,59,both_success,True,True,True,True,176.67355956725237,176.67355956725237,0.0,0.0,0.0,joint_tie,45,15,-0.271075832574223,-0.7815939908880001,within_one,within_one,150,True,0
lp416_clifford_joint,case_01.npz,60,both_fail,False,False,True,True,252.39640614032723,242.78040946186997,-9.615996678457265,-1.5069103117093618,-8.109086366747903,submission_joint_advantage,61,20,1.0013206202991007,1.6276286708108074,above_one,above_one,144,False,11
lp416_clifford_joint,case_01.npz,61,both_success,True,True,True,True,185.59522350188,185.59522350188,0.0,0.0,0.0,joint_tie,48,18,0.4923620391497712,-0.3298647418194737,within_one,within_one,144,True,0
lp416_clifford_joint,case_01.npz,62,both_success,True,True,True,True,144.38860307649793,144.38860307649793,0.0,0.0,0.0,joint_tie,34,7,-2.306910157171541,-2.4379345708059303,below_minus_one,below_minus_one,102,True,0
lp416_clifford_joint,case_01.npz,63,submission_only,False,True,True,True,235.96054430660942,168.81120593443774,-67.14933837217168,-81.77040249943397,14.621064127262287,submission_joint_advantage,41,11,-1.288992994872882,-1.383899656312702,below_minus_one,below_minus_one,128,False,0
lp416_clifford_joint,case_01.npz,64,submission_only,False,True,True,True,226.36458055523616,171.66178167175036,-54.7027988834858,-62.52563022294299,7.8228313394571956,submission_joint_advantage,46,10,-1.5434722854475467,-0.6310175745318246,below_minus_one,within_one,138,False,0
lp416_clifford_joint,case_01.npz,65,both_fail,False,False,True,True,255.20351661090476,227.0663960194188,-28.137120591485967,-39.839469953425805,11.702349361939838,submission_joint_advantage,52,14,-0.5255551231488877,0.27244092360522815,within_one,within_one,154,False,10
lp416_clifford_joint,case_01.npz,66,both_fail,False,False,True,True,246.80540615988224,209.46962976109242,-37.33577639878982,-54.9786775233913,17.64290112460148,submission_joint_advantage,51,15,-0.271075832574223,0.1218645072490527,within_one,within_one,130,False,11
lp416_clifford_joint,case_01.npz,67,both_fail,False,False,True,True,238.73103367618293,221.99853017636977,-16.732503499813163,-44.373756712169325,27.641253212356162,submission_joint_advantage,51,13,-0.7800344137235525,0.1218645072490527,within_one,within_one,128,False,14
lp416_clifford_joint,case_01.npz,68,both_fail,False,False,True,True,257.3754467222674,235.78512389255556,-21.590322829711823,-22.65460208373969,1.0642792540278663,submission_joint_advantage,51,14,-0.5255551231488877,0.1218645072490527,within_one,within_one,156,False,10
lp416_clifford_joint,case_01.npz,69,both_success,True,True,True,True,194.76033841452028,185.8440715191993,-8.916266895320973,-8.854505833183083,-0.06176106213789012,submission_joint_advantage,45,14,-0.5255551231488877,-0.7815939908880001,within_one,within_one,138,True,0
lp416_clifford_joint,case_01.npz,70,both_success,True,True,True,True,173.42345373119832,173.42345373119832,0.0,0.0,0.0,joint_tie,40,12,-1.0345137042982173,-1.5344760726688773,below_minus_one,below_minus_one,132,True,0
lp416_clifford_joint,case_01.npz,71,both_success,True,True,True,True,181.41481231015442,180.81117355987314,-0.6036387502812772,-6.139564760092583,5.5359260098113054,submission_joint_advantage,45,18,0.4923620391497712,-0.7815939908880001,within_one,within_one,144,True,0
lp416_clifford_joint,case_01.npz,72,submission_only,False,True,True,True,237.80052355026237,192.65506125278853,-45.14546229747384,-58.44575563047823,13.30029333300439,submission_joint_advantage,49,9,-1.7979515760222116,-0.17928832546329823,below_minus_one,within_one,134,False,0
lp416_clifford_joint,case_01.npz,73,submission_only,False,True,True,True,276.992792917373,211.57295394460684,-65.41983897276614,-58.046521518926454,-7.3733174538396895,submission_joint_advantage,54,24,2.01923778259776,0.5735937563175791,above_one,within_one,164,False,0
lp416_clifford_joint,case_01.npz,74,submission_only,False,True,True,True,250.92210648298237,197.76684773427814,-53.15525874870423,-56.812785456603024,3.6575267078987963,submission_joint_advantage,50,15,-0.271075832574223,-0.02871190910712276,within_one,within_one,144,False,0
lp416_clifford_joint,case_01.npz,75,submission_only,False,True,True,True,265.8764899571741,195.7048590318544,-70.1716309253197,-60.19590056891673,-9.975730356402977,submission_joint_advantage,49,18,0.4923620391497712,-0.17928832546329823,within_one,within_one,144,False,0
lp416_clifford_joint,case_01.npz,76,both_success,True,True,True,True,188.21566386055932,188.21566386055932,0.0,0.0,0.0,joint_tie,46,21,1.2557999108737654,-0.6310175745318246,above_one,within_one,158,True,0
lp416_clifford_joint,case_01.npz,77,both_success,True,True,True,True,195.14143247984362,195.14143247984362,0.0,0.0,0.0,joint_tie,50,20,1.0013206202991007,-0.02871190910712276,above_one,within_one,162,True,0
lp416_clifford_joint,case_01.npz,78,both_fail,False,False,True,True,240.7984337351773,215.5440955689223,-25.254338166254996,-36.750667158507326,11.49632899225233,submission_joint_advantage,49,13,-0.7800344137235525,-0.17928832546329823,within_one,within_one,120,False,10
lp416_clifford_joint,case_01.npz,79,submission_only,False,True,True,True,246.31082631007212,193.67118615074747,-52.63964015932464,-56.85494198701201,4.2153018276873695,submission_joint_advantage,51,18,0.4923620391497712,0.1218645072490527,within_one,within_one,142,False,0
lp416_clifford_joint,case_01.npz,80,both_success,True,True,True,True,181.43843317679966,181.43843317679966,0.0,0.0,0.0,joint_tie,44,15,-0.271075832574223,-0.9321704072441755,within_one,within_one,140,True,0
lp416_clifford_joint,case_01.npz,81,submission_only,False,True,True,True,265.5197501911688,208.85595815017132,-56.663792040997464,-76.19534753809586,19.531555497098395,submission_joint_advantage,53,16,-0.01659654199955826,0.4230173399614036,within_one,within_one,148,False,0
lp416_clifford_joint,case_01.npz,82,both_success,True,True,True,True,172.919195697257,172.919195697257,0.0,0.0,0.0,joint_tie,44,19,0.746841329724436,-0.9321704072441755,within_one,within_one,148,True,0
lp416_clifford_joint,case_01.npz,83,submission_only,False,True,True,True,231.3456749782276,187.38238523950437,-43.96328973872323,-55.2230398363771,11.259750097653864,submission_joint_advantage,48,12,-1.0345137042982173,-0.3298647418194737,below_minus_one,within_one,130,False,0
lp416_clifford_joint,case_01.npz,84,both_fail,False,False,True,True,261.9928083106286,230.62421906820728,-31.368589242421336,-37.62146139056176,6.252872148140426,submission_joint_advantage,60,19,0.746841329724436,1.4770522544546318,within_one,above_one,156,False,10
lp416_clifford_joint,case_01.npz,85,both_fail,False,False,True,True,269.0606820911722,251.8045904032653,-17.256091687906917,-11.768158054899175,-5.487933633007742,submission_joint_advantage,64,24,2.01923778259776,2.079357919879334,above_one,above_one,164,False,11
lp416_clifford_joint,case_01.npz,86,both_fail,False,False,True,True,232.95805797133184,216.89581381415016,-16.06224415718168,-47.32152395758851,31.25927980040683,submission_joint_advantage,45,10,-1.5434722854475467,-0.7815939908880001,below_minus_one,within_one,134,False,10
lp416_clifford_joint,case_01.npz,87,submission_only,False,True,True,True,267.8492842324936,206.49197067391935,-61.35731355857422,-57.99469259100593,-3.36262096756829,submission_joint_advantage,53,16,-0.01659654199955826,0.4230173399614036,within_one,within_one,150,False,0
lp416_clifford_joint,case_01.npz,88,both_success,True,True,True,True,198.5649301018032,198.5649301018032,0.0,0.0,0.0,joint_tie,51,26,2.5281963637470892,0.1218645072490527,above_one,within_one,164,True,0
lp416_clifford_joint,case_01.npz,89,both_success,True,True,True,True,195.5588826055145,195.5588826055145,0.0,0.0,0.0,joint_tie,49,18,0.4923620391497712,-0.17928832546329823,within_one,within_one,154,True,0
lp416_clifford_joint,case_01.npz,90,both_fail,False,False,True,True,251.59539876266658,228.30698074656468,-23.2884180161019,-3.275704384330993,-20.012713631770907,submission_joint_advantage,56,17,0.2378827485751065,0.87474658902993,within_one,within_one,158,False,9
lp416_clifford_joint,case_01.npz,91,both_fail,False,False,True,True,238.33671899648095,223.6231846592064,-14.713534337274552,-7.972366871520137,-6.741167465754415,submission_joint_advantage,52,14,-0.5255551231488877,0.27244092360522815,within_one,within_one,144,False,6
lp416_clifford_joint,case_01.npz,92,both_fail,False,False,True,True,261.9385877146875,241.55298528218447,-20.38560243250305,-38.486135682503004,18.100533249999955,submission_joint_advantage,59,18,0.4923620391497712,1.3264758380984565,within_one,above_one,172,False,9
lp416_clifford_joint,case_01.npz,93,both_success,True,True,True,True,191.68810732891603,191.68810732891603,0.0,0.0,0.0,joint_tie,49,17,0.2378827485751065,-0.17928832546329823,within_one,within_one,148,True,0
lp416_clifford_joint,case_01.npz,94,both_success,True,True,True,True,202.75307546235683,202.75307546235683,0.0,0.0,0.0,joint_tie,51,19,0.746841329724436,0.1218645072490527,within_one,within_one,146,True,0
lp416_clifford_joint,case_01.npz,95,both_fail,False,False,True,True,280.12463010200963,238.69408146741515,-41.43054863459449,-46.6421025497267,5.211553915132214,submission_joint_advantage,58,20,1.0013206202991007,1.175899421742281,above_one,above_one,176,False,9
lp416_clifford_joint,case_01.npz,96,both_success,True,True,True,True,200.08923062604126,189.9838476474353,-10.105382978605945,-12.339823968817257,2.2344409902113114,submission_joint_advantage,49,18,0.4923620391497712,-0.17928832546329823,within_one,within_one,160,True,0
lp416_clifford_joint,case_01.npz,97,submission_only,False,True,True,True,229.93804436957114,184.81197557279626,-45.12606879677489,-49.875523854674924,4.749455057900036,submission_joint_advantage,44,12,-1.0345137042982173,-0.9321704072441755,below_minus_one,within_one,126,False,0
lp416_clifford_joint,case_01.npz,98,both_success,True,True,True,True,180.41836553607288,180.41836553607288,0.0,0.0,0.0,joint_tie,43,19,0.746841329724436,-1.082746823600351,within_one,below_minus_one,144,True,0
lp416_clifford_joint,case_01.npz,99,both_success,True,True,True,True,163.41802726233294,163.41802726233294,0.0,0.0,0.0,joint_tie,40,10,-1.5434722854475467,-1.5344760726688773,below_minus_one,below_minus_one,122,True,0
lp416_clifford_joint,case_01.npz,100,both_success,True,True,True,True,191.41479498501894,191.41479498501894,0.0,0.0,0.0,joint_tie,48,15,-0.271075832574223,-0.3298647418194737,within_one,within_one,150,True,0
lp416_clifford_joint,case_01.npz,101,both_success,True,True,True,True,150.83651241884462,150.83651241884462,0.0,0.0,0.0,joint_tie,36,11,-1.288992994872882,-2.136781738093579,below_minus_one,below_minus_one,130,True,0
lp416_clifford_joint,case_01.npz,102,both_fail,False,False,True,True,242.8020005370127,228.98408670902208,-13.817913827990623,-15.090084714275633,1.2721708862850107,submission_joint_advantage,56,15,-0.271075832574223,0.87474658902993,within_one,within_one,152,False,12
lp416_clifford_joint,case_01.npz,103,both_success,True,True,True,True,186.01025075689446,186.01025075689446,0.0,0.0,0.0,joint_tie,48,19,0.746841329724436,-0.3298647418194737,within_one,within_one,144,True,0
lp416_clifford_joint,case_01.npz,104,submission_only,False,True,True,True,282.81610163387313,200.85834663360524,-81.9577550002679,-68.50683275180904,-13.450922248458852,submission_joint_advantage,50,22,1.5102792014484303,-0.02871190910712276,above_one,within_one,138,False,0
lp416_clifford_joint,case_01.npz,105,submission_only,False,True,True,True,234.90829025693927,163.2574039727087,-71.65088628423058,-79.52960764892833,7.878721364697753,submission_joint_advantage,42,6,-2.5613894477462056,-1.2333232399565264,below_minus_one,below_minus_one,116,False,0
lp416_clifford_joint,case_01.npz,106,both_success,True,True,True,True,200.1884183700292,200.1884183700292,0.0,0.0,0.0,joint_tie,51,18,0.4923620391497712,0.1218645072490527,within_one,within_one,162,True,0
lp416_clifford_joint,case_01.npz,107,both_fail,False,False,True,True,241.42939685754624,232.11208204756733,-9.31731480997891,-23.510379782950338,14.193064972971428,submission_joint_advantage,51,13,-0.7800344137235525,0.1218645072490527,within_one,within_one,142,False,9
lp416_clifford_joint,case_01.npz,108,both_success,True,True,True,True,195.41545956953195,195.41545956953195,0.0,0.0,0.0,joint_tie,51,21,1.2557999108737654,0.1218645072490527,above_one,within_one,158,True,0
lp416_clifford_joint,case_01.npz,109,both_success,True,True,True,True,177.68877656344284,177.68877656344284,0.0,0.0,0.0,joint_tie,45,18,0.4923620391497712,-0.7815939908880001,within_one,within_one,146,True,0
lp416_clifford_joint,case_01.npz,110,submission_only,False,True,True,True,236.0831188256371,169.31585227163194,-66.76726655400515,-81.2218229937896,14.454556439784454,submission_joint_advantage,43,12,-1.0345137042982173,-1.082746823600351,below_minus_one,below_minus_one,118,False,0
lp416_clifford_joint,case_01.npz,111,both_success,True,True,True,True,188.69254498070228,188.69254498070228,0.0,0.0,0.0,joint_tie,49,23,1.764758492023095,-0.17928832546329823,above_one,within_one,142,True,0
lp416_clifford_joint,case_01.npz,112,both_fail,False,False,True,True,254.7262756053873,226.06065988056798,-28.665615724819304,-23.18134756238311,-5.484268162436194,submission_joint_advantage,53,14,-0.5255551231488877,0.4230173399614036,within_one,within_one,136,False,8
lp416_clifford_joint,case_01.npz,113,both_success,True,True,True,True,225.67356830910163,206.97842619027685,-18.695142118824776,-17.389726028457858,-1.3054160903669185,submission_joint_advantage,53,23,1.764758492023095,0.4230173399614036,above_one,within_one,160,True,0
lp416_clifford_joint,case_01.npz,114,submission_only,False,True,True,True,254.96744222157403,200.99346922069668,-53.97397300087735,-62.66398461149254,8.690011610615187,submission_joint_advantage,51,18,0.4923620391497712,0.1218645072490527,within_one,within_one,160,False,0
lp416_clifford_joint,case_01.npz,115,both_fail,False,False,True,True,242.55599330158566,214.78479538085816,-27.771197920727502,-17.15683360206623,-10.614364318661274,submission_joint_advantage,51,14,-0.5255551231488877,0.1218645072490527,within_one,within_one,142,False,7
lp416_clifford_joint,case_01.npz,116,submission_only,False,True,True,True,223.62552371624753,191.5043587944387,-32.12116492180883,-36.91556632484628,4.794401403037455,submission_joint_advantage,52,12,-1.0345137042982173,0.27244092360522815,below_minus_one,within_one,134,False,0
lp416_clifford_joint,case_01.npz,117,submission_only,False,True,True,True,255.7209645835272,203.87510041558943,-51.845864167937776,-47.95680459079006,-3.8890595771477194,submission_joint_advantage,55,19,0.746841329724436,0.7241701726737546,within_one,within_one,162,False,0
lp416_clifford_joint,case_01.npz,118,both_success,True,True,True,True,204.20507842587512,194.7507552576095,-9.454323168265603,-9.21600379760531,-0.2383193706602924,submission_joint_advantage,50,17,0.2378827485751065,-0.02871190910712276,within_one,within_one,160,True,0
lp416_clifford_joint,case_01.npz,119,submission_only,False,True,True,True,240.89647370401406,179.43502065320706,-61.461453050806995,-61.015141565912984,-0.44631148489401085,submission_joint_advantage,46,11,-1.288992994872882,-0.6310175745318246,below_minus_one,within_one,128,False,0
lp416_clifford_joint,case_01.npz,120,both_success,True,True,True,True,193.82301190554364,193.82301190554364,0.0,0.0,0.0,joint_tie,51,16,-0.01659654199955826,0.1218645072490527,within_one,within_one,134,True,0
lp416_clifford_joint,case_01.npz,121,both_fail,False,False,True,True,263.89647153636224,236.91034063630406,-26.986130900058185,-17.159591301250884,-9.826539598807301,submission_joint_advantage,56,20,1.0013206202991007,0.87474658902993,above_one,within_one,158,False,11
lp416_clifford_joint,case_01.npz,122,submission_only,False,True,True,True,250.12083342434147,184.74541875794887,-65.3754146663926,-65.30450566865937,-0.0709089977332269,submission_joint_advantage,48,18,0.4923620391497712,-0.3298647418194737,within_one,within_one,138,False,0
lp416_clifford_joint,case_01.npz,123,both_fail,False,False,True,True,248.10676379202943,232.1715088219363,-15.935254970093126,-14.440138613837007,-1.4951163562561192,submission_joint_advantage,57,16,-0.01659654199955826,1.0253230053861055,within_one,above_one,156,False,13
lp416_clifford_joint,case_01.npz,124,both_success,True,True,True,True,185.16485583737497,185.16485583737497,0.0,0.0,0.0,joint_tie,48,20,1.0013206202991007,-0.3298647418194737,above_one,within_one,140,True,0
lp416_clifford_joint,case_01.npz,125,both_fail,False,False,True,True,272.9821825450264,229.59530312700488,-43.38687941802149,-29.225305868634166,-14.161573549387327,submission_joint_advantage,55,17,0.2378827485751065,0.7241701726737546,within_one,within_one,160,False,7
lp416_clifford_joint,case_01.npz,126,both_success,True,True,True,True,179.45268018753697,179.45268018753697,0.0,0.0,0.0,joint_tie,46,16,-0.01659654199955826,-0.6310175745318246,within_one,within_one,148,True,0
lp416_clifford_joint,case_01.npz,127,submission_only,False,True,True,True,264.60742562503464,201.849293396027,-62.75813222900763,-75.36204181343919,12.603909584431563,submission_joint_advantage,53,16,-0.01659654199955826,0.4230173399614036,within_one,within_one,144,False,0
lp416_clifford_joint,case_01.npz,128,both_fail,False,False,True,True,245.69736900352586,226.48574584681393,-19.211623156711937,-36.434129780738544,17.222506624026607,submission_joint_advantage,56,15,-0.271075832574223,0.87474658902993,within_one,within_one,152,False,12
lp416_clifford_joint,case_01.npz,129,both_fail,False,False,True,True,218.6765691815941,204.47413892233237,-14.202430259261718,-21.05596055025103,6.853530290989312,submission_joint_advantage,52,10,-1.5434722854475467,0.27244092360522815,below_minus_one,within_one,138,False,12
lp416_clifford_joint,case_01.npz,130,both_success,True,True,True,True,163.05105294528659,163.05105294528659,0.0,0.0,0.0,joint_tie,35,16,-0.01659654199955826,-2.2873581544497545,within_one,below_minus_one,150,True,0
lp416_clifford_joint,case_01.npz,131,both_success,True,True,True,True,156.23578148629457,156.23578148629457,0.0,0.0,0.0,joint_tie,38,16,-0.01659654199955826,-1.8356289053812282,within_one,below_minus_one,134,True,0
lp416_clifford_joint,case_01.npz,132,both_success,True,True,True,True,193.9892988620227,193.7316212494797,-0.2576776125430058,0.383784173709671,-0.6414617862526768,submission_joint_advantage,51,19,0.746841329724436,0.1218645072490527,within_one,within_one,142,True,0
lp416_clifford_joint,case_01.npz,133,both_success,True,True,True,True,169.4452612006446,169.4452612006446,0.0,0.0,0.0,joint_tie,44,12,-1.0345137042982173,-0.9321704072441755,below_minus_one,within_one,136,True,0
lp416_clifford_joint,case_01.npz,134,both_success,True,True,True,True,177.29061657425382,177.29061657425382,0.0,0.0,0.0,joint_tie,44,16,-0.01659654199955826,-0.9321704072441755,within_one,within_one,140,True,0
lp416_clifford_joint,case_01.npz,135,both_success,True,True,True,True,185.2092103364085,185.2092103364085,0.0,0.0,0.0,joint_tie,44,11,-1.288992994872882,-0.9321704072441755,below_minus_one,within_one,134,True,0
lp416_clifford_joint,case_01.npz,136,both_fail,False,False,True,True,255.4319138937857,231.37741093615793,-24.05450295762776,-32.57788101850471,8.52337806087695,submission_joint_advantage,56,19,0.746841329724436,0.87474658902993,within_one,within_one,166,False,11
lp416_clifford_joint,case_01.npz,137,both_fail,False,False,True,True,251.8667828847038,226.75111642622477,-25.11566645847904,-34.65166505859287,9.535998600113828,submission_joint_advantage,49,13,-0.7800344137235525,-0.17928832546329823,within_one,within_one,150,False,11
lp416_clifford_joint,case_01.npz,138,both_success,True,True,True,True,184.87075863922524,184.87075863922524,0.0,0.0,0.0,joint_tie,47,14,-0.5255551231488877,-0.48044115817564914,within_one,within_one,142,True,0
lp416_clifford_joint,case_01.npz,139,submission_only,False,True,True,True,246.94997161617266,180.9935450290883,-65.95642658708437,-48.98605718779436,-16.970369399290007,submission_joint_advantage,47,12,-1.0345137042982173,-0.48044115817564914,below_minus_one,within_one,130,False,0
lp416_clifford_joint,case_01.npz,140,submission_only,False,True,True,True,254.9486652119366,191.1463606692687,-63.80230454266791,-82.55311872677694,18.750814184109032,submission_joint_advantage,49,15,-0.271075832574223,-0.17928832546329823,within_one,within_one,156,False,0
lp416_clifford_joint,case_01.npz,141,both_success,True,True,True,True,208.92022108466492,208.92022108466492,0.0,0.0,0.0,joint_tie,53,20,1.0013206202991007,0.4230173399614036,above_one,within_one,150,True,0
lp416_clifford_joint,case_01.npz,142,submission_only,False,True,True,True,263.82389907568296,196.85679512557667,-66.96710395010629,-76.14665498103136,9.179551030925069,submission_joint_advantage,51,17,0.2378827485751065,0.1218645072490527,within_one,within_one,148,False,0
lp416_clifford_joint,case_01.npz,143,both_fail,False,False,True,True,278.93673864196137,235.74953755626734,-43.18720108569403,-24.270153072615813,-18.917048013078215,submission_joint_advantage,58,19,0.746841329724436,1.175899421742281,within_one,above_one,158,False,9
lp416_clifford_joint,case_01.npz,144,both_fail,False,False,True,True,247.9461870331691,218.6594150588543,-29.286771974314803,-41.76523123452023,12.478459260205426,submission_joint_advantage,58,14,-0.5255551231488877,1.175899421742281,within_one,above_one,146,False,8
lp416_clifford_joint,case_01.npz,145,submission_only,False,True,True,True,257.71136341042575,191.70951900297206,-66.00184440745369,-63.77319963755636,-2.228644769897329,submission_joint_advantage,48,16,-0.01659654199955826,-0.3298647418194737,within_one,within_one,156,False,0
lp416_clifford_joint,case_01.npz,146,both_success,True,True,True,True,167.29798504000593,167.02291849722752,-0.27506654277840425,0.011035062802790208,-0.28610160558119446,submission_joint_advantage,41,12,-1.0345137042982173,-1.383899656312702,below_minus_one,below_minus_one,132,True,0
lp416_clifford_joint,case_01.npz,147,both_fail,False,False,True,True,271.07089594870945,230.11140282096724,-40.959493127742206,-33.73028664531677,-7.22920648242544,submission_joint_advantage,57,19,0.746841329724436,1.0253230053861055,within_one,above_one,164,False,8
lp416_clifford_joint,case_01.npz,148,both_success,True,True,True,True,167.29040417924978,167.29040417924978,0.0,0.0,0.0,joint_tie,41,12,-1.0345137042982173,-1.383899656312702,below_minus_one,below_minus_one,122,True,0
lp416_clifford_joint,case_01.npz,149,both_success,True,True,True,True,166.07864329147563,166.07864329147563,0.0,0.0,0.0,joint_tie,40,8,-2.0524308665968762,-1.5344760726688773,below_minus_one,below_minus_one,114,True,0
lp416_clifford_joint,case_01.npz,150,both_success,True,True,True,True,205.74511293578078,205.74511293578078,0.0,0.0,0.0,joint_tie,58,24,2.01923778259776,1.175899421742281,above_one,above_one,162,True,0
lp416_clifford_joint,case_01.npz,151,both_fail,False,False,True,True,239.45246304864907,211.30419817412678,-28.148264874522283,-62.90392526654588,34.7556603920236,submission_joint_advantage,53,12,-1.0345137042982173,0.4230173399614036,below_minus_one,within_one,122,False,9
lp416_clifford_joint,case_01.npz,152,both_fail,False,False,True,True,221.81036996256432,206.21336429202336,-15.597005670540966,-24.140382423733854,8.543376753192888,submission_joint_advantage,51,13,-0.7800344137235525,0.1218645072490527,within_one,within_one,136,False,8
lp416_clifford_joint,case_01.npz,153,submission_only,False,True,True,True,259.5044829667841,196.35074440425586,-63.15373856252825,-71.28967938922432,8.135940826696071,submission_joint_advantage,53,19,0.746841329724436,0.4230173399614036,within_one,within_one,130,False,0
lp416_clifford_joint,case_01.npz,154,both_success,True,True,True,True,201.81490089534338,201.81490089534338,0.0,0.0,0.0,joint_tie,52,17,0.2378827485751065,0.27244092360522815,within_one,within_one,160,True,0
lp416_clifford_joint,case_01.npz,155,both_fail,False,False,True,True,253.3448298177212,205.51959205642999,-47.82523776129122,-37.06904990436027,-10.75618785693095,submission_joint_advantage,54,14,-0.5255551231488877,0.5735937563175791,within_one,within_one,150,False,10
lp416_clifford_joint,case_01.npz,156,both_fail,False,False,True,True,256.238563996602,234.0567378809411,-22.181826115660897,-29.727621242955195,7.545795127294298,submission_joint_advantage,55,20,1.0013206202991007,0.7241701726737546,above_one,within_one,174,False,10
lp416_clifford_joint,case_01.npz,157,submission_only,False,True,True,True,251.33736316562178,202.15905060055866,-49.17831256506312,-52.21493341793959,3.0366208528764673,submission_joint_advantage,53,13,-0.7800344137235525,0.4230173399614036,within_one,within_one,158,False,0
lp416_clifford_joint,case_01.npz,158,submission_only,False,True,True,True,271.32958483565983,207.7408308659248,-63.58875396973502,-74.87446458504402,11.285710615309,submission_joint_advantage,53,21,1.2557999108737654,0.4230173399614036,above_one,within_one,166,False,0
lp416_clifford_joint,case_01.npz,159,both_success,True,True,True,True,180.80737824955233,180.80737824955233,0.0,0.0,0.0,joint_tie,46,18,0.4923620391497712,-0.6310175745318246,within_one,within_one,132,True,0
lp416_clifford_joint,case_01.npz,160,both_fail,False,False,True,True,253.75100326130172,239.53076778486144,-14.22023547644028,-3.63808307017041,-10.58215240626987,submission_joint_advantage,61,17,0.2378827485751065,1.6276286708108074,within_one,above_one,162,False,8
lp416_clifford_joint,case_01.npz,161,both_fail,False,False,True,True,257.3440702002582,222.40330698287636,-34.94076321738186,-49.739408953957025,14.798645736575168,submission_joint_advantage,64,16,-0.01659654199955826,2.079357919879334,within_one,above_one,164,False,13
lp416_clifford_joint,case_01.npz,162,both_success,True,True,True,True,197.64647953814304,197.64647953814304,0.0,0.0,0.0,joint_tie,48,15,-0.271075832574223,-0.3298647418194737,within_one,within_one,138,True,0
lp416_clifford_joint,case_01.npz,163,both_fail,False,False,True,True,251.22170950104737,224.27085202090765,-26.950857480139717,-40.36903232564913,13.418174845509412,submission_joint_advantage,50,13,-0.7800344137235525,-0.02871190910712276,within_one,within_one,142,False,11
lp416_clifford_joint,case_01.npz,164,both_success,True,True,True,True,179.52451485659287,179.48258043155877,-0.04193442503409983,-2.061976673248921,2.0200422482148213,submission_joint_advantage,46,13,-0.7800344137235525,-0.6310175745318246,within_one,within_one,134,True,0
lp416_clifford_joint,case_01.npz,165,both_success,True,True,True,True,169.55517089000693,169.55517089000693,0.0,0.0,0.0,joint_tie,42,17,0.2378827485751065,-1.2333232399565264,within_one,below_minus_one,150,True,0
lp416_clifford_joint,case_01.npz,166,both_success,True,True,True,True,182.24275728529886,182.24275728529886,0.0,0.0,0.0,joint_tie,44,17,0.2378827485751065,-0.9321704072441755,within_one,within_one,152,True,0
lp416_clifford_joint,case_01.npz,167,both_success,True,True,True,True,165.47837424517382,150.45263577481444,-15.025738470359386,-17.8027542072561,2.7770157368967148,submission_joint_advantage,37,6,-2.5613894477462056,-1.9862053217374038,below_minus_one,below_minus_one,110,True,0
lp416_clifford_joint,case_01.npz,168,submission_only,False,True,True,True,245.04291536288383,188.72760730155144,-56.31530806133239,-56.48506294890038,0.16975488756798995,submission_joint_advantage,51,12,-1.0345137042982173,0.1218645072490527,below_minus_one,within_one,126,False,0
lp416_clifford_joint,case_01.npz,169,both_success,True,True,True,True,199.83672434412279,189.92571541951563,-9.91100892460716,-12.819498163824449,2.908489239217289,submission_joint_advantage,49,17,0.2378827485751065,-0.17928832546329823,within_one,within_one,142,True,0
lp416_clifford_joint,case_01.npz,170,both_fail,False,False,True,True,285.76019447451233,243.54148525045179,-42.21870922406055,-48.20598529455259,5.987276070492044,submission_joint_advantage,62,20,1.0013206202991007,1.7782050871669828,above_one,above_one,180,False,9
lp416_clifford_joint,case_01.npz,171,submission_only,False,True,True,True,252.6573406610878,201.47694507937308,-51.18039558171472,-59.41117909394444,8.23078351222972,submission_joint_advantage,53,17,0.2378827485751065,0.4230173399614036,within_one,within_one,144,False,0
lp416_clifford_joint,case_01.npz,172,both_success,True,True,True,True,192.081363515016,192.081363515016,0.0,0.0,0.0,joint_tie,49,20,1.0013206202991007,-0.17928832546329823,above_one,within_one,142,True,0
lp416_clifford_joint,case_01.npz,173,both_success,True,True,True,True,191.74934080653847,191.74934080653847,0.0,0.0,0.0,joint_tie,50,21,1.2557999108737654,-0.02871190910712276,above_one,within_one,162,True,0
lp416_clifford_joint,case_01.npz,174,both_success,True,True,True,True,179.51708314713184,179.51708314713184,0.0,0.0,0.0,joint_tie,43,16,-0.01659654199955826,-1.082746823600351,within_one,below_minus_one,140,True,0
lp416_clifford_joint,case_01.npz,175,both_fail,False,False,True,True,257.59570307651154,226.18698051499067,-31.408722561520875,-23.35480487301652,-8.053917688504356,submission_joint_advantage,55,13,-0.7800344137235525,0.7241701726737546,within_one,within_one,132,False,8
lp416_clifford_joint,case_01.npz,176,both_fail,False,False,True,True,231.11430075769658,220.14541549566047,-10.96888526203611,-22.172843674858484,11.203958412822374,submission_joint_advantage,54,14,-0.5255551231488877,0.5735937563175791,within_one,within_one,148,False,7
lp416_clifford_joint,case_01.npz,177,submission_only,False,True,True,True,271.85668754165033,211.0390975919533,-60.81758994969704,-61.473139657281195,0.6555497075841572,submission_joint_advantage,55,19,0.746841329724436,0.7241701726737546,within_one,within_one,158,False,0
lp416_clifford_joint,case_01.npz,178,submission_only,False,True,True,True,268.4858113294059,200.40951996901748,-68.07629136038844,-85.2010462985873,17.124754938198862,submission_joint_advantage,54,22,1.5102792014484303,0.5735937563175791,above_one,within_one,160,False,0
lp416_clifford_joint,case_01.npz,179,both_success,True,True,True,True,184.63271312875918,184.54290704044655,-0.08980608831262771,6.690933421494577,-6.780739509807205,submission_joint_advantage,45,16,-0.01659654199955826,-0.7815939908880001,within_one,within_one,128,True,0
lp416_clifford_joint,case_01.npz,180,both_fail,False,False,True,True,265.41934115237586,228.4635205304321,-36.95582062194376,-23.627385732971618,-13.32843488897214,submission_joint_advantage,53,13,-0.7800344137235525,0.4230173399614036,within_one,within_one,156,False,8
lp416_clifford_joint,case_01.npz,181,submission_only,False,True,True,True,277.8815959834073,218.77553298623968,-59.10606299716761,-69.57454884811398,10.468485850946365,submission_joint_advantage,59,23,1.764758492023095,1.3264758380984565,above_one,above_one,154,False,0
lp416_clifford_joint,case_01.npz,182,both_success,True,True,True,True,171.19054443462966,171.19054443462966,0.0,0.0,0.0,joint_tie,44,14,-0.5255551231488877,-0.9321704072441755,within_one,within_one,138,True,0
lp416_clifford_joint,case_01.npz,183,both_success,True,True,True,True,171.16307292663356,171.16307292663356,0.0,0.0,0.0,joint_tie,43,15,-0.271075832574223,-1.082746823600351,within_one,below_minus_one,118,True,0
lp416_clifford_joint,case_01.npz,184,both_success,True,True,True,True,169.79353322542028,169.79353322542028,0.0,0.0,0.0,joint_tie,41,12,-1.0345137042982173,-1.383899656312702,below_minus_one,below_minus_one,122,True,0
lp416_clifford_joint,case_01.npz,185,both_fail,False,False,True,True,240.2387047646398,206.2703975425577,-33.9683072220821,-44.37972057917466,10.411413357092556,submission_joint_advantage,49,11,-1.288992994872882,-0.17928832546329823,below_minus_one,within_one,120,False,9
lp416_clifford_joint,case_01.npz,186,both_success,True,True,True,True,169.33718771026997,169.33718771026997,0.0,0.0,0.0,joint_tie,42,19,0.746841329724436,-1.2333232399565264,within_one,below_minus_one,142,True,0
lp416_clifford_joint,case_01.npz,187,submission_only,False,True,True,True,262.34166261333615,207.43373249513496,-54.90793011820119,-60.45310464157518,5.545174523373987,submission_joint_advantage,53,12,-1.0345137042982173,0.4230173399614036,below_minus_one,within_one,150,False,0
lp416_clifford_joint,case_01.npz,188,both_fail,False,False,True,True,249.48469842145965,216.08360872507362,-33.40108969638604,-43.23918628842364,9.838096592037601,submission_joint_advantage,56,13,-0.7800344137235525,0.87474658902993,within_one,within_one,142,False,7
lp416_clifford_joint,case_01.npz,189,both_fail,False,False,True,True,263.48267997607365,225.65669529234356,-37.8259846837301,-42.15900789730256,4.33302321357246,submission_joint_advantage,56,16,-0.01659654199955826,0.87474658902993,within_one,within_one,144,False,8
lp416_clifford_joint,case_01.npz,190,submission_only,False,True,True,True,278.29390206689345,206.23427830210574,-72.05962376478772,-75.3209455415398,3.2613217767520837,submission_joint_advantage,55,20,1.0013206202991007,0.7241701726737546,above_one,within_one,170,False,0
lp416_clifford_joint,case_01.npz,191,both_success,True,True,True,True,188.1371033632827,188.1371033632827,0.0,0.0,0.0,joint_tie,47,18,0.4923620391497712,-0.48044115817564914,within_one,within_one,150,True,0
lp416_clifford_joint,case_01.npz,192,both_success,True,True,True,True,198.9049956562509,193.9064464677912,-4.998549188459691,-6.577663465698009,1.5791142772383182,submission_joint_advantage,48,18,0.4923620391497712,-0.3298647418194737,within_one,within_one,142,True,0
lp416_clifford_joint,case_01.npz,193,submission_only,False,True,True,True,244.9232475124374,196.73313155056772,-48.19011596186968,-51.08096228187557,2.890846320005892,submission_joint_advantage,52,16,-0.01659654199955826,0.27244092360522815,within_one,within_one,148,False,0
lp416_clifford_joint,case_01.npz,194,both_fail,False,False,True,True,265.12827307857737,234.75317756796107,-30.37509551061629,-28.674051183131553,-1.7010443274847376,submission_joint_advantage,66,17,0.2378827485751065,2.3805107525916847,within_one,above_one,172,False,9
lp416_clifford_joint,case_01.npz,195,both_success,True,True,True,True,173.24632156799024,173.24632156799024,0.0,0.0,0.0,joint_tie,40,13,-0.7800344137235525,-1.5344760726688773,within_one,below_minus_one,120,True,0
lp416_clifford_joint,case_01.npz,196,both_success,True,True,True,True,183.47695970222506,183.47695970222506,0.0,0.0,0.0,joint_tie,48,16,-0.01659654199955826,-0.3298647418194737,within_one,within_one,130,True,0
lp416_clifford_joint,case_01.npz,197,submission_only,False,True,True,True,272.63328324187376,208.97296971970667,-63.66031352216709,-72.51278041644977,8.852466894282685,submission_joint_advantage,56,21,1.2557999108737654,0.87474658902993,above_one,within_one,158,False,0
lp416_clifford_joint,case_01.npz,198,submission_only,False,True,True,True,230.7503590747042,194.19659445235948,-36.553764622344715,-36.344338368048795,-0.20942625429592,submission_joint_advantage,52,16,-0.01659654199955826,0.27244092360522815,within_one,within_one,136,False,0
lp416_clifford_joint,case_01.npz,199,both_fail,False,False,True,True,239.05070845672503,210.24980400276695,-28.800904453958083,-30.890346915807015,2.0894424618489325,submission_joint_advantage,47,10,-1.5434722854475467,-0.48044115817564914,below_minus_one,within_one,134,False,13
lp416_clifford_joint,case_01.npz,200,both_fail,False,False,True,True,279.30930878722916,245.33801352367453,-33.97129526355462,-25.117874160806593,-8.85342110274803,submission_joint_advantage,58,15,-0.271075832574223,1.175899421742281,within_one,above_one,158,False,9
lp416_clifford_joint,case_01.npz,201,submission_only,False,True,True,True,264.8041280619209,215.44404686583675,-49.36008119608414,-40.597480541197854,-8.762600654886285,submission_joint_advantage,59,22,1.5102792014484303,1.3264758380984565,above_one,above_one,174,False,0
lp416_clifford_joint,case_01.npz,202,both_success,True,True,True,True,153.70908784896568,153.70908784896568,0.0,0.0,0.0,joint_tie,37,7,-2.306910157171541,-1.9862053217374038,below_minus_one,below_minus_one,112,True,0
lp416_clifford_joint,case_01.npz,203,both_success,True,True,True,True,178.78822901050412,178.78822901050412,0.0,0.0,0.0,joint_tie,46,11,-1.288992994872882,-0.6310175745318246,below_minus_one,within_one,126,True,0
lp416_clifford_joint,case_01.npz,204,both_success,True,True,True,True,174.57236894025834,174.57236894025834,0.0,0.0,0.0,joint_tie,45,16,-0.01659654199955826,-0.7815939908880001,within_one,within_one,138,True,0
lp416_clifford_joint,case_01.npz,205,both_fail,False,False,True,True,240.17348793862988,205.76241333005635,-34.41107460857353,-33.31639042509377,-1.0946841834797567,submission_joint_advantage,50,13,-0.7800344137235525,-0.02871190910712276,within_one,within_one,138,False,9
lp416_clifford_joint,case_01.npz,206,both_fail,False,False,True,True,289.28416277323055,236.73804052178036,-52.546122251450186,-69.26566210343998,16.719539851989794,submission_joint_advantage,53,18,0.4923620391497712,0.4230173399614036,within_one,within_one,156,False,7
lp416_clifford_joint,case_01.npz,207,submission_only,False,True,True,True,251.748186622216,188.81015850087232,-62.93802812134368,-83.18812436540435,20.25009624406067,submission_joint_advantage,47,12,-1.0345137042982173,-0.48044115817564914,below_minus_one,within_one,126,False,0
lp416_clifford_joint,case_01.npz,208,both_success,True,True,True,True,181.90104373124296,181.90104373124296,0.0,0.0,0.0,joint_tie,47,14,-0.5255551231488877,-0.48044115817564914,within_one,within_one,140,True,0
lp416_clifford_joint,case_01.npz,209,both_success,True,True,True,True,157.66178199021277,157.66178199021277,0.0,0.0,0.0,joint_tie,35,13,-0.7800344137235525,-2.2873581544497545,within_one,below_minus_one,134,True,0
lp416_clifford_joint,case_01.npz,210,both_success,True,True,True,True,178.08900010934755,177.2263437504416,-0.8626563589059515,0.8170035822915906,-1.6796599411975421,submission_joint_advantage,44,14,-0.5255551231488877,-0.9321704072441755,within_one,within_one,158,True,0
lp416_clifford_joint,case_01.npz,211,both_success,True,True,True,True,172.84088562156722,172.84088562156722,0.0,0.0,0.0,joint_tie,42,17,0.2378827485751065,-1.2333232399565264,within_one,below_minus_one,154,True,0
lp416_clifford_joint,case_01.npz,212,submission_only,False,True,True,True,247.4497832223561,186.4370206662789,-61.012762556077206,-70.21332988683366,9.200567330756456,submission_joint_advantage,49,16,-0.01659654199955826,-0.17928832546329823,within_one,within_one,140,False,0
lp416_clifford_joint,case_01.npz,213,both_success,True,True,True,True,164.47543578828885,164.47543578828885,0.0,0.0,0.0,joint_tie,41,13,-0.7800344137235525,-1.383899656312702,within_one,below_minus_one,136,True,0
lp416_clifford_joint,case_01.npz,214,submission_only,False,True,True,True,217.68122035927507,169.59162940984623,-48.08959094942884,-64.80376558454697,16.714174635118127,submission_joint_advantage,45,8,-2.0524308665968762,-0.7815939908880001,below_minus_one,within_one,124,False,0
lp416_clifford_joint,case_01.npz,215,submission_only,False,True,True,True,264.921634688944,209.16502342222662,-55.75661126671736,-52.989968492695596,-2.7666427740217614,submission_joint_advantage,55,24,2.01923778259776,0.7241701726737546,above_one,within_one,168,False,0
lp416_clifford_joint,case_01.npz,216,both_success,True,True,True,True,180.483057316519,180.483057316519,0.0,0.0,0.0,joint_tie,47,17,0.2378827485751065,-0.48044115817564914,within_one,within_one,152,True,0
lp416_clifford_joint,case_01.npz,217,submission_only,False,True,True,True,228.71143796924414,185.44397060682587,-43.26746736241827,-44.167820582668384,0.9003532202501106,submission_joint_advantage,48,12,-1.0345137042982173,-0.3298647418194737,below_minus_one,within_one,132,False,0
lp416_clifford_joint,case_01.npz,218,submission_only,False,True,True,True,265.70044386070657,211.38579364715451,-54.314650213552056,-53.54844012347755,-0.7662100900745088,submission_joint_advantage,56,20,1.0013206202991007,0.87474658902993,above_one,within_one,144,False,0
lp416_clifford_joint,case_01.npz,219,submission_only,False,True,True,True,267.72697549885254,196.31727706257936,-71.40969843627317,-64.57582372760902,-6.833874708664155,submission_joint_advantage,51,15,-0.271075832574223,0.1218645072490527,within_one,within_one,148,False,0
lp416_clifford_joint,case_01.npz,220,submission_only,False,True,True,True,237.00571759316315,184.49351782279413,-52.51219977036902,-45.88833234658941,-6.623867423779615,submission_joint_advantage,47,9,-1.7979515760222116,-0.48044115817564914,below_minus_one,within_one,144,False,0
lp416_clifford_joint,case_01.npz,221,both_fail,False,False,True,True,260.2655711427663,248.22193732165144,-12.043633821114867,-8.587305907903897,-3.45632791321097,submission_joint_advantage,61,18,0.4923620391497712,1.6276286708108074,within_one,above_one,156,False,8
lp416_clifford_joint,case_01.npz,222,both_success,True,True,True,True,179.92472043143627,179.92472043143627,0.0,0.0,0.0,joint_tie,44,17,0.2378827485751065,-0.9321704072441755,within_one,within_one,142,True,0
lp416_clifford_joint,case_01.npz,223,both_success,True,True,True,True,187.9246723362249,187.9246723362249,0.0,0.0,0.0,joint_tie,47,20,1.0013206202991007,-0.48044115817564914,above_one,within_one,148,True,0
lp416_clifford_joint,case_01.npz,224,both_success,True,True,True,True,196.37602740769688,196.37602740769688,0.0,0.0,0.0,joint_tie,51,20,1.0013206202991007,0.1218645072490527,above_one,within_one,160,True,0
lp416_clifford_joint,case_01.npz,225,both_fail,False,False,True,True,248.6192769248401,217.75641432777388,-30.862862597066226,-38.936819083087215,8.07395648602099,submission_joint_advantage,48,13,-0.7800344137235525,-0.3298647418194737,within_one,within_one,140,False,8
lp416_clifford_joint,case_01.npz,226,submission_only,False,True,True,True,266.75661704541886,210.2200468132098,-56.53657023220907,-49.10373293126986,-7.432837300939212,submission_joint_advantage,56,19,0.746841329724436,0.87474658902993,within_one,within_one,150,False,0
lp416_clifford_joint,case_01.npz,227,both_success,True,True,True,True,216.62779658888894,216.62779658888894,0.0,0.0,0.0,joint_tie,55,26,2.5281963637470892,0.7241701726737546,above_one,within_one,178,True,0
lp416_clifford_joint,case_01.npz,228,both_fail,False,False,True,True,248.94234818696998,234.25692623585726,-14.685421951112716,-31.82026839907826,17.134846447965543,submission_joint_advantage,54,18,0.4923620391497712,0.5735937563175791,within_one,within_one,146,False,10
lp416_clifford_joint,case_01.npz,229,both_fail,False,False,True,True,263.09071749915876,230.0883523101469,-33.00236518901187,-17.723460977735954,-15.278904211275915,submission_joint_advantage,52,15,-0.271075832574223,0.27244092360522815,within_one,within_one,142,False,11
lp416_clifford_joint,case_01.npz,230,both_fail,False,False,True,True,253.5086855942439,213.05759399251818,-40.45109160172572,-56.292464489190706,15.841372887464985,submission_joint_advantage,51,11,-1.288992994872882,0.1218645072490527,below_minus_one,within_one,142,False,10
lp416_clifford_joint,case_01.npz,231,submission_only,False,True,True,True,256.8984236674549,192.3967649254087,-64.5016587420462,-65.34648574148935,0.8448269994431428,submission_joint_advantage,50,20,1.0013206202991007,-0.02871190910712276,above_one,within_one,160,False,0
lp416_clifford_joint,case_01.npz,232,submission_only,False,True,True,True,235.1909328912804,194.31552970617884,-40.87540318510156,-50.40002968816867,9.524626503067111,submission_joint_advantage,51,15,-0.271075832574223,0.1218645072490527,within_one,within_one,158,False,0
lp416_clifford_joint,case_01.npz,233,submission_only,False,True,True,True,249.1297713872191,178.00023068513883,-71.12954070208028,-60.771636824308644,-10.357903877771633,submission_joint_advantage,46,14,-0.5255551231488877,-0.6310175745318246,within_one,within_one,140,False,0
lp416_clifford_joint,case_01.npz,234,both_fail,False,False,True,True,278.2802901768048,238.00798170542188,-40.2723084713829,-61.71595327566979,21.44364480428689,submission_joint_advantage,54,21,1.2557999108737654,0.5735937563175791,above_one,within_one,156,False,9
lp416_clifford_joint,case_01.npz,235,both_success,True,True,True,True,191.6981223565287,191.6981223565287,0.0,0.0,0.0,joint_tie,47,12,-1.0345137042982173,-0.48044115817564914,below_minus_one,within_one,148,True,0
lp416_clifford_joint,case_01.npz,236,submission_only,False,True,True,True,261.46292397608795,199.37282783993783,-62.09009613615012,-72.32976891534076,10.239672779190641,submission_joint_advantage,52,16,-0.01659654199955826,0.27244092360522815,within_one,within_one,152,False,0
lp416_clifford_joint,case_01.npz,237,both_success,True,True,True,True,157.07054826532845,157.07054826532845,0.0,0.0,0.0,joint_tie,38,13,-0.7800344137235525,-1.8356289053812282,within_one,below_minus_one,140,True,0
lp416_clifford_joint,case_01.npz,238,both_success,True,True,True,True,187.56246428807037,187.05519629727644,-0.5072679907939346,-5.611844864269273,5.104576873475338,submission_joint_advantage,48,17,0.2378827485751065,-0.3298647418194737,within_one,within_one,158,True,0
lp416_clifford_joint,case_01.npz,239,both_fail,False,False,True,True,252.59737383342497,226.67427896428148,-25.923094869143483,-30.861210066644503,4.93811519750102,submission_joint_advantage,53,16,-0.01659654199955826,0.4230173399614036,within_one,within_one,144,False,11
lp416_clifford_joint,case_01.npz,240,submission_only,False,True,True,True,262.7471513456144,182.1768891913797,-80.57026215423468,-91.1368625838499,10.566600429615221,submission_joint_advantage,47,17,0.2378827485751065,-0.48044115817564914,within_one,within_one,130,False,0
lp416_clifford_joint,case_01.npz,241,both_fail,False,False,True,True,249.22781227601297,225.44626727006371,-23.781545005949255,-26.23966717712466,2.458122171175404,submission_joint_advantage,51,16,-0.01659654199955826,0.1218645072490527,within_one,within_one,144,False,10
lp416_clifford_joint,case_01.npz,242,both_fail,False,False,True,True,259.5848427248474,237.10739610867344,-22.477446616173978,-11.19500556424839,-11.282441051925588,submission_joint_advantage,66,17,0.2378827485751065,2.3805107525916847,within_one,above_one,156,False,10
lp416_clifford_joint,case_01.npz,243,both_fail,False,False,True,True,261.1637383164357,222.82319855645954,-38.34053975997614,-57.072205130049326,18.731665370073188,submission_joint_advantage,56,13,-0.7800344137235525,0.87474658902993,within_one,within_one,138,False,8
lp416_clifford_joint,case_01.npz,244,both_fail,False,False,True,True,242.07499847489396,228.19678028079005,-13.878218194103908,-34.45244687034966,20.574228676245752,submission_joint_advantage,53,14,-0.5255551231488877,0.4230173399614036,within_one,within_one,152,False,13
lp416_clifford_joint,case_01.npz,245,both_fail,False,False,True,True,290.02148524507777,242.49255201073797,-47.5289332343398,-66.99543714414028,19.46650390980048,submission_joint_advantage,60,22,1.5102792014484303,1.4770522544546318,above_one,above_one,168,False,8
lp416_clifford_joint,case_01.npz,246,both_fail,False,False,True,True,253.77999739362295,223.75932187153933,-30.02067552208362,-37.914423045579156,7.893747523495534,submission_joint_advantage,59,12,-1.0345137042982173,1.3264758380984565,below_minus_one,above_one,146,False,6
lp416_clifford_joint,case_01.npz,247,both_fail,False,False,True,True,278.9541340748459,239.6575544313692,-39.29657964347672,-33.0156504237267,-6.280929219750021,submission_joint_advantage,58,19,0.746841329724436,1.175899421742281,within_one,above_one,156,False,7
lp416_clifford_joint,case_01.npz,248,both_success,True,True,True,True,218.33870848201968,218.33870848201968,0.0,0.0,0.0,joint_tie,59,28,3.0371549448964186,1.3264758380984565,above_one,above_one,194,True,0
lp416_clifford_joint,case_01.npz,249,both_fail,False,False,True,True,235.48741487221517,208.17839680191628,-27.30901807029889,-14.187760517812364,-13.121257552486526,submission_joint_advantage,55,12,-1.0345137042982173,0.7241701726737546,below_minus_one,within_one,138,False,9
lp416_clifford_joint,case_01.npz,250,submission_only,False,True,True,True,260.40707596510384,208.66305746023727,-51.744018504866574,-64.58453295497264,12.84051445010607,submission_joint_advantage,55,22,1.5102792014484303,0.7241701726737546,above_one,within_one,158,False,0
lp416_clifford_joint,case_01.npz,251,submission_only,False,True,True,True,264.315860729007,194.56277321886895,-69.75308751013804,-76.0008376140722,6.247750103934152,submission_joint_advantage,50,22,1.5102792014484303,-0.02871190910712276,above_one,within_one,164,False,0
lp416_clifford_joint,case_01.npz,252,submission_only,False,True,True,True,272.2355768511135,203.23189709336253,-69.00367975775094,-67.10548871738854,-1.8981910403624056,submission_joint_advantage,55,18,0.4923620391497712,0.7241701726737546,within_one,within_one,156,False,0
lp416_clifford_joint,case_01.npz,253,both_success,True,True,True,True,178.2806180367992,172.83061485517425,-5.4500031816249646,-12.642763817709437,7.192760636084472,submission_joint_advantage,40,9,-1.7979515760222116,-1.5344760726688773,below_minus_one,below_minus_one,122,True,0
lp416_clifford_joint,case_01.npz,254,both_fail,False,False,True,True,245.71509071935958,224.76717608596243,-20.947914633397147,-10.423592528123947,-10.5243221052732,submission_joint_advantage,59,14,-0.5255551231488877,1.3264758380984565,within_one,above_one,154,False,9
lp416_clifford_joint,case_01.npz,255,both_fail,False,False,True,True,279.6577479211062,252.0552009946351,-27.602546926471092,-33.61178902842357,6.009242101952481,submission_joint_advantage,67,22,1.5102792014484303,2.53108716894786,above_one,above_one,158,False,8
lp882_hadamard_z,case_02.npz,0,both_success,True,True,True,True,264.75059679183437,264.75059679183437,0.0,0.0,0.0,joint_tie,71,1,-0.4795049873849754,0.21202766091004058,within_one,within_one,182,True,0
lp882_hadamard_z,case_02.npz,1,both_success,True,True,True,True,300.58113466611644,300.58113466611644,0.0,0.0,0.0,joint_tie,80,2,0.30997328619917325,1.3384953750287594,within_one,above_one,212,True,0
lp882_hadamard_z,case_02.npz,2,both_success,True,True,True,True,290.4433230360197,290.4433230360197,0.0,0.0,0.0,joint_tie,76,2,0.30997328619917325,0.8378430576426622,within_one,within_one,196,True,0
lp882_hadamard_z,case_02.npz,3,both_success,True,True,True,True,268.6379643460197,268.6379643460197,0.0,0.0,0.0,joint_tie,74,2,0.30997328619917325,0.5875168989496136,within_one,within_one,198,True,0
lp882_hadamard_z,case_02.npz,4,both_success,True,True,True,True,269.66897224119526,269.66897224119526,0.0,0.0,0.0,joint_tie,74,1,-0.4795049873849754,0.5875168989496136,within_one,within_one,195,True,0
lp882_hadamard_z,case_02.npz,5,both_success,True,True,True,True,285.7846371883169,285.7846371883169,0.0,0.0,0.0,joint_tie,74,3,1.0994515597833219,0.5875168989496136,above_one,within_one,185,True,0
lp882_hadamard_z,case_02.npz,6,both_success,True,True,True,True,276.2294324276904,276.2294324276904,0.0,0.0,0.0,joint_tie,77,0,-1.268983260969124,0.9630061369891865,below_minus_one,within_one,205,True,0
lp882_hadamard_z,case_02.npz,7,both_success,True,True,True,True,245.6787981568702,245.6787981568702,0.0,0.0,0.0,joint_tie,65,2,0.30997328619917325,-0.5389508151691054,within_one,within_one,179,True,0
lp882_hadamard_z,case_02.npz,8,both_success,True,True,True,True,265.59372523144054,265.59372523144054,0.0,0.0,0.0,joint_tie,73,1,-0.4795049873849754,0.4623538196030892,within_one,within_one,190,True,0
lp882_hadamard_z,case_02.npz,9,both_success,True,True,True,True,267.664396940119,267.664396940119,0.0,0.0,0.0,joint_tie,68,3,1.0994515597833219,-0.16346157712953238,above_one,within_one,165,True,0
lp882_hadamard_z,case_02.npz,10,both_success,True,True,True,True,257.6692899548191,257.6692899548191,0.0,0.0,0.0,joint_tie,63,3,1.0994515597833219,-0.7892769738621539,above_one,within_one,166,True,0
lp882_hadamard_z,case_02.npz,11,both_success,True,True,True,True,295.850430346644,295.850430346644,0.0,0.0,0.0,joint_tie,79,4,1.8889298333674704,1.213332295682235,above_one,above_one,203,True,0
lp882_hadamard_z,case_02.npz,12,both_success,True,True,True,True,260.01052223612794,260.01052223612794,0.0,0.0,0.0,joint_tie,71,0,-1.268983260969124,0.21202766091004058,below_minus_one,within_one,173,True,0
lp882_hadamard_z,case_02.npz,13,both_success,True,True,True,True,275.00188331649133,275.00188331649133,0.0,0.0,0.0,joint_tie,69,3,1.0994515597833219,-0.038298497783008055,above_one,within_one,192,True,0
lp882_hadamard_z,case_02.npz,14,both_success,True,True,True,True,269.823872716694,269.823872716694,0.0,0.0,0.0,joint_tie,69,2,0.30997328619917325,-0.038298497783008055,within_one,within_one,181,True,0
lp882_hadamard_z,case_02.npz,15,both_success,True,True,True,True,226.6451246858617,226.6451246858617,0.0,0.0,0.0,joint_tie,60,0,-1.268983260969124,-1.1647662119017268,below_minus_one,below_minus_one,162,True,0
lp882_hadamard_z,case_02.npz,16,both_success,True,True,True,True,323.37912961746065,323.37912961746065,0.0,0.0,0.0,joint_tie,89,2,0.30997328619917325,2.4649630891474783,within_one,above_one,203,True,0
lp882_hadamard_z,case_02.npz,17,both_success,True,True,True,True,276.3572858587944,276.3572858587944,0.0,0.0,0.0,joint_tie,78,0,-1.268983260969124,1.0881692163357108,below_minus_one,above_one,202,True,0
lp882_hadamard_z,case_02.npz,18,both_success,True,True,True,True,280.76166584889694,280.76166584889694,0.0,0.0,0.0,joint_tie,75,0,-1.268983260969124,0.7126799782961378,below_minus_one,within_one,173,True,0
lp882_hadamard_z,case_02.npz,19,both_success,True,True,True,True,236.882789779488,236.882789779488,0.0,0.0,0.0,joint_tie,60,0,-1.268983260969124,-1.1647662119017268,below_minus_one,below_minus_one,154,True,0
lp882_hadamard_z,case_02.npz,20,both_success,True,True,True,True,262.45558731780335,262.45558731780335,0.0,0.0,0.0,joint_tie,73,1,-0.4795049873849754,0.4623538196030892,within_one,within_one,190,True,0
lp882_hadamard_z,case_02.npz,21,both_success,True,True,True,True,261.67389175842106,261.67389175842106,0.0,0.0,0.0,joint_tie,70,1,-0.4795049873849754,0.08686458156351626,within_one,within_one,175,True,0
lp882_hadamard_z,case_02.npz,22,both_success,True,True,True,True,207.95150448131443,207.95150448131443,0.0,0.0,0.0,joint_tie,54,0,-1.268983260969124,-1.9157446879808728,below_minus_one,below_minus_one,146,True,0
lp882_hadamard_z,case_02.npz,23,both_success,True,True,True,True,276.83901359645967,276.83901359645967,0.0,0.0,0.0,joint_tie,76,2,0.30997328619917325,0.8378430576426622,within_one,within_one,190,True,0
lp882_hadamard_z,case_02.npz,24,both_success,True,True,True,True,260.15137561215187,260.15137561215187,0.0,0.0,0.0,joint_tie,69,2,0.30997328619917325,-0.038298497783008055,within_one,within_one,183,True,0
lp882_hadamard_z,case_02.npz,25,both_success,True,True,True,True,260.68296041415783,260.68296041415783,0.0,0.0,0.0,joint_tie,68,2,0.30997328619917325,-0.16346157712953238,within_one,within_one,184,True,0
lp882_hadamard_z,case_02.npz,26,both_success,True,True,True,True,296.9311615291472,296.9311615291472,0.0,0.0,0.0,joint_tie,77,3,1.0994515597833219,0.9630061369891865,above_one,within_one,208,True,0
lp882_hadamard_z,case_02.npz,27,both_success,True,True,True,True,236.83737304296693,236.83737304296693,0.0,0.0,0.0,joint_tie,63,1,-0.4795049873849754,-0.7892769738621539,within_one,within_one,166,True,0
lp882_hadamard_z,case_02.npz,28,both_success,True,True,True,True,281.9307299643983,281.9307299643983,0.0,0.0,0.0,joint_tie,75,2,0.30997328619917325,0.7126799782961378,within_one,within_one,197,True,0
lp882_hadamard_z,case_02.npz,29,both_success,True,True,True,True,300.8465277623612,300.8465277623612,0.0,0.0,0.0,joint_tie,84,2,0.30997328619917325,1.8391476924148566,within_one,above_one,214,True,0
lp882_hadamard_z,case_02.npz,30,both_success,True,True,True,True,244.54019609034083,244.54019609034083,0.0,0.0,0.0,joint_tie,60,3,1.0994515597833219,-1.1647662119017268,above_one,below_minus_one,169,True,0
lp882_hadamard_z,case_02.npz,31,both_success,True,True,True,True,234.23618220573667,234.23618220573667,0.0,0.0,0.0,joint_tie,60,1,-0.4795049873849754,-1.1647662119017268,within_one,below_minus_one,149,True,0
lp882_hadamard_z,case_02.npz,32,both_success,True,True,True,True,272.738211304617,272.738211304617,0.0,0.0,0.0,joint_tie,74,2,0.30997328619917325,0.5875168989496136,within_one,within_one,194,True,0
lp882_hadamard_z,case_02.npz,33,both_success,True,True,True,True,241.4083888719823,241.4083888719823,0.0,0.0,0.0,joint_tie,63,2,0.30997328619917325,-0.7892769738621539,within_one,within_one,169,True,0
lp882_hadamard_z,case_02.npz,34,both_success,True,True,True,True,254.4682674041563,254.4682674041563,0.0,0.0,0.0,joint_tie,67,1,-0.4795049873849754,-0.2886246564760567,within_one,within_one,172,True,0
lp882_hadamard_z,case_02.npz,35,both_success,True,True,True,True,263.51345998375535,263.51345998375535,0.0,0.0,0.0,joint_tie,68,1,-0.4795049873849754,-0.16346157712953238,within_one,within_one,173,True,0
lp882_hadamard_z,case_02.npz,36,both_success,True,True,True,True,270.4412993978972,270.4412993978972,0.0,0.0,0.0,joint_tie,68,2,0.30997328619917325,-0.16346157712953238,within_one,within_one,176,True,0
lp882_hadamard_z,case_02.npz,37,both_success,True,True,True,True,253.37363940316607,253.37363940316607,0.0,0.0,0.0,joint_tie,68,0,-1.268983260969124,-0.16346157712953238,below_minus_one,within_one,170,True,0
lp882_hadamard_z,case_02.npz,38,both_success,True,True,True,True,243.55842358585045,243.55842358585045,0.0,0.0,0.0,joint_tie,63,1,-0.4795049873849754,-0.7892769738621539,within_one,within_one,162,True,0
lp882_hadamard_z,case_02.npz,39,both_success,True,True,True,True,277.3650255938901,277.3650255938901,0.0,0.0,0.0,joint_tie,75,1,-0.4795049873849754,0.7126799782961378,within_one,within_one,194,True,0
lp882_hadamard_z,case_02.npz,40,both_success,True,True,True,True,279.8988376955422,279.8988376955422,0.0,0.0,0.0,joint_tie,77,2,0.30997328619917325,0.9630061369891865,within_one,within_one,199,True,0
lp882_hadamard_z,case_02.npz,41,both_success,True,True,True,True,252.8353991041979,252.8353991041979,0.0,0.0,0.0,joint_tie,64,1,-0.4795049873849754,-0.6641138945156296,within_one,within_one,169,True,0
lp882_hadamard_z,case_02.npz,42,both_success,True,True,True,True,293.0738385497543,293.0738385497543,0.0,0.0,0.0,joint_tie,78,2,0.30997328619917325,1.0881692163357108,within_one,above_one,198,True,0
lp882_hadamard_z,case_02.npz,43,both_success,True,True,True,True,286.4704035622539,286.4704035622539,0.0,0.0,0.0,joint_tie,77,1,-0.4795049873849754,0.9630061369891865,within_one,within_one,196,True,0
lp882_hadamard_z,case_02.npz,44,both_success,True,True,True,True,278.46141612502885,278.46141612502885,0.0,0.0,0.0,joint_tie,72,4,1.8889298333674704,0.33719074025656487,above_one,within_one,196,True,0
lp882_hadamard_z,case_02.npz,45,both_success,True,True,True,True,237.51744625908455,237.51744625908455,0.0,0.0,0.0,joint_tie,56,4,1.8889298333674704,-1.665418529287824,above_one,below_minus_one,158,True,0
lp882_hadamard_z,case_02.npz,46,both_success,True,True,True,True,256.36725099894835,256.36725099894835,0.0,0.0,0.0,joint_tie,69,0,-1.268983260969124,-0.038298497783008055,below_minus_one,within_one,167,True,0
lp882_hadamard_z,case_02.npz,47,both_success,True,True,True,True,252.5177131932374,252.5177131932374,0.0,0.0,0.0,joint_tie,69,1,-0.4795049873849754,-0.038298497783008055,within_one,within_one,174,True,0
lp882_hadamard_z,case_02.npz,48,both_success,True,True,True,True,283.66453619651224,283.66453619651224,0.0,0.0,0.0,joint_tie,76,2,0.30997328619917325,0.8378430576426622,within_one,within_one,184,True,0
lp882_hadamard_z,case_02.npz,49,both_success,True,True,True,True,216.52614948303864,216.52614948303864,0.0,0.0,0.0,joint_tie,56,0,-1.268983260969124,-1.665418529287824,below_minus_one,below_minus_one,156,True,0
lp882_hadamard_z,case_02.npz,50,both_success,True,True,True,True,271.78477283714096,271.78477283714096,0.0,0.0,0.0,joint_tie,68,5,2.6784081069516192,-0.16346157712953238,above_one,within_one,167,True,0
lp882_hadamard_z,case_02.npz,51,both_success,True,True,True,True,264.57106047873407,264.460586622986,-0.11047385574806867,2.2424970982903005,-2.352970954038369,submission_joint_advantage,66,1,-0.4795049873849754,-0.413787735822581,within_one,within_one,165,True,0
lp882_hadamard_z,case_02.npz,52,both_success,True,True,True,True,256.99545816588727,256.99545816588727,0.0,0.0,0.0,joint_tie,72,1,-0.4795049873849754,0.33719074025656487,within_one,within_one,169,True,0
lp882_hadamard_z,case_02.npz,53,both_success,True,True,True,True,257.9645788006554,257.9645788006554,0.0,0.0,0.0,joint_tie,68,2,0.30997328619917325,-0.16346157712953238,within_one,within_one,178,True,0
lp882_hadamard_z,case_02.npz,54,both_success,True,True,True,True,270.9538757788125,270.9538757788125,0.0,0.0,0.0,joint_tie,71,4,1.8889298333674704,0.21202766091004058,above_one,within_one,193,True,0
lp882_hadamard_z,case_02.npz,55,both_success,True,True,True,True,258.0563904720642,258.0563904720642,0.0,0.0,0.0,joint_tie,68,2,0.30997328619917325,-0.16346157712953238,within_one,within_one,180,True,0
lp882_hadamard_z,case_02.npz,56,both_success,True,True,True,True,219.08120499375983,219.08120499375983,0.0,0.0,0.0,joint_tie,57,0,-1.268983260969124,-1.5402554499413,below_minus_one,below_minus_one,157,True,0
lp882_hadamard_z,case_02.npz,57,both_success,True,True,True,True,213.19829158270255,213.19829158270255,0.0,0.0,0.0,joint_tie,52,1,-0.4795049873849754,-2.1660708466739216,within_one,below_minus_one,141,True,0
lp882_hadamard_z,case_02.npz,58,both_success,True,True,True,True,245.78907257372953,245.78907257372953,0.0,0.0,0.0,joint_tie,67,1,-0.4795049873849754,-0.2886246564760567,within_one,within_one,182,True,0
lp882_hadamard_z,case_02.npz,59,both_success,True,True,True,True,242.3385853636815,242.3385853636815,0.0,0.0,0.0,joint_tie,65,0,-1.268983260969124,-0.5389508151691054,below_minus_one,within_one,155,True,0
lp882_hadamard_z,case_02.npz,60,both_success,True,True,True,True,266.8195425224193,266.8195425224193,0.0,0.0,0.0,joint_tie,73,1,-0.4795049873849754,0.4623538196030892,within_one,within_one,188,True,0
lp882_hadamard_z,case_02.npz,61,both_success,True,True,True,True,245.78073068797664,245.78073068797664,0.0,0.0,0.0,joint_tie,66,1,-0.4795049873849754,-0.413787735822581,within_one,within_one,171,True,0
lp882_hadamard_z,case_02.npz,62,both_success,True,True,True,True,305.24714349818106,305.24714349818106,0.0,0.0,0.0,joint_tie,85,1,-0.4795049873849754,1.964310771761381,within_one,above_one,206,True,0
lp882_hadamard_z,case_02.npz,63,both_success,True,True,True,True,266.2375331482081,266.2375331482081,0.0,0.0,0.0,joint_tie,69,1,-0.4795049873849754,-0.038298497783008055,within_one,within_one,168,True,0
lp882_hadamard_z,case_02.npz,64,both_success,True,True,True,True,254.3255722333038,254.3255722333038,0.0,0.0,0.0,joint_tie,69,0,-1.268983260969124,-0.038298497783008055,below_minus_one,within_one,173,True,0
lp882_hadamard_z,case_02.npz,65,both_success,True,True,True,True,240.67932998268662,240.67932998268662,0.0,0.0,0.0,joint_tie,67,0,-1.268983260969124,-0.2886246564760567,below_minus_one,within_one,169,True,0
lp882_hadamard_z,case_02.npz,66,both_success,True,True,True,True,244.91070861344724,244.91070861344724,0.0,0.0,0.0,joint_tie,63,2,0.30997328619917325,-0.7892769738621539,within_one,within_one,163,True,0
lp882_hadamard_z,case_02.npz,67,both_success,True,True,True,True,270.8085862422832,270.8085862422832,0.0,0.0,0.0,joint_tie,68,4,1.8889298333674704,-0.16346157712953238,above_one,within_one,182,True,0
lp882_hadamard_z,case_02.npz,68,both_success,True,True,True,True,257.55608345718935,257.55608345718935,0.0,0.0,0.0,joint_tie,71,1,-0.4795049873849754,0.21202766091004058,within_one,within_one,182,True,0
lp882_hadamard_z,case_02.npz,69,both_success,True,True,True,True,285.30305279377916,285.30305279377916,0.0,0.0,0.0,joint_tie,78,0,-1.268983260969124,1.0881692163357108,below_minus_one,above_one,186,True,0
lp882_hadamard_z,case_02.npz,70,both_success,True,True,True,True,225.8700514181258,225.8700514181258,0.0,0.0,0.0,joint_tie,56,0,-1.268983260969124,-1.665418529287824,below_minus_one,below_minus_one,152,True,0
lp882_hadamard_z,case_02.npz,71,both_success,True,True,True,True,225.7946955179372,225.7946955179372,0.0,0.0,0.0,joint_tie,58,0,-1.268983260969124,-1.4150923705947756,below_minus_one,below_minus_one,158,True,0
lp882_hadamard_z,case_02.npz,72,both_success,True,True,True,True,287.76276246098695,287.76276246098695,0.0,0.0,0.0,joint_tie,77,4,1.8889298333674704,0.9630061369891865,above_one,within_one,195,True,0
lp882_hadamard_z,case_02.npz,73,both_success,True,True,True,True,256.4900564153766,256.4900564153766,0.0,0.0,0.0,joint_tie,65,3,1.0994515597833219,-0.5389508151691054,above_one,within_one,174,True,0
lp882_hadamard_z,case_02.npz,74,both_success,True,True,True,True,271.0057648546334,271.0057648546334,0.0,0.0,0.0,joint_tie,68,5,2.6784081069516192,-0.16346157712953238,above_one,within_one,191,True,0
lp882_hadamard_z,case_02.npz,75,both_success,True,True,True,True,244.36139419422645,244.36139419422645,0.0,0.0,0.0,joint_tie,67,0,-1.268983260969124,-0.2886246564760567,below_minus_one,within_one,173,True,0
lp882_hadamard_z,case_02.npz,76,both_success,True,True,True,True,252.69837324257284,252.69837324257284,0.0,0.0,0.0,joint_tie,69,0,-1.268983260969124,-0.038298497783008055,below_minus_one,within_one,183,True,0
lp882_hadamard_z,case_02.npz,77,both_success,True,True,True,True,231.8997812076871,231.8997812076871,0.0,0.0,0.0,joint_tie,59,1,-0.4795049873849754,-1.2899292912482512,within_one,below_minus_one,166,True,0
lp882_hadamard_z,case_02.npz,78,both_success,True,True,True,True,248.21996309162586,248.21996309162586,0.0,0.0,0.0,joint_tie,63,3,1.0994515597833219,-0.7892769738621539,above_one,within_one,170,True,0
lp882_hadamard_z,case_02.npz,79,both_success,True,True,True,True,256.7454704263571,256.7454704263571,0.0,0.0,0.0,joint_tie,68,1,-0.4795049873849754,-0.16346157712953238,within_one,within_one,173,True,0
lp882_hadamard_z,case_02.npz,80,both_success,True,True,True,True,270.43524651479817,270.43524651479817,0.0,0.0,0.0,joint_tie,76,2,0.30997328619917325,0.8378430576426622,within_one,within_one,198,True,0
lp882_hadamard_z,case_02.npz,81,both_success,True,True,True,True,293.2988835312102,293.2988835312102,0.0,0.0,0.0,joint_tie,85,1,-0.4795049873849754,1.964310771761381,within_one,above_one,202,True,0
lp882_hadamard_z,case_02.npz,82,both_success,True,True,True,True,219.6074474667996,219.6074474667996,0.0,0.0,0.0,joint_tie,56,1,-0.4795049873849754,-1.665418529287824,within_one,below_minus_one,141,True,0
lp882_hadamard_z,case_02.npz,83,both_success,True,True,True,True,218.18268936871982,218.18268936871982,0.0,0.0,0.0,joint_tie,57,1,-0.4795049873849754,-1.5402554499413,within_one,below_minus_one,156,True,0
lp882_hadamard_z,case_02.npz,84,both_success,True,True,True,True,282.3378764619314,282.3378764619314,0.0,0.0,0.0,joint_tie,78,3,1.0994515597833219,1.0881692163357108,above_one,above_one,199,True,0
lp882_hadamard_z,case_02.npz,85,both_success,True,True,True,True,285.65036991554746,285.65036991554746,0.0,0.0,0.0,joint_tie,78,2,0.30997328619917325,1.0881692163357108,within_one,above_one,214,True,0
lp882_hadamard_z,case_02.npz,86,both_success,True,True,True,True,266.1378367635692,266.1378367635692,0.0,0.0,0.0,joint_tie,73,1,-0.4795049873849754,0.4623538196030892,within_one,within_one,176,True,0
lp882_hadamard_z,case_02.npz,87,both_success,True,True,True,True,261.89180766491825,261.89180766491825,0.0,0.0,0.0,joint_tie,70,1,-0.4795049873849754,0.08686458156351626,within_one,within_one,179,True,0
lp882_hadamard_z,case_02.npz,88,both_success,True,True,True,True,226.95225695381572,226.95225695381572,0.0,0.0,0.0,joint_tie,53,4,1.8889298333674704,-2.040907767327397,above_one,below_minus_one,157,True,0
lp882_hadamard_z,case_02.npz,89,both_success,True,True,True,True,285.97030292466934,285.97030292466934,0.0,0.0,0.0,joint_tie,71,3,1.0994515597833219,0.21202766091004058,above_one,within_one,176,True,0
lp882_hadamard_z,case_02.npz,90,both_success,True,True,True,True,267.00886873437696,267.00886873437696,0.0,0.0,0.0,joint_tie,68,0,-1.268983260969124,-0.16346157712953238,below_minus_one,within_one,170,True,0
lp882_hadamard_z,case_02.npz,91,both_success,True,True,True,True,292.38087485227487,292.38087485227487,0.0,0.0,0.0,joint_tie,85,0,-1.268983260969124,1.964310771761381,below_minus_one,above_one,205,True,0
lp882_hadamard_z,case_02.npz,92,both_success,True,True,True,True,270.17008520880125,270.17008520880125,0.0,0.0,0.0,joint_tie,70,3,1.0994515597833219,0.08686458156351626,above_one,within_one,183,True,0
lp882_hadamard_z,case_02.npz,93,both_success,True,True,True,True,245.29760527352323,245.29760527352323,0.0,0.0,0.0,joint_tie,63,2,0.30997328619917325,-0.7892769738621539,within_one,within_one,163,True,0
lp882_hadamard_z,case_02.npz,94,both_success,True,True,True,True,278.5085211748491,278.5085211748491,0.0,0.0,0.0,joint_tie,74,2,0.30997328619917325,0.5875168989496136,within_one,within_one,200,True,0
lp882_hadamard_z,case_02.npz,95,both_success,True,True,True,True,259.3728113743133,259.3728113743133,0.0,0.0,0.0,joint_tie,70,1,-0.4795049873849754,0.08686458156351626,within_one,within_one,175,True,0
lp882_hadamard_z,case_02.npz,96,both_success,True,True,True,True,281.6082288276809,281.6082288276809,0.0,0.0,0.0,joint_tie,76,5,2.6784081069516192,0.8378430576426622,above_one,within_one,195,True,0
lp882_hadamard_z,case_02.npz,97,both_success,True,True,True,True,262.75873467165155,262.75873467165155,0.0,0.0,0.0,joint_tie,71,1,-0.4795049873849754,0.21202766091004058,within_one,within_one,178,True,0
lp882_hadamard_z,case_02.npz,98,both_success,True,True,True,True,261.16922153074574,261.16922153074574,0.0,0.0,0.0,joint_tie,65,1,-0.4795049873849754,-0.5389508151691054,within_one,within_one,176,True,0
lp882_hadamard_z,case_02.npz,99,both_success,True,True,True,True,289.13280037173,289.13280037173,0.0,0.0,0.0,joint_tie,80,1,-0.4795049873849754,1.3384953750287594,within_one,above_one,205,True,0
lp882_hadamard_z,case_02.npz,100,both_success,True,True,True,True,286.9017373008055,286.9017373008055,0.0,0.0,0.0,joint_tie,81,1,-0.4795049873849754,1.4636584543752837,within_one,above_one,198,True,0
lp882_hadamard_z,case_02.npz,101,both_success,True,True,True,True,236.2890361831539,236.2890361831539,0.0,0.0,0.0,joint_tie,60,1,-0.4795049873849754,-1.1647662119017268,within_one,below_minus_one,155,True,0
lp882_hadamard_z,case_02.npz,102,both_success,True,True,True,True,295.9518763316997,295.9518763316997,0.0,0.0,0.0,joint_tie,81,1,-0.4795049873849754,1.4636584543752837,within_one,above_one,200,True,0
lp882_hadamard_z,case_02.npz,103,both_success,True,True,True,True,254.9093506184586,254.9093506184586,0.0,0.0,0.0,joint_tie,67,1,-0.4795049873849754,-0.2886246564760567,within_one,within_one,166,True,0
lp882_hadamard_z,case_02.npz,104,both_success,True,True,True,True,266.4963953920746,266.4963953920746,0.0,0.0,0.0,joint_tie,73,0,-1.268983260969124,0.4623538196030892,below_minus_one,within_one,187,True,0
lp882_hadamard_z,case_02.npz,105,both_success,True,True,True,True,242.17139564044288,242.17139564044288,0.0,0.0,0.0,joint_tie,65,0,-1.268983260969124,-0.5389508151691054,below_minus_one,within_one,161,True,0
lp882_hadamard_z,case_02.npz,106,both_success,True,True,True,True,255.97326002638732,255.97326002638732,0.0,0.0,0.0,joint_tie,66,2,0.30997328619917325,-0.413787735822581,within_one,within_one,182,True,0
lp882_hadamard_z,case_02.npz,107,both_success,True,True,True,True,242.21873020130698,242.21873020130698,0.0,0.0,0.0,joint_tie,65,1,-0.4795049873849754,-0.5389508151691054,within_one,within_one,172,True,0
lp882_hadamard_z,case_02.npz,108,both_success,True,True,True,True,271.0945757570664,271.0945757570664,0.0,0.0,0.0,joint_tie,75,1,-0.4795049873849754,0.7126799782961378,within_one,within_one,186,True,0
lp882_hadamard_z,case_02.npz,109,both_success,True,True,True,True,275.5626769756374,275.5626769756374,0.0,0.0,0.0,joint_tie,78,1,-0.4795049873849754,1.0881692163357108,within_one,above_one,193,True,0
lp882_hadamard_z,case_02.npz,110,both_success,True,True,True,True,245.70833090705804,245.70833090705804,0.0,0.0,0.0,joint_tie,66,1,-0.4795049873849754,-0.413787735822581,within_one,within_one,177,True,0
lp882_hadamard_z,case_02.npz,111,both_success,True,True,True,True,277.8392039730732,277.8392039730732,0.0,0.0,0.0,joint_tie,77,1,-0.4795049873849754,0.9630061369891865,within_one,within_one,186,True,0
lp882_hadamard_z,case_02.npz,112,both_success,True,True,True,True,269.41938248381445,269.41938248381445,0.0,0.0,0.0,joint_tie,74,2,0.30997328619917325,0.5875168989496136,within_one,within_one,182,True,0
lp882_hadamard_z,case_02.npz,113,both_success,True,True,True,True,262.62366758294525,262.62366758294525,0.0,0.0,0.0,joint_tie,66,3,1.0994515597833219,-0.413787735822581,above_one,within_one,179,True,0
lp882_hadamard_z,case_02.npz,114,both_success,True,True,True,True,255.02223484141405,255.02223484141405,0.0,0.0,0.0,joint_tie,62,2,0.30997328619917325,-0.9144400532086783,within_one,within_one,170,True,0
lp882_hadamard_z,case_02.npz,115,both_success,True,True,True,True,275.7835304909422,275.7835304909422,0.0,0.0,0.0,joint_tie,70,4,1.8889298333674704,0.08686458156351626,above_one,within_one,178,True,0
lp882_hadamard_z,case_02.npz,116,both_success,True,True,True,True,244.2484464313099,244.2484464313099,0.0,0.0,0.0,joint_tie,68,0,-1.268983260969124,-0.16346157712953238,below_minus_one,within_one,178,True,0
lp882_hadamard_z,case_02.npz,117,both_success,True,True,True,True,258.2099647994203,258.2099647994203,0.0,0.0,0.0,joint_tie,68,1,-0.4795049873849754,-0.16346157712953238,within_one,within_one,169,True,0
lp882_hadamard_z,case_02.npz,118,both_success,True,True,True,True,265.39293000200416,265.39293000200416,0.0,0.0,0.0,joint_tie,72,1,-0.4795049873849754,0.33719074025656487,within_one,within_one,191,True,0
lp882_hadamard_z,case_02.npz,119,both_success,True,True,True,True,224.67864790859693,224.67864790859693,0.0,0.0,0.0,joint_tie,56,1,-0.4795049873849754,-1.665418529287824,within_one,below_minus_one,139,True,0
lp882_hadamard_z,case_02.npz,120,both_success,True,True,True,True,262.3909874570653,262.3909874570653,0.0,0.0,0.0,joint_tie,67,5,2.6784081069516192,-0.2886246564760567,above_one,within_one,182,True,0
lp882_hadamard_z,case_02.npz,121,both_success,True,True,True,True,286.71950589958874,286.71950589958874,0.0,0.0,0.0,joint_tie,84,0,-1.268983260969124,1.8391476924148566,below_minus_one,above_one,210,True,0
lp882_hadamard_z,case_02.npz,122,both_success,True,True,True,True,225.03570416179497,225.03570416179497,0.0,0.0,0.0,joint_tie,58,1,-0.4795049873849754,-1.4150923705947756,within_one,below_minus_one,149,True,0
lp882_hadamard_z,case_02.npz,123,both_success,True,True,True,True,250.62010990514665,250.62010990514665,0.0,0.0,0.0,joint_tie,68,1,-0.4795049873849754,-0.16346157712953238,within_one,within_one,179,True,0
lp882_hadamard_z,case_02.npz,124,both_success,True,True,True,True,277.6963129539634,277.6963129539634,0.0,0.0,0.0,joint_tie,75,2,0.30997328619917325,0.7126799782961378,within_one,within_one,199,True,0
lp882_hadamard_z,case_02.npz,125,both_success,True,True,True,True,243.79464099546436,243.79464099546436,0.0,0.0,0.0,joint_tie,65,2,0.30997328619917325,-0.5389508151691054,within_one,within_one,175,True,0
lp882_hadamard_z,case_02.npz,126,both_success,True,True,True,True,248.27898093816924,248.27898093816924,0.0,0.0,0.0,joint_tie,63,3,1.0994515597833219,-0.7892769738621539,above_one,within_one,172,True,0
lp882_hadamard_z,case_02.npz,127,both_success,True,True,True,True,267.9387489785892,267.9387489785892,0.0,0.0,0.0,joint_tie,68,4,1.8889298333674704,-0.16346157712953238,above_one,within_one,176,True,0
lp882_hadamard_z,case_02.npz,128,both_success,True,True,True,True,246.7769105743397,246.7769105743397,0.0,0.0,0.0,joint_tie,65,1,-0.4795049873849754,-0.5389508151691054,within_one,within_one,168,True,0
lp882_hadamard_z,case_02.npz,129,both_success,True,True,True,True,264.81140054674484,264.81140054674484,0.0,0.0,0.0,joint_tie,72,1,-0.4795049873849754,0.33719074025656487,within_one,within_one,175,True,0
lp882_hadamard_z,case_02.npz,130,both_success,True,True,True,True,260.8009334343949,260.8009334343949,0.0,0.0,0.0,joint_tie,71,0,-1.268983260969124,0.21202766091004058,below_minus_one,within_one,187,True,0
lp882_hadamard_z,case_02.npz,131,both_success,True,True,True,True,289.6221678000813,289.6221678000813,0.0,0.0,0.0,joint_tie,81,1,-0.4795049873849754,1.4636584543752837,within_one,above_one,206,True,0
lp882_hadamard_z,case_02.npz,132,both_success,True,True,True,True,240.43798738635576,240.43798738635576,0.0,0.0,0.0,joint_tie,64,2,0.30997328619917325,-0.6641138945156296,within_one,within_one,170,True,0
lp882_hadamard_z,case_02.npz,133,both_success,True,True,True,True,270.22662653280287,270.22662653280287,0.0,0.0,0.0,joint_tie,72,3,1.0994515597833219,0.33719074025656487,above_one,within_one,181,True,0
lp882_hadamard_z,case_02.npz,134,both_success,True,True,True,True,290.7558274392635,290.7558274392635,0.0,0.0,0.0,joint_tie,76,5,2.6784081069516192,0.8378430576426622,above_one,within_one,205,True,0
lp882_hadamard_z,case_02.npz,135,both_success,True,True,True,True,265.1903749325314,265.1903749325314,0.0,0.0,0.0,joint_tie,74,0,-1.268983260969124,0.5875168989496136,below_minus_one,within_one,186,True,0
lp882_hadamard_z,case_02.npz,136,both_success,True,True,True,True,271.1573076790951,271.1573076790951,0.0,0.0,0.0,joint_tie,73,3,1.0994515597833219,0.4623538196030892,above_one,within_one,200,True,0
lp882_hadamard_z,case_02.npz,137,both_success,True,True,True,True,268.0264505101982,268.0264505101982,0.0,0.0,0.0,joint_tie,74,1,-0.4795049873849754,0.5875168989496136,within_one,within_one,179,True,0
lp882_hadamard_z,case_02.npz,138,both_success,True,True,True,True,265.9994876071122,265.9994876071122,0.0,0.0,0.0,joint_tie,70,1,-0.4795049873849754,0.08686458156351626,within_one,within_one,187,True,0
lp882_hadamard_z,case_02.npz,139,both_success,True,True,True,True,278.95719254433436,278.95719254433436,0.0,0.0,0.0,joint_tie,81,0,-1.268983260969124,1.4636584543752837,below_minus_one,above_one,211,True,0
lp882_hadamard_z,case_02.npz,140,both_success,True,True,True,True,247.1879968876997,247.1879968876997,0.0,0.0,0.0,joint_tie,62,3,1.0994515597833219,-0.9144400532086783,above_one,within_one,163,True,0
lp882_hadamard_z,case_02.npz,141,both_success,True,True,True,True,267.69685505781507,267.69685505781507,0.0,0.0,0.0,joint_tie,72,3,1.0994515597833219,0.33719074025656487,above_one,within_one,195,True,0
lp882_hadamard_z,case_02.npz,142,both_success,True,True,True,True,257.66866545349285,257.66866545349285,0.0,0.0,0.0,joint_tie,68,1,-0.4795049873849754,-0.16346157712953238,within_one,within_one,171,True,0
lp882_hadamard_z,case_02.npz,143,both_success,True,True,True,True,287.9071509130081,287.9071509130081,0.0,0.0,0.0,joint_tie,80,2,0.30997328619917325,1.3384953750287594,within_one,above_one,200,True,0
lp882_hadamard_z,case_02.npz,144,both_success,True,True,True,True,265.7295808360202,265.7295808360202,0.0,0.0,0.0,joint_tie,70,0,-1.268983260969124,0.08686458156351626,below_minus_one,within_one,178,True,0
lp882_hadamard_z,case_02.npz,145,both_success,True,True,True,True,299.24617647872776,299.24617647872776,0.0,0.0,0.0,joint_tie,86,1,-0.4795049873849754,2.0894738511079054,within_one,above_one,197,True,0
lp882_hadamard_z,case_02.npz,146,both_success,True,True,True,True,261.00131644191873,261.00131644191873,0.0,0.0,0.0,joint_tie,71,1,-0.4795049873849754,0.21202766091004058,within_one,within_one,176,True,0
lp882_hadamard_z,case_02.npz,147,both_success,True,True,True,True,252.3624869891001,252.3624869891001,0.0,0.0,0.0,joint_tie,67,3,1.0994515597833219,-0.2886246564760567,above_one,within_one,180,True,0
lp882_hadamard_z,case_02.npz,148,both_success,True,True,True,True,283.03856229585875,283.03856229585875,0.0,0.0,0.0,joint_tie,77,2,0.30997328619917325,0.9630061369891865,within_one,within_one,195,True,0
lp882_hadamard_z,case_02.npz,149,both_success,True,True,True,True,270.5972125862105,270.5972125862105,0.0,0.0,0.0,joint_tie,71,1,-0.4795049873849754,0.21202766091004058,within_one,within_one,180,True,0
lp882_hadamard_z,case_02.npz,150,both_success,True,True,True,True,276.32658687523076,276.32658687523076,0.0,0.0,0.0,joint_tie,76,1,-0.4795049873849754,0.8378430576426622,within_one,within_one,177,True,0
lp882_hadamard_z,case_02.npz,151,both_success,True,True,True,True,228.65450626639884,228.65450626639884,0.0,0.0,0.0,joint_tie,61,0,-1.268983260969124,-1.0396031325552026,below_minus_one,below_minus_one,145,True,0
lp882_hadamard_z,case_02.npz,152,both_success,True,True,True,True,265.6885729794071,265.6885729794071,0.0,0.0,0.0,joint_tie,71,2,0.30997328619917325,0.21202766091004058,within_one,within_one,183,True,0
lp882_hadamard_z,case_02.npz,153,both_success,True,True,True,True,252.31834929090428,252.31834929090428,0.0,0.0,0.0,joint_tie,65,1,-0.4795049873849754,-0.5389508151691054,within_one,within_one,172,True,0
lp882_hadamard_z,case_02.npz,154,both_success,True,True,True,True,278.66463868437893,278.66463868437893,0.0,0.0,0.0,joint_tie,79,1,-0.4795049873849754,1.213332295682235,within_one,above_one,204,True,0
lp882_hadamard_z,case_02.npz,155,both_success,True,True,True,True,254.44014320423474,254.44014320423474,0.0,0.0,0.0,joint_tie,67,0,-1.268983260969124,-0.2886246564760567,below_minus_one,within_one,179,True,0
lp882_hadamard_z,case_02.npz,156,both_success,True,True,True,True,273.54671039063794,273.54671039063794,0.0,0.0,0.0,joint_tie,70,2,0.30997328619917325,0.08686458156351626,within_one,within_one,182,True,0
lp882_hadamard_z,case_02.npz,157,both_success,True,True,True,True,215.15897789435928,215.15897789435928,0.0,0.0,0.0,joint_tie,54,0,-1.268983260969124,-1.9157446879808728,below_minus_one,below_minus_one,144,True,0
lp882_hadamard_z,case_02.npz,158,both_success,True,True,True,True,274.87978225488837,274.87978225488837,0.0,0.0,0.0,joint_tie,74,2,0.30997328619917325,0.5875168989496136,within_one,within_one,192,True,0
lp882_hadamard_z,case_02.npz,159,both_success,True,True,True,True,262.4779368666288,262.4779368666288,0.0,0.0,0.0,joint_tie,69,1,-0.4795049873849754,-0.038298497783008055,within_one,within_one,188,True,0
lp882_hadamard_z,case_02.npz,160,both_success,True,True,True,True,287.0876106394259,287.0876106394259,0.0,0.0,0.0,joint_tie,80,2,0.30997328619917325,1.3384953750287594,within_one,above_one,200,True,0
lp882_hadamard_z,case_02.npz,161,both_success,True,True,True,True,286.0742934688607,286.0742934688607,0.0,0.0,0.0,joint_tie,77,2,0.30997328619917325,0.9630061369891865,within_one,within_one,203,True,0
lp882_hadamard_z,case_02.npz,162,both_success,True,True,True,True,251.9694362375504,251.9694362375504,0.0,0.0,0.0,joint_tie,64,1,-0.4795049873849754,-0.6641138945156296,within_one,within_one,157,True,0
lp882_hadamard_z,case_02.npz,163,both_success,True,True,True,True,267.17991068591493,267.17991068591493,0.0,0.0,0.0,joint_tie,72,1,-0.4795049873849754,0.33719074025656487,within_one,within_one,167,True,0
lp882_hadamard_z,case_02.npz,164,both_success,True,True,True,True,269.48860241292084,269.48860241292084,0.0,0.0,0.0,joint_tie,73,3,1.0994515597833219,0.4623538196030892,above_one,within_one,190,True,0
lp882_hadamard_z,case_02.npz,165,both_success,True,True,True,True,262.3581574212292,262.3581574212292,0.0,0.0,0.0,joint_tie,74,0,-1.268983260969124,0.5875168989496136,below_minus_one,within_one,192,True,0
lp882_hadamard_z,case_02.npz,166,both_success,True,True,True,True,268.15967327039914,268.15967327039914,0.0,0.0,0.0,joint_tie,75,0,-1.268983260969124,0.7126799782961378,below_minus_one,within_one,197,True,0
lp882_hadamard_z,case_02.npz,167,both_success,True,True,True,True,259.2631383874508,259.2631383874508,0.0,0.0,0.0,joint_tie,73,0,-1.268983260969124,0.4623538196030892,below_minus_one,within_one,187,True,0
lp882_hadamard_z,case_02.npz,168,both_success,True,True,True,True,245.5197567649623,245.5197567649623,0.0,0.0,0.0,joint_tie,63,2,0.30997328619917325,-0.7892769738621539,within_one,within_one,169,True,0
lp882_hadamard_z,case_02.npz,169,both_success,True,True,True,True,275.4780810571933,275.4780810571933,0.0,0.0,0.0,joint_tie,77,2,0.30997328619917325,0.9630061369891865,within_one,within_one,209,True,0
lp882_hadamard_z,case_02.npz,170,both_success,True,True,True,True,221.34938734869525,221.34938734869525,0.0,0.0,0.0,joint_tie,59,0,-1.268983260969124,-1.2899292912482512,below_minus_one,below_minus_one,161,True,0
lp882_hadamard_z,case_02.npz,171,both_success,True,True,True,True,235.7237994244672,235.7237994244672,0.0,0.0,0.0,joint_tie,61,1,-0.4795049873849754,-1.0396031325552026,within_one,below_minus_one,152,True,0
lp882_hadamard_z,case_02.npz,172,both_success,True,True,True,True,264.12824441294686,264.12824441294686,0.0,0.0,0.0,joint_tie,76,0,-1.268983260969124,0.8378430576426622,below_minus_one,within_one,176,True,0
lp882_hadamard_z,case_02.npz,173,both_success,True,True,True,True,270.14878139067065,270.14878139067065,0.0,0.0,0.0,joint_tie,71,4,1.8889298333674704,0.21202766091004058,above_one,within_one,199,True,0
lp882_hadamard_z,case_02.npz,174,both_success,True,True,True,True,275.2166608011369,275.2166608011369,0.0,0.0,0.0,joint_tie,75,2,0.30997328619917325,0.7126799782961378,within_one,within_one,205,True,0
lp882_hadamard_z,case_02.npz,175,both_success,True,True,True,True,258.00136258867576,258.00136258867576,0.0,0.0,0.0,joint_tie,71,1,-0.4795049873849754,0.21202766091004058,within_one,within_one,172,True,0
lp882_hadamard_z,case_02.npz,176,both_success,True,True,True,True,264.38671537984254,264.38671537984254,0.0,0.0,0.0,joint_tie,74,0,-1.268983260969124,0.5875168989496136,below_minus_one,within_one,192,True,0
lp882_hadamard_z,case_02.npz,177,both_success,True,True,True,True,222.0961857147739,222.0961857147739,0.0,0.0,0.0,joint_tie,57,0,-1.268983260969124,-1.5402554499413,below_minus_one,below_minus_one,159,True,0
lp882_hadamard_z,case_02.npz,178,both_success,True,True,True,True,221.59031792710212,221.59031792710212,0.0,0.0,0.0,joint_tie,58,0,-1.268983260969124,-1.4150923705947756,below_minus_one,below_minus_one,146,True,0
lp882_hadamard_z,case_02.npz,179,both_success,True,True,True,True,259.6896953989072,259.6896953989072,0.0,0.0,0.0,joint_tie,69,1,-0.4795049873849754,-0.038298497783008055,within_one,within_one,168,True,0
lp882_hadamard_z,case_02.npz,180,both_success,True,True,True,True,260.9726743494814,260.9726743494814,0.0,0.0,0.0,joint_tie,72,1,-0.4795049873849754,0.33719074025656487,within_one,within_one,193,True,0
lp882_hadamard_z,case_02.npz,181,both_success,True,True,True,True,266.3996858699694,266.3996858699694,0.0,0.0,0.0,joint_tie,69,2,0.30997328619917325,-0.038298497783008055,within_one,within_one,183,True,0
lp882_hadamard_z,case_02.npz,182,both_success,True,True,True,True,284.78622608669525,284.78622608669525,0.0,0.0,0.0,joint_tie,76,1,-0.4795049873849754,0.8378430576426622,within_one,within_one,189,True,0
lp882_hadamard_z,case_02.npz,183,both_success,True,True,True,True,259.58909997963735,259.58909997963735,0.0,0.0,0.0,joint_tie,68,1,-0.4795049873849754,-0.16346157712953238,within_one,within_one,175,True,0
lp882_hadamard_z,case_02.npz,184,both_success,True,True,True,True,264.9292426417171,264.9292426417171,0.0,0.0,0.0,joint_tie,68,1,-0.4795049873849754,-0.16346157712953238,within_one,within_one,187,True,0
lp882_hadamard_z,case_02.npz,185,both_success,True,True,True,True,250.13538637563815,250.13538637563815,0.0,0.0,0.0,joint_tie,65,1,-0.4795049873849754,-0.5389508151691054,within_one,within_one,174,True,0
lp882_hadamard_z,case_02.npz,186,both_success,True,True,True,True,279.81890239975945,279.81890239975945,0.0,0.0,0.0,joint_tie,77,2,0.30997328619917325,0.9630061369891865,within_one,within_one,199,True,0
lp882_hadamard_z,case_02.npz,187,both_success,True,True,True,True,216.28315320908084,216.28315320908084,0.0,0.0,0.0,joint_tie,54,2,0.30997328619917325,-1.9157446879808728,within_one,below_minus_one,146,True,0
lp882_hadamard_z,case_02.npz,188,both_success,True,True,True,True,264.7839912608579,264.7839912608579,0.0,0.0,0.0,joint_tie,71,2,0.30997328619917325,0.21202766091004058,within_one,within_one,185,True,0
lp882_hadamard_z,case_02.npz,189,both_success,True,True,True,True,225.29535111282223,225.29535111282223,0.0,0.0,0.0,joint_tie,58,0,-1.268983260969124,-1.4150923705947756,below_minus_one,below_minus_one,146,True,0
lp882_hadamard_z,case_02.npz,190,both_success,True,True,True,True,272.6265796749947,272.6265796749947,0.0,0.0,0.0,joint_tie,69,1,-0.4795049873849754,-0.038298497783008055,within_one,within_one,170,True,0
lp882_hadamard_z,case_02.npz,191,both_success,True,True,True,True,276.89694716583915,276.89694716583915,0.0,0.0,0.0,joint_tie,76,1,-0.4795049873849754,0.8378430576426622,within_one,within_one,189,True,0
lp882_hadamard_z,case_02.npz,192,both_success,True,True,True,True,242.03753511936057,242.03753511936057,0.0,0.0,0.0,joint_tie,66,0,-1.268983260969124,-0.413787735822581,below_minus_one,within_one,176,True,0
lp882_hadamard_z,case_02.npz,193,both_success,True,True,True,True,317.7842456123801,317.7842456123801,0.0,0.0,0.0,joint_tie,89,2,0.30997328619917325,2.4649630891474783,within_one,above_one,211,True,0
lp882_hadamard_z,case_02.npz,194,both_success,True,True,True,True,270.77343782489345,270.77343782489345,0.0,0.0,0.0,joint_tie,73,3,1.0994515597833219,0.4623538196030892,above_one,within_one,188,True,0
lp882_hadamard_z,case_02.npz,195,both_success,True,True,True,True,250.6999707243129,250.6999707243129,0.0,0.0,0.0,joint_tie,65,3,1.0994515597833219,-0.5389508151691054,above_one,within_one,174,True,0
lp882_hadamard_z,case_02.npz,196,both_success,True,True,True,True,242.33094454793445,242.33094454793445,0.0,0.0,0.0,joint_tie,65,1,-0.4795049873849754,-0.5389508151691054,within_one,within_one,184,True,0
lp882_hadamard_z,case_02.npz,197,both_success,True,True,True,True,292.9500784779538,292.9500784779538,0.0,0.0,0.0,joint_tie,82,2,0.30997328619917325,1.5888215337218081,within_one,above_one,190,True,0
lp882_hadamard_z,case_02.npz,198,both_success,True,True,True,True,232.96346855279128,232.96346855279128,0.0,0.0,0.0,joint_tie,61,2,0.30997328619917325,-1.0396031325552026,within_one,below_minus_one,167,True,0
lp882_hadamard_z,case_02.npz,199,both_success,True,True,True,True,269.5315708837603,269.5315708837603,0.0,0.0,0.0,joint_tie,74,2,0.30997328619917325,0.5875168989496136,within_one,within_one,198,True,0
lp882_hadamard_z,case_02.npz,200,both_success,True,True,True,True,244.66882299210423,244.66882299210423,0.0,0.0,0.0,joint_tie,66,0,-1.268983260969124,-0.413787735822581,below_minus_one,within_one,180,True,0
lp882_hadamard_z,case_02.npz,201,both_success,True,True,True,True,238.9073818058083,238.9073818058083,0.0,0.0,0.0,joint_tie,62,1,-0.4795049873849754,-0.9144400532086783,within_one,within_one,159,True,0
lp882_hadamard_z,case_02.npz,202,both_success,True,True,True,True,259.8299072009008,259.8299072009008,0.0,0.0,0.0,joint_tie,65,3,1.0994515597833219,-0.5389508151691054,above_one,within_one,170,True,0
lp882_hadamard_z,case_02.npz,203,both_success,True,True,True,True,303.3117646640875,303.3117646640875,0.0,0.0,0.0,joint_tie,82,4,1.8889298333674704,1.5888215337218081,above_one,above_one,206,True,0
lp882_hadamard_z,case_02.npz,204,both_success,True,True,True,True,263.3805462609193,263.3805462609193,0.0,0.0,0.0,joint_tie,66,4,1.8889298333674704,-0.413787735822581,above_one,within_one,168,True,0
lp882_hadamard_z,case_02.npz,205,both_success,True,True,True,True,224.65021584673298,224.65021584673298,0.0,0.0,0.0,joint_tie,58,0,-1.268983260969124,-1.4150923705947756,below_minus_one,below_minus_one,144,True,0
lp882_hadamard_z,case_02.npz,206,both_success,True,True,True,True,298.0631899240614,298.0631899240614,0.0,0.0,0.0,joint_tie,81,0,-1.268983260969124,1.4636584543752837,below_minus_one,above_one,199,True,0
lp882_hadamard_z,case_02.npz,207,both_success,True,True,True,True,324.5034792227266,324.5034792227266,0.0,0.0,0.0,joint_tie,92,2,0.30997328619917325,2.840452327187051,within_one,above_one,224,True,0
lp882_hadamard_z,case_02.npz,208,both_success,True,True,True,True,250.17341181340979,250.17341181340979,0.0,0.0,0.0,joint_tie,64,2,0.30997328619917325,-0.6641138945156296,within_one,within_one,178,True,0
lp882_hadamard_z,case_02.npz,209,both_success,True,True,True,True,272.32307890986374,272.32307890986374,0.0,0.0,0.0,joint_tie,70,3,1.0994515597833219,0.08686458156351626,above_one,within_one,183,True,0
lp882_hadamard_z,case_02.npz,210,both_success,True,True,True,True,251.20950958563418,251.20950958563418,0.0,0.0,0.0,joint_tie,67,1,-0.4795049873849754,-0.2886246564760567,within_one,within_one,164,True,0
lp882_hadamard_z,case_02.npz,211,both_success,True,True,True,True,265.6763728907108,265.6763728907108,0.0,0.0,0.0,joint_tie,69,1,-0.4795049873849754,-0.038298497783008055,within_one,within_one,178,True,0
lp882_hadamard_z,case_02.npz,212,both_success,True,True,True,True,256.1410744766041,256.1410744766041,0.0,0.0,0.0,joint_tie,62,4,1.8889298333674704,-0.9144400532086783,above_one,within_one,170,True,0
lp882_hadamard_z,case_02.npz,213,both_success,True,True,True,True,265.7233689909108,265.7233689909108,0.0,0.0,0.0,joint_tie,77,0,-1.268983260969124,0.9630061369891865,below_minus_one,within_one,201,True,0
lp882_hadamard_z,case_02.npz,214,both_success,True,True,True,True,244.30082927058965,244.30082927058965,0.0,0.0,0.0,joint_tie,64,2,0.30997328619917325,-0.6641138945156296,within_one,within_one,158,True,0
lp882_hadamard_z,case_02.npz,215,both_success,True,True,True,True,278.0128850723395,278.0128850723395,0.0,0.0,0.0,joint_tie,72,2,0.30997328619917325,0.33719074025656487,within_one,within_one,186,True,0
lp882_hadamard_z,case_02.npz,216,both_success,True,True,True,True,263.2562661310465,263.2562661310465,0.0,0.0,0.0,joint_tie,73,0,-1.268983260969124,0.4623538196030892,below_minus_one,within_one,181,True,0
lp882_hadamard_z,case_02.npz,217,both_success,True,True,True,True,206.71898190240307,206.71898190240307,0.0,0.0,0.0,joint_tie,48,2,0.30997328619917325,-2.6667231640600186,within_one,below_minus_one,122,True,0
lp882_hadamard_z,case_02.npz,218,both_success,True,True,True,True,238.46702114235546,238.46702114235546,0.0,0.0,0.0,joint_tie,62,1,-0.4795049873849754,-0.9144400532086783,within_one,within_one,171,True,0
lp882_hadamard_z,case_02.npz,219,both_success,True,True,True,True,248.02828494342336,248.02828494342336,0.0,0.0,0.0,joint_tie,66,1,-0.4795049873849754,-0.413787735822581,within_one,within_one,177,True,0
lp882_hadamard_z,case_02.npz,220,both_success,True,True,True,True,240.76969439060912,240.76969439060912,0.0,0.0,0.0,joint_tie,61,2,0.30997328619917325,-1.0396031325552026,within_one,below_minus_one,167,True,0
lp882_hadamard_z,case_02.npz,221,both_success,True,True,True,True,312.2364080357396,312.2364080357396,0.0,0.0,0.0,joint_tie,87,5,2.6784081069516192,2.2146369304544296,above_one,above_one,226,True,0
lp882_hadamard_z,case_02.npz,222,both_success,True,True,True,True,245.99888035071746,245.99888035071746,0.0,0.0,0.0,joint_tie,68,0,-1.268983260969124,-0.16346157712953238,below_minus_one,within_one,174,True,0
lp882_hadamard_z,case_02.npz,223,both_success,True,True,True,True,256.9509946936347,256.9509946936347,0.0,0.0,0.0,joint_tie,64,1,-0.4795049873849754,-0.6641138945156296,within_one,within_one,175,True,0
lp882_hadamard_z,case_02.npz,224,both_success,True,True,True,True,278.6724744108662,278.6724744108662,0.0,0.0,0.0,joint_tie,78,1,-0.4795049873849754,1.0881692163357108,within_one,above_one,195,True,0
lp882_hadamard_z,case_02.npz,225,both_success,True,True,True,True,250.46460591220207,250.46460591220207,0.0,0.0,0.0,joint_tie,68,1,-0.4795049873849754,-0.16346157712953238,within_one,within_one,183,True,0
lp882_hadamard_z,case_02.npz,226,both_success,True,True,True,True,239.4605117945738,239.4605117945738,0.0,0.0,0.0,joint_tie,64,0,-1.268983260969124,-0.6641138945156296,below_minus_one,within_one,170,True,0
lp882_hadamard_z,case_02.npz,227,both_success,True,True,True,True,233.93180114745928,233.93180114745928,0.0,0.0,0.0,joint_tie,61,2,0.30997328619917325,-1.0396031325552026,within_one,below_minus_one,161,True,0
lp882_hadamard_z,case_02.npz,228,both_success,True,True,True,True,306.0650180060996,306.0650180060996,0.0,0.0,0.0,joint_tie,83,4,1.8889298333674704,1.7139846130683323,above_one,above_one,219,True,0
lp882_hadamard_z,case_02.npz,229,both_success,True,True,True,True,269.0519171361535,269.0519171361535,0.0,0.0,0.0,joint_tie,74,2,0.30997328619917325,0.5875168989496136,within_one,within_one,194,True,0
lp882_hadamard_z,case_02.npz,230,both_success,True,True,True,True,269.46241364411924,269.46241364411924,0.0,0.0,0.0,joint_tie,73,1,-0.4795049873849754,0.4623538196030892,within_one,within_one,180,True,0
lp882_hadamard_z,case_02.npz,231,both_success,True,True,True,True,264.0286505951255,264.0286505951255,0.0,0.0,0.0,joint_tie,72,1,-0.4795049873849754,0.33719074025656487,within_one,within_one,183,True,0
lp882_hadamard_z,case_02.npz,232,both_success,True,True,True,True,263.63337221299594,263.63337221299594,0.0,0.0,0.0,joint_tie,69,2,0.30997328619917325,-0.038298497783008055,within_one,within_one,179,True,0
lp882_hadamard_z,case_02.npz,233,both_success,True,True,True,True,265.5654635725135,265.5654635725135,0.0,0.0,0.0,joint_tie,67,3,1.0994515597833219,-0.2886246564760567,above_one,within_one,172,True,0
lp882_hadamard_z,case_02.npz,234,both_success,True,True,True,True,248.78824724944334,248.78824724944334,0.0,0.0,0.0,joint_tie,62,2,0.30997328619917325,-0.9144400532086783,within_one,within_one,156,True,0
lp882_hadamard_z,case_02.npz,235,both_success,True,True,True,True,240.16387677793244,240.16387677793244,0.0,0.0,0.0,joint_tie,63,0,-1.268983260969124,-0.7892769738621539,below_minus_one,within_one,167,True,0
lp882_hadamard_z,case_02.npz,236,both_success,True,True,True,True,252.1564769886124,252.1564769886124,0.0,0.0,0.0,joint_tie,65,1,-0.4795049873849754,-0.5389508151691054,within_one,within_one,174,True,0
lp882_hadamard_z,case_02.npz,237,both_success,True,True,True,True,270.0617566677616,270.0617566677616,0.0,0.0,0.0,joint_tie,70,3,1.0994515597833219,0.08686458156351626,above_one,within_one,191,True,0
lp882_hadamard_z,case_02.npz,238,both_success,True,True,True,True,249.28458539144304,249.28458539144304,0.0,0.0,0.0,joint_tie,63,2,0.30997328619917325,-0.7892769738621539,within_one,within_one,173,True,0
lp882_hadamard_z,case_02.npz,239,both_success,True,True,True,True,254.33087369371952,254.33087369371952,0.0,0.0,0.0,joint_tie,71,0,-1.268983260969124,0.21202766091004058,below_minus_one,within_one,171,True,0
lp882_hadamard_z,case_02.npz,240,both_success,True,True,True,True,250.01336395044657,250.01336395044657,0.0,0.0,0.0,joint_tie,67,0,-1.268983260969124,-0.2886246564760567,below_minus_one,within_one,173,True,0
lp882_hadamard_z,case_02.npz,241,both_success,True,True,True,True,224.03518899757842,224.03518899757842,0.0,0.0,0.0,joint_tie,55,2,0.30997328619917325,-1.7905816086343485,within_one,below_minus_one,149,True,0
lp882_hadamard_z,case_02.npz,242,both_success,True,True,True,True,210.17867535993395,210.17867535993395,0.0,0.0,0.0,joint_tie,52,0,-1.268983260969124,-2.1660708466739216,below_minus_one,below_minus_one,134,True,0
lp882_hadamard_z,case_02.npz,243,both_success,True,True,True,True,283.37500195785873,283.37500195785873,0.0,0.0,0.0,joint_tie,78,2,0.30997328619917325,1.0881692163357108,within_one,above_one,204,True,0
lp882_hadamard_z,case_02.npz,244,both_success,True,True,True,True,213.2232444182688,213.2232444182688,0.0,0.0,0.0,joint_tie,55,1,-0.4795049873849754,-1.7905816086343485,within_one,below_minus_one,146,True,0
lp882_hadamard_z,case_02.npz,245,both_success,True,True,True,True,251.5515306072977,251.5515306072977,0.0,0.0,0.0,joint_tie,64,4,1.8889298333674704,-0.6641138945156296,above_one,within_one,168,True,0
lp882_hadamard_z,case_02.npz,246,both_success,True,True,True,True,284.1406070726395,284.1406070726395,0.0,0.0,0.0,joint_tie,75,2,0.30997328619917325,0.7126799782961378,within_one,within_one,187,True,0
lp882_hadamard_z,case_02.npz,247,both_success,True,True,True,True,250.41421287059683,250.41421287059683,0.0,0.0,0.0,joint_tie,68,1,-0.4795049873849754,-0.16346157712953238,within_one,within_one,169,True,0
lp882_hadamard_z,case_02.npz,248,both_success,True,True,True,True,264.00895092672,264.00895092672,0.0,0.0,0.0,joint_tie,75,1,-0.4795049873849754,0.7126799782961378,within_one,within_one,186,True,0
lp882_hadamard_z,case_02.npz,249,both_success,True,True,True,True,235.50255140418466,235.50255140418466,0.0,0.0,0.0,joint_tie,59,2,0.30997328619917325,-1.2899292912482512,within_one,below_minus_one,161,True,0
lp882_hadamard_z,case_02.npz,250,both_success,True,True,True,True,223.56521423748575,223.56521423748575,0.0,0.0,0.0,joint_tie,60,0,-1.268983260969124,-1.1647662119017268,below_minus_one,below_minus_one,164,True,0
lp882_hadamard_z,case_02.npz,251,both_success,True,True,True,True,288.0285328076269,288.0285328076269,0.0,0.0,0.0,joint_tie,78,1,-0.4795049873849754,1.0881692163357108,within_one,above_one,193,True,0
lp882_hadamard_z,case_02.npz,252,both_success,True,True,True,True,265.4177680090136,265.4177680090136,0.0,0.0,0.0,joint_tie,70,2,0.30997328619917325,0.08686458156351626,within_one,within_one,176,True,0
lp882_hadamard_z,case_02.npz,253,both_success,True,True,True,True,235.2603456454916,235.2603456454916,0.0,0.0,0.0,joint_tie,63,1,-0.4795049873849754,-0.7892769738621539,within_one,within_one,160,True,0
lp882_hadamard_z,case_02.npz,254,both_success,True,True,True,True,240.5323730933785,240.5323730933785,0.0,0.0,0.0,joint_tie,63,0,-1.268983260969124,-0.7892769738621539,below_minus_one,within_one,161,True,0
lp882_hadamard_z,case_02.npz,255,both_success,True,True,True,True,250.9929794862534,250.9929794862534,0.0,0.0,0.0,joint_tie,68,1,-0.4795049873849754,-0.16346157712953238,within_one,within_one,183,True,0
lp882_clifford_joint,case_03.npz,0,both_success,True,True,True,True,391.54103476380806,377.4115010786227,-14.129533685185379,-23.99448763615061,9.86495395096523,submission_joint_advantage,97,27,-1.444075448362328,-1.388631565250538,below_minus_one,below_minus_one,224,True,0
lp882_clifford_joint,case_03.npz,1,both_success,True,True,True,True,453.5230264966786,429.6068030894089,-23.916223407269683,-23.64008834204924,-0.2761350652204442,submission_joint_advantage,111,41,0.9572617676018964,0.035011882661628704,within_one,within_one,294,True,0
lp882_clifford_joint,case_03.npz,2,both_success,True,True,True,True,417.6221152475702,399.8436782074623,-17.778437040107917,-14.285615268497565,-3.492821771610352,submission_joint_advantage,104,44,1.4718340281656588,-0.6768098412944547,above_one,within_one,286,True,0
lp882_clifford_joint,case_03.npz,3,both_success,True,True,True,True,350.02277554050147,345.63621431941766,-4.386561221083809,-14.03686280412603,9.650301583042221,submission_joint_advantage,82,26,-1.6155995352169155,-2.9139638308707165,below_minus_one,below_minus_one,242,True,0
lp882_clifford_joint,case_03.npz,4,both_success,True,True,True,True,427.0604107724156,414.52841966149526,-12.53199111092033,-12.63600248725237,0.10401137633203916,submission_joint_advantage,107,39,0.6142135938927216,-0.3717433881704189,within_one,within_one,284,True,0
lp882_clifford_joint,case_03.npz,5,submission_only,False,True,True,True,455.19255760921857,421.7349084664635,-33.45764914275509,-44.94824183052492,11.490592687769833,submission_joint_advantage,112,29,-1.101027274653153,0.1367007003696406,below_minus_one,within_one,267,False,0
lp882_clifford_joint,case_03.npz,6,both_success,True,True,True,True,442.9015369411959,438.76030590420726,-4.141231036988643,-3.590649844844279,-0.5505811921443637,submission_joint_advantage,113,36,0.09964133332895915,0.23838951807765252,within_one,within_one,279,True,0
lp882_clifford_joint,case_03.npz,7,both_success,True,True,True,True,430.4937902818328,430.4937902818328,0.0,0.0,0.0,joint_tie,110,42,1.128785854456484,-0.06667693504638321,above_one,within_one,286,True,0
lp882_clifford_joint,case_03.npz,8,both_success,True,True,True,True,399.10282445802045,399.10282445802045,0.0,0.0,0.0,joint_tie,100,37,0.2711654201835466,-1.0835651121265024,within_one,below_minus_one,285,True,0
lp882_clifford_joint,case_03.npz,9,both_success,True,True,True,True,441.2587658885377,431.1624692266056,-10.096296661932115,-17.37534984762351,7.279053185691396,submission_joint_advantage,114,32,-0.5864550140893907,0.34007833578566443,within_one,within_one,276,True,0
lp882_clifford_joint,case_03.npz,10,both_success,True,True,True,True,433.9975654082891,412.4486532429494,-21.548912165339743,-24.476590847864713,2.92767868252497,submission_joint_advantage,107,36,0.09964133332895915,-0.3717433881704189,within_one,within_one,277,True,0
lp882_clifford_joint,case_03.npz,11,both_success,True,True,True,True,451.5643855029017,427.4913742937774,-24.073011209124275,-11.970068005555618,-12.102943203568657,submission_joint_advantage,110,46,1.8148822018748338,-0.06667693504638321,above_one,within_one,304,True,0
lp882_clifford_joint,case_03.npz,12,both_success,True,True,True,True,390.10119602784255,390.03301444131046,-0.06818158653209139,1.8572884749759169,-1.9254700615080083,submission_joint_advantage,98,35,-0.07188275352562831,-1.2869427475425261,within_one,below_minus_one,275,True,0
lp882_clifford_joint,case_03.npz,13,submission_only,False,True,True,True,444.720007015294,386.37374373840817,-58.34626327688585,-46.7441918350616,-11.60207144182425,submission_joint_advantage,98,29,-1.101027274653153,-1.2869427475425261,below_minus_one,below_minus_one,265,False,0
lp882_clifford_joint,case_03.npz,14,both_success,True,True,True,True,462.16230913809795,444.375689266084,-17.786619872013944,-10.788665475086646,-6.997954396927298,submission_joint_advantage,118,42,1.128785854456484,0.746833606617712,above_one,within_one,300,True,0
lp882_clifford_joint,case_03.npz,15,both_success,True,True,True,True,416.6719945467098,412.52738202865186,-4.144612518057954,-2.3898755067878596,-1.7547370112700946,submission_joint_advantage,109,35,-0.07188275352562831,-0.1683657527543951,within_one,within_one,262,True,0
lp882_clifford_joint,case_03.npz,16,both_success,True,True,True,True,432.07628137209167,417.45485365400197,-14.621427718089706,-23.91877446089393,9.297346742804223,submission_joint_advantage,108,33,-0.41493092723480324,-0.27005457046240705,within_one,within_one,279,True,0
lp882_clifford_joint,case_03.npz,17,submission_only,False,True,True,True,502.99275700159154,465.053294658042,-37.939462343549565,-59.440970012651974,21.50150766910241,submission_joint_advantage,124,45,1.6433581150202463,1.3569665128657835,above_one,above_one,311,False,0
lp882_clifford_joint,case_03.npz,18,both_success,True,True,True,True,447.4825167298279,421.3359165363253,-26.146600193502593,-20.736222056110364,-5.410378137392229,submission_joint_advantage,109,44,1.4718340281656588,-0.1683657527543951,above_one,within_one,301,True,0
lp882_clifford_joint,case_03.npz,19,both_success,True,True,True,True,381.1697309577181,380.89546876386555,-0.27426219385256445,-0.42227258676632573,0.14801039291376128,submission_joint_advantage,96,37,0.2711654201835466,-1.4903203829585498,within_one,below_minus_one,263,True,0
lp882_clifford_joint,case_03.npz,20,both_success,True,True,True,True,398.29248182295686,389.92711978468867,-8.365362038268188,-1.837839441348251,-6.527522596919937,submission_joint_advantage,99,35,-0.07188275352562831,-1.1852539298345142,within_one,below_minus_one,268,True,0
lp882_clifford_joint,case_03.npz,21,both_fail,False,False,True,True,519.6157093892984,484.9180799953374,-34.69762939396105,-51.23954634397478,16.54191695001373,submission_joint_advantage,132,44,1.4718340281656588,2.170477054529879,above_one,above_one,300,False,13
lp882_clifford_joint,case_03.npz,22,both_success,True,True,True,True,444.3412221290722,431.7922366813822,-12.548985447690029,-15.418317620876508,2.8693321731864785,submission_joint_advantage,112,43,1.3003099413110715,0.1367007003696406,above_one,within_one,287,True,0
lp882_clifford_joint,case_03.npz,23,both_fail,False,False,True,True,506.98909733569667,480.6739265537617,-26.315170781934967,-34.40768885841169,8.092518076476722,submission_joint_advantage,123,38,0.4426895070381341,1.2552776951577715,within_one,above_one,297,False,14
lp882_clifford_joint,case_03.npz,24,both_success,True,True,True,True,412.2945969783441,412.19008868740013,-0.10450829094395431,4.328055961168445,-4.4325642521124,submission_joint_advantage,108,32,-0.5864550140893907,-0.27005457046240705,within_one,within_one,260,True,0
lp882_clifford_joint,case_03.npz,25,submission_only,False,True,True,True,476.523201617406,419.81777616726595,-56.70542545014007,-49.257222369667545,-7.448203080472524,submission_joint_advantage,113,29,-1.101027274653153,0.23838951807765252,below_minus_one,within_one,272,False,0
lp882_clifford_joint,case_03.npz,26,both_success,True,True,True,True,446.30607840106546,446.07620013471796,-0.22987826634749808,2.257934822972743,-2.487813089320241,submission_joint_advantage,116,38,0.4426895070381341,0.5434559712016882,within_one,within_one,304,True,0
lp882_clifford_joint,case_03.npz,27,both_success,True,True,True,True,369.94108541138576,369.94108541138576,0.0,0.0,0.0,joint_tie,93,30,-0.9295031877985657,-1.7953868360825858,within_one,below_minus_one,265,True,0
lp882_clifford_joint,case_03.npz,28,submission_only,False,True,True,True,534.575968090285,439.1485370840045,-95.42743100628047,-102.24883145131162,6.821400445031145,submission_joint_advantage,116,35,-0.07188275352562831,0.5434559712016882,within_one,within_one,287,False,0
lp882_clifford_joint,case_03.npz,29,both_fail,False,False,True,True,435.376713697745,424.28250585506146,-11.094207842683545,-37.65563586501264,26.561428022329096,submission_joint_advantage,108,29,-1.101027274653153,-0.27005457046240705,below_minus_one,within_one,255,True,14
lp882_clifford_joint,case_03.npz,30,both_success,True,True,True,True,380.56286228032764,368.1674783013908,-12.39538397893682,-7.073212782565122,-5.322171196371698,submission_joint_advantage,95,28,-1.2725513615077406,-1.5920092006665618,below_minus_one,below_minus_one,247,True,0
lp882_clifford_joint,case_03.npz,31,submission_only,False,True,True,True,515.5280976064947,452.69358168998787,-62.83451591650686,-80.33774322506213,17.503227308555267,submission_joint_advantage,120,36,0.09964133332895915,0.9502112420337359,within_one,within_one,284,False,0
lp882_clifford_joint,case_03.npz,32,submission_only,False,True,True,True,499.3286675314089,446.9344702399194,-52.39419729148949,-35.27806258466728,-17.11613470682221,submission_joint_advantage,121,45,1.6433581150202463,1.0519000597417478,above_one,above_one,288,False,0
lp882_clifford_joint,case_03.npz,33,both_success,True,True,True,True,390.36332844418706,390.36332844418706,0.0,0.0,0.0,joint_tie,100,31,-0.7579791009439781,-1.0835651121265024,within_one,below_minus_one,257,True,0
lp882_clifford_joint,case_03.npz,34,submission_only,False,True,True,True,473.8287151947685,422.42754198660634,-51.40117320816216,-49.3260252906058,-2.0751479175563645,submission_joint_advantage,114,27,-1.444075448362328,0.34007833578566443,below_minus_one,within_one,249,False,0
lp882_clifford_joint,case_03.npz,35,submission_only,False,True,True,True,475.0612159148378,405.71217839409235,-69.34903752074547,-82.90074601189804,13.551708491152567,submission_joint_advantage,106,28,-1.2725513615077406,-0.4734322058784308,below_minus_one,within_one,250,False,0
lp882_clifford_joint,case_03.npz,36,submission_only,False,True,True,True,505.68438696544547,434.02774177285244,-71.65664519259303,-74.66656136162146,3.009916169028429,submission_joint_advantage,117,30,-0.9295031877985657,0.6451447889097002,within_one,within_one,271,False,0
lp882_clifford_joint,case_03.npz,37,both_fail,False,False,True,True,501.83093930644407,465.8800986410909,-35.950840665353155,-30.55311527633512,-5.397725389018035,submission_joint_advantage,126,42,1.128785854456484,1.5603441482818075,above_one,above_one,294,True,15
lp882_clifford_joint,case_03.npz,38,both_fail,False,False,True,True,472.10967161949407,450.0277592026474,-22.08191241684665,-28.88439785619505,6.802485439348402,submission_joint_advantage,116,36,0.09964133332895915,0.5434559712016882,within_one,within_one,276,False,12
lp882_clifford_joint,case_03.npz,39,both_success,True,True,True,True,386.9377295152608,378.55276851522063,-8.384961000040164,-4.323223877740531,-4.061737122299633,submission_joint_advantage,95,32,-0.5864550140893907,-1.5920092006665618,within_one,below_minus_one,245,True,0
lp882_clifford_joint,case_03.npz,40,submission_only,False,True,True,True,478.420389174589,437.62935608121234,-40.791033093376655,-60.96703725241389,20.176004159037234,submission_joint_advantage,113,30,-0.9295031877985657,0.23838951807765252,within_one,within_one,257,False,0
lp882_clifford_joint,case_03.npz,41,both_success,True,True,True,True,396.79406387854755,396.74397532089927,-0.05008855764828013,-0.10019083064509005,0.050102272996809916,submission_joint_advantage,103,31,-0.7579791009439781,-0.7784986590024666,within_one,within_one,246,True,0
lp882_clifford_joint,case_03.npz,42,both_fail,False,False,True,True,485.27100463115596,450.0547949982525,-35.216209632903485,-19.154804156562932,-16.061405476340553,submission_joint_advantage,121,33,-0.41493092723480324,1.0519000597417478,within_one,above_one,290,False,12
lp882_clifford_joint,case_03.npz,43,both_success,True,True,True,True,442.76264380900545,413.56681731095284,-29.19582649805261,-15.244561396911195,-13.951265101141416,submission_joint_advantage,112,33,-0.41493092723480324,0.1367007003696406,within_one,within_one,273,True,0
lp882_clifford_joint,case_03.npz,44,submission_only,False,True,True,True,510.6838330320451,433.73560104341055,-76.94823198863452,-85.30902339030092,8.360791401666404,submission_joint_advantage,116,40,0.785737680747309,0.5434559712016882,within_one,within_one,280,False,0
lp882_clifford_joint,case_03.npz,45,both_fail,False,False,True,True,470.81467189890736,437.71216610270983,-33.10250579619753,-55.13716796477365,22.03466216857612,submission_joint_advantage,113,27,-1.444075448362328,0.23838951807765252,below_minus_one,within_one,268,False,12
lp882_clifford_joint,case_03.npz,46,both_success,True,True,True,True,462.27322972479885,462.27322972479885,0.0,0.0,0.0,joint_tie,120,34,-0.24340684038021576,0.9502112420337359,within_one,within_one,296,True,0
lp882_clifford_joint,case_03.npz,47,both_success,True,True,True,True,381.2322047871023,377.89362097574394,-3.338583811358376,-4.286220297701561,0.9476364863431854,submission_joint_advantage,97,41,0.9572617676018964,-1.388631565250538,within_one,below_minus_one,262,True,0
lp882_clifford_joint,case_03.npz,48,submission_only,False,True,True,True,436.2490637901549,407.37616680856854,-28.872896981586337,-26.758721778672225,-2.1141752029141117,submission_joint_advantage,107,24,-1.9586477089260903,-0.3717433881704189,below_minus_one,within_one,265,False,0
lp882_clifford_joint,case_03.npz,49,submission_only,False,True,True,True,464.35525132830264,442.73771315465035,-21.617538173652292,-36.53218552765611,14.914647354003819,submission_joint_advantage,117,41,0.9572617676018964,0.6451447889097002,within_one,within_one,280,False,0
lp882_clifford_joint,case_03.npz,50,both_success,True,True,True,True,454.003739329686,443.40022013086343,-10.603519198822596,-9.318885924568576,-1.2846332742540199,submission_joint_advantage,124,36,0.09964133332895915,1.3569665128657835,within_one,above_one,292,True,0
lp882_clifford_joint,case_03.npz,51,both_success,True,True,True,True,435.1492142028905,434.6587290737518,-0.4904851291387331,-15.417054827361312,14.926569698222579,submission_joint_advantage,112,39,0.6142135938927216,0.1367007003696406,within_one,within_one,265,True,0
lp882_clifford_joint,case_03.npz,52,both_success,True,True,True,True,413.73889138007394,413.3586475458775,-0.3802438341964489,-4.970563368299679,4.59031953410323,submission_joint_advantage,106,35,-0.07188275352562831,-0.4734322058784308,within_one,within_one,277,True,0
lp882_clifford_joint,case_03.npz,53,both_success,True,True,True,True,487.8400953795733,422.52591512535037,-65.31418025422295,-74.04006326789829,8.725883013675343,submission_joint_advantage,112,40,0.785737680747309,0.1367007003696406,within_one,within_one,284,True,0
lp882_clifford_joint,case_03.npz,54,both_fail,False,False,True,True,542.0753877112604,462.9058735032019,-79.1695142080585,-61.854375385476715,-17.315138822581787,submission_joint_advantage,122,40,0.785737680747309,1.1535888774497598,within_one,above_one,312,False,13
lp882_clifford_joint,case_03.npz,55,submission_only,False,True,True,True,484.6202561503741,439.178166955287,-45.44208919508708,-42.3775287055567,-3.064560489530379,submission_joint_advantage,121,39,0.6142135938927216,1.0519000597417478,within_one,above_one,286,False,0
lp882_clifford_joint,case_03.npz,56,both_fail,False,False,True,True,499.45214512588046,469.4959646164857,-29.956180509394756,-58.133776272121736,28.17759576272698,submission_joint_advantage,121,40,0.785737680747309,1.0519000597417478,within_one,above_one,277,False,9
lp882_clifford_joint,case_03.npz,57,both_success,True,True,True,True,409.4773082227602,409.4773082227602,0.0,0.0,0.0,joint_tie,105,36,0.09964133332895915,-0.5751210235864428,within_one,within_one,277,True,0
lp882_clifford_joint,case_03.npz,58,both_fail,False,False,True,True,472.9636768058151,435.6527419164302,-37.310934889384896,-45.24945007193105,7.938515182546155,submission_joint_advantage,114,30,-0.9295031877985657,0.34007833578566443,within_one,within_one,254,False,17
lp882_clifford_joint,case_03.npz,59,both_success,True,True,True,True,452.2213490079795,439.6366724407138,-12.58467656726566,-7.350199953872789,-5.2344766133928715,submission_joint_advantage,114,43,1.3003099413110715,0.34007833578566443,above_one,within_one,299,True,0
lp882_clifford_joint,case_03.npz,60,both_success,True,True,True,True,392.4783489820229,378.64818642325287,-13.830162558770041,-11.414453286332616,-2.415709272437425,submission_joint_advantage,98,30,-0.9295031877985657,-1.2869427475425261,within_one,below_minus_one,254,True,0
lp882_clifford_joint,case_03.npz,61,both_success,True,True,True,True,387.28568817084886,386.2908708248535,-0.9948173459953296,-11.06790154086491,10.07308419486958,submission_joint_advantage,100,30,-0.9295031877985657,-1.0835651121265024,within_one,below_minus_one,250,True,0
lp882_clifford_joint,case_03.npz,62,both_success,True,True,True,True,469.2324519851728,418.7877715438942,-50.44468044127859,-38.76685186547991,-11.677828575798685,submission_joint_advantage,107,37,0.2711654201835466,-0.3717433881704189,within_one,within_one,258,True,0
lp882_clifford_joint,case_03.npz,63,both_success,True,True,True,True,456.9600460391637,451.74158942706794,-5.218456612095736,-0.8180997507474785,-4.400356861348257,submission_joint_advantage,122,46,1.8148822018748338,1.1535888774497598,above_one,above_one,318,True,0
lp882_clifford_joint,case_03.npz,64,both_success,True,True,True,True,390.23744987652856,390.23744987652856,0.0,0.0,0.0,joint_tie,97,32,-0.5864550140893907,-1.388631565250538,within_one,below_minus_one,249,True,0
lp882_clifford_joint,case_03.npz,65,both_success,True,True,True,True,453.9250885877608,439.6804240918402,-14.244664495920574,-17.714927670379097,3.4702631744585233,submission_joint_advantage,117,35,-0.07188275352562831,0.6451447889097002,within_one,within_one,282,True,0
lp882_clifford_joint,case_03.npz,66,both_success,True,True,True,True,457.66294753700254,448.7510866445111,-8.911860892491461,-9.278012910196594,0.36615201770513295,submission_joint_advantage,119,48,2.1579303755840087,0.848522424325724,above_one,within_one,327,True,0
lp882_clifford_joint,case_03.npz,67,submission_only,False,True,True,True,544.1601791967192,465.9457060692489,-78.21447312747034,-73.59143443417292,-4.623038693297417,submission_joint_advantage,126,43,1.3003099413110715,1.5603441482818075,above_one,above_one,305,False,0
lp882_clifford_joint,case_03.npz,68,both_success,True,True,True,True,406.27652008793774,406.2661677549215,-0.010352333016214743,1.9005114419364304,-1.9108637749526451,submission_joint_advantage,108,32,-0.5864550140893907,-0.27005457046240705,within_one,within_one,280,True,0
lp882_clifford_joint,case_03.npz,69,both_success,True,True,True,True,458.5208260911468,451.987684341159,-6.533141749987749,-9.09230504206539,2.559163292077642,submission_joint_advantage,120,36,0.09964133332895915,0.9502112420337359,within_one,within_one,286,True,0
lp882_clifford_joint,case_03.npz,70,both_fail,False,False,True,True,498.81144115596203,478.1930174593704,-20.618423696591606,-27.83518251766202,7.216758821070414,submission_joint_advantage,126,47,1.9864062887294212,1.5603441482818075,above_one,above_one,317,False,13
lp882_clifford_joint,case_03.npz,71,submission_only,False,True,True,True,476.4745232363882,424.3389732130104,-52.135550023377846,-54.05356837008986,1.9180183467120173,submission_joint_advantage,108,32,-0.5864550140893907,-0.27005457046240705,within_one,within_one,276,False,0
lp882_clifford_joint,case_03.npz,72,both_success,True,True,True,True,390.0101484544041,389.8372376520357,-0.17291080236839207,4.114263425510785,-4.287174227879177,submission_joint_advantage,97,37,0.2711654201835466,-1.388631565250538,within_one,below_minus_one,260,True,0
lp882_clifford_joint,case_03.npz,73,both_success,True,True,True,True,407.59309795871764,407.59309795871764,0.0,0.0,0.0,joint_tie,104,33,-0.41493092723480324,-0.6768098412944547,within_one,within_one,287,True,0
lp882_clifford_joint,case_03.npz,74,submission_only,False,True,True,True,475.9883678318695,427.306915522806,-48.6814523090635,-51.61025387794331,2.9288015688798055,submission_joint_advantage,116,31,-0.7579791009439781,0.5434559712016882,within_one,within_one,277,False,0
lp882_clifford_joint,case_03.npz,75,submission_only,False,True,True,True,474.2085903612761,422.43818995387994,-51.77040040739615,-63.13609331123496,11.365692903838806,submission_joint_advantage,111,27,-1.444075448362328,0.035011882661628704,below_minus_one,within_one,258,False,0
lp882_clifford_joint,case_03.npz,76,submission_only,False,True,True,True,455.00663018883427,411.41362663995494,-43.593003548879324,-41.17441930888634,-2.418584239992981,submission_joint_advantage,110,24,-1.9586477089260903,-0.06667693504638321,below_minus_one,within_one,252,False,0
lp882_clifford_joint,case_03.npz,77,submission_only,False,True,True,True,458.443786341807,404.801025475314,-53.642760866493006,-76.04661161627132,22.403850749778314,submission_joint_advantage,111,30,-0.9295031877985657,0.035011882661628704,within_one,within_one,273,False,0
lp882_clifford_joint,case_03.npz,78,both_success,True,True,True,True,404.6124240533578,401.0866749178768,-3.5257491354810213,-6.869641947976561,3.3438928124955396,submission_joint_advantage,106,36,0.09964133332895915,-0.4734322058784308,within_one,within_one,264,True,0
lp882_clifford_joint,case_03.npz,79,both_success,True,True,True,True,404.50345138855005,404.50345138855005,0.0,0.0,0.0,joint_tie,103,32,-0.5864550140893907,-0.7784986590024666,within_one,within_one,273,True,0
lp882_clifford_joint,case_03.npz,80,both_success,True,True,True,True,425.2794051992436,416.8956825351004,-8.38372266414325,-4.182440165776256,-4.201282498366993,submission_joint_advantage,106,40,0.785737680747309,-0.4734322058784308,within_one,within_one,282,True,0
lp882_clifford_joint,case_03.npz,81,both_success,True,True,True,True,371.42138511682003,371.42138511682003,0.0,0.0,0.0,joint_tie,91,33,-0.41493092723480324,-1.9987644714986095,within_one,below_minus_one,248,True,0
lp882_clifford_joint,case_03.npz,82,both_success,True,True,True,True,418.2383864453558,419.3835655463585,1.145179101002725,11.593512443767281,-10.448333342764556,reference_joint_and_marginal_advantage,104,34,-0.24340684038021576,-0.6768098412944547,within_one,within_one,278,True,0
lp882_clifford_joint,case_03.npz,83,both_fail,False,False,True,True,452.6031281953407,428.3224586944474,-24.280669500893282,-53.21048740465034,28.929817903757055,submission_joint_advantage,115,35,-0.07188275352562831,0.44176715349367635,within_one,within_one,272,False,10
lp882_clifford_joint,case_03.npz,84,submission_only,False,True,True,True,496.17463383490946,454.97718914941936,-41.1974446854901,-48.091569597831494,6.894124912341397,submission_joint_advantage,124,42,1.128785854456484,1.3569665128657835,above_one,above_one,302,False,0
lp882_clifford_joint,case_03.npz,85,both_success,True,True,True,True,387.9686856440376,387.9685649111914,-0.00012073284619873448,-4.652317855110027,4.6521971222638285,submission_joint_advantage,99,35,-0.07188275352562831,-1.1852539298345142,within_one,below_minus_one,270,True,0
lp882_clifford_joint,case_03.npz,86,both_success,True,True,True,True,431.90695124192416,428.3458343074358,-3.561116934488382,4.163081287232444,-7.724198221720826,submission_joint_advantage,112,41,0.9572617676018964,0.1367007003696406,within_one,within_one,303,True,0
lp882_clifford_joint,case_03.npz,87,both_success,True,True,True,True,403.78269350783415,403.78269350783415,0.0,0.0,0.0,joint_tie,105,34,-0.24340684038021576,-0.5751210235864428,within_one,within_one,281,True,0
lp882_clifford_joint,case_03.npz,88,submission_only,False,True,True,True,517.9569804470306,452.763097898453,-65.19388254857756,-65.7752962756972,0.5814137271196387,submission_joint_advantage,118,37,0.2711654201835466,0.746833606617712,within_one,within_one,301,False,0
lp882_clifford_joint,case_03.npz,89,both_fail,False,False,True,True,503.9474735103894,471.2313846614794,-32.716088848909976,-31.57937147715188,-1.1367173717580954,submission_joint_advantage,129,35,-0.07188275352562831,1.8654106014058431,within_one,above_one,296,False,9
lp882_clifford_joint,case_03.npz,90,both_fail,False,False,True,True,513.1287837592232,475.91452683785536,-37.21425692136785,-48.001985682811096,10.787728761443248,submission_joint_advantage,123,35,-0.07188275352562831,1.2552776951577715,within_one,above_one,284,False,9
lp882_clifford_joint,case_03.npz,91,both_success,True,True,True,True,414.21743504912445,401.7983017600819,-12.41913328904252,-2.3494804289489366,-10.069652860093584,submission_joint_advantage,102,43,1.3003099413110715,-0.8801874767104785,above_one,within_one,279,True,0
lp882_clifford_joint,case_03.npz,92,submission_only,False,True,True,True,459.6278004839146,422.65079362387576,-36.97700686003884,-41.213662975296245,4.236656115257404,submission_joint_advantage,109,37,0.2711654201835466,-0.1683657527543951,within_one,within_one,270,False,0
lp882_clifford_joint,case_03.npz,93,both_fail,False,False,True,True,499.60511060608826,468.265274794236,-31.339835811852254,-51.681836961990825,20.34200115013857,submission_joint_advantage,119,31,-0.7579791009439781,0.848522424325724,within_one,within_one,286,False,15
lp882_clifford_joint,case_03.npz,94,both_success,True,True,True,True,385.08707259406583,385.08707259406583,0.0,0.0,0.0,joint_tie,98,33,-0.41493092723480324,-1.2869427475425261,within_one,below_minus_one,273,True,0
lp882_clifford_joint,case_03.npz,95,both_success,True,True,True,True,415.114567020453,405.2196349779855,-9.89493204246753,-13.321303353478186,3.426371311010655,submission_joint_advantage,105,29,-1.101027274653153,-0.5751210235864428,below_minus_one,within_one,256,True,0
lp882_clifford_joint,case_03.npz,96,both_success,True,True,True,True,394.247296415492,394.0086214801311,-0.23867493536084794,1.3578652853532276,-1.5965402207140755,submission_joint_advantage,103,41,0.9572617676018964,-0.7784986590024666,within_one,within_one,266,True,0
lp882_clifford_joint,case_03.npz,97,both_success,True,True,True,True,460.7254193193828,412.07323092748226,-48.65218839190055,-40.795580137129036,-7.8566082547715155,submission_joint_advantage,111,30,-0.9295031877985657,0.035011882661628704,within_one,within_one,275,True,0
lp882_clifford_joint,case_03.npz,98,both_fail,False,False,True,True,451.36755530883977,431.3848558615742,-19.98269944726559,-42.2405729181271,22.25787347086151,submission_joint_advantage,113,25,-1.787123622071503,0.23838951807765252,below_minus_one,within_one,266,False,6
lp882_clifford_joint,case_03.npz,99,both_fail,False,False,True,True,540.397128316172,473.1791612035751,-67.21796711259691,-74.54723253847874,7.329265425881829,submission_joint_advantage,123,42,1.128785854456484,1.2552776951577715,above_one,above_one,287,False,8
lp882_clifford_joint,case_03.npz,100,both_fail,False,False,True,True,435.6544149200575,416.44000267569265,-19.214412244364837,-30.29180311110349,11.077390866738654,submission_joint_advantage,113,33,-0.41493092723480324,0.23838951807765252,within_one,within_one,276,False,13
lp882_clifford_joint,case_03.npz,101,both_success,True,True,True,True,403.1535549190675,383.8354415539584,-19.318113365109127,-17.801179499859416,-1.5169338652497117,submission_joint_advantage,99,23,-2.130171795780678,-1.1852539298345142,below_minus_one,below_minus_one,242,True,0
lp882_clifford_joint,case_03.npz,102,submission_only,False,True,True,True,425.76163532982207,401.50020704641923,-24.261428283402836,-23.4874139688539,-0.7740143145489355,submission_joint_advantage,101,36,0.09964133332895915,-0.9818762944184904,within_one,within_one,267,False,0
lp882_clifford_joint,case_03.npz,103,both_fail,False,False,True,True,531.8982207904896,459.90675735346497,-71.99146343702466,-74.97773925341085,2.9862758163861827,submission_joint_advantage,118,39,0.6142135938927216,0.746833606617712,within_one,within_one,295,False,10
lp882_clifford_joint,case_03.npz,104,both_success,True,True,True,True,405.7363381494383,401.5385078194149,-4.197830330023407,-2.25858238522909,-1.9392479447943174,submission_joint_advantage,103,36,0.09964133332895915,-0.7784986590024666,within_one,within_one,249,True,0
lp882_clifford_joint,case_03.npz,105,both_success,True,True,True,True,429.17332119062246,416.1192919247919,-13.054029265830536,-6.1700792468457735,-6.883950018984763,submission_joint_advantage,113,32,-0.5864550140893907,0.23838951807765252,within_one,within_one,283,True,0
lp882_clifford_joint,case_03.npz,106,both_fail,False,False,True,True,500.73050474286106,454.94561981423544,-45.784884928625615,-34.0368536195075,-11.748031309118119,submission_joint_advantage,114,35,-0.07188275352562831,0.34007833578566443,within_one,within_one,281,False,14
lp882_clifford_joint,case_03.npz,107,both_success,True,True,True,True,415.5695371590831,410.33990312620415,-5.229634032878948,-7.349649173131695,2.1200151402527467,submission_joint_advantage,108,31,-0.7579791009439781,-0.27005457046240705,within_one,within_one,277,True,0
lp882_clifford_joint,case_03.npz,108,both_success,True,True,True,True,427.0382079945616,422.57039841702453,-4.467809577537082,-5.832775381820284,1.3649658042832016,submission_joint_advantage,107,40,0.785737680747309,-0.3717433881704189,within_one,within_one,289,True,0
lp882_clifford_joint,case_03.npz,109,both_success,True,True,True,True,412.6734114585626,414.1722035236147,1.4987920650521005,9.708763894652066,-8.209971829599965,reference_joint_and_marginal_advantage,107,38,0.4426895070381341,-0.3717433881704189,within_one,within_one,285,True,0
lp882_clifford_joint,case_03.npz,110,submission_only,False,True,True,True,494.80347201504253,439.26123385842254,-55.54223815661999,-75.20688566803466,19.66464751141467,submission_joint_advantage,118,34,-0.24340684038021576,0.746833606617712,within_one,within_one,298,False,0
lp882_clifford_joint,case_03.npz,111,both_success,True,True,True,True,419.7406358510143,401.3008243543513,-18.439811496663026,-18.734944820462488,0.2951333237994618,submission_joint_advantage,102,31,-0.7579791009439781,-0.8801874767104785,within_one,within_one,245,True,0
lp882_clifford_joint,case_03.npz,112,both_success,True,True,True,True,453.50782555146395,430.764763424286,-22.74306212717795,-23.368376596480175,0.625314469302225,submission_joint_advantage,111,39,0.6142135938927216,0.035011882661628704,within_one,within_one,290,True,0
lp882_clifford_joint,case_03.npz,113,both_success,True,True,True,True,408.8774098598202,395.42687543541825,-13.450534424401951,-14.506397213701518,1.0558627892995673,submission_joint_advantage,104,25,-1.787123622071503,-0.6768098412944547,below_minus_one,within_one,243,True,0
lp882_clifford_joint,case_03.npz,114,both_fail,False,False,True,True,474.83397700030264,451.29110908698885,-23.542867913313785,-35.478184292845754,11.935316379531969,submission_joint_advantage,116,29,-1.101027274653153,0.5434559712016882,below_minus_one,within_one,263,False,8
lp882_clifford_joint,case_03.npz,115,submission_only,False,True,True,True,496.23308269577535,432.6064481982403,-63.626634497535065,-71.14926500510398,7.52263050756892,submission_joint_advantage,113,41,0.9572617676018964,0.23838951807765252,within_one,within_one,254,False,0
lp882_clifford_joint,case_03.npz,116,submission_only,False,True,True,True,506.73176465915003,442.9035458514784,-63.82821880767165,-70.32130904877351,6.493090241101868,submission_joint_advantage,118,37,0.2711654201835466,0.746833606617712,within_one,within_one,281,False,0
lp882_clifford_joint,case_03.npz,117,submission_only,False,True,True,True,466.840613189897,413.33504195739,-53.50557123250701,-47.30291477682749,-6.2026564556795165,submission_joint_advantage,111,34,-0.24340684038021576,0.035011882661628704,within_one,within_one,259,False,0
lp882_clifford_joint,case_03.npz,118,submission_only,False,True,True,True,434.51186868133175,406.515011935793,-27.996856745538764,-31.517668955975125,3.520812210436361,submission_joint_advantage,109,35,-0.07188275352562831,-0.1683657527543951,within_one,within_one,252,False,0
lp882_clifford_joint,case_03.npz,119,both_success,True,True,True,True,381.58606958266466,381.58606958266466,0.0,0.0,0.0,joint_tie,98,26,-1.6155995352169155,-1.2869427475425261,below_minus_one,below_minus_one,244,True,0
lp882_clifford_joint,case_03.npz,120,submission_only,False,True,True,True,488.1503059829357,421.89048514988554,-66.25982083305018,-69.43614781236556,3.1763269793153768,submission_joint_advantage,113,41,0.9572617676018964,0.23838951807765252,within_one,within_one,280,False,0
lp882_clifford_joint,case_03.npz,121,both_success,True,True,True,True,422.11383571311126,412.98663546022044,-9.127200252890816,-11.698855002732898,2.5716547498420823,submission_joint_advantage,108,35,-0.07188275352562831,-0.27005457046240705,within_one,within_one,283,True,0
lp882_clifford_joint,case_03.npz,122,submission_only,False,True,True,True,434.68766270927415,401.5687497723983,-33.11891293687586,-26.186019402613454,-6.932893534262405,submission_joint_advantage,106,33,-0.41493092723480324,-0.4734322058784308,within_one,within_one,277,False,0
lp882_clifford_joint,case_03.npz,123,both_success,True,True,True,True,416.67222883910904,383.6414587555014,-33.03077008360765,-20.308360765963016,-12.722409317644633,submission_joint_advantage,98,34,-0.24340684038021576,-1.2869427475425261,within_one,below_minus_one,252,True,0
lp882_clifford_joint,case_03.npz,124,submission_only,False,True,True,True,493.26036300677197,429.17020948499345,-64.09015352177852,-58.10236844397184,-5.987785077806677,submission_joint_advantage,111,42,1.128785854456484,0.035011882661628704,above_one,within_one,277,False,0
lp882_clifford_joint,case_03.npz,125,both_success,True,True,True,True,434.8595866092418,431.433075129737,-3.426511479504768,4.037684838448001,-7.464196317952769,submission_joint_advantage,113,44,1.4718340281656588,0.23838951807765252,above_one,within_one,269,True,0
lp882_clifford_joint,case_03.npz,126,both_success,True,True,True,True,445.35763949035345,440.8528124403623,-4.50482704999115,-8.170489946628209,3.665662896637059,submission_joint_advantage,116,41,0.9572617676018964,0.5434559712016882,within_one,within_one,291,True,0
lp882_clifford_joint,case_03.npz,127,both_success,True,True,True,True,433.36318124651336,420.2483579797233,-13.11482326679004,-14.338901416923477,1.2240781501334368,submission_joint_advantage,109,39,0.6142135938927216,-0.1683657527543951,within_one,within_one,276,True,0
lp882_clifford_joint,case_03.npz,128,reference_only,True,False,True,True,446.34742346462417,446.2964422448819,-0.05098121974225478,9.345908262981652,-9.396889482723907,submission_joint_advantage,114,34,-0.24340684038021576,0.34007833578566443,within_one,within_one,288,False,9
lp882_clifford_joint,case_03.npz,129,submission_only,False,True,True,True,474.6746846503086,442.9350354191613,-31.739649231147325,-13.340695440183822,-18.398953790963503,submission_joint_advantage,123,46,1.8148822018748338,1.2552776951577715,above_one,above_one,283,False,0
lp882_clifford_joint,case_03.npz,130,both_success,True,True,True,True,421.7237141787532,421.4715915506882,-0.25212262806502395,1.2894199184424338,-1.5415425465074577,submission_joint_advantage,108,39,0.6142135938927216,-0.27005457046240705,within_one,within_one,291,True,0
lp882_clifford_joint,case_03.npz,131,both_success,True,True,True,True,373.20532287636627,369.5680767027398,-3.6372461736264654,5.845132939206962,-9.482379112833428,submission_joint_advantage,95,24,-1.9586477089260903,-1.5920092006665618,below_minus_one,below_minus_one,245,True,0
lp882_clifford_joint,case_03.npz,132,submission_only,False,True,True,True,528.2439523781977,464.39269682336175,-63.85125555483597,-51.73007624948241,-12.121179305353564,submission_joint_advantage,128,40,0.785737680747309,1.7637217836978312,within_one,above_one,286,False,0
lp882_clifford_joint,case_03.npz,133,submission_only,False,True,True,True,493.677229759543,432.5816260537691,-61.0956037057739,-59.987420016104466,-1.1081836896694313,submission_joint_advantage,114,35,-0.07188275352562831,0.34007833578566443,within_one,within_one,273,False,0
lp882_clifford_joint,case_03.npz,134,both_success,True,True,True,True,415.85997348023466,412.25417387976375,-3.6057996004709025,1.533656867683419,-5.1394564681543216,submission_joint_advantage,105,32,-0.5864550140893907,-0.5751210235864428,within_one,within_one,269,True,0
lp882_clifford_joint,case_03.npz,135,submission_only,False,True,True,True,468.2229552515555,405.4957297809334,-62.7272254706221,-39.019561598844575,-23.707663871777527,submission_joint_advantage,107,33,-0.41493092723480324,-0.3717433881704189,within_one,within_one,260,False,0
lp882_clifford_joint,case_03.npz,136,both_success,True,True,True,True,397.74053727845586,397.21065920541247,-0.5298780730433919,-5.362347816682814,4.832469743639422,submission_joint_advantage,101,34,-0.24340684038021576,-0.9818762944184904,within_one,within_one,287,True,0
lp882_clifford_joint,case_03.npz,137,both_success,True,True,True,True,412.77024388240443,401.4330451752587,-11.337198707145717,-22.02516767696261,10.687968969816893,submission_joint_advantage,102,28,-1.2725513615077406,-0.8801874767104785,below_minus_one,within_one,244,True,0
lp882_clifford_joint,case_03.npz,138,submission_only,False,True,True,True,482.60847414601926,436.101904809932,-46.50656933608724,-52.961722493154866,6.4551531570676275,submission_joint_advantage,116,41,0.9572617676018964,0.5434559712016882,within_one,within_one,299,False,0
lp882_clifford_joint,case_03.npz,139,submission_only,False,True,True,True,473.93827714218605,418.851606805045,-55.08667033714107,-52.14474433797335,-2.9419259991677222,submission_joint_advantage,109,35,-0.07188275352562831,-0.1683657527543951,within_one,within_one,284,False,0
lp882_clifford_joint,case_03.npz,140,submission_only,False,True,True,True,464.8207359430561,435.58855559362104,-29.232180349435055,-27.78947130661834,-1.4427090428167162,submission_joint_advantage,118,39,0.6142135938927216,0.746833606617712,within_one,within_one,303,False,0
lp882_clifford_joint,case_03.npz,141,submission_only,False,True,True,True,439.2829753409464,391.34744679914445,-47.93552854180194,-40.64135673116448,-7.294171810637465,submission_joint_advantage,102,24,-1.9586477089260903,-0.8801874767104785,below_minus_one,within_one,244,False,0
lp882_clifford_joint,case_03.npz,142,both_success,True,True,True,True,385.6087852179011,385.61261141429895,0.0038261963978811764,2.173533027070107,-2.169706830672226,reference_joint_and_marginal_advantage,97,29,-1.101027274653153,-1.388631565250538,below_minus_one,below_minus_one,250,True,0
lp882_clifford_joint,case_03.npz,143,both_success,True,True,True,True,414.79913444464313,414.3353692005602,-0.4637652440829356,3.0181920627569525,-3.481957306839888,submission_joint_advantage,108,31,-0.7579791009439781,-0.27005457046240705,within_one,within_one,259,True,0
lp882_clifford_joint,case_03.npz,144,both_success,True,True,True,True,434.84127971930235,425.6223657395368,-9.218913979765546,0.055201202001512684,-9.274115181767058,submission_joint_advantage,112,39,0.6142135938927216,0.1367007003696406,within_one,within_one,299,True,0
lp882_clifford_joint,case_03.npz,145,both_success,True,True,True,True,409.05661176176034,397.01580249716466,-12.04080926459568,-15.324734568044391,3.2839253034487115,submission_joint_advantage,103,33,-0.41493092723480324,-0.7784986590024666,within_one,within_one,266,True,0
lp882_clifford_joint,case_03.npz,146,both_fail,False,False,True,True,492.560325379408,477.625587837556,-14.93473754185203,-24.797437778764788,9.862700236912758,submission_joint_advantage,128,36,0.09964133332895915,1.7637217836978312,within_one,above_one,288,False,11
lp882_clifford_joint,case_03.npz,147,both_fail,False,False,True,True,485.4374913987226,464.20727035432355,-21.23022104439906,-35.40201282376313,14.17179177936407,submission_joint_advantage,121,30,-0.9295031877985657,1.0519000597417478,within_one,above_one,293,False,14
lp882_clifford_joint,case_03.npz,148,both_success,True,True,True,True,424.9193238467078,420.64776501749543,-4.271558829212381,-0.14416618780148838,-4.127392641410893,submission_joint_advantage,106,35,-0.07188275352562831,-0.4734322058784308,within_one,within_one,281,True,0
lp882_clifford_joint,case_03.npz,149,submission_only,False,True,True,True,479.2446908725068,446.2764733766518,-32.968217495855015,-25.666839376747134,-7.301378119107881,submission_joint_advantage,119,45,1.6433581150202463,0.848522424325724,above_one,within_one,292,False,0
lp882_clifford_joint,case_03.npz,150,submission_only,False,True,True,True,508.27604666687927,441.65523282803366,-66.6208138388456,-111.26689132206269,44.646077483217084,submission_joint_advantage,116,42,1.128785854456484,0.5434559712016882,above_one,within_one,278,False,0
lp882_clifford_joint,case_03.npz,151,both_success,True,True,True,True,426.76130057327373,425.860252670856,-0.9010479024177016,-0.5632598802603752,-0.3377880221573264,submission_joint_advantage,115,40,0.785737680747309,0.44176715349367635,within_one,within_one,295,True,0
lp882_clifford_joint,case_03.npz,152,submission_only,False,True,True,True,457.53450632055706,432.20531362284805,-25.329192697709004,-32.324042905761075,6.994850208052071,submission_joint_advantage,115,31,-0.7579791009439781,0.44176715349367635,within_one,within_one,292,False,0
lp882_clifford_joint,case_03.npz,153,both_success,True,True,True,True,424.6838661196491,424.6838661196491,0.0,0.0,0.0,joint_tie,109,41,0.9572617676018964,-0.1683657527543951,within_one,within_one,296,True,0
lp882_clifford_joint,case_03.npz,154,both_success,True,True,True,True,433.46283501747905,433.46283501747905,0.0,0.0,0.0,joint_tie,115,37,0.2711654201835466,0.44176715349367635,within_one,within_one,272,True,0
lp882_clifford_joint,case_03.npz,155,both_fail,False,False,True,True,537.4401733024757,498.90471095712695,-38.535462345348776,-33.70553508529224,-4.829927260056536,submission_joint_advantage,140,38,0.4426895070381341,2.983987596193974,within_one,above_one,326,False,13
lp882_clifford_joint,case_03.npz,156,both_success,True,True,True,True,420.9785276927032,411.1727711590996,-9.805756533603585,-8.147847604099525,-1.6579089295040603,submission_joint_advantage,106,33,-0.41493092723480324,-0.4734322058784308,within_one,within_one,279,True,0
lp882_clifford_joint,case_03.npz,157,both_success,True,True,True,True,381.5211671561848,381.5211671561848,0.0,0.0,0.0,joint_tie,98,34,-0.24340684038021576,-1.2869427475425261,within_one,below_minus_one,272,True,0
lp882_clifford_joint,case_03.npz,158,both_fail,False,False,True,True,465.3869275994955,440.4563161777503,-24.930611421745198,-10.282414722799444,-14.648196698945753,submission_joint_advantage,117,33,-0.41493092723480324,0.6451447889097002,within_one,within_one,264,False,9
lp882_clifford_joint,case_03.npz,159,submission_only,False,True,True,True,487.7872993882187,439.0480184623268,-48.739280925891876,-43.965315274271006,-4.77396565162087,submission_joint_advantage,116,40,0.785737680747309,0.5434559712016882,within_one,within_one,294,False,0
lp882_clifford_joint,case_03.npz,160,submission_only,False,True,True,True,502.04783300950214,455.32966307538777,-46.71816993411437,-31.520041498623527,-15.198128435490844,submission_joint_advantage,120,40,0.785737680747309,0.9502112420337359,within_one,within_one,302,False,0
lp882_clifford_joint,case_03.npz,161,both_fail,False,False,True,True,550.3715514882228,505.4713944443823,-44.90015704384052,-60.715388545906535,15.815231502066013,submission_joint_advantage,135,39,0.6142135938927216,2.4755435076539145,within_one,above_one,308,False,11
lp882_clifford_joint,case_03.npz,162,submission_only,False,True,True,True,462.6023248339418,406.15731557276763,-56.445009261174164,-61.60273954120021,5.157730280026044,submission_joint_advantage,112,30,-0.9295031877985657,0.1367007003696406,within_one,within_one,260,False,0
lp882_clifford_joint,case_03.npz,163,both_success,True,True,True,True,422.4327232631081,417.2980560498156,-5.13466721329246,-2.8045024600309034,-2.330164753261556,submission_joint_advantage,106,33,-0.41493092723480324,-0.4734322058784308,within_one,within_one,265,True,0
lp882_clifford_joint,case_03.npz,164,both_success,True,True,True,True,435.80885097879764,420.549103661529,-15.259747317268648,-17.378087542080095,2.1183402248114476,submission_joint_advantage,111,32,-0.5864550140893907,0.035011882661628704,within_one,within_one,267,True,0
lp882_clifford_joint,case_03.npz,165,both_success,True,True,True,True,416.3777731672611,416.3777731672611,0.0,0.0,0.0,joint_tie,107,40,0.785737680747309,-0.3717433881704189,within_one,within_one,297,True,0
lp882_clifford_joint,case_03.npz,166,both_success,True,True,True,True,440.53560956306177,436.98445476463235,-3.5511547984294225,5.171160184492862,-8.722314982922285,submission_joint_advantage,116,46,1.8148822018748338,0.5434559712016882,above_one,within_one,296,True,0
lp882_clifford_joint,case_03.npz,167,submission_only,False,True,True,True,442.1330398469752,413.3717913036471,-28.761248543328065,-28.48784704044897,-0.27340150287909637,submission_joint_advantage,111,28,-1.2725513615077406,0.035011882661628704,below_minus_one,within_one,261,False,0
lp882_clifford_joint,case_03.npz,168,submission_only,False,True,True,True,489.46852014045527,445.8841036410455,-43.58441649940977,-12.872953440768583,-30.711463058641186,submission_joint_advantage,119,45,1.6433581150202463,0.848522424325724,above_one,within_one,288,False,0
lp882_clifford_joint,case_03.npz,169,both_fail,False,False,True,True,505.75057860341224,459.38815653126534,-46.3624220721469,-44.05397224724027,-2.3084498249066314,submission_joint_advantage,118,30,-0.9295031877985657,0.746833606617712,within_one,within_one,284,False,15
lp882_clifford_joint,case_03.npz,170,both_success,True,True,True,True,461.0281917591213,439.40304098840966,-21.625150770711628,-33.59553221517615,11.970381444464522,submission_joint_advantage,118,39,0.6142135938927216,0.746833606617712,within_one,within_one,291,True,0
lp882_clifford_joint,case_03.npz,171,both_fail,False,False,True,True,491.6258079546012,469.740040784215,-21.885767170386202,-6.0423923907762855,-15.843374779609917,submission_joint_advantage,123,42,1.128785854456484,1.2552776951577715,above_one,above_one,315,False,13
lp882_clifford_joint,case_03.npz,172,both_success,True,True,True,True,398.25611055700733,397.807010783554,-0.44909977345332663,-1.0135347950082405,0.5644350215549139,submission_joint_advantage,105,31,-0.7579791009439781,-0.5751210235864428,within_one,within_one,256,True,0
lp882_clifford_joint,case_03.npz,173,both_success,True,True,True,True,457.332245444992,448.55009454304025,-8.782150901951752,-6.7889499505436675,-1.9932009514080846,submission_joint_advantage,118,47,1.9864062887294212,0.746833606617712,above_one,within_one,297,True,0
lp882_clifford_joint,case_03.npz,174,both_fail,False,False,True,True,561.6612490853397,507.6399762390555,-54.021272846284205,-43.944264263711716,-10.077008582572489,submission_joint_advantage,134,47,1.9864062887294212,2.3738546899459028,above_one,above_one,331,False,10
lp882_clifford_joint,case_03.npz,175,submission_only,False,True,True,True,485.76079623229305,433.3400393760769,-52.420756856216144,-68.29748445670486,15.87672760048872,submission_joint_advantage,119,38,0.4426895070381341,0.848522424325724,within_one,within_one,281,False,0
lp882_clifford_joint,case_03.npz,176,both_success,True,True,True,True,410.32173741790314,410.32173741790314,0.0,0.0,0.0,joint_tie,104,45,1.6433581150202463,-0.6768098412944547,above_one,within_one,295,True,0
lp882_clifford_joint,case_03.npz,177,both_fail,False,False,True,True,522.0662468997655,474.3951594792265,-47.67108742053898,-18.734418070358174,-28.936669350180807,submission_joint_advantage,124,32,-0.5864550140893907,1.3569665128657835,within_one,above_one,300,False,17
lp882_clifford_joint,case_03.npz,178,both_success,True,True,True,True,403.1353584589266,394.76397317898045,-8.37138527994614,-12.606454702962765,4.2350694230166255,submission_joint_advantage,99,35,-0.07188275352562831,-1.1852539298345142,within_one,below_minus_one,286,True,0
lp882_clifford_joint,case_03.npz,179,reference_only,True,False,True,True,447.572480918231,447.7701721439904,0.19769122575939946,-1.6535699986698091,1.8512612244292086,reference_joint_advantage_only,120,38,0.4426895070381341,0.9502112420337359,within_one,within_one,308,False,15
lp882_clifford_joint,case_03.npz,180,both_fail,False,False,True,True,484.76201277638586,448.10377401369334,-36.65823876269252,-37.67692275246827,1.0186839897757523,submission_joint_advantage,115,38,0.4426895070381341,0.44176715349367635,within_one,within_one,293,False,13
lp882_clifford_joint,case_03.npz,181,submission_only,False,True,True,True,506.4507833667539,445.7677558563298,-60.6830275104241,-76.73556459835345,16.052537087929352,submission_joint_advantage,124,41,0.9572617676018964,1.3569665128657835,within_one,above_one,283,False,0
lp882_clifford_joint,case_03.npz,182,both_success,True,True,True,True,407.1096251296118,407.02415902415225,-0.08546610545954536,-7.326159803685982,7.240693698226437,submission_joint_advantage,99,33,-0.41493092723480324,-1.1852539298345142,within_one,below_minus_one,272,True,0
lp882_clifford_joint,case_03.npz,183,both_success,True,True,True,True,410.45491007976824,402.4755331741407,-7.979376905627532,-1.981836127567135,-5.997540778060397,submission_joint_advantage,102,33,-0.41493092723480324,-0.8801874767104785,within_one,within_one,251,True,0
lp882_clifford_joint,case_03.npz,184,both_success,True,True,True,True,409.5031725784898,408.87373125566796,-0.6294413228218332,0.25785346160165545,-0.8872947844234886,submission_joint_advantage,110,31,-0.7579791009439781,-0.06667693504638321,within_one,within_one,261,True,0
lp882_clifford_joint,case_03.npz,185,both_success,True,True,True,True,418.8210368364329,415.02430227213785,-3.7967345642950363,-2.2150182347128293,-1.581716329582207,submission_joint_advantage,105,35,-0.07188275352562831,-0.5751210235864428,within_one,within_one,270,True,0
lp882_clifford_joint,case_03.npz,186,both_fail,False,False,True,True,478.7712600572021,450.25975389389583,-28.51150616330625,-43.270496952253666,14.758990788947415,submission_joint_advantage,115,37,0.2711654201835466,0.44176715349367635,within_one,within_one,298,False,11
lp882_clifford_joint,case_03.npz,187,both_success,True,True,True,True,391.13873133285466,391.13873133285466,0.0,0.0,0.0,joint_tie,103,33,-0.41493092723480324,-0.7784986590024666,within_one,within_one,258,True,0
lp882_clifford_joint,case_03.npz,188,both_fail,False,False,True,True,442.67747137160023,426.32687185138656,-16.350599520213677,-40.53569739360728,24.1850978733936,submission_joint_advantage,123,29,-1.101027274653153,1.2552776951577715,below_minus_one,above_one,264,True,13
lp882_clifford_joint,case_03.npz,189,both_fail,False,False,True,True,464.65816854632294,420.1101999936467,-44.54796855267625,-46.410704860420765,1.8627363077445125,submission_joint_advantage,106,30,-0.9295031877985657,-0.4734322058784308,within_one,within_one,258,False,12
lp882_clifford_joint,case_03.npz,190,both_success,True,True,True,True,434.582239833211,424.87238934315883,-9.70985049005219,-0.978894371542367,-8.730956118509823,submission_joint_advantage,114,38,0.4426895070381341,0.34007833578566443,within_one,within_one,280,True,0
lp882_clifford_joint,case_03.npz,191,submission_only,False,True,True,True,520.2057913183559,452.10922852094905,-68.09656279740682,-65.6411301755295,-2.4554326218773213,submission_joint_advantage,126,44,1.4718340281656588,1.5603441482818075,above_one,above_one,292,False,0
lp882_clifford_joint,case_03.npz,192,both_success,True,True,True,True,411.14135049967535,411.0063332909108,-0.13501720876456602,1.984590309274779,-2.119607518039345,submission_joint_advantage,106,36,0.09964133332895915,-0.4734322058784308,within_one,within_one,282,True,0
lp882_clifford_joint,case_03.npz,193,both_success,True,True,True,True,372.2674068988937,372.21586653099257,-0.051540367901111495,2.5805121768298704,-2.632052544730982,submission_joint_advantage,93,37,0.2711654201835466,-1.7953868360825858,within_one,below_minus_one,270,True,0
lp882_clifford_joint,case_03.npz,194,both_fail,False,False,True,True,491.9565577164081,473.75876430041416,-18.197793415993942,-20.684444896971513,2.486651480977571,submission_joint_advantage,131,34,-0.24340684038021576,2.068788236821867,within_one,above_one,277,False,10
lp882_clifford_joint,case_03.npz,195,both_fail,False,False,True,True,507.5913278005289,465.05474062177564,-42.53658717875328,-37.07611718860812,-5.460469990145157,submission_joint_advantage,122,37,0.2711654201835466,1.1535888774497598,within_one,above_one,307,False,14
lp882_clifford_joint,case_03.npz,196,both_success,True,True,True,True,395.09833202419634,390.2113369894078,-4.8869950347885265,9.261437789022352,-14.148432823810879,submission_joint_advantage,104,29,-1.101027274653153,-0.6768098412944547,below_minus_one,within_one,235,True,0
lp882_clifford_joint,case_03.npz,197,both_fail,False,False,True,True,512.9920761843068,465.21102888431506,-47.78104729999177,-45.9704349740548,-1.8106123259369724,submission_joint_advantage,125,36,0.09964133332895915,1.4586553305737955,within_one,above_one,281,False,12
lp882_clifford_joint,case_03.npz,198,both_fail,False,False,True,True,464.27051501135315,440.01557175824877,-24.254943253104386,-26.651772550224905,2.3968292971205187,submission_joint_advantage,117,27,-1.444075448362328,0.6451447889097002,below_minus_one,within_one,282,False,10
lp882_clifford_joint,case_03.npz,199,submission_only,False,True,True,True,497.03209122594217,471.4730531315478,-25.559038094394396,-51.15933769554999,25.600299601155598,submission_joint_advantage,127,48,2.1579303755840087,1.6620329659898192,above_one,above_one,323,False,0
lp882_clifford_joint,case_03.npz,200,both_success,True,True,True,True,409.291172283985,408.6393329518355,-0.6518393321495068,1.4976527221325,-2.149492054282007,submission_joint_advantage,109,32,-0.5864550140893907,-0.1683657527543951,within_one,within_one,271,True,0
lp882_clifford_joint,case_03.npz,201,both_success,True,True,True,True,447.20962183429765,410.2622888793851,-36.947332954912554,-38.162677660260215,1.2153447053476611,submission_joint_advantage,108,40,0.785737680747309,-0.27005457046240705,within_one,within_one,270,True,0
lp882_clifford_joint,case_03.npz,202,both_success,True,True,True,True,415.38389429182297,415.26535914548947,-0.1185351463334996,1.7837069051500407,-1.9022420514835403,submission_joint_advantage,107,36,0.09964133332895915,-0.3717433881704189,within_one,within_one,293,True,0
lp882_clifford_joint,case_03.npz,203,both_success,True,True,True,True,420.5033988351832,420.8362692980346,0.3328704628514174,2.017205327831107,-1.6843348649796894,reference_joint_and_marginal_advantage,106,35,-0.07188275352562831,-0.4734322058784308,within_one,within_one,277,True,0
lp882_clifford_joint,case_03.npz,204,both_success,True,True,True,True,406.5964265088006,402.3663291875087,-4.2300973212919075,-2.3076855334666675,-1.92241178782524,submission_joint_advantage,106,25,-1.787123622071503,-0.4734322058784308,below_minus_one,within_one,247,True,0
lp882_clifford_joint,case_03.npz,205,both_success,True,True,True,True,422.0140514568028,406.9249797544629,-15.08907170233988,-24.000535937232712,8.911464234892833,submission_joint_advantage,112,33,-0.41493092723480324,0.1367007003696406,within_one,within_one,295,True,0
lp882_clifford_joint,case_03.npz,206,both_success,True,True,True,True,404.0539561373353,403.99854323635896,-0.0554129009763642,-6.08388269052773,6.028469789551366,submission_joint_advantage,102,38,0.4426895070381341,-0.8801874767104785,within_one,within_one,294,True,0
lp882_clifford_joint,case_03.npz,207,both_success,True,True,True,True,433.28478625265336,419.47690787014676,-13.807878382506601,-15.465102923499217,1.6572245409926154,submission_joint_advantage,110,37,0.2711654201835466,-0.06667693504638321,within_one,within_one,287,True,0
lp882_clifford_joint,case_03.npz,208,both_success,True,True,True,True,455.7452409746808,444.09462757861536,-11.650613396065467,-10.099024724724757,-1.5515886713407099,submission_joint_advantage,116,43,1.3003099413110715,0.5434559712016882,above_one,within_one,289,True,0
lp882_clifford_joint,case_03.npz,209,both_success,True,True,True,True,405.7632143543591,397.752679937336,-8.01053441702311,-0.5957118041931722,-7.414822612829937,submission_joint_advantage,100,40,0.785737680747309,-1.0835651121265024,within_one,below_minus_one,274,True,0
lp882_clifford_joint,case_03.npz,210,both_success,True,True,True,True,413.3942533055323,413.3942533055323,0.0,0.0,0.0,joint_tie,111,37,0.2711654201835466,0.035011882661628704,within_one,within_one,290,True,0
lp882_clifford_joint,case_03.npz,211,submission_only,False,True,True,True,451.43031614655786,402.8121816156445,-48.61813453091338,-68.13054332431989,19.512408793406507,submission_joint_advantage,106,30,-0.9295031877985657,-0.4734322058784308,within_one,within_one,258,False,0
lp882_clifford_joint,case_03.npz,212,submission_only,False,True,True,True,497.42667649774285,447.3639418884627,-50.06273460928014,-65.87217717811626,15.809442568836118,submission_joint_advantage,121,45,1.6433581150202463,1.0519000597417478,above_one,above_one,326,False,0
lp882_clifford_joint,case_03.npz,213,both_success,True,True,True,True,381.9808032366138,381.9808032366138,0.0,0.0,0.0,joint_tie,97,31,-0.7579791009439781,-1.388631565250538,within_one,below_minus_one,254,True,0
lp882_clifford_joint,case_03.npz,214,submission_only,False,True,True,True,469.252850775605,412.6130313809265,-56.63981939467851,-62.47028550399568,5.830466109317172,submission_joint_advantage,105,33,-0.41493092723480324,-0.5751210235864428,within_one,within_one,276,False,0
lp882_clifford_joint,case_03.npz,215,both_success,True,True,True,True,421.59533937874573,421.59533937874573,0.0,0.0,0.0,joint_tie,107,42,1.128785854456484,-0.3717433881704189,above_one,within_one,285,True,0
lp882_clifford_joint,case_03.npz,216,submission_only,False,True,True,True,432.6742104743634,373.47845636926365,-59.19575410509975,-72.49752731533505,13.301773210235297,submission_joint_advantage,96,26,-1.6155995352169155,-1.4903203829585498,below_minus_one,below_minus_one,240,False,0
lp882_clifford_joint,case_03.npz,217,both_fail,False,False,True,True,482.7442519373183,453.11060962054614,-29.633642316772182,-61.05785180533303,31.424209488560848,submission_joint_advantage,130,37,0.2711654201835466,1.967099419113855,within_one,above_one,287,False,14
lp882_clifford_joint,case_03.npz,218,both_success,True,True,True,True,394.52853424008765,353.1073413259867,-41.42119291410097,-34.50775109694683,-6.913441817154137,submission_joint_advantage,87,34,-0.24340684038021576,-2.4055197423306574,within_one,below_minus_one,247,True,0
lp882_clifford_joint,case_03.npz,219,both_fail,False,False,True,True,481.55027160142953,463.62993520249256,-17.920336398936968,-27.083149130553124,9.162812731616157,submission_joint_advantage,121,41,0.9572617676018964,1.0519000597417478,within_one,above_one,314,True,10
lp882_clifford_joint,case_03.npz,220,both_success,True,True,True,True,398.7909183855252,398.7909183855252,0.0,0.0,0.0,joint_tie,101,38,0.4426895070381341,-0.9818762944184904,within_one,within_one,279,True,0
lp882_clifford_joint,case_03.npz,221,both_success,True,True,True,True,427.5481243345375,415.14053038525697,-12.40759394928051,-4.956312076640529,-7.451281872639981,submission_joint_advantage,109,33,-0.41493092723480324,-0.1683657527543951,within_one,within_one,248,True,0
lp882_clifford_joint,case_03.npz,222,both_success,True,True,True,True,391.114460886943,391.114460886943,0.0,0.0,0.0,joint_tie,100,29,-1.101027274653153,-1.0835651121265024,below_minus_one,below_minus_one,269,True,0
lp882_clifford_joint,case_03.npz,223,both_success,True,True,True,True,429.43198220749855,408.0288881294661,-21.40309407803244,-11.319124842386202,-10.083969235646236,submission_joint_advantage,106,41,0.9572617676018964,-0.4734322058784308,within_one,within_one,299,True,0
lp882_clifford_joint,case_03.npz,224,both_success,True,True,True,True,446.9595728153955,445.6652011260836,-1.2943716893119017,-8.272091180351254,6.977719491039352,submission_joint_advantage,122,45,1.6433581150202463,1.1535888774497598,above_one,above_one,307,True,0
lp882_clifford_joint,case_03.npz,225,both_success,True,True,True,True,463.19532065467354,448.02591418370974,-15.169406470963793,-17.290117666075048,2.120711195111255,submission_joint_advantage,120,42,1.128785854456484,0.9502112420337359,above_one,within_one,310,True,0
lp882_clifford_joint,case_03.npz,226,submission_only,False,True,True,True,496.7548112775061,438.7072846063642,-58.047526671141895,-66.49391867895451,8.44639200781262,submission_joint_advantage,113,39,0.6142135938927216,0.23838951807765252,within_one,within_one,272,False,0
lp882_clifford_joint,case_03.npz,227,submission_only,False,True,True,True,494.22605772505574,434.0254668102989,-60.200590914756845,-68.01060497230344,7.810014057546596,submission_joint_advantage,117,42,1.128785854456484,0.6451447889097002,above_one,within_one,283,False,0
lp882_clifford_joint,case_03.npz,228,both_fail,False,False,True,True,540.8216728495336,493.61149042812315,-47.21018242141042,-53.16549089704699,5.955308475636571,submission_joint_advantage,136,45,1.6433581150202463,2.5772323253619263,above_one,above_one,311,False,14
lp882_clifford_joint,case_03.npz,229,both_fail,False,False,True,True,499.9955700162833,460.20571616903624,-39.78985384724706,-33.33729230229494,-6.452561544952118,submission_joint_advantage,120,34,-0.24340684038021576,0.9502112420337359,within_one,within_one,300,False,13
lp882_clifford_joint,case_03.npz,230,both_success,True,True,True,True,437.12570051761634,428.9207602100718,-8.204940307544518,-8.248621553496605,0.043681245952086556,submission_joint_advantage,112,43,1.3003099413110715,0.1367007003696406,above_one,within_one,277,True,0
lp882_clifford_joint,case_03.npz,231,submission_only,False,True,True,True,454.91767482932426,398.0220746063852,-56.89560022293904,-47.92685313454757,-8.968747088391467,submission_joint_advantage,108,27,-1.444075448362328,-0.27005457046240705,below_minus_one,within_one,259,False,0
lp882_clifford_joint,case_03.npz,232,both_success,True,True,True,True,412.94166035766443,400.32675546168093,-12.6149048959835,-8.841063491376303,-3.7738414046071966,submission_joint_advantage,101,34,-0.24340684038021576,-0.9818762944184904,within_one,within_one,275,True,0
lp882_clifford_joint,case_03.npz,233,both_fail,False,False,True,True,493.1611885299483,468.35951246240927,-24.801676067539006,-21.43388456741161,-3.367791500127396,submission_joint_advantage,122,40,0.785737680747309,1.1535888774497598,within_one,above_one,284,False,10
lp882_clifford_joint,case_03.npz,234,both_success,True,True,True,True,377.4667235940177,377.4667235940177,0.0,0.0,0.0,joint_tie,96,27,-1.444075448362328,-1.4903203829585498,below_minus_one,below_minus_one,253,True,0
lp882_clifford_joint,case_03.npz,235,both_success,True,True,True,True,423.64118857993196,414.7072784998926,-8.933910080039368,-7.873181127661724,-1.0607289523776444,submission_joint_advantage,110,40,0.785737680747309,-0.06667693504638321,within_one,within_one,296,True,0
lp882_clifford_joint,case_03.npz,236,both_success,True,True,True,True,437.5168328159767,429.40347374617284,-8.113359069803892,-3.777551316128779,-4.3358077536751125,submission_joint_advantage,111,45,1.6433581150202463,0.035011882661628704,above_one,within_one,286,True,0
lp882_clifford_joint,case_03.npz,237,both_fail,False,False,True,True,488.5214062579963,482.75721273283784,-5.7641935251584755,-8.279562584016503,2.5153690588580275,submission_joint_advantage,122,37,0.2711654201835466,1.1535888774497598,within_one,above_one,297,True,14
lp882_clifford_joint,case_03.npz,238,both_fail,False,False,True,True,488.10729812586806,460.28640793796103,-27.820890187907025,-49.91714902269746,22.096258834790433,submission_joint_advantage,119,33,-0.41493092723480324,0.848522424325724,within_one,within_one,300,False,16
lp882_clifford_joint,case_03.npz,239,both_success,True,True,True,True,457.82265762454756,433.90026340570273,-23.92239421884483,-29.627301219341916,5.704907000497087,submission_joint_advantage,118,41,0.9572617676018964,0.746833606617712,within_one,within_one,277,True,0
lp882_clifford_joint,case_03.npz,240,both_fail,False,False,True,True,471.7573713848174,434.2726654777364,-37.484705907081036,-31.868143832189446,-5.61656207489159,submission_joint_advantage,120,28,-1.2725513615077406,0.9502112420337359,below_minus_one,within_one,248,False,10
lp882_clifford_joint,case_03.npz,241,submission_only,False,True,True,True,445.1313368351371,410.5823053875331,-34.54903144760402,-34.804413435961635,0.2553819883576125,submission_joint_advantage,108,24,-1.9586477089260903,-0.27005457046240705,below_minus_one,within_one,246,False,0
lp882_clifford_joint,case_03.npz,242,both_success,True,True,True,True,384.11489285506934,383.8417561834477,-0.27313667162161437,-7.089435956189789,6.816299284568174,submission_joint_advantage,99,28,-1.2725513615077406,-1.1852539298345142,below_minus_one,below_minus_one,241,True,0
lp882_clifford_joint,case_03.npz,243,both_success,True,True,True,True,431.02565331492815,429.8930462832904,-1.1326070316377468,0.7299504491416542,-1.862557480779401,submission_joint_advantage,113,34,-0.24340684038021576,0.23838951807765252,within_one,within_one,289,True,0
lp882_clifford_joint,case_03.npz,244,both_success,True,True,True,True,401.16185598737206,397.38834445240514,-3.7735115349669286,-0.37771343186523154,-3.395798103101697,submission_joint_advantage,101,38,0.4426895070381341,-0.9818762944184904,within_one,within_one,279,True,0
lp882_clifford_joint,case_03.npz,245,submission_only,False,True,True,True,500.2368116254122,441.3151232325382,-58.92168839287399,-44.847057217275506,-14.074631175598483,submission_joint_advantage,118,33,-0.41493092723480324,0.746833606617712,within_one,within_one,271,False,0
lp882_clifford_joint,case_03.npz,246,submission_only,False,True,True,True,463.7185560671038,425.89282158138474,-37.82573448571907,-39.38202814593404,1.5562936602149762,submission_joint_advantage,109,33,-0.41493092723480324,-0.1683657527543951,within_one,within_one,280,False,0
lp882_clifford_joint,case_03.npz,247,both_fail,False,False,True,True,486.2665670379202,449.96131227536216,-36.305254762558036,-41.61950808872746,5.314253326169421,submission_joint_advantage,127,36,0.09964133332895915,1.6620329659898192,within_one,above_one,267,False,11
lp882_clifford_joint,case_03.npz,248,submission_only,False,True,True,True,470.21416096833605,419.90685295891114,-50.3073080094249,-59.474538925210766,9.167230915785865,submission_joint_advantage,110,28,-1.2725513615077406,-0.06667693504638321,below_minus_one,within_one,254,False,0
lp882_clifford_joint,case_03.npz,249,both_fail,False,False,True,True,494.92140596459666,462.5826734265675,-32.33873253802915,-34.98975141042456,2.6510188723954116,submission_joint_advantage,124,43,1.3003099413110715,1.3569665128657835,above_one,above_one,269,False,11
lp882_clifford_joint,case_03.npz,250,submission_only,False,True,True,True,512.0354992837281,472.32160958375687,-39.71388969997122,-45.457560817327476,5.743671117356257,submission_joint_advantage,128,36,0.09964133332895915,1.7637217836978312,within_one,above_one,278,False,0
lp882_clifford_joint,case_03.npz,251,both_success,True,True,True,True,379.6315044704662,379.6315044704662,0.0,0.0,0.0,joint_tie,93,32,-0.5864550140893907,-1.7953868360825858,within_one,below_minus_one,265,True,0
lp882_clifford_joint,case_03.npz,252,both_success,True,True,True,True,422.86418262047596,404.4800148189342,-18.384167801541764,-25.6569730162455,7.272805214703737,submission_joint_advantage,108,27,-1.444075448362328,-0.27005457046240705,below_minus_one,within_one,255,True,0
lp882_clifford_joint,case_03.npz,253,both_success,True,True,True,True,457.1412416375169,427.1046074515457,-30.036634185971195,-39.3563642055459,9.319730019574706,submission_joint_advantage,113,32,-0.5864550140893907,0.23838951807765252,within_one,within_one,283,True,0
lp882_clifford_joint,case_03.npz,254,both_success,True,True,True,True,471.359163881254,457.25472613879646,-14.104437742457549,-20.080799984428836,5.976362241971287,submission_joint_advantage,123,37,0.2711654201835466,1.2552776951577715,within_one,above_one,302,True,0
lp882_clifford_joint,case_03.npz,255,submission_only,False,True,True,True,461.22531162675216,400.23362253482946,-60.991689091922694,-72.16018282383436,11.168493731911667,submission_joint_advantage,100,39,0.6142135938927216,-1.0835651121265024,within_one,below_minus_one,269,False,0
