0.000000000000000000e+00 9.817477042468103487e-02 0.000000000000000000e+00 5.424000000000000000e+03 -1.557852668218691512e-03 5.387869841516110814e-01
0.000000000000000000e+00 9.817477042468103487e-02 1.000000000000000000e+00 5.600000000000000000e+03 -1.571085717439288593e-03 5.356892214967351462e-01
0.000000000000000000e+00 9.817477042468103487e-02 2.000000000000000000e+00 5.392000000000000000e+03 -1.582756462681592091e-03 5.356349887700972978e-01
0.000000000000000000e+00 9.817477042468103487e-02 3.000000000000000000e+00 5.616000000000000000e+03 -1.695957913615669119e-03 5.337805049116592926e-01
0.000000000000000000e+00 9.817477042468103487e-02 4.000000000000000000e+00 5.536000000000000000e+03 -1.741599504590094459e-03 5.381368679265506882e-01
0.000000000000000000e+00 9.817477042468103487e-02 5.000000000000000000e+00 5.392000000000000000e+03 -1.938654905899721064e-03 5.375454789353980578e-01
0.000000000000000000e+00 9.817477042468103487e-02 6.000000000000000000e+00 5.136000000000000000e+03 -1.775065023101225726e-03 5.384095177954989486e-01
0.000000000000000000e+00 9.817477042468103487e-02 7.000000000000000000e+00 5.152000000000000000e+03 -1.633777552444784032e-03 5.386441716553319603e-01
0.000000000000000000e+00 9.817477042468103487e-02 8.000000000000000000e+00 4.608000000000000000e+03 -1.685965499478751968e-03 5.411961230624545705e-01
0.000000000000000000e+00 9.817477042468103487e-02 9.000000000000000000e+00 4.304000000000000000e+03 -1.631178710393008146e-03 5.389447683029099379e-01
0.000000000000000000e+00 9.817477042468103487e-02 1.000000000000000000e+01 4.256000000000000000e+03 -1.849959418863245065e-03 5.433343062230192588e-01
0.000000000000000000e+00 9.817477042468103487e-02 1.100000000000000000e+01 4.176000000000000000e+03 -1.763479664201742523e-03 5.421704093951356107e-01
0.000000000000000000e+00 9.817477042468103487e-02 1.200000000000000000e+01 4.416000000000000000e+03 -1.582260598576944568e-03 5.402610578361431992e-01
0.000000000000000000e+00 9.817477042468103487e-02 1.300000000000000000e+01 4.480000000000000000e+03 -1.761385029252170208e-03 5.391096583953024490e-01
0.000000000000000000e+00 9.817477042468103487e-02 1.400000000000000000e+01 4.736000000000000000e+03 -1.867773732624766064e-03 5.399651764925774700e-01
0.000000000000000000e+00 9.817477042468103487e-02 1.500000000000000000e+01 4.800000000000000000e+03 -1.522809597249375792e-03 5.370791296584415120e-01
0.000000000000000000e+00 9.817477042468103487e-02 1.600000000000000000e+01 4.880000000000000000e+03 -1.562236338193026585e-03 5.423757247192501074e-01
0.000000000000000000e+00 9.817477042468103487e-02 1.700000000000000000e+01 5.200000000000000000e+03 -1.857496110680385793e-03 5.413243252539099437e-01
0.000000000000000000e+00 9.817477042468103487e-02 1.800000000000000000e+01 5.200000000000000000e+03 -1.786458455063346263e-03 5.402913091933640999e-01
0.000000000000000000e+00 9.817477042468103487e-02 1.900000000000000000e+01 5.088000000000000000e+03 -1.669841714696603365e-03 5.368421803917954316e-01
0.000000000000000000e+00 9.817477042468103487e-02 2.000000000000000000e+01 5.312000000000000000e+03 -1.629185995677430486e-03 5.416611824097393724e-01
0.000000000000000000e+00 9.817477042468103487e-02 2.100000000000000000e+01 5.504000000000000000e+03 -1.293110186857888847e-03 5.417321255810942926e-01
0.000000000000000000e+00 9.817477042468103487e-02 2.200000000000000000e+01 5.168000000000000000e+03 -1.747848944789878473e-03 5.365389433498045646e-01
0.000000000000000000e+00 9.817477042468103487e-02 2.300000000000000000e+01 5.088000000000000000e+03 -1.619434608181859799e-03 5.416694246857785000e-01
0.000000000000000000e+00 9.817477042468103487e-02 2.400000000000000000e+01 5.232000000000000000e+03 -1.659726244481798127e-03 5.403515601914087307e-01
0.000000000000000000e+00 9.817477042468103487e-02 2.500000000000000000e+01 4.976000000000000000e+03 -1.918701801181555647e-03 5.377113752165001426e-01
0.000000000000000000e+00 9.817477042468103487e-02 2.600000000000000000e+01 4.656000000000000000e+03 -1.813300957970329476e-03 5.371890879336953528e-01
0.000000000000000000e+00 9.817477042468103487e-02 2.700000000000000000e+01 5.424000000000000000e+03 -1.562945272548250724e-03 5.372971669530308692e-01
0.000000000000000000e+00 9.817477042468103487e-02 2.800000000000000000e+01 5.072000000000000000e+03 -1.488954525268588840e-03 5.350201598908237433e-01
0.000000000000000000e+00 9.817477042468103487e-02 2.900000000000000000e+01 5.504000000000000000e+03 -1.721729967669750287e-03 5.407610902390285190e-01
0.000000000000000000e+00 9.817477042468103487e-02 3.000000000000000000e+01 5.584000000000000000e+03 -1.491189083793079432e-03 5.389556409881002264e-01
0.000000000000000000e+00 9.817477042468103487e-02 3.100000000000000000e+01 5.440000000000000000e+03 -1.725025044463282054e-03 5.380018019006203023e-01
0.000000000000000000e+00 9.817477042468103487e-02 3.200000000000000000e+01 5.392000000000000000e+03 -1.708185617522602149e-03 5.381145377772250660e-01
0.000000000000000000e+00 9.817477042468103487e-02 3.300000000000000000e+01 5.568000000000000000e+03 -1.770817999633025278e-03 5.340310815034028380e-01
0.000000000000000000e+00 9.817477042468103487e-02 3.400000000000000000e+01 5.488000000000000000e+03 -1.722665841882082887e-03 5.412613410162485650e-01
0.000000000000000000e+00 9.817477042468103487e-02 3.500000000000000000e+01 5.488000000000000000e+03 -1.862496348237082560e-03 5.390196648656216949e-01
0.000000000000000000e+00 9.817477042468103487e-02 3.600000000000000000e+01 5.536000000000000000e+03 -1.540509768347580240e-03 5.386389473247236159e-01
0.000000000000000000e+00 9.817477042468103487e-02 3.700000000000000000e+01 5.312000000000000000e+03 -1.581748659504453010e-03 5.389714291118127276e-01
0.000000000000000000e+00 9.817477042468103487e-02 3.800000000000000000e+01 5.344000000000000000e+03 -1.628400260966661591e-03 5.415763040277522533e-01
0.000000000000000000e+00 9.817477042468103487e-02 3.900000000000000000e+01 5.328000000000000000e+03 -1.659682243518258941e-03 5.398624135562284376e-01
0.000000000000000000e+00 9.817477042468103487e-02 4.000000000000000000e+01 5.456000000000000000e+03 -1.724015013326984013e-03 5.403412331610206731e-01
0.000000000000000000e+00 9.817477042468103487e-02 4.100000000000000000e+01 5.168000000000000000e+03 -1.748764024474011016e-03 5.402569116240700797e-01
0.000000000000000000e+00 9.817477042468103487e-02 4.200000000000000000e+01 4.336000000000000000e+03 -1.439812077253455752e-03 5.386764671322189502e-01
0.000000000000000000e+00 9.817477042468103487e-02 4.300000000000000000e+01 4.688000000000000000e+03 -1.640125883877494939e-03 5.373222107538300207e-01
0.000000000000000000e+00 9.817477042468103487e-02 4.400000000000000000e+01 5.040000000000000000e+03 -1.646175904200094511e-03 5.379740280037197397e-01
0.000000000000000000e+00 9.817477042468103487e-02 4.500000000000000000e+01 4.912000000000000000e+03 -1.755865126065985025e-03 5.397668246244499146e-01
0.000000000000000000e+00 9.817477042468103487e-02 4.600000000000000000e+01 4.816000000000000000e+03 -1.721385143220207801e-03 5.359763958112021554e-01
0.000000000000000000e+00 9.817477042468103487e-02 4.700000000000000000e+01 4.096000000000000000e+03 -1.673283326220302526e-03 5.430684075835472413e-01
0.000000000000000000e+00 9.817477042468103487e-02 4.800000000000000000e+01 4.544000000000000000e+03 -1.775151770156716382e-03 5.399099717067860071e-01
0.000000000000000000e+00 9.817477042468103487e-02 4.900000000000000000e+01 4.736000000000000000e+03 -1.418911247728889616e-03 5.404897243907976767e-01
0.000000000000000000e+00 9.817477042468103487e-02 5.000000000000000000e+01 4.688000000000000000e+03 -1.900977277234235227e-03 5.382576814169273138e-01
0.000000000000000000e+00 9.817477042468103487e-02 5.100000000000000000e+01 4.480000000000000000e+03 -1.667397314624552472e-03 5.403975647719061470e-01
0.000000000000000000e+00 9.817477042468103487e-02 5.200000000000000000e+01 4.992000000000000000e+03 -1.935216874780305504e-03 5.408590264595324326e-01
0.000000000000000000e+00 9.817477042468103487e-02 5.300000000000000000e+01 5.328000000000000000e+03 -1.607569240078987171e-03 5.412397138427901266e-01
0.000000000000000000e+00 9.817477042468103487e-02 5.400000000000000000e+01 5.472000000000000000e+03 -1.772948072269581697e-03 5.419920428589025674e-01
0.000000000000000000e+00 9.817477042468103487e-02 5.500000000000000000e+01 5.552000000000000000e+03 -1.747704923355097991e-03 5.383905942866034078e-01
0.000000000000000000e+00 9.817477042468103487e-02 5.600000000000000000e+01 5.376000000000000000e+03 -1.627835029810700569e-03 5.361534677144423888e-01
0.000000000000000000e+00 9.817477042468103487e-02 5.700000000000000000e+01 5.440000000000000000e+03 -1.394304750328669495e-03 5.381843322481871805e-01
0.000000000000000000e+00 9.817477042468103487e-02 5.800000000000000000e+01 5.424000000000000000e+03 -1.818178993563567946e-03 5.403756152837084770e-01
0.000000000000000000e+00 9.817477042468103487e-02 5.900000000000000000e+01 5.520000000000000000e+03 -1.551205974461751036e-03 5.357067813954138336e-01
0.000000000000000000e+00 9.817477042468103487e-02 6.000000000000000000e+01 5.520000000000000000e+03 -1.687385093502540142e-03 5.370208846571588035e-01
0.000000000000000000e+00 9.817477042468103487e-02 6.100000000000000000e+01 5.488000000000000000e+03 -1.743359612385687180e-03 5.347622941996866830e-01
0.000000000000000000e+00 9.817477042468103487e-02 6.200000000000000000e+01 5.344000000000000000e+03 -1.646234914274973980e-03 5.374963578395884900e-01
0.000000000000000000e+00 9.817477042468103487e-02 6.300000000000000000e+01 5.488000000000000000e+03 -1.667632121748190144e-03 5.380649989501748998e-01
1.000000000000000000e+00 1.963495408493620697e-01 0.000000000000000000e+00 5.808000000000000000e+03 -3.230313135471342759e-03 5.363484285624406933e-01
1.000000000000000000e+00 1.963495408493620697e-01 1.000000000000000000e+00 5.504000000000000000e+03 -3.348331740981427655e-03 5.368696939970508675e-01
1.000000000000000000e+00 1.963495408493620697e-01 2.000000000000000000e+00 4.320000000000000000e+03 -3.384883734942477091e-03 5.381661016137894160e-01
1.000000000000000000e+00 1.963495408493620697e-01 3.000000000000000000e+00 5.520000000000000000e+03 -3.386983392180009048e-03 5.382577307976250669e-01
1.000000000000000000e+00 1.963495408493620697e-01 4.000000000000000000e+00 5.648000000000000000e+03 -3.186244192042556739e-03 5.379679241923743804e-01
1.000000000000000000e+00 1.963495408493620697e-01 5.000000000000000000e+00 5.472000000000000000e+03 -3.477731087071604665e-03 5.412253980991367230e-01
1.000000000000000000e+00 1.963495408493620697e-01 6.000000000000000000e+00 4.688000000000000000e+03 -3.596743218121753634e-03 5.383350690310726439e-01
1.000000000000000000e+00 1.963495408493620697e-01 7.000000000000000000e+00 4.736000000000000000e+03 -3.129908619337004681e-03 5.379111605906061744e-01
1.000000000000000000e+00 1.963495408493620697e-01 8.000000000000000000e+00 4.784000000000000000e+03 -3.622744349702517169e-03 5.382643286508081992e-01
1.000000000000000000e+00 1.963495408493620697e-01 9.000000000000000000e+00 4.720000000000000000e+03 -3.344427304060489537e-03 5.401422283113765932e-01
1.000000000000000000e+00 1.963495408493620697e-01 1.000000000000000000e+01 5.216000000000000000e+03 -3.528882861547213458e-03 5.398498685929209451e-01
1.000000000000000000e+00 1.963495408493620697e-01 1.100000000000000000e+01 5.104000000000000000e+03 -3.390592866532827696e-03 5.423440940739525651e-01
1.000000000000000000e+00 1.963495408493620697e-01 1.200000000000000000e+01 4.544000000000000000e+03 -3.416071110569757468e-03 5.350448962598097769e-01
1.000000000000000000e+00 1.963495408493620697e-01 1.300000000000000000e+01 5.168000000000000000e+03 -3.430971650469195108e-03 5.406071297070386139e-01
1.000000000000000000e+00 1.963495408493620697e-01 1.400000000000000000e+01 4.832000000000000000e+03 -3.430149903020842522e-03 5.368369159515403721e-01
1.000000000000000000e+00 1.963495408493620697e-01 1.500000000000000000e+01 4.944000000000000000e+03 -3.304983199835938214e-03 5.383054337470670747e-01
1.000000000000000000e+00 1.963495408493620697e-01 1.600000000000000000e+01 5.376000000000000000e+03 -3.325858746801665326e-03 5.408717043445877559e-01
1.000000000000000000e+00 1.963495408493620697e-01 1.700000000000000000e+01 5.584000000000000000e+03 -3.526036946744895775e-03 5.386351255551430350e-01
1.000000000000000000e+00 1.963495408493620697e-01 1.800000000000000000e+01 5.520000000000000000e+03 -3.240313792739035748e-03 5.404456519980325169e-01
1.000000000000000000e+00 1.963495408493620697e-01 1.900000000000000000e+01 5.392000000000000000e+03 -3.249042734489105549e-03 5.364336181211721843e-01
1.000000000000000000e+00 1.963495408493620697e-01 2.000000000000000000e+01 5.664000000000000000e+03 -3.541514262812530799e-03 5.396302085796260695e-01
1.000000000000000000e+00 1.963495408493620697e-01 2.100000000000000000e+01 5.296000000000000000e+03 -3.412770490843702355e-03 5.405877971499116752e-01
1.000000000000000000e+00 1.963495408493620697e-01 2.200000000000000000e+01 5.088000000000000000e+03 -3.202285650315854146e-03 5.387820633733276798e-01
1.000000000000000000e+00 1.963495408493620697e-01 2.300000000000000000e+01 5.536000000000000000e+03 -3.385393709282277005e-03 5.412728900920608099e-01
1.000000000000000000e+00 1.963495408493620697e-01 2.400000000000000000e+01 5.520000000000000000e+03 -3.383490906852524779e-03 5.382142011453440178e-01
1.000000000000000000e+00 1.963495408493620697e-01 2.500000000000000000e+01 5.344000000000000000e+03 -3.510894985012416331e-03 5.388170667643543688e-01
1.000000000000000000e+00 1.963495408493620697e-01 2.600000000000000000e+01 5.376000000000000000e+03 -2.966690395512137056e-03 5.395764446919997237e-01
1.000000000000000000e+00 1.963495408493620697e-01 2.700000000000000000e+01 5.968000000000000000e+03 -3.283878001668594140e-03 5.364344915719077012e-01
1.000000000000000000e+00 1.963495408493620697e-01 2.800000000000000000e+01 5.840000000000000000e+03 -3.440372764429318591e-03 5.385577251337201332e-01
1.000000000000000000e+00 1.963495408493620697e-01 2.900000000000000000e+01 6.048000000000000000e+03 -3.341899384049877141e-03 5.376079461693700212e-01
1.000000000000000000e+00 1.963495408493620697e-01 3.000000000000000000e+01 5.888000000000000000e+03 -3.213602307654952594e-03 5.399566309177609158e-01
1.000000000000000000e+00 1.963495408493620697e-01 3.100000000000000000e+01 5.552000000000000000e+03 -3.215058574638276438e-03 5.384765340852278870e-01
1.000000000000000000e+00 1.963495408493620697e-01 3.200000000000000000e+01 5.664000000000000000e+03 -3.349376992083015394e-03 5.376901118100549937e-01
1.000000000000000000e+00 1.963495408493620697e-01 3.300000000000000000e+01 5.648000000000000000e+03 -3.380451386353023821e-03 5.389154487753465839e-01
1.000000000000000000e+00 1.963495408493620697e-01 3.400000000000000000e+01 5.664000000000000000e+03 -3.051848434358628726e-03 5.313471969241229109e-01
1.000000000000000000e+00 1.963495408493620697e-01 3.500000000000000000e+01 5.632000000000000000e+03 -3.051936630788475158e-03 5.408372689600077221e-01
1.000000000000000000e+00 1.963495408493620697e-01 3.600000000000000000e+01 5.376000000000000000e+03 -3.588379309039796405e-03 5.389606838519545029e-01
1.000000000000000000e+00 1.963495408493620697e-01 3.700000000000000000e+01 5.072000000000000000e+03 -3.259350996611471134e-03 5.396479177791591031e-01
1.000000000000000000e+00 1.963495408493620697e-01 3.800000000000000000e+01 4.032000000000000000e+03 -3.413035965489015586e-03 5.410895647199183145e-01
1.000000000000000000e+00 1.963495408493620697e-01 3.900000000000000000e+01 4.800000000000000000e+03 -3.479327719554492319e-03 5.381045869853888775e-01
1.000000000000000000e+00 1.963495408493620697e-01 4.000000000000000000e+01 4.640000000000000000e+03 -3.322414703928256927e-03 5.414926831380505456e-01
1.000000000000000000e+00 1.963495408493620697e-01 4.100000000000000000e+01 5.088000000000000000e+03 -3.185812359205428095e-03 5.371956686254666380e-01
1.000000000000000000e+00 1.963495408493620697e-01 4.200000000000000000e+01 5.264000000000000000e+03 -3.503611256864817836e-03 5.405699058920883093e-01
1.000000000000000000e+00 1.963495408493620697e-01 4.300000000000000000e+01 4.896000000000000000e+03 -3.337393464357348710e-03 5.367677705192724913e-01
1.000000000000000000e+00 1.963495408493620697e-01 4.400000000000000000e+01 4.880000000000000000e+03 -3.380751460631721550e-03 5.356686404317724248e-01
1.000000000000000000e+00 1.963495408493620697e-01 4.500000000000000000e+01 4.656000000000000000e+03 -3.471187723399124167e-03 5.409670915862694329e-01
1.000000000000000000e+00 1.963495408493620697e-01 4.600000000000000000e+01 5.040000000000000000e+03 -3.581470326815382275e-03 5.390449455614317875e-01
1.000000000000000000e+00 1.963495408493620697e-01 4.700000000000000000e+01 5.216000000000000000e+03 -3.253113939883402195e-03 5.444295413490666258e-01
1.000000000000000000e+00 1.963495408493620697e-01 4.800000000000000000e+01 5.264000000000000000e+03 -3.387992935055077030e-03 5.386332294140722121e-01
1.000000000000000000e+00 1.963495408493620697e-01 4.900000000000000000e+01 5.040000000000000000e+03 -3.372985432652655241e-03 5.417458784686496331e-01
1.000000000000000000e+00 1.963495408493620697e-01 5.000000000000000000e+01 4.880000000000000000e+03 -3.337709767746765803e-03 5.375480884049788077e-01
1.000000000000000000e+00 1.963495408493620697e-01 5.100000000000000000e+01 4.640000000000000000e+03 -3.591666388582465119e-03 5.403474547040846288e-01
1.000000000000000000e+00 1.963495408493620697e-01 5.200000000000000000e+01 5.392000000000000000e+03 -3.351128421451976275e-03 5.412679771148560803e-01
1.000000000000000000e+00 1.963495408493620697e-01 5.300000000000000000e+01 5.424000000000000000e+03 -3.321479842168721924e-03 5.349776367532140808e-01
1.000000000000000000e+00 1.963495408493620697e-01 5.400000000000000000e+01 5.424000000000000000e+03 -3.460299323548168739e-03 5.369164930532611679e-01
1.000000000000000000e+00 1.963495408493620697e-01 5.500000000000000000e+01 5.440000000000000000e+03 -3.275737211003104665e-03 5.418832569535698696e-01
1.000000000000000000e+00 1.963495408493620697e-01 5.600000000000000000e+01 5.136000000000000000e+03 -3.642380427743365217e-03 5.412678626974042340e-01
1.000000000000000000e+00 1.963495408493620697e-01 5.700000000000000000e+01 5.424000000000000000e+03 -3.311305603923593924e-03 5.331272505245711057e-01
1.000000000000000000e+00 1.963495408493620697e-01 5.800000000000000000e+01 5.408000000000000000e+03 -3.043678494556574694e-03 5.364238341992633163e-01
1.000000000000000000e+00 1.963495408493620697e-01 5.900000000000000000e+01 5.392000000000000000e+03 -3.375560112964639051e-03 5.391402778525257178e-01
1.000000000000000000e+00 1.963495408493620697e-01 6.000000000000000000e+01 5.504000000000000000e+03 -3.459032783471295124e-03 5.403167085215563326e-01
1.000000000000000000e+00 1.963495408493620697e-01 6.100000000000000000e+01 5.488000000000000000e+03 -3.414046406937668900e-03 5.407068773322615263e-01
1.000000000000000000e+00 1.963495408493620697e-01 6.200000000000000000e+01 5.520000000000000000e+03 -3.342701541431166833e-03 5.390525577889924147e-01
1.000000000000000000e+00 1.963495408493620697e-01 6.300000000000000000e+01 5.696000000000000000e+03 -3.273437773820976181e-03 5.363167077371590041e-01
2.000000000000000000e+00 2.945243112740431046e-01 0.000000000000000000e+00 5.344000000000000000e+03 -5.135479880445903769e-03 5.392764804455613126e-01
2.000000000000000000e+00 2.945243112740431046e-01 1.000000000000000000e+00 5.776000000000000000e+03 -5.074507968444000143e-03 5.361922883373771986e-01
2.000000000000000000e+00 2.945243112740431046e-01 2.000000000000000000e+00 5.744000000000000000e+03 -4.942674298418311962e-03 5.384473194051380140e-01
2.000000000000000000e+00 2.945243112740431046e-01 3.000000000000000000e+00 4.816000000000000000e+03 -5.242533863006409132e-03 5.356335791762790732e-01
2.000000000000000000e+00 2.945243112740431046e-01 4.000000000000000000e+00 4.352000000000000000e+03 -5.070988780544145175e-03 5.379234104728728427e-01
2.000000000000000000e+00 2.945243112740431046e-01 5.000000000000000000e+00 4.192000000000000000e+03 -4.517477947207076440e-03 5.399697431224120825e-01
2.000000000000000000e+00 2.945243112740431046e-01 6.000000000000000000e+00 5.488000000000000000e+03 -4.867694405451257304e-03 5.365839136336275628e-01
2.000000000000000000e+00 2.945243112740431046e-01 7.000000000000000000e+00 4.032000000000000000e+03 -4.726630694607201512e-03 5.355741677786138855e-01
2.000000000000000000e+00 2.945243112740431046e-01 8.000000000000000000e+00 4.768000000000000000e+03 -5.168421523308818454e-03 5.409232528478548074e-01
2.000000000000000000e+00 2.945243112740431046e-01 9.000000000000000000e+00 5.216000000000000000e+03 -5.116456058439040194e-03 5.344646168242443984e-01
2.000000000000000000e+00 2.945243112740431046e-01 1.000000000000000000e+01 5.520000000000000000e+03 -4.851018138324641148e-03 5.400462446314683307e-01
2.000000000000000000e+00 2.945243112740431046e-01 1.100000000000000000e+01 5.456000000000000000e+03 -5.015992232643774404e-03 5.401768347010842408e-01
2.000000000000000000e+00 2.945243112740431046e-01 1.200000000000000000e+01 5.328000000000000000e+03 -4.683616261951754380e-03 5.388732443099970570e-01
2.000000000000000000e+00 2.945243112740431046e-01 1.300000000000000000e+01 5.056000000000000000e+03 -5.106190762940048845e-03 5.396925534783162393e-01
2.000000000000000000e+00 2.945243112740431046e-01 1.400000000000000000e+01 5.152000000000000000e+03 -5.170854113366316236e-03 5.434579427154124787e-01
2.000000000000000000e+00 2.945243112740431046e-01 1.500000000000000000e+01 5.424000000000000000e+03 -4.848731656022022517e-03 5.339311749876486379e-01
2.000000000000000000e+00 2.945243112740431046e-01 1.600000000000000000e+01 5.520000000000000000e+03 -5.155325624904495002e-03 5.394636603843157019e-01
2.000000000000000000e+00 2.945243112740431046e-01 1.700000000000000000e+01 5.312000000000000000e+03 -5.053909780951555686e-03 5.399808515604532788e-01
2.000000000000000000e+00 2.945243112740431046e-01 1.800000000000000000e+01 5.312000000000000000e+03 -5.096134007334451183e-03 5.357493658239587120e-01
2.000000000000000000e+00 2.945243112740431046e-01 1.900000000000000000e+01 4.944000000000000000e+03 -5.115414780198317829e-03 5.397944159940060160e-01
2.000000000000000000e+00 2.945243112740431046e-01 2.000000000000000000e+01 5.184000000000000000e+03 -5.038250764117856856e-03 5.375248428340440032e-01
2.000000000000000000e+00 2.945243112740431046e-01 2.100000000000000000e+01 5.584000000000000000e+03 -4.600874906229815604e-03 5.346648765231780676e-01
2.000000000000000000e+00 2.945243112740431046e-01 2.200000000000000000e+01 5.680000000000000000e+03 -5.022684904937021501e-03 5.387192539479815911e-01
2.000000000000000000e+00 2.945243112740431046e-01 2.300000000000000000e+01 5.440000000000000000e+03 -5.133747091265206466e-03 5.413751336775760592e-01
2.000000000000000000e+00 2.945243112740431046e-01 2.400000000000000000e+01 5.808000000000000000e+03 -5.021154704223969832e-03 5.381124430722613594e-01
2.000000000000000000e+00 2.945243112740431046e-01 2.500000000000000000e+01 5.920000000000000000e+03 -4.985106744010018957e-03 5.408734144509026454e-01
2.000000000000000000e+00 2.945243112740431046e-01 2.600000000000000000e+01 5.872000000000000000e+03 -5.036455745760838945e-03 5.380297300122597326e-01
2.000000000000000000e+00 2.945243112740431046e-01 2.700000000000000000e+01 5.808000000000000000e+03 -5.103048540623935161e-03 5.395364939471017918e-01
2.000000000000000000e+00 2.945243112740431046e-01 2.800000000000000000e+01 6.080000000000000000e+03 -4.918890284741198049e-03 5.380797363621142582e-01
2.000000000000000000e+00 2.945243112740431046e-01 2.900000000000000000e+01 5.824000000000000000e+03 -5.114944168468173180e-03 5.392042524882436627e-01
2.000000000000000000e+00 2.945243112740431046e-01 3.000000000000000000e+01 5.968000000000000000e+03 -4.940612617073964451e-03 5.411306414675751686e-01
2.000000000000000000e+00 2.945243112740431046e-01 3.100000000000000000e+01 5.936000000000000000e+03 -5.082128297181750555e-03 5.355929926879094971e-01
2.000000000000000000e+00 2.945243112740431046e-01 3.200000000000000000e+01 5.952000000000000000e+03 -4.966596526727293931e-03 5.409052717377186292e-01
2.000000000000000000e+00 2.945243112740431046e-01 3.300000000000000000e+01 5.904000000000000000e+03 -5.025778107128713729e-03 5.391014942304035440e-01
2.000000000000000000e+00 2.945243112740431046e-01 3.400000000000000000e+01 5.728000000000000000e+03 -4.592196452284300068e-03 5.443726274496881734e-01
2.000000000000000000e+00 2.945243112740431046e-01 3.500000000000000000e+01 5.328000000000000000e+03 -5.165622452020486935e-03 5.397499794470959067e-01
2.000000000000000000e+00 2.945243112740431046e-01 3.600000000000000000e+01 5.280000000000000000e+03 -5.237572929333331878e-03 5.391338931765755627e-01
2.000000000000000000e+00 2.945243112740431046e-01 3.700000000000000000e+01 5.456000000000000000e+03 -5.019321751036411212e-03 5.404895449082369741e-01
2.000000000000000000e+00 2.945243112740431046e-01 3.800000000000000000e+01 5.824000000000000000e+03 -4.955883642861773700e-03 5.402839035964719372e-01
2.000000000000000000e+00 2.945243112740431046e-01 3.900000000000000000e+01 5.808000000000000000e+03 -4.923493458411541505e-03 5.392513673401166940e-01
2.000000000000000000e+00 2.945243112740431046e-01 4.000000000000000000e+01 5.648000000000000000e+03 -4.913854646637703938e-03 5.399627697732078957e-01
2.000000000000000000e+00 2.945243112740431046e-01 4.100000000000000000e+01 5.680000000000000000e+03 -4.813838132860990410e-03 5.373330165682509429e-01
2.000000000000000000e+00 2.945243112740431046e-01 4.200000000000000000e+01 4.832000000000000000e+03 -5.030349468392153120e-03 5.406188260917449417e-01
2.000000000000000000e+00 2.945243112740431046e-01 4.300000000000000000e+01 4.608000000000000000e+03 -4.733038761858144455e-03 5.368368094802975499e-01
2.000000000000000000e+00 2.945243112740431046e-01 4.400000000000000000e+01 4.176000000000000000e+03 -5.114451188624720770e-03 5.360739270954458791e-01
2.000000000000000000e+00 2.945243112740431046e-01 4.500000000000000000e+01 4.480000000000000000e+03 -5.094494099519431517e-03 5.337329343780400359e-01
2.000000000000000000e+00 2.945243112740431046e-01 4.600000000000000000e+01 4.720000000000000000e+03 -4.670244220978301240e-03 5.371160462416784132e-01
2.000000000000000000e+00 2.945243112740431046e-01 4.700000000000000000e+01 4.752000000000000000e+03 -5.132059301822042632e-03 5.395927889887833784e-01
2.000000000000000000e+00 2.945243112740431046e-01 4.800000000000000000e+01 4.624000000000000000e+03 -5.048257651732011679e-03 5.369949479650969471e-01
2.000000000000000000e+00 2.945243112740431046e-01 4.900000000000000000e+01 5.168000000000000000e+03 -4.995718017172637998e-03 5.421312234958914900e-01
2.000000000000000000e+00 2.945243112740431046e-01 5.000000000000000000e+01 5.168000000000000000e+03 -5.079253566095070713e-03 5.357397424966904298e-01
2.000000000000000000e+00 2.945243112740431046e-01 5.100000000000000000e+01 5.488000000000000000e+03 -4.858192136488690901e-03 5.395722428491588341e-01
2.000000000000000000e+00 2.945243112740431046e-01 5.200000000000000000e+01 5.456000000000000000e+03 -4.835307609354908172e-03 5.375482904070898460e-01
2.000000000000000000e+00 2.945243112740431046e-01 5.300000000000000000e+01 5.376000000000000000e+03 -5.153294182608627108e-03 5.377751086799411606e-01
2.000000000000000000e+00 2.945243112740431046e-01 5.400000000000000000e+01 5.200000000000000000e+03 -4.903016156627660119e-03 5.387898818257198519e-01
2.000000000000000000e+00 2.945243112740431046e-01 5.500000000000000000e+01 5.248000000000000000e+03 -5.368510067185710936e-03 5.345670001555331563e-01
2.000000000000000000e+00 2.945243112740431046e-01 5.600000000000000000e+01 5.744000000000000000e+03 -5.154994682671860430e-03 5.369318364158557344e-01
2.000000000000000000e+00 2.945243112740431046e-01 5.700000000000000000e+01 5.696000000000000000e+03 -5.014506792523071646e-03 5.384449195040628133e-01
2.000000000000000000e+00 2.945243112740431046e-01 5.800000000000000000e+01 5.264000000000000000e+03 -5.011482732521665984e-03 5.403464858410766958e-01
2.000000000000000000e+00 2.945243112740431046e-01 5.900000000000000000e+01 5.280000000000000000e+03 -5.183756450923671100e-03 5.321829730082674459e-01
2.000000000000000000e+00 2.945243112740431046e-01 6.000000000000000000e+01 5.632000000000000000e+03 -4.846383912336302106e-03 5.378937311033582525e-01
2.000000000000000000e+00 2.945243112740431046e-01 6.100000000000000000e+01 5.632000000000000000e+03 -4.943735992638330357e-03 5.400484656542500206e-01
2.000000000000000000e+00 2.945243112740431046e-01 6.200000000000000000e+01 5.712000000000000000e+03 -5.118978534776711352e-03 5.419047569404814579e-01
2.000000000000000000e+00 2.945243112740431046e-01 6.300000000000000000e+01 5.680000000000000000e+03 -4.998257343060733340e-03 5.404454354934605798e-01
3.000000000000000000e+00 3.926990816987241395e-01 0.000000000000000000e+00 5.792000000000000000e+03 -6.726170752994033511e-03 5.366432774630910396e-01
3.000000000000000000e+00 3.926990816987241395e-01 1.000000000000000000e+00 5.872000000000000000e+03 -6.679648806154053070e-03 5.389009755352980324e-01
3.000000000000000000e+00 3.926990816987241395e-01 2.000000000000000000e+00 5.888000000000000000e+03 -6.736154191666950813e-03 5.365125643486781115e-01
3.000000000000000000e+00 3.926990816987241395e-01 3.000000000000000000e+00 5.856000000000000000e+03 -6.725454003700419812e-03 5.323581506287546894e-01
3.000000000000000000e+00 3.926990816987241395e-01 4.000000000000000000e+00 5.472000000000000000e+03 -6.570300947421680443e-03 5.373471282045193531e-01
3.000000000000000000e+00 3.926990816987241395e-01 5.000000000000000000e+00 5.632000000000000000e+03 -6.510219691539267071e-03 5.361064892431864903e-01
3.000000000000000000e+00 3.926990816987241395e-01 6.000000000000000000e+00 5.296000000000000000e+03 -6.480559197144859784e-03 5.385801306259029309e-01
3.000000000000000000e+00 3.926990816987241395e-01 7.000000000000000000e+00 5.040000000000000000e+03 -6.585609168084482178e-03 5.396618357414600942e-01
3.000000000000000000e+00 3.926990816987241395e-01 8.000000000000000000e+00 5.056000000000000000e+03 -6.593019048056013472e-03 5.404842418200438425e-01
3.000000000000000000e+00 3.926990816987241395e-01 9.000000000000000000e+00 4.976000000000000000e+03 -6.336597303381110401e-03 5.329037571249187755e-01
3.000000000000000000e+00 3.926990816987241395e-01 1.000000000000000000e+01 3.904000000000000000e+03 -6.580854068465791760e-03 5.392128873680500645e-01
3.000000000000000000e+00 3.926990816987241395e-01 1.100000000000000000e+01 4.096000000000000000e+03 -6.636813714487474480e-03 5.364285079098917164e-01
3.000000000000000000e+00 3.926990816987241395e-01 1.200000000000000000e+01 2.800000000000000000e+03 -6.788304528983221155e-03 5.396320033597830079e-01
3.000000000000000000e+00 3.926990816987241395e-01 1.300000000000000000e+01 4.800000000000000000e+03 -6.355786887952876579e-03 5.375878328912954141e-01
3.000000000000000000e+00 3.926990816987241395e-01 1.400000000000000000e+01 5.248000000000000000e+03 -6.598818701025284915e-03 5.362650000981608045e-01
3.000000000000000000e+00 3.926990816987241395e-01 1.500000000000000000e+01 5.056000000000000000e+03 -6.659937603231719239e-03 5.373040997307974020e-01
3.000000000000000000e+00 3.926990816987241395e-01 1.600000000000000000e+01 5.568000000000000000e+03 -6.486906137440621133e-03 5.372597159906065123e-01
3.000000000000000000e+00 3.926990816987241395e-01 1.700000000000000000e+01 5.536000000000000000e+03 -6.795645754094017596e-03 5.376032066989964164e-01
3.000000000000000000e+00 3.926990816987241395e-01 1.800000000000000000e+01 5.520000000000000000e+03 -6.380107623779582987e-03 5.341668704741723284e-01
3.000000000000000000e+00 3.926990816987241395e-01 1.900000000000000000e+01 5.424000000000000000e+03 -6.587197083398092616e-03 5.426835046581542921e-01
3.000000000000000000e+00 3.926990816987241395e-01 2.000000000000000000e+01 5.680000000000000000e+03 -6.311913546740318542e-03 5.371142150532836057e-01
3.000000000000000000e+00 3.926990816987241395e-01 2.100000000000000000e+01 5.648000000000000000e+03 -6.812369048274041425e-03 5.369125479167200510e-01
3.000000000000000000e+00 3.926990816987241395e-01 2.200000000000000000e+01 5.520000000000000000e+03 -6.650417124113947899e-03 5.362189086879978195e-01
3.000000000000000000e+00 3.926990816987241395e-01 2.300000000000000000e+01 5.616000000000000000e+03 -6.952574510435986441e-03 5.358230499649061507e-01
3.000000000000000000e+00 3.926990816987241395e-01 2.400000000000000000e+01 5.664000000000000000e+03 -6.377861845503480023e-03 5.385347969466108831e-01
3.000000000000000000e+00 3.926990816987241395e-01 2.500000000000000000e+01 5.504000000000000000e+03 -6.537978875530110930e-03 5.339716080913908813e-01
3.000000000000000000e+00 3.926990816987241395e-01 2.600000000000000000e+01 5.840000000000000000e+03 -6.481687115255660783e-03 5.341410338038369288e-01
3.000000000000000000e+00 3.926990816987241395e-01 2.700000000000000000e+01 5.728000000000000000e+03 -6.658216463518238336e-03 5.306526293172009190e-01
3.000000000000000000e+00 3.926990816987241395e-01 2.800000000000000000e+01 5.984000000000000000e+03 -6.540838339198882731e-03 5.347064603241949987e-01
3.000000000000000000e+00 3.926990816987241395e-01 2.900000000000000000e+01 5.824000000000000000e+03 -6.529581756601511057e-03 5.353686910512034380e-01
3.000000000000000000e+00 3.926990816987241395e-01 3.000000000000000000e+01 6.000000000000000000e+03 -6.479917044217245285e-03 5.321327225365578562e-01
3.000000000000000000e+00 3.926990816987241395e-01 3.100000000000000000e+01 5.728000000000000000e+03 -6.666603755639135577e-03 5.401089005951499322e-01
3.000000000000000000e+00 3.926990816987241395e-01 3.200000000000000000e+01 5.728000000000000000e+03 -6.572906728730144692e-03 5.329802887719162774e-01
3.000000000000000000e+00 3.926990816987241395e-01 3.300000000000000000e+01 5.792000000000000000e+03 -6.534650179730826930e-03 5.406227794698449385e-01
3.000000000000000000e+00 3.926990816987241395e-01 3.400000000000000000e+01 5.968000000000000000e+03 -6.594538563004404864e-03 5.423729649622616167e-01
3.000000000000000000e+00 3.926990816987241395e-01 3.500000000000000000e+01 5.744000000000000000e+03 -6.687782803103070779e-03 5.336267012838615820e-01
3.000000000000000000e+00 3.926990816987241395e-01 3.600000000000000000e+01 5.888000000000000000e+03 -6.290457590239517151e-03 5.330446949010966273e-01
3.000000000000000000e+00 3.926990816987241395e-01 3.700000000000000000e+01 5.776000000000000000e+03 -6.404921047066084588e-03 5.385176019684924098e-01
3.000000000000000000e+00 3.926990816987241395e-01 3.800000000000000000e+01 5.600000000000000000e+03 -6.304656716450711754e-03 5.369780004622558556e-01
3.000000000000000000e+00 3.926990816987241395e-01 3.900000000000000000e+01 5.696000000000000000e+03 -6.438715404087125109e-03 5.425272691600145913e-01
3.000000000000000000e+00 3.926990816987241395e-01 4.000000000000000000e+01 5.824000000000000000e+03 -6.331739529498343899e-03 5.409307402776144524e-01
3.000000000000000000e+00 3.926990816987241395e-01 4.100000000000000000e+01 5.600000000000000000e+03 -6.593178153548248654e-03 5.358386238726662310e-01
3.000000000000000000e+00 3.926990816987241395e-01 4.200000000000000000e+01 5.344000000000000000e+03 -6.352491131029825919e-03 5.375646343683606609e-01
3.000000000000000000e+00 3.926990816987241395e-01 4.300000000000000000e+01 5.472000000000000000e+03 -6.770004826494187798e-03 5.347180037887880877e-01
3.000000000000000000e+00 3.926990816987241395e-01 4.400000000000000000e+01 4.992000000000000000e+03 -6.921008253783349565e-03 5.384381759425271863e-01
3.000000000000000000e+00 3.926990816987241395e-01 4.500000000000000000e+01 5.248000000000000000e+03 -6.586829910113645679e-03 5.397166642470395681e-01
3.000000000000000000e+00 3.926990816987241395e-01 4.600000000000000000e+01 5.040000000000000000e+03 -6.789473070685094792e-03 5.374799287316052165e-01
3.000000000000000000e+00 3.926990816987241395e-01 4.700000000000000000e+01 5.696000000000000000e+03 -6.405019082200073648e-03 5.386445700361103261e-01
3.000000000000000000e+00 3.926990816987241395e-01 4.800000000000000000e+01 5.808000000000000000e+03 -6.696980792929838056e-03 5.397971975898111507e-01
3.000000000000000000e+00 3.926990816987241395e-01 4.900000000000000000e+01 5.776000000000000000e+03 -6.740462191849982965e-03 5.410133083486208250e-01
3.000000000000000000e+00 3.926990816987241395e-01 5.000000000000000000e+01 5.552000000000000000e+03 -6.606477682053739364e-03 5.405286052382012318e-01
3.000000000000000000e+00 3.926990816987241395e-01 5.100000000000000000e+01 5.488000000000000000e+03 -6.652395501094976460e-03 5.378910043311128097e-01
3.000000000000000000e+00 3.926990816987241395e-01 5.200000000000000000e+01 5.616000000000000000e+03 -6.558881000050221025e-03 5.373420872084910815e-01
3.000000000000000000e+00 3.926990816987241395e-01 5.300000000000000000e+01 5.616000000000000000e+03 -6.774225488462780678e-03 5.305875343514989684e-01
3.000000000000000000e+00 3.926990816987241395e-01 5.400000000000000000e+01 5.232000000000000000e+03 -6.718189314627711316e-03 5.371147070357085163e-01
3.000000000000000000e+00 3.926990816987241395e-01 5.500000000000000000e+01 5.392000000000000000e+03 -6.725355348401180003e-03 5.398070101537264520e-01
3.000000000000000000e+00 3.926990816987241395e-01 5.600000000000000000e+01 5.472000000000000000e+03 -6.810540026806264149e-03 5.373541979891500731e-01
3.000000000000000000e+00 3.926990816987241395e-01 5.700000000000000000e+01 4.816000000000000000e+03 -6.620788493394137893e-03 5.343763881139426131e-01
3.000000000000000000e+00 3.926990816987241395e-01 5.800000000000000000e+01 4.400000000000000000e+03 -6.740484148293150908e-03 5.382231598127918959e-01
3.000000000000000000e+00 3.926990816987241395e-01 5.900000000000000000e+01 4.800000000000000000e+03 -6.765706006568649941e-03 5.400414266156498000e-01
3.000000000000000000e+00 3.926990816987241395e-01 6.000000000000000000e+01 4.768000000000000000e+03 -6.226963897880390120e-03 5.388212851539675441e-01
3.000000000000000000e+00 3.926990816987241395e-01 6.100000000000000000e+01 4.752000000000000000e+03 -6.172876454321552485e-03 5.380003244508223537e-01
3.000000000000000000e+00 3.926990816987241395e-01 6.200000000000000000e+01 5.008000000000000000e+03 -6.400248989128723247e-03 5.357204369611632266e-01
3.000000000000000000e+00 3.926990816987241395e-01 6.300000000000000000e+01 5.168000000000000000e+03 -6.660175264360552495e-03 5.368207483556419746e-01
4.000000000000000000e+00 4.908738521234051744e-01 0.000000000000000000e+00 4.640000000000000000e+03 -8.346255146982853312e-03 5.413992101244773369e-01
4.000000000000000000e+00 4.908738521234051744e-01 1.000000000000000000e+00 4.464000000000000000e+03 -7.977297299609723696e-03 5.358068777284006323e-01
4.000000000000000000e+00 4.908738521234051744e-01 2.000000000000000000e+00 4.736000000000000000e+03 -7.847628952582553358e-03 5.339168314361203427e-01
4.000000000000000000e+00 4.908738521234051744e-01 3.000000000000000000e+00 4.944000000000000000e+03 -8.061750913582549360e-03 5.402592839551345616e-01
4.000000000000000000e+00 4.908738521234051744e-01 4.000000000000000000e+00 5.184000000000000000e+03 -8.067363129580158373e-03 5.362749150647222462e-01
4.000000000000000000e+00 4.908738521234051744e-01 5.000000000000000000e+00 5.616000000000000000e+03 -8.040142713411404726e-03 5.349681974445085197e-01
4.000000000000000000e+00 4.908738521234051744e-01 6.000000000000000000e+00 5.280000000000000000e+03 -7.900084961127453592e-03 5.363383360910843889e-01
4.000000000000000000e+00 4.908738521234051744e-01 7.000000000000000000e+00 5.376000000000000000e+03 -8.115580247941161368e-03 5.355038034029648841e-01
4.000000000000000000e+00 4.908738521234051744e-01 8.000000000000000000e+00 5.248000000000000000e+03 -8.034430625126416300e-03 5.387713152952997575e-01
4.000000000000000000e+00 4.908738521234051744e-01 9.000000000000000000e+00 5.568000000000000000e+03 -7.900293924786952818e-03 5.329249565596458904e-01
4.000000000000000000e+00 4.908738521234051744e-01 1.000000000000000000e+01 5.504000000000000000e+03 -7.889238715928788281e-03 5.386436422448556138e-01
4.000000000000000000e+00 4.908738521234051744e-01 1.100000000000000000e+01 5.600000000000000000e+03 -8.182960671856540427e-03 5.339751926584991315e-01
4.000000000000000000e+00 4.908738521234051744e-01 1.200000000000000000e+01 5.568000000000000000e+03 -8.080499191920664792e-03 5.368380383809806533e-01
4.000000000000000000e+00 4.908738521234051744e-01 1.300000000000000000e+01 5.632000000000000000e+03 -7.962811851920459719e-03 5.392312060676386354e-01
4.000000000000000000e+00 4.908738521234051744e-01 1.400000000000000000e+01 5.536000000000000000e+03 -7.947351601739986032e-03 5.346044392885185292e-01
4.000000000000000000e+00 4.908738521234051744e-01 1.500000000000000000e+01 5.408000000000000000e+03 -7.957267868208895908e-03 5.344308033125573232e-01
4.000000000000000000e+00 4.908738521234051744e-01 1.600000000000000000e+01 5.696000000000000000e+03 -7.945062649561712709e-03 5.356305605065962983e-01
4.000000000000000000e+00 4.908738521234051744e-01 1.700000000000000000e+01 5.792000000000000000e+03 -7.944570271071963244e-03 5.405102782102116921e-01
4.000000000000000000e+00 4.908738521234051744e-01 1.800000000000000000e+01 5.808000000000000000e+03 -8.181009609192267315e-03 5.405172170947198929e-01
4.000000000000000000e+00 4.908738521234051744e-01 1.900000000000000000e+01 5.616000000000000000e+03 -7.897312937276466591e-03 5.358328290303561170e-01
4.000000000000000000e+00 4.908738521234051744e-01 2.000000000000000000e+01 5.616000000000000000e+03 -7.953336783142172725e-03 5.348756680571256084e-01
4.000000000000000000e+00 4.908738521234051744e-01 2.100000000000000000e+01 5.824000000000000000e+03 -7.875100601092454786e-03 5.380272846065311532e-01
4.000000000000000000e+00 4.908738521234051744e-01 2.200000000000000000e+01 5.312000000000000000e+03 -8.042503258846670985e-03 5.416411560966413186e-01
4.000000000000000000e+00 4.908738521234051744e-01 2.300000000000000000e+01 5.456000000000000000e+03 -8.086605757894660407e-03 5.418197017022318152e-01
4.000000000000000000e+00 4.908738521234051744e-01 2.400000000000000000e+01 6.096000000000000000e+03 -7.990742272168551916e-03 5.345793275462520366e-01
4.000000000000000000e+00 4.908738521234051744e-01 2.500000000000000000e+01 6.016000000000000000e+03 -8.092918671749750603e-03 5.395603917597722177e-01
4.000000000000000000e+00 4.908738521234051744e-01 2.600000000000000000e+01 5.296000000000000000e+03 -8.017483389212466671e-03 5.345287085036052321e-01
4.000000000000000000e+00 4.908738521234051744e-01 2.700000000000000000e+01 4.560000000000000000e+03 -7.997550055522288995e-03 5.405416336508394037e-01
4.000000000000000000e+00 4.908738521234051744e-01 2.800000000000000000e+01 4.816000000000000000e+03 -7.912917422372290135e-03 5.401243142540101960e-01
4.000000000000000000e+00 4.908738521234051744e-01 2.900000000000000000e+01 4.784000000000000000e+03 -8.165678177645548444e-03 5.350779142538080180e-01
4.000000000000000000e+00 4.908738521234051744e-01 3.000000000000000000e+01 4.832000000000000000e+03 -7.757884573961769219e-03 5.380728395515779194e-01
4.000000000000000000e+00 4.908738521234051744e-01 3.100000000000000000e+01 4.784000000000000000e+03 -8.130521778851006187e-03 5.297776010409062097e-01
4.000000000000000000e+00 4.908738521234051744e-01 3.200000000000000000e+01 4.368000000000000000e+03 -7.899168557938693325e-03 5.344045446580218961e-01
4.000000000000000000e+00 4.908738521234051744e-01 3.300000000000000000e+01 4.480000000000000000e+03 -8.223909396934535321e-03 5.360921630793668013e-01
4.000000000000000000e+00 4.908738521234051744e-01 3.400000000000000000e+01 5.072000000000000000e+03 -7.887308590379886464e-03 5.329700139459542241e-01
4.000000000000000000e+00 4.908738521234051744e-01 3.500000000000000000e+01 4.944000000000000000e+03 -8.065230239178260152e-03 5.340988188079448529e-01
4.000000000000000000e+00 4.908738521234051744e-01 3.600000000000000000e+01 4.896000000000000000e+03 -7.970976323042300651e-03 5.354708701926325087e-01
4.000000000000000000e+00 4.908738521234051744e-01 3.700000000000000000e+01 5.312000000000000000e+03 -8.400487795766284349e-03 5.381319973298103188e-01
4.000000000000000000e+00 4.908738521234051744e-01 3.800000000000000000e+01 5.488000000000000000e+03 -8.204408825210693021e-03 5.350502481405006172e-01
4.000000000000000000e+00 4.908738521234051744e-01 3.900000000000000000e+01 5.232000000000000000e+03 -7.830642270445595243e-03 5.326597475629789580e-01
4.000000000000000000e+00 4.908738521234051744e-01 4.000000000000000000e+01 5.376000000000000000e+03 -7.951264519347913187e-03 5.344656769992182088e-01
4.000000000000000000e+00 4.908738521234051744e-01 4.100000000000000000e+01 5.216000000000000000e+03 -8.065443323007241011e-03 5.371940745947769713e-01
4.000000000000000000e+00 4.908738521234051744e-01 4.200000000000000000e+01 5.712000000000000000e+03 -8.196588449924057523e-03 5.386670645084442599e-01
4.000000000000000000e+00 4.908738521234051744e-01 4.300000000000000000e+01 5.392000000000000000e+03 -8.140929593536745668e-03 5.393881054875069303e-01
4.000000000000000000e+00 4.908738521234051744e-01 4.400000000000000000e+01 4.912000000000000000e+03 -8.083650701156585433e-03 5.352697508959569639e-01
4.000000000000000000e+00 4.908738521234051744e-01 4.500000000000000000e+01 5.504000000000000000e+03 -8.044378032912384222e-03 5.338724104285165195e-01
4.000000000000000000e+00 4.908738521234051744e-01 4.600000000000000000e+01 5.616000000000000000e+03 -7.997019948855611446e-03 5.342062889877066123e-01
4.000000000000000000e+00 4.908738521234051744e-01 4.700000000000000000e+01 5.488000000000000000e+03 -8.000759404320384113e-03 5.417730694150880710e-01
4.000000000000000000e+00 4.908738521234051744e-01 4.800000000000000000e+01 5.264000000000000000e+03 -7.949399863242310321e-03 5.379534769409469730e-01
4.000000000000000000e+00 4.908738521234051744e-01 4.900000000000000000e+01 5.584000000000000000e+03 -8.075158277716858873e-03 5.368022335585458382e-01
4.000000000000000000e+00 4.908738521234051744e-01 5.000000000000000000e+01 5.392000000000000000e+03 -8.104675021342763047e-03 5.382062708153138031e-01
4.000000000000000000e+00 4.908738521234051744e-01 5.100000000000000000e+01 5.712000000000000000e+03 -7.997654686444628444e-03 5.369467139701861180e-01
4.000000000000000000e+00 4.908738521234051744e-01 5.200000000000000000e+01 5.712000000000000000e+03 -8.277041790923455808e-03 5.364012009411855963e-01
4.000000000000000000e+00 4.908738521234051744e-01 5.300000000000000000e+01 5.728000000000000000e+03 -8.102140138210903522e-03 5.339314998480672037e-01
4.000000000000000000e+00 4.908738521234051744e-01 5.400000000000000000e+01 5.888000000000000000e+03 -7.802126358288564122e-03 5.343905688703811663e-01
4.000000000000000000e+00 4.908738521234051744e-01 5.500000000000000000e+01 5.776000000000000000e+03 -8.018429550919433865e-03 5.343309521304351328e-01
4.000000000000000000e+00 4.908738521234051744e-01 5.600000000000000000e+01 5.744000000000000000e+03 -7.909536394889296607e-03 5.372636039724180135e-01
4.000000000000000000e+00 4.908738521234051744e-01 5.700000000000000000e+01 5.520000000000000000e+03 -8.004178890189105403e-03 5.381415032540985965e-01
4.000000000000000000e+00 4.908738521234051744e-01 5.800000000000000000e+01 5.600000000000000000e+03 -8.115482191810732479e-03 5.362500990978628090e-01
4.000000000000000000e+00 4.908738521234051744e-01 5.900000000000000000e+01 5.776000000000000000e+03 -8.241492873296568308e-03 5.343059168873807163e-01
4.000000000000000000e+00 4.908738521234051744e-01 6.000000000000000000e+01 5.744000000000000000e+03 -7.903602336011625665e-03 5.383055554812083976e-01
4.000000000000000000e+00 4.908738521234051744e-01 6.100000000000000000e+01 5.632000000000000000e+03 -8.042860055768687177e-03 5.343081536441021129e-01
4.000000000000000000e+00 4.908738521234051744e-01 6.200000000000000000e+01 5.824000000000000000e+03 -7.947988384496817646e-03 5.347880178083076474e-01
4.000000000000000000e+00 4.908738521234051744e-01 6.300000000000000000e+01 5.152000000000000000e+03 -7.902165169175441942e-03 5.301591158791131297e-01
5.000000000000000000e+00 5.890486225480862092e-01 0.000000000000000000e+00 5.664000000000000000e+03 -9.502910576146191349e-03 5.359272785166083741e-01
5.000000000000000000e+00 5.890486225480862092e-01 1.000000000000000000e+00 5.920000000000000000e+03 -9.470550949103446331e-03 5.369621186228832332e-01
5.000000000000000000e+00 5.890486225480862092e-01 2.000000000000000000e+00 5.824000000000000000e+03 -9.579987409865297829e-03 5.348661587049347022e-01
5.000000000000000000e+00 5.890486225480862092e-01 3.000000000000000000e+00 5.056000000000000000e+03 -9.318504834659112682e-03 5.344846343497595687e-01
5.000000000000000000e+00 5.890486225480862092e-01 4.000000000000000000e+00 3.328000000000000000e+03 -9.533226178189463731e-03 5.307643151533687487e-01
5.000000000000000000e+00 5.890486225480862092e-01 5.000000000000000000e+00 3.440000000000000000e+03 -9.480519135330430641e-03 5.341277288830990067e-01
5.000000000000000000e+00 5.890486225480862092e-01 6.000000000000000000e+00 3.440000000000000000e+03 -9.202781564385155086e-03 5.319522031221791680e-01
5.000000000000000000e+00 5.890486225480862092e-01 7.000000000000000000e+00 3.504000000000000000e+03 -9.487435633441171703e-03 5.288921851216502601e-01
5.000000000000000000e+00 5.890486225480862092e-01 8.000000000000000000e+00 3.440000000000000000e+03 -9.272395742211841582e-03 5.340487199674675001e-01
5.000000000000000000e+00 5.890486225480862092e-01 9.000000000000000000e+00 3.312000000000000000e+03 -9.508567887378317415e-03 5.319843188998765182e-01
5.000000000000000000e+00 5.890486225480862092e-01 1.000000000000000000e+01 3.408000000000000000e+03 -9.150939391795811367e-03 5.345436257588517259e-01
5.000000000000000000e+00 5.890486225480862092e-01 1.100000000000000000e+01 3.392000000000000000e+03 -9.194993982018385276e-03 5.416359228145645188e-01
5.000000000000000000e+00 5.890486225480862092e-01 1.200000000000000000e+01 3.552000000000000000e+03 -9.255744707875027469e-03 5.401234364550431266e-01
5.000000000000000000e+00 5.890486225480862092e-01 1.300000000000000000e+01 3.328000000000000000e+03 -9.166588177297695442e-03 5.378838921883395408e-01
5.000000000000000000e+00 5.890486225480862092e-01 1.400000000000000000e+01 3.360000000000000000e+03 -9.317458815838374972e-03 5.394487627281718822e-01
5.000000000000000000e+00 5.890486225480862092e-01 1.500000000000000000e+01 3.440000000000000000e+03 -9.436795474034058093e-03 5.337839751735329319e-01
5.000000000000000000e+00 5.890486225480862092e-01 1.600000000000000000e+01 3.392000000000000000e+03 -9.271065395056052316e-03 5.361769553569135649e-01
5.000000000000000000e+00 5.890486225480862092e-01 1.700000000000000000e+01 3.344000000000000000e+03 -9.362711706596959019e-03 5.377628463284911398e-01
5.000000000000000000e+00 5.890486225480862092e-01 1.800000000000000000e+01 3.376000000000000000e+03 -9.172686035591794476e-03 5.354105592151473525e-01
5.000000000000000000e+00 5.890486225480862092e-01 1.900000000000000000e+01 3.456000000000000000e+03 -9.270460756928621676e-03 5.372512592268242626e-01
5.000000000000000000e+00 5.890486225480862092e-01 2.000000000000000000e+01 3.360000000000000000e+03 -9.357464546606405337e-03 5.312203652030718093e-01
5.000000000000000000e+00 5.890486225480862092e-01 2.100000000000000000e+01 3.344000000000000000e+03 -9.186382262498151569e-03 5.341431236452972575e-01
5.000000000000000000e+00 5.890486225480862092e-01 2.200000000000000000e+01 3.408000000000000000e+03 -9.217410864808851800e-03 5.313381141020866449e-01
5.000000000000000000e+00 5.890486225480862092e-01 2.300000000000000000e+01 3.568000000000000000e+03 -8.794965050415550281e-03 5.336427194311759159e-01
5.000000000000000000e+00 5.890486225480862092e-01 2.400000000000000000e+01 3.424000000000000000e+03 -9.260944075150998392e-03 5.326047063715407814e-01
5.000000000000000000e+00 5.890486225480862092e-01 2.500000000000000000e+01 3.280000000000000000e+03 -9.341436286181462045e-03 5.379146352092741834e-01
5.000000000000000000e+00 5.890486225480862092e-01 2.600000000000000000e+01 3.376000000000000000e+03 -9.083441272600844066e-03 5.324591074180480277e-01
5.000000000000000000e+00 5.890486225480862092e-01 2.700000000000000000e+01 3.440000000000000000e+03 -9.174656640884628137e-03 5.311299481661045929e-01
5.000000000000000000e+00 5.890486225480862092e-01 2.800000000000000000e+01 3.584000000000000000e+03 -9.470517646865629982e-03 5.304537947453923374e-01
5.000000000000000000e+00 5.890486225480862092e-01 2.900000000000000000e+01 3.424000000000000000e+03 -9.376101257445333681e-03 5.381380283022738631e-01
5.000000000000000000e+00 5.890486225480862092e-01 3.000000000000000000e+01 3.520000000000000000e+03 -9.581455270883960235e-03 5.374907546585586671e-01
5.000000000000000000e+00 5.890486225480862092e-01 3.100000000000000000e+01 3.696000000000000000e+03 -9.320390147062486766e-03 5.361352031463997303e-01
5.000000000000000000e+00 5.890486225480862092e-01 3.200000000000000000e+01 5.168000000000000000e+03 -9.324701156500169938e-03 5.383802405150820425e-01
5.000000000000000000e+00 5.890486225480862092e-01 3.300000000000000000e+01 5.424000000000000000e+03 -9.487727422873149311e-03 5.337928040676621633e-01
5.000000000000000000e+00 5.890486225480862092e-01 3.400000000000000000e+01 5.488000000000000000e+03 -9.298035005149841992e-03 5.347888510539863249e-01
5.000000000000000000e+00 5.890486225480862092e-01 3.500000000000000000e+01 5.520000000000000000e+03 -9.387041900383261486e-03 5.296851991756249545e-01
5.000000000000000000e+00 5.890486225480862092e-01 3.600000000000000000e+01 5.456000000000000000e+03 -9.243327614666641337e-03 5.337285684255315132e-01
5.000000000000000000e+00 5.890486225480862092e-01 3.700000000000000000e+01 5.344000000000000000e+03 -9.177400060476284191e-03 5.334209664891651492e-01
5.000000000000000000e+00 5.890486225480862092e-01 3.800000000000000000e+01 4.592000000000000000e+03 -9.095964760782400405e-03 5.390775112648136247e-01
5.000000000000000000e+00 5.890486225480862092e-01 3.900000000000000000e+01 4.560000000000000000e+03 -9.208489659034967481e-03 5.339350211612438057e-01
5.000000000000000000e+00 5.890486225480862092e-01 4.000000000000000000e+01 4.768000000000000000e+03 -9.488594907579630741e-03 5.351886359251026848e-01
5.000000000000000000e+00 5.890486225480862092e-01 4.100000000000000000e+01 4.688000000000000000e+03 -9.250717550497222774e-03 5.338311746372952360e-01
5.000000000000000000e+00 5.890486225480862092e-01 4.200000000000000000e+01 5.296000000000000000e+03 -9.487144625632314490e-03 5.362104095724703479e-01
5.000000000000000000e+00 5.890486225480862092e-01 4.300000000000000000e+01 5.360000000000000000e+03 -9.044716771174987971e-03 5.315603294482013075e-01
5.000000000000000000e+00 5.890486225480862092e-01 4.400000000000000000e+01 4.816000000000000000e+03 -9.104803660641744290e-03 5.326156393240160103e-01
5.000000000000000000e+00 5.890486225480862092e-01 4.500000000000000000e+01 4.960000000000000000e+03 -9.358889906212563767e-03 5.293639697252171539e-01
5.000000000000000000e+00 5.890486225480862092e-01 4.600000000000000000e+01 4.832000000000000000e+03 -9.112875716348495594e-03 5.325949345724663164e-01
5.000000000000000000e+00 5.890486225480862092e-01 4.700000000000000000e+01 4.944000000000000000e+03 -9.298975645975090382e-03 5.387225899784739980e-01
5.000000000000000000e+00 5.890486225480862092e-01 4.800000000000000000e+01 4.832000000000000000e+03 -9.177453525859833455e-03 5.339029214763958420e-01
5.000000000000000000e+00 5.890486225480862092e-01 4.900000000000000000e+01 4.688000000000000000e+03 -9.227885330836035557e-03 5.313964731891486215e-01
5.000000000000000000e+00 5.890486225480862092e-01 5.000000000000000000e+01 4.672000000000000000e+03 -9.436165088502078760e-03 5.351674571008359083e-01
5.000000000000000000e+00 5.890486225480862092e-01 5.100000000000000000e+01 4.624000000000000000e+03 -9.519423319425818208e-03 5.365164385321457008e-01
5.000000000000000000e+00 5.890486225480862092e-01 5.200000000000000000e+01 4.544000000000000000e+03 -9.330727049018255198e-03 5.362916572083390454e-01
5.000000000000000000e+00 5.890486225480862092e-01 5.300000000000000000e+01 4.848000000000000000e+03 -9.336219789116757817e-03 5.302967287460118584e-01
5.000000000000000000e+00 5.890486225480862092e-01 5.400000000000000000e+01 5.136000000000000000e+03 -9.366955721240986799e-03 5.361162597448579925e-01
5.000000000000000000e+00 5.890486225480862092e-01 5.500000000000000000e+01 5.184000000000000000e+03 -9.374502014376468600e-03 5.387883988937638424e-01
5.000000000000000000e+00 5.890486225480862092e-01 5.600000000000000000e+01 5.248000000000000000e+03 -9.545871106008105983e-03 5.345298313450556060e-01
5.000000000000000000e+00 5.890486225480862092e-01 5.700000000000000000e+01 5.328000000000000000e+03 -9.543873851492509774e-03 5.357759669649018175e-01
5.000000000000000000e+00 5.890486225480862092e-01 5.800000000000000000e+01 5.280000000000000000e+03 -9.333993137181898284e-03 5.362336714610570487e-01
5.000000000000000000e+00 5.890486225480862092e-01 5.900000000000000000e+01 5.280000000000000000e+03 -9.520448052254498403e-03 5.371834587173067721e-01
5.000000000000000000e+00 5.890486225480862092e-01 6.000000000000000000e+01 5.264000000000000000e+03 -9.182961446545113288e-03 5.325641346221990924e-01
5.000000000000000000e+00 5.890486225480862092e-01 6.100000000000000000e+01 4.912000000000000000e+03 -9.115064501870046368e-03 5.369531522558081971e-01
5.000000000000000000e+00 5.890486225480862092e-01 6.200000000000000000e+01 5.008000000000000000e+03 -9.519870803278705426e-03 5.340219049695617004e-01
5.000000000000000000e+00 5.890486225480862092e-01 6.300000000000000000e+01 5.264000000000000000e+03 -9.318220542889662367e-03 5.370291254926233826e-01
6.000000000000000000e+00 6.872233929727672441e-01 0.000000000000000000e+00 4.944000000000000000e+03 -1.019887623190020298e-02 5.335039008780246839e-01
6.000000000000000000e+00 6.872233929727672441e-01 1.000000000000000000e+00 5.008000000000000000e+03 -1.049344462802313804e-02 5.298428193658655250e-01
6.000000000000000000e+00 6.872233929727672441e-01 2.000000000000000000e+00 5.056000000000000000e+03 -1.046533969093801399e-02 5.301688304797668172e-01
6.000000000000000000e+00 6.872233929727672441e-01 3.000000000000000000e+00 4.912000000000000000e+03 -1.033308312963526591e-02 5.357918578175548951e-01
6.000000000000000000e+00 6.872233929727672441e-01 4.000000000000000000e+00 4.832000000000000000e+03 -1.043024126755201335e-02 5.384325324000361901e-01
6.000000000000000000e+00 6.872233929727672441e-01 5.000000000000000000e+00 4.992000000000000000e+03 -1.019879062453303738e-02 5.339498531708236628e-01
6.000000000000000000e+00 6.872233929727672441e-01 6.000000000000000000e+00 5.040000000000000000e+03 -1.045110253166487736e-02 5.315222005948440076e-01
6.000000000000000000e+00 6.872233929727672441e-01 7.000000000000000000e+00 4.832000000000000000e+03 -1.035935996034911995e-02 5.370967310365878378e-01
6.000000000000000000e+00 6.872233929727672441e-01 8.000000000000000000e+00 4.032000000000000000e+03 -1.019565375355006680e-02 5.290218424901775851e-01
6.000000000000000000e+00 6.872233929727672441e-01 9.000000000000000000e+00 4.944000000000000000e+03 -1.034056702985064816e-02 5.349133382907970136e-01
6.000000000000000000e+00 6.872233929727672441e-01 1.000000000000000000e+01 4.848000000000000000e+03 -1.033900447585577899e-02 5.303851732653180884e-01
6.000000000000000000e+00 6.872233929727672441e-01 1.100000000000000000e+01 4.944000000000000000e+03 -1.029608222638532869e-02 5.346680557424754454e-01
6.000000000000000000e+00 6.872233929727672441e-01 1.200000000000000000e+01 5.040000000000000000e+03 -1.027497064862334560e-02 5.324342148848975054e-01
6.000000000000000000e+00 6.872233929727672441e-01 1.300000000000000000e+01 4.784000000000000000e+03 -1.031478190030651713e-02 5.327217228661488280e-01
6.000000000000000000e+00 6.872233929727672441e-01 1.400000000000000000e+01 5.024000000000000000e+03 -1.037406142770493089e-02 5.378499762690502894e-01
6.000000000000000000e+00 6.872233929727672441e-01 1.500000000000000000e+01 5.456000000000000000e+03 -1.053572728060505823e-02 5.372554748068208985e-01
6.000000000000000000e+00 6.872233929727672441e-01 1.600000000000000000e+01 4.688000000000000000e+03 -1.028252734592629419e-02 5.304780683473688807e-01
6.000000000000000000e+00 6.872233929727672441e-01 1.700000000000000000e+01 4.816000000000000000e+03 -1.036276799574553827e-02 5.327474554608467860e-01
6.000000000000000000e+00 6.872233929727672441e-01 1.800000000000000000e+01 5.120000000000000000e+03 -1.016358130285272519e-02 5.313212511749741962e-01
6.000000000000000000e+00 6.872233929727672441e-01 1.900000000000000000e+01 5.168000000000000000e+03 -1.031573834726310507e-02 5.331771404979938067e-01
6.000000000000000000e+00 6.872233929727672441e-01 2.000000000000000000e+01 5.344000000000000000e+03 -1.027847289193998224e-02 5.300573095287459680e-01
6.000000000000000000e+00 6.872233929727672441e-01 2.100000000000000000e+01 4.784000000000000000e+03 -1.034903758935160067e-02 5.286868423460517885e-01
6.000000000000000000e+00 6.872233929727672441e-01 2.200000000000000000e+01 4.432000000000000000e+03 -1.037101016500403643e-02 5.345771734438065081e-01
6.000000000000000000e+00 6.872233929727672441e-01 2.300000000000000000e+01 4.576000000000000000e+03 -1.021095043721411896e-02 5.343751213274381406e-01
6.000000000000000000e+00 6.872233929727672441e-01 2.400000000000000000e+01 4.352000000000000000e+03 -1.020115341652569341e-02 5.367934474576462334e-01
6.000000000000000000e+00 6.872233929727672441e-01 2.500000000000000000e+01 4.672000000000000000e+03 -1.036386407309868377e-02 5.285592292029567263e-01
6.000000000000000000e+00 6.872233929727672441e-01 2.600000000000000000e+01 5.104000000000000000e+03 -1.046982509955904882e-02 5.381435511932457505e-01
6.000000000000000000e+00 6.872233929727672441e-01 2.700000000000000000e+01 5.168000000000000000e+03 -1.044846157767551249e-02 5.335756697200718657e-01
6.000000000000000000e+00 6.872233929727672441e-01 2.800000000000000000e+01 5.472000000000000000e+03 -1.032776342599247762e-02 5.349284984174550450e-01
6.000000000000000000e+00 6.872233929727672441e-01 2.900000000000000000e+01 5.408000000000000000e+03 -1.034524664063847174e-02 5.319412682312251173e-01
6.000000000000000000e+00 6.872233929727672441e-01 3.000000000000000000e+01 5.488000000000000000e+03 -1.023984695073939730e-02 5.376346216657269528e-01
6.000000000000000000e+00 6.872233929727672441e-01 3.100000000000000000e+01 4.432000000000000000e+03 -1.041159152853358451e-02 5.336494275189893610e-01
6.000000000000000000e+00 6.872233929727672441e-01 3.200000000000000000e+01 5.536000000000000000e+03 -1.043198972798083796e-02 5.333076321518802621e-01
6.000000000000000000e+00 6.872233929727672441e-01 3.300000000000000000e+01 5.760000000000000000e+03 -1.038098005230485288e-02 5.362986435341119407e-01
6.000000000000000000e+00 6.872233929727672441e-01 3.400000000000000000e+01 5.744000000000000000e+03 -1.028050259691757999e-02 5.331060932555968801e-01
6.000000000000000000e+00 6.872233929727672441e-01 3.500000000000000000e+01 5.776000000000000000e+03 -1.042662156466115514e-02 5.342521092819972894e-01
6.000000000000000000e+00 6.872233929727672441e-01 3.600000000000000000e+01 5.664000000000000000e+03 -1.042023703530545360e-02 5.341255834763386501e-01
6.000000000000000000e+00 6.872233929727672441e-01 3.700000000000000000e+01 5.616000000000000000e+03 -1.019126065414443019e-02 5.312912721819879058e-01
6.000000000000000000e+00 6.872233929727672441e-01 3.800000000000000000e+01 5.552000000000000000e+03 -1.037299325307721072e-02 5.327035170297264033e-01
6.000000000000000000e+00 6.872233929727672441e-01 3.900000000000000000e+01 5.632000000000000000e+03 -1.048490957485144828e-02 5.374060013983279482e-01
6.000000000000000000e+00 6.872233929727672441e-01 4.000000000000000000e+01 5.712000000000000000e+03 -1.038802858480810179e-02 5.300229484044631789e-01
6.000000000000000000e+00 6.872233929727672441e-01 4.100000000000000000e+01 5.744000000000000000e+03 -1.002957809734552480e-02 5.325666318140840350e-01
6.000000000000000000e+00 6.872233929727672441e-01 4.200000000000000000e+01 5.520000000000000000e+03 -1.026730803843621358e-02 5.339405055910257936e-01
6.000000000000000000e+00 6.872233929727672441e-01 4.300000000000000000e+01 5.872000000000000000e+03 -1.052012491278944174e-02 5.375080148754358689e-01
6.000000000000000000e+00 6.872233929727672441e-01 4.400000000000000000e+01 5.840000000000000000e+03 -1.033720384924467425e-02 5.336191670889767202e-01
6.000000000000000000e+00 6.872233929727672441e-01 4.500000000000000000e+01 5.616000000000000000e+03 -1.034168077292283751e-02 5.340387787965311661e-01
6.000000000000000000e+00 6.872233929727672441e-01 4.600000000000000000e+01 5.760000000000000000e+03 -1.030253396600171525e-02 5.328529468424296756e-01
6.000000000000000000e+00 6.872233929727672441e-01 4.700000000000000000e+01 5.808000000000000000e+03 -1.032343278494535742e-02 5.346920642324407558e-01
6.000000000000000000e+00 6.872233929727672441e-01 4.800000000000000000e+01 5.344000000000000000e+03 -1.038185293053751380e-02 5.346057775016844760e-01
6.000000000000000000e+00 6.872233929727672441e-01 4.900000000000000000e+01 4.080000000000000000e+03 -1.039469141560913842e-02 5.408947126985523823e-01
6.000000000000000000e+00 6.872233929727672441e-01 5.000000000000000000e+01 5.280000000000000000e+03 -1.038079276060537015e-02 5.299762633462603567e-01
6.000000000000000000e+00 6.872233929727672441e-01 5.100000000000000000e+01 5.472000000000000000e+03 -1.039127894966545944e-02 5.346972505524951735e-01
6.000000000000000000e+00 6.872233929727672441e-01 5.200000000000000000e+01 4.992000000000000000e+03 -1.037482218087868759e-02 5.337943920556778021e-01
6.000000000000000000e+00 6.872233929727672441e-01 5.300000000000000000e+01 5.248000000000000000e+03 -1.035386015196972272e-02 5.321104038227270072e-01
6.000000000000000000e+00 6.872233929727672441e-01 5.400000000000000000e+01 5.488000000000000000e+03 -1.045601543218530050e-02 5.326277588690149223e-01
6.000000000000000000e+00 6.872233929727672441e-01 5.500000000000000000e+01 5.280000000000000000e+03 -1.027365260045947672e-02 5.353950608006105005e-01
6.000000000000000000e+00 6.872233929727672441e-01 5.600000000000000000e+01 5.712000000000000000e+03 -1.048000793795096641e-02 5.373973034870577203e-01
6.000000000000000000e+00 6.872233929727672441e-01 5.700000000000000000e+01 5.792000000000000000e+03 -1.031864712750102907e-02 5.388441114527214859e-01
6.000000000000000000e+00 6.872233929727672441e-01 5.800000000000000000e+01 5.712000000000000000e+03 -1.027670043661193036e-02 5.323691064065784184e-01
6.000000000000000000e+00 6.872233929727672441e-01 5.900000000000000000e+01 5.568000000000000000e+03 -1.037333026180761210e-02 5.303300357897147155e-01
6.000000000000000000e+00 6.872233929727672441e-01 6.000000000000000000e+01 5.744000000000000000e+03 -1.033045878310286277e-02 5.286328283584780241e-01
6.000000000000000000e+00 6.872233929727672441e-01 6.100000000000000000e+01 5.344000000000000000e+03 -1.026880996684722755e-02 5.337063225681424328e-01
6.000000000000000000e+00 6.872233929727672441e-01 6.200000000000000000e+01 5.824000000000000000e+03 -1.021824188684542466e-02 5.356263733493602519e-01
6.000000000000000000e+00 6.872233929727672441e-01 6.300000000000000000e+01 5.792000000000000000e+03 -1.038099597592456388e-02 5.358673042819637189e-01
7.000000000000000000e+00 7.853981633974482790e-01 0.000000000000000000e+00 2.784000000000000000e+03 -1.071641486358876696e-02 5.315349918767028337e-01
7.000000000000000000e+00 7.853981633974482790e-01 1.000000000000000000e+00 4.848000000000000000e+03 -1.090838455242767839e-02 5.283923462940144367e-01
7.000000000000000000e+00 7.853981633974482790e-01 2.000000000000000000e+00 5.248000000000000000e+03 -1.115154651506410077e-02 5.340468746284022794e-01
7.000000000000000000e+00 7.853981633974482790e-01 3.000000000000000000e+00 4.816000000000000000e+03 -1.091362818913688831e-02 5.317496453987256011e-01
7.000000000000000000e+00 7.853981633974482790e-01 4.000000000000000000e+00 5.328000000000000000e+03 -1.089729650970592753e-02 5.325015592098240047e-01
7.000000000000000000e+00 7.853981633974482790e-01 5.000000000000000000e+00 5.536000000000000000e+03 -1.108214527738915489e-02 5.299701681512638540e-01
7.000000000000000000e+00 7.853981633974482790e-01 6.000000000000000000e+00 5.744000000000000000e+03 -1.094700821298165427e-02 5.337412202023126273e-01
7.000000000000000000e+00 7.853981633974482790e-01 7.000000000000000000e+00 5.200000000000000000e+03 -1.102895692444138404e-02 5.363648847769806327e-01
7.000000000000000000e+00 7.853981633974482790e-01 8.000000000000000000e+00 5.616000000000000000e+03 -1.112927198115125013e-02 5.359272235208401014e-01
7.000000000000000000e+00 7.853981633974482790e-01 9.000000000000000000e+00 5.632000000000000000e+03 -1.109598177190793469e-02 5.375397664503956952e-01
7.000000000000000000e+00 7.853981633974482790e-01 1.000000000000000000e+01 5.632000000000000000e+03 -1.103001442759481317e-02 5.338423815443614773e-01
7.000000000000000000e+00 7.853981633974482790e-01 1.100000000000000000e+01 5.744000000000000000e+03 -1.104940016474965925e-02 5.339966216651442776e-01
7.000000000000000000e+00 7.853981633974482790e-01 1.200000000000000000e+01 5.264000000000000000e+03 -1.104884044967108757e-02 5.309033188031130335e-01
7.000000000000000000e+00 7.853981633974482790e-01 1.300000000000000000e+01 5.568000000000000000e+03 -1.103727254965152296e-02 5.300810815913273855e-01
7.000000000000000000e+00 7.853981633974482790e-01 1.400000000000000000e+01 5.488000000000000000e+03 -1.097403081610905974e-02 5.290546188166300734e-01
7.000000000000000000e+00 7.853981633974482790e-01 1.500000000000000000e+01 5.616000000000000000e+03 -1.117625513047758486e-02 5.299130125706761341e-01
7.000000000000000000e+00 7.853981633974482790e-01 1.600000000000000000e+01 5.232000000000000000e+03 -1.082956938088037308e-02 5.316231814818060952e-01
7.000000000000000000e+00 7.853981633974482790e-01 1.700000000000000000e+01 5.472000000000000000e+03 -1.099424052837278364e-02 5.286842448551370977e-01
7.000000000000000000e+00 7.853981633974482790e-01 1.800000000000000000e+01 5.392000000000000000e+03 -1.098432440175207796e-02 5.340527417917732000e-01
7.000000000000000000e+00 7.853981633974482790e-01 1.900000000000000000e+01 5.584000000000000000e+03 -1.080917954700484976e-02 5.302064437546288866e-01
7.000000000000000000e+00 7.853981633974482790e-01 2.000000000000000000e+01 5.600000000000000000e+03 -1.087773989644679438e-02 5.336217131296150384e-01
7.000000000000000000e+00 7.853981633974482790e-01 2.100000000000000000e+01 5.792000000000000000e+03 -1.100532888739266281e-02 5.277291264942854943e-01
7.000000000000000000e+00 7.853981633974482790e-01 2.200000000000000000e+01 5.904000000000000000e+03 -1.103732736735599414e-02 5.352631445493867268e-01
7.000000000000000000e+00 7.853981633974482790e-01 2.300000000000000000e+01 5.680000000000000000e+03 -1.106525090609995765e-02 5.330410208605955713e-01
7.000000000000000000e+00 7.853981633974482790e-01 2.400000000000000000e+01 5.840000000000000000e+03 -1.108585487832881682e-02 5.305374347468925222e-01
7.000000000000000000e+00 7.853981633974482790e-01 2.500000000000000000e+01 5.888000000000000000e+03 -1.096057645935436843e-02 5.309196754921643446e-01
7.000000000000000000e+00 7.853981633974482790e-01 2.600000000000000000e+01 5.808000000000000000e+03 -1.106577286867617589e-02 5.334070701260111846e-01
7.000000000000000000e+00 7.853981633974482790e-01 2.700000000000000000e+01 5.968000000000000000e+03 -1.122783101744968294e-02 5.336176768945192217e-01
7.000000000000000000e+00 7.853981633974482790e-01 2.800000000000000000e+01 5.984000000000000000e+03 -1.091830648574349319e-02 5.317702601753770963e-01
7.000000000000000000e+00 7.853981633974482790e-01 2.900000000000000000e+01 5.968000000000000000e+03 -1.111916127756982717e-02 5.297483049770213004e-01
7.000000000000000000e+00 7.853981633974482790e-01 3.000000000000000000e+01 5.728000000000000000e+03 -1.081621451381738382e-02 5.307033836169061658e-01
7.000000000000000000e+00 7.853981633974482790e-01 3.100000000000000000e+01 5.600000000000000000e+03 -1.089093180263954810e-02 5.343012361080821115e-01
7.000000000000000000e+00 7.853981633974482790e-01 3.200000000000000000e+01 5.712000000000000000e+03 -1.094184444077737038e-02 5.301799456023411627e-01
7.000000000000000000e+00 7.853981633974482790e-01 3.300000000000000000e+01 5.280000000000000000e+03 -1.110166303704154117e-02 5.342013932895348649e-01
7.000000000000000000e+00 7.853981633974482790e-01 3.400000000000000000e+01 5.760000000000000000e+03 -1.090035901356903314e-02 5.327959583220890361e-01
7.000000000000000000e+00 7.853981633974482790e-01 3.500000000000000000e+01 4.864000000000000000e+03 -1.094378988081026738e-02 5.316008751355929540e-01
7.000000000000000000e+00 7.853981633974482790e-01 3.600000000000000000e+01 2.704000000000000000e+03 -1.071271475106499831e-02 5.356538852650643001e-01
7.000000000000000000e+00 7.853981633974482790e-01 3.700000000000000000e+01 5.728000000000000000e+03 -1.089801966471020019e-02 5.261051768849502874e-01
7.000000000000000000e+00 7.853981633974482790e-01 3.800000000000000000e+01 5.088000000000000000e+03 -1.111852490971564945e-02 5.336162788635263610e-01
7.000000000000000000e+00 7.853981633974482790e-01 3.900000000000000000e+01 5.280000000000000000e+03 -1.088886984380111646e-02 5.338559336749131301e-01
7.000000000000000000e+00 7.853981633974482790e-01 4.000000000000000000e+01 5.344000000000000000e+03 -1.113805896912157742e-02 5.333257925326617688e-01
7.000000000000000000e+00 7.853981633974482790e-01 4.100000000000000000e+01 5.456000000000000000e+03 -1.099633153891439556e-02 5.311422271066722489e-01
7.000000000000000000e+00 7.853981633974482790e-01 4.200000000000000000e+01 5.920000000000000000e+03 -1.128778992600221361e-02 5.324400823441705066e-01
7.000000000000000000e+00 7.853981633974482790e-01 4.300000000000000000e+01 5.840000000000000000e+03 -1.091734376978825347e-02 5.279621802153778853e-01
7.000000000000000000e+00 7.853981633974482790e-01 4.400000000000000000e+01 5.376000000000000000e+03 -1.085864818542173899e-02 5.316253064396991856e-01
7.000000000000000000e+00 7.853981633974482790e-01 4.500000000000000000e+01 5.488000000000000000e+03 -1.091935570237784897e-02 5.290475537429403241e-01
7.000000000000000000e+00 7.853981633974482790e-01 4.600000000000000000e+01 5.488000000000000000e+03 -1.116820633150044165e-02 5.397249015468605915e-01
7.000000000000000000e+00 7.853981633974482790e-01 4.700000000000000000e+01 5.664000000000000000e+03 -1.083064085302010843e-02 5.318118614803690747e-01
7.000000000000000000e+00 7.853981633974482790e-01 4.800000000000000000e+01 5.424000000000000000e+03 -1.103618785813334155e-02 5.351951229189104708e-01
7.000000000000000000e+00 7.853981633974482790e-01 4.900000000000000000e+01 5.216000000000000000e+03 -1.104879665441233470e-02 5.338950608068074866e-01
7.000000000000000000e+00 7.853981633974482790e-01 5.000000000000000000e+01 5.216000000000000000e+03 -1.102572531959244463e-02 5.321777679518192583e-01
7.000000000000000000e+00 7.853981633974482790e-01 5.100000000000000000e+01 5.648000000000000000e+03 -1.093218949065461430e-02 5.276300284907124993e-01
7.000000000000000000e+00 7.853981633974482790e-01 5.200000000000000000e+01 5.520000000000000000e+03 -1.086242483086923179e-02 5.326824083339487537e-01
7.000000000000000000e+00 7.853981633974482790e-01 5.300000000000000000e+01 5.712000000000000000e+03 -1.116146056057877416e-02 5.313191249359801027e-01
7.000000000000000000e+00 7.853981633974482790e-01 5.400000000000000000e+01 5.744000000000000000e+03 -1.097012151264866245e-02 5.273498207182778508e-01
7.000000000000000000e+00 7.853981633974482790e-01 5.500000000000000000e+01 5.264000000000000000e+03 -1.102863125190325921e-02 5.289477842604830560e-01
7.000000000000000000e+00 7.853981633974482790e-01 5.600000000000000000e+01 5.408000000000000000e+03 -1.108793795279763329e-02 5.370770728538087901e-01
7.000000000000000000e+00 7.853981633974482790e-01 5.700000000000000000e+01 5.312000000000000000e+03 -1.089221953686643832e-02 5.320255494480157221e-01
7.000000000000000000e+00 7.853981633974482790e-01 5.800000000000000000e+01 5.472000000000000000e+03 -1.102577495152855767e-02 5.310897152483867734e-01
7.000000000000000000e+00 7.853981633974482790e-01 5.900000000000000000e+01 5.344000000000000000e+03 -1.096740399931385966e-02 5.343189658033228318e-01
7.000000000000000000e+00 7.853981633974482790e-01 6.000000000000000000e+01 5.712000000000000000e+03 -1.112385940695683091e-02 5.334545527184629821e-01
7.000000000000000000e+00 7.853981633974482790e-01 6.100000000000000000e+01 5.312000000000000000e+03 -1.106820335554172668e-02 5.324310915966125046e-01
7.000000000000000000e+00 7.853981633974482790e-01 6.200000000000000000e+01 5.680000000000000000e+03 -1.108921259520579718e-02 5.331640342236041441e-01
7.000000000000000000e+00 7.853981633974482790e-01 6.300000000000000000e+01 5.488000000000000000e+03 -1.112384701707718609e-02 5.312980996747139750e-01
8.000000000000000000e+00 8.835729338221293139e-01 0.000000000000000000e+00 5.776000000000000000e+03 -1.132731515560632049e-02 5.308837679347976346e-01
8.000000000000000000e+00 8.835729338221293139e-01 1.000000000000000000e+00 5.744000000000000000e+03 -1.120722361318046874e-02 5.310930442378987149e-01
8.000000000000000000e+00 8.835729338221293139e-01 2.000000000000000000e+00 5.696000000000000000e+03 -1.115106491165344417e-02 5.308469988540833739e-01
8.000000000000000000e+00 8.835729338221293139e-01 3.000000000000000000e+00 5.472000000000000000e+03 -1.124675364855795036e-02 5.298267367450095744e-01
8.000000000000000000e+00 8.835729338221293139e-01 4.000000000000000000e+00 5.696000000000000000e+03 -1.124240391266181395e-02 5.290007672875641775e-01
8.000000000000000000e+00 8.835729338221293139e-01 5.000000000000000000e+00 5.680000000000000000e+03 -1.125062097866651525e-02 5.277647767506504772e-01
8.000000000000000000e+00 8.835729338221293139e-01 6.000000000000000000e+00 5.664000000000000000e+03 -1.126887863209780766e-02 5.333331754746269970e-01
8.000000000000000000e+00 8.835729338221293139e-01 7.000000000000000000e+00 5.232000000000000000e+03 -1.114614302807005047e-02 5.299057053818835294e-01
8.000000000000000000e+00 8.835729338221293139e-01 8.000000000000000000e+00 5.008000000000000000e+03 -1.125058751441608725e-02 5.295543871305160577e-01
8.000000000000000000e+00 8.835729338221293139e-01 9.000000000000000000e+00 5.280000000000000000e+03 -1.096951804688627713e-02 5.305452675087725112e-01
8.000000000000000000e+00 8.835729338221293139e-01 1.000000000000000000e+01 5.216000000000000000e+03 -1.109105090087532733e-02 5.290327279816371409e-01
8.000000000000000000e+00 8.835729338221293139e-01 1.100000000000000000e+01 5.232000000000000000e+03 -1.112367216879325479e-02 5.342826818491336338e-01
8.000000000000000000e+00 8.835729338221293139e-01 1.200000000000000000e+01 5.648000000000000000e+03 -1.100766123254155737e-02 5.242374546448229644e-01
8.000000000000000000e+00 8.835729338221293139e-01 1.300000000000000000e+01 5.600000000000000000e+03 -1.134130850847616355e-02 5.302221529119608423e-01
8.000000000000000000e+00 8.835729338221293139e-01 1.400000000000000000e+01 5.680000000000000000e+03 -1.109799420667712845e-02 5.261492096901277948e-01
8.000000000000000000e+00 8.835729338221293139e-01 1.500000000000000000e+01 5.632000000000000000e+03 -1.108303288013058954e-02 5.318998411229437506e-01
8.000000000000000000e+00 8.835729338221293139e-01 1.600000000000000000e+01 5.616000000000000000e+03 -1.126741873529033162e-02 5.306512328203766282e-01
8.000000000000000000e+00 8.835729338221293139e-01 1.700000000000000000e+01 5.584000000000000000e+03 -1.121577672424024265e-02 5.331591356419485006e-01
8.000000000000000000e+00 8.835729338221293139e-01 1.800000000000000000e+01 5.824000000000000000e+03 -1.120778273050863395e-02 5.294835717746112502e-01
8.000000000000000000e+00 8.835729338221293139e-01 1.900000000000000000e+01 4.784000000000000000e+03 -1.129133555945900473e-02 5.288849599680122138e-01
8.000000000000000000e+00 8.835729338221293139e-01 2.000000000000000000e+01 5.536000000000000000e+03 -1.131890195451764128e-02 5.316923551755099453e-01
8.000000000000000000e+00 8.835729338221293139e-01 2.100000000000000000e+01 5.488000000000000000e+03 -1.141388171915602538e-02 5.250992116372220631e-01
8.000000000000000000e+00 8.835729338221293139e-01 2.200000000000000000e+01 5.024000000000000000e+03 -1.122796578722303623e-02 5.299201335096668242e-01
8.000000000000000000e+00 8.835729338221293139e-01 2.300000000000000000e+01 5.200000000000000000e+03 -1.133740428399986934e-02 5.342672748382601977e-01
8.000000000000000000e+00 8.835729338221293139e-01 2.400000000000000000e+01 5.344000000000000000e+03 -1.121205019030792858e-02 5.323539765322666817e-01
8.000000000000000000e+00 8.835729338221293139e-01 2.500000000000000000e+01 5.552000000000000000e+03 -1.121003754382185816e-02 5.327949762656617461e-01
8.000000000000000000e+00 8.835729338221293139e-01 2.600000000000000000e+01 5.376000000000000000e+03 -1.138261798027925473e-02 5.293453456787657885e-01
8.000000000000000000e+00 8.835729338221293139e-01 2.700000000000000000e+01 5.248000000000000000e+03 -1.129607663880045389e-02 5.253884812978589780e-01
8.000000000000000000e+00 8.835729338221293139e-01 2.800000000000000000e+01 5.408000000000000000e+03 -1.128099162906749664e-02 5.282367722444748503e-01
8.000000000000000000e+00 8.835729338221293139e-01 2.900000000000000000e+01 5.696000000000000000e+03 -1.114253460740301412e-02 5.283240153492057001e-01
8.000000000000000000e+00 8.835729338221293139e-01 3.000000000000000000e+01 5.776000000000000000e+03 -1.144634722040271772e-02 5.304890786347122855e-01
8.000000000000000000e+00 8.835729338221293139e-01 3.100000000000000000e+01 5.872000000000000000e+03 -1.111693588363306395e-02 5.305073065801753085e-01
8.000000000000000000e+00 8.835729338221293139e-01 3.200000000000000000e+01 5.568000000000000000e+03 -1.135703974851837508e-02 5.316450692261963651e-01
8.000000000000000000e+00 8.835729338221293139e-01 3.300000000000000000e+01 5.360000000000000000e+03 -1.113065236721663340e-02 5.254176849915406233e-01
8.000000000000000000e+00 8.835729338221293139e-01 3.400000000000000000e+01 5.552000000000000000e+03 -1.106389188623686445e-02 5.315403191963613549e-01
8.000000000000000000e+00 8.835729338221293139e-01 3.500000000000000000e+01 5.504000000000000000e+03 -1.127885766366499252e-02 5.311198714511974339e-01
8.000000000000000000e+00 8.835729338221293139e-01 3.600000000000000000e+01 5.552000000000000000e+03 -1.126384007800500416e-02 5.316104031447715927e-01
8.000000000000000000e+00 8.835729338221293139e-01 3.700000000000000000e+01 5.808000000000000000e+03 -1.134931687057008816e-02 5.302807298781796463e-01
8.000000000000000000e+00 8.835729338221293139e-01 3.800000000000000000e+01 5.568000000000000000e+03 -1.119964802077176753e-02 5.288074771052472256e-01
8.000000000000000000e+00 8.835729338221293139e-01 3.900000000000000000e+01 5.824000000000000000e+03 -1.130596709004105804e-02 5.312953530782142941e-01
8.000000000000000000e+00 8.835729338221293139e-01 4.000000000000000000e+01 5.488000000000000000e+03 -1.113106463971081164e-02 5.311976845485961718e-01
8.000000000000000000e+00 8.835729338221293139e-01 4.100000000000000000e+01 5.808000000000000000e+03 -1.114485662151537028e-02 5.329191047411311333e-01
8.000000000000000000e+00 8.835729338221293139e-01 4.200000000000000000e+01 5.888000000000000000e+03 -1.130806316780107353e-02 5.315700966074319300e-01
8.000000000000000000e+00 8.835729338221293139e-01 4.300000000000000000e+01 5.776000000000000000e+03 -1.133281110687340588e-02 5.261587261546830652e-01
8.000000000000000000e+00 8.835729338221293139e-01 4.400000000000000000e+01 5.840000000000000000e+03 -1.117806075445621286e-02 5.336851514548510700e-01
8.000000000000000000e+00 8.835729338221293139e-01 4.500000000000000000e+01 5.760000000000000000e+03 -1.114229308642206845e-02 5.341270793309208509e-01
8.000000000000000000e+00 8.835729338221293139e-01 4.600000000000000000e+01 5.680000000000000000e+03 -1.133201539841192235e-02 5.303635734567362370e-01
8.000000000000000000e+00 8.835729338221293139e-01 4.700000000000000000e+01 5.712000000000000000e+03 -1.121419856556441809e-02 5.291161536890036654e-01
8.000000000000000000e+00 8.835729338221293139e-01 4.800000000000000000e+01 5.904000000000000000e+03 -1.123732529923297981e-02 5.287249654506599450e-01
8.000000000000000000e+00 8.835729338221293139e-01 4.900000000000000000e+01 5.696000000000000000e+03 -1.109066370666182688e-02 5.313182687393184223e-01
8.000000000000000000e+00 8.835729338221293139e-01 5.000000000000000000e+01 6.032000000000000000e+03 -1.133357711903695136e-02 5.321866273437526607e-01
8.000000000000000000e+00 8.835729338221293139e-01 5.100000000000000000e+01 5.856000000000000000e+03 -1.132231316494423240e-02 5.353815681743393506e-01
8.000000000000000000e+00 8.835729338221293139e-01 5.200000000000000000e+01 5.952000000000000000e+03 -1.138184851652115047e-02 5.291363687293384466e-01
8.000000000000000000e+00 8.835729338221293139e-01 5.300000000000000000e+01 6.080000000000000000e+03 -1.124779049191110096e-02 5.314136348475245741e-01
8.000000000000000000e+00 8.835729338221293139e-01 5.400000000000000000e+01 5.824000000000000000e+03 -1.137984202127355522e-02 5.297240317228572026e-01
8.000000000000000000e+00 8.835729338221293139e-01 5.500000000000000000e+01 5.744000000000000000e+03 -1.134046022530973453e-02 5.336980540407890716e-01
8.000000000000000000e+00 8.835729338221293139e-01 5.600000000000000000e+01 5.232000000000000000e+03 -1.117000505211438767e-02 5.313089441346898756e-01
8.000000000000000000e+00 8.835729338221293139e-01 5.700000000000000000e+01 5.104000000000000000e+03 -1.130644921569104282e-02 5.307584193150933771e-01
8.000000000000000000e+00 8.835729338221293139e-01 5.800000000000000000e+01 4.960000000000000000e+03 -1.115795035677649531e-02 5.276965845898741181e-01
8.000000000000000000e+00 8.835729338221293139e-01 5.900000000000000000e+01 5.168000000000000000e+03 -1.124379907908842902e-02 5.336254045034578564e-01
8.000000000000000000e+00 8.835729338221293139e-01 6.000000000000000000e+01 5.104000000000000000e+03 -1.118062164758820524e-02 5.313220497275088494e-01
8.000000000000000000e+00 8.835729338221293139e-01 6.100000000000000000e+01 4.624000000000000000e+03 -1.118120996698882159e-02 5.347761770176531204e-01
8.000000000000000000e+00 8.835729338221293139e-01 6.200000000000000000e+01 4.144000000000000000e+03 -1.131940350436470843e-02 5.312987096826345956e-01
8.000000000000000000e+00 8.835729338221293139e-01 6.300000000000000000e+01 4.544000000000000000e+03 -1.125254434162505264e-02 5.246683244986808381e-01
9.000000000000000000e+00 9.817477042468103487e-01 0.000000000000000000e+00 5.824000000000000000e+03 -1.114912147009309781e-02 5.273029886274948064e-01
9.000000000000000000e+00 9.817477042468103487e-01 1.000000000000000000e+00 5.648000000000000000e+03 -1.092876039729140381e-02 5.323939177501165743e-01
9.000000000000000000e+00 9.817477042468103487e-01 2.000000000000000000e+00 5.696000000000000000e+03 -1.110273816616694741e-02 5.263379420601107528e-01
9.000000000000000000e+00 9.817477042468103487e-01 3.000000000000000000e+00 5.792000000000000000e+03 -1.088765970441364465e-02 5.296215226352110061e-01
9.000000000000000000e+00 9.817477042468103487e-01 4.000000000000000000e+00 5.440000000000000000e+03 -1.067333649219704209e-02 5.285152271226978282e-01
9.000000000000000000e+00 9.817477042468103487e-01 5.000000000000000000e+00 5.568000000000000000e+03 -1.095218774942118695e-02 5.303387070714440377e-01
9.000000000000000000e+00 9.817477042468103487e-01 6.000000000000000000e+00 5.552000000000000000e+03 -1.097297757038108272e-02 5.326417825571150289e-01
9.000000000000000000e+00 9.817477042468103487e-01 7.000000000000000000e+00 5.296000000000000000e+03 -1.073080337693106505e-02 5.247895017191281930e-01
9.000000000000000000e+00 9.817477042468103487e-01 8.000000000000000000e+00 5.072000000000000000e+03 -1.089474159991163545e-02 5.297405194122936090e-01
9.000000000000000000e+00 9.817477042468103487e-01 9.000000000000000000e+00 5.504000000000000000e+03 -1.087592265889418715e-02 5.294342497131345748e-01
9.000000000000000000e+00 9.817477042468103487e-01 1.000000000000000000e+01 5.552000000000000000e+03 -1.106047744662524285e-02 5.263740288716337590e-01
9.000000000000000000e+00 9.817477042468103487e-01 1.100000000000000000e+01 5.824000000000000000e+03 -1.108591282451604036e-02 5.244812768858315710e-01
9.000000000000000000e+00 9.817477042468103487e-01 1.200000000000000000e+01 5.744000000000000000e+03 -1.086156720940691274e-02 5.268800821925642142e-01
9.000000000000000000e+00 9.817477042468103487e-01 1.300000000000000000e+01 5.520000000000000000e+03 -1.093238737156822585e-02 5.247829355051203404e-01
9.000000000000000000e+00 9.817477042468103487e-01 1.400000000000000000e+01 5.712000000000000000e+03 -1.076988557868495053e-02 5.270387897230630614e-01
9.000000000000000000e+00 9.817477042468103487e-01 1.500000000000000000e+01 5.616000000000000000e+03 -1.104065947854529321e-02 5.274660274408816685e-01
9.000000000000000000e+00 9.817477042468103487e-01 1.600000000000000000e+01 5.424000000000000000e+03 -1.089683069232430176e-02 5.286970937207788879e-01
9.000000000000000000e+00 9.817477042468103487e-01 1.700000000000000000e+01 5.632000000000000000e+03 -1.100736846667798967e-02 5.345036669164336951e-01
9.000000000000000000e+00 9.817477042468103487e-01 1.800000000000000000e+01 5.680000000000000000e+03 -1.067388770651393586e-02 5.235855402605718023e-01
9.000000000000000000e+00 9.817477042468103487e-01 1.900000000000000000e+01 5.632000000000000000e+03 -1.098213101315832080e-02 5.311453421772550643e-01
9.000000000000000000e+00 9.817477042468103487e-01 2.000000000000000000e+01 5.696000000000000000e+03 -1.085692394505212086e-02 5.305566128750609511e-01
9.000000000000000000e+00 9.817477042468103487e-01 2.100000000000000000e+01 5.680000000000000000e+03 -1.086659391666257128e-02 5.298130640335184660e-01
9.000000000000000000e+00 9.817477042468103487e-01 2.200000000000000000e+01 5.616000000000000000e+03 -1.096942820976865018e-02 5.306666562705887324e-01
9.000000000000000000e+00 9.817477042468103487e-01 2.300000000000000000e+01 5.920000000000000000e+03 -1.124510669559610973e-02 5.288918146113846808e-01
9.000000000000000000e+00 9.817477042468103487e-01 2.400000000000000000e+01 5.856000000000000000e+03 -1.096092793946339995e-02 5.277758997202260938e-01
9.000000000000000000e+00 9.817477042468103487e-01 2.500000000000000000e+01 5.584000000000000000e+03 -1.091660060628432335e-02 5.301045241094571869e-01
9.000000000000000000e+00 9.817477042468103487e-01 2.600000000000000000e+01 5.568000000000000000e+03 -1.086296050732769858e-02 5.247920099350886769e-01
9.000000000000000000e+00 9.817477042468103487e-01 2.700000000000000000e+01 5.488000000000000000e+03 -1.127531516006135236e-02 5.265142211987710041e-01
9.000000000000000000e+00 9.817477042468103487e-01 2.800000000000000000e+01 5.056000000000000000e+03 -1.113788325589393918e-02 5.338111878406515132e-01
9.000000000000000000e+00 9.817477042468103487e-01 2.900000000000000000e+01 5.456000000000000000e+03 -1.097138895825794207e-02 5.245465494795823469e-01
9.000000000000000000e+00 9.817477042468103487e-01 3.000000000000000000e+01 5.344000000000000000e+03 -1.085447377112045732e-02 5.294589583107969233e-01
9.000000000000000000e+00 9.817477042468103487e-01 3.100000000000000000e+01 5.600000000000000000e+03 -1.093294212462584715e-02 5.338015417425394649e-01
9.000000000000000000e+00 9.817477042468103487e-01 3.200000000000000000e+01 5.056000000000000000e+03 -1.106010286579756433e-02 5.274603682886256362e-01
9.000000000000000000e+00 9.817477042468103487e-01 3.300000000000000000e+01 4.960000000000000000e+03 -1.087503276192869003e-02 5.314865119622712575e-01
9.000000000000000000e+00 9.817477042468103487e-01 3.400000000000000000e+01 5.152000000000000000e+03 -1.085164357195892749e-02 5.327177556719056017e-01
9.000000000000000000e+00 9.817477042468103487e-01 3.500000000000000000e+01 5.440000000000000000e+03 -1.109848724211180346e-02 5.302726683024288068e-01
9.000000000000000000e+00 9.817477042468103487e-01 3.600000000000000000e+01 5.248000000000000000e+03 -1.110999152763805786e-02 5.270773289942234374e-01
9.000000000000000000e+00 9.817477042468103487e-01 3.700000000000000000e+01 5.600000000000000000e+03 -1.105969738474623168e-02 5.254393689614016427e-01
9.000000000000000000e+00 9.817477042468103487e-01 3.800000000000000000e+01 5.216000000000000000e+03 -1.081819072430978933e-02 5.275459720644438688e-01
9.000000000000000000e+00 9.817477042468103487e-01 3.900000000000000000e+01 5.504000000000000000e+03 -1.103882957230404790e-02 5.291049769087448063e-01
9.000000000000000000e+00 9.817477042468103487e-01 4.000000000000000000e+01 4.896000000000000000e+03 -1.074337379971082931e-02 5.278855330229285103e-01
9.000000000000000000e+00 9.817477042468103487e-01 4.100000000000000000e+01 4.912000000000000000e+03 -1.062428135973071328e-02 5.251756155250156821e-01
9.000000000000000000e+00 9.817477042468103487e-01 4.200000000000000000e+01 5.520000000000000000e+03 -1.069689241705606975e-02 5.257698817541823777e-01
9.000000000000000000e+00 9.817477042468103487e-01 4.300000000000000000e+01 5.504000000000000000e+03 -1.116260854839086318e-02 5.323558232519397526e-01
9.000000000000000000e+00 9.817477042468103487e-01 4.400000000000000000e+01 5.520000000000000000e+03 -1.099415891560376508e-02 5.290947442283079338e-01
9.000000000000000000e+00 9.817477042468103487e-01 4.500000000000000000e+01 5.504000000000000000e+03 -1.112283715488348625e-02 5.348566507917650314e-01
9.000000000000000000e+00 9.817477042468103487e-01 4.600000000000000000e+01 5.600000000000000000e+03 -1.085886520514348259e-02 5.280797343211723893e-01
9.000000000000000000e+00 9.817477042468103487e-01 4.700000000000000000e+01 5.664000000000000000e+03 -1.096508309417217573e-02 5.305498754626484237e-01
9.000000000000000000e+00 9.817477042468103487e-01 4.800000000000000000e+01 5.184000000000000000e+03 -1.076564647076921032e-02 5.272177749747978259e-01
9.000000000000000000e+00 9.817477042468103487e-01 4.900000000000000000e+01 5.632000000000000000e+03 -1.107461792000455705e-02 5.319056186849004941e-01
9.000000000000000000e+00 9.817477042468103487e-01 5.000000000000000000e+01 5.600000000000000000e+03 -1.083642923197003852e-02 5.286796752876912198e-01
9.000000000000000000e+00 9.817477042468103487e-01 5.100000000000000000e+01 5.824000000000000000e+03 -1.086747151874395238e-02 5.293471440660845184e-01
9.000000000000000000e+00 9.817477042468103487e-01 5.200000000000000000e+01 5.616000000000000000e+03 -1.070830550982744891e-02 5.283608473290738461e-01
9.000000000000000000e+00 9.817477042468103487e-01 5.300000000000000000e+01 3.872000000000000000e+03 -1.096690889739267150e-02 5.285660139116732381e-01
9.000000000000000000e+00 9.817477042468103487e-01 5.400000000000000000e+01 5.248000000000000000e+03 -1.090325962515668705e-02 5.296721634801212497e-01
9.000000000000000000e+00 9.817477042468103487e-01 5.500000000000000000e+01 5.248000000000000000e+03 -1.079871603704285130e-02 5.293736198158242034e-01
9.000000000000000000e+00 9.817477042468103487e-01 5.600000000000000000e+01 5.424000000000000000e+03 -1.092287141702314758e-02 5.267250235572212835e-01
9.000000000000000000e+00 9.817477042468103487e-01 5.700000000000000000e+01 5.680000000000000000e+03 -1.087316767189555090e-02 5.305926353744355728e-01
9.000000000000000000e+00 9.817477042468103487e-01 5.800000000000000000e+01 5.536000000000000000e+03 -1.091843119980599047e-02 5.274949129597389375e-01
9.000000000000000000e+00 9.817477042468103487e-01 5.900000000000000000e+01 5.296000000000000000e+03 -1.087335587729472072e-02 5.246538804702949310e-01
9.000000000000000000e+00 9.817477042468103487e-01 6.000000000000000000e+01 5.248000000000000000e+03 -1.108685130706174755e-02 5.298148571801316598e-01
9.000000000000000000e+00 9.817477042468103487e-01 6.100000000000000000e+01 5.248000000000000000e+03 -1.104389577785143232e-02 5.302091569641320667e-01
9.000000000000000000e+00 9.817477042468103487e-01 6.200000000000000000e+01 5.520000000000000000e+03 -1.094864332390065899e-02 5.258853300024126654e-01
9.000000000000000000e+00 9.817477042468103487e-01 6.300000000000000000e+01 5.344000000000000000e+03 -1.076396508299441029e-02 5.253558697439421055e-01
1.000000000000000000e+01 1.079922474671491273e+00 0.000000000000000000e+00 5.728000000000000000e+03 -1.018035571917134952e-02 5.226063414822803566e-01
1.000000000000000000e+01 1.079922474671491273e+00 1.000000000000000000e+00 5.632000000000000000e+03 -1.013562553815263931e-02 5.220568315234707102e-01
1.000000000000000000e+01 1.079922474671491273e+00 2.000000000000000000e+00 5.104000000000000000e+03 -1.016981013330553983e-02 5.307517767562472955e-01
1.000000000000000000e+01 1.079922474671491273e+00 3.000000000000000000e+00 4.912000000000000000e+03 -1.051895576628649603e-02 5.297700743572956172e-01
1.000000000000000000e+01 1.079922474671491273e+00 4.000000000000000000e+00 1.152000000000000000e+03 -9.952060639818512827e-03 5.290248950523450677e-01
1.000000000000000000e+01 1.079922474671491273e+00 5.000000000000000000e+00 2.784000000000000000e+03 -1.069594254927483563e-02 5.336540473543603946e-01
1.000000000000000000e+01 1.079922474671491273e+00 6.000000000000000000e+00 4.512000000000000000e+03 -1.021832616299704101e-02 5.237144502258045398e-01
1.000000000000000000e+01 1.079922474671491273e+00 7.000000000000000000e+00 9.600000000000000000e+02 -1.011388719947630029e-02 5.197584649945574675e-01
1.000000000000000000e+01 1.079922474671491273e+00 8.000000000000000000e+00 6.400000000000000000e+01 -9.788144547462655429e-03 5.238984986055759130e-01
1.000000000000000000e+01 1.079922474671491273e+00 9.000000000000000000e+00 6.400000000000000000e+01 -1.012981713696659708e-02 5.205379064496028496e-01
1.000000000000000000e+01 1.079922474671491273e+00 1.000000000000000000e+01 6.400000000000000000e+01 -1.084159348398551319e-02 5.169790730345842356e-01
1.000000000000000000e+01 1.079922474671491273e+00 1.100000000000000000e+01 6.400000000000000000e+01 -1.044227047700423822e-02 5.124579411781522431e-01
1.000000000000000000e+01 1.079922474671491273e+00 1.200000000000000000e+01 6.400000000000000000e+01 -1.140801955132932262e-02 5.096482463419885756e-01
1.000000000000000000e+01 1.079922474671491273e+00 1.300000000000000000e+01 6.400000000000000000e+01 -9.576628967662660294e-03 5.080830392784373428e-01
1.000000000000000000e+01 1.079922474671491273e+00 1.400000000000000000e+01 6.400000000000000000e+01 -9.996950759378430904e-03 5.296154336126597251e-01
1.000000000000000000e+01 1.079922474671491273e+00 1.500000000000000000e+01 6.400000000000000000e+01 -9.903846476624286049e-03 5.265802844635835145e-01
1.000000000000000000e+01 1.079922474671491273e+00 1.600000000000000000e+01 6.400000000000000000e+01 -9.641149855051796627e-03 5.719666059648504941e-01
1.000000000000000000e+01 1.079922474671491273e+00 1.700000000000000000e+01 6.400000000000000000e+01 -1.137327667199717306e-02 5.569430012277688524e-01
1.000000000000000000e+01 1.079922474671491273e+00 1.800000000000000000e+01 6.400000000000000000e+01 -1.203860968513517649e-02 5.657012883607733800e-01
1.000000000000000000e+01 1.079922474671491273e+00 1.900000000000000000e+01 6.400000000000000000e+01 -1.097201736713857879e-02 5.396963888453263358e-01
1.000000000000000000e+01 1.079922474671491273e+00 2.000000000000000000e+01 6.400000000000000000e+01 -1.163328220682188080e-02 5.078246714431661202e-01
1.000000000000000000e+01 1.079922474671491273e+00 2.100000000000000000e+01 6.400000000000000000e+01 -1.067107544735823067e-02 5.218904441956783158e-01
1.000000000000000000e+01 1.079922474671491273e+00 2.200000000000000000e+01 6.400000000000000000e+01 -1.176044425096041748e-02 5.264159793895036854e-01
1.000000000000000000e+01 1.079922474671491273e+00 2.300000000000000000e+01 6.400000000000000000e+01 -9.474807692303521822e-03 5.316659744397300713e-01
1.000000000000000000e+01 1.079922474671491273e+00 2.400000000000000000e+01 6.400000000000000000e+01 -1.093841703942506280e-02 5.445093504707362309e-01
1.000000000000000000e+01 1.079922474671491273e+00 2.500000000000000000e+01 6.400000000000000000e+01 -1.167493946343455338e-02 5.152950715576218865e-01
1.000000000000000000e+01 1.079922474671491273e+00 2.600000000000000000e+01 6.400000000000000000e+01 -9.762902870752196427e-03 5.225807745897571577e-01
1.000000000000000000e+01 1.079922474671491273e+00 2.700000000000000000e+01 6.400000000000000000e+01 -8.950601774354997528e-03 5.209853688802124072e-01
1.000000000000000000e+01 1.079922474671491273e+00 2.800000000000000000e+01 6.400000000000000000e+01 -9.269052203457790393e-03 5.397619920559967310e-01
1.000000000000000000e+01 1.079922474671491273e+00 2.900000000000000000e+01 6.400000000000000000e+01 -1.130118804890730723e-02 5.432744094176056304e-01
1.000000000000000000e+01 1.079922474671491273e+00 3.000000000000000000e+01 6.400000000000000000e+01 -1.116747561343606199e-02 5.554336133746535786e-01
1.000000000000000000e+01 1.079922474671491273e+00 3.100000000000000000e+01 6.400000000000000000e+01 -8.505504804242256661e-03 5.155692164996221738e-01
1.000000000000000000e+01 1.079922474671491273e+00 3.200000000000000000e+01 6.400000000000000000e+01 -1.019049185817460200e-02 5.079225054079357093e-01
1.000000000000000000e+01 1.079922474671491273e+00 3.300000000000000000e+01 2.544000000000000000e+03 -1.005642088365538839e-02 5.241903178903773997e-01
1.000000000000000000e+01 1.079922474671491273e+00 3.400000000000000000e+01 5.104000000000000000e+03 -9.897376728185662206e-03 5.305356369245858295e-01
1.000000000000000000e+01 1.079922474671491273e+00 3.500000000000000000e+01 5.120000000000000000e+03 -1.053400290487710965e-02 5.312074284432458660e-01
1.000000000000000000e+01 1.079922474671491273e+00 3.600000000000000000e+01 5.152000000000000000e+03 -1.069510236515846223e-02 5.338642406033728971e-01
1.000000000000000000e+01 1.079922474671491273e+00 3.700000000000000000e+01 4.928000000000000000e+03 -1.016532476230912196e-02 5.289256222543966546e-01
1.000000000000000000e+01 1.079922474671491273e+00 3.800000000000000000e+01 5.280000000000000000e+03 -1.020181720888627304e-02 5.244832479036563022e-01
1.000000000000000000e+01 1.079922474671491273e+00 3.900000000000000000e+01 5.120000000000000000e+03 -1.014333360468818931e-02 5.219545865491601599e-01
1.000000000000000000e+01 1.079922474671491273e+00 4.000000000000000000e+01 5.392000000000000000e+03 -1.034686882228514140e-02 5.227345102140327215e-01
1.000000000000000000e+01 1.079922474671491273e+00 4.100000000000000000e+01 5.120000000000000000e+03 -1.017042274186351347e-02 5.246379068178745886e-01
1.000000000000000000e+01 1.079922474671491273e+00 4.200000000000000000e+01 5.328000000000000000e+03 -1.027019459273932969e-02 5.293042383008701446e-01
1.000000000000000000e+01 1.079922474671491273e+00 4.300000000000000000e+01 5.536000000000000000e+03 -1.026529807460978445e-02 5.284460393437165893e-01
1.000000000000000000e+01 1.079922474671491273e+00 4.400000000000000000e+01 4.880000000000000000e+03 -1.001040829003455382e-02 5.299871145120308435e-01
1.000000000000000000e+01 1.079922474671491273e+00 4.500000000000000000e+01 5.456000000000000000e+03 -1.012606571927249580e-02 5.232800780481114966e-01
1.000000000000000000e+01 1.079922474671491273e+00 4.600000000000000000e+01 5.584000000000000000e+03 -1.003965861868750566e-02 5.310236739166294129e-01
1.000000000000000000e+01 1.079922474671491273e+00 4.700000000000000000e+01 5.488000000000000000e+03 -1.026414531642687311e-02 5.314162512965773244e-01
1.000000000000000000e+01 1.079922474671491273e+00 4.800000000000000000e+01 5.600000000000000000e+03 -1.026598175655353898e-02 5.232022627877123133e-01
1.000000000000000000e+01 1.079922474671491273e+00 4.900000000000000000e+01 5.808000000000000000e+03 -1.009074746163387756e-02 5.252377202840506909e-01
1.000000000000000000e+01 1.079922474671491273e+00 5.000000000000000000e+01 5.888000000000000000e+03 -1.032654775091925228e-02 5.256365408523107075e-01
1.000000000000000000e+01 1.079922474671491273e+00 5.100000000000000000e+01 5.552000000000000000e+03 -1.027877353712683926e-02 5.332464053864509612e-01
1.000000000000000000e+01 1.079922474671491273e+00 5.200000000000000000e+01 5.456000000000000000e+03 -1.026465808905417318e-02 5.316489898212505283e-01
1.000000000000000000e+01 1.079922474671491273e+00 5.300000000000000000e+01 5.840000000000000000e+03 -9.804890227727564370e-03 5.271590332920286226e-01
1.000000000000000000e+01 1.079922474671491273e+00 5.400000000000000000e+01 5.632000000000000000e+03 -1.000010966468278112e-02 5.306100102914865779e-01
1.000000000000000000e+01 1.079922474671491273e+00 5.500000000000000000e+01 5.680000000000000000e+03 -1.024476955500677917e-02 5.294589211082548763e-01
1.000000000000000000e+01 1.079922474671491273e+00 5.600000000000000000e+01 5.776000000000000000e+03 -1.025651144422789172e-02 5.268945048017487087e-01
1.000000000000000000e+01 1.079922474671491273e+00 5.700000000000000000e+01 5.488000000000000000e+03 -1.008238406591939820e-02 5.304471450415693123e-01
1.000000000000000000e+01 1.079922474671491273e+00 5.800000000000000000e+01 5.408000000000000000e+03 -1.000065753528456280e-02 5.284832725765158390e-01
1.000000000000000000e+01 1.079922474671491273e+00 5.900000000000000000e+01 5.232000000000000000e+03 -1.035815609558551204e-02 5.230767642658121774e-01
1.000000000000000000e+01 1.079922474671491273e+00 6.000000000000000000e+01 4.688000000000000000e+03 -1.009183011725556765e-02 5.279653399737455066e-01
1.000000000000000000e+01 1.079922474671491273e+00 6.100000000000000000e+01 4.608000000000000000e+03 -1.041627554264120542e-02 5.303835212181672309e-01
1.000000000000000000e+01 1.079922474671491273e+00 6.200000000000000000e+01 4.688000000000000000e+03 -1.051243316440383935e-02 5.321246953567911886e-01
1.000000000000000000e+01 1.079922474671491273e+00 6.300000000000000000e+01 4.736000000000000000e+03 -1.028943082834623060e-02 5.280177658053618606e-01
1.100000000000000000e+01 1.178097245096172418e+00 0.000000000000000000e+00 4.464000000000000000e+03 -8.453567243332738013e-03 5.230770619498333884e-01
1.100000000000000000e+01 1.178097245096172418e+00 1.000000000000000000e+00 5.248000000000000000e+03 -8.812875543932499264e-03 5.253130751899460771e-01
1.100000000000000000e+01 1.178097245096172418e+00 2.000000000000000000e+00 5.584000000000000000e+03 -8.894199809437331600e-03 5.274516216103313226e-01
1.100000000000000000e+01 1.178097245096172418e+00 3.000000000000000000e+00 5.376000000000000000e+03 -8.952052653596094187e-03 5.284211088846176851e-01
1.100000000000000000e+01 1.178097245096172418e+00 4.000000000000000000e+00 5.536000000000000000e+03 -8.794485113071117896e-03 5.293503275846260792e-01
1.100000000000000000e+01 1.178097245096172418e+00 5.000000000000000000e+00 5.520000000000000000e+03 -8.602454234201497435e-03 5.260326755493961448e-01
1.100000000000000000e+01 1.178097245096172418e+00 6.000000000000000000e+00 5.456000000000000000e+03 -9.098353772949227189e-03 5.261126073161052075e-01
1.100000000000000000e+01 1.178097245096172418e+00 7.000000000000000000e+00 5.328000000000000000e+03 -8.605628417595734617e-03 5.239429949477593107e-01
1.100000000000000000e+01 1.178097245096172418e+00 8.000000000000000000e+00 5.680000000000000000e+03 -8.738173557644999742e-03 5.274139020570671743e-01
1.100000000000000000e+01 1.178097245096172418e+00 9.000000000000000000e+00 5.424000000000000000e+03 -9.069814334212439669e-03 5.284770811763637166e-01
1.100000000000000000e+01 1.178097245096172418e+00 1.000000000000000000e+01 5.056000000000000000e+03 -8.871542816573131651e-03 5.279546893282837106e-01
1.100000000000000000e+01 1.178097245096172418e+00 1.100000000000000000e+01 5.280000000000000000e+03 -8.776235581493664270e-03 5.234539107406143144e-01
1.100000000000000000e+01 1.178097245096172418e+00 1.200000000000000000e+01 5.584000000000000000e+03 -8.711075819557635713e-03 5.272237967103774459e-01
1.100000000000000000e+01 1.178097245096172418e+00 1.300000000000000000e+01 5.488000000000000000e+03 -8.711135609057514551e-03 5.243057073483122776e-01
1.100000000000000000e+01 1.178097245096172418e+00 1.400000000000000000e+01 4.672000000000000000e+03 -8.740572372255957234e-03 5.222212445795455515e-01
1.100000000000000000e+01 1.178097245096172418e+00 1.500000000000000000e+01 4.560000000000000000e+03 -8.717381067814330281e-03 5.194526580275262706e-01
1.100000000000000000e+01 1.178097245096172418e+00 1.600000000000000000e+01 4.592000000000000000e+03 -8.685404954878801764e-03 5.254837764750227569e-01
1.100000000000000000e+01 1.178097245096172418e+00 1.700000000000000000e+01 4.624000000000000000e+03 -9.101609799304863704e-03 5.263073862285607696e-01
1.100000000000000000e+01 1.178097245096172418e+00 1.800000000000000000e+01 5.136000000000000000e+03 -8.967500650742836130e-03 5.286220224995176187e-01
1.100000000000000000e+01 1.178097245096172418e+00 1.900000000000000000e+01 5.296000000000000000e+03 -9.026319063831864803e-03 5.239962949017908933e-01
1.100000000000000000e+01 1.178097245096172418e+00 2.000000000000000000e+01 5.232000000000000000e+03 -8.788049124462925243e-03 5.243585077395099825e-01
1.100000000000000000e+01 1.178097245096172418e+00 2.100000000000000000e+01 5.520000000000000000e+03 -9.129536222654161329e-03 5.247931868163792091e-01
1.100000000000000000e+01 1.178097245096172418e+00 2.200000000000000000e+01 5.440000000000000000e+03 -8.736271197925657081e-03 5.256158243973931832e-01
1.100000000000000000e+01 1.178097245096172418e+00 2.300000000000000000e+01 5.328000000000000000e+03 -8.693213692750617269e-03 5.286104129062492163e-01
1.100000000000000000e+01 1.178097245096172418e+00 2.400000000000000000e+01 5.312000000000000000e+03 -8.972126378546326636e-03 5.299548041632848872e-01
1.100000000000000000e+01 1.178097245096172418e+00 2.500000000000000000e+01 5.552000000000000000e+03 -8.920718075104017847e-03 5.192549460869541056e-01
1.100000000000000000e+01 1.178097245096172418e+00 2.600000000000000000e+01 4.960000000000000000e+03 -8.793856580720236724e-03 5.247760854648546580e-01
1.100000000000000000e+01 1.178097245096172418e+00 2.700000000000000000e+01 4.752000000000000000e+03 -9.060003957648412459e-03 5.261247132618083189e-01
1.100000000000000000e+01 1.178097245096172418e+00 2.800000000000000000e+01 5.504000000000000000e+03 -8.768261599546621834e-03 5.176549712921867386e-01
1.100000000000000000e+01 1.178097245096172418e+00 2.900000000000000000e+01 5.056000000000000000e+03 -8.670239926363891569e-03 5.234231368874070478e-01
1.100000000000000000e+01 1.178097245096172418e+00 3.000000000000000000e+01 4.224000000000000000e+03 -9.005073974659761477e-03 5.269914924258213285e-01
1.100000000000000000e+01 1.178097245096172418e+00 3.100000000000000000e+01 5.536000000000000000e+03 -8.814602594265336100e-03 5.303772803543814751e-01
1.100000000000000000e+01 1.178097245096172418e+00 3.200000000000000000e+01 5.616000000000000000e+03 -8.624552016120555151e-03 5.238545297948596913e-01
1.100000000000000000e+01 1.178097245096172418e+00 3.300000000000000000e+01 5.488000000000000000e+03 -8.885562262200356540e-03 5.239747971940906801e-01
1.100000000000000000e+01 1.178097245096172418e+00 3.400000000000000000e+01 5.632000000000000000e+03 -8.797845295531259505e-03 5.292494973288330851e-01
1.100000000000000000e+01 1.178097245096172418e+00 3.500000000000000000e+01 5.536000000000000000e+03 -8.682335717464299135e-03 5.258054774725862135e-01
1.100000000000000000e+01 1.178097245096172418e+00 3.600000000000000000e+01 4.800000000000000000e+03 -8.764130045485353515e-03 5.236897914031731771e-01
1.100000000000000000e+01 1.178097245096172418e+00 3.700000000000000000e+01 5.200000000000000000e+03 -8.594356299752598655e-03 5.205054342413398816e-01
1.100000000000000000e+01 1.178097245096172418e+00 3.800000000000000000e+01 5.632000000000000000e+03 -8.743696871531821124e-03 5.267191103343354941e-01
1.100000000000000000e+01 1.178097245096172418e+00 3.900000000000000000e+01 5.344000000000000000e+03 -8.729861520679567388e-03 5.289254847986043506e-01
1.100000000000000000e+01 1.178097245096172418e+00 4.000000000000000000e+01 5.648000000000000000e+03 -8.785768239096734822e-03 5.222488120164046066e-01
1.100000000000000000e+01 1.178097245096172418e+00 4.100000000000000000e+01 5.824000000000000000e+03 -8.988371592553636574e-03 5.257163715419352901e-01
1.100000000000000000e+01 1.178097245096172418e+00 4.200000000000000000e+01 5.760000000000000000e+03 -8.632446805321020156e-03 5.256077772925497049e-01
1.100000000000000000e+01 1.178097245096172418e+00 4.300000000000000000e+01 5.424000000000000000e+03 -8.729685402960317073e-03 5.261525939014800590e-01
1.100000000000000000e+01 1.178097245096172418e+00 4.400000000000000000e+01 5.584000000000000000e+03 -8.819139886546541185e-03 5.229261311570209125e-01
1.100000000000000000e+01 1.178097245096172418e+00 4.500000000000000000e+01 5.360000000000000000e+03 -8.640415438764688025e-03 5.207777849648358437e-01
1.100000000000000000e+01 1.178097245096172418e+00 4.600000000000000000e+01 5.344000000000000000e+03 -8.628842996448121347e-03 5.225290325054803287e-01
1.100000000000000000e+01 1.178097245096172418e+00 4.700000000000000000e+01 5.536000000000000000e+03 -9.032786830895318808e-03 5.281234389092890336e-01
1.100000000000000000e+01 1.178097245096172418e+00 4.800000000000000000e+01 5.664000000000000000e+03 -8.689088383535052001e-03 5.285290091759123898e-01
1.100000000000000000e+01 1.178097245096172418e+00 4.900000000000000000e+01 5.824000000000000000e+03 -8.658094565040661689e-03 5.207143559037166192e-01
1.100000000000000000e+01 1.178097245096172418e+00 5.000000000000000000e+01 5.712000000000000000e+03 -8.837951210507177802e-03 5.238197085714747514e-01
1.100000000000000000e+01 1.178097245096172418e+00 5.100000000000000000e+01 5.808000000000000000e+03 -8.769421022039234487e-03 5.293020892755732065e-01
1.100000000000000000e+01 1.178097245096172418e+00 5.200000000000000000e+01 5.680000000000000000e+03 -8.963029924783318461e-03 5.250682208948150853e-01
1.100000000000000000e+01 1.178097245096172418e+00 5.300000000000000000e+01 5.824000000000000000e+03 -8.839040813047351064e-03 5.263362477617667956e-01
1.100000000000000000e+01 1.178097245096172418e+00 5.400000000000000000e+01 5.872000000000000000e+03 -8.765371823439274332e-03 5.231833904056177875e-01
1.100000000000000000e+01 1.178097245096172418e+00 5.500000000000000000e+01 5.808000000000000000e+03 -8.832644881955785052e-03 5.237833686850827952e-01
1.100000000000000000e+01 1.178097245096172418e+00 5.600000000000000000e+01 5.728000000000000000e+03 -8.691944524330441971e-03 5.268991395981968973e-01
1.100000000000000000e+01 1.178097245096172418e+00 5.700000000000000000e+01 5.472000000000000000e+03 -8.977180565263203835e-03 5.210936448115811581e-01
1.100000000000000000e+01 1.178097245096172418e+00 5.800000000000000000e+01 3.904000000000000000e+03 -9.338710545809808874e-03 5.216653676789841931e-01
1.100000000000000000e+01 1.178097245096172418e+00 5.900000000000000000e+01 5.488000000000000000e+03 -8.879714270818649113e-03 5.261367931965706957e-01
1.100000000000000000e+01 1.178097245096172418e+00 6.000000000000000000e+01 5.776000000000000000e+03 -8.940126498753588405e-03 5.316594655079328602e-01
1.100000000000000000e+01 1.178097245096172418e+00 6.100000000000000000e+01 5.696000000000000000e+03 -8.941319882731524685e-03 5.287154536210476596e-01
1.100000000000000000e+01 1.178097245096172418e+00 6.200000000000000000e+01 5.776000000000000000e+03 -8.626263972459462248e-03 5.255764776983867792e-01
1.100000000000000000e+01 1.178097245096172418e+00 6.300000000000000000e+01 5.744000000000000000e+03 -8.845676183010978133e-03 5.253985516299805036e-01
1.200000000000000000e+01 1.276272015520853564e+00 0.000000000000000000e+00 4.672000000000000000e+03 -7.352064589220960386e-03 5.281996752383382177e-01
1.200000000000000000e+01 1.276272015520853564e+00 1.000000000000000000e+00 4.624000000000000000e+03 -6.879299786610915471e-03 5.252304147431584580e-01
1.200000000000000000e+01 1.276272015520853564e+00 2.000000000000000000e+00 4.688000000000000000e+03 -6.984546703479024496e-03 5.295620400928499061e-01
1.200000000000000000e+01 1.276272015520853564e+00 3.000000000000000000e+00 4.688000000000000000e+03 -7.114692059248316908e-03 5.231411949996560562e-01
1.200000000000000000e+01 1.276272015520853564e+00 4.000000000000000000e+00 4.864000000000000000e+03 -7.087578169861926368e-03 5.269790842352891636e-01
1.200000000000000000e+01 1.276272015520853564e+00 5.000000000000000000e+00 5.280000000000000000e+03 -7.318879231255902805e-03 5.267156756251362149e-01
1.200000000000000000e+01 1.276272015520853564e+00 6.000000000000000000e+00 5.840000000000000000e+03 -7.265300899885476608e-03 5.211018404761433853e-01
1.200000000000000000e+01 1.276272015520853564e+00 7.000000000000000000e+00 5.584000000000000000e+03 -6.898129280645850549e-03 5.222533973624052805e-01
1.200000000000000000e+01 1.276272015520853564e+00 8.000000000000000000e+00 5.408000000000000000e+03 -7.045916880220329075e-03 5.263876676554893885e-01
1.200000000000000000e+01 1.276272015520853564e+00 9.000000000000000000e+00 5.728000000000000000e+03 -7.055176866204659024e-03 5.244098978381140919e-01
1.200000000000000000e+01 1.276272015520853564e+00 1.000000000000000000e+01 5.776000000000000000e+03 -6.810523715716932519e-03 5.151142779158346396e-01
1.200000000000000000e+01 1.276272015520853564e+00 1.100000000000000000e+01 5.536000000000000000e+03 -7.475372372923098745e-03 5.308766074227873055e-01
1.200000000000000000e+01 1.276272015520853564e+00 1.200000000000000000e+01 4.880000000000000000e+03 -7.106307626592705748e-03 5.206707589135032288e-01
1.200000000000000000e+01 1.276272015520853564e+00 1.300000000000000000e+01 5.312000000000000000e+03 -6.794591786062656805e-03 5.180159363449450272e-01
1.200000000000000000e+01 1.276272015520853564e+00 1.400000000000000000e+01 5.472000000000000000e+03 -7.012179978379311056e-03 5.239928888090109593e-01
1.200000000000000000e+01 1.276272015520853564e+00 1.500000000000000000e+01 5.472000000000000000e+03 -7.079797041557190501e-03 5.259760887483917458e-01
1.200000000000000000e+01 1.276272015520853564e+00 1.600000000000000000e+01 5.680000000000000000e+03 -6.988117429552206591e-03 5.162349299184447737e-01
1.200000000000000000e+01 1.276272015520853564e+00 1.700000000000000000e+01 6.064000000000000000e+03 -7.037309142963432164e-03 5.217535393792980258e-01
1.200000000000000000e+01 1.276272015520853564e+00 1.800000000000000000e+01 5.936000000000000000e+03 -6.907811376259978715e-03 5.189064260862160660e-01
1.200000000000000000e+01 1.276272015520853564e+00 1.900000000000000000e+01 5.984000000000000000e+03 -7.097325264698117406e-03 5.230969105860838742e-01
1.200000000000000000e+01 1.276272015520853564e+00 2.000000000000000000e+01 5.744000000000000000e+03 -6.867818003597298167e-03 5.228992987743898979e-01
1.200000000000000000e+01 1.276272015520853564e+00 2.100000000000000000e+01 5.872000000000000000e+03 -7.130953988564162592e-03 5.246946239453211813e-01
1.200000000000000000e+01 1.276272015520853564e+00 2.200000000000000000e+01 5.920000000000000000e+03 -7.151555335484072358e-03 5.258260998309222112e-01
1.200000000000000000e+01 1.276272015520853564e+00 2.300000000000000000e+01 6.032000000000000000e+03 -7.040051669755037315e-03 5.223792468132294475e-01
1.200000000000000000e+01 1.276272015520853564e+00 2.400000000000000000e+01 5.456000000000000000e+03 -6.983739648485344509e-03 5.222991199655639960e-01
1.200000000000000000e+01 1.276272015520853564e+00 2.500000000000000000e+01 5.392000000000000000e+03 -6.979833120524140538e-03 5.273512769719953530e-01
1.200000000000000000e+01 1.276272015520853564e+00 2.600000000000000000e+01 5.216000000000000000e+03 -6.929820704632004384e-03 5.280538884504277775e-01
1.200000000000000000e+01 1.276272015520853564e+00 2.700000000000000000e+01 5.120000000000000000e+03 -7.167519277413725472e-03 5.239399070172618966e-01
1.200000000000000000e+01 1.276272015520853564e+00 2.800000000000000000e+01 5.568000000000000000e+03 -7.070635927005162330e-03 5.223825941214201851e-01
1.200000000000000000e+01 1.276272015520853564e+00 2.900000000000000000e+01 5.424000000000000000e+03 -7.034068209423511610e-03 5.267384625996348602e-01
1.200000000000000000e+01 1.276272015520853564e+00 3.000000000000000000e+01 5.472000000000000000e+03 -6.949801165158876401e-03 5.186179430936251888e-01
1.200000000000000000e+01 1.276272015520853564e+00 3.100000000000000000e+01 4.880000000000000000e+03 -6.731248683473449283e-03 5.200876876997950760e-01
1.200000000000000000e+01 1.276272015520853564e+00 3.200000000000000000e+01 5.056000000000000000e+03 -7.460398943814799781e-03 5.301313448169296949e-01
1.200000000000000000e+01 1.276272015520853564e+00 3.300000000000000000e+01 5.008000000000000000e+03 -7.111931778681065096e-03 5.260472836461995705e-01
1.200000000000000000e+01 1.276272015520853564e+00 3.400000000000000000e+01 5.280000000000000000e+03 -6.911475769897294612e-03 5.204147447564713147e-01
1.200000000000000000e+01 1.276272015520853564e+00 3.500000000000000000e+01 5.248000000000000000e+03 -7.308030411282400579e-03 5.247037477258414961e-01
1.200000000000000000e+01 1.276272015520853564e+00 3.600000000000000000e+01 5.392000000000000000e+03 -7.271186614188717041e-03 5.264199679107691709e-01
1.200000000000000000e+01 1.276272015520853564e+00 3.700000000000000000e+01 5.504000000000000000e+03 -6.787547541483926819e-03 5.228325031755814978e-01
1.200000000000000000e+01 1.276272015520853564e+00 3.800000000000000000e+01 5.808000000000000000e+03 -7.002104126880064061e-03 5.252347755564301668e-01
1.200000000000000000e+01 1.276272015520853564e+00 3.900000000000000000e+01 5.552000000000000000e+03 -7.502093322023618317e-03 5.194314858946804669e-01
1.200000000000000000e+01 1.276272015520853564e+00 4.000000000000000000e+01 5.744000000000000000e+03 -7.073338677084049612e-03 5.248112289033934896e-01
1.200000000000000000e+01 1.276272015520853564e+00 4.100000000000000000e+01 5.728000000000000000e+03 -6.924348416393971695e-03 5.237869291768563196e-01
1.200000000000000000e+01 1.276272015520853564e+00 4.200000000000000000e+01 5.568000000000000000e+03 -7.125496658821902675e-03 5.266289237253379829e-01
1.200000000000000000e+01 1.276272015520853564e+00 4.300000000000000000e+01 5.632000000000000000e+03 -7.245163238852097599e-03 5.238333483351822473e-01
1.200000000000000000e+01 1.276272015520853564e+00 4.400000000000000000e+01 5.648000000000000000e+03 -6.919190889690189118e-03 5.284200400138607812e-01
1.200000000000000000e+01 1.276272015520853564e+00 4.500000000000000000e+01 5.216000000000000000e+03 -6.836966988477792551e-03 5.194658360378315853e-01
1.200000000000000000e+01 1.276272015520853564e+00 4.600000000000000000e+01 5.680000000000000000e+03 -7.051821162465698664e-03 5.232309022853597336e-01
1.200000000000000000e+01 1.276272015520853564e+00 4.700000000000000000e+01 4.592000000000000000e+03 -7.061113960342698531e-03 5.212969520368675447e-01
1.200000000000000000e+01 1.276272015520853564e+00 4.800000000000000000e+01 5.440000000000000000e+03 -6.927483640588392999e-03 5.240058530866510411e-01
1.200000000000000000e+01 1.276272015520853564e+00 4.900000000000000000e+01 5.248000000000000000e+03 -6.717808129653466374e-03 5.204531264529228540e-01
1.200000000000000000e+01 1.276272015520853564e+00 5.000000000000000000e+01 4.800000000000000000e+03 -7.183834302270688567e-03 5.199716344141745994e-01
1.200000000000000000e+01 1.276272015520853564e+00 5.100000000000000000e+01 4.848000000000000000e+03 -6.986739923254161114e-03 5.272998069090971685e-01
1.200000000000000000e+01 1.276272015520853564e+00 5.200000000000000000e+01 4.464000000000000000e+03 -6.663235796059862118e-03 5.265230679169102812e-01
1.200000000000000000e+01 1.276272015520853564e+00 5.300000000000000000e+01 4.560000000000000000e+03 -7.261814751123521136e-03 5.293718654124491829e-01
1.200000000000000000e+01 1.276272015520853564e+00 5.400000000000000000e+01 5.088000000000000000e+03 -7.383603722828499180e-03 5.252289664210529896e-01
1.200000000000000000e+01 1.276272015520853564e+00 5.500000000000000000e+01 5.152000000000000000e+03 -7.403250269521616071e-03 5.233016190836000670e-01
1.200000000000000000e+01 1.276272015520853564e+00 5.600000000000000000e+01 5.408000000000000000e+03 -6.952233332632227689e-03 5.190629707367809820e-01
1.200000000000000000e+01 1.276272015520853564e+00 5.700000000000000000e+01 5.408000000000000000e+03 -7.118733442682495180e-03 5.211885625734818950e-01
1.200000000000000000e+01 1.276272015520853564e+00 5.800000000000000000e+01 5.504000000000000000e+03 -7.166516213436386132e-03 5.271474510028520966e-01
1.200000000000000000e+01 1.276272015520853564e+00 5.900000000000000000e+01 5.264000000000000000e+03 -6.771997940466707201e-03 5.222747475033789888e-01
1.200000000000000000e+01 1.276272015520853564e+00 6.000000000000000000e+01 5.568000000000000000e+03 -6.945923343593218661e-03 5.255104382053523704e-01
1.200000000000000000e+01 1.276272015520853564e+00 6.100000000000000000e+01 5.504000000000000000e+03 -6.813674994156840650e-03 5.200599938507228792e-01
1.200000000000000000e+01 1.276272015520853564e+00 6.200000000000000000e+01 5.440000000000000000e+03 -7.090298054724128093e-03 5.274434018086813225e-01
1.200000000000000000e+01 1.276272015520853564e+00 6.300000000000000000e+01 5.376000000000000000e+03 -7.294952561827002836e-03 5.214071949085490321e-01
1.300000000000000000e+01 1.374446785945534488e+00 0.000000000000000000e+00 5.888000000000000000e+03 -4.970369541414901282e-03 5.207470232509482377e-01
1.300000000000000000e+01 1.374446785945534488e+00 1.000000000000000000e+00 5.344000000000000000e+03 -5.227259471342153400e-03 5.237253940734951652e-01
1.300000000000000000e+01 1.374446785945534488e+00 2.000000000000000000e+00 5.136000000000000000e+03 -5.139104267474609543e-03 5.179174717790441251e-01
1.300000000000000000e+01 1.374446785945534488e+00 3.000000000000000000e+00 5.312000000000000000e+03 -4.801257722954456464e-03 5.220665015252529129e-01
1.300000000000000000e+01 1.374446785945534488e+00 4.000000000000000000e+00 5.392000000000000000e+03 -4.675613343562174708e-03 5.222178646668764745e-01
1.300000000000000000e+01 1.374446785945534488e+00 5.000000000000000000e+00 5.264000000000000000e+03 -4.822848283412410966e-03 5.240599271400365744e-01
1.300000000000000000e+01 1.374446785945534488e+00 6.000000000000000000e+00 4.736000000000000000e+03 -5.124139493729987227e-03 5.240199140856333093e-01
1.300000000000000000e+01 1.374446785945534488e+00 7.000000000000000000e+00 4.960000000000000000e+03 -4.778485523791770224e-03 5.241424694871631429e-01
1.300000000000000000e+01 1.374446785945534488e+00 8.000000000000000000e+00 4.976000000000000000e+03 -4.818257792175544181e-03 5.281605311647401546e-01
1.300000000000000000e+01 1.374446785945534488e+00 9.000000000000000000e+00 5.504000000000000000e+03 -5.067809351480823989e-03 5.223220869568251379e-01
1.300000000000000000e+01 1.374446785945534488e+00 1.000000000000000000e+01 5.456000000000000000e+03 -5.027366567177928014e-03 5.286900759442297870e-01
1.300000000000000000e+01 1.374446785945534488e+00 1.100000000000000000e+01 5.392000000000000000e+03 -5.259558002195267520e-03 5.244143349650811636e-01
1.300000000000000000e+01 1.374446785945534488e+00 1.200000000000000000e+01 5.184000000000000000e+03 -4.937109009439167619e-03 5.215105513265136938e-01
1.300000000000000000e+01 1.374446785945534488e+00 1.300000000000000000e+01 5.392000000000000000e+03 -4.801176496754923535e-03 5.239910403275173101e-01
1.300000000000000000e+01 1.374446785945534488e+00 1.400000000000000000e+01 4.976000000000000000e+03 -4.542722775700440419e-03 5.165874674554852275e-01
1.300000000000000000e+01 1.374446785945534488e+00 1.500000000000000000e+01 5.088000000000000000e+03 -4.951321442945122268e-03 5.243240307959096125e-01
1.300000000000000000e+01 1.374446785945534488e+00 1.600000000000000000e+01 4.752000000000000000e+03 -4.530189019911451398e-03 5.180375915163933920e-01
1.300000000000000000e+01 1.374446785945534488e+00 1.700000000000000000e+01 5.568000000000000000e+03 -4.953917794138121972e-03 5.221993259229118500e-01
1.300000000000000000e+01 1.374446785945534488e+00 1.800000000000000000e+01 5.696000000000000000e+03 -4.764796618555795088e-03 5.210104247503433150e-01
1.300000000000000000e+01 1.374446785945534488e+00 1.900000000000000000e+01 5.488000000000000000e+03 -4.995069961704057954e-03 5.243374509013525309e-01
1.300000000000000000e+01 1.374446785945534488e+00 2.000000000000000000e+01 5.568000000000000000e+03 -4.729278955484697393e-03 5.232216174141072207e-01
1.300000000000000000e+01 1.374446785945534488e+00 2.100000000000000000e+01 5.888000000000000000e+03 -5.120243091104446052e-03 5.190474116249873537e-01
1.300000000000000000e+01 1.374446785945534488e+00 2.200000000000000000e+01 5.760000000000000000e+03 -5.003110220198428784e-03 5.223431103232129002e-01
1.300000000000000000e+01 1.374446785945534488e+00 2.300000000000000000e+01 5.248000000000000000e+03 -5.155949050840100308e-03 5.296006563806346934e-01
1.300000000000000000e+01 1.374446785945534488e+00 2.400000000000000000e+01 3.120000000000000000e+03 -5.158064737849034874e-03 5.224206759300632497e-01
1.300000000000000000e+01 1.374446785945534488e+00 2.500000000000000000e+01 5.872000000000000000e+03 -4.936718733927759374e-03 5.164745163233211978e-01
1.300000000000000000e+01 1.374446785945534488e+00 2.600000000000000000e+01 5.808000000000000000e+03 -4.673027864187108762e-03 5.184771155258893760e-01
1.300000000000000000e+01 1.374446785945534488e+00 2.700000000000000000e+01 6.000000000000000000e+03 -4.628016612973477953e-03 5.201134473262867264e-01
1.300000000000000000e+01 1.374446785945534488e+00 2.800000000000000000e+01 5.824000000000000000e+03 -5.013198192318950655e-03 5.206677479390361407e-01
1.300000000000000000e+01 1.374446785945534488e+00 2.900000000000000000e+01 5.904000000000000000e+03 -5.074354882318328312e-03 5.282596915096156032e-01
1.300000000000000000e+01 1.374446785945534488e+00 3.000000000000000000e+01 6.128000000000000000e+03 -4.949327296237463272e-03 5.269564286515620033e-01
1.300000000000000000e+01 1.374446785945534488e+00 3.100000000000000000e+01 6.240000000000000000e+03 -5.110360303489835249e-03 5.234500693905105306e-01
1.300000000000000000e+01 1.374446785945534488e+00 3.200000000000000000e+01 6.064000000000000000e+03 -4.741274705897589696e-03 5.206379868400821120e-01
1.300000000000000000e+01 1.374446785945534488e+00 3.300000000000000000e+01 6.000000000000000000e+03 -4.912969815564866179e-03 5.231336747278734212e-01
1.300000000000000000e+01 1.374446785945534488e+00 3.400000000000000000e+01 6.080000000000000000e+03 -5.033350695596161203e-03 5.218674684622887083e-01
1.300000000000000000e+01 1.374446785945534488e+00 3.500000000000000000e+01 6.048000000000000000e+03 -4.884644399091093124e-03 5.203802406023242400e-01
1.300000000000000000e+01 1.374446785945534488e+00 3.600000000000000000e+01 5.696000000000000000e+03 -4.902340128865603774e-03 5.199519947915192120e-01
1.300000000000000000e+01 1.374446785945534488e+00 3.700000000000000000e+01 5.216000000000000000e+03 -4.743091642854808943e-03 5.170245662161336853e-01
1.300000000000000000e+01 1.374446785945534488e+00 3.800000000000000000e+01 5.440000000000000000e+03 -4.745662399607789884e-03 5.183366253177726923e-01
1.300000000000000000e+01 1.374446785945534488e+00 3.900000000000000000e+01 5.488000000000000000e+03 -4.714711006507770787e-03 5.212420492872544830e-01
1.300000000000000000e+01 1.374446785945534488e+00 4.000000000000000000e+01 5.088000000000000000e+03 -4.747649694863140604e-03 5.218847309856587957e-01
1.300000000000000000e+01 1.374446785945534488e+00 4.100000000000000000e+01 5.168000000000000000e+03 -4.737212972049503583e-03 5.180452883990898094e-01
1.300000000000000000e+01 1.374446785945534488e+00 4.200000000000000000e+01 5.232000000000000000e+03 -4.847336862983673937e-03 5.215575289058301811e-01
1.300000000000000000e+01 1.374446785945534488e+00 4.300000000000000000e+01 5.344000000000000000e+03 -4.839359884276839795e-03 5.215492829426474630e-01
1.300000000000000000e+01 1.374446785945534488e+00 4.400000000000000000e+01 5.280000000000000000e+03 -4.943581700548036091e-03 5.253220900963109230e-01
1.300000000000000000e+01 1.374446785945534488e+00 4.500000000000000000e+01 5.456000000000000000e+03 -4.714565934007441256e-03 5.205819861004745697e-01
1.300000000000000000e+01 1.374446785945534488e+00 4.600000000000000000e+01 5.408000000000000000e+03 -4.768370545804442515e-03 5.245328935657682656e-01
1.300000000000000000e+01 1.374446785945534488e+00 4.700000000000000000e+01 5.616000000000000000e+03 -5.080608245582062844e-03 5.267431511266221777e-01
1.300000000000000000e+01 1.374446785945534488e+00 4.800000000000000000e+01 5.584000000000000000e+03 -5.006024795311160222e-03 5.231864811787104719e-01
1.300000000000000000e+01 1.374446785945534488e+00 4.900000000000000000e+01 5.488000000000000000e+03 -5.009745965933662393e-03 5.258695943162136066e-01
1.300000000000000000e+01 1.374446785945534488e+00 5.000000000000000000e+01 5.568000000000000000e+03 -4.768045779857871258e-03 5.235185556902777204e-01
1.300000000000000000e+01 1.374446785945534488e+00 5.100000000000000000e+01 5.680000000000000000e+03 -4.846028832548084780e-03 5.237709328128118402e-01
1.300000000000000000e+01 1.374446785945534488e+00 5.200000000000000000e+01 5.776000000000000000e+03 -4.736613774304996617e-03 5.214509956534100210e-01
1.300000000000000000e+01 1.374446785945534488e+00 5.300000000000000000e+01 5.856000000000000000e+03 -5.108636207948739558e-03 5.239046798693201001e-01
1.300000000000000000e+01 1.374446785945534488e+00 5.400000000000000000e+01 5.680000000000000000e+03 -4.565886553717557819e-03 5.196115485476215934e-01
1.300000000000000000e+01 1.374446785945534488e+00 5.500000000000000000e+01 5.632000000000000000e+03 -5.158079434487705672e-03 5.220013291634123531e-01
1.300000000000000000e+01 1.374446785945534488e+00 5.600000000000000000e+01 5.584000000000000000e+03 -4.784002308125649867e-03 5.193302862972137834e-01
1.300000000000000000e+01 1.374446785945534488e+00 5.700000000000000000e+01 5.456000000000000000e+03 -4.867296493740221573e-03 5.218676680419194192e-01
1.300000000000000000e+01 1.374446785945534488e+00 5.800000000000000000e+01 5.760000000000000000e+03 -4.885004921935403102e-03 5.207215243486346123e-01
1.300000000000000000e+01 1.374446785945534488e+00 5.900000000000000000e+01 5.808000000000000000e+03 -5.102445177470605643e-03 5.213406360895426195e-01
1.300000000000000000e+01 1.374446785945534488e+00 6.000000000000000000e+01 5.632000000000000000e+03 -4.660487963589387585e-03 5.175845625957902207e-01
1.300000000000000000e+01 1.374446785945534488e+00 6.100000000000000000e+01 5.680000000000000000e+03 -5.066633512197007104e-03 5.233119829636183606e-01
1.300000000000000000e+01 1.374446785945534488e+00 6.200000000000000000e+01 5.760000000000000000e+03 -5.052762645444800610e-03 5.252732787832818939e-01
1.300000000000000000e+01 1.374446785945534488e+00 6.300000000000000000e+01 5.712000000000000000e+03 -5.099988421479560198e-03 5.250718996560643781e-01
1.400000000000000000e+01 1.472621556370215412e+00 0.000000000000000000e+00 5.840000000000000000e+03 -2.744161248708494073e-03 5.267627093192304155e-01
1.400000000000000000e+01 1.472621556370215412e+00 1.000000000000000000e+00 5.584000000000000000e+03 -2.539538503971537717e-03 5.219461354993699675e-01
1.400000000000000000e+01 1.472621556370215412e+00 2.000000000000000000e+00 5.392000000000000000e+03 -2.617907448194929133e-03 5.238160663834228181e-01
1.400000000000000000e+01 1.472621556370215412e+00 3.000000000000000000e+00 5.584000000000000000e+03 -2.605177049762175037e-03 5.221669786918794465e-01
1.400000000000000000e+01 1.472621556370215412e+00 4.000000000000000000e+00 5.648000000000000000e+03 -2.388610229152591646e-03 5.226225642636446178e-01
1.400000000000000000e+01 1.472621556370215412e+00 5.000000000000000000e+00 5.632000000000000000e+03 -2.475344251457745233e-03 5.238102197225802392e-01
1.400000000000000000e+01 1.472621556370215412e+00 6.000000000000000000e+00 5.744000000000000000e+03 -2.931500171697652701e-03 5.242489752923773505e-01
1.400000000000000000e+01 1.472621556370215412e+00 7.000000000000000000e+00 5.248000000000000000e+03 -2.422045424415343422e-03 5.179915006375437336e-01
1.400000000000000000e+01 1.472621556370215412e+00 8.000000000000000000e+00 4.928000000000000000e+03 -2.513531661472433090e-03 5.194506555456011032e-01
1.400000000000000000e+01 1.472621556370215412e+00 9.000000000000000000e+00 5.184000000000000000e+03 -2.623735573987851042e-03 5.232941802381336771e-01
1.400000000000000000e+01 1.472621556370215412e+00 1.000000000000000000e+01 5.296000000000000000e+03 -2.487309804755198726e-03 5.225967076936638422e-01
1.400000000000000000e+01 1.472621556370215412e+00 1.100000000000000000e+01 5.488000000000000000e+03 -2.457952439854460373e-03 5.245959081066977614e-01
1.400000000000000000e+01 1.472621556370215412e+00 1.200000000000000000e+01 5.504000000000000000e+03 -2.561094843247148627e-03 5.149729167875451985e-01
1.400000000000000000e+01 1.472621556370215412e+00 1.300000000000000000e+01 5.472000000000000000e+03 -2.410913066457449992e-03 5.216178411942097304e-01
1.400000000000000000e+01 1.472621556370215412e+00 1.400000000000000000e+01 5.520000000000000000e+03 -2.440067790693751116e-03 5.210194230935445425e-01
1.400000000000000000e+01 1.472621556370215412e+00 1.500000000000000000e+01 5.680000000000000000e+03 -2.264142906452807150e-03 5.215558442340374468e-01
1.400000000000000000e+01 1.472621556370215412e+00 1.600000000000000000e+01 5.584000000000000000e+03 -2.502782592855659367e-03 5.182571472348562747e-01
1.400000000000000000e+01 1.472621556370215412e+00 1.700000000000000000e+01 5.056000000000000000e+03 -2.399288024475555118e-03 5.214559603436581536e-01
1.400000000000000000e+01 1.472621556370215412e+00 1.800000000000000000e+01 5.872000000000000000e+03 -2.590209414556603022e-03 5.234700673110949110e-01
1.400000000000000000e+01 1.472621556370215412e+00 1.900000000000000000e+01 5.920000000000000000e+03 -2.446458761383507770e-03 5.233760795126595200e-01
1.400000000000000000e+01 1.472621556370215412e+00 2.000000000000000000e+01 5.968000000000000000e+03 -2.809778636738535784e-03 5.254272558151090733e-01
1.400000000000000000e+01 1.472621556370215412e+00 2.100000000000000000e+01 5.552000000000000000e+03 -2.622063823163516515e-03 5.221614642368682668e-01
1.400000000000000000e+01 1.472621556370215412e+00 2.200000000000000000e+01 5.664000000000000000e+03 -2.715666723707395487e-03 5.220155519320981430e-01
1.400000000000000000e+01 1.472621556370215412e+00 2.300000000000000000e+01 5.664000000000000000e+03 -2.377144382928525999e-03 5.183442397605484420e-01
1.400000000000000000e+01 1.472621556370215412e+00 2.400000000000000000e+01 5.792000000000000000e+03 -2.685756915352351289e-03 5.237291553662826171e-01
1.400000000000000000e+01 1.472621556370215412e+00 2.500000000000000000e+01 5.872000000000000000e+03 -2.079943102881856142e-03 5.141001521784462902e-01
1.400000000000000000e+01 1.472621556370215412e+00 2.600000000000000000e+01 5.600000000000000000e+03 -2.691912548272562631e-03 5.274686773457694100e-01
1.400000000000000000e+01 1.472621556370215412e+00 2.700000000000000000e+01 4.944000000000000000e+03 -2.738190985676822002e-03 5.206020419577567226e-01
1.400000000000000000e+01 1.472621556370215412e+00 2.800000000000000000e+01 5.104000000000000000e+03 -2.507325569723483152e-03 5.223068335207168289e-01
1.400000000000000000e+01 1.472621556370215412e+00 2.900000000000000000e+01 4.768000000000000000e+03 -2.412839049625848959e-03 5.188295169838794685e-01
1.400000000000000000e+01 1.472621556370215412e+00 3.000000000000000000e+01 5.504000000000000000e+03 -2.503919590098904052e-03 5.218860150589978986e-01
1.400000000000000000e+01 1.472621556370215412e+00 3.100000000000000000e+01 5.408000000000000000e+03 -2.359569396754059023e-03 5.214181836807242343e-01
1.400000000000000000e+01 1.472621556370215412e+00 3.200000000000000000e+01 5.504000000000000000e+03 -2.323647760096133903e-03 5.185352067834435585e-01
1.400000000000000000e+01 1.472621556370215412e+00 3.300000000000000000e+01 5.632000000000000000e+03 -2.470459384974922970e-03 5.224034528488560314e-01
1.400000000000000000e+01 1.472621556370215412e+00 3.400000000000000000e+01 5.440000000000000000e+03 -2.425512439747961897e-03 5.170227668748399452e-01
1.400000000000000000e+01 1.472621556370215412e+00 3.500000000000000000e+01 5.536000000000000000e+03 -2.261855052091747698e-03 5.166037274009060987e-01
1.400000000000000000e+01 1.472621556370215412e+00 3.600000000000000000e+01 5.664000000000000000e+03 -2.506256005362880821e-03 5.193488637399510388e-01
1.400000000000000000e+01 1.472621556370215412e+00 3.700000000000000000e+01 5.728000000000000000e+03 -2.492912643175409539e-03 5.233753961986260528e-01
1.400000000000000000e+01 1.472621556370215412e+00 3.800000000000000000e+01 5.152000000000000000e+03 -2.300328938268374375e-03 5.213993225207017579e-01
1.400000000000000000e+01 1.472621556370215412e+00 3.900000000000000000e+01 5.472000000000000000e+03 -2.562113711244905397e-03 5.194973906399898977e-01
1.400000000000000000e+01 1.472621556370215412e+00 4.000000000000000000e+01 5.424000000000000000e+03 -2.499890092180854801e-03 5.155548536216979505e-01
1.400000000000000000e+01 1.472621556370215412e+00 4.100000000000000000e+01 5.504000000000000000e+03 -2.276514802700940320e-03 5.190913465887881939e-01
1.400000000000000000e+01 1.472621556370215412e+00 4.200000000000000000e+01 5.520000000000000000e+03 -2.598461574502732539e-03 5.222856253497097923e-01
1.400000000000000000e+01 1.472621556370215412e+00 4.300000000000000000e+01 5.760000000000000000e+03 -2.577249479698084846e-03 5.211164598464829156e-01
1.400000000000000000e+01 1.472621556370215412e+00 4.400000000000000000e+01 5.600000000000000000e+03 -2.515298523477731227e-03 5.204398627265790500e-01
1.400000000000000000e+01 1.472621556370215412e+00 4.500000000000000000e+01 5.760000000000000000e+03 -2.462658434224238545e-03 5.255908890241083320e-01
1.400000000000000000e+01 1.472621556370215412e+00 4.600000000000000000e+01 5.600000000000000000e+03 -2.536549747110541757e-03 5.151837078816122739e-01
1.400000000000000000e+01 1.472621556370215412e+00 4.700000000000000000e+01 5.728000000000000000e+03 -2.670144820419086996e-03 5.235125685708300614e-01
1.400000000000000000e+01 1.472621556370215412e+00 4.800000000000000000e+01 5.744000000000000000e+03 -2.266634345885872905e-03 5.201774379566155293e-01
1.400000000000000000e+01 1.472621556370215412e+00 4.900000000000000000e+01 5.664000000000000000e+03 -2.483346481332720634e-03 5.206543722358794035e-01
1.400000000000000000e+01 1.472621556370215412e+00 5.000000000000000000e+01 5.792000000000000000e+03 -2.847693049453726803e-03 5.231586567399021392e-01
1.400000000000000000e+01 1.472621556370215412e+00 5.100000000000000000e+01 5.568000000000000000e+03 -2.621027251549775099e-03 5.227662863435841301e-01
1.400000000000000000e+01 1.472621556370215412e+00 5.200000000000000000e+01 5.200000000000000000e+03 -2.339101420912124713e-03 5.250991248962274538e-01
1.400000000000000000e+01 1.472621556370215412e+00 5.300000000000000000e+01 5.152000000000000000e+03 -2.611104942284119598e-03 5.148361796387977973e-01
1.400000000000000000e+01 1.472621556370215412e+00 5.400000000000000000e+01 5.056000000000000000e+03 -2.547126966224962704e-03 5.189000769990286255e-01
1.400000000000000000e+01 1.472621556370215412e+00 5.500000000000000000e+01 4.912000000000000000e+03 -2.847155292525954066e-03 5.174879247375508973e-01
1.400000000000000000e+01 1.472621556370215412e+00 5.600000000000000000e+01 5.200000000000000000e+03 -2.552384283707868819e-03 5.207360714126075818e-01
1.400000000000000000e+01 1.472621556370215412e+00 5.700000000000000000e+01 5.280000000000000000e+03 -2.573368915914533376e-03 5.233420790765915820e-01
1.400000000000000000e+01 1.472621556370215412e+00 5.800000000000000000e+01 5.200000000000000000e+03 -2.424216301446356029e-03 5.170525358341904187e-01
1.400000000000000000e+01 1.472621556370215412e+00 5.900000000000000000e+01 5.056000000000000000e+03 -2.641451875624532472e-03 5.216059985440469893e-01
1.400000000000000000e+01 1.472621556370215412e+00 6.000000000000000000e+01 4.976000000000000000e+03 -2.262663375628177261e-03 5.181452893745162047e-01
1.400000000000000000e+01 1.472621556370215412e+00 6.100000000000000000e+01 5.008000000000000000e+03 -2.532041525262792962e-03 5.250594249985137685e-01
1.400000000000000000e+01 1.472621556370215412e+00 6.200000000000000000e+01 5.424000000000000000e+03 -2.886464030781928699e-03 5.240862357299606034e-01
1.400000000000000000e+01 1.472621556370215412e+00 6.300000000000000000e+01 5.344000000000000000e+03 -2.572355702187192634e-03 5.222168479511885009e-01
