144 156
100 89
82 72 89 81 73 69 83 85 76 82 70 82 77 86 71 87 84 82 84 78 76 75 76 78 83 85 86 76 65 79 86 79 79 72 63 78 77 85 86 79 73 78 82 84 74 84 76 79 73 73 72 73 85 86 73 76 68 78 75 73 83 79 71 90 80 80 74 78 89 79 81 72 70 78 80 81 80 79 84 100 81 75 71 88 70 88 84 78 87 74 75 88 87 89 79 86 76 77 78 64 79 66 78 83 66 77 86 86 73 77 73 85 64 81 82 73 66 78 69 69 70 86 81 80 69 66 85 82 70 76 75 73 76 76 77 81 75 81 75 79 75 81 80 80 
71 56 63 66 78 70 68 70 84 65 67 79 64 74 73 62 78 65 79 68 66 77 74 76 89 72 74 76 77 72 67 65 75 70 70 70 64 79 66 75 67 84 85 82 73 77 60 74 72 75 73 80 81 61 86 62 65 66 62 73 71 75 73 66 68 68 77 76 65 77 71 77 63 67 83 66 78 72 72 66 75 73 73 72 74 81 76 75 73 66 69 75 70 77 71 81 78 71 69 72 69 73 78 85 76 78 70 71 69 72 72 75 73 74 63 71 75 77 79 65 75 65 58 68 75 77 64 63 68 69 70 74 73 71 70 79 67 85 64 84 78 74 70 80 72 68 72 70 71 75 68 78 70 62 68 80 
2 1	3 1	6 1	7 1	9 1	10 1	14 1	16 1	19 1	21 1	24 1	26 1	28 1	36 1	38 1	39 1	40 1	41 1	43 1	48 1	49 1	50 1	53 1	54 1	57 1	58 1	59 1	61 1	62 1	63 1	64 1	65 1	68 1	69 1	70 1	72 1	73 1	75 1	80 2	81 2	83 2	84 2	85 2	86 2	89 2	92 2	93 2	97 2	98 2	99 2	100 2	103 2	106 2	107 2	109 2	110 2	111 2	112 2	113 2	114 2	115 2	116 2	118 2	119 2	123 2	125 2	128 2	129 2	131 2	132 2	133 2	134 2	136 2	137 2	139 2	140 2	144 2	147 2	152 2	154 2	155 2	156 2	0 0	0 0	0 0	0 0	0 0	0 0	0 0	0 0	0 0	0 0	0 0	0 0	0 0	0 0	0 0	0 0	0 0	0 0	
2 1	3 1	11 1	13 1	15 1	16 1	19 1	24 1	25 1	27 1	33 1	35 1	36 1	40 1	42 1	45 1	51 1	52 1	55 1	57 1	62 1	63 1	66 1	68 1	71 1	72 1	76 1	78 1	81 2	83 2	85 2	86 2	87 2	89 2	90 2	91 2	92 2	93 2	94 2	96 2	100 2	101 2	102 2	103 2	104 2	106 2	108 2	109 2	110 2	111 2	112 2	119 2	121 2	123 2	124 2	126 2	131 2	132 2	133 2	136 2	138 2	142 2	144 2	145 2	146 2	148 2	149 2	150 2	151 2	152 2	154 2	156 2	0 0	0 0	0 0	0 0	0 0	0 0	0 0	0 0	0 0	0 0	0 0	0 0	0 0	0 0	0 0	0 0	0 0	0 0	0 0	0 0	0 0	0 0	0 0	0 0	0 0	0 0	0 0	0 0	
1 1	2 1	4 1	5 1	6 1	7 1	11 1	12 1	13 1	14 1	15 1	17 1	18 1	19 1	20 1	22 1	23 1	25 1	26 1	28 1	33 1	34 1	35 1	37 1	38 1	40 1	41 1	42 1	43 1	45 1	46 1	47 1	49 1	51 1	53 1	55 1	60 1	64 1	65 1	66 1	68 1	71 1	72 1	74 1	75 1	76 1	77 1	78 1	79 2	80 2	81 2	83 2	85 2	87 2	90 2	95 2	97 2	100 2	102 2	103 2	105 2	108 2	112 2	114 2	115 2	116 2	118 2	119 2	120 2	122 2	125 2	127 2	128 2	130 2	131 2	133 2	135 2	137 2	138 2	140 2	141 2	143 2	144 2	145 2	148 2	150 2	152 2	153 2	156 2	0 0	0 0	0 0	0 0	0 0	0 0	0 0	0 0	0 0	0 0	0 0	
2 1	3 1	5 1	8 1	17 1	18 1	19 1	21 1	22 1	23 1	24 1	25 1	28 1	29 1	31 1	33 1	35 1	43 1	46 1	48 1	49 1	51 1	52 1	55 1	56 1	58 1	59 1	60 1	61 1	62 1	63 1	64 1	65 1	66 1	71 1	73 1	75 1	77 1	78 1	79 2	81 2	83 2	84 2	85 2	86 2	88 2	92 2	95 2	97 2	98 2	102 2	103 2	104 2	105 2	106 2	107 2	108 2	111 2	112 2	113 2	114 2	117 2	118 2	121 2	124 2	125 2	126 2	127 2	132 2	136 2	137 2	139 2	140 2	142 2	143 2	144 2	147 2	148 2	150 2	152 2	154 2	0 0	0 0	0 0	0 0	0 0	0 0	0 0	0 0	0 0	0 0	0 0	0 0	0 0	0 0	0 0	0 0	0 0	0 0	0 0	
6 1	9 1	11 1	12 1	13 1	14 1	18 1	19 1	20 1	26 1	29 1	32 1	33 1	34 1	35 1	37 1	38 1	40 1	44 1	46 1	47 1	48 1	49 1	51 1	54 1	55 1	57 1	60 1	63 1	64 1	65 1	67 1	69 1	71 1	73 1	74 1	76 1	77 1	79 2	80 2	89 2	90 2	91 2	94 2	95 2	97 2	102 2	103 2	104 2	106 2	107 2	108 2	109 2	111 2	113 2	118 2	121 2	123 2	127 2	128 2	129 2	132 2	135 2	136 2	139 2	140 2	141 2	144 2	145 2	147 2	151 2	153 2	155 2	0 0	0 0	0 0	0 0	0 0	0 0	0 0	0 0	0 0	0 0	0 0	0 0	0 0	0 0	0 0	0 0	0 0	0 0	0 0	0 0	0 0	0 0	0 0	0 0	0 0	0 0	0 0	
3 1	4 1	6 1	8 1	10 1	12 1	13 1	20 1	21 1	22 1	23 1	25 1	26 1	28 1	30 1	35 1	36 1	38 1	39 1	42 1	43 1	44 1	45 1	50 1	52 1	55 1	56 1	57 1	59 1	61 1	62 1	66 1	67 1	68 1	70 1	73 1	75 1	76 1	79 2	85 2	87 2	89 2	92 2	94 2	97 2	106 2	107 2	109 2	113 2	114 2	116 2	117 2	118 2	121 2	122 2	123 2	124 2	126 2	130 2	131 2	137 2	138 2	139 2	141 2	148 2	150 2	152 2	154 2	156 2	0 0	0 0	0 0	0 0	0 0	0 0	0 0	0 0	0 0	0 0	0 0	0 0	0 0	0 0	0 0	0 0	0 0	0 0	0 0	0 0	0 0	0 0	0 0	0 0	0 0	0 0	0 0	0 0	0 0	0 0	0 0	
3 1	4 1	5 1	6 1	7 1	8 1	9 1	10 1	11 1	12 1	13 1	15 1	16 1	17 1	19 1	20 1	23 1	24 1	27 1	32 1	36 1	37 1	38 1	41 1	42 1	45 1	46 1	51 1	54 1	59 1	60 1	61 1	63 1	64 1	66 1	67 1	69 1	70 1	71 1	72 1	73 1	74 1	75 1	77 1	78 1	79 2	80 2	81 2	82 2	83 2	86 2	88 2	93 2	95 2	96 2	97 2	105 2	109 2	110 2	112 2	113 2	115 2	117 2	119 2	120 2	125 2	128 2	129 2	130 2	131 2	133 2	134 2	137 2	140 2	144 2	145 2	146 2	148 2	150 2	151 2	153 2	154 2	155 2	0 0	0 0	0 0	0 0	0 0	0 0	0 0	0 0	0 0	0 0	0 0	0 0	0 0	0 0	0 0	0 0	0 0	
1 1	2 1	6 1	7 1	8 1	14 1	15 1	16 1	17 1	19 1	20 1	22 1	23 1	24 1	25 1	27 1	31 1	33 1	38 1	39 1	42 1	43 1	44 1	46 1	48 1	49 1	50 1	54 1	55 1	56 1	58 1	60 1	63 1	65 1	66 1	71 1	72 1	73 1	74 1	75 1	76 1	77 1	83 2	84 2	85 2	86 2	87 2	90 2	91 2	92 2	95 2	96 2	97 2	101 2	107 2	108 2	109 2	110 2	112 2	113 2	114 2	116 2	118 2	120 2	122 2	125 2	126 2	128 2	129 2	130 2	131 2	135 2	136 2	137 2	138 2	139 2	140 2	142 2	145 2	146 2	151 2	152 2	153 2	154 2	156 2	0 0	0 0	0 0	0 0	0 0	0 0	0 0	0 0	0 0	0 0	0 0	0 0	0 0	0 0	0 0	
3 1	5 1	10 1	14 1	15 1	18 1	19 1	20 1	21 1	22 1	23 1	25 1	26 1	27 1	29 1	31 1	33 1	35 1	38 1	39 1	40 1	41 1	42 1	43 1	44 1	45 1	46 1	50 1	51 1	52 1	53 1	57 1	63 1	65 1	67 1	68 1	69 1	72 1	73 1	78 1	81 2	82 2	84 2	86 2	88 2	89 2	91 2	92 2	95 2	98 2	99 2	101 2	102 2	105 2	106 2	110 2	112 2	113 2	116 2	118 2	119 2	126 2	127 2	128 2	129 2	131 2	135 2	137 2	138 2	142 2	143 2	145 2	147 2	154 2	155 2	156 2	0 0	0 0	0 0	0 0	0 0	0 0	0 0	0 0	0 0	0 0	0 0	0 0	0 0	0 0	0 0	0 0	0 0	0 0	0 0	0 0	0 0	0 0	0 0	0 0	
1 1	8 1	10 1	11 1	12 1	13 1	15 1	22 1	23 1	24 1	25 1	26 1	27 1	28 1	29 1	30 1	33 1	36 1	38 1	39 1	40 1	41 1	42 1	43 1	46 1	53 1	55 1	58 1	59 1	61 1	64 1	68 1	69 1	70 1	71 1	75 1	76 1	78 1	82 2	84 2	85 2	86 2	87 2	90 2	91 2	94 2	96 2	97 2	99 2	103 2	104 2	105 2	106 2	107 2	109 2	110 2	111 2	112 2	120 2	124 2	129 2	130 2	131 2	132 2	133 2	134 2	136 2	137 2	138 2	140 2	142 2	143 2	144 2	145 2	147 2	149 2	150 2	151 2	152 2	153 2	154 2	156 2	0 0	0 0	0 0	0 0	0 0	0 0	0 0	0 0	0 0	0 0	0 0	0 0	0 0	0 0	0 0	0 0	0 0	0 0	
3 1	4 1	5 1	7 1	12 1	14 1	15 1	16 1	19 1	21 1	22 1	24 1	25 1	28 1	30 1	31 1	32 1	33 1	34 1	35 1	37 1	39 1	40 1	41 1	42 1	46 1	50 1	51 1	53 1	56 1	65 1	66 1	68 1	69 1	70 1	72 1	75 1	80 2	85 2	88 2	89 2	93 2	95 2	96 2	98 2	101 2	102 2	103 2	104 2	105 2	110 2	112 2	117 2	119 2	121 2	122 2	125 2	126 2	127 2	131 2	132 2	133 2	134 2	137 2	139 2	141 2	145 2	149 2	151 2	152 2	0 0	0 0	0 0	0 0	0 0	0 0	0 0	0 0	0 0	0 0	0 0	0 0	0 0	0 0	0 0	0 0	0 0	0 0	0 0	0 0	0 0	0 0	0 0	0 0	0 0	0 0	0 0	0 0	0 0	0 0	
1 1	2 1	3 1	4 1	5 1	6 1	9 1	11 1	12 1	16 1	19 1	20 1	21 1	23 1	24 1	26 1	29 1	30 1	33 1	34 1	35 1	38 1	39 1	40 1	42 1	43 1	45 1	46 1	48 1	50 1	52 1	54 1	55 1	60 1	61 1	63 1	64 1	67 1	76 1	79 2	80 2	81 2	83 2	85 2	86 2	87 2	88 2	92 2	93 2	97 2	98 2	99 2	100 2	101 2	102 2	103 2	104 2	106 2	108 2	109 2	110 2	111 2	114 2	117 2	119 2	121 2	122 2	124 2	126 2	133 2	134 2	138 2	140 2	143 2	144 2	146 2	147 2	148 2	149 2	150 2	151 2	156 2	0 0	0 0	0 0	0 0	0 0	0 0	0 0	0 0	0 0	0 0	0 0	0 0	0 0	0 0	0 0	0 0	0 0	0 0	
1 1	3 1	6 1	8 1	10 1	11 1	12 1	16 1	17 1	20 1	25 1	27 1	28 1	29 1	32 1	36 1	37 1	39 1	40 1	46 1	49 1	50 1	53 1	56 1	57 1	61 1	63 1	66 1	67 1	69 1	70 1	74 1	77 1	78 1	79 2	80 2	81 2	84 2	85 2	88 2	89 2	90 2	91 2	92 2	97 2	98 2	100 2	101 2	102 2	104 2	107 2	108 2	109 2	110 2	113 2	114 2	115 2	117 2	118 2	120 2	125 2	126 2	129 2	130 2	132 2	133 2	138 2	139 2	141 2	142 2	143 2	144 2	146 2	148 2	151 2	153 2	155 2	0 0	0 0	0 0	0 0	0 0	0 0	0 0	0 0	0 0	0 0	0 0	0 0	0 0	0 0	0 0	0 0	0 0	0 0	0 0	0 0	0 0	0 0	0 0	
1 1	4 1	10 1	11 1	12 1	13 1	16 1	17 1	18 1	19 1	21 1	25 1	26 1	27 1	29 1	32 1	33 1	35 1	36 1	37 1	38 1	40 1	41 1	43 1	45 1	46 1	47 1	48 1	49 1	51 1	53 1	54 1	56 1	57 1	58 1	61 1	62 1	63 1	67 1	69 1	70 1	73 1	74 1	75 1	79 2	80 2	81 2	82 2	83 2	84 2	87 2	88 2	90 2	93 2	95 2	96 2	97 2	100 2	101 2	102 2	103 2	104 2	107 2	108 2	115 2	119 2	120 2	122 2	123 2	125 2	130 2	134 2	135 2	136 2	137 2	138 2	140 2	141 2	144 2	145 2	147 2	150 2	151 2	152 2	153 2	156 2	0 0	0 0	0 0	0 0	0 0	0 0	0 0	0 0	0 0	0 0	0 0	0 0	0 0	0 0	
6 1	8 1	11 1	13 1	14 1	15 1	18 1	19 1	20 1	21 1	23 1	28 1	31 1	32 1	35 1	36 1	38 1	39 1	40 1	42 1	43 1	47 1	50 1	55 1	56 1	58 1	59 1	64 1	66 1	67 1	68 1	69 1	70 1	71 1	72 1	74 1	75 1	81 2	84 2	86 2	87 2	91 2	95 2	96 2	98 2	99 2	101 2	104 2	105 2	107 2	110 2	111 2	112 2	116 2	118 2	119 2	120 2	126 2	130 2	131 2	132 2	134 2	136 2	137 2	138 2	141 2	142 2	145 2	149 2	151 2	153 2	0 0	0 0	0 0	0 0	0 0	0 0	0 0	0 0	0 0	0 0	0 0	0 0	0 0	0 0	0 0	0 0	0 0	0 0	0 0	0 0	0 0	0 0	0 0	0 0	0 0	0 0	0 0	0 0	0 0	
4 1	5 1	6 1	8 1	9 1	10 1	12 1	13 1	14 1	15 1	16 1	18 1	19 1	21 1	22 1	24 1	26 1	27 1	29 1	31 1	32 1	35 1	37 1	39 1	40 1	42 1	44 1	45 1	49 1	50 1	52 1	53 1	54 1	55 1	56 1	57 1	59 1	67 1	68 1	69 1	72 1	73 1	76 1	78 1	80 2	82 2	83 2	84 2	85 2	86 2	87 2	89 2	92 2	95 2	96 2	99 2	103 2	104 2	105 2	106 2	107 2	108 2	111 2	112 2	114 2	116 2	117 2	118 2	119 2	122 2	126 2	130 2	132 2	133 2	134 2	135 2	136 2	138 2	141 2	142 2	145 2	147 2	149 2	150 2	152 2	154 2	156 2	0 0	0 0	0 0	0 0	0 0	0 0	0 0	0 0	0 0	0 0	0 0	0 0	0 0	
3 1	4 1	7 1	8 1	9 1	11 1	15 1	16 1	17 1	18 1	20 1	22 1	23 1	24 1	27 1	28 1	29 1	30 1	33 1	38 1	41 1	43 1	44 1	45 1	46 1	49 1	50 1	51 1	54 1	55 1	58 1	60 1	61 1	62 1	63 1	65 1	66 1	67 1	68 1	70 1	73 1	74 1	75 1	76 1	77 1	78 1	80 2	81 2	86 2	87 2	90 2	92 2	94 2	98 2	101 2	102 2	103 2	110 2	112 2	115 2	116 2	119 2	121 2	123 2	125 2	126 2	127 2	128 2	133 2	134 2	136 2	139 2	140 2	141 2	142 2	144 2	145 2	146 2	147 2	149 2	151 2	152 2	154 2	155 2	0 0	0 0	0 0	0 0	0 0	0 0	0 0	0 0	0 0	0 0	0 0	0 0	0 0	0 0	0 0	0 0	
1 1	2 1	4 1	7 1	9 1	11 1	12 1	17 1	20 1	24 1	29 1	30 1	31 1	33 1	34 1	35 1	36 1	38 1	39 1	40 1	41 1	42 1	44 1	45 1	46 1	47 1	48 1	49 1	50 1	54 1	55 1	56 1	57 1	58 1	59 1	60 1	64 1	67 1	72 1	77 1	79 2	80 2	82 2	83 2	86 2	89 2	94 2	99 2	101 2	107 2	108 2	109 2	110 2	112 2	113 2	114 2	118 2	119 2	121 2	123 2	124 2	126 2	129 2	130 2	132 2	133 2	136 2	138 2	139 2	140 2	141 2	142 2	144 2	147 2	148 2	149 2	150 2	151 2	152 2	154 2	155 2	156 2	0 0	0 0	0 0	0 0	0 0	0 0	0 0	0 0	0 0	0 0	0 0	0 0	0 0	0 0	0 0	0 0	0 0	0 0	
3 1	5 1	6 1	7 1	8 1	11 1	14 1	16 1	18 1	19 1	20 1	23 1	26 1	27 1	32 1	34 1	36 1	39 1	41 1	43 1	45 1	47 1	49 1	50 1	51 1	53 1	57 1	58 1	60 1	61 1	63 1	64 1	65 1	67 1	68 1	69 1	71 1	73 1	76 1	78 1	81 2	83 2	85 2	87 2	91 2	92 2	96 2	97 2	99 2	100 2	102 2	103 2	104 2	105 2	107 2	108 2	109 2	111 2	117 2	119 2	121 2	123 2	124 2	125 2	126 2	130 2	131 2	132 2	133 2	134 2	137 2	138 2	139 2	142 2	143 2	145 2	146 2	148 2	149 2	150 2	151 2	152 2	153 2	154 2	0 0	0 0	0 0	0 0	0 0	0 0	0 0	0 0	0 0	0 0	0 0	0 0	0 0	0 0	0 0	0 0	
2 1	3 1	4 1	8 1	9 1	10 1	12 1	13 1	16 1	20 1	22 1	23 1	27 1	29 1	30 1	31 1	33 1	34 1	36 1	37 1	40 1	44 1	45 1	47 1	49 1	50 1	53 1	56 1	60 1	61 1	62 1	67 1	70 1	73 1	75 1	80 2	83 2	86 2	90 2	91 2	93 2	94 2	95 2	96 2	97 2	99 2	100 2	106 2	107 2	109 2	110 2	112 2	113 2	114 2	115 2	117 2	118 2	119 2	120 2	122 2	125 2	130 2	132 2	133 2	134 2	135 2	136 2	138 2	139 2	140 2	141 2	142 2	145 2	147 2	148 2	151 2	152 2	153 2	0 0	0 0	0 0	0 0	0 0	0 0	0 0	0 0	0 0	0 0	0 0	0 0	0 0	0 0	0 0	0 0	0 0	0 0	0 0	0 0	0 0	0 0	
1 1	2 1	6 1	9 1	11 1	14 1	15 1	17 1	18 1	20 1	21 1	23 1	25 1	27 1	28 1	30 1	32 1	33 1	37 1	38 1	39 1	43 1	47 1	51 1	54 1	55 1	56 1	57 1	58 1	59 1	62 1	63 1	65 1	66 1	67 1	68 1	72 1	75 1	77 1	81 2	82 2	83 2	86 2	87 2	88 2	89 2	91 2	92 2	94 2	95 2	97 2	99 2	100 2	101 2	102 2	105 2	106 2	107 2	109 2	110 2	113 2	115 2	117 2	118 2	119 2	126 2	128 2	129 2	131 2	136 2	140 2	145 2	149 2	150 2	151 2	153 2	0 0	0 0	0 0	0 0	0 0	0 0	0 0	0 0	0 0	0 0	0 0	0 0	0 0	0 0	0 0	0 0	0 0	0 0	0 0	0 0	0 0	0 0	0 0	0 0	
1 1	3 1	5 1	7 1	8 1	9 1	10 1	12 1	16 1	19 1	20 1	23 1	25 1	27 1	28 1	30 1	32 1	33 1	34 1	35 1	38 1	43 1	45 1	46 1	47 1	49 1	52 1	55 1	58 1	61 1	62 1	63 1	64 1	65 1	67 1	71 1	73 1	76 1	77 1	79 2	83 2	84 2	87 2	91 2	93 2	94 2	95 2	97 2	98 2	99 2	100 2	101 2	102 2	104 2	106 2	107 2	108 2	117 2	118 2	120 2	122 2	124 2	126 2	127 2	137 2	138 2	141 2	144 2	145 2	147 2	150 2	151 2	152 2	153 2	155 2	0 0	0 0	0 0	0 0	0 0	0 0	0 0	0 0	0 0	0 0	0 0	0 0	0 0	0 0	0 0	0 0	0 0	0 0	0 0	0 0	0 0	0 0	0 0	0 0	0 0	
3 1	4 1	5 1	6 1	7 1	8 1	9 1	18 1	22 1	23 1	24 1	25 1	28 1	30 1	33 1	39 1	42 1	43 1	44 1	45 1	46 1	47 1	50 1	51 1	52 1	53 1	55 1	56 1	57 1	58 1	63 1	65 1	66 1	71 1	72 1	75 1	78 1	82 2	84 2	86 2	88 2	89 2	91 2	92 2	97 2	99 2	102 2	104 2	105 2	106 2	107 2	109 2	118 2	121 2	122 2	125 2	126 2	129 2	130 2	131 2	132 2	133 2	134 2	135 2	138 2	139 2	144 2	147 2	149 2	150 2	151 2	152 2	153 2	154 2	155 2	156 2	0 0	0 0	0 0	0 0	0 0	0 0	0 0	0 0	0 0	0 0	0 0	0 0	0 0	0 0	0 0	0 0	0 0	0 0	0 0	0 0	0 0	0 0	0 0	0 0	
1 1	3 1	7 1	8 1	9 1	10 1	11 1	13 1	14 1	21 1	22 1	23 1	24 1	34 1	36 1	38 1	40 1	42 1	44 1	46 1	48 1	50 1	52 1	53 1	54 1	55 1	57 1	61 1	64 1	66 1	67 1	68 1	69 1	70 1	71 1	72 1	73 1	74 1	76 1	77 1	80 2	81 2	82 2	83 2	86 2	89 2	90 2	94 2	95 2	96 2	97 2	98 2	99 2	103 2	104 2	106 2	107 2	108 2	111 2	114 2	115 2	119 2	120 2	122 2	124 2	127 2	136 2	138 2	139 2	140 2	142 2	144 2	147 2	148 2	152 2	153 2	155 2	156 2	0 0	0 0	0 0	0 0	0 0	0 0	0 0	0 0	0 0	0 0	0 0	0 0	0 0	0 0	0 0	0 0	0 0	0 0	0 0	0 0	0 0	0 0	
5 1	6 1	7 1	8 1	9 1	11 1	12 1	14 1	15 1	16 1	17 1	19 1	20 1	22 1	23 1	24 1	25 1	27 1	28 1	31 1	32 1	33 1	34 1	38 1	39 1	42 1	44 1	49 1	51 1	52 1	53 1	56 1	58 1	61 1	63 1	66 1	68 1	72 1	73 1	74 1	75 1	77 1	79 2	80 2	81 2	83 2	84 2	88 2	90 2	92 2	95 2	97 2	99 2	100 2	101 2	104 2	105 2	106 2	108 2	111 2	113 2	115 2	117 2	118 2	121 2	124 2	126 2	130 2	131 2	133 2	135 2	137 2	139 2	140 2	142 2	143 2	144 2	145 2	146 2	149 2	151 2	154 2	156 2	0 0	0 0	0 0	0 0	0 0	0 0	0 0	0 0	0 0	0 0	0 0	0 0	0 0	0 0	0 0	0 0	0 0	
1 1	11 1	12 1	13 1	16 1	18 1	19 1	21 1	22 1	24 1	26 1	28 1	29 1	31 1	33 1	34 1	39 1	40 1	42 1	43 1	45 1	46 1	49 1	51 1	52 1	53 1	55 1	56 1	58 1	59 1	62 1	64 1	66 1	70 1	72 1	73 1	74 1	75 1	76 1	77 1	78 1	79 2	80 2	81 2	82 2	84 2	86 2	88 2	89 2	90 2	91 2	94 2	96 2	98 2	99 2	100 2	101 2	104 2	105 2	111 2	112 2	115 2	118 2	119 2	121 2	122 2	123 2	128 2	129 2	132 2	134 2	136 2	138 2	139 2	141 2	143 2	145 2	146 2	147 2	148 2	149 2	151 2	154 2	155 2	156 2	0 0	0 0	0 0	0 0	0 0	0 0	0 0	0 0	0 0	0 0	0 0	0 0	0 0	0 0	0 0	
2 1	4 1	5 1	6 1	8 1	11 1	12 1	14 1	16 1	18 1	21 1	22 1	23 1	24 1	27 1	29 1	30 1	31 1	32 1	33 1	34 1	38 1	39 1	42 1	44 1	45 1	47 1	48 1	52 1	53 1	55 1	56 1	57 1	59 1	62 1	64 1	65 1	66 1	67 1	68 1	70 1	73 1	74 1	75 1	78 1	79 2	80 2	82 2	84 2	85 2	86 2	87 2	89 2	90 2	91 2	93 2	94 2	96 2	97 2	100 2	101 2	104 2	109 2	113 2	116 2	118 2	119 2	121 2	123 2	124 2	126 2	127 2	129 2	131 2	132 2	133 2	135 2	136 2	137 2	138 2	141 2	144 2	149 2	151 2	152 2	156 2	0 0	0 0	0 0	0 0	0 0	0 0	0 0	0 0	0 0	0 0	0 0	0 0	0 0	0 0	
3 1	4 1	5 1	6 1	7 1	13 1	15 1	16 1	17 1	18 1	19 1	20 1	22 1	23 1	24 1	26 1	28 1	31 1	32 1	35 1	38 1	47 1	49 1	52 1	53 1	54 1	55 1	57 1	59 1	60 1	61 1	63 1	64 1	65 1	68 1	70 1	72 1	73 1	74 1	76 1	77 1	80 2	85 2	92 2	94 2	96 2	98 2	99 2	100 2	101 2	104 2	105 2	106 2	108 2	111 2	113 2	115 2	117 2	118 2	119 2	120 2	122 2	124 2	125 2	127 2	130 2	131 2	139 2	141 2	144 2	146 2	147 2	149 2	152 2	153 2	156 2	0 0	0 0	0 0	0 0	0 0	0 0	0 0	0 0	0 0	0 0	0 0	0 0	0 0	0 0	0 0	0 0	0 0	0 0	0 0	0 0	0 0	0 0	0 0	0 0	
1 1	4 1	5 1	6 1	7 1	11 1	12 1	13 1	22 1	28 1	29 1	31 1	32 1	33 1	34 1	40 1	47 1	50 1	53 1	55 1	58 1	61 1	63 1	64 1	65 1	66 1	67 1	69 1	72 1	76 1	78 1	79 2	80 2	84 2	85 2	86 2	88 2	93 2	95 2	96 2	97 2	98 2	99 2	100 2	102 2	103 2	107 2	109 2	111 2	114 2	119 2	123 2	125 2	127 2	131 2	132 2	133 2	137 2	143 2	144 2	148 2	149 2	152 2	155 2	156 2	0 0	0 0	0 0	0 0	0 0	0 0	0 0	0 0	0 0	0 0	0 0	0 0	0 0	0 0	0 0	0 0	0 0	0 0	0 0	0 0	0 0	0 0	0 0	0 0	0 0	0 0	0 0	0 0	0 0	0 0	0 0	0 0	0 0	0 0	0 0	
2 1	3 1	7 1	10 1	11 1	12 1	14 1	15 1	16 1	19 1	20 1	22 1	24 1	25 1	28 1	33 1	39 1	41 1	42 1	43 1	44 1	45 1	46 1	48 1	49 1	50 1	53 1	55 1	60 1	61 1	64 1	68 1	70 1	71 1	72 1	74 1	76 1	77 1	78 1	82 2	83 2	84 2	85 2	86 2	87 2	89 2	90 2	92 2	95 2	98 2	99 2	102 2	103 2	107 2	108 2	111 2	115 2	117 2	118 2	119 2	125 2	126 2	129 2	130 2	131 2	136 2	137 2	138 2	140 2	141 2	142 2	143 2	144 2	145 2	146 2	149 2	150 2	153 2	155 2	0 0	0 0	0 0	0 0	0 0	0 0	0 0	0 0	0 0	0 0	0 0	0 0	0 0	0 0	0 0	0 0	0 0	0 0	0 0	0 0	0 0	
1 1	3 1	7 1	8 1	9 1	11 1	12 1	13 1	16 1	17 1	20 1	21 1	22 1	24 1	26 1	27 1	31 1	32 1	33 1	34 1	36 1	37 1	38 1	41 1	42 1	44 1	50 1	51 1	52 1	53 1	57 1	58 1	61 1	62 1	63 1	64 1	66 1	67 1	70 1	71 1	73 1	74 1	81 2	85 2	88 2	89 2	92 2	93 2	96 2	101 2	102 2	103 2	104 2	105 2	108 2	110 2	112 2	113 2	114 2	115 2	118 2	119 2	121 2	122 2	124 2	128 2	129 2	130 2	131 2	134 2	135 2	138 2	140 2	142 2	143 2	144 2	145 2	146 2	147 2	148 2	149 2	150 2	151 2	152 2	154 2	155 2	0 0	0 0	0 0	0 0	0 0	0 0	0 0	0 0	0 0	0 0	0 0	0 0	0 0	0 0	
1 1	2 1	5 1	7 1	8 1	9 1	11 1	12 1	13 1	14 1	15 1	17 1	18 1	19 1	20 1	21 1	23 1	24 1	27 1	29 1	32 1	35 1	37 1	38 1	39 1	43 1	44 1	47 1	50 1	52 1	53 1	54 1	55 1	57 1	60 1	61 1	62 1	65 1	68 1	70 1	71 1	72 1	74 1	75 1	81 2	82 2	86 2	87 2	90 2	91 2	94 2	96 2	97 2	99 2	100 2	102 2	103 2	107 2	116 2	117 2	118 2	120 2	124 2	125 2	126 2	129 2	130 2	132 2	135 2	138 2	139 2	143 2	144 2	145 2	147 2	149 2	151 2	152 2	153 2	0 0	0 0	0 0	0 0	0 0	0 0	0 0	0 0	0 0	0 0	0 0	0 0	0 0	0 0	0 0	0 0	0 0	0 0	0 0	0 0	0 0	
1 1	4 1	6 1	7 1	14 1	17 1	19 1	20 1	23 1	25 1	26 1	27 1	29 1	32 1	36 1	38 1	40 1	43 1	44 1	45 1	46 1	47 1	48 1	50 1	51 1	54 1	57 1	60 1	62 1	63 1	64 1	65 1	66 1	68 1	69 1	70 1	71 1	74 1	75 1	78 1	81 2	84 2	85 2	87 2	88 2	89 2	93 2	94 2	95 2	96 2	100 2	101 2	104 2	105 2	106 2	108 2	109 2	111 2	112 2	113 2	114 2	119 2	120 2	121 2	132 2	133 2	134 2	135 2	137 2	139 2	141 2	142 2	143 2	149 2	150 2	152 2	153 2	154 2	156 2	0 0	0 0	0 0	0 0	0 0	0 0	0 0	0 0	0 0	0 0	0 0	0 0	0 0	0 0	0 0	0 0	0 0	0 0	0 0	0 0	0 0	
3 1	6 1	7 1	9 1	10 1	11 1	15 1	16 1	17 1	18 1	19 1	23 1	24 1	29 1	30 1	31 1	33 1	35 1	44 1	45 1	48 1	51 1	52 1	54 1	55 1	58 1	62 1	63 1	65 1	71 1	72 1	76 1	77 1	78 1	79 2	81 2	82 2	83 2	84 2	85 2	87 2	88 2	89 2	92 2	94 2	95 2	97 2	103 2	104 2	111 2	113 2	114 2	115 2	116 2	118 2	120 2	124 2	129 2	131 2	134 2	136 2	137 2	139 2	140 2	141 2	142 2	144 2	146 2	147 2	148 2	149 2	153 2	0 0	0 0	0 0	0 0	0 0	0 0	0 0	0 0	0 0	0 0	0 0	0 0	0 0	0 0	0 0	0 0	0 0	0 0	0 0	0 0	0 0	0 0	0 0	0 0	0 0	0 0	0 0	0 0	
6 1	7 1	12 1	17 1	19 1	22 1	24 1	26 1	28 1	29 1	36 1	40 1	48 1	53 1	55 1	60 1	63 1	65 1	66 1	68 1	70 1	75 1	80 2	81 2	85 2	86 2	87 2	88 2	89 2	90 2	91 2	92 2	93 2	94 2	95 2	101 2	102 2	103 2	105 2	110 2	113 2	114 2	117 2	119 2	120 2	122 2	125 2	127 2	128 2	130 2	135 2	136 2	137 2	138 2	139 2	140 2	142 2	144 2	145 2	148 2	151 2	153 2	155 2	0 0	0 0	0 0	0 0	0 0	0 0	0 0	0 0	0 0	0 0	0 0	0 0	0 0	0 0	0 0	0 0	0 0	0 0	0 0	0 0	0 0	0 0	0 0	0 0	0 0	0 0	0 0	0 0	0 0	0 0	0 0	0 0	0 0	0 0	0 0	0 0	0 0	
2 1	3 1	7 1	8 1	10 1	12 1	13 1	14 1	16 1	22 1	23 1	25 1	28 1	32 1	33 1	34 1	37 1	38 1	40 1	42 1	43 1	44 1	45 1	46 1	47 1	49 1	51 1	52 1	61 1	67 1	68 1	70 1	71 1	72 1	73 1	76 1	78 1	82 2	83 2	84 2	88 2	89 2	91 2	92 2	93 2	94 2	97 2	98 2	100 2	102 2	103 2	104 2	105 2	106 2	109 2	111 2	112 2	113 2	114 2	116 2	117 2	119 2	120 2	121 2	122 2	123 2	124 2	126 2	136 2	139 2	141 2	144 2	146 2	147 2	149 2	153 2	155 2	156 2	0 0	0 0	0 0	0 0	0 0	0 0	0 0	0 0	0 0	0 0	0 0	0 0	0 0	0 0	0 0	0 0	0 0	0 0	0 0	0 0	0 0	0 0	
1 1	5 1	11 1	12 1	13 1	17 1	20 1	21 1	22 1	24 1	25 1	26 1	28 1	30 1	31 1	33 1	34 1	36 1	37 1	39 1	42 1	43 1	44 1	46 1	48 1	50 1	52 1	55 1	60 1	62 1	66 1	67 1	68 1	73 1	77 1	78 1	79 2	81 2	83 2	84 2	85 2	86 2	87 2	88 2	90 2	91 2	92 2	93 2	98 2	100 2	101 2	102 2	104 2	105 2	106 2	111 2	115 2	117 2	119 2	121 2	122 2	128 2	130 2	137 2	138 2	139 2	140 2	141 2	144 2	147 2	149 2	151 2	152 2	153 2	154 2	155 2	156 2	0 0	0 0	0 0	0 0	0 0	0 0	0 0	0 0	0 0	0 0	0 0	0 0	0 0	0 0	0 0	0 0	0 0	0 0	0 0	0 0	0 0	0 0	0 0	
1 1	5 1	6 1	7 1	8 1	9 1	13 1	14 1	17 1	19 1	20 1	21 1	23 1	24 1	26 1	27 1	28 1	29 1	37 1	38 1	40 1	41 1	43 1	44 1	47 1	48 1	49 1	50 1	53 1	56 1	58 1	60 1	62 1	63 1	65 1	66 1	68 1	70 1	71 1	72 1	74 1	75 1	80 2	84 2	85 2	88 2	89 2	91 2	94 2	95 2	96 2	97 2	98 2	102 2	103 2	104 2	107 2	108 2	109 2	111 2	112 2	114 2	115 2	118 2	120 2	121 2	123 2	124 2	126 2	127 2	130 2	131 2	132 2	134 2	135 2	136 2	137 2	138 2	140 2	143 2	146 2	148 2	149 2	155 2	156 2	0 0	0 0	0 0	0 0	0 0	0 0	0 0	0 0	0 0	0 0	0 0	0 0	0 0	0 0	0 0	
1 1	2 1	6 1	7 1	9 1	10 1	12 1	13 1	14 1	15 1	16 1	17 1	19 1	20 1	21 1	23 1	24 1	25 1	26 1	27 1	28 1	29 1	30 1	31 1	33 1	34 1	35 1	36 1	38 1	40 1	41 1	42 1	46 1	49 1	51 1	52 1	54 1	55 1	56 1	58 1	64 1	66 1	69 1	70 1	75 1	77 1	78 1	80 2	83 2	84 2	85 2	86 2	88 2	91 2	92 2	94 2	95 2	96 2	99 2	100 2	101 2	106 2	107 2	111 2	112 2	113 2	116 2	118 2	119 2	121 2	125 2	126 2	128 2	129 2	133 2	136 2	138 2	141 2	142 2	144 2	148 2	151 2	152 2	153 2	154 2	155 2	0 0	0 0	0 0	0 0	0 0	0 0	0 0	0 0	0 0	0 0	0 0	0 0	0 0	0 0	
4 1	5 1	8 1	9 1	11 1	12 1	13 1	14 1	15 1	17 1	19 1	20 1	23 1	25 1	26 1	27 1	28 1	30 1	31 1	32 1	35 1	38 1	39 1	42 1	43 1	50 1	51 1	52 1	53 1	55 1	59 1	62 1	66 1	67 1	68 1	69 1	71 1	72 1	74 1	75 1	76 1	77 1	79 2	81 2	82 2	83 2	84 2	85 2	86 2	87 2	88 2	89 2	94 2	96 2	99 2	103 2	104 2	105 2	108 2	110 2	111 2	112 2	114 2	117 2	120 2	122 2	126 2	130 2	134 2	135 2	138 2	139 2	140 2	141 2	142 2	143 2	147 2	152 2	156 2	0 0	0 0	0 0	0 0	0 0	0 0	0 0	0 0	0 0	0 0	0 0	0 0	0 0	0 0	0 0	0 0	0 0	0 0	0 0	0 0	0 0	
1 1	2 1	4 1	6 1	7 1	10 1	11 1	12 1	13 1	14 1	17 1	21 1	23 1	25 1	29 1	33 1	34 1	41 1	42 1	43 1	45 1	47 1	48 1	55 1	56 1	58 1	59 1	60 1	62 1	63 1	64 1	66 1	70 1	71 1	72 1	78 1	79 2	82 2	84 2	86 2	87 2	89 2	91 2	93 2	98 2	99 2	101 2	102 2	103 2	105 2	106 2	108 2	112 2	113 2	114 2	115 2	116 2	117 2	119 2	121 2	124 2	125 2	129 2	131 2	133 2	136 2	140 2	141 2	145 2	147 2	148 2	149 2	153 2	0 0	0 0	0 0	0 0	0 0	0 0	0 0	0 0	0 0	0 0	0 0	0 0	0 0	0 0	0 0	0 0	0 0	0 0	0 0	0 0	0 0	0 0	0 0	0 0	0 0	0 0	0 0	
3 1	6 1	7 1	9 1	10 1	12 1	14 1	16 1	18 1	21 1	22 1	23 1	24 1	25 1	27 1	28 1	29 1	30 1	36 1	38 1	39 1	40 1	42 1	43 1	47 1	50 1	51 1	54 1	55 1	57 1	58 1	60 1	61 1	62 1	63 1	65 1	67 1	68 1	70 1	71 1	72 1	74 1	76 1	78 1	79 2	80 2	84 2	87 2	88 2	89 2	91 2	92 2	93 2	95 2	96 2	97 2	98 2	100 2	101 2	103 2	108 2	110 2	119 2	122 2	124 2	127 2	137 2	140 2	141 2	142 2	144 2	145 2	146 2	149 2	152 2	153 2	154 2	155 2	0 0	0 0	0 0	0 0	0 0	0 0	0 0	0 0	0 0	0 0	0 0	0 0	0 0	0 0	0 0	0 0	0 0	0 0	0 0	0 0	0 0	0 0	
1 1	2 1	3 1	4 1	7 1	9 1	10 1	12 1	14 1	15 1	18 1	19 1	21 1	22 1	24 1	25 1	26 1	27 1	29 1	30 1	31 1	32 1	33 1	34 1	36 1	37 1	39 1	40 1	42 1	43 1	44 1	45 1	46 1	47 1	48 1	50 1	51 1	52 1	53 1	55 1	57 1	58 1	59 1	60 1	62 1	68 1	70 1	73 1	74 1	77 1	81 2	85 2	89 2	92 2	93 2	95 2	96 2	98 2	99 2	100 2	102 2	106 2	108 2	109 2	111 2	112 2	114 2	123 2	127 2	128 2	132 2	133 2	135 2	137 2	142 2	144 2	145 2	147 2	152 2	153 2	155 2	156 2	0 0	0 0	0 0	0 0	0 0	0 0	0 0	0 0	0 0	0 0	0 0	0 0	0 0	0 0	0 0	0 0	0 0	0 0	
3 1	5 1	6 1	10 1	11 1	12 1	14 1	15 1	18 1	19 1	20 1	21 1	24 1	25 1	33 1	35 1	36 1	37 1	40 1	41 1	43 1	44 1	46 1	47 1	52 1	55 1	56 1	57 1	61 1	62 1	63 1	66 1	67 1	70 1	72 1	73 1	74 1	76 1	78 1	81 2	86 2	87 2	88 2	89 2	90 2	95 2	97 2	98 2	99 2	102 2	106 2	108 2	110 2	111 2	113 2	114 2	117 2	118 2	119 2	120 2	121 2	122 2	125 2	127 2	128 2	129 2	131 2	132 2	133 2	135 2	136 2	137 2	138 2	139 2	141 2	143 2	144 2	146 2	147 2	148 2	150 2	151 2	153 2	155 2	0 0	0 0	0 0	0 0	0 0	0 0	0 0	0 0	0 0	0 0	0 0	0 0	0 0	0 0	0 0	0 0	
1 1	2 1	4 1	7 1	9 1	10 1	11 1	13 1	14 1	17 1	19 1	22 1	24 1	29 1	32 1	33 1	34 1	35 1	37 1	38 1	39 1	40 1	42 1	43 1	45 1	47 1	50 1	52 1	56 1	57 1	60 1	61 1	63 1	65 1	67 1	68 1	69 1	70 1	77 1	86 2	90 2	91 2	92 2	94 2	95 2	97 2	98 2	99 2	100 2	103 2	104 2	105 2	107 2	108 2	109 2	111 2	112 2	114 2	119 2	120 2	121 2	122 2	124 2	127 2	132 2	135 2	138 2	142 2	143 2	147 2	148 2	149 2	155 2	156 2	0 0	0 0	0 0	0 0	0 0	0 0	0 0	0 0	0 0	0 0	0 0	0 0	0 0	0 0	0 0	0 0	0 0	0 0	0 0	0 0	0 0	0 0	0 0	0 0	0 0	0 0	
1 1	7 1	8 1	9 1	12 1	14 1	17 1	18 1	19 1	20 1	21 1	23 1	24 1	25 1	27 1	29 1	30 1	31 1	35 1	38 1	40 1	42 1	43 1	44 1	45 1	47 1	48 1	51 1	52 1	54 1	58 1	60 1	61 1	63 1	66 1	67 1	68 1	69 1	70 1	72 1	73 1	80 2	81 2	83 2	84 2	88 2	89 2	92 2	96 2	97 2	98 2	99 2	100 2	103 2	104 2	105 2	110 2	112 2	113 2	114 2	117 2	119 2	120 2	123 2	124 2	126 2	127 2	129 2	130 2	131 2	132 2	133 2	135 2	136 2	137 2	138 2	143 2	144 2	147 2	148 2	149 2	151 2	152 2	153 2	0 0	0 0	0 0	0 0	0 0	0 0	0 0	0 0	0 0	0 0	0 0	0 0	0 0	0 0	0 0	0 0	
1 1	6 1	7 1	8 1	10 1	11 1	13 1	14 1	20 1	23 1	25 1	26 1	28 1	29 1	30 1	31 1	33 1	35 1	36 1	37 1	38 1	41 1	43 1	44 1	45 1	46 1	47 1	48 1	49 1	54 1	62 1	64 1	65 1	69 1	70 1	71 1	73 1	75 1	82 2	83 2	84 2	87 2	90 2	91 2	92 2	97 2	100 2	101 2	103 2	105 2	106 2	110 2	111 2	112 2	116 2	117 2	118 2	123 2	124 2	125 2	126 2	129 2	130 2	132 2	134 2	136 2	139 2	140 2	142 2	143 2	145 2	148 2	150 2	153 2	154 2	155 2	0 0	0 0	0 0	0 0	0 0	0 0	0 0	0 0	0 0	0 0	0 0	0 0	0 0	0 0	0 0	0 0	0 0	0 0	0 0	0 0	0 0	0 0	0 0	0 0	
3 1	5 1	7 1	10 1	15 1	16 1	18 1	19 1	20 1	21 1	22 1	23 1	27 1	30 1	33 1	36 1	38 1	40 1	42 1	46 1	50 1	52 1	53 1	54 1	58 1	59 1	61 1	62 1	63 1	65 1	66 1	70 1	74 1	75 1	76 1	77 1	78 1	79 2	82 2	84 2	85 2	86 2	87 2	88 2	89 2	90 2	91 2	93 2	96 2	98 2	99 2	100 2	101 2	102 2	103 2	105 2	110 2	111 2	117 2	120 2	121 2	122 2	124 2	128 2	130 2	133 2	134 2	135 2	137 2	138 2	140 2	144 2	148 2	150 2	151 2	152 2	153 2	154 2	156 2	0 0	0 0	0 0	0 0	0 0	0 0	0 0	0 0	0 0	0 0	0 0	0 0	0 0	0 0	0 0	0 0	0 0	0 0	0 0	0 0	0 0	
1 1	5 1	7 1	8 1	9 1	13 1	15 1	16 1	17 1	19 1	25 1	28 1	29 1	31 1	32 1	36 1	38 1	39 1	40 1	42 1	43 1	44 1	45 1	50 1	53 1	54 1	60 1	62 1	63 1	64 1	65 1	66 1	67 1	69 1	70 1	71 1	72 1	74 1	76 1	77 1	78 1	79 2	80 2	81 2	82 2	87 2	89 2	94 2	96 2	97 2	104 2	106 2	108 2	111 2	114 2	116 2	117 2	119 2	120 2	122 2	132 2	133 2	134 2	140 2	145 2	146 2	147 2	148 2	149 2	150 2	151 2	153 2	154 2	0 0	0 0	0 0	0 0	0 0	0 0	0 0	0 0	0 0	0 0	0 0	0 0	0 0	0 0	0 0	0 0	0 0	0 0	0 0	0 0	0 0	0 0	0 0	0 0	0 0	0 0	0 0	
1 1	2 1	5 1	9 1	12 1	17 1	19 1	21 1	24 1	27 1	29 1	30 1	34 1	35 1	37 1	42 1	43 1	45 1	47 1	50 1	51 1	53 1	56 1	57 1	58 1	60 1	64 1	72 1	74 1	75 1	77 1	79 2	82 2	83 2	85 2	86 2	88 2	91 2	96 2	102 2	103 2	107 2	108 2	109 2	110 2	111 2	112 2	113 2	114 2	115 2	116 2	118 2	119 2	120 2	121 2	124 2	126 2	127 2	128 2	129 2	130 2	131 2	132 2	135 2	138 2	139 2	145 2	147 2	148 2	150 2	151 2	152 2	156 2	0 0	0 0	0 0	0 0	0 0	0 0	0 0	0 0	0 0	0 0	0 0	0 0	0 0	0 0	0 0	0 0	0 0	0 0	0 0	0 0	0 0	0 0	0 0	0 0	0 0	0 0	0 0	
3 1	4 1	9 1	13 1	14 1	15 1	21 1	22 1	24 1	25 1	26 1	27 1	28 1	29 1	30 1	32 1	34 1	42 1	43 1	44 1	48 1	49 1	50 1	52 1	53 1	57 1	60 1	65 1	67 1	69 1	70 1	71 1	77 1	78 1	79 2	81 2	87 2	90 2	91 2	92 2	94 2	96 2	100 2	101 2	102 2	103 2	104 2	108 2	110 2	114 2	120 2	121 2	122 2	124 2	125 2	126 2	127 2	129 2	130 2	131 2	133 2	134 2	136 2	141 2	143 2	144 2	145 2	149 2	152 2	153 2	155 2	156 2	0 0	0 0	0 0	0 0	0 0	0 0	0 0	0 0	0 0	0 0	0 0	0 0	0 0	0 0	0 0	0 0	0 0	0 0	0 0	0 0	0 0	0 0	0 0	0 0	0 0	0 0	0 0	0 0	
3 1	8 1	9 1	12 1	14 1	17 1	18 1	21 1	22 1	24 1	25 1	26 1	28 1	30 1	32 1	33 1	34 1	37 1	38 1	39 1	41 1	42 1	43 1	44 1	46 1	48 1	49 1	50 1	52 1	53 1	56 1	58 1	62 1	67 1	68 1	69 1	70 1	71 1	78 1	81 2	83 2	85 2	86 2	89 2	92 2	95 2	98 2	99 2	105 2	108 2	109 2	112 2	114 2	116 2	120 2	121 2	122 2	124 2	132 2	135 2	138 2	141 2	142 2	143 2	144 2	146 2	147 2	148 2	149 2	150 2	151 2	155 2	156 2	0 0	0 0	0 0	0 0	0 0	0 0	0 0	0 0	0 0	0 0	0 0	0 0	0 0	0 0	0 0	0 0	0 0	0 0	0 0	0 0	0 0	0 0	0 0	0 0	0 0	0 0	0 0	
1 1	3 1	5 1	6 1	7 1	11 1	17 1	18 1	21 1	22 1	24 1	28 1	31 1	32 1	35 1	36 1	38 1	39 1	44 1	48 1	51 1	53 1	56 1	58 1	60 1	61 1	62 1	63 1	65 1	67 1	69 1	70 1	72 1	74 1	75 1	80 2	85 2	86 2	91 2	93 2	94 2	95 2	96 2	97 2	99 2	100 2	101 2	102 2	103 2	104 2	105 2	106 2	109 2	110 2	112 2	114 2	115 2	116 2	117 2	120 2	121 2	122 2	124 2	125 2	126 2	128 2	130 2	131 2	135 2	136 2	138 2	139 2	140 2	142 2	143 2	144 2	145 2	146 2	148 2	149 2	150 2	151 2	152 2	154 2	155 2	0 0	0 0	0 0	0 0	0 0	0 0	0 0	0 0	0 0	0 0	0 0	0 0	0 0	0 0	0 0	
4 1	5 1	6 1	7 1	9 1	11 1	14 1	20 1	22 1	23 1	24 1	25 1	28 1	30 1	33 1	34 1	35 1	36 1	38 1	39 1	42 1	43 1	44 1	47 1	51 1	54 1	57 1	58 1	59 1	60 1	63 1	64 1	67 1	68 1	69 1	70 1	71 1	73 1	74 1	75 1	76 1	77 1	79 2	80 2	82 2	84 2	86 2	88 2	89 2	90 2	91 2	92 2	93 2	94 2	97 2	98 2	99 2	100 2	101 2	103 2	104 2	106 2	107 2	116 2	119 2	121 2	122 2	124 2	125 2	127 2	129 2	131 2	133 2	135 2	138 2	139 2	141 2	142 2	143 2	145 2	146 2	147 2	149 2	153 2	154 2	155 2	0 0	0 0	0 0	0 0	0 0	0 0	0 0	0 0	0 0	0 0	0 0	0 0	0 0	0 0	
1 1	4 1	5 1	8 1	10 1	12 1	20 1	22 1	28 1	32 1	33 1	35 1	37 1	38 1	40 1	42 1	44 1	45 1	46 1	48 1	50 1	55 1	58 1	59 1	60 1	62 1	63 1	64 1	65 1	67 1	69 1	74 1	75 1	77 1	79 2	83 2	84 2	85 2	86 2	90 2	92 2	93 2	95 2	96 2	101 2	102 2	104 2	105 2	109 2	111 2	112 2	113 2	114 2	115 2	118 2	123 2	125 2	127 2	129 2	132 2	134 2	135 2	136 2	139 2	140 2	142 2	144 2	146 2	147 2	149 2	150 2	154 2	155 2	0 0	0 0	0 0	0 0	0 0	0 0	0 0	0 0	0 0	0 0	0 0	0 0	0 0	0 0	0 0	0 0	0 0	0 0	0 0	0 0	0 0	0 0	0 0	0 0	0 0	0 0	0 0	
1 1	5 1	6 1	7 1	9 1	13 1	14 1	19 1	23 1	24 1	25 1	26 1	28 1	30 1	32 1	34 1	37 1	38 1	43 1	44 1	45 1	46 1	48 1	49 1	52 1	53 1	54 1	56 1	58 1	61 1	62 1	63 1	69 1	70 1	72 1	76 1	77 1	80 2	82 2	84 2	86 2	87 2	92 2	93 2	96 2	97 2	100 2	102 2	103 2	104 2	108 2	112 2	114 2	117 2	121 2	122 2	124 2	126 2	128 2	129 2	131 2	132 2	133 2	135 2	136 2	138 2	139 2	140 2	141 2	144 2	146 2	147 2	149 2	150 2	152 2	155 2	0 0	0 0	0 0	0 0	0 0	0 0	0 0	0 0	0 0	0 0	0 0	0 0	0 0	0 0	0 0	0 0	0 0	0 0	0 0	0 0	0 0	0 0	0 0	0 0	
8 1	9 1	13 1	14 1	16 1	19 1	22 1	23 1	24 1	25 1	30 1	31 1	32 1	34 1	35 1	36 1	37 1	39 1	41 1	44 1	45 1	46 1	50 1	52 1	53 1	54 1	55 1	57 1	58 1	60 1	72 1	73 1	76 1	82 2	83 2	85 2	86 2	87 2	90 2	94 2	99 2	100 2	102 2	105 2	107 2	110 2	111 2	112 2	115 2	118 2	124 2	125 2	127 2	130 2	133 2	134 2	136 2	138 2	140 2	143 2	144 2	146 2	149 2	150 2	151 2	153 2	155 2	156 2	0 0	0 0	0 0	0 0	0 0	0 0	0 0	0 0	0 0	0 0	0 0	0 0	0 0	0 0	0 0	0 0	0 0	0 0	0 0	0 0	0 0	0 0	0 0	0 0	0 0	0 0	0 0	0 0	0 0	0 0	0 0	0 0	
4 1	6 1	9 1	12 1	13 1	14 1	16 1	17 1	18 1	20 1	21 1	23 1	25 1	27 1	29 1	30 1	34 1	37 1	41 1	44 1	45 1	46 1	47 1	50 1	52 1	55 1	58 1	60 1	64 1	68 1	71 1	72 1	77 1	78 1	79 2	80 2	81 2	82 2	83 2	85 2	86 2	87 2	89 2	91 2	94 2	96 2	99 2	102 2	105 2	107 2	108 2	109 2	110 2	112 2	114 2	117 2	118 2	120 2	122 2	127 2	129 2	130 2	131 2	132 2	134 2	136 2	137 2	138 2	139 2	141 2	142 2	143 2	144 2	145 2	147 2	148 2	154 2	155 2	0 0	0 0	0 0	0 0	0 0	0 0	0 0	0 0	0 0	0 0	0 0	0 0	0 0	0 0	0 0	0 0	0 0	0 0	0 0	0 0	0 0	0 0	
1 1	3 1	5 1	8 1	12 1	13 1	14 1	17 1	18 1	19 1	21 1	23 1	26 1	27 1	32 1	35 1	36 1	39 1	42 1	45 1	46 1	47 1	48 1	49 1	51 1	52 1	53 1	55 1	56 1	58 1	61 1	62 1	64 1	67 1	68 1	69 1	75 1	77 1	78 1	83 2	85 2	86 2	87 2	88 2	91 2	94 2	95 2	96 2	97 2	99 2	101 2	105 2	107 2	110 2	111 2	113 2	114 2	115 2	120 2	121 2	125 2	127 2	128 2	131 2	132 2	133 2	134 2	136 2	137 2	143 2	144 2	145 2	148 2	150 2	154 2	0 0	0 0	0 0	0 0	0 0	0 0	0 0	0 0	0 0	0 0	0 0	0 0	0 0	0 0	0 0	0 0	0 0	0 0	0 0	0 0	0 0	0 0	0 0	0 0	0 0	
1 1	2 1	4 1	6 1	7 1	8 1	10 1	12 1	15 1	17 1	19 1	22 1	23 1	25 1	27 1	30 1	31 1	32 1	42 1	45 1	46 1	50 1	52 1	59 1	62 1	63 1	65 1	66 1	67 1	68 1	71 1	72 1	74 1	79 2	83 2	85 2	87 2	89 2	90 2	91 2	93 2	95 2	96 2	101 2	104 2	105 2	106 2	108 2	109 2	111 2	112 2	113 2	114 2	121 2	123 2	124 2	125 2	127 2	129 2	130 2	131 2	133 2	135 2	137 2	138 2	141 2	143 2	144 2	145 2	147 2	150 2	151 2	152 2	0 0	0 0	0 0	0 0	0 0	0 0	0 0	0 0	0 0	0 0	0 0	0 0	0 0	0 0	0 0	0 0	0 0	0 0	0 0	0 0	0 0	0 0	0 0	0 0	0 0	0 0	0 0	
3 1	5 1	6 1	10 1	13 1	17 1	19 1	20 1	21 1	22 1	23 1	24 1	27 1	30 1	31 1	32 1	35 1	36 1	37 1	38 1	39 1	41 1	44 1	46 1	48 1	53 1	58 1	60 1	61 1	62 1	66 1	69 1	70 1	71 1	72 1	75 1	76 1	77 1	79 2	81 2	82 2	83 2	84 2	88 2	89 2	90 2	92 2	95 2	96 2	97 2	98 2	101 2	102 2	104 2	105 2	108 2	109 2	112 2	113 2	116 2	117 2	119 2	120 2	121 2	125 2	126 2	127 2	129 2	130 2	132 2	134 2	135 2	137 2	139 2	143 2	144 2	145 2	146 2	150 2	152 2	153 2	155 2	156 2	0 0	0 0	0 0	0 0	0 0	0 0	0 0	0 0	0 0	0 0	0 0	0 0	0 0	0 0	0 0	0 0	0 0	
1 1	2 1	4 1	5 1	6 1	9 1	16 1	17 1	18 1	20 1	23 1	25 1	29 1	30 1	31 1	32 1	34 1	35 1	36 1	42 1	44 1	45 1	46 1	49 1	50 1	52 1	53 1	55 1	57 1	61 1	65 1	67 1	68 1	69 1	71 1	73 1	74 1	75 1	76 1	77 1	79 2	81 2	92 2	93 2	95 2	97 2	99 2	100 2	107 2	110 2	111 2	112 2	113 2	114 2	115 2	116 2	118 2	121 2	123 2	124 2	125 2	126 2	128 2	131 2	132 2	135 2	136 2	137 2	138 2	141 2	142 2	146 2	148 2	150 2	151 2	152 2	154 2	155 2	156 2	0 0	0 0	0 0	0 0	0 0	0 0	0 0	0 0	0 0	0 0	0 0	0 0	0 0	0 0	0 0	0 0	0 0	0 0	0 0	0 0	0 0	
2 1	4 1	5 1	12 1	15 1	23 1	24 1	25 1	29 1	30 1	32 1	33 1	34 1	37 1	38 1	40 1	41 1	43 1	46 1	47 1	48 1	52 1	56 1	57 1	59 1	63 1	68 1	73 1	76 1	77 1	79 2	80 2	81 2	82 2	83 2	84 2	85 2	89 2	90 2	93 2	94 2	96 2	98 2	104 2	106 2	107 2	110 2	111 2	113 2	114 2	115 2	116 2	117 2	118 2	119 2	122 2	125 2	126 2	128 2	129 2	132 2	134 2	135 2	139 2	141 2	142 2	144 2	152 2	154 2	155 2	156 2	0 0	0 0	0 0	0 0	0 0	0 0	0 0	0 0	0 0	0 0	0 0	0 0	0 0	0 0	0 0	0 0	0 0	0 0	0 0	0 0	0 0	0 0	0 0	0 0	0 0	0 0	0 0	0 0	0 0	
1 1	7 1	9 1	11 1	12 1	13 1	14 1	15 1	16 1	17 1	18 1	21 1	23 1	26 1	27 1	28 1	29 1	31 1	34 1	37 1	38 1	40 1	41 1	43 1	45 1	47 1	49 1	51 1	53 1	55 1	59 1	62 1	63 1	64 1	66 1	68 1	71 1	73 1	74 1	77 1	78 1	81 2	82 2	83 2	84 2	85 2	88 2	90 2	92 2	93 2	96 2	97 2	100 2	101 2	102 2	103 2	104 2	105 2	106 2	108 2	111 2	112 2	113 2	114 2	115 2	116 2	117 2	119 2	120 2	122 2	125 2	126 2	127 2	132 2	133 2	134 2	135 2	137 2	138 2	139 2	141 2	142 2	143 2	144 2	146 2	147 2	149 2	150 2	153 2	156 2	0 0	0 0	0 0	0 0	0 0	0 0	0 0	0 0	0 0	0 0	
1 1	3 1	5 1	7 1	8 1	9 1	10 1	12 1	14 1	15 1	16 1	18 1	19 1	22 1	23 1	25 1	26 1	27 1	29 1	31 1	33 1	34 1	36 1	39 1	41 1	42 1	46 1	47 1	50 1	51 1	54 1	56 1	57 1	60 1	61 1	62 1	66 1	67 1	68 1	74 1	75 1	76 1	77 1	78 1	79 2	80 2	82 2	84 2	86 2	87 2	90 2	94 2	96 2	98 2	100 2	104 2	105 2	109 2	110 2	112 2	113 2	114 2	116 2	117 2	118 2	119 2	121 2	122 2	127 2	129 2	130 2	132 2	135 2	141 2	145 2	146 2	148 2	152 2	154 2	156 2	0 0	0 0	0 0	0 0	0 0	0 0	0 0	0 0	0 0	0 0	0 0	0 0	0 0	0 0	0 0	0 0	0 0	0 0	0 0	0 0	
1 1	5 1	8 1	9 1	10 1	12 1	15 1	17 1	21 1	22 1	23 1	25 1	26 1	27 1	28 1	31 1	33 1	34 1	36 1	38 1	39 1	40 1	43 1	46 1	48 1	49 1	50 1	51 1	52 1	55 1	57 1	59 1	60 1	64 1	66 1	69 1	71 1	75 1	76 1	77 1	80 2	82 2	84 2	85 2	88 2	89 2	91 2	95 2	96 2	100 2	102 2	103 2	105 2	106 2	113 2	115 2	118 2	119 2	120 2	121 2	123 2	124 2	127 2	129 2	130 2	132 2	133 2	135 2	138 2	139 2	140 2	142 2	143 2	144 2	146 2	147 2	148 2	149 2	153 2	156 2	0 0	0 0	0 0	0 0	0 0	0 0	0 0	0 0	0 0	0 0	0 0	0 0	0 0	0 0	0 0	0 0	0 0	0 0	0 0	0 0	
2 1	3 1	4 1	5 1	7 1	9 1	10 1	13 1	14 1	15 1	18 1	19 1	20 1	22 1	23 1	25 1	26 1	29 1	31 1	33 1	36 1	42 1	43 1	44 1	46 1	47 1	48 1	49 1	51 1	53 1	54 1	57 1	61 1	62 1	66 1	68 1	70 1	71 1	73 1	74 1	76 1	77 1	79 2	82 2	84 2	90 2	95 2	98 2	99 2	102 2	103 2	105 2	106 2	107 2	108 2	109 2	111 2	112 2	113 2	115 2	117 2	118 2	119 2	127 2	136 2	138 2	142 2	143 2	144 2	147 2	150 2	151 2	155 2	156 2	0 0	0 0	0 0	0 0	0 0	0 0	0 0	0 0	0 0	0 0	0 0	0 0	0 0	0 0	0 0	0 0	0 0	0 0	0 0	0 0	0 0	0 0	0 0	0 0	0 0	0 0	
4 1	7 1	10 1	11 1	19 1	22 1	23 1	24 1	25 1	29 1	30 1	31 1	32 1	33 1	35 1	36 1	37 1	39 1	40 1	42 1	43 1	44 1	46 1	47 1	48 1	49 1	50 1	52 1	53 1	55 1	56 1	57 1	58 1	59 1	62 1	65 1	66 1	68 1	70 1	71 1	72 1	75 1	77 1	80 2	81 2	83 2	86 2	87 2	92 2	93 2	94 2	96 2	98 2	101 2	103 2	104 2	105 2	107 2	110 2	116 2	118 2	121 2	124 2	125 2	126 2	128 2	130 2	132 2	133 2	136 2	138 2	139 2	140 2	143 2	144 2	149 2	150 2	153 2	0 0	0 0	0 0	0 0	0 0	0 0	0 0	0 0	0 0	0 0	0 0	0 0	0 0	0 0	0 0	0 0	0 0	0 0	0 0	0 0	0 0	0 0	
1 1	2 1	5 1	6 1	7 1	10 1	12 1	13 1	14 1	17 1	18 1	19 1	21 1	22 1	23 1	25 1	28 1	30 1	31 1	32 1	33 1	34 1	37 1	38 1	42 1	43 1	44 1	45 1	47 1	48 1	49 1	50 1	53 1	54 1	55 1	56 1	58 1	59 1	61 1	66 1	67 1	68 1	70 1	78 1	79 2	81 2	82 2	83 2	85 2	86 2	87 2	88 2	89 2	91 2	93 2	94 2	98 2	100 2	102 2	103 2	105 2	107 2	108 2	109 2	110 2	115 2	117 2	118 2	121 2	123 2	124 2	125 2	127 2	131 2	132 2	133 2	134 2	135 2	136 2	137 2	140 2	141 2	142 2	143 2	144 2	148 2	150 2	153 2	156 2	0 0	0 0	0 0	0 0	0 0	0 0	0 0	0 0	0 0	0 0	0 0	
3 1	4 1	5 1	6 1	8 1	11 1	13 1	14 1	15 1	16 1	24 1	26 1	29 1	37 1	38 1	41 1	43 1	44 1	46 1	48 1	50 1	51 1	52 1	53 1	56 1	59 1	62 1	63 1	65 1	68 1	69 1	72 1	73 1	75 1	77 1	78 1	79 2	81 2	83 2	85 2	88 2	91 2	94 2	95 2	96 2	97 2	98 2	106 2	109 2	111 2	115 2	116 2	117 2	119 2	120 2	121 2	122 2	123 2	124 2	126 2	127 2	128 2	129 2	130 2	131 2	132 2	133 2	134 2	135 2	138 2	140 2	141 2	142 2	145 2	146 2	149 2	152 2	153 2	155 2	0 0	0 0	0 0	0 0	0 0	0 0	0 0	0 0	0 0	0 0	0 0	0 0	0 0	0 0	0 0	0 0	0 0	0 0	0 0	0 0	0 0	
5 1	7 1	9 1	12 1	13 1	15 1	16 1	18 1	19 1	20 1	22 1	24 1	25 1	26 1	27 1	29 1	30 1	31 1	34 1	36 1	38 1	39 1	40 1	42 1	44 1	49 1	51 1	54 1	56 1	57 1	59 1	60 1	61 1	62 1	64 1	65 1	66 1	67 1	73 1	74 1	75 1	79 2	81 2	82 2	85 2	86 2	87 2	88 2	90 2	91 2	92 2	93 2	94 2	96 2	97 2	98 2	99 2	100 2	101 2	102 2	107 2	109 2	112 2	114 2	116 2	120 2	122 2	124 2	126 2	129 2	130 2	133 2	134 2	135 2	140 2	141 2	143 2	145 2	147 2	150 2	151 2	0 0	0 0	0 0	0 0	0 0	0 0	0 0	0 0	0 0	0 0	0 0	0 0	0 0	0 0	0 0	0 0	0 0	0 0	0 0	
2 1	3 1	4 1	6 1	7 1	9 1	10 1	12 1	14 1	17 1	22 1	25 1	26 1	27 1	28 1	29 1	31 1	35 1	38 1	39 1	42 1	45 1	52 1	53 1	54 1	56 1	60 1	61 1	62 1	63 1	64 1	65 1	67 1	68 1	70 1	74 1	77 1	78 1	79 2	82 2	83 2	84 2	87 2	89 2	92 2	94 2	97 2	100 2	101 2	102 2	104 2	105 2	106 2	109 2	110 2	114 2	117 2	124 2	126 2	127 2	130 2	131 2	133 2	135 2	136 2	138 2	142 2	143 2	147 2	151 2	154 2	155 2	0 0	0 0	0 0	0 0	0 0	0 0	0 0	0 0	0 0	0 0	0 0	0 0	0 0	0 0	0 0	0 0	0 0	0 0	0 0	0 0	0 0	0 0	0 0	0 0	0 0	0 0	0 0	0 0	
1 1	5 1	9 1	10 1	11 1	15 1	17 1	19 1	22 1	26 1	32 1	36 1	39 1	40 1	41 1	42 1	44 1	46 1	48 1	52 1	53 1	55 1	57 1	59 1	64 1	65 1	66 1	68 1	69 1	75 1	78 1	79 2	81 2	88 2	91 2	94 2	96 2	98 2	100 2	103 2	104 2	105 2	106 2	107 2	108 2	109 2	110 2	111 2	113 2	115 2	118 2	121 2	125 2	126 2	130 2	132 2	133 2	134 2	137 2	139 2	140 2	141 2	142 2	146 2	148 2	149 2	150 2	151 2	154 2	156 2	0 0	0 0	0 0	0 0	0 0	0 0	0 0	0 0	0 0	0 0	0 0	0 0	0 0	0 0	0 0	0 0	0 0	0 0	0 0	0 0	0 0	0 0	0 0	0 0	0 0	0 0	0 0	0 0	0 0	0 0	
3 1	7 1	9 1	10 1	11 1	12 1	14 1	17 1	19 1	21 1	22 1	24 1	25 1	28 1	29 1	30 1	31 1	32 1	33 1	35 1	38 1	39 1	40 1	46 1	48 1	49 1	50 1	51 1	53 1	55 1	58 1	59 1	60 1	61 1	62 1	64 1	66 1	71 1	73 1	75 1	78 1	79 2	84 2	85 2	86 2	88 2	89 2	93 2	94 2	101 2	102 2	104 2	105 2	106 2	107 2	108 2	109 2	110 2	112 2	113 2	114 2	116 2	117 2	119 2	122 2	123 2	124 2	126 2	127 2	131 2	137 2	140 2	141 2	146 2	150 2	151 2	153 2	155 2	0 0	0 0	0 0	0 0	0 0	0 0	0 0	0 0	0 0	0 0	0 0	0 0	0 0	0 0	0 0	0 0	0 0	0 0	0 0	0 0	0 0	0 0	
1 1	2 1	4 1	5 1	6 1	7 1	8 1	9 1	12 1	15 1	18 1	20 1	22 1	24 1	25 1	26 1	29 1	31 1	32 1	33 1	34 1	35 1	36 1	38 1	39 1	42 1	43 1	45 1	46 1	48 1	51 1	53 1	55 1	57 1	60 1	65 1	66 1	67 1	69 1	71 1	72 1	73 1	74 1	75 1	77 1	80 2	82 2	84 2	86 2	90 2	91 2	92 2	93 2	97 2	99 2	100 2	101 2	103 2	105 2	106 2	108 2	109 2	110 2	112 2	113 2	117 2	119 2	121 2	123 2	125 2	129 2	131 2	137 2	141 2	142 2	145 2	146 2	149 2	153 2	154 2	0 0	0 0	0 0	0 0	0 0	0 0	0 0	0 0	0 0	0 0	0 0	0 0	0 0	0 0	0 0	0 0	0 0	0 0	0 0	0 0	
4 1	5 1	8 1	9 1	10 1	15 1	16 1	17 1	18 1	20 1	21 1	22 1	24 1	25 1	26 1	27 1	28 1	30 1	35 1	36 1	40 1	42 1	44 1	46 1	48 1	50 1	51 1	52 1	53 1	56 1	57 1	59 1	61 1	63 1	66 1	68 1	71 1	73 1	74 1	77 1	79 2	80 2	82 2	85 2	86 2	87 2	90 2	91 2	92 2	93 2	94 2	96 2	98 2	99 2	100 2	102 2	107 2	108 2	112 2	113 2	115 2	116 2	118 2	119 2	120 2	125 2	126 2	129 2	130 2	131 2	133 2	134 2	136 2	137 2	139 2	140 2	141 2	145 2	146 2	149 2	153 2	0 0	0 0	0 0	0 0	0 0	0 0	0 0	0 0	0 0	0 0	0 0	0 0	0 0	0 0	0 0	0 0	0 0	0 0	0 0	
1 1	2 1	8 1	10 1	14 1	19 1	20 1	22 1	23 1	25 1	26 1	27 1	28 1	29 1	30 1	31 1	40 1	41 1	42 1	43 1	44 1	46 1	49 1	50 1	52 1	54 1	55 1	56 1	59 1	60 1	62 1	63 1	67 1	69 1	70 1	73 1	74 1	75 1	76 1	81 2	82 2	84 2	88 2	89 2	90 2	92 2	93 2	94 2	96 2	98 2	99 2	100 2	101 2	103 2	104 2	106 2	107 2	109 2	112 2	113 2	114 2	116 2	117 2	118 2	119 2	121 2	125 2	126 2	128 2	129 2	130 2	133 2	135 2	136 2	137 2	139 2	148 2	149 2	150 2	156 2	0 0	0 0	0 0	0 0	0 0	0 0	0 0	0 0	0 0	0 0	0 0	0 0	0 0	0 0	0 0	0 0	0 0	0 0	0 0	0 0	
1 1	2 1	3 1	5 1	6 1	8 1	14 1	16 1	17 1	18 1	21 1	23 1	25 1	27 1	28 1	35 1	36 1	37 1	39 1	40 1	42 1	43 1	44 1	45 1	46 1	47 1	48 1	51 1	52 1	54 1	55 1	56 1	59 1	61 1	62 1	63 1	65 1	66 1	68 1	71 1	72 1	75 1	78 1	79 2	80 2	81 2	92 2	94 2	98 2	100 2	103 2	104 2	105 2	106 2	111 2	113 2	115 2	116 2	118 2	119 2	122 2	123 2	125 2	127 2	128 2	130 2	131 2	133 2	134 2	135 2	136 2	140 2	143 2	144 2	145 2	147 2	150 2	151 2	155 2	0 0	0 0	0 0	0 0	0 0	0 0	0 0	0 0	0 0	0 0	0 0	0 0	0 0	0 0	0 0	0 0	0 0	0 0	0 0	0 0	0 0	
1 1	2 1	3 1	4 1	7 1	9 1	10 1	11 1	13 1	15 1	17 1	18 1	19 1	21 1	22 1	23 1	24 1	26 1	27 1	28 1	29 1	31 1	34 1	36 1	37 1	38 1	41 1	42 1	43 1	45 1	47 1	48 1	49 1	50 1	52 1	54 1	55 1	56 1	59 1	60 1	61 1	64 1	67 1	69 1	72 1	73 1	74 1	75 1	76 1	78 1	80 2	82 2	83 2	84 2	88 2	89 2	90 2	91 2	92 2	93 2	95 2	98 2	103 2	106 2	108 2	116 2	117 2	119 2	121 2	124 2	128 2	129 2	132 2	134 2	136 2	138 2	139 2	141 2	143 2	145 2	146 2	150 2	151 2	154 2	0 0	0 0	0 0	0 0	0 0	0 0	0 0	0 0	0 0	0 0	0 0	0 0	0 0	0 0	0 0	0 0	
1 1	2 1	5 1	6 1	7 1	9 1	12 1	13 1	14 1	18 1	19 1	21 1	22 1	23 1	26 1	27 1	28 1	29 1	32 1	33 1	35 1	37 1	38 1	40 1	41 1	43 1	44 1	45 1	46 1	47 1	48 1	49 1	50 1	52 1	53 1	55 1	56 1	57 1	59 1	61 1	62 1	64 1	65 1	66 1	67 1	68 1	72 1	73 1	78 1	80 2	81 2	82 2	83 2	84 2	85 2	87 2	88 2	92 2	94 2	95 2	96 2	97 2	98 2	102 2	103 2	104 2	105 2	107 2	108 2	110 2	111 2	112 2	113 2	114 2	116 2	117 2	118 2	119 2	120 2	121 2	122 2	123 2	125 2	128 2	129 2	132 2	133 2	134 2	136 2	137 2	138 2	139 2	140 2	141 2	144 2	146 2	147 2	149 2	150 2	152 2	
5 1	6 1	10 1	11 1	12 1	14 1	17 1	18 1	22 1	25 1	26 1	27 1	29 1	31 1	32 1	33 1	34 1	36 1	37 1	38 1	39 1	41 1	42 1	48 1	49 1	51 1	53 1	54 1	56 1	57 1	58 1	67 1	71 1	72 1	74 1	75 1	76 1	77 1	78 1	80 2	81 2	82 2	85 2	86 2	89 2	92 2	94 2	96 2	97 2	100 2	101 2	106 2	109 2	110 2	112 2	113 2	117 2	119 2	120 2	121 2	124 2	127 2	128 2	131 2	132 2	136 2	138 2	142 2	143 2	144 2	145 2	146 2	147 2	148 2	150 2	151 2	152 2	153 2	154 2	155 2	156 2	0 0	0 0	0 0	0 0	0 0	0 0	0 0	0 0	0 0	0 0	0 0	0 0	0 0	0 0	0 0	0 0	0 0	0 0	0 0	
5 1	8 1	10 1	15 1	18 1	20 1	21 1	22 1	23 1	24 1	25 1	27 1	29 1	32 1	35 1	39 1	42 1	44 1	47 1	49 1	50 1	51 1	54 1	55 1	59 1	60 1	61 1	62 1	63 1	64 1	67 1	70 1	71 1	72 1	73 1	75 1	76 1	78 1	79 2	81 2	82 2	84 2	86 2	87 2	89 2	93 2	95 2	99 2	101 2	102 2	103 2	104 2	106 2	107 2	110 2	111 2	113 2	114 2	117 2	118 2	124 2	127 2	129 2	131 2	133 2	134 2	137 2	138 2	140 2	144 2	145 2	146 2	147 2	151 2	154 2	0 0	0 0	0 0	0 0	0 0	0 0	0 0	0 0	0 0	0 0	0 0	0 0	0 0	0 0	0 0	0 0	0 0	0 0	0 0	0 0	0 0	0 0	0 0	0 0	0 0	
1 1	4 1	5 1	9 1	11 1	12 1	13 1	15 1	21 1	24 1	26 1	28 1	29 1	30 1	32 1	33 1	34 1	37 1	38 1	41 1	42 1	43 1	44 1	45 1	47 1	48 1	49 1	52 1	54 1	55 1	60 1	65 1	66 1	67 1	68 1	71 1	72 1	74 1	75 1	78 1	82 2	83 2	84 2	86 2	89 2	92 2	93 2	94 2	97 2	98 2	104 2	107 2	109 2	111 2	112 2	115 2	117 2	120 2	126 2	127 2	134 2	136 2	137 2	138 2	140 2	146 2	147 2	150 2	151 2	153 2	155 2	0 0	0 0	0 0	0 0	0 0	0 0	0 0	0 0	0 0	0 0	0 0	0 0	0 0	0 0	0 0	0 0	0 0	0 0	0 0	0 0	0 0	0 0	0 0	0 0	0 0	0 0	0 0	0 0	0 0	
1 1	2 1	3 1	5 1	7 1	8 1	9 1	10 1	12 1	14 1	17 1	19 1	20 1	21 1	22 1	23 1	26 1	28 1	29 1	31 1	34 1	35 1	37 1	38 1	39 1	40 1	41 1	42 1	43 1	44 1	46 1	48 1	51 1	56 1	57 1	63 1	65 1	66 1	67 1	69 1	70 1	71 1	72 1	75 1	76 1	77 1	79 2	80 2	82 2	84 2	88 2	90 2	91 2	92 2	94 2	95 2	97 2	101 2	104 2	105 2	106 2	108 2	109 2	113 2	114 2	116 2	122 2	124 2	125 2	127 2	128 2	129 2	131 2	132 2	133 2	136 2	138 2	140 2	142 2	143 2	144 2	146 2	147 2	148 2	150 2	152 2	154 2	156 2	0 0	0 0	0 0	0 0	0 0	0 0	0 0	0 0	0 0	0 0	0 0	0 0	
1 1	3 1	5 1	6 1	9 1	11 1	15 1	16 1	19 1	26 1	32 1	33 1	35 1	40 1	41 1	48 1	51 1	55 1	58 1	62 1	63 1	64 1	65 1	67 1	68 1	76 1	79 2	82 2	86 2	87 2	90 2	91 2	92 2	93 2	94 2	95 2	96 2	97 2	101 2	103 2	104 2	105 2	106 2	107 2	108 2	112 2	113 2	116 2	117 2	118 2	119 2	123 2	126 2	127 2	128 2	130 2	132 2	133 2	134 2	136 2	138 2	140 2	142 2	143 2	145 2	146 2	149 2	150 2	154 2	155 2	0 0	0 0	0 0	0 0	0 0	0 0	0 0	0 0	0 0	0 0	0 0	0 0	0 0	0 0	0 0	0 0	0 0	0 0	0 0	0 0	0 0	0 0	0 0	0 0	0 0	0 0	0 0	0 0	0 0	0 0	
2 1	3 1	4 1	9 1	10 1	11 1	12 1	13 1	15 1	17 1	18 1	19 1	20 1	24 1	25 1	27 1	28 1	29 1	30 1	32 1	33 1	35 1	36 1	38 1	41 1	42 1	43 1	45 1	46 1	50 1	51 1	53 1	58 1	61 1	62 1	63 1	64 1	69 1	70 1	74 1	75 1	76 1	77 1	79 2	80 2	86 2	88 2	89 2	91 2	92 2	95 2	97 2	98 2	99 2	101 2	103 2	104 2	106 2	107 2	110 2	111 2	113 2	115 2	116 2	117 2	119 2	121 2	122 2	123 2	124 2	126 2	128 2	129 2	133 2	134 2	135 2	136 2	137 2	138 2	140 2	141 2	143 2	145 2	146 2	149 2	152 2	155 2	156 2	0 0	0 0	0 0	0 0	0 0	0 0	0 0	0 0	0 0	0 0	0 0	0 0	
1 1	2 1	3 1	5 1	6 1	10 1	13 1	14 1	15 1	16 1	17 1	20 1	23 1	24 1	25 1	27 1	28 1	29 1	30 1	31 1	33 1	34 1	35 1	38 1	45 1	46 1	47 1	48 1	51 1	52 1	53 1	54 1	55 1	58 1	61 1	62 1	63 1	64 1	67 1	68 1	69 1	72 1	75 1	77 1	78 1	81 2	83 2	86 2	88 2	89 2	92 2	94 2	95 2	97 2	100 2	101 2	102 2	106 2	107 2	112 2	114 2	115 2	118 2	120 2	122 2	123 2	125 2	126 2	128 2	129 2	130 2	131 2	132 2	138 2	140 2	141 2	142 2	143 2	144 2	145 2	147 2	149 2	152 2	156 2	0 0	0 0	0 0	0 0	0 0	0 0	0 0	0 0	0 0	0 0	0 0	0 0	0 0	0 0	0 0	0 0	
1 1	2 1	11 1	12 1	13 1	14 1	16 1	17 1	18 1	20 1	21 1	22 1	24 1	26 1	28 1	32 1	33 1	36 1	37 1	38 1	42 1	43 1	51 1	53 1	54 1	56 1	59 1	60 1	61 1	62 1	63 1	65 1	66 1	67 1	72 1	75 1	76 1	79 2	81 2	83 2	85 2	88 2	89 2	91 2	96 2	97 2	98 2	100 2	101 2	102 2	103 2	106 2	109 2	111 2	112 2	115 2	116 2	118 2	120 2	121 2	123 2	126 2	128 2	130 2	133 2	135 2	138 2	139 2	140 2	142 2	143 2	144 2	145 2	146 2	147 2	150 2	152 2	156 2	0 0	0 0	0 0	0 0	0 0	0 0	0 0	0 0	0 0	0 0	0 0	0 0	0 0	0 0	0 0	0 0	0 0	0 0	0 0	0 0	0 0	0 0	
1 1	6 1	7 1	9 1	12 1	13 1	16 1	18 1	20 1	24 1	25 1	27 1	28 1	31 1	33 1	37 1	40 1	41 1	42 1	46 1	47 1	49 1	50 1	56 1	58 1	59 1	60 1	61 1	62 1	63 1	64 1	66 1	68 1	70 1	71 1	72 1	73 1	75 1	76 1	78 1	79 2	80 2	83 2	85 2	86 2	87 2	90 2	92 2	93 2	95 2	98 2	99 2	100 2	102 2	103 2	104 2	106 2	107 2	111 2	112 2	113 2	115 2	116 2	118 2	120 2	122 2	124 2	128 2	130 2	131 2	132 2	133 2	136 2	138 2	140 2	141 2	142 2	143 2	144 2	145 2	146 2	148 2	149 2	150 2	154 2	155 2	156 2	0 0	0 0	0 0	0 0	0 0	0 0	0 0	0 0	0 0	0 0	0 0	0 0	0 0	
4 1	6 1	11 1	12 1	14 1	15 1	16 1	18 1	19 1	20 1	21 1	25 1	26 1	27 1	28 1	29 1	30 1	33 1	34 1	36 1	40 1	43 1	44 1	45 1	51 1	54 1	59 1	60 1	64 1	65 1	69 1	70 1	77 1	78 1	79 2	82 2	84 2	85 2	87 2	88 2	90 2	93 2	101 2	103 2	107 2	109 2	110 2	112 2	113 2	114 2	115 2	116 2	117 2	118 2	119 2	120 2	124 2	125 2	128 2	132 2	134 2	135 2	136 2	137 2	138 2	140 2	141 2	144 2	149 2	150 2	152 2	153 2	154 2	156 2	0 0	0 0	0 0	0 0	0 0	0 0	0 0	0 0	0 0	0 0	0 0	0 0	0 0	0 0	0 0	0 0	0 0	0 0	0 0	0 0	0 0	0 0	0 0	0 0	0 0	0 0	
3 1	4 1	5 1	9 1	10 1	14 1	15 1	17 1	24 1	25 1	26 1	30 1	31 1	32 1	34 1	35 1	36 1	37 1	38 1	46 1	47 1	48 1	52 1	53 1	55 1	58 1	59 1	60 1	62 1	67 1	68 1	71 1	72 1	75 1	76 1	77 1	78 1	79 2	83 2	88 2	89 2	92 2	94 2	96 2	97 2	98 2	99 2	101 2	102 2	103 2	106 2	108 2	111 2	118 2	120 2	122 2	125 2	127 2	129 2	130 2	132 2	133 2	134 2	135 2	138 2	140 2	142 2	143 2	144 2	146 2	147 2	149 2	151 2	152 2	153 2	0 0	0 0	0 0	0 0	0 0	0 0	0 0	0 0	0 0	0 0	0 0	0 0	0 0	0 0	0 0	0 0	0 0	0 0	0 0	0 0	0 0	0 0	0 0	0 0	0 0	
2 1	4 1	5 1	6 1	9 1	13 1	15 1	16 1	17 1	18 1	19 1	21 1	22 1	23 1	25 1	26 1	27 1	28 1	30 1	31 1	35 1	36 1	38 1	40 1	41 1	42 1	43 1	44 1	45 1	48 1	49 1	51 1	52 1	60 1	62 1	63 1	67 1	69 1	72 1	79 2	81 2	82 2	83 2	85 2	86 2	87 2	88 2	89 2	90 2	93 2	94 2	95 2	96 2	98 2	99 2	106 2	107 2	110 2	114 2	116 2	117 2	119 2	121 2	123 2	124 2	127 2	128 2	130 2	131 2	132 2	134 2	136 2	137 2	138 2	139 2	142 2	143 2	144 2	145 2	146 2	147 2	149 2	150 2	151 2	152 2	154 2	155 2	156 2	0 0	0 0	0 0	0 0	0 0	0 0	0 0	0 0	0 0	0 0	0 0	0 0	
5 1	7 1	8 1	13 1	14 1	17 1	18 1	19 1	21 1	22 1	24 1	25 1	27 1	35 1	36 1	38 1	39 1	40 1	41 1	42 1	43 1	47 1	48 1	49 1	53 1	55 1	56 1	57 1	58 1	61 1	62 1	63 1	65 1	67 1	68 1	72 1	73 1	74 1	75 1	76 1	79 2	80 2	84 2	86 2	88 2	89 2	90 2	91 2	92 2	93 2	94 2	96 2	97 2	98 2	99 2	100 2	101 2	103 2	104 2	105 2	106 2	113 2	114 2	116 2	118 2	121 2	122 2	123 2	125 2	126 2	127 2	129 2	131 2	135 2	136 2	137 2	138 2	140 2	141 2	145 2	146 2	149 2	151 2	153 2	154 2	155 2	156 2	0 0	0 0	0 0	0 0	0 0	0 0	0 0	0 0	0 0	0 0	0 0	0 0	0 0	
4 1	5 1	8 1	10 1	11 1	12 1	14 1	15 1	17 1	18 1	19 1	20 1	21 1	22 1	23 1	24 1	25 1	26 1	27 1	28 1	29 1	30 1	31 1	34 1	35 1	36 1	37 1	39 1	40 1	44 1	45 1	48 1	49 1	51 1	52 1	53 1	55 1	58 1	62 1	64 1	66 1	68 1	69 1	71 1	76 1	79 2	84 2	85 2	87 2	88 2	89 2	90 2	91 2	92 2	94 2	96 2	98 2	99 2	101 2	102 2	103 2	105 2	107 2	108 2	110 2	112 2	116 2	120 2	121 2	123 2	126 2	128 2	130 2	132 2	133 2	135 2	136 2	139 2	140 2	141 2	142 2	143 2	145 2	147 2	148 2	149 2	150 2	155 2	156 2	0 0	0 0	0 0	0 0	0 0	0 0	0 0	0 0	0 0	0 0	0 0	
5 1	6 1	7 1	8 1	10 1	11 1	14 1	18 1	19 1	23 1	24 1	25 1	26 1	27 1	28 1	31 1	33 1	34 1	35 1	39 1	41 1	42 1	43 1	44 1	45 1	46 1	49 1	50 1	51 1	53 1	55 1	56 1	58 1	60 1	61 1	64 1	65 1	66 1	72 1	74 1	77 1	82 2	83 2	85 2	90 2	95 2	97 2	98 2	102 2	103 2	104 2	105 2	108 2	109 2	111 2	112 2	113 2	114 2	116 2	119 2	120 2	121 2	123 2	124 2	126 2	128 2	129 2	130 2	132 2	134 2	136 2	137 2	140 2	141 2	144 2	145 2	146 2	153 2	156 2	0 0	0 0	0 0	0 0	0 0	0 0	0 0	0 0	0 0	0 0	0 0	0 0	0 0	0 0	0 0	0 0	0 0	0 0	0 0	0 0	0 0	
1 1	4 1	7 1	8 1	10 1	11 1	15 1	17 1	18 1	19 1	20 1	22 1	25 1	28 1	31 1	34 1	36 1	37 1	38 1	39 1	41 1	42 1	44 1	45 1	46 1	49 1	50 1	52 1	54 1	57 1	58 1	60 1	62 1	65 1	66 1	71 1	73 1	74 1	76 1	77 1	78 1	82 2	83 2	89 2	90 2	91 2	94 2	95 2	96 2	97 2	98 2	102 2	103 2	104 2	106 2	107 2	108 2	109 2	110 2	111 2	114 2	115 2	116 2	117 2	118 2	124 2	126 2	127 2	128 2	130 2	131 2	132 2	134 2	136 2	138 2	139 2	141 2	143 2	144 2	145 2	148 2	149 2	150 2	151 2	154 2	155 2	0 0	0 0	0 0	0 0	0 0	0 0	0 0	0 0	0 0	0 0	0 0	0 0	0 0	0 0	
4 1	5 1	6 1	10 1	11 1	14 1	16 1	17 1	18 1	23 1	25 1	31 1	33 1	36 1	37 1	40 1	42 1	43 1	44 1	46 1	48 1	51 1	55 1	56 1	57 1	58 1	59 1	60 1	62 1	63 1	64 1	67 1	69 1	70 1	72 1	73 1	75 1	77 1	82 2	84 2	85 2	87 2	88 2	89 2	90 2	94 2	95 2	97 2	100 2	101 2	102 2	103 2	104 2	107 2	108 2	109 2	110 2	117 2	119 2	122 2	125 2	127 2	128 2	131 2	132 2	133 2	137 2	140 2	141 2	147 2	149 2	151 2	152 2	153 2	154 2	156 2	0 0	0 0	0 0	0 0	0 0	0 0	0 0	0 0	0 0	0 0	0 0	0 0	0 0	0 0	0 0	0 0	0 0	0 0	0 0	0 0	0 0	0 0	0 0	0 0	
3 1	5 1	7 1	8 1	9 1	11 1	14 1	15 1	17 1	20 1	25 1	28 1	36 1	39 1	40 1	42 1	43 1	44 1	47 1	50 1	51 1	52 1	55 1	57 1	63 1	64 1	68 1	69 1	71 1	72 1	73 1	75 1	76 1	77 1	78 1	79 2	80 2	83 2	84 2	85 2	87 2	88 2	92 2	93 2	94 2	95 2	97 2	98 2	99 2	100 2	101 2	102 2	104 2	107 2	108 2	111 2	113 2	115 2	121 2	124 2	125 2	126 2	127 2	129 2	132 2	133 2	134 2	136 2	139 2	140 2	141 2	144 2	149 2	150 2	152 2	154 2	156 2	0 0	0 0	0 0	0 0	0 0	0 0	0 0	0 0	0 0	0 0	0 0	0 0	0 0	0 0	0 0	0 0	0 0	0 0	0 0	0 0	0 0	0 0	0 0	
8 1	9 1	11 1	13 1	16 1	19 1	21 1	23 1	25 1	27 1	31 1	39 1	41 1	42 1	43 1	44 1	45 1	46 1	48 1	50 1	51 1	52 1	54 1	56 1	57 1	58 1	60 1	63 1	65 1	70 1	71 1	72 1	75 1	76 1	78 1	83 2	84 2	85 2	87 2	88 2	89 2	90 2	91 2	92 2	93 2	94 2	96 2	97 2	98 2	104 2	106 2	108 2	112 2	118 2	119 2	120 2	123 2	125 2	126 2	127 2	131 2	133 2	134 2	135 2	136 2	138 2	140 2	141 2	142 2	143 2	145 2	147 2	149 2	150 2	151 2	152 2	154 2	156 2	0 0	0 0	0 0	0 0	0 0	0 0	0 0	0 0	0 0	0 0	0 0	0 0	0 0	0 0	0 0	0 0	0 0	0 0	0 0	0 0	0 0	0 0	
5 1	10 1	12 1	15 1	19 1	20 1	22 1	24 1	25 1	35 1	36 1	37 1	40 1	41 1	49 1	51 1	52 1	53 1	54 1	57 1	59 1	61 1	62 1	65 1	66 1	67 1	69 1	70 1	73 1	74 1	75 1	79 2	80 2	83 2	86 2	88 2	89 2	90 2	92 2	94 2	97 2	98 2	100 2	106 2	108 2	109 2	111 2	112 2	114 2	115 2	116 2	118 2	120 2	122 2	123 2	129 2	137 2	140 2	141 2	143 2	150 2	151 2	153 2	155 2	0 0	0 0	0 0	0 0	0 0	0 0	0 0	0 0	0 0	0 0	0 0	0 0	0 0	0 0	0 0	0 0	0 0	0 0	0 0	0 0	0 0	0 0	0 0	0 0	0 0	0 0	0 0	0 0	0 0	0 0	0 0	0 0	0 0	0 0	0 0	0 0	
1 1	2 1	3 1	6 1	7 1	8 1	9 1	10 1	14 1	15 1	21 1	22 1	26 1	27 1	29 1	33 1	35 1	36 1	40 1	41 1	43 1	46 1	47 1	52 1	55 1	56 1	58 1	59 1	60 1	61 1	64 1	65 1	66 1	68 1	70 1	71 1	73 1	74 1	76 1	77 1	80 2	81 2	82 2	83 2	87 2	88 2	90 2	91 2	93 2	95 2	97 2	98 2	100 2	101 2	102 2	104 2	109 2	110 2	111 2	113 2	115 2	116 2	119 2	122 2	123 2	124 2	128 2	134 2	137 2	140 2	141 2	142 2	144 2	145 2	147 2	148 2	150 2	152 2	156 2	0 0	0 0	0 0	0 0	0 0	0 0	0 0	0 0	0 0	0 0	0 0	0 0	0 0	0 0	0 0	0 0	0 0	0 0	0 0	0 0	0 0	
1 1	2 1	4 1	5 1	6 1	12 1	13 1	15 1	17 1	22 1	25 1	26 1	27 1	28 1	29 1	30 1	34 1	36 1	37 1	38 1	40 1	41 1	43 1	44 1	46 1	49 1	52 1	53 1	58 1	62 1	65 1	70 1	71 1	74 1	75 1	77 1	78 1	81 2	84 2	87 2	89 2	92 2	96 2	99 2	100 2	104 2	106 2	108 2	115 2	116 2	117 2	119 2	121 2	126 2	127 2	135 2	136 2	140 2	145 2	146 2	149 2	150 2	151 2	152 2	153 2	156 2	0 0	0 0	0 0	0 0	0 0	0 0	0 0	0 0	0 0	0 0	0 0	0 0	0 0	0 0	0 0	0 0	0 0	0 0	0 0	0 0	0 0	0 0	0 0	0 0	0 0	0 0	0 0	0 0	0 0	0 0	0 0	0 0	0 0	0 0	
1 1	2 1	6 1	13 1	14 1	15 1	17 1	18 1	19 1	23 1	24 1	26 1	27 1	33 1	34 1	36 1	37 1	38 1	39 1	41 1	43 1	45 1	46 1	48 1	50 1	51 1	56 1	57 1	58 1	59 1	60 1	61 1	63 1	64 1	67 1	69 1	71 1	75 1	76 1	78 1	80 2	81 2	82 2	83 2	87 2	88 2	91 2	95 2	96 2	98 2	99 2	100 2	105 2	107 2	109 2	110 2	112 2	113 2	114 2	116 2	117 2	119 2	124 2	126 2	127 2	128 2	130 2	131 2	133 2	134 2	142 2	144 2	145 2	146 2	148 2	150 2	151 2	156 2	0 0	0 0	0 0	0 0	0 0	0 0	0 0	0 0	0 0	0 0	0 0	0 0	0 0	0 0	0 0	0 0	0 0	0 0	0 0	0 0	0 0	0 0	
2 1	3 1	4 1	5 1	6 1	8 1	9 1	10 1	12 1	15 1	17 1	18 1	19 1	21 1	26 1	28 1	30 1	31 1	32 1	34 1	36 1	38 1	39 1	40 1	41 1	42 1	44 1	45 1	49 1	50 1	54 1	57 1	58 1	60 1	61 1	62 1	63 1	64 1	65 1	68 1	76 1	77 1	79 2	80 2	86 2	87 2	88 2	91 2	94 2	96 2	97 2	98 2	102 2	104 2	105 2	106 2	108 2	109 2	110 2	111 2	112 2	114 2	115 2	117 2	118 2	120 2	121 2	122 2	124 2	125 2	128 2	129 2	130 2	132 2	133 2	135 2	136 2	137 2	142 2	143 2	145 2	146 2	148 2	0 0	0 0	0 0	0 0	0 0	0 0	0 0	0 0	0 0	0 0	0 0	0 0	0 0	0 0	0 0	0 0	0 0	
2 1	6 1	7 1	8 1	13 1	15 1	17 1	19 1	20 1	22 1	23 1	25 1	26 1	28 1	34 1	35 1	37 1	38 1	42 1	43 1	44 1	48 1	50 1	52 1	53 1	54 1	56 1	60 1	61 1	62 1	64 1	71 1	76 1	77 1	78 1	79 2	80 2	82 2	85 2	87 2	91 2	93 2	96 2	97 2	98 2	99 2	102 2	105 2	108 2	111 2	112 2	114 2	115 2	116 2	121 2	122 2	130 2	131 2	132 2	133 2	135 2	138 2	142 2	146 2	149 2	156 2	0 0	0 0	0 0	0 0	0 0	0 0	0 0	0 0	0 0	0 0	0 0	0 0	0 0	0 0	0 0	0 0	0 0	0 0	0 0	0 0	0 0	0 0	0 0	0 0	0 0	0 0	0 0	0 0	0 0	0 0	0 0	0 0	0 0	0 0	
1 1	6 1	8 1	10 1	14 1	19 1	20 1	21 1	27 1	28 1	30 1	32 1	38 1	39 1	40 1	42 1	43 1	44 1	46 1	48 1	50 1	52 1	53 1	55 1	57 1	58 1	59 1	63 1	65 1	68 1	70 1	71 1	72 1	75 1	78 1	80 2	81 2	82 2	86 2	88 2	91 2	92 2	93 2	96 2	99 2	100 2	103 2	104 2	105 2	107 2	111 2	112 2	114 2	115 2	116 2	119 2	121 2	122 2	123 2	125 2	126 2	128 2	129 2	131 2	133 2	136 2	138 2	139 2	140 2	141 2	144 2	148 2	150 2	153 2	154 2	155 2	156 2	0 0	0 0	0 0	0 0	0 0	0 0	0 0	0 0	0 0	0 0	0 0	0 0	0 0	0 0	0 0	0 0	0 0	0 0	0 0	0 0	0 0	0 0	0 0	
1 1	4 1	9 1	11 1	13 1	17 1	18 1	27 1	28 1	29 1	30 1	31 1	33 1	34 1	35 1	38 1	39 1	40 1	43 1	44 1	46 1	47 1	48 1	52 1	53 1	54 1	57 1	61 1	64 1	65 1	67 1	70 1	72 1	76 1	80 2	81 2	85 2	86 2	87 2	88 2	91 2	93 2	94 2	95 2	96 2	98 2	99 2	100 2	103 2	104 2	105 2	106 2	109 2	110 2	111 2	112 2	113 2	114 2	115 2	116 2	117 2	118 2	119 2	121 2	123 2	125 2	126 2	127 2	128 2	129 2	133 2	134 2	136 2	138 2	139 2	140 2	142 2	143 2	145 2	148 2	150 2	151 2	152 2	154 2	155 2	156 2	0 0	0 0	0 0	0 0	0 0	0 0	0 0	0 0	0 0	0 0	0 0	0 0	0 0	0 0	
4 1	5 1	7 1	8 1	9 1	11 1	13 1	17 1	19 1	20 1	21 1	22 1	24 1	25 1	29 1	33 1	34 1	36 1	37 1	39 1	43 1	44 1	45 1	46 1	47 1	48 1	49 1	50 1	52 1	53 1	55 1	56 1	58 1	59 1	60 1	61 1	66 1	67 1	68 1	69 1	70 1	71 1	74 1	75 1	77 1	79 2	81 2	82 2	83 2	85 2	86 2	88 2	89 2	90 2	91 2	94 2	97 2	100 2	103 2	105 2	106 2	107 2	108 2	109 2	110 2	115 2	117 2	121 2	122 2	124 2	125 2	126 2	129 2	130 2	132 2	134 2	135 2	136 2	138 2	139 2	140 2	143 2	146 2	148 2	151 2	153 2	0 0	0 0	0 0	0 0	0 0	0 0	0 0	0 0	0 0	0 0	0 0	0 0	0 0	0 0	
4 1	5 1	6 1	7 1	9 1	11 1	12 1	13 1	14 1	15 1	16 1	17 1	18 1	20 1	24 1	28 1	30 1	31 1	32 1	33 1	34 1	36 1	37 1	40 1	42 1	43 1	49 1	50 1	51 1	52 1	53 1	58 1	59 1	62 1	63 1	65 1	67 1	71 1	77 1	78 1	79 2	82 2	84 2	85 2	86 2	92 2	93 2	94 2	95 2	100 2	102 2	103 2	105 2	106 2	111 2	112 2	113 2	114 2	116 2	118 2	119 2	121 2	127 2	130 2	141 2	142 2	144 2	147 2	148 2	151 2	152 2	153 2	156 2	0 0	0 0	0 0	0 0	0 0	0 0	0 0	0 0	0 0	0 0	0 0	0 0	0 0	0 0	0 0	0 0	0 0	0 0	0 0	0 0	0 0	0 0	0 0	0 0	0 0	0 0	0 0	
1 1	4 1	5 1	8 1	9 1	12 1	14 1	16 1	18 1	19 1	22 1	24 1	25 1	26 1	30 1	32 1	35 1	37 1	40 1	41 1	43 1	44 1	45 1	46 1	48 1	49 1	51 1	54 1	58 1	60 1	63 1	68 1	69 1	70 1	72 1	74 1	75 1	76 1	77 1	80 2	81 2	82 2	83 2	84 2	86 2	87 2	88 2	91 2	92 2	93 2	95 2	97 2	98 2	102 2	105 2	106 2	107 2	110 2	111 2	115 2	117 2	118 2	119 2	121 2	123 2	124 2	125 2	126 2	132 2	138 2	140 2	142 2	143 2	144 2	147 2	149 2	153 2	0 0	0 0	0 0	0 0	0 0	0 0	0 0	0 0	0 0	0 0	0 0	0 0	0 0	0 0	0 0	0 0	0 0	0 0	0 0	0 0	0 0	0 0	0 0	
4 1	6 1	8 1	10 1	11 1	12 1	13 1	15 1	17 1	18 1	21 1	22 1	25 1	27 1	30 1	31 1	33 1	35 1	36 1	39 1	41 1	42 1	43 1	46 1	47 1	49 1	52 1	54 1	55 1	61 1	63 1	66 1	67 1	68 1	69 1	70 1	71 1	73 1	75 1	76 1	77 1	78 1	80 2	82 2	83 2	85 2	86 2	87 2	88 2	89 2	91 2	94 2	95 2	101 2	105 2	115 2	117 2	118 2	124 2	125 2	127 2	128 2	131 2	135 2	136 2	139 2	141 2	143 2	144 2	148 2	149 2	153 2	155 2	0 0	0 0	0 0	0 0	0 0	0 0	0 0	0 0	0 0	0 0	0 0	0 0	0 0	0 0	0 0	0 0	0 0	0 0	0 0	0 0	0 0	0 0	0 0	0 0	0 0	0 0	0 0	
1 1	2 1	4 1	5 1	6 1	9 1	10 1	11 1	12 1	13 1	17 1	21 1	22 1	25 1	27 1	29 1	38 1	39 1	40 1	41 1	43 1	45 1	47 1	48 1	49 1	50 1	52 1	53 1	55 1	59 1	60 1	61 1	62 1	66 1	68 1	69 1	72 1	73 1	74 1	75 1	76 1	78 1	79 2	80 2	81 2	82 2	83 2	88 2	92 2	93 2	96 2	98 2	99 2	101 2	102 2	104 2	105 2	106 2	107 2	110 2	112 2	115 2	116 2	117 2	118 2	119 2	120 2	122 2	124 2	126 2	128 2	129 2	130 2	134 2	137 2	138 2	139 2	140 2	143 2	146 2	148 2	149 2	152 2	155 2	156 2	0 0	0 0	0 0	0 0	0 0	0 0	0 0	0 0	0 0	0 0	0 0	0 0	0 0	0 0	0 0	
1 1	2 1	6 1	9 1	11 1	12 1	13 1	21 1	24 1	25 1	27 1	29 1	30 1	32 1	34 1	37 1	39 1	40 1	43 1	44 1	45 1	52 1	54 1	55 1	64 1	66 1	68 1	70 1	72 1	75 1	76 1	77 1	79 2	81 2	84 2	88 2	89 2	91 2	93 2	99 2	100 2	102 2	104 2	106 2	110 2	111 2	116 2	119 2	121 2	126 2	128 2	130 2	131 2	133 2	134 2	136 2	137 2	138 2	139 2	140 2	142 2	147 2	149 2	156 2	0 0	0 0	0 0	0 0	0 0	0 0	0 0	0 0	0 0	0 0	0 0	0 0	0 0	0 0	0 0	0 0	0 0	0 0	0 0	0 0	0 0	0 0	0 0	0 0	0 0	0 0	0 0	0 0	0 0	0 0	0 0	0 0	0 0	0 0	0 0	0 0	
3 1	4 1	5 1	7 1	8 1	9 1	11 1	12 1	14 1	15 1	16 1	18 1	19 1	24 1	25 1	26 1	27 1	31 1	33 1	34 1	35 1	37 1	38 1	40 1	41 1	43 1	44 1	45 1	48 1	51 1	53 1	55 1	56 1	59 1	62 1	71 1	72 1	74 1	77 1	81 2	83 2	85 2	87 2	90 2	91 2	92 2	93 2	95 2	96 2	97 2	99 2	103 2	104 2	105 2	106 2	108 2	114 2	117 2	118 2	120 2	121 2	122 2	123 2	124 2	126 2	128 2	132 2	133 2	134 2	136 2	137 2	140 2	142 2	144 2	146 2	147 2	148 2	150 2	152 2	154 2	156 2	0 0	0 0	0 0	0 0	0 0	0 0	0 0	0 0	0 0	0 0	0 0	0 0	0 0	0 0	0 0	0 0	0 0	0 0	0 0	
1 1	2 1	3 1	4 1	5 1	6 1	8 1	12 1	14 1	15 1	16 1	17 1	24 1	27 1	28 1	30 1	35 1	36 1	37 1	39 1	42 1	44 1	50 1	51 1	52 1	53 1	54 1	55 1	56 1	57 1	67 1	68 1	69 1	71 1	72 1	73 1	74 1	77 1	81 2	84 2	85 2	86 2	87 2	89 2	90 2	91 2	92 2	93 2	94 2	95 2	99 2	102 2	106 2	109 2	110 2	112 2	113 2	115 2	116 2	117 2	118 2	120 2	121 2	122 2	123 2	125 2	129 2	131 2	132 2	133 2	134 2	135 2	136 2	137 2	140 2	142 2	144 2	146 2	148 2	150 2	151 2	152 2	0 0	0 0	0 0	0 0	0 0	0 0	0 0	0 0	0 0	0 0	0 0	0 0	0 0	0 0	0 0	0 0	0 0	0 0	
1 1	7 1	8 1	9 1	10 1	11 1	14 1	15 1	18 1	21 1	24 1	26 1	27 1	29 1	35 1	36 1	41 1	42 1	47 1	48 1	49 1	50 1	51 1	53 1	55 1	57 1	60 1	63 1	66 1	67 1	70 1	71 1	73 1	75 1	77 1	82 2	83 2	85 2	86 2	87 2	90 2	93 2	94 2	95 2	97 2	98 2	104 2	108 2	109 2	110 2	113 2	116 2	117 2	118 2	122 2	125 2	126 2	127 2	130 2	132 2	133 2	134 2	135 2	139 2	140 2	141 2	143 2	145 2	147 2	148 2	150 2	154 2	156 2	0 0	0 0	0 0	0 0	0 0	0 0	0 0	0 0	0 0	0 0	0 0	0 0	0 0	0 0	0 0	0 0	0 0	0 0	0 0	0 0	0 0	0 0	0 0	0 0	0 0	0 0	0 0	
2 1	3 1	5 1	6 1	8 1	9 1	11 1	12 1	15 1	17 1	19 1	20 1	22 1	23 1	29 1	30 1	31 1	34 1	35 1	36 1	42 1	43 1	44 1	45 1	48 1	49 1	52 1	55 1	57 1	59 1	61 1	62 1	67 1	69 1	70 1	73 1	78 1	79 2	80 2	90 2	94 2	96 2	97 2	100 2	107 2	113 2	116 2	117 2	118 2	123 2	124 2	125 2	126 2	128 2	129 2	130 2	135 2	136 2	137 2	138 2	140 2	146 2	148 2	151 2	152 2	155 2	0 0	0 0	0 0	0 0	0 0	0 0	0 0	0 0	0 0	0 0	0 0	0 0	0 0	0 0	0 0	0 0	0 0	0 0	0 0	0 0	0 0	0 0	0 0	0 0	0 0	0 0	0 0	0 0	0 0	0 0	0 0	0 0	0 0	0 0	
1 1	2 1	4 1	5 1	9 1	10 1	11 1	15 1	20 1	22 1	25 1	26 1	27 1	28 1	29 1	30 1	31 1	32 1	35 1	37 1	40 1	43 1	44 1	45 1	48 1	49 1	50 1	51 1	54 1	55 1	59 1	61 1	65 1	66 1	69 1	70 1	75 1	76 1	77 1	78 1	79 2	80 2	84 2	88 2	90 2	93 2	94 2	96 2	98 2	99 2	102 2	104 2	105 2	109 2	112 2	113 2	114 2	115 2	116 2	118 2	120 2	121 2	122 2	123 2	124 2	126 2	128 2	129 2	133 2	134 2	136 2	137 2	139 2	141 2	145 2	147 2	152 2	154 2	0 0	0 0	0 0	0 0	0 0	0 0	0 0	0 0	0 0	0 0	0 0	0 0	0 0	0 0	0 0	0 0	0 0	0 0	0 0	0 0	0 0	0 0	
1 1	3 1	5 1	8 1	9 1	15 1	16 1	17 1	20 1	21 1	22 1	23 1	25 1	28 1	29 1	31 1	34 1	38 1	42 1	44 1	45 1	46 1	50 1	55 1	59 1	60 1	61 1	65 1	71 1	73 1	75 1	78 1	81 2	83 2	85 2	86 2	88 2	89 2	91 2	97 2	98 2	102 2	103 2	104 2	105 2	106 2	107 2	110 2	111 2	113 2	118 2	120 2	125 2	126 2	127 2	129 2	130 2	132 2	133 2	134 2	135 2	140 2	141 2	143 2	146 2	150 2	151 2	155 2	156 2	0 0	0 0	0 0	0 0	0 0	0 0	0 0	0 0	0 0	0 0	0 0	0 0	0 0	0 0	0 0	0 0	0 0	0 0	0 0	0 0	0 0	0 0	0 0	0 0	0 0	0 0	0 0	0 0	0 0	0 0	0 0	
3 1	8 1	9 1	11 1	14 1	16 1	18 1	20 1	26 1	28 1	29 1	30 1	32 1	33 1	36 1	37 1	39 1	41 1	44 1	46 1	51 1	53 1	54 1	55 1	56 1	60 1	61 1	62 1	63 1	66 1	70 1	72 1	73 1	74 1	75 1	76 1	78 1	80 2	81 2	85 2	86 2	88 2	89 2	90 2	94 2	96 2	101 2	104 2	106 2	108 2	109 2	110 2	114 2	115 2	118 2	119 2	123 2	125 2	127 2	131 2	132 2	135 2	137 2	140 2	142 2	144 2	145 2	152 2	153 2	0 0	0 0	0 0	0 0	0 0	0 0	0 0	0 0	0 0	0 0	0 0	0 0	0 0	0 0	0 0	0 0	0 0	0 0	0 0	0 0	0 0	0 0	0 0	0 0	0 0	0 0	0 0	0 0	0 0	0 0	0 0	
3 1	5 1	7 1	9 1	12 1	16 1	18 1	19 1	21 1	24 1	25 1	29 1	30 1	36 1	37 1	41 1	43 1	44 1	48 1	49 1	51 1	53 1	55 1	57 1	59 1	67 1	68 1	70 1	71 1	72 1	73 1	75 1	76 1	77 1	79 2	80 2	81 2	82 2	83 2	87 2	89 2	90 2	91 2	92 2	95 2	100 2	101 2	105 2	106 2	107 2	109 2	110 2	112 2	113 2	114 2	117 2	118 2	119 2	123 2	129 2	134 2	135 2	138 2	142 2	143 2	146 2	147 2	148 2	152 2	155 2	0 0	0 0	0 0	0 0	0 0	0 0	0 0	0 0	0 0	0 0	0 0	0 0	0 0	0 0	0 0	0 0	0 0	0 0	0 0	0 0	0 0	0 0	0 0	0 0	0 0	0 0	0 0	0 0	0 0	0 0	
4 1	6 1	7 1	9 1	10 1	12 1	15 1	17 1	19 1	20 1	23 1	26 1	27 1	28 1	29 1	30 1	33 1	34 1	35 1	39 1	41 1	42 1	45 1	46 1	49 1	50 1	51 1	52 1	53 1	57 1	58 1	60 1	61 1	62 1	64 1	66 1	67 1	68 1	69 1	70 1	72 1	74 1	78 1	79 2	80 2	81 2	83 2	86 2	87 2	88 2	92 2	93 2	95 2	96 2	97 2	98 2	99 2	101 2	102 2	104 2	105 2	107 2	108 2	110 2	115 2	116 2	117 2	120 2	121 2	122 2	123 2	125 2	128 2	129 2	130 2	131 2	132 2	136 2	138 2	141 2	143 2	144 2	145 2	146 2	147 2	149 2	0 0	0 0	0 0	0 0	0 0	0 0	0 0	0 0	0 0	0 0	0 0	0 0	0 0	0 0	
4 1	5 1	9 1	11 1	12 1	16 1	20 1	21 1	23 1	25 1	26 1	28 1	29 1	31 1	32 1	36 1	37 1	38 1	39 1	40 1	43 1	48 1	51 1	54 1	56 1	59 1	60 1	63 1	64 1	65 1	66 1	67 1	68 1	69 1	70 1	71 1	74 1	75 1	79 2	82 2	83 2	86 2	88 2	89 2	90 2	92 2	95 2	104 2	105 2	108 2	109 2	110 2	113 2	114 2	116 2	117 2	121 2	122 2	123 2	125 2	126 2	127 2	128 2	132 2	133 2	135 2	136 2	138 2	139 2	140 2	142 2	143 2	145 2	147 2	148 2	149 2	150 2	152 2	153 2	154 2	156 2	0 0	0 0	0 0	0 0	0 0	0 0	0 0	0 0	0 0	0 0	0 0	0 0	0 0	0 0	0 0	0 0	0 0	0 0	0 0	
1 1	5 1	7 1	9 1	11 1	12 1	15 1	16 1	17 1	19 1	23 1	24 1	25 1	28 1	29 1	30 1	31 1	32 1	33 1	35 1	37 1	41 1	43 1	44 1	48 1	49 1	52 1	53 1	55 1	57 1	58 1	59 1	62 1	63 1	64 1	72 1	73 1	75 1	77 1	78 1	81 2	84 2	87 2	88 2	91 2	93 2	94 2	95 2	96 2	100 2	101 2	102 2	103 2	104 2	106 2	107 2	108 2	109 2	114 2	116 2	119 2	122 2	126 2	128 2	129 2	131 2	132 2	134 2	136 2	137 2	138 2	139 2	140 2	143 2	144 2	147 2	148 2	151 2	152 2	153 2	0 0	0 0	0 0	0 0	0 0	0 0	0 0	0 0	0 0	0 0	0 0	0 0	0 0	0 0	0 0	0 0	0 0	0 0	0 0	0 0	
1 1	3 1	5 1	13 1	14 1	15 1	17 1	20 1	26 1	27 1	29 1	30 1	32 1	35 1	38 1	39 1	40 1	41 1	43 1	45 1	47 1	50 1	51 1	52 1	53 1	54 1	57 1	64 1	65 1	66 1	68 1	69 1	76 1	78 1	80 2	81 2	82 2	86 2	89 2	90 2	91 2	93 2	94 2	95 2	96 2	97 2	99 2	100 2	103 2	105 2	109 2	112 2	113 2	114 2	119 2	120 2	121 2	122 2	125 2	126 2	139 2	141 2	145 2	146 2	148 2	149 2	150 2	151 2	152 2	0 0	0 0	0 0	0 0	0 0	0 0	0 0	0 0	0 0	0 0	0 0	0 0	0 0	0 0	0 0	0 0	0 0	0 0	0 0	0 0	0 0	0 0	0 0	0 0	0 0	0 0	0 0	0 0	0 0	0 0	0 0	
3 1	4 1	5 1	9 1	10 1	11 1	16 1	21 1	22 1	23 1	24 1	25 1	26 1	32 1	33 1	34 1	37 1	38 1	40 1	42 1	44 1	45 1	52 1	55 1	56 1	62 1	64 1	67 1	68 1	69 1	74 1	75 1	81 2	82 2	83 2	90 2	92 2	97 2	98 2	99 2	100 2	105 2	106 2	108 2	109 2	110 2	112 2	114 2	116 2	120 2	124 2	125 2	128 2	129 2	132 2	133 2	136 2	140 2	141 2	142 2	147 2	148 2	151 2	153 2	155 2	156 2	0 0	0 0	0 0	0 0	0 0	0 0	0 0	0 0	0 0	0 0	0 0	0 0	0 0	0 0	0 0	0 0	0 0	0 0	0 0	0 0	0 0	0 0	0 0	0 0	0 0	0 0	0 0	0 0	0 0	0 0	0 0	0 0	0 0	0 0	
7 1	8 1	9 1	14 1	15 1	16 1	17 1	19 1	21 1	26 1	28 1	29 1	32 1	39 1	40 1	41 1	43 1	44 1	45 1	46 1	47 1	48 1	49 1	50 1	54 1	55 1	56 1	58 1	60 1	61 1	64 1	65 1	67 1	68 1	69 1	71 1	72 1	77 1	78 1	81 2	82 2	83 2	84 2	86 2	89 2	90 2	91 2	92 2	94 2	95 2	96 2	97 2	98 2	99 2	101 2	103 2	104 2	105 2	108 2	109 2	111 2	113 2	115 2	116 2	117 2	118 2	119 2	120 2	122 2	123 2	124 2	127 2	131 2	133 2	137 2	140 2	141 2	142 2	144 2	147 2	150 2	151 2	152 2	154 2	156 2	0 0	0 0	0 0	0 0	0 0	0 0	0 0	0 0	0 0	0 0	0 0	0 0	0 0	0 0	0 0	
1 1	2 1	3 1	4 1	8 1	9 1	10 1	12 1	15 1	17 1	19 1	21 1	23 1	25 1	28 1	29 1	40 1	41 1	42 1	45 1	46 1	48 1	50 1	51 1	53 1	54 1	55 1	58 1	59 1	60 1	64 1	65 1	67 1	69 1	71 1	73 1	77 1	79 2	81 2	83 2	84 2	85 2	86 2	88 2	92 2	93 2	95 2	96 2	97 2	99 2	101 2	102 2	103 2	104 2	106 2	111 2	112 2	115 2	117 2	119 2	120 2	123 2	125 2	126 2	129 2	130 2	131 2	134 2	135 2	137 2	138 2	140 2	141 2	142 2	143 2	144 2	145 2	147 2	151 2	152 2	155 2	156 2	0 0	0 0	0 0	0 0	0 0	0 0	0 0	0 0	0 0	0 0	0 0	0 0	0 0	0 0	0 0	0 0	0 0	0 0	
1 1	2 1	4 1	6 1	8 1	9 1	10 1	15 1	17 1	18 1	19 1	21 1	23 1	24 1	25 1	27 1	32 1	33 1	35 1	41 1	43 1	45 1	48 1	51 1	53 1	54 1	57 1	59 1	61 1	63 1	64 1	66 1	67 1	68 1	70 1	75 1	79 2	82 2	84 2	85 2	87 2	88 2	89 2	92 2	93 2	97 2	100 2	102 2	103 2	104 2	105 2	109 2	110 2	111 2	114 2	115 2	116 2	121 2	123 2	125 2	133 2	135 2	138 2	142 2	143 2	146 2	148 2	152 2	153 2	156 2	0 0	0 0	0 0	0 0	0 0	0 0	0 0	0 0	0 0	0 0	0 0	0 0	0 0	0 0	0 0	0 0	0 0	0 0	0 0	0 0	0 0	0 0	0 0	0 0	0 0	0 0	0 0	0 0	0 0	0 0	
1 1	2 1	4 1	8 1	9 1	10 1	11 1	12 1	13 1	14 1	16 1	17 1	18 1	19 1	21 1	24 1	25 1	26 1	29 1	33 1	34 1	37 1	41 1	43 1	45 1	46 1	47 1	49 1	50 1	52 1	53 1	55 1	56 1	57 1	59 1	60 1	65 1	67 1	68 1	70 1	72 1	73 1	77 1	78 1	80 2	81 2	84 2	85 2	86 2	89 2	90 2	93 2	96 2	97 2	98 2	101 2	103 2	104 2	108 2	109 2	114 2	116 2	124 2	126 2	130 2	132 2	134 2	135 2	137 2	139 2	140 2	141 2	142 2	147 2	153 2	156 2	0 0	0 0	0 0	0 0	0 0	0 0	0 0	0 0	0 0	0 0	0 0	0 0	0 0	0 0	0 0	0 0	0 0	0 0	0 0	0 0	0 0	0 0	0 0	0 0	
2 1	3 1	6 1	7 1	8 1	9 1	10 1	12 1	14 1	15 1	16 1	19 1	22 1	23 1	24 1	25 1	26 1	28 1	30 1	31 1	32 1	33 1	34 1	37 1	41 1	42 1	44 1	45 1	49 1	50 1	51 1	52 1	55 1	58 1	59 1	60 1	62 1	67 1	68 1	70 1	74 1	76 1	81 2	82 2	84 2	85 2	87 2	88 2	89 2	92 2	93 2	97 2	100 2	102 2	103 2	104 2	105 2	106 2	107 2	110 2	111 2	116 2	119 2	120 2	123 2	124 2	130 2	132 2	137 2	141 2	144 2	148 2	153 2	154 2	155 2	0 0	0 0	0 0	0 0	0 0	0 0	0 0	0 0	0 0	0 0	0 0	0 0	0 0	0 0	0 0	0 0	0 0	0 0	0 0	0 0	0 0	0 0	0 0	0 0	0 0	
3 1	5 1	6 1	8 1	9 1	13 1	14 1	16 1	23 1	27 1	29 1	30 1	31 1	33 1	34 1	38 1	40 1	41 1	42 1	45 1	46 1	47 1	49 1	52 1	53 1	54 1	55 1	57 1	59 1	61 1	65 1	67 1	68 1	69 1	72 1	74 1	75 1	77 1	78 1	83 2	84 2	85 2	87 2	90 2	95 2	96 2	99 2	103 2	104 2	109 2	110 2	111 2	115 2	118 2	120 2	121 2	122 2	123 2	125 2	128 2	130 2	131 2	134 2	135 2	136 2	137 2	138 2	141 2	142 2	153 2	154 2	155 2	156 2	0 0	0 0	0 0	0 0	0 0	0 0	0 0	0 0	0 0	0 0	0 0	0 0	0 0	0 0	0 0	0 0	0 0	0 0	0 0	0 0	0 0	0 0	0 0	0 0	0 0	0 0	0 0	
1 1	2 1	3 1	4 1	5 1	7 1	10 1	11 1	15 1	17 1	18 1	19 1	22 1	23 1	29 1	30 1	31 1	33 1	34 1	35 1	36 1	39 1	40 1	44 1	47 1	48 1	49 1	51 1	52 1	53 1	54 1	55 1	57 1	58 1	59 1	61 1	62 1	69 1	70 1	71 1	72 1	74 1	75 1	76 1	78 1	79 2	82 2	83 2	85 2	87 2	92 2	93 2	94 2	96 2	100 2	103 2	107 2	109 2	113 2	120 2	121 2	125 2	126 2	134 2	135 2	139 2	143 2	144 2	146 2	147 2	148 2	150 2	152 2	154 2	155 2	156 2	0 0	0 0	0 0	0 0	0 0	0 0	0 0	0 0	0 0	0 0	0 0	0 0	0 0	0 0	0 0	0 0	0 0	0 0	0 0	0 0	0 0	0 0	0 0	0 0	
6 1	7 1	8 1	9 1	11 1	12 1	14 1	15 1	17 1	20 1	22 1	24 1	25 1	26 1	27 1	30 1	31 1	32 1	33 1	34 1	36 1	43 1	44 1	45 1	50 1	51 1	52 1	60 1	61 1	62 1	63 1	64 1	65 1	67 1	68 1	69 1	71 1	72 1	74 1	75 1	81 2	82 2	86 2	87 2	89 2	90 2	91 2	93 2	94 2	99 2	101 2	102 2	104 2	106 2	107 2	108 2	110 2	111 2	113 2	117 2	118 2	123 2	125 2	134 2	135 2	136 2	137 2	138 2	141 2	142 2	148 2	150 2	152 2	153 2	154 2	156 2	0 0	0 0	0 0	0 0	0 0	0 0	0 0	0 0	0 0	0 0	0 0	0 0	0 0	0 0	0 0	0 0	0 0	0 0	0 0	0 0	0 0	0 0	0 0	0 0	
2 1	6 1	7 1	12 1	13 1	16 1	19 1	23 1	25 1	26 1	34 1	35 1	37 1	38 1	40 1	41 1	42 1	43 1	44 1	46 1	47 1	48 1	49 1	50 1	51 1	52 1	53 1	56 1	57 1	58 1	60 1	62 1	63 1	67 1	70 1	72 1	74 1	75 1	77 1	80 2	83 2	84 2	85 2	86 2	87 2	88 2	89 2	94 2	96 2	98 2	99 2	101 2	104 2	106 2	108 2	110 2	111 2	114 2	117 2	119 2	125 2	127 2	128 2	131 2	132 2	134 2	135 2	139 2	143 2	145 2	147 2	148 2	149 2	150 2	151 2	154 2	155 2	0 0	0 0	0 0	0 0	0 0	0 0	0 0	0 0	0 0	0 0	0 0	0 0	0 0	0 0	0 0	0 0	0 0	0 0	0 0	0 0	0 0	0 0	0 0	
1 1	2 1	3 1	6 1	8 1	12 1	13 1	14 1	15 1	16 1	17 1	18 1	22 1	28 1	29 1	31 1	33 1	34 1	36 1	37 1	38 1	44 1	46 1	47 1	48 1	52 1	53 1	55 1	56 1	57 1	59 1	61 1	62 1	63 1	65 1	66 1	69 1	70 1	75 1	77 1	80 2	82 2	83 2	84 2	86 2	87 2	93 2	94 2	96 2	98 2	103 2	104 2	105 2	106 2	107 2	110 2	113 2	115 2	117 2	120 2	123 2	124 2	125 2	126 2	129 2	130 2	132 2	133 2	134 2	135 2	139 2	140 2	142 2	148 2	149 2	150 2	151 2	152 2	153 2	154 2	156 2	0 0	0 0	0 0	0 0	0 0	0 0	0 0	0 0	0 0	0 0	0 0	0 0	0 0	0 0	0 0	0 0	0 0	0 0	0 0	
2 1	3 1	4 1	5 1	11 1	13 1	14 1	15 1	16 1	23 1	24 1	25 1	26 1	27 1	28 1	30 1	32 1	33 1	35 1	36 1	38 1	41 1	44 1	49 1	54 1	55 1	56 1	57 1	60 1	62 1	65 1	67 1	70 1	72 1	73 1	77 1	78 1	81 2	83 2	84 2	86 2	89 2	93 2	96 2	100 2	101 2	102 2	103 2	106 2	108 2	111 2	112 2	113 2	114 2	116 2	117 2	118 2	119 2	120 2	122 2	123 2	125 2	127 2	128 2	129 2	131 2	133 2	135 2	138 2	141 2	142 2	150 2	151 2	152 2	155 2	0 0	0 0	0 0	0 0	0 0	0 0	0 0	0 0	0 0	0 0	0 0	0 0	0 0	0 0	0 0	0 0	0 0	0 0	0 0	0 0	0 0	0 0	0 0	0 0	0 0	
2 1	3 1	6 1	9 1	10 1	12 1	13 1	16 1	17 1	19 1	20 1	22 1	26 1	28 1	30 1	32 1	36 1	37 1	38 1	39 1	41 1	42 1	45 1	46 1	48 1	49 1	55 1	56 1	58 1	60 1	61 1	62 1	64 1	69 1	71 1	72 1	74 1	75 1	76 1	79 2	80 2	81 2	82 2	86 2	94 2	95 2	97 2	98 2	99 2	100 2	101 2	102 2	103 2	108 2	109 2	111 2	113 2	114 2	119 2	120 2	121 2	124 2	125 2	126 2	127 2	128 2	131 2	133 2	134 2	136 2	138 2	141 2	142 2	143 2	144 2	146 2	147 2	148 2	152 2	154 2	155 2	0 0	0 0	0 0	0 0	0 0	0 0	0 0	0 0	0 0	0 0	0 0	0 0	0 0	0 0	0 0	0 0	0 0	0 0	0 0	
1 1	3 1	4 1	6 1	9 1	10 1	12 1	14 1	15 1	16 1	20 1	22 1	25 1	26 1	27 1	28 1	30 1	34 1	35 1	36 1	38 1	39 1	40 1	41 1	42 1	46 1	47 1	51 1	52 1	53 1	54 1	55 1	56 1	57 1	59 1	61 1	63 1	64 1	70 1	73 1	74 1	75 1	76 1	84 2	85 2	87 2	90 2	99 2	100 2	103 2	104 2	105 2	107 2	112 2	113 2	116 2	117 2	118 2	121 2	123 2	126 2	129 2	131 2	133 2	134 2	136 2	138 2	139 2	140 2	141 2	143 2	145 2	149 2	155 2	156 2	0 0	0 0	0 0	0 0	0 0	0 0	0 0	0 0	0 0	0 0	0 0	0 0	0 0	0 0	0 0	0 0	0 0	0 0	0 0	0 0	0 0	0 0	0 0	0 0	0 0	
4 1	5 1	8 1	13 1	14 1	18 1	20 1	22 1	24 1	25 1	29 1	30 1	34 1	35 1	40 1	42 1	46 1	49 1	52 1	54 1	55 1	58 1	63 1	64 1	65 1	66 1	67 1	68 1	69 1	70 1	71 1	73 1	74 1	75 1	76 1	77 1	78 1	79 2	81 2	82 2	83 2	84 2	86 2	87 2	89 2	90 2	92 2	93 2	94 2	95 2	96 2	97 2	100 2	101 2	103 2	104 2	106 2	107 2	108 2	110 2	111 2	113 2	117 2	118 2	121 2	124 2	125 2	127 2	129 2	130 2	131 2	135 2	136 2	139 2	140 2	146 2	148 2	152 2	153 2	0 0	0 0	0 0	0 0	0 0	0 0	0 0	0 0	0 0	0 0	0 0	0 0	0 0	0 0	0 0	0 0	0 0	0 0	0 0	0 0	0 0	
3 1	4 1	5 1	6 1	8 1	9 1	10 1	16 1	17 1	19 1	24 1	25 1	26 1	27 1	30 1	31 1	32 1	34 1	35 1	41 1	49 1	50 1	53 1	54 1	55 1	56 1	59 1	61 1	62 1	63 1	65 1	69 1	70 1	71 1	72 1	73 1	74 1	76 1	77 1	78 1	80 2	81 2	85 2	86 2	87 2	88 2	91 2	92 2	94 2	96 2	97 2	102 2	105 2	110 2	111 2	112 2	116 2	117 2	121 2	122 2	126 2	127 2	129 2	130 2	131 2	138 2	140 2	141 2	142 2	145 2	146 2	148 2	150 2	152 2	156 2	0 0	0 0	0 0	0 0	0 0	0 0	0 0	0 0	0 0	0 0	0 0	0 0	0 0	0 0	0 0	0 0	0 0	0 0	0 0	0 0	0 0	0 0	0 0	0 0	0 0	
1 1	2 1	3 1	4 1	5 1	7 1	8 1	12 1	17 1	20 1	21 1	22 1	23 1	26 1	28 1	30 1	32 1	33 1	40 1	42 1	43 1	44 1	45 1	47 1	48 1	49 1	50 1	51 1	52 1	53 1	60 1	63 1	65 1	70 1	73 1	74 1	79 2	80 2	84 2	86 2	87 2	88 2	93 2	94 2	95 2	96 2	97 2	99 2	101 2	103 2	105 2	107 2	109 2	110 2	112 2	113 2	114 2	115 2	116 2	117 2	118 2	119 2	121 2	122 2	123 2	124 2	128 2	132 2	134 2	135 2	136 2	138 2	140 2	141 2	144 2	145 2	146 2	148 2	153 2	155 2	156 2	0 0	0 0	0 0	0 0	0 0	0 0	0 0	0 0	0 0	0 0	0 0	0 0	0 0	0 0	0 0	0 0	0 0	0 0	0 0	
1 1	2 1	4 1	7 1	8 1	9 1	11 1	12 1	13 1	15 1	18 1	20 1	22 1	24 1	25 1	27 1	29 1	30 1	34 1	35 1	37 1	38 1	40 1	41 1	43 1	45 1	48 1	49 1	51 1	53 1	60 1	64 1	66 1	68 1	70 1	71 1	72 1	75 1	77 1	78 1	79 2	80 2	82 2	83 2	84 2	85 2	86 2	87 2	88 2	91 2	95 2	96 2	99 2	103 2	104 2	106 2	107 2	109 2	110 2	111 2	112 2	114 2	115 2	118 2	119 2	120 2	122 2	125 2	127 2	128 2	131 2	137 2	141 2	144 2	147 2	149 2	150 2	152 2	154 2	156 2	0 0	0 0	0 0	0 0	0 0	0 0	0 0	0 0	0 0	0 0	0 0	0 0	0 0	0 0	0 0	0 0	0 0	0 0	0 0	0 0	
1 1	2 1	3 1	4 1	5 1	6 1	8 1	9 1	10 1	18 1	20 1	21 1	27 1	28 1	29 1	30 1	31 1	33 1	34 1	35 1	38 1	40 1	42 1	44 1	47 1	48 1	49 1	50 1	52 1	55 1	57 1	60 1	61 1	63 1	64 1	66 1	72 1	77 1	78 1	79 2	81 2	82 2	85 2	87 2	91 2	93 2	95 2	98 2	100 2	101 2	102 2	104 2	105 2	106 2	107 2	108 2	112 2	113 2	114 2	118 2	119 2	121 2	125 2	126 2	128 2	129 2	131 2	136 2	137 2	138 2	139 2	140 2	143 2	145 2	146 2	148 2	150 2	152 2	153 2	155 2	0 0	0 0	0 0	0 0	0 0	0 0	0 0	0 0	0 0	0 0	0 0	0 0	0 0	0 0	0 0	0 0	0 0	0 0	0 0	0 0	
3 1	8 1	10 1	12 1	13 1	14 1	18 1	21 1	22 1	24 1	26 1	29 1	31 1	32 1	33 1	37 1	38 1	39 1	41 1	43 1	45 1	46 1	47 1	49 1	50 1	53 1	55 1	56 1	59 1	60 1	62 1	64 1	65 1	66 1	69 1	73 1	75 1	77 1	78 1	79 1	80 1	83 1	84 1	85 1	87 1	88 1	89 1	96 1	101 1	102 1	103 1	106 1	107 1	110 1	112 1	113 1	115 1	116 1	118 1	119 1	124 1	125 1	128 1	129 1	130 1	133 1	136 1	139 1	142 1	143 1	144 1	0 0	0 0	0 0	0 0	0 0	0 0	0 0	0 0	0 0	0 0	0 0	0 0	0 0	0 0	0 0	0 0	0 0	0 0	
1 1	2 1	3 1	4 1	8 1	12 1	18 1	20 1	21 1	27 1	30 1	32 1	36 1	39 1	41 1	43 1	45 1	50 1	60 1	62 1	63 1	67 1	69 1	72 1	75 1	77 1	78 1	79 1	80 1	84 1	86 1	87 1	88 1	92 1	101 1	102 1	103 1	104 1	105 1	112 1	113 1	115 1	117 1	118 1	128 1	129 1	130 1	131 1	133 1	135 1	136 1	137 1	138 1	142 1	143 1	144 1	0 0	0 0	0 0	0 0	0 0	0 0	0 0	0 0	0 0	0 0	0 0	0 0	0 0	0 0	0 0	0 0	0 0	0 0	0 0	0 0	0 0	0 0	0 0	0 0	0 0	0 0	0 0	0 0	0 0	0 0	0 0	0 0	0 0	
1 1	2 1	4 1	6 1	7 1	9 1	11 1	12 1	13 1	17 1	19 1	20 1	22 1	23 1	24 1	28 1	30 1	31 1	34 1	36 1	42 1	43 1	44 1	48 1	51 1	52 1	53 1	59 1	61 1	65 1	67 1	70 1	72 1	74 1	78 1	79 1	84 1	85 1	86 1	87 1	91 1	98 1	101 1	104 1	114 1	115 1	117 1	119 1	120 1	121 1	125 1	126 1	128 1	131 1	132 1	133 1	136 1	137 1	138 1	139 1	141 1	142 1	144 1	0 0	0 0	0 0	0 0	0 0	0 0	0 0	0 0	0 0	0 0	0 0	0 0	0 0	0 0	0 0	0 0	0 0	0 0	0 0	0 0	0 0	0 0	0 0	0 0	0 0	0 0	
3 1	6 1	7 1	11 1	12 1	14 1	16 1	17 1	18 1	20 1	23 1	27 1	28 1	29 1	33 1	40 1	41 1	43 1	45 1	51 1	54 1	55 1	58 1	60 1	62 1	63 1	67 1	68 1	70 1	72 1	75 1	76 1	79 1	83 1	86 1	90 1	91 1	92 1	94 1	96 1	97 1	102 1	104 1	107 1	108 1	109 1	110 1	111 1	112 1	114 1	115 1	118 1	122 1	123 1	126 1	128 1	129 1	130 1	133 1	137 1	139 1	140 1	141 1	142 1	143 1	144 1	0 0	0 0	0 0	0 0	0 0	0 0	0 0	0 0	0 0	0 0	0 0	0 0	0 0	0 0	0 0	0 0	0 0	0 0	0 0	0 0	0 0	0 0	0 0	
3 1	4 1	7 1	9 1	11 1	12 1	16 1	19 1	22 1	23 1	25 1	27 1	28 1	29 1	32 1	37 1	38 1	40 1	44 1	48 1	49 1	50 1	53 1	54 1	55 1	56 1	59 1	61 1	62 1	63 1	65 1	66 1	67 1	69 1	70 1	71 1	73 1	75 1	76 1	78 1	80 1	81 1	82 1	83 1	84 1	85 1	87 1	91 1	92 1	93 1	94 1	95 1	97 1	98 1	100 1	102 1	104 1	108 1	109 1	110 1	112 1	114 1	115 1	117 1	118 1	119 1	121 1	123 1	124 1	125 1	126 1	132 1	133 1	137 1	140 1	141 1	142 1	144 1	0 0	0 0	0 0	0 0	0 0	0 0	0 0	0 0	0 0	0 0	0 0	
1 1	3 1	5 1	6 1	7 1	8 1	12 1	13 1	15 1	16 1	19 1	21 1	23 1	25 1	27 1	28 1	29 1	33 1	34 1	35 1	38 1	39 1	41 1	42 1	44 1	47 1	53 1	54 1	56 1	58 1	60 1	61 1	62 1	69 1	70 1	72 1	75 1	78 1	80 1	81 1	85 1	87 1	89 1	90 1	92 1	95 1	97 1	101 1	102 1	103 1	104 1	105 1	106 1	109 1	111 1	112 1	113 1	115 1	117 1	122 1	129 1	131 1	132 1	134 1	135 1	136 1	138 1	139 1	141 1	144 1	0 0	0 0	0 0	0 0	0 0	0 0	0 0	0 0	0 0	0 0	0 0	0 0	0 0	0 0	0 0	0 0	0 0	0 0	0 0	
1 1	3 1	7 1	8 1	11 1	17 1	18 1	19 1	22 1	23 1	24 1	25 1	28 1	29 1	30 1	31 1	32 1	33 1	34 1	35 1	36 1	38 1	39 1	41 1	42 1	43 1	45 1	46 1	47 1	48 1	49 1	53 1	54 1	56 1	60 1	64 1	65 1	67 1	68 1	69 1	71 1	72 1	74 1	75 1	79 1	80 1	84 1	89 1	93 1	95 1	96 1	98 1	101 1	105 1	108 1	109 1	114 1	116 1	121 1	122 1	124 1	127 1	131 1	133 1	134 1	135 1	142 1	143 1	0 0	0 0	0 0	0 0	0 0	0 0	0 0	0 0	0 0	0 0	0 0	0 0	0 0	0 0	0 0	0 0	0 0	0 0	0 0	0 0	0 0	
4 1	6 1	7 1	8 1	10 1	13 1	15 1	16 1	17 1	19 1	20 1	22 1	23 1	24 1	25 1	27 1	31 1	32 1	36 1	38 1	40 1	46 1	47 1	49 1	52 1	55 1	57 1	59 1	60 1	65 1	66 1	70 1	75 1	76 1	77 1	78 1	82 1	84 1	93 1	94 1	95 1	96 1	98 1	99 1	101 1	104 1	105 1	106 1	108 1	110 1	111 1	114 1	115 1	116 1	117 1	119 1	120 1	127 1	128 1	129 1	130 1	131 1	132 1	134 1	136 1	140 1	141 1	142 1	143 1	144 1	0 0	0 0	0 0	0 0	0 0	0 0	0 0	0 0	0 0	0 0	0 0	0 0	0 0	0 0	0 0	0 0	0 0	0 0	0 0	
1 1	5 1	7 1	12 1	16 1	17 1	18 1	20 1	21 1	22 1	23 1	24 1	25 1	31 1	32 1	34 1	38 1	39 1	40 1	42 1	43 1	45 1	46 1	49 1	50 1	51 1	52 1	54 1	56 1	57 1	58 1	62 1	64 1	65 1	66 1	67 1	71 1	72 1	73 1	74 1	75 1	76 1	79 1	80 1	83 1	84 1	85 1	86 1	89 1	91 1	92 1	98 1	99 1	101 1	104 1	107 1	108 1	109 1	110 1	112 1	113 1	114 1	116 1	117 1	118 1	119 1	120 1	121 1	122 1	123 1	124 1	126 1	127 1	128 1	129 1	130 1	131 1	132 1	134 1	138 1	139 1	141 1	143 1	144 1	0 0	0 0	0 0	0 0	0 0	
1 1	6 1	7 1	9 1	10 1	13 1	14 1	16 1	20 1	22 1	24 1	30 1	34 1	36 1	39 1	41 1	42 1	43 1	44 1	45 1	47 1	48 1	55 1	60 1	61 1	65 1	66 1	67 1	68 1	69 1	72 1	73 1	74 1	76 1	77 1	79 1	81 1	82 1	84 1	86 1	87 1	91 1	94 1	95 1	96 1	97 1	100 1	101 1	104 1	106 1	111 1	112 1	116 1	118 1	122 1	126 1	128 1	129 1	130 1	131 1	133 1	138 1	139 1	141 1	144 1	0 0	0 0	0 0	0 0	0 0	0 0	0 0	0 0	0 0	0 0	0 0	0 0	0 0	0 0	0 0	0 0	0 0	0 0	0 0	0 0	0 0	0 0	0 0	0 0	
2 1	3 1	5 1	7 1	10 1	12 1	13 1	14 1	15 1	17 1	18 1	19 1	21 1	24 1	25 1	26 1	27 1	29 1	30 1	31 1	32 1	34 1	37 1	40 1	41 1	44 1	45 1	47 1	53 1	54 1	64 1	68 1	70 1	73 1	74 1	79 1	81 1	83 1	85 1	86 1	88 1	90 1	94 1	95 1	96 1	97 1	98 1	99 1	107 1	108 1	109 1	111 1	112 1	113 1	114 1	116 1	117 1	118 1	120 1	123 1	124 1	126 1	130 1	133 1	134 1	137 1	143 1	0 0	0 0	0 0	0 0	0 0	0 0	0 0	0 0	0 0	0 0	0 0	0 0	0 0	0 0	0 0	0 0	0 0	0 0	0 0	0 0	0 0	0 0	
3 1	5 1	6 1	7 1	10 1	11 1	12 1	13 1	14 1	16 1	18 1	20 1	22 1	25 1	26 1	27 1	29 1	30 1	31 1	32 1	35 1	36 1	37 1	39 1	40 1	41 1	42 1	43 1	44 1	46 1	50 1	52 1	55 1	58 1	59 1	60 1	63 1	64 1	65 1	66 1	69 1	71 1	72 1	74 1	75 1	80 1	81 1	83 1	84 1	86 1	88 1	89 1	90 1	94 1	100 1	102 1	104 1	109 1	110 1	111 1	112 1	113 1	114 1	115 1	117 1	121 1	122 1	123 1	124 1	128 1	130 1	131 1	134 1	135 1	136 1	138 1	139 1	142 1	143 1	0 0	0 0	0 0	0 0	0 0	0 0	0 0	0 0	0 0	0 0	
2 1	3 1	5 1	6 1	7 1	10 1	14 1	15 1	16 1	20 1	24 1	26 1	28 1	29 1	31 1	32 1	36 1	37 1	38 1	39 1	40 1	41 1	45 1	47 1	49 1	51 1	56 1	57 1	58 1	59 1	61 1	64 1	67 1	69 1	70 1	71 1	79 1	80 1	83 1	86 1	87 1	88 1	89 1	92 1	93 1	99 1	102 1	103 1	105 1	107 1	108 1	109 1	111 1	112 1	113 1	125 1	130 1	132 1	135 1	136 1	137 1	138 1	140 1	143 1	0 0	0 0	0 0	0 0	0 0	0 0	0 0	0 0	0 0	0 0	0 0	0 0	0 0	0 0	0 0	0 0	0 0	0 0	0 0	0 0	0 0	0 0	0 0	0 0	0 0	
1 1	3 1	5 1	8 1	9 1	11 1	15 1	16 1	19 1	21 1	24 1	25 1	27 1	30 1	32 1	33 1	36 1	38 1	39 1	40 1	41 1	42 1	43 1	44 1	45 1	46 1	47 1	51 1	52 1	54 1	56 1	57 1	58 1	59 1	64 1	65 1	67 1	69 1	70 1	72 1	74 1	77 1	78 1	80 1	81 1	84 1	87 1	88 1	90 1	91 1	93 1	94 1	95 1	97 1	98 1	101 1	103 1	106 1	109 1	110 1	114 1	115 1	116 1	120 1	125 1	127 1	130 1	131 1	132 1	134 1	136 1	137 1	139 1	140 1	0 0	0 0	0 0	0 0	0 0	0 0	0 0	0 0	0 0	0 0	0 0	0 0	0 0	0 0	0 0	
2 1	3 1	7 1	8 1	9 1	10 1	11 1	15 1	16 1	17 1	21 1	25 1	28 1	30 1	32 1	34 1	39 1	40 1	43 1	44 1	48 1	49 1	51 1	60 1	63 1	64 1	65 1	66 1	67 1	70 1	71 1	73 1	75 1	76 1	79 1	82 1	83 1	85 1	86 1	87 1	90 1	91 1	92 1	94 1	96 1	98 1	100 1	101 1	102 1	103 1	104 1	105 1	109 1	111 1	114 1	115 1	116 1	117 1	118 1	119 1	122 1	124 1	125 1	127 1	128 1	129 1	131 1	133 1	134 1	136 1	137 1	139 1	143 1	0 0	0 0	0 0	0 0	0 0	0 0	0 0	0 0	0 0	0 0	0 0	0 0	0 0	0 0	0 0	0 0	
1 1	2 1	7 1	8 1	11 1	12 1	13 1	14 1	16 1	17 1	19 1	20 1	22 1	25 1	26 1	27 1	28 1	30 1	31 1	34 1	36 1	39 1	42 1	48 1	49 1	57 1	58 1	62 1	64 1	65 1	70 1	71 1	76 1	78 1	85 1	87 1	88 1	89 1	90 1	92 1	97 1	99 1	109 1	110 1	114 1	115 1	119 1	120 1	121 1	123 1	124 1	126 1	127 1	130 1	131 1	132 1	135 1	136 1	137 1	138 1	139 1	141 1	0 0	0 0	0 0	0 0	0 0	0 0	0 0	0 0	0 0	0 0	0 0	0 0	0 0	0 0	0 0	0 0	0 0	0 0	0 0	0 0	0 0	0 0	0 0	0 0	0 0	0 0	0 0	
3 1	4 1	7 1	8 1	13 1	14 1	17 1	18 1	21 1	25 1	28 1	31 1	32 1	33 1	34 1	35 1	37 1	38 1	39 1	40 1	41 1	45 1	46 1	49 1	50 1	52 1	53 1	58 1	59 1	60 1	61 1	62 1	64 1	66 1	69 1	72 1	73 1	74 1	76 1	78 1	79 1	81 1	84 1	86 1	87 1	88 1	91 1	92 1	93 1	94 1	96 1	97 1	98 1	102 1	103 1	104 1	105 1	107 1	108 1	109 1	111 1	112 1	115 1	117 1	119 1	122 1	124 1	125 1	127 1	128 1	129 1	130 1	133 1	134 1	136 1	138 1	141 1	142 1	0 0	0 0	0 0	0 0	0 0	0 0	0 0	0 0	0 0	0 0	0 0	
3 1	4 1	5 1	9 1	14 1	15 1	16 1	17 1	19 1	21 1	23 1	26 1	27 1	28 1	32 1	34 1	42 1	43 1	44 1	46 1	48 1	52 1	53 1	58 1	59 1	62 1	64 1	65 1	67 1	69 1	71 1	75 1	76 1	78 1	79 1	80 1	81 1	82 1	86 1	88 1	89 1	90 1	92 1	93 1	94 1	95 1	96 1	97 1	103 1	104 1	107 1	109 1	110 1	111 1	114 1	116 1	120 1	121 1	129 1	130 1	133 1	136 1	140 1	143 1	144 1	0 0	0 0	0 0	0 0	0 0	0 0	0 0	0 0	0 0	0 0	0 0	0 0	0 0	0 0	0 0	0 0	0 0	0 0	0 0	0 0	0 0	0 0	0 0	0 0	
1 1	2 1	3 1	4 1	5 1	7 1	8 1	9 1	11 1	12 1	14 1	15 1	16 1	19 1	22 1	25 1	26 1	28 1	30 1	32 1	33 1	34 1	35 1	38 1	39 1	40 1	43 1	44 1	45 1	46 1	48 1	49 1	50 1	56 1	57 1	59 1	60 1	61 1	65 1	67 1	68 1	69 1	71 1	73 1	74 1	77 1	79 1	80 1	84 1	85 1	86 1	90 1	92 1	93 1	94 1	95 1	96 1	99 1	100 1	103 1	104 1	105 1	106 1	108 1	110 1	114 1	117 1	121 1	122 1	124 1	127 1	128 1	129 1	130 1	131 1	133 1	135 1	138 1	141 1	0 0	0 0	0 0	0 0	0 0	0 0	0 0	0 0	0 0	0 0	
3 1	5 1	6 1	7 1	8 1	9 1	12 1	13 1	15 1	17 1	18 1	19 1	20 1	21 1	22 1	25 1	28 1	30 1	31 1	32 1	33 1	37 1	38 1	39 1	40 1	44 1	46 1	47 1	48 1	54 1	55 1	58 1	61 1	62 1	67 1	71 1	75 1	76 1	77 1	82 1	84 1	86 1	87 1	88 1	89 1	90 1	94 1	96 1	98 1	100 1	105 1	106 1	108 1	109 1	117 1	118 1	119 1	120 1	122 1	123 1	125 1	134 1	138 1	139 1	140 1	142 1	143 1	144 1	0 0	0 0	0 0	0 0	0 0	0 0	0 0	0 0	0 0	0 0	0 0	0 0	0 0	0 0	0 0	0 0	0 0	0 0	0 0	0 0	0 0	
1 1	4 1	6 1	9 1	11 1	12 1	14 1	15 1	16 1	21 1	24 1	26 1	27 1	31 1	32 1	37 1	38 1	39 1	41 1	42 1	43 1	44 1	46 1	48 1	50 1	51 1	52 1	53 1	58 1	59 1	61 1	64 1	66 1	69 1	74 1	76 1	78 1	79 1	80 1	82 1	83 1	84 1	88 1	90 1	92 1	93 1	94 1	99 1	101 1	104 1	106 1	108 1	111 1	112 1	113 1	116 1	119 1	121 1	123 1	126 1	127 1	128 1	129 1	130 1	142 1	144 1	0 0	0 0	0 0	0 0	0 0	0 0	0 0	0 0	0 0	0 0	0 0	0 0	0 0	0 0	0 0	0 0	0 0	0 0	0 0	0 0	0 0	0 0	0 0	
3 1	4 1	6 1	8 1	9 1	10 1	11 1	16 1	17 1	20 1	23 1	24 1	25 1	26 1	27 1	28 1	29 1	30 1	31 1	35 1	36 1	37 1	42 1	43 1	45 1	48 1	51 1	52 1	53 1	54 1	55 1	57 1	60 1	61 1	65 1	66 1	67 1	68 1	69 1	71 1	72 1	73 1	74 1	75 1	76 1	77 1	79 1	80 1	81 1	82 1	84 1	88 1	92 1	93 1	94 1	96 1	100 1	101 1	102 1	105 1	108 1	110 1	111 1	112 1	117 1	118 1	119 1	126 1	131 1	133 1	134 1	136 1	138 1	139 1	140 1	142 1	143 1	0 0	0 0	0 0	0 0	0 0	0 0	0 0	0 0	0 0	0 0	0 0	0 0	
3 1	4 1	6 1	7 1	8 1	9 1	10 1	12 1	15 1	17 1	19 1	20 1	21 1	22 1	23 1	24 1	25 1	27 1	28 1	32 1	33 1	34 1	36 1	38 1	39 1	40 1	41 1	42 1	46 1	47 1	48 1	54 1	56 1	57 1	58 1	59 1	60 1	61 1	62 1	63 1	64 1	65 1	66 1	67 1	68 1	69 1	77 1	78 1	79 1	80 1	82 1	84 1	87 1	92 1	94 1	95 1	97 1	99 1	103 1	105 1	117 1	119 1	122 1	123 1	124 1	126 1	128 1	129 1	131 1	132 1	133 1	135 1	137 1	142 1	0 0	0 0	0 0	0 0	0 0	0 0	0 0	0 0	0 0	0 0	0 0	0 0	0 0	0 0	0 0	
1 1	2 1	4 1	7 1	8 1	10 1	11 1	12 1	16 1	17 1	18 1	23 1	24 1	25 1	26 1	27 1	28 1	30 1	31 1	32 1	34 1	35 1	37 1	38 1	39 1	42 1	43 1	44 1	45 1	46 1	50 1	51 1	52 1	53 1	54 1	56 1	57 1	61 1	63 1	68 1	70 1	71 1	74 1	75 1	76 1	79 1	82 1	83 1	86 1	87 1	88 1	89 1	91 1	93 1	94 1	95 1	100 1	103 1	108 1	109 1	110 1	113 1	114 1	115 1	116 1	121 1	124 1	126 1	129 1	130 1	131 1	134 1	137 1	140 1	141 1	143 1	0 0	0 0	0 0	0 0	0 0	0 0	0 0	0 0	0 0	0 0	0 0	0 0	0 0	
2 1	3 1	4 1	6 1	8 1	9 1	10 1	11 1	13 1	14 1	21 1	22 1	23 1	25 1	30 1	33 1	36 1	37 1	39 1	40 1	41 1	42 1	43 1	44 1	46 1	47 1	49 1	51 1	52 1	54 1	56 1	57 1	58 1	60 1	62 1	63 1	65 1	66 1	67 1	68 1	69 1	71 1	72 1	74 1	75 1	76 1	77 1	78 1	81 1	82 1	86 1	87 1	89 1	90 1	91 1	92 1	93 1	94 1	95 1	96 1	97 1	98 1	99 1	100 1	102 1	105 1	108 1	110 1	111 1	112 1	113 1	114 1	118 1	119 1	121 1	123 1	124 1	126 1	128 1	129 1	130 1	131 1	134 1	135 1	137 1	139 1	140 1	141 1	143 1	
1 1	3 1	5 1	6 1	9 1	10 1	12 1	14 1	16 1	19 1	26 1	28 1	31 1	33 1	35 1	37 1	38 1	39 1	40 1	43 1	47 1	51 1	52 1	56 1	59 1	64 1	65 1	66 1	67 1	70 1	71 1	72 1	73 1	75 1	76 1	77 1	79 1	80 1	81 1	83 1	84 1	85 1	88 1	90 1	91 1	92 1	94 1	95 1	101 1	102 1	103 1	104 1	105 1	110 1	114 1	116 1	118 1	120 1	122 1	123 1	125 1	126 1	127 1	130 1	131 1	134 1	135 1	137 1	138 1	139 1	141 1	142 1	0 0	0 0	0 0	0 0	0 0	0 0	0 0	0 0	0 0	0 0	0 0	0 0	0 0	0 0	0 0	0 0	0 0	
2 1	7 1	8 1	9 1	10 1	13 1	14 1	16 1	17 1	19 1	20 1	21 1	22 1	25 1	27 1	31 1	32 1	33 1	38 1	39 1	40 1	42 1	43 1	46 1	48 1	50 1	51 1	58 1	59 1	60 1	61 1	64 1	65 1	66 1	71 1	72 1	76 1	77 1	78 1	79 1	80 1	81 1	82 1	86 1	87 1	89 1	90 1	92 1	93 1	94 1	95 1	99 1	101 1	102 1	103 1	106 1	107 1	111 1	112 1	113 1	114 1	115 1	116 1	118 1	122 1	125 1	129 1	132 1	134 1	137 1	139 1	141 1	143 1	144 1	0 0	0 0	0 0	0 0	0 0	0 0	0 0	0 0	0 0	0 0	0 0	0 0	0 0	0 0	0 0	
1 1	3 1	4 1	6 1	10 1	11 1	13 1	15 1	17 1	21 1	22 1	23 1	25 1	26 1	28 1	29 1	30 1	35 1	36 1	37 1	38 1	39 1	40 1	42 1	47 1	49 1	51 1	52 1	53 1	54 1	55 1	56 1	64 1	66 1	69 1	72 1	74 1	76 1	77 1	78 1	79 1	80 1	83 1	84 1	86 1	87 1	88 1	89 1	90 1	92 1	94 1	95 1	96 1	98 1	102 1	104 1	105 1	106 1	107 1	109 1	115 1	118 1	119 1	120 1	122 1	123 1	124 1	127 1	128 1	131 1	136 1	137 1	138 1	139 1	142 1	144 1	0 0	0 0	0 0	0 0	0 0	0 0	0 0	0 0	0 0	0 0	0 0	0 0	0 0	
4 1	5 1	9 1	10 1	12 1	13 1	14 1	16 1	17 1	18 1	20 1	26 1	27 1	29 1	32 1	33 1	34 1	35 1	38 1	39 1	41 1	42 1	43 1	45 1	46 1	47 1	49 1	50 1	51 1	58 1	62 1	63 1	64 1	65 1	67 1	68 1	70 1	71 1	72 1	74 1	75 1	77 1	79 1	80 1	81 1	82 1	83 1	84 1	86 1	87 1	90 1	94 1	101 1	102 1	107 1	108 1	112 1	113 1	116 1	117 1	118 1	119 1	120 1	121 1	122 1	123 1	124 1	125 1	127 1	128 1	130 1	132 1	133 1	136 1	140 1	143 1	144 1	0 0	0 0	0 0	0 0	0 0	0 0	0 0	0 0	0 0	0 0	0 0	0 0	
6 1	10 1	11 1	12 1	17 1	18 1	20 1	21 1	22 1	23 1	27 1	34 1	37 1	39 1	40 1	42 1	43 1	46 1	47 1	48 1	50 1	51 1	52 1	54 1	56 1	57 1	58 1	60 1	61 1	62 1	63 1	68 1	69 1	71 1	74 1	76 1	77 1	83 1	86 1	87 1	90 1	91 1	92 1	94 1	102 1	104 1	106 1	107 1	109 1	110 1	111 1	113 1	115 1	117 1	118 1	120 1	121 1	122 1	124 1	125 1	131 1	132 1	133 1	134 1	137 1	138 1	139 1	140 1	141 1	142 1	143 1	144 1	0 0	0 0	0 0	0 0	0 0	0 0	0 0	0 0	0 0	0 0	0 0	0 0	0 0	0 0	0 0	0 0	0 0	
4 1	8 1	9 1	11 1	15 1	16 1	18 1	20 1	25 1	26 1	27 1	28 1	29 1	31 1	34 1	37 1	39 1	40 1	43 1	46 1	47 1	49 1	53 1	57 1	60 1	61 1	62 1	64 1	65 1	66 1	67 1	68 1	69 1	71 1	72 1	74 1	75 1	77 1	79 1	81 1	84 1	87 1	89 1	91 1	92 1	94 1	95 1	96 1	97 1	99 1	104 1	107 1	109 1	111 1	114 1	117 1	118 1	119 1	123 1	124 1	131 1	132 1	133 1	134 1	136 1	141 1	144 1	0 0	0 0	0 0	0 0	0 0	0 0	0 0	0 0	0 0	0 0	0 0	0 0	0 0	0 0	0 0	0 0	0 0	0 0	0 0	0 0	0 0	0 0	
5 1	7 1	11 1	13 1	14 1	15 1	16 1	19 1	21 1	22 1	25 1	27 1	28 1	29 1	31 1	32 1	33 1	36 1	40 1	43 1	45 1	49 1	51 1	52 1	53 1	55 1	56 1	57 1	59 1	60 1	61 1	62 1	63 1	68 1	69 1	73 1	74 1	75 1	80 1	81 1	82 1	83 1	85 1	86 1	88 1	91 1	104 1	106 1	109 1	110 1	113 1	118 1	120 1	123 1	124 1	125 1	126 1	127 1	129 1	131 1	134 1	137 1	138 1	141 1	142 1	0 0	0 0	0 0	0 0	0 0	0 0	0 0	0 0	0 0	0 0	0 0	0 0	0 0	0 0	0 0	0 0	0 0	0 0	0 0	0 0	0 0	0 0	0 0	0 0	
2 1	3 1	4 1	5 1	8 1	9 1	10 1	11 1	12 1	14 1	17 1	18 1	20 1	21 1	22 1	23 1	25 1	26 1	27 1	29 1	30 1	31 1	34 1	36 1	37 1	39 1	41 1	43 1	44 1	45 1	47 1	48 1	52 1	54 1	55 1	63 1	65 1	66 1	67 1	68 1	69 1	74 1	75 1	80 1	81 1	83 1	85 1	86 1	87 1	88 1	89 1	90 1	95 1	97 1	101 1	103 1	107 1	108 1	109 1	111 1	114 1	120 1	122 1	124 1	126 1	129 1	130 1	131 1	132 1	133 1	134 1	136 1	137 1	142 1	144 1	0 0	0 0	0 0	0 0	0 0	0 0	0 0	0 0	0 0	0 0	0 0	0 0	0 0	0 0	
3 1	5 1	11 1	12 1	18 1	19 1	20 1	22 1	24 1	25 1	26 1	27 1	29 1	31 1	36 1	37 1	39 1	41 1	43 1	45 1	50 1	51 1	52 1	54 1	56 1	57 1	58 1	62 1	63 1	64 1	65 1	66 1	69 1	71 1	75 1	79 1	81 1	83 1	84 1	87 1	90 1	91 1	94 1	95 1	96 1	102 1	103 1	104 1	105 1	107 1	108 1	109 1	113 1	114 1	117 1	119 1	122 1	126 1	130 1	131 1	132 1	133 1	134 1	135 1	136 1	139 1	140 1	141 1	143 1	144 1	0 0	0 0	0 0	0 0	0 0	0 0	0 0	0 0	0 0	0 0	0 0	0 0	0 0	0 0	0 0	0 0	0 0	0 0	0 0	
2 1	3 1	4 1	5 1	6 1	9 1	11 1	12 1	14 1	15 1	16 1	18 1	22 1	28 1	32 1	34 1	39 1	40 1	44 1	45 1	46 1	47 1	50 1	53 1	54 1	55 1	57 1	59 1	61 1	62 1	68 1	72 1	74 1	75 1	76 1	78 1	80 1	82 1	84 1	85 1	86 1	87 1	91 1	92 1	93 1	94 1	95 1	100 1	101 1	105 1	107 1	110 1	111 1	114 1	115 1	116 1	117 1	118 1	122 1	124 1	125 1	129 1	133 1	135 1	137 1	139 1	140 1	141 1	143 1	144 1	0 0	0 0	0 0	0 0	0 0	0 0	0 0	0 0	0 0	0 0	0 0	0 0	0 0	0 0	0 0	0 0	0 0	0 0	0 0	
1 1	2 1	6 1	7 1	10 1	13 1	14 1	15 1	18 1	19 1	20 1	24 1	31 1	33 1	35 1	37 1	39 1	42 1	43 1	44 1	47 1	48 1	49 1	53 1	54 1	57 1	59 1	61 1	62 1	65 1	66 1	67 1	68 1	71 1	73 1	75 1	76 1	78 1	79 1	81 1	86 1	88 1	90 1	91 1	92 1	93 1	94 1	96 1	97 1	98 1	100 1	101 1	102 1	103 1	104 1	108 1	109 1	111 1	115 1	116 1	117 1	120 1	121 1	123 1	133 1	134 1	136 1	137 1	138 1	139 1	0 0	0 0	0 0	0 0	0 0	0 0	0 0	0 0	0 0	0 0	0 0	0 0	0 0	0 0	0 0	0 0	0 0	0 0	0 0	
3 1	5 1	7 1	11 1	13 1	14 1	16 1	20 1	21 1	31 1	32 1	36 1	37 1	38 1	43 1	44 1	45 1	47 1	50 1	52 1	55 1	56 1	57 1	58 1	61 1	63 1	64 1	68 1	69 1	70 1	78 1	79 1	80 1	81 1	83 1	84 1	88 1	89 1	91 1	94 1	96 1	97 1	100 1	102 1	103 1	105 1	108 1	109 1	110 1	113 1	114 1	115 1	118 1	120 1	121 1	123 1	124 1	126 1	130 1	131 1	135 1	136 1	138 1	143 1	0 0	0 0	0 0	0 0	0 0	0 0	0 0	0 0	0 0	0 0	0 0	0 0	0 0	0 0	0 0	0 0	0 0	0 0	0 0	0 0	0 0	0 0	0 0	0 0	0 0	
1 1	3 1	5 1	6 1	7 1	8 1	9 1	10 1	12 1	14 1	15 1	17 1	18 1	21 1	22 1	24 1	25 1	27 1	28 1	31 1	32 1	33 1	36 1	38 1	39 1	40 1	42 1	45 1	46 1	47 1	48 1	49 1	52 1	53 1	54 1	55 1	56 1	61 1	63 1	64 1	66 1	69 1	70 1	71 1	72 1	74 1	75 1	79 1	80 1	81 1	83 1	84 1	86 1	87 1	88 1	91 1	92 1	93 1	96 1	102 1	103 1	104 1	105 1	106 1	107 1	112 1	114 1	119 1	123 1	125 1	126 1	132 1	135 1	136 1	137 1	138 1	139 1	143 1	144 1	0 0	0 0	0 0	0 0	0 0	0 0	0 0	0 0	0 0	0 0	
1 1	6 1	8 1	9 1	10 1	11 1	12 1	13 1	15 1	16 1	18 1	19 1	21 1	23 1	25 1	26 1	27 1	30 1	32 1	37 1	40 1	42 1	43 1	45 1	49 1	52 1	53 1	54 1	57 1	59 1	61 1	65 1	66 1	68 1	71 1	72 1	73 1	74 1	75 1	78 1	81 1	82 1	84 1	93 1	94 1	95 1	96 1	98 1	99 1	103 1	104 1	106 1	107 1	108 1	111 1	112 1	113 1	115 1	120 1	122 1	123 1	125 1	127 1	133 1	138 1	139 1	0 0	0 0	0 0	0 0	0 0	0 0	0 0	0 0	0 0	0 0	0 0	0 0	0 0	0 0	0 0	0 0	0 0	0 0	0 0	0 0	0 0	0 0	0 0	
1 1	2 1	3 1	5 1	9 1	10 1	11 1	12 1	13 1	14 1	15 1	16 1	18 1	20 1	24 1	26 1	29 1	33 1	35 1	36 1	38 1	39 1	42 1	43 1	44 1	45 1	46 1	48 1	49 1	55 1	63 1	64 1	66 1	68 1	71 1	73 1	74 1	76 1	77 1	78 1	80 1	84 1	85 1	89 1	90 1	92 1	93 1	94 1	97 1	98 1	100 1	101 1	102 1	104 1	106 1	107 1	109 1	110 1	112 1	113 1	114 1	118 1	123 1	125 1	126 1	127 1	128 1	132 1	133 1	135 1	139 1	140 1	142 1	143 1	144 1	0 0	0 0	0 0	0 0	0 0	0 0	0 0	0 0	0 0	0 0	0 0	0 0	0 0	0 0	
1 1	3 1	7 1	9 1	10 1	11 1	14 1	17 1	18 1	19 1	30 1	31 1	38 1	39 1	41 1	44 1	47 1	52 1	57 1	58 1	61 1	63 1	64 1	65 1	70 1	73 1	77 1	79 1	80 1	81 1	83 1	84 1	85 1	86 1	89 1	92 1	93 1	95 1	96 1	99 1	100 1	101 1	102 1	103 1	104 1	110 1	111 1	112 1	114 1	116 1	120 1	121 1	122 1	124 1	125 1	127 1	128 1	129 1	130 1	131 1	132 1	135 1	137 1	138 1	139 1	141 1	143 1	0 0	0 0	0 0	0 0	0 0	0 0	0 0	0 0	0 0	0 0	0 0	0 0	0 0	0 0	0 0	0 0	0 0	0 0	0 0	0 0	0 0	0 0	
2 1	3 1	6 1	7 1	8 1	9 1	10 1	11 1	12 1	15 1	16 1	18 1	23 1	24 1	25 1	26 1	27 1	30 1	31 1	36 1	37 1	39 1	40 1	41 1	42 1	43 1	45 1	46 1	48 1	49 1	50 1	51 1	52 1	54 1	55 1	59 1	60 1	62 1	65 1	67 1	68 1	69 1	71 1	72 1	73 1	75 1	76 1	77 1	78 1	79 1	81 1	82 1	83 1	84 1	86 1	88 1	89 1	92 1	93 1	95 1	96 1	97 1	98 1	99 1	104 1	105 1	106 1	109 1	111 1	115 1	116 1	117 1	119 1	122 1	126 1	128 1	131 1	132 1	135 1	138 1	139 1	140 1	142 1	144 1	0 0	0 0	0 0	0 0	0 0	
1 1	3 1	4 1	6 1	8 1	9 1	10 1	12 1	14 1	15 1	17 1	19 1	21 1	22 1	23 1	26 1	30 1	32 1	33 1	36 1	37 1	38 1	40 1	41 1	42 1	43 1	44 1	45 1	46 1	47 1	49 1	50 1	51 1	52 1	54 1	56 1	63 1	64 1	66 1	67 1	68 1	69 1	70 1	75 1	77 1	78 1	79 1	80 1	83 1	84 1	86 1	88 1	90 1	92 1	93 1	95 1	97 1	98 1	99 1	101 1	102 1	103 1	105 1	106 1	107 1	108 1	109 1	110 1	111 1	112 1	113 1	114 1	117 1	118 1	121 1	123 1	124 1	125 1	127 1	129 1	130 1	134 1	135 1	142 1	143 1	0 0	0 0	0 0	0 0	
5 1	6 1	8 1	9 1	16 1	17 1	18 1	20 1	23 1	24 1	25 1	27 1	30 1	31 1	32 1	33 1	34 1	36 1	37 1	38 1	43 1	44 1	46 1	47 1	49 1	51 1	52 1	53 1	54 1	55 1	56 1	57 1	58 1	61 1	62 1	67 1	68 1	69 1	70 1	71 1	73 1	76 1	77 1	78 1	80 1	82 1	83 1	84 1	90 1	92 1	94 1	95 1	96 1	97 1	98 1	99 1	102 1	104 1	105 1	106 1	107 1	108 1	110 1	113 1	114 1	115 1	117 1	118 1	119 1	120 1	121 1	124 1	126 1	127 1	131 1	133 1	134 1	135 1	136 1	137 1	142 1	144 1	0 0	0 0	0 0	0 0	0 0	0 0	0 0	
2 1	3 1	6 1	7 1	9 1	12 1	14 1	16 1	17 1	18 1	19 1	20 1	22 1	23 1	26 1	27 1	30 1	33 1	34 1	36 1	41 1	43 1	45 1	46 1	47 1	49 1	50 1	55 1	56 1	57 1	58 1	59 1	60 1	62 1	64 1	69 1	72 1	75 1	78 1	79 1	80 1	83 1	86 1	87 1	90 1	92 1	94 1	95 1	96 1	99 1	103 1	104 1	108 1	110 1	112 1	113 1	114 1	117 1	118 1	119 1	122 1	125 1	126 1	127 1	128 1	129 1	130 1	131 1	132 1	134 1	138 1	142 1	143 1	0 0	0 0	0 0	0 0	0 0	0 0	0 0	0 0	0 0	0 0	0 0	0 0	0 0	0 0	0 0	0 0	
3 1	4 1	5 1	7 1	8 1	9 1	10 1	11 1	12 1	13 1	14 1	17 1	18 1	22 1	23 1	24 1	26 1	30 1	33 1	36 1	37 1	39 1	43 1	44 1	47 1	48 1	52 1	55 1	56 1	57 1	58 1	59 1	60 1	61 1	62 1	63 1	65 1	66 1	67 1	68 1	70 1	73 1	74 1	75 1	76 1	77 1	78 1	80 1	84 1	86 1	87 1	89 1	91 1	95 1	96 1	97 1	99 1	101 1	102 1	103 1	106 1	107 1	108 1	110 1	111 1	119 1	120 1	122 1	127 1	128 1	130 1	132 1	135 1	136 1	138 1	139 1	140 1	0 0	0 0	0 0	0 0	0 0	0 0	0 0	0 0	0 0	0 0	0 0	0 0	
3 1	5 1	14 1	15 1	18 1	19 1	20 1	21 1	22 1	23 1	27 1	28 1	29 1	32 1	33 1	36 1	38 1	41 1	42 1	43 1	44 1	45 1	46 1	47 1	50 1	54 1	58 1	59 1	63 1	64 1	65 1	67 1	68 1	69 1	78 1	79 1	80 1	82 1	83 1	87 1	89 1	91 1	93 1	98 1	101 1	107 1	108 1	111 1	112 1	116 1	125 1	127 1	130 1	132 1	133 1	135 1	136 1	139 1	142 1	144 1	0 0	0 0	0 0	0 0	0 0	0 0	0 0	0 0	0 0	0 0	0 0	0 0	0 0	0 0	0 0	0 0	0 0	0 0	0 0	0 0	0 0	0 0	0 0	0 0	0 0	0 0	0 0	0 0	0 0	
1 1	4 1	5 1	8 1	12 1	14 1	18 1	24 1	27 1	30 1	33 1	34 1	35 1	37 1	38 1	41 1	43 1	46 1	47 1	51 1	52 1	53 1	55 1	56 1	59 1	61 1	63 1	66 1	67 1	68 1	69 1	70 1	73 1	74 1	75 1	76 1	78 1	79 1	80 1	81 1	83 1	84 1	85 1	87 1	91 1	92 1	93 1	94 1	97 1	99 1	103 1	105 1	106 1	107 1	108 1	110 1	112 1	114 1	116 1	117 1	118 1	121 1	123 1	124 1	127 1	128 1	129 1	133 1	135 1	136 1	138 1	142 1	143 1	144 1	0 0	0 0	0 0	0 0	0 0	0 0	0 0	0 0	0 0	0 0	0 0	0 0	0 0	0 0	0 0	
1 1	3 1	4 1	5 1	8 1	13 1	14 1	16 1	17 1	18 1	19 1	20 1	22 1	25 1	26 1	28 1	30 1	36 1	38 1	39 1	47 1	51 1	52 1	56 1	59 1	62 1	64 1	66 1	67 1	68 1	69 1	71 1	74 1	77 1	79 1	80 1	81 1	82 1	83 1	89 1	92 1	93 1	94 1	95 1	96 1	100 1	102 1	104 1	108 1	109 1	110 1	111 1	112 1	116 1	117 1	118 1	121 1	122 1	124 1	127 1	130 1	131 1	132 1	133 1	135 1	137 1	138 1	140 1	141 1	142 1	143 1	144 1	0 0	0 0	0 0	0 0	0 0	0 0	0 0	0 0	0 0	0 0	0 0	0 0	0 0	0 0	0 0	0 0	0 0	
1 1	6 1	8 1	9 1	11 1	12 1	13 1	15 1	16 1	17 1	18 1	19 1	20 1	23 1	24 1	29 1	30 1	31 1	32 1	33 1	37 1	38 1	40 1	42 1	43 1	45 1	48 1	49 1	50 1	51 1	52 1	55 1	57 1	58 1	60 1	62 1	65 1	66 1	68 1	69 1	70 1	74 1	76 1	77 1	79 1	80 1	82 1	86 1	89 1	95 1	96 1	98 1	99 1	103 1	104 1	105 1	106 1	108 1	109 1	112 1	115 1	116 1	118 1	119 1	122 1	125 1	127 1	128 1	130 1	131 1	134 1	135 1	141 1	142 1	144 1	0 0	0 0	0 0	0 0	0 0	0 0	0 0	0 0	0 0	0 0	0 0	0 0	0 0	0 0	
2 1	3 1	4 1	5 1	7 1	9 1	11 1	14 1	17 1	19 1	21 1	23 1	25 1	26 1	31 1	33 1	34 1	36 1	39 1	40 1	42 1	43 1	46 1	50 1	53 1	54 1	59 1	64 1	65 1	66 1	67 1	70 1	71 1	74 1	75 1	76 1	78 1	81 1	82 1	84 1	85 1	86 1	87 1	88 1	90 1	92 1	94 1	95 1	97 1	98 1	99 1	100 1	103 1	109 1	110 1	114 1	115 1	116 1	118 1	120 1	121 1	122 1	123 1	125 1	128 1	129 1	131 1	133 1	134 1	135 1	139 1	142 1	143 1	0 0	0 0	0 0	0 0	0 0	0 0	0 0	0 0	0 0	0 0	0 0	0 0	0 0	0 0	0 0	0 0	
2 1	4 1	6 1	9 1	12 1	16 1	22 1	23 1	24 1	25 1	26 1	27 1	28 1	31 1	32 1	34 1	36 1	37 1	39 1	40 1	43 1	44 1	45 1	46 1	48 1	51 1	52 1	56 1	57 1	58 1	59 1	60 1	62 1	63 1	66 1	68 1	70 1	72 1	73 1	76 1	77 1	78 1	79 1	80 1	83 1	87 1	91 1	92 1	94 1	96 1	98 1	99 1	100 1	101 1	102 1	105 1	106 1	107 1	108 1	109 1	111 1	112 1	113 1	115 1	117 1	122 1	124 1	125 1	126 1	130 1	131 1	132 1	133 1	134 1	135 1	136 1	139 1	140 1	142 1	144 1	0 0	0 0	0 0	0 0	0 0	0 0	0 0	0 0	0 0	
1 1	3 1	9 1	10 1	11 1	13 1	14 1	16 1	19 1	20 1	23 1	24 1	25 1	26 1	27 1	28 1	29 1	30 1	31 1	32 1	35 1	38 1	40 1	43 1	48 1	49 1	50 1	51 1	52 1	53 1	56 1	57 1	59 1	61 1	62 1	64 1	67 1	68 1	69 1	70 1	72 1	73 1	74 1	75 1	76 1	80 1	81 1	86 1	87 1	88 1	91 1	93 1	94 1	95 1	100 1	102 1	105 1	106 1	107 1	108 1	109 1	112 1	114 1	115 1	116 1	120 1	121 1	122 1	124 1	125 1	128 1	129 1	130 1	132 1	133 1	135 1	136 1	139 1	141 1	142 1	143 1	0 0	0 0	0 0	0 0	0 0	0 0	0 0	0 0	
1 1	5 1	7 1	8 1	12 1	14 1	16 1	17 1	18 1	21 1	24 1	28 1	32 1	33 1	34 1	39 1	42 1	46 1	47 1	48 1	49 1	54 1	56 1	57 1	65 1	67 1	69 1	71 1	72 1	77 1	78 1	79 1	81 1	82 1	83 1	87 1	88 1	90 1	96 1	99 1	100 1	104 1	105 1	107 1	110 1	111 1	113 1	115 1	118 1	120 1	123 1	125 1	127 1	128 1	129 1	132 1	133 1	137 1	139 1	140 1	141 1	0 0	0 0	0 0	0 0	0 0	0 0	0 0	0 0	0 0	0 0	0 0	0 0	0 0	0 0	0 0	0 0	0 0	0 0	0 0	0 0	0 0	0 0	0 0	0 0	0 0	0 0	0 0	0 0	
2 1	3 1	4 1	5 1	6 1	8 1	10 1	12 1	15 1	16 1	17 1	18 1	21 1	22 1	23 1	24 1	26 1	27 1	28 1	29 1	30 1	32 1	34 1	35 1	37 1	39 1	40 1	41 1	42 1	43 1	44 1	55 1	57 1	58 1	59 1	62 1	64 1	66 1	68 1	69 1	73 1	74 1	75 1	77 1	78 1	79 1	80 1	82 1	83 1	85 1	87 1	91 1	93 1	94 1	95 1	97 1	98 1	101 1	106 1	108 1	111 1	112 1	113 1	114 1	115 1	116 1	117 1	118 1	119 1	120 1	121 1	124 1	126 1	127 1	128 1	130 1	131 1	132 1	133 1	136 1	137 1	138 1	139 1	140 1	141 1	144 1	0 0	0 0	0 0	
4 1	6 1	8 1	11 1	13 1	14 1	15 1	16 1	18 1	20 1	21 1	23 1	25 1	26 1	27 1	38 1	39 1	41 1	44 1	45 1	50 1	52 1	53 1	56 1	59 1	63 1	65 1	68 1	69 1	70 1	71 1	72 1	76 1	77 1	78 1	79 1	80 1	81 1	84 1	88 1	89 1	93 1	95 1	97 1	99 1	101 1	103 1	105 1	108 1	114 1	115 1	120 1	123 1	126 1	127 1	130 1	135 1	136 1	137 1	138 1	139 1	141 1	0 0	0 0	0 0	0 0	0 0	0 0	0 0	0 0	0 0	0 0	0 0	0 0	0 0	0 0	0 0	0 0	0 0	0 0	0 0	0 0	0 0	0 0	0 0	0 0	0 0	0 0	0 0	
1 1	2 1	5 1	6 1	9 1	13 1	14 1	16 1	18 1	19 1	21 1	23 1	24 1	27 1	28 1	31 1	32 1	33 1	42 1	43 1	44 1	45 1	50 1	51 1	54 1	57 1	62 1	63 1	65 1	66 1	67 1	68 1	71 1	73 1	75 1	76 1	80 1	81 1	84 1	93 1	96 1	97 1	98 1	99 1	100 1	103 1	104 1	106 1	107 1	115 1	116 1	117 1	121 1	122 1	124 1	125 1	129 1	130 1	132 1	133 1	135 1	136 1	137 1	139 1	144 1	0 0	0 0	0 0	0 0	0 0	0 0	0 0	0 0	0 0	0 0	0 0	0 0	0 0	0 0	0 0	0 0	0 0	0 0	0 0	0 0	0 0	0 0	0 0	0 0	
1 1	4 1	8 1	10 1	14 1	15 1	17 1	18 1	19 1	21 1	22 1	23 1	25 1	26 1	29 1	31 1	34 1	38 1	39 1	41 1	42 1	43 1	46 1	48 1	50 1	52 1	53 1	54 1	55 1	56 1	57 1	58 1	59 1	61 1	68 1	69 1	74 1	81 1	85 1	86 1	87 1	89 1	91 1	93 1	94 1	95 1	96 1	97 1	99 1	101 1	102 1	103 1	104 1	106 1	108 1	109 1	110 1	122 1	124 1	127 1	128 1	131 1	133 1	135 1	138 1	140 1	0 0	0 0	0 0	0 0	0 0	0 0	0 0	0 0	0 0	0 0	0 0	0 0	0 0	0 0	0 0	0 0	0 0	0 0	0 0	0 0	0 0	0 0	0 0	
1 1	4 1	6 1	7 1	10 1	15 1	16 1	18 1	21 1	26 1	27 1	28 1	40 1	41 1	43 1	48 1	54 1	55 1	60 1	63 1	64 1	66 1	68 1	69 1	70 1	71 1	73 1	74 1	76 1	77 1	78 1	79 1	80 1	82 1	88 1	89 1	90 1	91 1	97 1	100 1	101 1	103 1	106 1	108 1	109 1	112 1	114 1	117 1	118 1	119 1	121 1	123 1	124 1	128 1	129 1	130 1	131 1	132 1	133 1	136 1	139 1	141 1	0 0	0 0	0 0	0 0	0 0	0 0	0 0	0 0	0 0	0 0	0 0	0 0	0 0	0 0	0 0	0 0	0 0	0 0	0 0	0 0	0 0	0 0	0 0	0 0	0 0	0 0	0 0	
3 1	4 1	5 1	7 1	8 1	12 1	17 1	18 1	19 1	20 1	28 1	30 1	32 1	33 1	35 1	37 1	38 1	41 1	42 1	43 1	45 1	46 1	49 1	50 1	51 1	53 1	54 1	55 1	57 1	58 1	61 1	65 1	66 1	71 1	72 1	74 1	75 1	77 1	79 1	82 1	83 1	88 1	89 1	90 1	91 1	92 1	95 1	96 1	97 1	99 1	101 1	103 1	104 1	105 1	108 1	110 1	112 1	116 1	119 1	120 1	122 1	123 1	127 1	128 1	130 1	131 1	134 1	135 1	137 1	138 1	142 1	143 1	144 1	0 0	0 0	0 0	0 0	0 0	0 0	0 0	0 0	0 0	0 0	0 0	0 0	0 0	0 0	0 0	0 0	
1 1	4 1	6 1	7 1	10 1	12 1	13 1	14 1	17 1	19 1	20 1	22 1	24 1	25 1	28 1	29 1	30 1	31 1	32 1	36 1	42 1	44 1	45 1	46 1	48 1	53 1	56 1	59 1	61 1	62 1	65 1	67 1	69 1	71 1	72 1	74 1	76 1	78 1	79 1	80 1	82 1	86 1	87 1	88 1	89 1	93 1	95 1	100 1	101 1	103 1	104 1	105 1	107 1	108 1	111 1	112 1	117 1	118 1	119 1	120 1	122 1	127 1	129 1	132 1	133 1	134 1	136 1	138 1	139 1	141 1	144 1	0 0	0 0	0 0	0 0	0 0	0 0	0 0	0 0	0 0	0 0	0 0	0 0	0 0	0 0	0 0	0 0	0 0	0 0	
1 1	2 1	4 1	6 1	14 1	17 1	20 1	21 1	22 1	26 1	27 1	31 1	32 1	33 1	34 1	37 1	38 1	40 1	41 1	42 1	43 1	44 1	47 1	48 1	49 1	52 1	53 1	55 1	56 1	59 1	60 1	61 1	64 1	65 1	67 1	68 1	70 1	71 1	72 1	74 1	77 1	78 1	80 1	82 1	85 1	86 1	87 1	88 1	89 1	91 1	92 1	93 1	94 1	96 1	97 1	100 1	102 1	104 1	105 1	109 1	112 1	114 1	117 1	120 1	122 1	124 1	126 1	131 1	133 1	134 1	135 1	136 1	137 1	138 1	141 1	0 0	0 0	0 0	0 0	0 0	0 0	0 0	0 0	0 0	0 0	0 0	0 0	0 0	0 0	
1 1	2 1	4 1	5 1	7 1	8 1	9 1	12 1	13 1	14 1	17 1	19 1	21 1	22 1	23 1	25 1	28 1	29 1	31 1	33 1	34 1	35 1	38 1	41 1	42 1	44 1	45 1	46 1	48 1	49 1	53 1	54 1	55 1	56 1	60 1	63 1	64 1	70 1	72 1	76 1	77 1	78 1	82 1	84 1	85 1	86 1	87 1	88 1	89 1	92 1	93 1	97 1	98 1	99 1	103 1	104 1	106 1	109 1	110 1	111 1	116 1	120 1	123 1	124 1	129 1	134 1	135 1	136 1	139 1	140 1	141 1	142 1	144 1	0 0	0 0	0 0	0 0	0 0	0 0	0 0	0 0	0 0	0 0	0 0	0 0	0 0	0 0	0 0	0 0	
1 1	3 1	4 1	5 1	7 1	10 1	12 1	15 1	18 1	19 1	22 1	24 1	26 1	27 1	28 1	29 1	30 1	31 1	33 1	39 1	41 1	47 1	49 1	50 1	54 1	55 1	58 1	59 1	64 1	66 1	71 1	72 1	73 1	74 1	79 1	80 1	82 1	85 1	86 1	87 1	89 1	90 1	94 1	95 1	97 1	98 1	101 1	103 1	104 1	105 1	107 1	113 1	122 1	123 1	124 1	125 1	126 1	127 1	128 1	129 1	134 1	138 1	139 1	140 1	143 1	144 1	0 0	0 0	0 0	0 0	0 0	0 0	0 0	0 0	0 0	0 0	0 0	0 0	0 0	0 0	0 0	0 0	0 0	0 0	0 0	0 0	0 0	0 0	0 0	
1 1	3 1	4 1	5 1	8 1	9 1	11 1	17 1	19 1	21 1	22 1	23 1	27 1	28 1	29 1	32 1	33 1	34 1	35 1	38 1	42 1	45 1	47 1	48 1	49 1	51 1	53 1	55 1	60 1	62 1	68 1	70 1	71 1	72 1	73 1	75 1	78 1	80 1	83 1	84 1	85 1	88 1	90 1	93 1	95 1	96 1	99 1	100 1	101 1	102 1	104 1	106 1	107 1	109 1	118 1	119 1	123 1	125 1	127 1	128 1	130 1	132 1	134 1	136 1	137 1	140 1	141 1	142 1	0 0	0 0	0 0	0 0	0 0	0 0	0 0	0 0	0 0	0 0	0 0	0 0	0 0	0 0	0 0	0 0	0 0	0 0	0 0	0 0	0 0	
2 1	3 1	4 1	6 1	7 1	8 1	11 1	13 1	15 1	17 1	21 1	23 1	24 1	25 1	26 1	27 1	29 1	31 1	33 1	35 1	37 1	38 1	39 1	40 1	41 1	44 1	46 1	48 1	49 1	60 1	61 1	64 1	65 1	66 1	67 1	68 1	69 1	71 1	73 1	74 1	75 1	76 1	78 1	80 1	83 1	84 1	88 1	89 1	94 1	95 1	96 1	100 1	101 1	108 1	111 1	112 1	113 1	116 1	118 1	120 1	122 1	123 1	125 1	129 1	136 1	140 1	143 1	144 1	0 0	0 0	0 0	0 0	0 0	0 0	0 0	0 0	0 0	0 0	0 0	0 0	0 0	0 0	0 0	0 0	0 0	0 0	0 0	0 0	0 0	
5 1	6 1	7 1	9 1	12 1	13 1	14 1	15 1	16 1	17 1	18 1	19 1	20 1	21 1	22 1	24 1	27 1	29 1	31 1	36 1	37 1	40 1	42 1	44 1	45 1	46 1	49 1	51 1	52 1	53 1	54 1	55 1	59 1	60 1	62 1	65 1	69 1	71 1	72 1	75 1	77 1	79 1	80 1	81 1	82 1	83 1	84 1	85 1	87 1	88 1	91 1	92 1	93 1	97 1	100 1	103 1	107 1	108 1	109 1	111 1	115 1	116 1	117 1	121 1	122 1	123 1	126 1	127 1	128 1	129 1	130 1	131 1	132 1	134 1	135 1	137 1	140 1	0 0	0 0	0 0	0 0	0 0	0 0	0 0	0 0	0 0	0 0	0 0	0 0	
1 1	2 1	3 1	6 1	9 1	10 1	11 1	15 1	16 1	17 1	19 1	21 1	24 1	25 1	27 1	28 1	30 1	32 1	33 1	35 1	36 1	37 1	38 1	40 1	42 1	43 1	45 1	46 1	52 1	54 1	58 1	59 1	60 1	62 1	63 1	64 1	65 1	67 1	68 1	69 1	70 1	72 1	73 1	76 1	78 1	80 1	83 1	85 1	87 1	89 1	91 1	93 1	94 1	98 1	101 1	104 1	106 1	108 1	110 1	111 1	112 1	113 1	115 1	121 1	122 1	123 1	125 1	126 1	127 1	129 1	130 1	131 1	132 1	134 1	140 1	143 1	0 0	0 0	0 0	0 0	0 0	0 0	0 0	0 0	0 0	0 0	0 0	0 0	0 0	
1 1	5 1	7 1	9 1	10 1	11 1	13 1	14 1	15 1	16 1	19 1	24 1	29 1	33 1	39 1	40 1	45 1	46 1	47 1	49 1	51 1	52 1	53 1	54 1	55 1	56 1	59 1	61 1	62 1	66 1	70 1	73 1	75 1	77 1	79 1	84 1	86 1	87 1	90 1	92 1	94 1	97 1	98 1	100 1	103 1	108 1	110 1	111 1	112 1	115 1	117 1	118 1	122 1	123 1	125 1	126 1	127 1	128 1	132 1	133 1	134 1	136 1	138 1	140 1	141 1	0 0	0 0	0 0	0 0	0 0	0 0	0 0	0 0	0 0	0 0	0 0	0 0	0 0	0 0	0 0	0 0	0 0	0 0	0 0	0 0	0 0	0 0	0 0	0 0	
1 1	6 1	7 1	10 1	11 1	13 1	14 1	15 1	17 1	20 1	24 1	26 1	27 1	28 1	30 1	31 1	32 1	33 1	35 1	36 1	38 1	39 1	41 1	42 1	43 1	44 1	45 1	46 1	47 1	48 1	49 1	51 1	52 1	53 1	54 1	56 1	61 1	67 1	68 1	69 1	72 1	77 1	82 1	84 1	86 1	89 1	90 1	97 1	99 1	100 1	101 1	102 1	106 1	107 1	108 1	110 1	111 1	113 1	116 1	117 1	118 1	120 1	121 1	122 1	123 1	129 1	130 1	131 1	133 1	135 1	136 1	137 1	139 1	140 1	141 1	142 1	143 1	0 0	0 0	0 0	0 0	0 0	0 0	0 0	0 0	0 0	0 0	0 0	0 0	
2 1	3 1	4 1	5 1	7 1	8 1	10 1	15 1	19 1	22 1	23 1	24 1	30 1	31 1	32 1	33 1	34 1	36 1	38 1	40 1	41 1	42 1	47 1	49 1	51 1	52 1	54 1	58 1	60 1	61 1	62 1	64 1	66 1	67 1	68 1	74 1	75 1	76 1	78 1	81 1	82 1	83 1	84 1	89 1	91 1	94 1	96 1	98 1	99 1	101 1	102 1	103 1	105 1	106 1	108 1	109 1	111 1	114 1	115 1	116 1	119 1	121 1	123 1	127 1	128 1	133 1	134 1	138 1	140 1	141 1	143 1	0 0	0 0	0 0	0 0	0 0	0 0	0 0	0 0	0 0	0 0	0 0	0 0	0 0	0 0	0 0	0 0	0 0	0 0	
1 1	2 1	3 1	7 1	8 1	9 1	11 1	15 1	16 1	18 1	21 1	23 1	24 1	25 1	26 1	28 1	29 1	30 1	32 1	34 1	36 1	38 1	40 1	41 1	42 1	44 1	46 1	49 1	50 1	53 1	56 1	57 1	58 1	60 1	61 1	68 1	70 1	75 1	78 1	79 1	80 1	81 1	82 1	83 1	84 1	87 1	88 1	89 1	91 1	92 1	93 1	95 1	97 1	98 1	99 1	106 1	107 1	110 1	112 1	113 1	114 1	115 1	120 1	121 1	122 1	124 1	127 1	130 1	132 1	133 1	134 1	135 1	137 1	138 1	141 1	143 1	144 1	0 0	0 0	0 0	0 0	0 0	0 0	0 0	0 0	0 0	0 0	0 0	0 0	
1 1	4 1	5 1	6 1	7 1	8 1	9 1	14 1	16 1	17 1	19 1	20 1	22 1	24 1	25 1	26 1	27 1	28 1	31 1	36 1	37 1	43 1	44 1	46 1	47 1	54 1	57 1	62 1	63 1	64 1	67 1	70 1	71 1	74 1	75 1	76 1	77 1	79 1	80 1	82 1	89 1	93 1	96 1	97 1	98 1	100 1	101 1	111 1	112 1	115 1	116 1	117 1	119 1	120 1	121 1	124 1	128 1	130 1	137 1	139 1	140 1	141 1	142 1	0 0	0 0	0 0	0 0	0 0	0 0	0 0	0 0	0 0	0 0	0 0	0 0	0 0	0 0	0 0	0 0	0 0	0 0	0 0	0 0	0 0	0 0	0 0	0 0	0 0	0 0	
3 1	5 1	7 1	8 1	13 1	14 1	15 1	17 1	24 1	25 1	26 1	27 1	28 1	30 1	31 1	32 1	33 1	38 1	40 1	42 1	43 1	44 1	48 1	49 1	50 1	53 1	54 1	55 1	60 1	62 1	64 1	65 1	67 1	71 1	72 1	75 1	76 1	77 1	79 1	81 1	83 1	86 1	93 1	95 1	96 1	100 1	101 1	102 1	108 1	110 1	112 1	114 1	115 1	120 1	122 1	123 1	126 1	131 1	132 1	133 1	134 1	135 1	138 1	139 1	140 1	141 1	142 1	0 0	0 0	0 0	0 0	0 0	0 0	0 0	0 0	0 0	0 0	0 0	0 0	0 0	0 0	0 0	0 0	0 0	0 0	0 0	0 0	0 0	0 0	
1 1	3 1	4 1	6 1	7 1	8 1	10 1	11 1	14 1	15 1	17 1	20 1	21 1	23 1	25 1	26 1	27 1	32 1	33 1	35 1	38 1	39 1	40 1	47 1	48 1	50 1	53 1	54 1	55 1	59 1	61 1	62 1	65 1	66 1	68 1	70 1	71 1	73 1	74 1	75 1	77 1	78 1	79 1	81 1	82 1	83 1	84 1	86 1	87 1	88 1	89 1	91 1	93 1	97 1	98 1	99 1	100 1	102 1	103 1	106 1	108 1	110 1	111 1	112 1	113 1	116 1	118 1	119 1	120 1	121 1	123 1	124 1	126 1	129 1	132 1	133 1	134 1	135 1	136 1	138 1	139 1	140 1	143 1	0 0	0 0	0 0	0 0	0 0	0 0	
2 1	3 1	5 1	6 1	8 1	10 1	12 1	16 1	17 1	19 1	22 1	24 1	26 1	28 1	29 1	30 1	34 1	36 1	40 1	42 1	44 1	48 1	49 1	54 1	56 1	57 1	61 1	62 1	63 1	65 1	66 1	67 1	77 1	79 1	81 1	82 1	84 1	85 1	86 1	88 1	89 1	91 1	93 1	94 1	96 1	98 1	99 1	101 1	103 1	104 1	105 1	107 1	110 1	111 1	112 1	113 1	118 1	120 1	121 1	125 1	131 1	133 1	138 1	139 1	140 1	141 1	0 0	0 0	0 0	0 0	0 0	0 0	0 0	0 0	0 0	0 0	0 0	0 0	0 0	0 0	0 0	0 0	0 0	0 0	0 0	0 0	0 0	0 0	0 0	
3 1	4 1	5 1	7 1	8 1	13 1	17 1	18 1	21 1	22 1	24 1	25 1	26 1	28 1	30 1	34 1	37 1	39 1	40 1	43 1	45 1	48 1	49 1	50 1	51 1	54 1	55 1	56 1	58 1	59 1	61 1	62 1	63 1	64 1	65 1	66 1	67 1	68 1	70 1	72 1	75 1	76 1	81 1	84 1	86 1	87 1	90 1	91 1	95 1	96 1	97 1	98 1	101 1	102 1	104 1	105 1	108 1	109 1	110 1	111 1	113 1	114 1	115 1	116 1	118 1	121 1	124 1	127 1	128 1	130 1	132 1	135 1	136 1	137 1	140 1	141 1	143 1	144 1	0 0	0 0	0 0	0 0	0 0	0 0	0 0	0 0	0 0	0 0	0 0	
2 1	3 1	4 1	7 1	9 1	10 1	13 1	16 1	17 1	19 1	23 1	26 1	27 1	29 1	30 1	33 1	34 1	36 1	37 1	39 1	41 1	42 1	44 1	48 1	49 1	51 1	52 1	58 1	59 1	64 1	65 1	69 1	70 1	72 1	73 1	74 1	78 1	79 1	80 1	81 1	82 1	83 1	87 1	89 1	90 1	91 1	96 1	98 1	99 1	102 1	103 1	105 1	106 1	109 1	111 1	112 1	117 1	118 1	119 1	120 1	122 1	124 1	125 1	127 1	130 1	132 1	133 1	137 1	140 1	141 1	143 1	144 1	0 0	0 0	0 0	0 0	0 0	0 0	0 0	0 0	0 0	0 0	0 0	0 0	0 0	0 0	0 0	0 0	0 0	
3 2	4 2	5 2	6 2	7 2	12 2	13 2	14 2	18 2	22 2	25 2	26 2	27 2	29 2	34 2	37 2	40 2	41 2	42 2	48 2	49 2	50 2	51 2	54 2	55 2	58 2	60 2	61 2	62 2	63 2	65 2	67 2	69 2	70 2	71 2	72 2	73 2	74 2	76 2	78 2	82 2	84 2	85 2	86 2	88 2	89 2	90 2	91 2	92 2	93 2	94 2	98 2	100 2	104 2	105 2	108 2	109 2	112 2	113 2	117 2	118 2	121 2	122 2	123 2	128 2	129 2	133 2	138 2	140 2	142 2	143 2	144 2	0 0	0 0	0 0	0 0	0 0	0 0	0 0	0 0	0 0	0 0	0 0	0 0	0 0	0 0	0 0	0 0	0 0	
1 2	3 2	5 2	7 2	11 2	12 2	13 2	14 2	16 2	17 2	18 2	20 2	24 2	25 2	26 2	27 2	28 2	29 2	35 2	38 2	39 2	42 2	46 2	49 2	53 2	54 2	56 2	58 2	63 2	65 2	66 2	68 2	75 2	76 2	78 2	79 2	80 2	81 2	84 2	86 2	89 2	93 2	98 2	100 2	101 2	103 2	104 2	105 2	106 2	107 2	110 2	111 2	112 2	117 2	118 2	120 2	121 2	122 2	125 2	130 2	135 2	136 2	138 2	141 2	142 2	143 2	0 0	0 0	0 0	0 0	0 0	0 0	0 0	0 0	0 0	0 0	0 0	0 0	0 0	0 0	0 0	0 0	0 0	0 0	0 0	0 0	0 0	0 0	0 0	
1 2	2 2	3 2	4 2	7 2	9 2	12 2	13 2	14 2	15 2	17 2	19 2	21 2	24 2	25 2	26 2	31 2	32 2	33 2	34 2	35 2	37 2	40 2	43 2	44 2	46 2	49 2	51 2	52 2	58 2	61 2	62 2	63 2	64 2	68 2	69 2	70 2	71 2	73 2	77 2	78 2	80 2	81 2	82 2	87 2	88 2	92 2	101 2	102 2	103 2	106 2	107 2	108 2	110 2	112 2	113 2	114 2	115 2	119 2	120 2	121 2	122 2	124 2	125 2	126 2	127 2	128 2	130 2	131 2	134 2	137 2	138 2	140 2	141 2	144 2	0 0	0 0	0 0	0 0	0 0	0 0	0 0	0 0	0 0	0 0	0 0	0 0	0 0	0 0	
7 2	9 2	10 2	14 2	16 2	18 2	21 2	23 2	24 2	26 2	27 2	30 2	32 2	34 2	36 2	40 2	41 2	47 2	48 2	49 2	50 2	54 2	56 2	57 2	58 2	61 2	63 2	64 2	65 2	66 2	67 2	69 2	71 2	72 2	75 2	76 2	77 2	79 2	80 2	81 2	82 2	83 2	84 2	85 2	90 2	92 2	95 2	96 2	97 2	101 2	103 2	105 2	106 2	108 2	109 2	110 2	111 2	112 2	116 2	121 2	123 2	125 2	126 2	127 2	129 2	131 2	133 2	134 2	136 2	138 2	140 2	143 2	144 2	0 0	0 0	0 0	0 0	0 0	0 0	0 0	0 0	0 0	0 0	0 0	0 0	0 0	0 0	0 0	0 0	
1 2	2 2	3 2	4 2	7 2	8 2	12 2	14 2	16 2	18 2	19 2	20 2	21 2	22 2	24 2	25 2	30 2	34 2	36 2	37 2	39 2	40 2	46 2	47 2	50 2	52 2	55 2	57 2	58 2	59 2	60 2	61 2	63 2	64 2	68 2	69 2	70 2	72 2	79 2	80 2	83 2	87 2	88 2	89 2	91 2	92 2	95 2	96 2	98 2	99 2	100 2	101 2	103 2	108 2	110 2	111 2	112 2	114 2	116 2	119 2	121 2	122 2	123 2	126 2	127 2	128 2	132 2	133 2	135 2	136 2	137 2	140 2	143 2	0 0	0 0	0 0	0 0	0 0	0 0	0 0	0 0	0 0	0 0	0 0	0 0	0 0	0 0	0 0	0 0	
1 2	4 2	8 2	9 2	10 2	13 2	14 2	15 2	16 2	22 2	23 2	25 2	26 2	27 2	29 2	30 2	33 2	34 2	36 2	37 2	38 2	39 2	40 2	41 2	42 2	46 2	47 2	48 2	54 2	55 2	56 2	61 2	63 2	64 2	65 2	66 2	67 2	72 2	74 2	75 2	77 2	79 2	80 2	82 2	83 2	84 2	90 2	93 2	94 2	97 2	98 2	99 2	102 2	109 2	110 2	113 2	115 2	118 2	124 2	127 2	128 2	129 2	130 2	131 2	132 2	135 2	136 2	137 2	139 2	140 2	142 2	143 2	0 0	0 0	0 0	0 0	0 0	0 0	0 0	0 0	0 0	0 0	0 0	0 0	0 0	0 0	0 0	0 0	0 0	
1 2	2 2	3 2	4 2	6 2	8 2	10 2	11 2	12 2	13 2	16 2	19 2	27 2	28 2	29 2	30 2	31 2	33 2	34 2	35 2	37 2	38 2	39 2	40 2	43 2	48 2	50 2	52 2	53 2	55 2	57 2	58 2	59 2	60 2	63 2	64 2	66 2	69 2	70 2	71 2	74 2	76 2	80 2	81 2	88 2	89 2	90 2	92 2	94 2	95 2	97 2	98 2	99 2	105 2	107 2	108 2	109 2	111 2	114 2	115 2	116 2	119 2	120 2	128 2	129 2	130 2	131 2	132 2	133 2	135 2	139 2	141 2	143 2	144 2	0 0	0 0	0 0	0 0	0 0	0 0	0 0	0 0	0 0	0 0	0 0	0 0	0 0	0 0	0 0	
1 2	2 2	4 2	7 2	8 2	9 2	10 2	12 2	15 2	16 2	17 2	18 2	20 2	21 2	23 2	24 2	26 2	27 2	29 2	30 2	32 2	35 2	37 2	39 2	40 2	41 2	44 2	45 2	48 2	50 2	52 2	53 2	54 2	55 2	56 2	57 2	58 2	59 2	65 2	68 2	69 2	71 2	74 2	75 2	76 2	81 2	82 2	83 2	85 2	86 2	87 2	89 2	92 2	93 2	100 2	104 2	106 2	107 2	108 2	109 2	110 2	111 2	115 2	116 2	119 2	120 2	122 2	123 2	125 2	127 2	128 2	130 2	134 2	135 2	136 2	137 2	138 2	140 2	141 2	142 2	143 2	0 0	0 0	0 0	0 0	0 0	0 0	0 0	0 0	
2 2	3 2	6 2	8 2	10 2	12 2	14 2	15 2	16 2	17 2	19 2	21 2	22 2	27 2	30 2	32 2	33 2	34 2	35 2	37 2	40 2	41 2	42 2	44 2	47 2	48 2	49 2	51 2	56 2	57 2	58 2	59 2	60 2	65 2	68 2	69 2	71 2	72 2	76 2	80 2	82 2	85 2	89 2	90 2	92 2	94 2	97 2	98 2	99 2	101 2	102 2	103 2	104 2	105 2	107 2	110 2	111 2	114 2	115 2	116 2	121 2	122 2	124 2	129 2	131 2	132 2	133 2	134 2	135 2	136 2	139 2	140 2	141 2	142 2	143 2	144 2	0 0	0 0	0 0	0 0	0 0	0 0	0 0	0 0	0 0	0 0	0 0	0 0	0 0	
4 2	7 2	9 2	11 2	12 2	13 2	14 2	21 2	23 2	25 2	26 2	29 2	31 2	33 2	34 2	35 2	36 2	37 2	38 2	39 2	40 2	42 2	44 2	46 2	48 2	50 2	54 2	59 2	61 2	64 2	66 2	69 2	70 2	71 2	73 2	74 2	77 2	79 2	80 2	84 2	86 2	87 2	88 2	90 2	91 2	92 2	93 2	94 2	97 2	98 2	99 2	100 2	101 2	103 2	104 2	106 2	107 2	108 2	110 2	111 2	112 2	113 2	118 2	119 2	120 2	122 2	123 2	124 2	128 2	129 2	131 2	135 2	141 2	142 2	143 2	0 0	0 0	0 0	0 0	0 0	0 0	0 0	0 0	0 0	0 0	0 0	0 0	0 0	0 0	
1 2	2 2	5 2	6 2	9 2	11 2	13 2	16 2	18 2	21 2	23 2	24 2	26 2	27 2	30 2	31 2	33 2	34 2	35 2	36 2	38 2	40 2	41 2	42 2	43 2	44 2	46 2	48 2	49 2	52 2	54 2	58 2	60 2	61 2	63 2	66 2	69 2	72 2	74 2	77 2	79 2	81 2	82 2	83 2	86 2	87 2	88 2	91 2	92 2	93 2	94 2	96 2	97 2	99 2	100 2	102 2	108 2	111 2	113 2	115 2	119 2	120 2	121 2	123 2	125 2	127 2	129 2	130 2	131 2	134 2	135 2	137 2	140 2	0 0	0 0	0 0	0 0	0 0	0 0	0 0	0 0	0 0	0 0	0 0	0 0	0 0	0 0	0 0	0 0	
2 2	3 2	5 2	8 2	10 2	13 2	14 2	17 2	20 2	24 2	25 2	26 2	27 2	30 2	32 2	35 2	37 2	44 2	45 2	47 2	48 2	51 2	54 2	55 2	57 2	60 2	61 2	63 2	64 2	65 2	67 2	71 2	75 2	76 2	77 2	79 2	84 2	85 2	89 2	90 2	92 2	93 2	94 2	95 2	96 2	97 2	99 2	100 2	101 2	108 2	114 2	115 2	116 2	117 2	118 2	120 2	121 2	123 2	125 2	126 2	127 2	130 2	132 2	134 2	139 2	140 2	0 0	0 0	0 0	0 0	0 0	0 0	0 0	0 0	0 0	0 0	0 0	0 0	0 0	0 0	0 0	0 0	0 0	0 0	0 0	0 0	0 0	0 0	0 0	
2 2	5 2	8 2	9 2	10 2	13 2	15 2	19 2	20 2	21 2	22 2	23 2	26 2	27 2	32 2	35 2	36 2	37 2	38 2	39 2	41 2	42 2	45 2	47 2	48 2	50 2	51 2	53 2	54 2	58 2	59 2	60 2	66 2	69 2	70 2	71 2	73 2	75 2	76 2	79 2	84 2	85 2	86 2	88 2	93 2	94 2	96 2	99 2	101 2	103 2	104 2	105 2	106 2	107 2	108 2	110 2	111 2	113 2	114 2	115 2	119 2	121 2	124 2	125 2	127 2	134 2	141 2	143 2	144 2	0 0	0 0	0 0	0 0	0 0	0 0	0 0	0 0	0 0	0 0	0 0	0 0	0 0	0 0	0 0	0 0	0 0	0 0	0 0	0 0	
1 2	2 2	4 2	6 2	8 2	9 2	12 2	13 2	16 2	17 2	19 2	21 2	23 2	25 2	28 2	30 2	31 2	34 2	35 2	36 2	37 2	39 2	42 2	43 2	45 2	46 2	47 2	51 2	52 2	54 2	55 2	56 2	61 2	62 2	64 2	68 2	71 2	72 2	75 2	76 2	77 2	78 2	79 2	80 2	81 2	83 2	84 2	85 2	86 2	87 2	89 2	91 2	93 2	94 2	98 2	99 2	100 2	102 2	106 2	109 2	110 2	112 2	114 2	115 2	121 2	122 2	123 2	126 2	127 2	128 2	129 2	131 2	133 2	140 2	141 2	0 0	0 0	0 0	0 0	0 0	0 0	0 0	0 0	0 0	0 0	0 0	0 0	0 0	0 0	
1 2	2 2	7 2	11 2	12 2	14 2	20 2	22 2	27 2	29 2	31 2	33 2	35 2	36 2	37 2	41 2	42 2	43 2	48 2	53 2	54 2	55 2	56 2	60 2	62 2	63 2	64 2	68 2	69 2	71 2	74 2	75 2	76 2	77 2	79 2	82 2	83 2	85 2	89 2	90 2	92 2	93 2	98 2	99 2	101 2	105 2	106 2	107 2	109 2	110 2	112 2	113 2	114 2	115 2	116 2	118 2	122 2	124 2	125 2	128 2	129 2	130 2	131 2	133 2	134 2	136 2	137 2	140 2	142 2	144 2	0 0	0 0	0 0	0 0	0 0	0 0	0 0	0 0	0 0	0 0	0 0	0 0	0 0	0 0	0 0	0 0	0 0	0 0	0 0	
2 2	5 2	6 2	10 2	17 2	18 2	20 2	21 2	22 2	24 2	26 2	27 2	28 2	32 2	33 2	34 2	35 2	36 2	38 2	39 2	40 2	45 2	49 2	51 2	53 2	54 2	57 2	58 2	59 2	63 2	65 2	68 2	69 2	70 2	71 2	72 2	73 2	74 2	76 2	77 2	78 2	80 2	81 2	83 2	84 2	85 2	87 2	91 2	92 2	93 2	94 2	96 2	97 2	98 2	99 2	100 2	104 2	107 2	108 2	109 2	111 2	115 2	116 2	117 2	118 2	120 2	124 2	125 2	127 2	133 2	134 2	135 2	136 2	138 2	140 2	141 2	142 2	0 0	0 0	0 0	0 0	0 0	0 0	0 0	0 0	0 0	0 0	0 0	0 0	
3 2	4 2	5 2	7 2	8 2	9 2	11 2	14 2	15 2	16 2	20 2	21 2	22 2	24 2	25 2	29 2	30 2	33 2	34 2	35 2	38 2	39 2	42 2	43 2	44 2	45 2	52 2	53 2	55 2	59 2	60 2	61 2	62 2	66 2	67 2	70 2	79 2	80 2	82 2	84 2	85 2	86 2	87 2	89 2	92 2	95 2	96 2	97 2	98 2	101 2	103 2	107 2	109 2	110 2	111 2	114 2	115 2	116 2	121 2	122 2	123 2	124 2	125 2	127 2	128 2	132 2	138 2	140 2	142 2	143 2	144 2	0 0	0 0	0 0	0 0	0 0	0 0	0 0	0 0	0 0	0 0	0 0	0 0	0 0	0 0	0 0	0 0	0 0	0 0	
2 2	7 2	8 2	10 2	11 2	14 2	15 2	16 2	19 2	20 2	24 2	26 2	27 2	28 2	29 2	31 2	32 2	33 2	38 2	39 2	40 2	42 2	43 2	46 2	48 2	49 2	50 2	51 2	53 2	55 2	56 2	58 2	59 2	60 2	61 2	63 2	64 2	65 2	66 2	68 2	70 2	71 2	73 2	76 2	77 2	80 2	81 2	85 2	88 2	91 2	92 2	93 2	94 2	96 2	99 2	102 2	103 2	104 2	105 2	106 2	107 2	112 2	114 2	117 2	118 2	120 2	122 2	124 2	125 2	127 2	128 2	130 2	132 2	133 2	135 2	136 2	137 2	140 2	141 2	142 2	143 2	0 0	0 0	0 0	0 0	0 0	0 0	0 0	0 0	
1 2	3 2	4 2	5 2	6 2	7 2	8 2	10 2	12 2	13 2	14 2	19 2	20 2	21 2	22 2	23 2	24 2	25 2	27 2	29 2	32 2	34 2	36 2	38 2	42 2	44 2	45 2	46 2	47 2	49 2	53 2	54 2	56 2	59 2	61 2	62 2	64 2	70 2	71 2	72 2	75 2	80 2	81 2	83 2	84 2	85 2	86 2	87 2	88 2	91 2	93 2	95 2	96 2	97 2	98 2	99 2	100 2	101 2	104 2	105 2	108 2	110 2	114 2	116 2	117 2	119 2	122 2	125 2	126 2	127 2	128 2	129 2	130 2	131 2	138 2	140 2	141 2	142 2	0 0	0 0	0 0	0 0	0 0	0 0	0 0	0 0	0 0	0 0	0 0	
1 2	4 2	9 2	11 2	12 2	13 2	15 2	17 2	22 2	24 2	26 2	28 2	29 2	30 2	36 2	37 2	38 2	41 2	42 2	43 2	44 2	45 2	46 2	48 2	52 2	54 2	61 2	63 2	65 2	67 2	68 2	69 2	70 2	71 2	73 2	76 2	77 2	78 2	79 2	80 2	83 2	86 2	88 2	89 2	91 2	92 2	93 2	94 2	95 2	96 2	98 2	99 2	100 2	101 2	103 2	104 2	105 2	107 2	110 2	112 2	116 2	118 2	119 2	122 2	126 2	127 2	130 2	135 2	136 2	138 2	144 2	0 0	0 0	0 0	0 0	0 0	0 0	0 0	0 0	0 0	0 0	0 0	0 0	0 0	0 0	0 0	0 0	0 0	0 0	
1 2	9 2	10 2	12 2	15 2	16 2	18 2	19 2	20 2	21 2	22 2	23 2	24 2	25 2	26 2	28 2	29 2	30 2	32 2	39 2	40 2	41 2	43 2	44 2	45 2	46 2	48 2	52 2	53 2	54 2	57 2	58 2	59 2	62 2	67 2	71 2	75 2	76 2	77 2	82 2	86 2	89 2	91 2	92 2	93 2	94 2	98 2	102 2	103 2	105 2	106 2	107 2	112 2	113 2	114 2	115 2	118 2	122 2	125 2	126 2	127 2	128 2	132 2	134 2	135 2	138 2	139 2	142 2	143 2	0 0	0 0	0 0	0 0	0 0	0 0	0 0	0 0	0 0	0 0	0 0	0 0	0 0	0 0	0 0	0 0	0 0	0 0	0 0	0 0	
1 2	2 2	3 2	12 2	13 2	14 2	19 2	20 2	21 2	22 2	25 2	26 2	27 2	28 2	29 2	32 2	33 2	36 2	37 2	39 2	42 2	43 2	45 2	46 2	47 2	48 2	51 2	53 2	54 2	56 2	57 2	62 2	64 2	65 2	66 2	69 2	71 2	72 2	73 2	75 2	76 2	77 2	78 2	81 2	87 2	88 2	89 2	93 2	97 2	98 2	100 2	101 2	102 2	103 2	106 2	107 2	108 2	109 2	113 2	117 2	121 2	124 2	125 2	126 2	129 2	131 2	133 2	137 2	138 2	139 2	140 2	144 2	0 0	0 0	0 0	0 0	0 0	0 0	0 0	0 0	0 0	0 0	0 0	0 0	0 0	0 0	0 0	0 0	0 0	
2 2	8 2	9 2	11 2	12 2	13 2	14 2	15 2	17 2	18 2	21 2	22 2	25 2	26 2	27 2	28 2	31 2	33 2	35 2	37 2	39 2	41 2	42 2	47 2	48 2	51 2	53 2	54 2	55 2	59 2	60 2	61 2	64 2	68 2	71 2	72 2	74 2	75 2	77 2	81 2	82 2	84 2	85 2	86 2	87 2	88 2	90 2	91 2	93 2	94 2	97 2	98 2	101 2	111 2	112 2	120 2	121 2	122 2	124 2	127 2	128 2	130 2	134 2	135 2	137 2	138 2	140 2	142 2	144 2	0 0	0 0	0 0	0 0	0 0	0 0	0 0	0 0	0 0	0 0	0 0	0 0	0 0	0 0	0 0	0 0	0 0	0 0	0 0	0 0	
2 2	3 2	4 2	5 2	9 2	11 2	12 2	13 2	14 2	17 2	19 2	21 2	22 2	23 2	29 2	30 2	31 2	32 2	35 2	36 2	37 2	38 2	41 2	43 2	44 2	48 2	50 2	51 2	53 2	55 2	56 2	57 2	58 2	61 2	64 2	66 2	67 2	69 2	71 2	72 2	74 2	76 2	80 2	82 2	87 2	88 2	89 2	91 2	94 2	95 2	96 2	97 2	98 2	101 2	104 2	105 2	109 2	110 2	112 2	113 2	115 2	118 2	119 2	122 2	124 2	128 2	129 2	131 2	134 2	137 2	138 2	141 2	144 2	0 0	0 0	0 0	0 0	0 0	0 0	0 0	0 0	0 0	0 0	0 0	0 0	0 0	0 0	0 0	0 0	
1 2	2 2	3 2	4 2	5 2	10 2	11 2	12 2	14 2	16 2	17 2	19 2	24 2	29 2	30 2	31 2	32 2	34 2	35 2	36 2	38 2	40 2	41 2	42 2	45 2	46 2	47 2	48 2	50 2	51 2	53 2	54 2	56 2	64 2	66 2	67 2	68 2	69 2	73 2	75 2	77 2	78 2	79 2	80 2	82 2	85 2	86 2	88 2	89 2	90 2	91 2	93 2	94 2	95 2	96 2	97 2	106 2	107 2	108 2	109 2	114 2	119 2	124 2	125 2	127 2	128 2	129 2	130 2	131 2	132 2	133 2	136 2	137 2	138 2	139 2	140 2	142 2	143 2	0 0	0 0	0 0	0 0	0 0	0 0	0 0	0 0	0 0	0 0	0 0	
2 2	4 2	5 2	10 2	11 2	12 2	13 2	14 2	15 2	16 2	19 2	22 2	23 2	24 2	25 2	26 2	27 2	28 2	31 2	33 2	34 2	36 2	37 2	38 2	40 2	45 2	46 2	49 2	51 2	53 2	54 2	55 2	56 2	60 2	61 2	63 2	64 2	65 2	68 2	72 2	73 2	74 2	77 2	78 2	80 2	82 2	83 2	84 2	85 2	86 2	89 2	93 2	95 2	96 2	97 2	98 2	99 2	101 2	102 2	104 2	106 2	107 2	112 2	113 2	114 2	116 2	118 2	119 2	120 2	122 2	123 2	124 2	127 2	128 2	129 2	130 2	131 2	132 2	134 2	135 2	136 2	139 2	140 2	143 2	144 2	0 0	0 0	0 0	0 0	
3 2	4 2	7 2	9 2	10 2	11 2	15 2	16 2	19 2	21 2	23 2	25 2	26 2	28 2	31 2	33 2	35 2	36 2	37 2	40 2	41 2	45 2	46 2	47 2	48 2	52 2	53 2	55 2	57 2	58 2	59 2	60 2	61 2	64 2	65 2	66 2	67 2	68 2	69 2	72 2	73 2	74 2	75 2	78 2	80 2	84 2	85 2	93 2	94 2	95 2	103 2	104 2	105 2	106 2	107 2	108 2	109 2	110 2	111 2	112 2	114 2	118 2	119 2	121 2	122 2	123 2	125 2	126 2	127 2	129 2	131 2	136 2	139 2	141 2	142 2	144 2	0 0	0 0	0 0	0 0	0 0	0 0	0 0	0 0	0 0	0 0	0 0	0 0	0 0	
1 2	2 2	4 2	5 2	6 2	9 2	10 2	12 2	16 2	20 2	21 2	22 2	23 2	24 2	25 2	28 2	33 2	36 2	37 2	39 2	41 2	43 2	44 2	47 2	49 2	53 2	54 2	60 2	63 2	64 2	66 2	67 2	70 2	72 2	73 2	74 2	75 2	77 2	78 2	79 2	81 2	82 2	84 2	85 2	86 2	87 2	88 2	89 2	91 2	92 2	93 2	96 2	99 2	100 2	102 2	104 2	107 2	108 2	109 2	110 2	112 2	113 2	114 2	115 2	119 2	120 2	121 2	124 2	126 2	128 2	131 2	134 2	135 2	136 2	137 2	140 2	143 2	144 2	0 0	0 0	0 0	0 0	0 0	0 0	0 0	0 0	0 0	0 0	0 0	
1 2	4 2	5 2	6 2	8 2	10 2	13 2	14 2	15 2	16 2	18 2	19 2	20 2	21 2	22 2	23 2	24 2	29 2	30 2	32 2	38 2	39 2	45 2	50 2	54 2	57 2	58 2	59 2	62 2	63 2	67 2	68 2	69 2	71 2	73 2	74 2	76 2	77 2	80 2	82 2	83 2	85 2	86 2	87 2	89 2	90 2	92 2	94 2	96 2	97 2	98 2	103 2	106 2	108 2	110 2	112 2	117 2	119 2	121 2	122 2	124 2	131 2	133 2	134 2	136 2	139 2	140 2	142 2	143 2	144 2	0 0	0 0	0 0	0 0	0 0	0 0	0 0	0 0	0 0	0 0	0 0	0 0	0 0	0 0	0 0	0 0	0 0	0 0	0 0	
2 2	3 2	4 2	5 2	8 2	12 2	13 2	14 2	16 2	18 2	19 2	22 2	24 2	25 2	28 2	30 2	31 2	33 2	38 2	40 2	41 2	42 2	43 2	44 2	45 2	49 2	50 2	51 2	52 2	56 2	58 2	60 2	61 2	64 2	67 2	69 2	73 2	74 2	75 2	76 2	79 2	80 2	84 2	85 2	91 2	94 2	95 2	96 2	97 2	98 2	99 2	100 2	102 2	104 2	105 2	108 2	114 2	116 2	120 2	122 2	123 2	124 2	126 2	127 2	130 2	134 2	135 2	137 2	138 2	140 2	144 2	0 0	0 0	0 0	0 0	0 0	0 0	0 0	0 0	0 0	0 0	0 0	0 0	0 0	0 0	0 0	0 0	0 0	0 0	
1 2	2 2	5 2	6 2	7 2	8 2	10 2	12 2	13 2	18 2	19 2	20 2	21 2	23 2	27 2	29 2	33 2	36 2	38 2	43 2	45 2	50 2	52 2	53 2	55 2	58 2	60 2	61 2	65 2	67 2	69 2	70 2	71 2	72 2	73 2	74 2	75 2	77 2	81 2	83 2	84 2	88 2	90 2	95 2	96 2	97 2	100 2	101 2	103 2	104 2	107 2	108 2	115 2	116 2	118 2	120 2	121 2	123 2	124 2	125 2	126 2	127 2	129 2	130 2	132 2	133 2	138 2	142 2	143 2	0 0	0 0	0 0	0 0	0 0	0 0	0 0	0 0	0 0	0 0	0 0	0 0	0 0	0 0	0 0	0 0	0 0	0 0	0 0	0 0	
1 2	2 2	7 2	8 2	9 2	10 2	11 2	12 2	13 2	15 2	17 2	18 2	20 2	21 2	31 2	35 2	40 2	42 2	44 2	46 2	47 2	48 2	50 2	51 2	53 2	57 2	58 2	59 2	62 2	63 2	65 2	68 2	69 2	72 2	73 2	74 2	75 2	80 2	81 2	82 2	86 2	90 2	92 2	94 2	96 2	97 2	101 2	103 2	104 2	107 2	108 2	110 2	112 2	113 2	115 2	116 2	119 2	120 2	121 2	122 2	123 2	126 2	129 2	131 2	132 2	134 2	135 2	136 2	140 2	141 2	142 2	143 2	0 0	0 0	0 0	0 0	0 0	0 0	0 0	0 0	0 0	0 0	0 0	0 0	0 0	0 0	0 0	0 0	0 0	
1 2	2 2	4 2	5 2	10 2	12 2	15 2	16 2	19 2	24 2	25 2	26 2	28 2	29 2	30 2	33 2	34 2	36 2	37 2	38 2	39 2	40 2	43 2	44 2	45 2	47 2	48 2	49 2	50 2	55 2	57 2	59 2	60 2	62 2	63 2	64 2	67 2	70 2	73 2	78 2	80 2	82 2	83 2	86 2	88 2	89 2	91 2	95 2	96 2	98 2	100 2	101 2	104 2	105 2	106 2	107 2	109 2	110 2	113 2	119 2	127 2	128 2	129 2	131 2	132 2	134 2	135 2	137 2	138 2	140 2	141 2	143 2	0 0	0 0	0 0	0 0	0 0	0 0	0 0	0 0	0 0	0 0	0 0	0 0	0 0	0 0	0 0	0 0	0 0	
1 2	2 2	3 2	4 2	7 2	8 2	9 2	10 2	11 2	15 2	16 2	17 2	18 2	20 2	26 2	31 2	33 2	36 2	38 2	39 2	40 2	41 2	43 2	45 2	46 2	47 2	50 2	52 2	53 2	55 2	56 2	57 2	58 2	60 2	61 2	62 2	64 2	65 2	67 2	71 2	74 2	75 2	76 2	77 2	80 2	81 2	83 2	85 2	87 2	88 2	89 2	90 2	94 2	95 2	99 2	100 2	103 2	104 2	105 2	106 2	107 2	109 2	112 2	115 2	118 2	121 2	125 2	126 2	128 2	137 2	139 2	141 2	142 2	143 2	144 2	0 0	0 0	0 0	0 0	0 0	0 0	0 0	0 0	0 0	0 0	0 0	0 0	0 0	0 0	
1 2	4 2	5 2	6 2	7 2	8 2	9 2	13 2	18 2	20 2	21 2	25 2	27 2	28 2	31 2	33 2	34 2	35 2	36 2	39 2	41 2	44 2	46 2	50 2	55 2	59 2	60 2	61 2	62 2	63 2	64 2	65 2	66 2	67 2	73 2	74 2	75 2	76 2	77 2	78 2	80 2	81 2	82 2	84 2	85 2	86 2	89 2	90 2	93 2	95 2	98 2	101 2	103 2	107 2	109 2	115 2	116 2	117 2	118 2	119 2	121 2	123 2	125 2	127 2	133 2	134 2	136 2	137 2	138 2	139 2	140 2	142 2	144 2	0 0	0 0	0 0	0 0	0 0	0 0	0 0	0 0	0 0	0 0	0 0	0 0	0 0	0 0	0 0	0 0	
1 2	3 2	4 2	6 2	8 2	12 2	13 2	16 2	18 2	20 2	24 2	29 2	31 2	33 2	34 2	35 2	36 2	38 2	40 2	41 2	43 2	44 2	45 2	46 2	49 2	50 2	51 2	52 2	53 2	55 2	56 2	58 2	59 2	60 2	62 2	63 2	64 2	65 2	71 2	72 2	74 2	77 2	80 2	82 2	84 2	87 2	90 2	92 2	93 2	95 2	96 2	100 2	103 2	104 2	105 2	106 2	107 2	109 2	114 2	118 2	120 2	121 2	123 2	124 2	125 2	126 2	129 2	130 2	135 2	137 2	138 2	142 2	143 2	144 2	0 0	0 0	0 0	0 0	0 0	0 0	0 0	0 0	0 0	0 0	0 0	0 0	0 0	0 0	0 0	
1 2	3 2	7 2	13 2	14 2	17 2	20 2	21 2	24 2	25 2	26 2	28 2	30 2	31 2	34 2	37 2	38 2	41 2	50 2	53 2	55 2	57 2	59 2	62 2	63 2	64 2	66 2	67 2	69 2	70 2	73 2	76 2	78 2	83 2	86 2	87 2	88 2	89 2	90 2	96 2	98 2	100 2	101 2	102 2	104 2	105 2	106 2	107 2	108 2	110 2	111 2	112 2	115 2	118 2	120 2	122 2	127 2	128 2	129 2	132 2	136 2	142 2	143 2	0 0	0 0	0 0	0 0	0 0	0 0	0 0	0 0	0 0	0 0	0 0	0 0	0 0	0 0	0 0	0 0	0 0	0 0	0 0	0 0	0 0	0 0	0 0	0 0	0 0	0 0	
1 2	3 2	6 2	8 2	9 2	15 2	16 2	17 2	27 2	32 2	34 2	36 2	39 2	41 2	47 2	49 2	50 2	52 2	53 2	54 2	61 2	62 2	63 2	64 2	65 2	68 2	70 2	71 2	74 2	76 2	77 2	78 2	79 2	80 2	84 2	85 2	86 2	88 2	89 2	90 2	92 2	93 2	94 2	95 2	96 2	100 2	101 2	102 2	103 2	105 2	106 2	107 2	109 2	112 2	113 2	115 2	116 2	117 2	118 2	122 2	123 2	124 2	126 2	127 2	129 2	130 2	131 2	137 2	139 2	141 2	142 2	0 0	0 0	0 0	0 0	0 0	0 0	0 0	0 0	0 0	0 0	0 0	0 0	0 0	0 0	0 0	0 0	0 0	0 0	
4 2	6 2	7 2	11 2	12 2	13 2	16 2	19 2	20 2	21 2	22 2	25 2	28 2	30 2	32 2	35 2	36 2	37 2	40 2	41 2	44 2	46 2	47 2	48 2	49 2	53 2	56 2	58 2	61 2	63 2	64 2	65 2	67 2	69 2	70 2	72 2	74 2	75 2	77 2	79 2	80 2	81 2	82 2	83 2	85 2	86 2	90 2	92 2	96 2	97 2	102 2	103 2	104 2	107 2	108 2	110 2	111 2	112 2	114 2	115 2	116 2	117 2	121 2	122 2	123 2	127 2	128 2	134 2	135 2	136 2	137 2	139 2	140 2	141 2	142 2	0 0	0 0	0 0	0 0	0 0	0 0	0 0	0 0	0 0	0 0	0 0	0 0	0 0	0 0	
1 2	3 2	4 2	5 2	6 2	8 2	9 2	13 2	15 2	16 2	18 2	20 2	21 2	22 2	23 2	25 2	26 2	27 2	28 2	30 2	31 2	32 2	34 2	38 2	39 2	44 2	47 2	50 2	55 2	57 2	58 2	62 2	63 2	65 2	66 2	67 2	68 2	69 2	73 2	76 2	77 2	78 2	80 2	82 2	85 2	87 2	88 2	89 2	90 2	91 2	93 2	96 2	99 2	100 2	104 2	107 2	109 2	110 2	111 2	112 2	114 2	115 2	116 2	117 2	118 2	119 2	120 2	121 2	127 2	132 2	134 2	137 2	139 2	140 2	142 2	143 2	144 2	0 0	0 0	0 0	0 0	0 0	0 0	0 0	0 0	0 0	0 0	0 0	0 0	
1 2	2 2	3 2	7 2	9 2	11 2	12 2	14 2	15 2	16 2	17 2	18 2	19 2	20 2	21 2	24 2	26 2	27 2	28 2	29 2	30 2	31 2	33 2	35 2	36 2	37 2	39 2	41 2	42 2	44 2	45 2	46 2	49 2	50 2	54 2	61 2	63 2	64 2	65 2	66 2	67 2	70 2	74 2	75 2	76 2	77 2	78 2	79 2	80 2	81 2	85 2	86 2	90 2	92 2	95 2	97 2	99 2	101 2	102 2	103 2	106 2	107 2	109 2	110 2	112 2	113 2	120 2	121 2	124 2	125 2	127 2	128 2	131 2	135 2	137 2	138 2	142 2	143 2	144 2	0 0	0 0	0 0	0 0	0 0	0 0	0 0	0 0	0 0	0 0	
3 2	7 2	8 2	10 2	13 2	14 2	15 2	20 2	22 2	24 2	28 2	32 2	33 2	34 2	35 2	36 2	38 2	40 2	44 2	45 2	46 2	48 2	49 2	50 2	51 2	52 2	53 2	58 2	59 2	61 2	64 2	66 2	70 2	71 2	76 2	80 2	81 2	83 2	87 2	88 2	89 2	90 2	91 2	94 2	95 2	99 2	100 2	104 2	112 2	114 2	115 2	118 2	119 2	122 2	125 2	126 2	127 2	128 2	131 2	132 2	133 2	136 2	137 2	138 2	143 2	0 0	0 0	0 0	0 0	0 0	0 0	0 0	0 0	0 0	0 0	0 0	0 0	0 0	0 0	0 0	0 0	0 0	0 0	0 0	0 0	0 0	0 0	0 0	0 0	
2 2	4 2	5 2	6 2	11 2	12 2	17 2	18 2	19 2	23 2	25 2	26 2	27 2	31 2	33 2	36 2	37 2	38 2	39 2	41 2	44 2	45 2	48 2	50 2	51 2	52 2	53 2	54 2	56 2	59 2	60 2	61 2	62 2	65 2	66 2	68 2	69 2	70 2	73 2	75 2	77 2	79 2	80 2	81 2	86 2	88 2	92 2	93 2	94 2	95 2	98 2	102 2	104 2	105 2	106 2	107 2	108 2	109 2	110 2	113 2	114 2	115 2	118 2	122 2	123 2	125 2	129 2	132 2	133 2	138 2	139 2	140 2	141 2	142 2	144 2	0 0	0 0	0 0	0 0	0 0	0 0	0 0	0 0	0 0	0 0	0 0	0 0	0 0	0 0	
3 2	6 2	8 2	11 2	12 2	14 2	16 2	20 2	22 2	23 2	24 2	26 2	28 2	31 2	35 2	36 2	37 2	40 2	42 2	44 2	45 2	48 2	49 2	51 2	52 2	53 2	54 2	56 2	58 2	63 2	64 2	65 2	70 2	71 2	74 2	78 2	80 2	84 2	86 2	87 2	89 2	91 2	93 2	97 2	100 2	101 2	104 2	105 2	106 2	108 2	112 2	114 2	115 2	116 2	118 2	122 2	123 2	124 2	125 2	127 2	132 2	137 2	141 2	142 2	143 2	0 0	0 0	0 0	0 0	0 0	0 0	0 0	0 0	0 0	0 0	0 0	0 0	0 0	0 0	0 0	0 0	0 0	0 0	0 0	0 0	0 0	0 0	0 0	0 0	
1 2	2 2	5 2	6 2	14 2	17 2	18 2	19 2	26 2	27 2	29 2	36 2	38 2	43 2	46 2	47 2	55 2	60 2	62 2	66 2	69 2	70 2	74 2	75 2	78 2	80 2	85 2	86 2	87 2	88 2	92 2	93 2	94 2	95 2	99 2	100 2	101 2	106 2	107 2	110 2	114 2	115 2	117 2	118 2	120 2	121 2	122 2	123 2	127 2	128 2	129 2	131 2	132 2	134 2	136 2	137 2	139 2	142 2	0 0	0 0	0 0	0 0	0 0	0 0	0 0	0 0	0 0	0 0	0 0	0 0	0 0	0 0	0 0	0 0	0 0	0 0	0 0	0 0	0 0	0 0	0 0	0 0	0 0	0 0	0 0	0 0	0 0	0 0	0 0	
2 2	4 2	6 2	10 2	12 2	18 2	19 2	22 2	24 2	25 2	27 2	28 2	31 2	32 2	34 2	36 2	38 2	41 2	42 2	45 2	46 2	47 2	48 2	50 2	51 2	52 2	53 2	54 2	56 2	57 2	60 2	62 2	66 2	68 2	69 2	70 2	71 2	72 2	74 2	79 2	81 2	82 2	84 2	86 2	89 2	90 2	92 2	95 2	96 2	98 2	101 2	103 2	104 2	108 2	110 2	111 2	112 2	114 2	117 2	118 2	126 2	127 2	130 2	131 2	136 2	138 2	140 2	142 2	0 0	0 0	0 0	0 0	0 0	0 0	0 0	0 0	0 0	0 0	0 0	0 0	0 0	0 0	0 0	0 0	0 0	0 0	0 0	0 0	0 0	
1 2	3 2	4 2	7 2	8 2	11 2	13 2	14 2	17 2	19 2	20 2	23 2	28 2	29 2	30 2	32 2	35 2	39 2	41 2	44 2	47 2	51 2	53 2	54 2	55 2	57 2	59 2	60 2	61 2	62 2	63 2	64 2	68 2	69 2	73 2	75 2	76 2	77 2	78 2	80 2	84 2	87 2	90 2	91 2	93 2	97 2	98 2	99 2	104 2	106 2	107 2	108 2	110 2	111 2	115 2	116 2	117 2	119 2	120 2	122 2	123 2	125 2	126 2	128 2	129 2	132 2	133 2	134 2	135 2	136 2	137 2	138 2	140 2	143 2	144 2	0 0	0 0	0 0	0 0	0 0	0 0	0 0	0 0	0 0	0 0	0 0	0 0	0 0	0 0	
2 2	4 2	6 2	8 2	9 2	11 2	12 2	13 2	15 2	16 2	17 2	18 2	19 2	21 2	22 2	23 2	25 2	27 2	30 2	32 2	36 2	38 2	39 2	40 2	46 2	47 2	50 2	51 2	53 2	56 2	61 2	62 2	63 2	64 2	68 2	70 2	71 2	72 2	73 2	74 2	76 2	77 2	83 2	85 2	86 2	87 2	88 2	93 2	94 2	95 2	96 2	98 2	99 2	102 2	103 2	106 2	107 2	108 2	110 2	112 2	113 2	114 2	116 2	117 2	118 2	119 2	123 2	124 2	125 2	128 2	130 2	133 2	136 2	138 2	139 2	141 2	144 2	0 0	0 0	0 0	0 0	0 0	0 0	0 0	0 0	0 0	0 0	0 0	0 0	
3 2	4 2	5 2	9 2	11 2	17 2	22 2	24 2	27 2	28 2	29 2	35 2	38 2	42 2	43 2	44 2	45 2	46 2	50 2	51 2	54 2	55 2	57 2	58 2	59 2	60 2	61 2	64 2	65 2	66 2	67 2	69 2	70 2	72 2	74 2	78 2	81 2	82 2	83 2	84 2	85 2	91 2	92 2	93 2	96 2	97 2	98 2	99 2	102 2	103 2	107 2	109 2	111 2	116 2	119 2	120 2	123 2	127 2	135 2	137 2	138 2	140 2	141 2	143 2	0 0	0 0	0 0	0 0	0 0	0 0	0 0	0 0	0 0	0 0	0 0	0 0	0 0	0 0	0 0	0 0	0 0	0 0	0 0	0 0	0 0	0 0	0 0	0 0	0 0	
1 2	3 2	5 2	7 2	8 2	9 2	17 2	21 2	26 2	31 2	35 2	37 2	39 2	43 2	44 2	48 2	50 2	53 2	56 2	59 2	62 2	63 2	68 2	70 2	77 2	78 2	79 2	80 2	81 2	84 2	85 2	86 2	87 2	88 2	89 2	90 2	92 2	94 2	95 2	96 2	97 2	101 2	103 2	104 2	106 2	107 2	111 2	112 2	113 2	114 2	117 2	118 2	122 2	123 2	124 2	126 2	132 2	135 2	137 2	138 2	142 2	143 2	144 2	0 0	0 0	0 0	0 0	0 0	0 0	0 0	0 0	0 0	0 0	0 0	0 0	0 0	0 0	0 0	0 0	0 0	0 0	0 0	0 0	0 0	0 0	0 0	0 0	0 0	0 0	
1 2	5 2	7 2	8 2	9 2	10 2	13 2	18 2	21 2	23 2	26 2	27 2	30 2	31 2	32 2	34 2	39 2	41 2	44 2	46 2	47 2	50 2	51 2	54 2	55 2	56 2	58 2	60 2	61 2	63 2	65 2	66 2	70 2	71 2	75 2	76 2	77 2	79 2	80 2	82 2	84 2	86 2	87 2	91 2	93 2	95 2	98 2	100 2	104 2	106 2	107 2	108 2	112 2	115 2	117 2	118 2	119 2	121 2	122 2	124 2	126 2	128 2	136 2	137 2	139 2	140 2	141 2	144 2	0 0	0 0	0 0	0 0	0 0	0 0	0 0	0 0	0 0	0 0	0 0	0 0	0 0	0 0	0 0	0 0	0 0	0 0	0 0	0 0	0 0	
3 2	6 2	7 2	8 2	10 2	13 2	14 2	15 2	16 2	18 2	19 2	20 2	23 2	25 2	28 2	30 2	31 2	32 2	35 2	37 2	38 2	40 2	46 2	47 2	48 2	50 2	51 2	53 2	57 2	58 2	60 2	61 2	65 2	66 2	68 2	70 2	71 2	72 2	73 2	76 2	77 2	78 2	85 2	87 2	88 2	89 2	91 2	92 2	94 2	95 2	96 2	103 2	104 2	105 2	108 2	109 2	112 2	113 2	116 2	117 2	119 2	122 2	128 2	130 2	131 2	132 2	136 2	140 2	141 2	0 0	0 0	0 0	0 0	0 0	0 0	0 0	0 0	0 0	0 0	0 0	0 0	0 0	0 0	0 0	0 0	0 0	0 0	0 0	0 0	
1 2	2 2	3 2	6 2	7 2	8 2	9 2	10 2	11 2	15 2	19 2	21 2	23 2	25 2	27 2	28 2	29 2	30 2	31 2	34 2	38 2	41 2	44 2	46 2	50 2	51 2	53 2	54 2	56 2	58 2	59 2	60 2	62 2	69 2	70 2	72 2	74 2	75 2	76 2	78 2	81 2	82 2	84 2	87 2	89 2	92 2	93 2	96 2	97 2	99 2	103 2	105 2	106 2	111 2	113 2	115 2	120 2	122 2	124 2	127 2	128 2	132 2	135 2	137 2	138 2	139 2	140 2	141 2	143 2	144 2	0 0	0 0	0 0	0 0	0 0	0 0	0 0	0 0	0 0	0 0	0 0	0 0	0 0	0 0	0 0	0 0	0 0	0 0	0 0	
1 2	2 2	4 2	5 2	10 2	11 2	13 2	15 2	16 2	18 2	19 2	20 2	23 2	26 2	27 2	29 2	32 2	33 2	38 2	43 2	44 2	45 2	46 2	47 2	49 2	50 2	52 2	55 2	56 2	58 2	59 2	61 2	62 2	63 2	64 2	65 2	66 2	68 2	69 2	70 2	73 2	79 2	80 2	81 2	84 2	85 2	87 2	89 2	90 2	91 2	92 2	94 2	95 2	96 2	97 2	98 2	104 2	105 2	108 2	110 2	114 2	115 2	116 2	119 2	120 2	122 2	123 2	124 2	126 2	130 2	131 2	135 2	136 2	142 2	0 0	0 0	0 0	0 0	0 0	0 0	0 0	0 0	0 0	0 0	0 0	0 0	0 0	0 0	0 0	
1 2	2 2	3 2	7 2	10 2	11 2	12 2	13 2	16 2	17 2	18 2	19 2	20 2	23 2	25 2	27 2	29 2	33 2	39 2	41 2	43 2	44 2	46 2	48 2	49 2	51 2	54 2	56 2	57 2	59 2	60 2	64 2	66 2	68 2	69 2	70 2	71 2	72 2	73 2	76 2	77 2	78 2	80 2	82 2	84 2	85 2	86 2	88 2	89 2	91 2	94 2	97 2	98 2	99 2	103 2	104 2	105 2	106 2	107 2	113 2	114 2	115 2	116 2	118 2	119 2	123 2	126 2	127 2	129 2	136 2	137 2	138 2	139 2	0 0	0 0	0 0	0 0	0 0	0 0	0 0	0 0	0 0	0 0	0 0	0 0	0 0	0 0	0 0	0 0	
1 2	7 2	10 2	11 2	12 2	14 2	15 2	16 2	17 2	19 2	20 2	23 2	26 2	31 2	33 2	34 2	38 2	40 2	47 2	48 2	49 2	51 2	55 2	57 2	58 2	59 2	61 2	63 2	64 2	69 2	70 2	71 2	73 2	76 2	78 2	79 2	80 2	82 2	83 2	85 2	86 2	90 2	91 2	92 2	95 2	96 2	98 2	99 2	101 2	103 2	107 2	108 2	112 2	113 2	114 2	115 2	116 2	118 2	119 2	121 2	124 2	128 2	130 2	132 2	133 2	134 2	135 2	136 2	138 2	139 2	142 2	0 0	0 0	0 0	0 0	0 0	0 0	0 0	0 0	0 0	0 0	0 0	0 0	0 0	0 0	0 0	0 0	0 0	0 0	
3 2	5 2	8 2	9 2	14 2	16 2	20 2	23 2	25 2	27 2	31 2	32 2	33 2	35 2	38 2	40 2	43 2	44 2	45 2	46 2	48 2	50 2	52 2	53 2	54 2	55 2	56 2	60 2	61 2	62 2	63 2	64 2	65 2	66 2	69 2	70 2	71 2	72 2	77 2	78 2	86 2	88 2	90 2	91 2	93 2	94 2	99 2	102 2	104 2	105 2	108 2	111 2	115 2	116 2	117 2	119 2	120 2	121 2	123 2	128 2	129 2	130 2	132 2	133 2	134 2	135 2	136 2	137 2	140 2	142 2	0 0	0 0	0 0	0 0	0 0	0 0	0 0	0 0	0 0	0 0	0 0	0 0	0 0	0 0	0 0	0 0	0 0	0 0	0 0	
1 2	2 2	4 2	5 2	8 2	10 2	14 2	15 2	16 2	17 2	18 2	20 2	21 2	24 2	26 2	27 2	30 2	34 2	35 2	36 2	38 2	39 2	41 2	44 2	46 2	47 2	51 2	53 2	55 2	56 2	57 2	58 2	59 2	62 2	67 2	68 2	69 2	72 2	76 2	77 2	78 2	79 2	80 2	81 2	83 2	84 2	85 2	86 2	89 2	90 2	92 2	93 2	94 2	95 2	96 2	98 2	99 2	102 2	104 2	106 2	107 2	108 2	111 2	113 2	114 2	115 2	117 2	118 2	122 2	123 2	124 2	126 2	132 2	134 2	138 2	139 2	140 2	142 2	144 2	0 0	0 0	0 0	0 0	0 0	0 0	0 0	0 0	0 0	0 0	
1 2	3 2	4 2	6 2	7 2	8 2	9 2	10 2	11 2	14 2	15 2	19 2	22 2	25 2	27 2	29 2	30 2	33 2	34 2	35 2	37 2	38 2	42 2	43 2	44 2	46 2	48 2	58 2	59 2	60 2	61 2	62 2	64 2	69 2	73 2	74 2	75 2	76 2	77 2	80 2	82 2	83 2	86 2	90 2	92 2	93 2	95 2	97 2	100 2	101 2	104 2	112 2	113 2	114 2	115 2	117 2	118 2	120 2	124 2	127 2	128 2	130 2	131 2	132 2	134 2	143 2	144 2	0 0	0 0	0 0	0 0	0 0	0 0	0 0	0 0	0 0	0 0	0 0	0 0	0 0	0 0	0 0	0 0	0 0	0 0	0 0	0 0	0 0	0 0	
2 2	3 2	6 2	8 2	9 2	10 2	12 2	13 2	14 2	15 2	16 2	18 2	19 2	20 2	22 2	23 2	24 2	26 2	27 2	30 2	31 2	32 2	35 2	37 2	38 2	39 2	40 2	44 2	45 2	46 2	48 2	50 2	52 2	53 2	54 2	56 2	57 2	58 2	60 2	62 2	64 2	66 2	67 2	68 2	70 2	72 2	79 2	80 2	81 2	82 2	83 2	84 2	85 2	86 2	87 2	88 2	89 2	90 2	91 2	92 2	93 2	96 2	99 2	105 2	106 2	107 2	108 2	110 2	112 2	113 2	117 2	121 2	122 2	123 2	124 2	128 2	129 2	132 2	134 2	137 2	138 2	139 2	141 2	142 2	144 2	0 0	0 0	0 0	0 0	
1 2	4 2	5 2	6 2	8 2	11 2	13 2	17 2	18 2	19 2	20 2	23 2	24 2	25 2	26 2	28 2	32 2	33 2	34 2	35 2	36 2	37 2	40 2	44 2	47 2	50 2	53 2	54 2	55 2	56 2	58 2	61 2	63 2	64 2	66 2	68 2	73 2	76 2	77 2	79 2	80 2	88 2	92 2	94 2	96 2	98 2	106 2	107 2	108 2	111 2	112 2	113 2	116 2	118 2	123 2	124 2	125 2	130 2	133 2	135 2	136 2	139 2	140 2	144 2	0 0	0 0	0 0	0 0	0 0	0 0	0 0	0 0	0 0	0 0	0 0	0 0	0 0	0 0	0 0	0 0	0 0	0 0	0 0	0 0	0 0	0 0	0 0	0 0	0 0	
1 2	3 2	4 2	5 2	7 2	8 2	10 2	12 2	14 2	17 2	18 2	20 2	21 2	24 2	25 2	30 2	31 2	34 2	35 2	37 2	38 2	40 2	41 2	42 2	47 2	48 2	49 2	53 2	55 2	56 2	57 2	66 2	68 2	69 2	70 2	71 2	73 2	74 2	76 2	78 2	80 2	82 2	83 2	84 2	85 2	86 2	87 2	88 2	89 2	90 2	91 2	93 2	94 2	95 2	97 2	98 2	99 2	100 2	101 2	102 2	106 2	107 2	108 2	110 2	112 2	113 2	114 2	115 2	116 2	117 2	119 2	120 2	123 2	124 2	126 2	127 2	128 2	130 2	136 2	139 2	140 2	141 2	142 2	144 2	0 0	0 0	0 0	0 0	0 0	
3 2	5 2	6 2	11 2	13 2	14 2	15 2	16 2	17 2	18 2	20 2	22 2	26 2	27 2	28 2	30 2	33 2	34 2	36 2	37 2	39 2	40 2	41 2	42 2	44 2	51 2	52 2	54 2	56 2	58 2	60 2	62 2	63 2	64 2	65 2	69 2	70 2	71 2	73 2	74 2	75 2	76 2	79 2	80 2	86 2	87 2	89 2	90 2	93 2	94 2	95 2	96 2	97 2	98 2	99 2	100 2	101 2	106 2	109 2	111 2	116 2	118 2	119 2	122 2	125 2	126 2	127 2	128 2	130 2	131 2	132 2	134 2	137 2	138 2	139 2	141 2	142 2	143 2	0 0	0 0	0 0	0 0	0 0	0 0	0 0	0 0	0 0	0 0	0 0	
2 2	4 2	8 2	9 2	10 2	13 2	15 2	16 2	17 2	18 2	19 2	20 2	24 2	25 2	30 2	31 2	33 2	34 2	35 2	39 2	40 2	42 2	43 2	45 2	47 2	52 2	53 2	54 2	55 2	58 2	62 2	63 2	64 2	66 2	67 2	69 2	70 2	72 2	73 2	75 2	81 2	84 2	85 2	87 2	88 2	89 2	91 2	92 2	94 2	99 2	101 2	103 2	104 2	105 2	107 2	109 2	110 2	113 2	114 2	115 2	120 2	121 2	123 2	126 2	127 2	128 2	129 2	130 2	132 2	134 2	136 2	137 2	138 2	141 2	0 0	0 0	0 0	0 0	0 0	0 0	0 0	0 0	0 0	0 0	0 0	0 0	0 0	0 0	0 0	
3 2	4 2	9 2	10 2	12 2	13 2	19 2	25 2	26 2	29 2	30 2	31 2	32 2	33 2	38 2	40 2	44 2	45 2	46 2	47 2	51 2	52 2	53 2	54 2	57 2	58 2	59 2	60 2	61 2	64 2	66 2	67 2	68 2	69 2	71 2	72 2	78 2	79 2	81 2	84 2	85 2	86 2	87 2	88 2	89 2	91 2	92 2	94 2	96 2	99 2	100 2	104 2	107 2	108 2	110 2	111 2	112 2	116 2	119 2	121 2	122 2	123 2	124 2	128 2	129 2	133 2	135 2	138 2	139 2	144 2	0 0	0 0	0 0	0 0	0 0	0 0	0 0	0 0	0 0	0 0	0 0	0 0	0 0	0 0	0 0	0 0	0 0	0 0	0 0	
1 2	2 2	3 2	4 2	5 2	7 2	10 2	12 2	13 2	14 2	17 2	18 2	22 2	23 2	24 2	25 2	27 2	28 2	29 2	30 2	31 2	32 2	34 2	35 2	36 2	37 2	39 2	42 2	43 2	44 2	46 2	48 2	51 2	52 2	53 2	55 2	56 2	57 2	58 2	59 2	60 2	61 2	63 2	64 2	66 2	67 2	68 2	69 2	78 2	80 2	81 2	82 2	84 2	87 2	88 2	89 2	90 2	91 2	92 2	95 2	96 2	98 2	101 2	103 2	106 2	109 2	110 2	111 2	114 2	115 2	120 2	122 2	124 2	127 2	128 2	131 2	133 2	138 2	142 2	143 2	0 0	0 0	0 0	0 0	0 0	0 0	0 0	0 0	0 0	
2 2	3 2	5 2	7 2	8 2	9 2	10 2	11 2	14 2	15 2	16 2	17 2	19 2	20 2	21 2	22 2	25 2	26 2	30 2	31 2	32 2	35 2	41 2	42 2	43 2	47 2	49 2	50 2	51 2	53 2	54 2	58 2	59 2	60 2	61 2	65 2	70 2	71 2	75 2	76 2	78 2	79 2	81 2	82 2	85 2	86 2	87 2	88 2	89 2	92 2	93 2	94 2	95 2	96 2	99 2	101 2	102 2	103 2	104 2	107 2	116 2	118 2	120 2	122 2	123 2	125 2	128 2	135 2	139 2	141 2	142 2	144 2	0 0	0 0	0 0	0 0	0 0	0 0	0 0	0 0	0 0	0 0	0 0	0 0	0 0	0 0	0 0	0 0	0 0	
2 2	7 2	8 2	12 2	13 2	17 2	19 2	25 2	26 2	28 2	30 2	31 2	34 2	36 2	38 2	42 2	44 2	49 2	52 2	53 2	54 2	55 2	56 2	57 2	61 2	62 2	64 2	65 2	66 2	70 2	73 2	74 2	75 2	76 2	79 2	80 2	81 2	82 2	83 2	84 2	85 2	86 2	88 2	89 2	91 2	92 2	93 2	95 2	102 2	103 2	104 2	105 2	108 2	112 2	114 2	115 2	117 2	119 2	121 2	122 2	125 2	129 2	133 2	138 2	140 2	141 2	142 2	144 2	0 0	0 0	0 0	0 0	0 0	0 0	0 0	0 0	0 0	0 0	0 0	0 0	0 0	0 0	0 0	0 0	0 0	0 0	0 0	0 0	0 0	
1 2	4 2	5 2	9 2	10 2	12 2	14 2	16 2	17 2	18 2	20 2	22 2	23 2	24 2	26 2	28 2	31 2	32 2	34 2	36 2	37 2	40 2	41 2	43 2	44 2	45 2	46 2	49 2	50 2	52 2	54 2	55 2	56 2	58 2	60 2	64 2	66 2	67 2	71 2	72 2	78 2	80 2	81 2	82 2	83 2	84 2	87 2	88 2	91 2	92 2	94 2	97 2	99 2	101 2	109 2	110 2	113 2	114 2	116 2	118 2	121 2	122 2	123 2	124 2	126 2	127 2	128 2	130 2	133 2	135 2	138 2	143 2	0 0	0 0	0 0	0 0	0 0	0 0	0 0	0 0	0 0	0 0	0 0	0 0	0 0	0 0	0 0	0 0	0 0	
2 2	3 2	4 2	6 2	7 2	12 2	13 2	18 2	19 2	20 2	24 2	26 2	29 2	31 2	34 2	35 2	38 2	39 2	41 2	44 2	45 2	46 2	47 2	48 2	49 2	50 2	52 2	53 2	58 2	59 2	62 2	65 2	66 2	69 2	73 2	77 2	81 2	84 2	89 2	94 2	96 2	101 2	103 2	104 2	106 2	107 2	108 2	109 2	111 2	112 2	114 2	115 2	116 2	117 2	121 2	123 2	124 2	125 2	126 2	129 2	131 2	133 2	134 2	135 2	136 2	138 2	140 2	141 2	142 2	144 2	0 0	0 0	0 0	0 0	0 0	0 0	0 0	0 0	0 0	0 0	0 0	0 0	0 0	0 0	0 0	0 0	0 0	0 0	0 0	
2 2	10 2	11 2	12 2	15 2	16 2	17 2	18 2	19 2	21 2	23 2	25 2	26 2	27 2	28 2	29 2	30 2	31 2	32 2	33 2	34 2	36 2	37 2	38 2	41 2	42 2	45 2	46 2	49 2	51 2	52 2	53 2	54 2	55 2	56 2	57 2	64 2	66 2	68 2	70 2	73 2	75 2	76 2	77 2	80 2	85 2	86 2	87 2	89 2	90 2	91 2	92 2	93 2	94 2	96 2	97 2	98 2	99 2	102 2	105 2	110 2	111 2	112 2	113 2	122 2	123 2	125 2	135 2	136 2	139 2	143 2	0 0	0 0	0 0	0 0	0 0	0 0	0 0	0 0	0 0	0 0	0 0	0 0	0 0	0 0	0 0	0 0	0 0	0 0	
2 2	3 2	4 2	6 2	7 2	10 2	12 2	14 2	16 2	18 2	19 2	21 2	22 2	23 2	30 2	31 2	33 2	44 2	47 2	48 2	49 2	50 2	52 2	53 2	55 2	56 2	57 2	59 2	60 2	61 2	62 2	64 2	67 2	68 2	69 2	71 2	73 2	74 2	77 2	78 2	79 2	80 2	81 2	83 2	84 2	85 2	88 2	89 2	90 2	92 2	94 2	96 2	98 2	99 2	100 2	101 2	102 2	103 2	106 2	107 2	114 2	115 2	116 2	119 2	123 2	125 2	127 2	133 2	134 2	135 2	136 2	137 2	141 2	143 2	144 2	0 0	0 0	0 0	0 0	0 0	0 0	0 0	0 0	0 0	0 0	0 0	0 0	0 0	0 0	
2 2	5 2	7 2	8 2	10 2	11 2	12 2	13 2	14 2	15 2	17 2	18 2	19 2	20 2	21 2	22 2	23 2	25 2	26 2	27 2	31 2	32 2	35 2	37 2	39 2	44 2	46 2	48 2	49 2	50 2	52 2	53 2	57 2	60 2	62 2	67 2	71 2	72 2	73 2	74 2	78 2	79 2	81 2	82 2	83 2	91 2	92 2	93 2	96 2	97 2	99 2	100 2	102 2	103 2	107 2	108 2	109 2	115 2	117 2	119 2	124 2	125 2	126 2	127 2	128 2	135 2	136 2	137 2	0 0	0 0	0 0	0 0	0 0	0 0	0 0	0 0	0 0	0 0	0 0	0 0	0 0	0 0	0 0	0 0	0 0	0 0	0 0	0 0	0 0	
1 2	2 2	3 2	4 2	6 2	8 2	10 2	11 2	14 2	16 2	17 2	18 2	19 2	20 2	22 2	23 2	24 2	27 2	28 2	29 2	31 2	32 2	33 2	37 2	39 2	40 2	42 2	43 2	46 2	48 2	50 2	51 2	53 2	56 2	60 2	61 2	62 2	63 2	65 2	70 2	80 2	81 2	84 2	86 2	87 2	88 2	90 2	91 2	92 2	97 2	98 2	99 2	101 2	102 2	107 2	109 2	112 2	114 2	115 2	117 2	118 2	120 2	121 2	123 2	124 2	125 2	127 2	128 2	129 2	133 2	134 2	136 2	137 2	138 2	140 2	141 2	143 2	144 2	0 0	0 0	0 0	0 0	0 0	0 0	0 0	0 0	0 0	0 0	0 0	
3 2	5 2	7 2	8 2	10 2	13 2	14 2	15 2	19 2	20 2	21 2	22 2	23 2	24 2	28 2	30 2	32 2	33 2	34 2	35 2	36 2	37 2	39 2	41 2	42 2	43 2	44 2	46 2	47 2	48 2	49 2	51 2	54 2	57 2	61 2	64 2	66 2	68 2	69 2	70 2	74 2	75 2	76 2	81 2	83 2	90 2	91 2	93 2	95 2	97 2	100 2	102 2	106 2	108 2	109 2	110 2	111 2	120 2	123 2	124 2	126 2	129 2	130 2	131 2	132 2	134 2	136 2	140 2	142 2	144 2	0 0	0 0	0 0	0 0	0 0	0 0	0 0	0 0	0 0	0 0	0 0	0 0	0 0	0 0	0 0	0 0	0 0	0 0	0 0	
1 2	2 2	4 2	6 2	7 2	8 2	9 2	10 2	16 2	17 2	18 2	19 2	23 2	25 2	26 2	31 2	33 2	37 2	39 2	42 2	47 2	48 2	49 2	53 2	54 2	55 2	58 2	59 2	62 2	63 2	65 2	72 2	73 2	75 2	79 2	81 2	82 2	84 2	85 2	89 2	90 2	92 2	93 2	96 2	97 2	98 2	99 2	106 2	107 2	114 2	116 2	118 2	123 2	127 2	131 2	132 2	133 2	134 2	135 2	136 2	138 2	143 2	0 0	0 0	0 0	0 0	0 0	0 0	0 0	0 0	0 0	0 0	0 0	0 0	0 0	0 0	0 0	0 0	0 0	0 0	0 0	0 0	0 0	0 0	0 0	0 0	0 0	0 0	0 0	
1 2	5 2	7 2	9 2	13 2	17 2	18 2	22 2	23 2	24 2	26 2	29 2	30 2	31 2	35 2	36 2	37 2	38 2	39 2	42 2	43 2	44 2	45 2	47 2	51 2	52 2	53 2	54 2	55 2	56 2	57 2	58 2	61 2	62 2	63 2	67 2	70 2	72 2	74 2	78 2	81 2	83 2	85 2	86 2	89 2	92 2	93 2	94 2	96 2	100 2	106 2	107 2	111 2	112 2	117 2	119 2	121 2	126 2	128 2	131 2	132 2	133 2	135 2	137 2	138 2	139 2	142 2	144 2	0 0	0 0	0 0	0 0	0 0	0 0	0 0	0 0	0 0	0 0	0 0	0 0	0 0	0 0	0 0	0 0	0 0	0 0	0 0	0 0	0 0	
1 2	2 2	3 2	6 2	8 2	9 2	10 2	12 2	14 2	16 2	18 2	23 2	24 2	25 2	26 2	27 2	28 2	29 2	33 2	36 2	37 2	38 2	40 2	43 2	45 2	48 2	50 2	51 2	52 2	57 2	61 2	62 2	63 2	64 2	65 2	66 2	67 2	69 2	73 2	77 2	81 2	84 2	86 2	87 2	88 2	89 2	90 2	92 2	93 2	94 2	95 2	97 2	98 2	99 2	101 2	102 2	103 2	105 2	106 2	107 2	109 2	112 2	113 2	114 2	116 2	119 2	123 2	126 2	127 2	128 2	129 2	130 2	132 2	133 2	134 2	136 2	139 2	141 2	142 2	143 2	0 0	0 0	0 0	0 0	0 0	0 0	0 0	0 0	0 0	
